time_idx,stock_idx,prediction,actual,error_pct,fi_RV Lag 1,fi_RV Lag 2,fi_RV Lag 3,fi_Neighbor Mean RV,fi_Bid-Ask Spread,fi_Order Imbalance,fi_Price Volatility,fi_Order Flow,nbr1_stock,nbr1_weight,nbr2_stock,nbr2_weight,nbr3_stock,nbr3_weight
0,0,0.0016334623796865344,0.004063776228576899,-59.80432268391511,0.5066646337509155,0.5258936285972595,0.47528719902038574,0.4365823268890381,0.5074094533920288,0.5545984506607056,0.5114489197731018,0.4464741349220276,Stock 27,0.251858115196228,Stock 55,0.16468289494514465,Stock 46,0.33420243859291077
0,1,-0.01862185448408127,0.005315924528986216,-450.3032140983496,0.5649515986442566,0.5792184472084045,0.5264772772789001,0.4488639235496521,0.5190531015396118,0.6156004071235657,0.5464884638786316,0.46740201115608215,Stock 41,0.16901488602161407,Stock 79,0.14537693560123444,Stock 45,0.3340078294277191
0,2,0.00850101187825203,0.0010802869219332933,686.921669202338,0.39506903290748596,0.4622230529785156,0.39403411746025085,0.4726286232471466,0.46307888627052307,0.49646416306495667,0.46084222197532654,0.4389747083187103,Stock 51,0.3333597183227539,Stock 38,0.19936619699001312,Stock 72,0.16481299698352814
0,3,-0.008738932199776173,0.006362457759678364,-237.3515161885797,0.47735217213630676,0.46641552448272705,0.41120100021362305,0.41600820422172546,0.4776545763015747,0.5755699872970581,0.511825680732727,0.4352324604988098,Stock 66,0.33593764901161194,Stock 76,0.20145361125469208,Stock 93,0.12504155933856964
0,4,-0.00710696866735816,0.0044696154072880745,-259.00626831940986,0.5373600721359253,0.5242416858673096,0.5047997832298279,0.4204319417476654,0.5013151168823242,0.5646399259567261,0.5098779201507568,0.42478927969932556,Stock 81,0.25198036432266235,Stock 5,0.16792982816696167,Stock 32,0.2515362501144409
0,5,-0.00545690068975091,0.0032622693106532097,-267.27315160434335,0.3555545210838318,0.3745664656162262,0.2527306377887726,0.4391799867153168,0.403604656457901,0.6067324280738831,0.5057986378669739,0.468989759683609,Stock 81,0.24907249212265015,Stock 4,0.24863365292549133,Stock 32,0.2486335039138794
0,6,-0.0028921759221702814,0.007860153913497925,-136.795410802372,0.5080496072769165,0.5157743692398071,0.4351952075958252,0.3993579149246216,0.5049980878829956,0.5246598124504089,0.5066803097724915,0.45556584000587463,Stock 24,0.24967420101165771,Stock 43,0.25088754296302795,Stock 19,0.14271368086338043
0,7,0.007439571898430586,0.0020820891950279474,257.3128334845773,0.4507119655609131,0.4648118317127228,0.40242651104927063,0.42187950015068054,0.49192187190055847,0.5327537059783936,0.49784377217292786,0.43793198466300964,Stock 39,0.19923153519630432,Stock 19,0.1422695815563202,Stock 27,0.25013670325279236
0,8,-0.0272330604493618,0.005072207190096378,-636.9074927091915,0.5213267207145691,0.4891463816165924,0.45443257689476013,0.3793599009513855,0.5439931154251099,0.5479803681373596,0.5301579236984253,0.4283943474292755,Stock 11,0.25167933106422424,Stock 74,0.20127883553504944,Stock 69,0.25167933106422424
0,9,-0.014312542043626308,0.0033897741232067347,-522.2270134650332,0.5000936388969421,0.4920992851257324,0.4552563428878784,0.4086989462375641,0.49058854579925537,0.530778169631958,0.4931110441684723,0.4236212968826294,Stock 93,0.12385623157024384,Stock 76,0.19954393804073334,Stock 55,0.16429319977760315
0,10,0.058409322053194046,0.005208784714341164,1021.3618004287586,0.3854823708534241,0.43976321816444397,0.3861512541770935,0.47960665822029114,0.41892579197883606,0.5084454417228699,0.4422996938228607,0.42138296365737915,Stock 21,0.1647089123725891,Stock 36,0.4984379708766937,Stock 56,0.14118975400924683
0,11,-0.018902277573943138,0.005830411799252033,-424.20141535059423,0.35793012380599976,0.469808965921402,0.371302992105484,0.5283876061439514,0.4219672977924347,0.522024393081665,0.452517569065094,0.4630797505378723,Stock 74,0.1995736062526703,Stock 69,0.2495470941066742,Stock 13,0.16670463979244232
0,12,-0.016049277037382126,0.0019610323943197727,-918.409582823295,0.5523080825805664,0.5309650301933289,0.481068879365921,0.4223226308822632,0.4436784088611603,0.6037795543670654,0.5083991885185242,0.4405684471130371,Stock 14,0.25215616822242737,Stock 34,0.2518724799156189,Stock 73,0.3343626856803894
0,13,-0.016359472647309303,0.004084383137524128,-500.53717039939824,0.45623284578323364,0.49800243973731995,0.4412536025047302,0.43671518564224243,0.45289507508277893,0.4618906080722809,0.44202372431755066,0.42706990242004395,Stock 45,0.3319980502128601,Stock 14,0.25106480717658997,Stock 38,0.20259135961532593
0,14,-0.011544980108737946,0.0018966530915349722,-708.7027807175074,0.5205131769180298,0.5026106834411621,0.4594257175922394,0.41234612464904785,0.48440229892730713,0.5768353343009949,0.5137731432914734,0.43390849232673645,Stock 13,0.16555450856685638,Stock 12,0.24839499592781067,Stock 17,0.33356744050979614
0,15,-0.006043188739567995,0.0032017575576901436,-288.7459818765215,0.4182557761669159,0.4494571089744568,0.4611823558807373,0.47650858759880066,0.5119792819023132,0.5376516580581665,0.48733747005462646,0.39889755845069885,Stock 35,0.16419510543346405,Stock 91,0.20100480318069458,Stock 80,0.12397004663944244
0,16,-0.00010519789066165686,0.0012789580505341291,-108.22528077584117,0.4566311240196228,0.49324020743370056,0.429867148399353,0.481428861618042,0.3956764340400696,0.5753129124641418,0.46550267934799194,0.43928658962249756,Stock 40,0.1665031611919403,Stock 53,0.1429903209209442,Stock 92,0.14281326532363892
0,17,-0.006674462463706732,0.0019393075490370393,-444.16730172689364,0.4774925410747528,0.4909478425979614,0.44862645864486694,0.42343491315841675,0.5103221535682678,0.5239319205284119,0.49785950779914856,0.431124210357666,Stock 72,0.16517356038093567,Stock 2,0.16660641133785248,Stock 14,0.24754634499549866
0,18,0.005074283108115196,0.001375337247736752,268.9482791559242,0.4749016761779785,0.46520963311195374,0.44928860664367676,0.432429701089859,0.46087536215782166,0.5552715063095093,0.4838884472846985,0.4073091745376587,Stock 61,0.24993488192558289,Stock 59,0.24993488192558289,Stock 85,0.3332180380821228
0,19,0.0021512520033866167,0.002776359673589468,-22.515370618197654,0.47032633423805237,0.4413258135318756,0.49798813462257385,0.4188157320022583,0.5485996007919312,0.5268605351448059,0.49842509627342224,0.3681079149246216,Stock 7,0.14264145493507385,Stock 39,0.19927741587162018,Stock 101,0.49615365266799927
0,20,-0.028591737151145935,0.004801223054528236,-695.5094530378017,0.45368674397468567,0.47027820348739624,0.4492990970611572,0.4587552547454834,0.46877914667129517,0.5576133728027344,0.4860408306121826,0.415907084941864,Stock 35,0.16613012552261353,Stock 80,0.12543101608753204,Stock 26,0.16865530610084534
0,21,0.0015531331300735474,0.002524871379137039,-38.48664360065804,0.5039814710617065,0.5206059813499451,0.47692185640335083,0.46572330594062805,0.4978092610836029,0.6246232390403748,0.5369588136672974,0.4512540400028229,Stock 56,0.14303578436374664,Stock 92,0.1430283933877945,Stock 10,0.33775728940963745
0,22,0.004786587320268154,0.00548102892935276,-12.669913223147516,0.37815266847610474,0.39418771862983704,0.45264649391174316,0.4767931401729584,0.5120803117752075,0.51483553647995,0.4667336642742157,0.3586285710334778,Stock 49,0.2479328066110611,Stock 26,0.1652480810880661,Stock 20,0.16271789371967316
0,23,0.008512306958436966,0.0034102890640497208,149.60661101052224,0.3435003459453583,0.3312278389930725,0.4599439203739166,0.5192772150039673,0.4447343647480011,0.580065131187439,0.4471263587474823,0.307596355676651,Stock 79,0.14217093586921692,Stock 41,0.16527628898620605,Stock 97,0.25161880254745483
0,24,-0.0010225353762507439,0.0014061735710129142,-172.71757891980414,0.5741092562675476,0.5578773617744446,0.49458402395248413,0.39089009165763855,0.5678225159645081,0.5896006226539612,0.5658501386642456,0.46787241101264954,Stock 39,0.20015041530132294,Stock 19,0.14290109276771545,Stock 7,0.14323964715003967
0,25,-0.042349718511104584,0.0026975213550031185,-1669.94933265526,0.3926697373390198,0.3954630494117737,0.4789600074291229,0.5474998950958252,0.3585273325443268,0.6276345252990723,0.4360034167766571,0.34117141366004944,Stock 82,0.3369845151901245,Stock 9,0.20563501119613647,Stock 55,0.1701994687318802
0,26,-0.006272863131016493,0.0034334631636738777,-282.6978427316051,0.45137661695480347,0.5584394335746765,0.382315456867218,0.5905475616455078,0.18428067862987518,0.6625723242759705,0.3962593078613281,0.5038908123970032,Stock 20,0.16440369188785553,Stock 49,0.25046294927597046,Stock 87,0.20078490674495697
0,27,0.016009947285056114,0.0019171193707734346,735.1043513058412,0.5649996995925903,0.6415718197822571,0.6035687327384949,0.4496318995952606,0.7082712054252625,0.51779705286026,0.5883721709251404,0.49134790897369385,Stock 7,0.14226527512073517,Stock 0,0.24870213866233826,Stock 86,0.5010680556297302
0,28,-0.010350843891501427,0.002246738411486149,-560.7053424014174,0.39699476957321167,0.35688626766204834,0.546249508857727,0.521757185459137,0.39153867959976196,0.5720729827880859,0.4072476029396057,0.2733025550842285,Stock 67,0.20102256536483765,Stock 33,0.1679736077785492,Stock 37,0.16797375679016113
0,29,0.051890771836042404,0.0031024827621877193,1572.5563303195138,0.4929572343826294,0.45648467540740967,0.4604435861110687,0.3970772624015808,0.484724760055542,0.5252693891525269,0.48135024309158325,0.38983353972435,Stock 79,0.14147301018238068,Stock 41,0.16446493566036224,Stock 97,0.250383585691452
0,30,-0.006454220972955227,0.006362639833241701,-201.4393575954914,0.42298781871795654,0.4385415017604828,0.36945971846580505,0.4303227663040161,0.46404343843460083,0.5440993905067444,0.4907821714878082,0.4366499185562134,Stock 90,0.3332274854183197,Stock 48,0.4997534155845642,Stock 5,0.16670046746730804
0,31,-0.023538852110505104,0.0018375648651272058,-1380.9807456171416,0.4908422529697418,0.4987548589706421,0.46680140495300293,0.4328182339668274,0.5018496513366699,0.5488662123680115,0.5028795599937439,0.42835742235183716,Stock 72,0.16803643107414246,Stock 82,0.3295195400714874,Stock 74,0.20025674998760223
0,32,-0.007106967736035585,0.004512405954301357,-257.4984123328048,0.6628447771072388,0.5955676436424255,0.5458099246025085,0.3393288552761078,0.5636875629425049,0.594571590423584,0.5716937780380249,0.45926523208618164,Stock 75,0.252351850271225,Stock 4,0.2514912784099579,Stock 77,0.25235065817832947
0,33,-0.013411753810942173,0.0012369154719635844,-1184.2902457717032,0.463299423456192,0.5377615094184875,0.3939136862754822,0.4508342146873474,0.4561116397380829,0.5226007699966431,0.48820990324020386,0.49865689873695374,Stock 67,0.19892597198486328,Stock 37,0.16622184216976166,Stock 83,0.20067402720451355
0,34,-0.010230831801891327,0.00225954782217741,-552.7822647290731,0.4961857795715332,0.4791956841945648,0.4929552674293518,0.406135618686676,0.6093628406524658,0.5485131740570068,0.5480928421020508,0.41056346893310547,Stock 73,0.33142656087875366,Stock 47,0.3359668552875519,Stock 12,0.24910186231136322
0,35,-0.028887106105685234,0.0009559648460708559,-3121.774934969118,0.4448878765106201,0.5600783824920654,0.3677714169025421,0.5194033980369568,0.32607248425483704,0.5750877261161804,0.45087215304374695,0.5266448855400085,Stock 15,0.2515733540058136,Stock 80,0.12444736808538437,Stock 42,0.5022442936897278
0,36,0.02658490650355816,0.0036760508082807064,623.1920310696672,0.4675973653793335,0.46477630734443665,0.40868842601776123,0.4408116042613983,0.42236965894699097,0.5893645882606506,0.48954156041145325,0.4314405024051666,Stock 56,0.14207470417022705,Stock 21,0.1657412350177765,Stock 100,0.24878214299678802
0,37,-0.013411769643425941,0.0015086883213371038,-988.9688780476212,0.4785825312137604,0.4592641294002533,0.3320465087890625,0.37888815999031067,0.424142062664032,0.5698626041412354,0.5042210221290588,0.4693537652492523,Stock 33,0.16629250347614288,Stock 83,0.20075951516628265,Stock 67,0.1990106999874115
0,38,0.009137019515037537,0.002580854343250394,254.0308091750014,0.3652075529098511,0.43270349502563477,0.3659009039402008,0.4469187557697296,0.4206199049949646,0.39630991220474243,0.3960935175418854,0.4131803810596466,Stock 51,0.33321496844291687,Stock 47,0.3319518268108368,Stock 2,0.16617053747177124
0,39,-0.002249738434329629,0.0025441215839236975,-188.42888832616038,0.32186660170555115,0.3206075429916382,0.5009263753890991,0.5421594977378845,0.39730918407440186,0.5072030425071716,0.37750276923179626,0.2674364745616913,Stock 7,0.14435426890850067,Stock 19,0.14401306211948395,Stock 24,0.2519474923610687
0,40,-0.005225406028330326,0.0015347502194344997,-440.4727337491895,0.5282437801361084,0.5341998934745789,0.4966042935848236,0.41040125489234924,0.46447139978408813,0.48339998722076416,0.45794323086738586,0.4218655824661255,Stock 16,0.25057709217071533,Stock 56,0.14279954135417938,Stock 78,0.5012655854225159
0,41,0.0009291884489357471,0.002470498438924551,-62.38862432391423,0.4010259509086609,0.4197365641593933,0.30140841007232666,0.3895607888698578,0.5546063780784607,0.5431200265884399,0.5490081906318665,0.47895973920822144,Stock 79,0.143266499042511,Stock 1,0.33009621500968933,Stock 23,0.25135019421577454
0,42,-0.008954096585512161,0.0022045099176466465,-506.17175336053003,0.5118979215621948,0.4866708517074585,0.4216630756855011,0.37695643305778503,0.5177733898162842,0.5460859537124634,0.5233194828033447,0.4427393078804016,Stock 35,0.16335423290729523,Stock 15,0.2493250072002411,Stock 91,0.1999754011631012
0,43,0.01129889115691185,0.004895302467048168,130.81088927534643,0.3911343216896057,0.42631712555885315,0.3603982627391815,0.44190022349357605,0.47978726029396057,0.5167399048805237,0.4824867844581604,0.43378540873527527,Stock 89,0.19952146708965302,Stock 70,0.49996858835220337,Stock 24,0.24837622046470642
0,44,0.010143483988940716,0.005489453673362732,84.7813023390908,0.5475797057151794,0.5545783042907715,0.49749019742012024,0.46247467398643494,0.43457770347595215,0.6312032341957092,0.5141980648040771,0.45570090413093567,Stock 26,0.16482573747634888,Stock 58,0.24947071075439453,Stock 87,0.19822993874549866
0,45,-0.022139187902212143,0.0024442272260785103,-1005.774539535426,0.5715562105178833,0.5380206108093262,0.4738979637622833,0.3972373902797699,0.5896161198616028,0.6665112376213074,0.6140379905700684,0.4785335063934326,Stock 13,0.16777421534061432,Stock 41,0.16900792717933655,Stock 1,0.33494502305984497
0,46,-0.004509670659899712,0.003157625440508127,-242.81841671423865,0.4406581223011017,0.4594273567199707,0.3497012257575989,0.40640008449554443,0.5065894722938538,0.549656093120575,0.5249080657958984,0.4714219868183136,Stock 7,0.14323200285434723,Stock 94,0.5006340742111206,Stock 0,0.2504233121871948
0,47,0.00731717050075531,0.00266231968998909,174.84191805625323,0.39693698287010193,0.4522961378097534,0.3113962709903717,0.4587661623954773,0.4358653128147125,0.5856816172599792,0.5095008611679077,0.49250006675720215,Stock 38,0.19935740530490875,Stock 34,0.24670876562595367,Stock 2,0.16623537242412567
0,48,-0.006673135794699192,0.003098098561167717,-315.39456098465746,0.49451014399528503,0.496659517288208,0.4288029074668884,0.4696805775165558,0.3549133241176605,0.6296421885490417,0.4755898714065552,0.44057464599609375,Stock 30,0.33355632424354553,Stock 90,0.33355632424354553,Stock 5,0.16686496138572693
0,49,-0.00838074367493391,0.020742541179060936,-140.40364969068523,0.4711337387561798,0.44682925939559937,0.32348212599754333,0.415327787399292,0.3678218424320221,0.6470231413841248,0.5107551217079163,0.4696550667285919,Stock 87,0.20026783645153046,Stock 20,0.16398030519485474,Stock 26,0.1665096879005432
0,50,-0.015341328456997871,0.002835942432284355,-640.9605033710227,0.5188860893249512,0.5392948985099792,0.4736974239349365,0.38339173793792725,0.6019569039344788,0.4759598672389984,0.5278763175010681,0.45801955461502075,Stock 99,0.49998703598976135,Stock 21,0.167995423078537,Stock 56,0.14400514960289001
0,51,0.015865935012698174,0.0018452162621542811,759.8414905673317,0.5388486385345459,0.5398932695388794,0.44797825813293457,0.4676523804664612,0.4203810393810272,0.6932576894760132,0.5472620129585266,0.48155415058135986,Stock 2,0.16627541184425354,Stock 38,0.19940538704395294,Stock 72,0.16484539210796356
0,52,-0.013628888875246048,0.00370538211427629,-467.8133173562843,0.49432608485221863,0.48186540603637695,0.40817710757255554,0.4099866449832916,0.4239368140697479,0.5603051781654358,0.48357462882995605,0.43847113847732544,Stock 64,0.24964651465415955,Stock 98,0.250214159488678,Stock 79,0.14322400093078613
0,53,-0.003650881815701723,0.001950069679878652,-287.2180185853107,0.4617803692817688,0.4856283366680145,0.4478079080581665,0.4317381680011749,0.5761703252792358,0.5443103313446045,0.5365298390388489,0.44114357233047485,Stock 92,0.14222677052021027,Stock 57,0.16591767966747284,Stock 84,0.1661803126335144
0,54,-0.0045794472098350525,0.001871892949566245,-344.6425801697796,0.5333873629570007,0.5310240387916565,0.506131112575531,0.4624994695186615,0.44845154881477356,0.6235261559486389,0.5103752613067627,0.43285050988197327,Stock 84,0.16614122688770294,Stock 16,0.2495277225971222,Stock 53,0.1423775851726532
0,55,-0.022754404693841934,0.0015332875773310661,-1584.0271994800637,0.5011046528816223,0.49049967527389526,0.434211403131485,0.40611910820007324,0.49226176738739014,0.5581339597702026,0.5115272998809814,0.43862184882164,Stock 62,0.20018188655376434,Stock 60,0.33263659477233887,Stock 93,0.12558962404727936
0,56,0.0006409162888303399,0.0023777312599122524,-73.04504930241814,0.5415379405021667,0.5537799000740051,0.4700595736503601,0.37689781188964844,0.5366883277893066,0.4715813994407654,0.4994049072265625,0.4600642919540405,Stock 21,0.16668576002120972,Stock 40,0.16657525300979614,Stock 92,0.14287510514259338
0,57,-0.004955159034579992,0.0033270062413066626,-248.93747336746452,0.4563693404197693,0.4833497703075409,0.37395232915878296,0.4021790027618408,0.5829659104347229,0.5541396141052246,0.5628105998039246,0.4862993359565735,Stock 53,0.1433340460062027,Stock 92,0.14315658807754517,Stock 84,0.16726069152355194
0,58,0.007754202000796795,0.00366800045594573,111.40133688444453,0.3993989825248718,0.4606509804725647,0.38637039065361023,0.4617525041103363,0.4805822968482971,0.5035759210586548,0.47514569759368896,0.44496044516563416,Stock 77,0.24892911314964294,Stock 75,0.24892792105674744,Stock 44,0.3333291709423065
0,59,0.00507428590208292,0.004074765369296074,24.52952359707317,0.46225112676620483,0.4614023268222809,0.36910146474838257,0.380814790725708,0.5186659693717957,0.5198765993118286,0.5159220099449158,0.4550473690032959,Stock 18,0.2499353140592575,Stock 85,0.33321863412857056,Stock 61,0.2499353140592575
0,60,-0.02472744695842266,0.002474093111231923,-1099.454985997279,0.567773163318634,0.5317426323890686,0.40393224358558655,0.3690975308418274,0.43963584303855896,0.6016794443130493,0.5283297300338745,0.48307549953460693,Stock 62,0.20157980918884277,Stock 55,0.1677558869123459,Stock 93,0.12646664679050446
0,61,0.00507428590208292,0.0017482605762779713,190.24768795542036,0.44089049100875854,0.4440836012363434,0.3235712945461273,0.35441523790359497,0.510985791683197,0.4683760106563568,0.497341126203537,0.4625625014305115,Stock 18,0.24993593990802765,Stock 83,0.19874824583530426,Stock 59,0.24993593990802765
0,62,-0.02099512331187725,0.0079268179833889,-364.861932693216,0.5337588787078857,0.5096138119697571,0.4556224048137665,0.41468122601509094,0.5647975206375122,0.6566833853721619,0.5932739973068237,0.4643551707267761,Stock 55,0.16647601127624512,Stock 60,0.3324039578437805,Stock 93,0.12550179660320282
0,63,0.13800454139709473,0.004585047718137503,2909.8823366914426,0.04633384197950363,0.28961876034736633,0.10987810790538788,0.8221973776817322,0.220929354429245,0.3240511119365692,0.2538745701313019,0.538795530796051,Stock 97,0.24672561883926392,Stock 10,0.32867875695228577,Stock 29,0.24657610058784485
0,64,-0.00707624014467001,0.002871178090572357,-346.4577229780752,0.4636322557926178,0.4442213773727417,0.36249974370002747,0.3636150658130646,0.5821769833564758,0.5473275184631348,0.5594072937965393,0.4567600190639496,Stock 98,0.2515599727630615,Stock 52,0.3331022560596466,Stock 84,0.16789789497852325
0,65,-0.013406171463429928,0.004233923740684986,-416.6370554718826,0.5349635481834412,0.503749668598175,0.384577214717865,0.3338356018066406,0.5424251556396484,0.5262688398361206,0.5422378778457642,0.47677597403526306,Stock 64,0.2511219382286072,Stock 57,0.16773098707199097,Stock 54,0.335586816072464
0,66,-0.0069891419261693954,0.0034607795532792807,-301.952820703266,0.5439735054969788,0.49710676074028015,0.43401601910591125,0.35590842366218567,0.47696349024772644,0.5274989008903503,0.49803778529167175,0.4317666292190552,Stock 3,0.4967983663082123,Stock 76,0.1988901048898697,Stock 9,0.19784867763519287
0,67,-0.01746923103928566,0.0022876153234392405,-863.6437324183559,0.43594250082969666,0.38583433628082275,0.5566234588623047,0.3928088843822479,0.6727714538574219,0.4363194406032562,0.49600857496261597,0.30072885751724243,Stock 33,0.1683616191148758,Stock 28,0.3363467752933502,Stock 37,0.16836176812648773
0,68,-0.0038068057037889957,0.003124416107311845,-221.8405478988603,0.3424437940120697,0.4540367126464844,0.5393354296684265,0.5645613074302673,0.6738700270652771,0.5099870562553406,0.5258622765541077,0.38806650042533875,Stock 83,0.20103098452091217,Stock 37,0.16651751101016998,Stock 33,0.16651736199855804
0,69,-0.01890227198600769,0.006748361047357321,-380.10166992191205,0.4456663727760315,0.5372858047485352,0.4653307795524597,0.4919331967830658,0.38798025250434875,0.4456288814544678,0.39959725737571716,0.4371580183506012,Stock 74,0.1995006799697876,Stock 11,0.24945591390132904,Stock 13,0.16664372384548187
0,70,0.017343297600746155,0.003494660835713148,396.2798513523543,0.5150813460350037,0.5743117332458496,0.724276602268219,0.4944743514060974,0.651715099811554,0.38783717155456543,0.4485040605068207,0.33439236879348755,Stock 89,0.19954653084278107,Stock 43,0.24966806173324585,Stock 80,0.12266188114881516
0,71,-0.10730230808258057,0.005155461374670267,-2181.3327903061518,0.6457436680793762,0.5217519402503967,0.7110365033149719,0.4267979562282562,0.5474939346313477,0.6604295372962952,0.5370055437088013,0.3112272024154663,Stock 35,0.1775718778371811,Stock 80,0.1340697556734085,Stock 20,0.17753253877162933
0,72,-0.006734346505254507,0.001718717161566019,-491.82401013081574,0.33843716979026794,0.43642091751098633,0.4313720762729645,0.5687873363494873,0.41091638803482056,0.5330687761306763,0.4287104308605194,0.40185803174972534,Stock 2,0.16846956312656403,Stock 17,0.3350909352302551,Stock 31,0.3307165205478668
0,73,-0.018706349655985832,0.003199961967766285,-684.580374530004,0.495684415102005,0.553886353969574,0.4862726628780365,0.4671477675437927,0.5284327864646912,0.554492175579071,0.5202894806861877,0.46902701258659363,Stock 34,0.25175800919532776,Stock 12,0.25119444727897644,Stock 52,0.33557751774787903
0,74,-0.019300540909171104,0.0038580691907554865,-600.2642501958777,0.8216075897216797,0.7948161959648132,0.7948447465896606,0.31716403365135193,0.7227869629859924,0.4897322952747345,0.5951139330863953,0.4799319803714752,Stock 69,0.24931767582893372,Stock 11,0.24931767582893372,Stock 13,0.1665513813495636
0,75,-0.0012089302763342857,0.0037114080041646957,-132.57335962464123,0.2540834844112396,0.32025253772735596,0.3071698248386383,0.4715581238269806,0.5609108805656433,0.4232170879840851,0.45930957794189453,0.3881971538066864,Stock 58,0.25035545229911804,Stock 77,0.249410018324852,Stock 44,0.33390843868255615
0,76,-0.007657703477889299,0.0056700618006289005,-235.05502668489325,0.2969117760658264,0.4278847277164459,0.408735454082489,0.6255360841751099,0.5166535377502441,0.6441807746887207,0.5285910367965698,0.44573453068733215,Stock 93,0.12372461706399918,Stock 9,0.19828814268112183,Stock 66,0.33239954710006714
0,77,-0.001208901172503829,0.00352128385566175,-134.33126160959955,0.5225070118904114,0.4696735441684723,0.5717688798904419,0.42727699875831604,0.43442821502685547,0.502571702003479,0.42410916090011597,0.3277658224105835,Stock 58,0.25027817487716675,Stock 75,0.2493090033531189,Stock 87,0.19887156784534454
0,78,0.0014776119496673346,0.0016400839667767286,-9.90632311519402,0.3902991712093353,0.4070611596107483,0.45569318532943726,0.5001842379570007,0.364847332239151,0.5095619559288025,0.3947007358074188,0.3469303846359253,Stock 40,0.16561771929264069,Stock 16,0.24928100407123566,Stock 88,0.24876992404460907
0,79,0.00695342430844903,0.0038455601315945387,80.81694396924782,0.3877487778663635,0.44221845269203186,0.36921054124832153,0.3859482407569885,0.5095874667167664,0.3336122930049896,0.4137182831764221,0.4176243543624878,Stock 41,0.16567462682724,Stock 29,0.25207236409187317,Stock 23,0.2500653862953186
0,80,-0.017230184748768806,0.0029826266691088676,-677.6849287650454,0.4313458204269409,0.46196264028549194,0.45859095454216003,0.4770089089870453,0.3144931197166443,0.4503486752510071,0.3558582365512848,0.369425505399704,Stock 91,0.20066963136196136,Stock 89,0.20129744708538055,Stock 35,0.1639213114976883
0,81,-0.004848081152886152,0.0039895037189126015,-221.52090822483476,0.3738412857055664,0.38888415694236755,0.5272188186645508,0.48581695556640625,0.49087315797805786,0.4247713088989258,0.39728787541389465,0.30179089307785034,Stock 4,0.24833866953849792,Stock 5,0.16581806540489197,Stock 32,0.24833907186985016
0,82,-0.03527866676449776,0.0028025046922266483,-1358.8263228372375,0.7725892663002014,0.6905159950256348,0.6029509902000427,0.2753754258155823,0.5071609020233154,0.5321917533874512,0.534278154373169,0.47995778918266296,Stock 31,0.33664870262145996,Stock 25,0.4973984360694885,Stock 72,0.17006416618824005
0,83,-0.004615237470716238,0.0014130292693153024,-426.6200899683131,0.5992515087127686,0.5880087018013,0.6626156568527222,0.4488545060157776,0.5682050585746765,0.5496971607208252,0.5107978582382202,0.3863546550273895,Stock 37,0.16463248431682587,Stock 68,0.497149795293808,Stock 33,0.16463318467140198
0,84,-0.0028164584655314684,0.0026323767378926277,-206.9929856539535,0.32954609394073486,0.43048155307769775,0.5249830484390259,0.5802702903747559,0.4400685727596283,0.43627825379371643,0.3762274384498596,0.33721959590911865,Stock 53,0.14263267815113068,Stock 54,0.3325015902519226,Stock 98,0.2493789792060852
0,85,0.004542039707303047,0.002507164143025875,81.16243884300683,0.49376535415649414,0.5482582449913025,0.5462868809700012,0.45332977175712585,0.5924473404884338,0.47656968235969543,0.5014506578445435,0.42660295963287354,Stock 59,0.25019389390945435,Stock 18,0.25019389390945435,Stock 61,0.25019389390945435
0,86,0.033468157052993774,0.003858044510707259,767.4901743644832,0.2575942873954773,0.4103761911392212,0.25111299753189087,0.510831356048584,0.5188941359519958,0.4511806070804596,0.48067745566368103,0.5103542804718018,Stock 27,0.24847069382667542,Stock 7,0.14165878295898438,Stock 19,0.14132201671600342
0,87,-0.0034422148019075394,0.006033407524228096,-157.05258244341667,0.4828015863895416,0.5353224873542786,0.5192655920982361,0.48919737339019775,0.3808901309967041,0.48014721274375916,0.40258684754371643,0.40420737862586975,Stock 49,0.2517862319946289,Stock 26,0.16782158613204956,Stock 20,0.1652722805738449
0,88,0.0010094024473801255,0.002237285953015089,-54.8827253834138,0.4018213152885437,0.502151370048523,0.43405240774154663,0.49547067284584045,0.4556392431259155,0.4551645517349243,0.4341731071472168,0.4417092502117157,Stock 100,0.2508978545665741,Stock 95,0.5025536417961121,Stock 40,0.16702744364738464
0,89,0.008778873831033707,0.008411725051701069,4.364726344192513,0.2107921838760376,0.26122143864631653,0.3771558105945587,0.5984677672386169,0.31317955255508423,0.4575500786304474,0.3187788128852844,0.27470308542251587,Stock 80,0.12273046374320984,Stock 91,0.19901640713214874,Stock 43,0.2498076856136322
0,90,-0.006454224698245525,0.003962873946875334,-262.86727220618724,0.4673392176628113,0.47129446268081665,0.46822255849838257,0.41272100806236267,0.5537791848182678,0.4930347800254822,0.49683254957199097,0.4055420160293579,Stock 30,0.3332161605358124,Stock 5,0.1666947901248932,Stock 81,0.2501271963119507
0,91,-0.0007722240407019854,0.003208175068721175,-124.0705081287788,0.5814133286476135,0.5867540836334229,0.5257510542869568,0.42714837193489075,0.5124036073684692,0.5931735634803772,0.5367165207862854,0.46763965487480164,Stock 15,0.24849320948123932,Stock 80,0.12292616814374924,Stock 89,0.19997645914554596
0,92,-0.005392325576394796,0.0024228752590715885,-322.55894339608136,0.44201916456222534,0.4394582211971283,0.4271661639213562,0.4272213876247406,0.5049681067466736,0.5361851453781128,0.4948899745941162,0.40512362122535706,Stock 96,0.499774694442749,Stock 53,0.14306262135505676,Stock 57,0.1666899025440216
0,93,-0.016280025243759155,0.004953803028911352,-428.636910849014,0.4655214846134186,0.47394171357154846,0.3942757546901703,0.419178307056427,0.47950005531311035,0.5599790811538696,0.5093361139297485,0.45118042826652527,Stock 76,0.2007804661989212,Stock 9,0.19972911477088928,Stock 62,0.1986423134803772
0,94,-0.0028828014619648457,0.0039478181861341,-173.02265013343558,0.4927917718887329,0.5096731781959534,0.4482487738132477,0.45084360241889954,0.45912426710128784,0.5867818593978882,0.5051577687263489,0.4484032690525055,Stock 46,0.3324766457080841,Stock 0,0.24978898465633392,Stock 39,0.19963276386260986
0,95,0.00553272245451808,0.0024619880132377148,124.72580795558379,0.47280919551849365,0.4700021743774414,0.41454243659973145,0.41504108905792236,0.48560574650764465,0.5532479286193848,0.5045934319496155,0.4346430003643036,Stock 28,0.3280816376209259,Stock 88,0.24827808141708374,Stock 100,0.24826489388942719
0,96,-0.006211318541318178,0.0021744482219219208,-385.65033090685444,0.46889927983283997,0.470479279756546,0.4298454225063324,0.4235380291938782,0.5051496028900146,0.5538135766983032,0.5097978711128235,0.4293680787086487,Stock 92,0.1430143266916275,Stock 57,0.16684019565582275,Stock 53,0.1431916207075119
0,97,0.055694665759801865,0.004035943187773228,1279.9665448346059,0.5100218057632446,0.5003847479820251,0.44050171971321106,0.39531201124191284,0.4991590976715088,0.534395694732666,0.5052779912948608,0.4395798146724701,Stock 23,0.24912029504776,Stock 79,0.14197500050067902,Stock 29,0.2511196732521057
0,98,-0.004191805608570576,0.0020886724814772606,-300.69233667529465,0.4964183270931244,0.4837683439254761,0.4320273697376251,0.41366028785705566,0.495770126581192,0.5804317593574524,0.5222848057746887,0.43876153230667114,Stock 84,0.1660776436328888,Stock 64,0.24824227392673492,Stock 57,0.16581514477729797
0,99,-0.015341328456997871,0.0026092412881553173,-687.9612792668896,0.5230728983879089,0.5238532423973083,0.45853108167648315,0.45482614636421204,0.42666345834732056,0.6331414580345154,0.5139883756637573,0.4538407027721405,Stock 50,0.5000129342079163,Stock 21,0.1680041253566742,Stock 56,0.14401260018348694
0,100,0.0008508581668138504,0.0012462553568184376,-31.726819695603613,0.6728329658508301,0.6633359789848328,0.5964165329933167,0.5039909482002258,0.32271474599838257,0.7436146140098572,0.5207927227020264,0.48465821146965027,Stock 88,0.2520546019077301,Stock 67,0.19955377280712128,Stock 40,0.16779784858226776
0,101,-0.007313441950827837,0.004184103105217218,-274.7911503831873,0.48914408683776855,0.501215934753418,0.4298155903816223,0.4241345524787903,0.516197681427002,0.5724724531173706,0.5301191210746765,0.45759910345077515,Stock 93,0.12519577145576477,Stock 62,0.19955411553382874,Stock 19,0.1444781869649887
1,0,-0.01009678840637207,0.0021699094213545322,-565.3092109286897,0.49528422951698303,0.48356661200523376,0.4102349877357483,0.40388059616088867,0.4944959878921509,0.5788306593894958,0.5264745950698853,0.4510800838470459,Stock 27,0.24904121458530426,Stock 55,0.16548199951648712,Stock 46,0.33237704634666443
1,1,-0.03708114102482796,0.0027155547868460417,-1465.5088530876424,0.56375652551651,0.5463293194770813,0.4491454064846039,0.3889327943325043,0.4886923134326935,0.5877538323402405,0.5350151658058167,0.4742518365383148,Stock 41,0.16996952891349792,Stock 79,0.1462976187467575,Stock 45,0.3345045745372772
1,2,-0.0017057054210454226,0.0011390260187909007,-249.751225424689,0.46727097034454346,0.4885343611240387,0.43000322580337524,0.4398663341999054,0.48867473006248474,0.5549485087394714,0.5040843486785889,0.44318997859954834,Stock 51,0.3332209289073944,Stock 38,0.1993693709373474,Stock 72,0.16474293172359467
1,3,-0.02213948965072632,0.004660226404666901,-575.0732631477973,0.517241358757019,0.508747398853302,0.42239072918891907,0.40259066224098206,0.5115030407905579,0.5928635597229004,0.5439026355743408,0.46725061535835266,Stock 66,0.3320850431919098,Stock 76,0.1995977908372879,Stock 93,0.12525825202465057
1,4,-0.010342773981392384,0.001768347923643887,-684.8834295052012,0.5214734077453613,0.5016329288482666,0.4552069306373596,0.39784273505210876,0.5032696723937988,0.5568491816520691,0.5151749849319458,0.4346621036529541,Stock 81,0.2494080811738968,Stock 5,0.16680654883384705,Stock 32,0.24901670217514038
1,5,0.0018431255593895912,0.0035026303958147764,-47.37881674321375,0.4207247197628021,0.4074002802371979,0.26792964339256287,0.39289164543151855,0.4188884496688843,0.6141684055328369,0.526451051235199,0.4817175269126892,Stock 81,0.24977099895477295,Stock 4,0.24937905371189117,Stock 32,0.24937905371189117
1,6,-0.005737262777984142,0.004872781224548817,-217.74102947778803,0.48672449588775635,0.4882511496543884,0.393985778093338,0.39915168285369873,0.5007196664810181,0.5571162700653076,0.5231415629386902,0.4632682800292969,Stock 24,0.24884004890918732,Stock 43,0.24619245529174805,Stock 19,0.14202675223350525
1,7,-0.012058185413479805,0.0020738113671541214,-681.4504445516266,0.49505358934402466,0.4933869242668152,0.3879895806312561,0.39065396785736084,0.5000883936882019,0.5589600205421448,0.5275936126708984,0.4706174433231354,Stock 39,0.19948963820934296,Stock 19,0.14225542545318604,Stock 27,0.24951106309890747
1,8,-0.04403276741504669,0.005006308201700449,-979.5456779926267,0.5559238195419312,0.4995233714580536,0.46542230248451233,0.3590942919254303,0.5527926683425903,0.5686915516853333,0.5472145080566406,0.430739164352417,Stock 11,0.25673967599868774,Stock 74,0.20476044714450836,Stock 69,0.25673946738243103
1,9,-0.025161657482385635,0.0050123888067901134,-601.9893398592701,0.517703652381897,0.4915744662284851,0.4563331604003906,0.3891105055809021,0.5015326142311096,0.535097599029541,0.5027916431427002,0.42231252789497375,Stock 93,0.1251799315214157,Stock 76,0.19947297871112823,Stock 55,0.16695289313793182
1,10,-0.005750578828155994,0.0032882706727832556,-274.8815532660696,0.4813143312931061,0.47407177090644836,0.38093218207359314,0.40957680344581604,0.46062037348747253,0.589163601398468,0.519098699092865,0.45932257175445557,Stock 21,0.1681666523218155,Stock 36,0.5028020739555359,Stock 56,0.1441882699728012
1,11,-0.00950595736503601,0.004409982822835445,-315.5554283752075,0.49565500020980835,0.49862003326416016,0.3967510759830475,0.412942498922348,0.459780752658844,0.5796308517456055,0.5150121450424194,0.46752476692199707,Stock 74,0.19752998650074005,Stock 69,0.2476837933063507,Stock 13,0.1646251380443573
1,12,-0.010645215399563313,0.001737964223138988,-712.5106177580963,0.5329996347427368,0.5128769278526306,0.4320518970489502,0.39085614681243896,0.4909929037094116,0.5783236026763916,0.5280629992485046,0.4580736756324768,Stock 14,0.24997279047966003,Stock 34,0.2510127127170563,Stock 73,0.3340538740158081
1,13,-0.013613592833280563,0.002862354973331094,-575.6081254812924,0.5268927812576294,0.5327966213226318,0.4350927770137787,0.4128009080886841,0.4834059476852417,0.5795995593070984,0.5252169966697693,0.4737047553062439,Stock 45,0.3278084099292755,Stock 14,0.2510843873023987,Stock 38,0.20226114988327026
1,14,-0.011756434105336666,0.002560853259637952,-559.0826928911486,0.4963622987270355,0.4880615174770355,0.4386829733848572,0.4074258506298065,0.515999436378479,0.5584868788719177,0.5212286114692688,0.4379378855228424,Stock 13,0.1668526977300644,Stock 12,0.25103577971458435,Stock 17,0.3345381021499634
1,15,-0.007409881800413132,0.0028761723078787327,-357.62996813908387,0.4554038345813751,0.4591386318206787,0.3990861773490906,0.4261596202850342,0.4790133237838745,0.5657551884651184,0.5070959329605103,0.43776780366897583,Stock 35,0.16692771017551422,Stock 91,0.20016247034072876,Stock 80,0.12464097887277603
1,16,0.0022326535545289516,0.0012685590190812945,75.99918655309122,0.4823393225669861,0.48667094111442566,0.4120936393737793,0.42430198192596436,0.4680069088935852,0.5742501020431519,0.5094367265701294,0.45024779438972473,Stock 40,0.16685283184051514,Stock 53,0.14210975170135498,Stock 92,0.14232084155082703
1,17,-0.011311260052025318,0.0012980980100110173,-971.3718043469859,0.4948999881744385,0.49411964416503906,0.41601020097732544,0.4029201567173004,0.49528732895851135,0.5508438348770142,0.5141487717628479,0.45264288783073425,Stock 72,0.1651908904314041,Stock 2,0.16661307215690613,Stock 14,0.2481294572353363
1,18,-0.0029897470958530903,0.0011002334067597985,-371.73753109878146,0.5168800354003906,0.5140324234962463,0.42573627829551697,0.4167841672897339,0.46475955843925476,0.5933606028556824,0.5212631821632385,0.4639212489128113,Stock 61,0.2492927461862564,Stock 59,0.2492922842502594,Stock 85,0.33205848932266235
1,19,-0.013016480952501297,0.0034662021789699793,-475.52572759530403,0.4626978933811188,0.4220941662788391,0.44251248240470886,0.41556769609451294,0.4989793300628662,0.5728893280029297,0.5054807066917419,0.3836999833583832,Stock 7,0.14312219619750977,Stock 39,0.20055292546749115,Stock 101,0.4976467788219452
1,20,-0.00905243307352066,0.003337122267112136,-371.26465106579434,0.504575788974762,0.48305580019950867,0.4422890543937683,0.4076612889766693,0.5177128911018372,0.5876259207725525,0.5346257090568542,0.43512511253356934,Stock 35,0.16825465857982635,Stock 80,0.12563176453113556,Stock 26,0.16801734268665314
1,21,-0.001313505694270134,0.0021767530124634504,-160.34243144488073,0.4955228269100189,0.49763715267181396,0.43471506237983704,0.437383234500885,0.4988991916179657,0.6169301867485046,0.5411177277565002,0.45572468638420105,Stock 56,0.14256800711154938,Stock 92,0.1416265070438385,Stock 10,0.331479549407959
1,22,0.0008225156925618649,0.007481708191335201,-89.00631150631555,0.4765095114707947,0.4824228584766388,0.4183920621871948,0.3948330879211426,0.5371062159538269,0.5100410580635071,0.5116763114929199,0.44265249371528625,Stock 49,0.24727120995521545,Stock 26,0.1650276631116867,Stock 20,0.1650482565164566
1,23,-0.002502711024135351,0.0022633131593465805,-210.5773195282391,0.33476167917251587,0.30548349022865295,0.35268789529800415,0.48132869601249695,0.35111480951309204,0.5907366275787354,0.4282782971858978,0.33216336369514465,Stock 79,0.1411551982164383,Stock 41,0.16396811604499817,Stock 97,0.24889864027500153
1,24,-0.011540987528860569,0.0008992567309178412,-1383.3918426255282,0.47710803151130676,0.46749505400657654,0.3774019181728363,0.38176989555358887,0.4433724284172058,0.5056137442588806,0.47344908118247986,0.4409244954586029,Stock 39,0.2007167637348175,Stock 19,0.14313048124313354,Stock 7,0.1432391107082367
1,25,-0.03891671076416969,0.0011211661621928215,-3571.0921606887277,0.47333821654319763,0.4705457389354706,0.27809619903564453,0.3793630003929138,0.42357105016708374,0.6185224652290344,0.5429885387420654,0.5246318578720093,Stock 82,0.3355157673358917,Stock 9,0.20306895673274994,Stock 55,0.17070291936397552
1,26,-0.009906694293022156,0.005433376412838697,-282.3303511535353,0.39559122920036316,0.45280924439430237,0.328929603099823,0.4819038212299347,0.4551700949668884,0.625148355960846,0.5317147970199585,0.4905805289745331,Stock 20,0.16776858270168304,Stock 49,0.25136813521385193,Stock 87,0.20183856785297394
1,27,-0.010185742750763893,0.0017602337757125497,-678.6585220273179,0.5784688591957092,0.5658214092254639,0.5808401107788086,0.37114864587783813,0.4704160690307617,0.36944735050201416,0.40043023228645325,0.3780835270881653,Stock 7,0.14301712810993195,Stock 0,0.25067439675331116,Stock 86,0.4998663663864136
1,28,-0.010807350277900696,0.0019254778744652867,-661.2814575136025,0.55061936378479,0.5441718697547913,0.42281264066696167,0.36257290840148926,0.5414008498191833,0.5401372313499451,0.5445443987846375,0.4893181025981903,Stock 67,0.1999194175004959,Stock 33,0.1655627191066742,Stock 37,0.1655627191066742
1,29,-0.0018670745193958282,0.0017936285585165024,-204.0948255719162,0.4785488545894623,0.592937707901001,0.7152078747749329,0.5130181908607483,0.7979984283447266,0.4097461402416229,0.5492300987243652,0.3872523307800293,Stock 79,0.14128553867340088,Stock 41,0.16411951184272766,Stock 97,0.24912844598293304
1,30,0.01581723615527153,0.003772538620978594,319.27300803002913,0.258157879114151,0.28887826204299927,0.41235610842704773,0.5254557728767395,0.4224940240383148,0.4185241162776947,0.3591807782649994,0.28251999616622925,Stock 90,0.3335973024368286,Stock 48,0.5006023645401001,Stock 5,0.16578195989131927
1,31,-0.02651849016547203,0.0011799531057476997,-2347.4189894748474,0.4666779935359955,0.49620914459228516,0.46404996514320374,0.4708956182003021,0.5219785571098328,0.5963136553764343,0.5306955575942993,0.44128111004829407,Stock 72,0.1688997596502304,Stock 82,0.3317550718784332,Stock 74,0.20247460901737213
1,32,-0.01034277118742466,0.0028634928166866302,-461.1942424703674,0.22360794246196747,0.42829450964927673,0.29077982902526855,0.6776747703552246,0.3216586112976074,0.5708118081092834,0.4148123264312744,0.49489879608154297,Stock 75,0.25183892250061035,Stock 4,0.24902664124965668,Stock 77,0.25183892250061035
1,33,-0.024847742170095444,0.0009674141765572131,-2668.4699244869853,0.5072972774505615,0.533287763595581,0.4165705740451813,0.4035622477531433,0.4401302933692932,0.49522000551223755,0.46876704692840576,0.46863579750061035,Stock 67,0.20114585757255554,Stock 37,0.16657839715480804,Stock 83,0.20010453462600708
1,34,-0.006161527708172798,0.0017608569469302893,-449.9164267099732,0.4441399872303009,0.42247363924980164,0.4796195328235626,0.4366607666015625,0.4820020794868469,0.514984667301178,0.4590798318386078,0.35567614436149597,Stock 73,0.33224743604660034,Stock 47,0.33423876762390137,Stock 12,0.24884143471717834
1,35,-0.007463251240551472,0.000634501688182354,-1276.2382007101223,0.5767737030982971,0.5334280729293823,0.44892850518226624,0.3831530809402466,0.4572920799255371,0.6160194277763367,0.5334867835044861,0.46169304847717285,Stock 15,0.2501814067363739,Stock 80,0.1243085116147995,Stock 42,0.49950987100601196
1,36,-0.0058021340519189835,0.0026581748388707638,-318.2751099391124,0.4262465834617615,0.4534408748149872,0.406815767288208,0.44834718108177185,0.431601881980896,0.5090145468711853,0.4513425827026367,0.41717737913131714,Stock 56,0.14257507026195526,Stock 21,0.16629275679588318,Stock 100,0.24932804703712463
1,37,-0.024847742170095444,0.0012380543630570173,-2106.999281416135,0.5229358673095703,0.46857407689094543,0.3790223002433777,0.371838241815567,0.476509690284729,0.6289526224136353,0.5517904162406921,0.45875486731529236,Stock 33,0.16662590205669403,Stock 83,0.20016159117221832,Stock 67,0.20120321214199066
1,38,-0.0018709175055846572,0.0019457999151200056,-196.15158737784557,0.45734304189682007,0.5087391138076782,0.3512282371520996,0.4545932710170746,0.41147586703300476,0.5970731377601624,0.5067573189735413,0.506111204624176,Stock 51,0.33342215418815613,Stock 47,0.33293136954307556,Stock 2,0.16629312932491302
1,39,-0.010928855277597904,0.0022241147235035896,-591.3800157026956,0.4882226288318634,0.4779336750507355,0.37483057379722595,0.3441999554634094,0.5614495277404785,0.4808359444141388,0.5243598818778992,0.4621241092681885,Stock 7,0.1423303782939911,Stock 19,0.14222243428230286,Stock 24,0.24918289482593536
1,40,-0.0039816065691411495,0.001460256171412766,-372.6649369534273,0.470159113407135,0.40652331709861755,0.4922785758972168,0.3978087306022644,0.5091963410377502,0.512930691242218,0.4705256223678589,0.33581724762916565,Stock 16,0.2496217042207718,Stock 56,0.1426129937171936,Stock 78,0.4988316297531128
1,41,-0.015537058003246784,0.002595946891233325,-698.5121673989711,0.41664034128189087,0.41064172983169556,0.336757630109787,0.35291412472724915,0.5524600744247437,0.4476175904273987,0.4971122443675995,0.43014752864837646,Stock 79,0.1430223435163498,Stock 1,0.32727518677711487,Stock 23,0.2517540156841278
1,42,-0.009994512423872948,0.0017398203490301967,-674.4565770508459,0.3652938902378082,0.34246331453323364,0.3644447922706604,0.40297213196754456,0.4413388967514038,0.44518616795539856,0.4175015389919281,0.345486581325531,Stock 35,0.16680920124053955,Stock 15,0.2506723701953888,Stock 91,0.20002035796642303
1,43,-0.024986542761325836,0.003615058260038495,-791.1795319464579,0.5647783875465393,0.5014499425888062,0.4888976216316223,0.3791256248950958,0.5893431901931763,0.6372186541557312,0.5915467739105225,0.4339120388031006,Stock 89,0.19947180151939392,Stock 70,0.49265727400779724,Stock 24,0.2512032091617584
1,44,0.028650186955928802,0.003619192400947213,691.6182336266646,0.32773175835609436,0.3506598472595215,0.4999581575393677,0.483357310295105,0.5058392882347107,0.3764028251171112,0.3779805898666382,0.28586918115615845,Stock 26,0.16463981568813324,Stock 58,0.2506139874458313,Stock 87,0.1981370896100998
1,45,-0.03805157542228699,0.0013649746542796493,-2887.7129661699323,0.694648265838623,0.666952908039093,0.5702869296073914,0.4904583990573883,0.3682212829589844,0.8105638027191162,0.5982589721679688,0.5223424434661865,Stock 13,0.1720665693283081,Stock 41,0.17158664762973785,Stock 1,0.33795493841171265
1,46,-0.008975326083600521,0.0020030876621603966,-548.0745527592304,0.46279558539390564,0.4533941447734833,0.340114027261734,0.4072394371032715,0.39088526368141174,0.5802346467971802,0.4864445626735687,0.45816823840141296,Stock 7,0.14283417165279388,Stock 94,0.5004401803016663,Stock 0,0.25035369396209717
1,47,-0.0008034027414396405,0.001569836400449276,-151.177482010846,0.40384963154792786,0.46090736985206604,0.3201117515563965,0.47126826643943787,0.45351484417915344,0.6221294403076172,0.534416913986206,0.5017301440238953,Stock 38,0.1994289606809616,Stock 34,0.24858616292476654,Stock 2,0.16624242067337036
1,48,0.018385784700512886,0.0021274001337587833,764.2372635385747,0.4212172031402588,0.48736006021499634,0.42254769802093506,0.4833950698375702,0.517499566078186,0.5572782158851624,0.5136389136314392,0.45704373717308044,Stock 30,0.3327944576740265,Stock 90,0.3327944576740265,Stock 5,0.165382981300354
1,49,-0.013134380802512169,0.0056015364825725555,-334.47818010961316,0.4476771354675293,0.4120798707008362,0.453231543302536,0.3541323244571686,0.619838535785675,0.4195500612258911,0.49063974618911743,0.3637065887451172,Stock 87,0.20360839366912842,Stock 20,0.16923962533473969,Stock 26,0.16921523213386536
1,50,0.0018921040464192629,0.0020998253021389246,-9.89231130361524,0.4339442849159241,0.48814523220062256,0.37936124205589294,0.44343119859695435,0.5257883667945862,0.5515919923782349,0.5290258526802063,0.48209282755851746,Stock 99,0.5000044107437134,Stock 21,0.16629871726036072,Stock 56,0.14258015155792236
1,51,0.0019391520181670785,0.0009448255877941847,105.23915135430182,0.43571534752845764,0.41454195976257324,0.41999101638793945,0.38064903020858765,0.5367795825004578,0.4555054306983948,0.4733322858810425,0.3807728886604309,Stock 2,0.16626060009002686,Stock 38,0.1994507610797882,Stock 72,0.1648101657629013
1,52,-0.020164359360933304,0.0019543718080967665,-1131.756561233353,0.5087155699729919,0.5351513028144836,0.6001148819923401,0.42466026544570923,0.6144970655441284,0.40642741322517395,0.46812525391578674,0.37520694732666016,Stock 64,0.25201669335365295,Stock 98,0.2512831389904022,Stock 79,0.14433637261390686
1,53,-0.009773499332368374,0.0018045249162241817,-641.6106613157001,0.6218523979187012,0.6172409653663635,0.5471324920654297,0.4573296904563904,0.42733830213546753,0.6717859506607056,0.5364870429039001,0.4791117310523987,Stock 92,0.14259937405586243,Stock 57,0.16603974997997284,Stock 84,0.16599781811237335
1,54,-0.001108374446630478,0.0012673946330323815,-187.45298565598068,0.41448694467544556,0.43992510437965393,0.49204912781715393,0.5309455990791321,0.3629804849624634,0.564694881439209,0.41553571820259094,0.35924893617630005,Stock 84,0.16440188884735107,Stock 16,0.24884746968746185,Stock 53,0.1410336196422577
1,55,-0.014359756372869015,0.0012117723235860467,-1285.0209889572002,0.4283844828605652,0.5042388439178467,0.48121127486228943,0.5168464183807373,0.620398223400116,0.6192318201065063,0.5804163813591003,0.4609953463077545,Stock 62,0.19925029575824738,Stock 60,0.3336774408817291,Stock 93,0.12430926412343979
1,56,-0.0010688923066481948,0.0014254116686061025,-174.98832303607105,0.4810710847377777,0.5064564943313599,0.48216837644577026,0.3616619110107422,0.604485034942627,0.34693998098373413,0.45883306860923767,0.4097040295600891,Stock 21,0.1666615754365921,Stock 40,0.1664450317621231,Stock 92,0.14197298884391785
1,57,-0.012571805156767368,0.0023185901809483767,-642.2176484688252,0.5092731714248657,0.5375075340270996,0.4724387228488922,0.45364081859588623,0.5219137072563171,0.6004344820976257,0.5414989590644836,0.4672025144100189,Stock 53,0.14405317604541779,Stock 92,0.14426715672016144,Stock 84,0.16793924570083618
1,58,0.030751019716262817,0.0027661151252686977,1011.7042611621486,0.4295895993709564,0.46929043531417847,0.4410344362258911,0.49288296699523926,0.4136697053909302,0.5571303367614746,0.4566423296928406,0.4155612885951996,Stock 77,0.2494833767414093,Stock 75,0.2494833767414093,Stock 44,0.3330768346786499
1,59,-0.002989763393998146,0.002376795280724764,-225.7896890928893,0.29742762446403503,0.28334078192710876,0.44801807403564453,0.47476673126220703,0.4464183449745178,0.40897825360298157,0.36407265067100525,0.25739964842796326,Stock 18,0.24931678175926208,Stock 85,0.3320907652378082,Stock 61,0.24931687116622925
1,60,-0.006440465338528156,0.0022567089181393385,-385.39193897626524,0.4091585576534271,0.38582906126976013,0.5208370685577393,0.4383130967617035,0.4471680223941803,0.40037739276885986,0.3732345700263977,0.2900397777557373,Stock 62,0.1984197050333023,Stock 55,0.1651005893945694,Stock 93,0.12379106879234314
1,61,-0.002989744069054723,0.001160000916570425,-357.7363540275455,0.3930545449256897,0.4319390058517456,0.3619704246520996,0.3845541477203369,0.5655747056007385,0.400024950504303,0.4737524688243866,0.4308681786060333,Stock 18,0.24928635358810425,Stock 83,0.19620615243911743,Stock 59,0.2492860108613968
1,62,-0.012428058311343193,0.0024490472860634327,-607.4650204618913,0.5026484131813049,0.5338637828826904,0.5652681589126587,0.4182124733924866,0.6843462586402893,0.45976680517196655,0.5374836325645447,0.4126841723918915,Stock 55,0.16596989333629608,Stock 60,0.33403611183166504,Stock 93,0.12444287538528442
1,63,-0.005953067913651466,0.004272370599210262,-239.3387529338367,0.4339374601840973,0.4841427505016327,0.4991282522678375,0.4887268841266632,0.6017313599586487,0.5611352920532227,0.5388273000717163,0.4206024408340454,Stock 97,0.2505745589733124,Stock 10,0.33323755860328674,Stock 29,0.2504705786705017
1,64,-0.015540946274995804,0.002626901725307107,-691.6074486257736,0.6397538185119629,0.5476435422897339,0.48490825295448303,0.35903456807136536,0.4777858257293701,0.682280421257019,0.5773768424987793,0.4584444761276245,Stock 98,0.2510955035686493,Stock 52,0.33452263474464417,Stock 84,0.16824093461036682
1,65,-0.004072654992341995,0.002700741635635495,-250.7976527115554,0.4889819622039795,0.487973153591156,0.41252464056015015,0.3973436951637268,0.500383734703064,0.5344773530960083,0.5085816383361816,0.44820114970207214,Stock 64,0.24771657586097717,Stock 57,0.16553567349910736,Stock 54,0.3327173590660095
1,66,-0.021877437829971313,0.0029047117568552494,-853.1706985500225,0.5350556373596191,0.5093576908111572,0.3998144567012787,0.3724170923233032,0.4332537055015564,0.5501829981803894,0.49546265602111816,0.46133747696876526,Stock 3,0.501975953578949,Stock 76,0.20118163526058197,Stock 9,0.2003091424703598
1,67,-0.017023587599396706,0.0016228589229285717,-1148.987521889848,0.46288594603538513,0.44590702652931213,0.5109148621559143,0.46086016297340393,0.40632516145706177,0.5164381861686707,0.4200921654701233,0.3466169536113739,Stock 33,0.16531342267990112,Stock 28,0.33436116576194763,Stock 37,0.16531342267990112
1,68,-0.034537892788648605,0.0018789969617500901,-1938.1026415540423,0.6795591711997986,0.6519912481307983,0.7767212390899658,0.3928276300430298,0.792628288269043,0.5063056945800781,0.6051837205886841,0.38102400302886963,Stock 83,0.20467402040958405,Stock 37,0.1703823059797287,Stock 33,0.1703823059797287
1,69,-0.009505949914455414,0.0045332349836826324,-309.694620920205,0.6004700660705566,0.561966061592102,0.5181135535240173,0.38246801495552063,0.3893733620643616,0.5132047533988953,0.44220614433288574,0.4180368185043335,Stock 74,0.19752483069896698,Stock 11,0.24767711758613586,Stock 13,0.16462083160877228
1,70,-0.036076851189136505,0.0027914652600884438,-1392.3983581294312,0.639803946018219,0.6186394095420837,0.5091145634651184,0.28683707118034363,0.7153323888778687,0.4522818326950073,0.5979968905448914,0.5051736235618591,Stock 89,0.20541778206825256,Stock 43,0.2559388279914856,Stock 80,0.12891526520252228
1,71,0.02069283276796341,0.005521023645997047,274.800654638864,0.3358753025531769,0.39824628829956055,0.4011951982975006,0.5091655850410461,0.5820577144622803,0.5616647601127625,0.5288020968437195,0.4132293164730072,Stock 35,0.16475211083889008,Stock 80,0.1230139210820198,Stock 20,0.16452258825302124
1,72,-0.012880362570285797,0.0011578924022614956,-1212.3971920991091,0.4130553901195526,0.49019718170166016,0.46617773175239563,0.5492393374443054,0.31055694818496704,0.5289697051048279,0.3843742311000824,0.4025260806083679,Stock 2,0.16839800775051117,Stock 17,0.33450374007225037,Stock 31,0.3304474949836731
1,73,-0.00892085675150156,0.003047647885978222,-392.7128423380242,0.328404039144516,0.4320564270019531,0.43212470412254333,0.6391425728797913,0.27742576599121094,0.6199917197227478,0.3931831419467926,0.39323070645332336,Stock 34,0.2507458031177521,Stock 12,0.24992837011814117,Stock 52,0.3307047188282013
1,74,-0.013665339909493923,0.0024038520641624928,-668.4767425259572,0.27207711338996887,0.441887229681015,0.4040944576263428,0.6053675413131714,0.3655056953430176,0.3973555564880371,0.34540727734565735,0.4054992198944092,Stock 69,0.24789942800998688,Stock 11,0.2478996068239212,Stock 13,0.16480183601379395
1,75,0.025452714413404465,0.0026678270660340786,854.0616308103432,0.5039774179458618,0.5335485935211182,0.5408889651298523,0.47222772240638733,0.4205448031425476,0.49622324109077454,0.4266320765018463,0.39583954215049744,Stock 58,0.24974708259105682,Stock 77,0.24933883547782898,Stock 44,0.3328838646411896
1,76,-0.019711405038833618,0.005011271219700575,-493.341413279391,0.5936753153800964,0.6003566384315491,0.6265578866004944,0.46290647983551025,0.557373583316803,0.5936819911003113,0.5355759263038635,0.4251185357570648,Stock 93,0.12567684054374695,Stock 9,0.1993963122367859,Stock 66,0.3331948220729828
1,77,0.025452706962823868,0.0030163489282131195,743.8250205324227,0.21299411356449127,0.2831452488899231,0.2525705099105835,0.47219061851501465,0.5259971618652344,0.3930206000804901,0.4323467016220093,0.3870975971221924,Stock 58,0.24974708259105682,Stock 75,0.24933886528015137,Stock 87,0.19745174050331116
1,78,-0.0026427682023495436,0.0009987357771024108,-364.6113479600074,0.43890440464019775,0.520588755607605,0.5229305624961853,0.5235463976860046,0.49606505036354065,0.5213509798049927,0.4676968455314636,0.41752883791923523,Stock 40,0.16688618063926697,Stock 16,0.25079047679901123,Stock 88,0.2502528429031372
1,79,-0.010493333451449871,0.0037984049413353205,-376.25631320290364,0.28957441449165344,0.42645263671875,0.36864879727363586,0.5815393924713135,0.44439396262168884,0.5158645510673523,0.444611519575119,0.4395064413547516,Stock 41,0.16419196128845215,Stock 29,0.24917268753051758,Stock 23,0.24882689118385315
1,80,-0.013544255867600441,0.0032720682211220264,-513.9356196844811,0.5019915103912354,0.4911130666732788,0.5159287452697754,0.4491272270679474,0.4488726854324341,0.546420156955719,0.46386823058128357,0.38567325472831726,Stock 91,0.19997793436050415,Stock 89,0.19842387735843658,Stock 35,0.16677382588386536
1,81,-0.006348400842398405,0.0031154886819422245,-303.76902279230086,0.5241372585296631,0.43115147948265076,0.532688319683075,0.47060391306877136,0.32914337515830994,0.6738370060920715,0.45303696393966675,0.3289873003959656,Stock 4,0.25257760286331177,Stock 5,0.1691918671131134,Stock 32,0.25257760286331177
1,82,-0.03597435727715492,0.0015666056424379349,-2396.3250164969413,0.7401519417762756,0.6598177552223206,0.4945962131023407,0.30487900972366333,0.46694162487983704,0.6682438850402832,0.5937317609786987,0.5357402563095093,Stock 31,0.335267037153244,Stock 25,0.49791496992111206,Stock 72,0.16939568519592285
1,83,-0.023473085835576057,0.0017874051118269563,-1413.249340077335,0.4630056321620941,0.43878719210624695,0.39574024081230164,0.37728625535964966,0.4389374256134033,0.46928876638412476,0.4450317323207855,0.40105465054512024,Stock 37,0.16553717851638794,Stock 68,0.49278825521469116,Stock 33,0.16553717851638794
1,84,-0.010349211283028126,0.0013283311855047941,-879.1137779465146,0.3536219894886017,0.41518691182136536,0.18575823307037354,0.38494473695755005,0.4356746971607208,0.5287355780601501,0.5171729326248169,0.5552430152893066,Stock 53,0.14362849295139313,Stock 54,0.33663836121559143,Stock 98,0.24990630149841309
1,85,-0.004303871188312769,0.001997658284381032,-315.44581583162557,0.5281166434288025,0.5529420375823975,0.46754103899002075,0.4707953929901123,0.5203347206115723,0.6781551241874695,0.5830772519111633,0.49413374066352844,Stock 59,0.2521052956581116,Stock 18,0.2521041929721832,Stock 61,0.25210389494895935
1,86,-0.013782123103737831,0.0027185205835849047,-606.9714456810692,0.6305528879165649,0.6344152688980103,0.6406279802322388,0.4618430733680725,0.5067824125289917,0.6026557087898254,0.5210660696029663,0.4370604455471039,Stock 27,0.25079086422920227,Stock 7,0.14309358596801758,Stock 19,0.14298509061336517
1,87,-0.000324857363011688,0.003765988163650036,-108.62608560874585,0.7019322514533997,0.6439627408981323,0.5882644057273865,0.39375799894332886,0.5852756500244141,0.7403743267059326,0.6521852612495422,0.5020397305488586,Stock 49,0.2477884441614151,Stock 26,0.16535557806491852,Stock 20,0.16537941992282867
1,88,-0.004415854811668396,0.0014542844146490097,-403.6445118429024,0.5345450639724731,0.6179586052894592,0.5892707705497742,0.4746074974536896,0.526311993598938,0.44675976037979126,0.458519846200943,0.444579541683197,Stock 100,0.25054657459259033,Stock 95,0.5008859038352966,Stock 40,0.16687621176242828
1,89,-0.020593896508216858,0.003938897512853146,-622.8340275677709,0.38191768527030945,0.5180026888847351,0.4407851994037628,0.5307443737983704,0.6081112027168274,0.5341128706932068,0.5404317378997803,0.48746296763420105,Stock 80,0.12559057772159576,Stock 91,0.20168747007846832,Stock 43,0.24933825433254242
1,90,0.01581723801791668,0.0028215970378369093,460.5774958582491,0.52122962474823,0.5131291747093201,0.40698909759521484,0.39310988783836365,0.501830518245697,0.5874179601669312,0.5421265363693237,0.47755876183509827,Stock 30,0.3336082398891449,Stock 5,0.16578738391399384,Stock 81,0.2478463500738144
1,91,-0.010698504745960236,0.0029764899518340826,-459.4335918845594,0.4947628974914551,0.5007554292678833,0.505530834197998,0.44279351830482483,0.5462654829025269,0.5577406287193298,0.5194177031517029,0.41494259238243103,Stock 15,0.24829567968845367,Stock 80,0.12337291985750198,Stock 89,0.1965663582086563
1,92,-0.009894637390971184,0.0019231614423915744,-614.4985320975741,0.49095669388771057,0.4800680875778198,0.4314075708389282,0.4071371257305145,0.5035374760627747,0.5572669506072998,0.514716386795044,0.4341050982475281,Stock 96,0.49982061982154846,Stock 53,0.14334212243556976,Stock 57,0.1671525090932846
1,93,-0.014646441675722599,0.0030709614511579275,-576.9334265071956,0.49191805720329285,0.49051013588905334,0.3996582627296448,0.3970049321651459,0.5011756420135498,0.5560323596000671,0.52262943983078,0.4610535204410553,Stock 76,0.1994827836751938,Stock 9,0.19861766695976257,Stock 62,0.2006557136774063
1,94,-0.010758617892861366,0.002733673434704542,-493.5590021938435,0.47721949219703674,0.4781569838523865,0.4214828610420227,0.4370919167995453,0.4784785807132721,0.5995534062385559,0.5215349197387695,0.44341009855270386,Stock 46,0.3335176110267639,Stock 0,0.249913290143013,Stock 39,0.19979725778102875
1,95,-0.0033959117718040943,0.0013575509656220675,-350.14985498153976,0.55374675989151,0.5173380970954895,0.43186086416244507,0.38343545794487,0.4573262929916382,0.5953319072723389,0.5229678153991699,0.45740392804145813,Stock 28,0.3307734429836273,Stock 88,0.24935269355773926,Stock 100,0.24966026842594147
1,96,-0.016628554090857506,0.001482399762608111,-1221.732106972379,0.520801842212677,0.5013176798820496,0.39595383405685425,0.3887667953968048,0.4714972674846649,0.5921429395675659,0.5311493873596191,0.4706507623195648,Stock 92,0.14365807175636292,Stock 57,0.16727247834205627,Stock 53,0.1434449851512909
1,97,0.00024582550395280123,0.0032005482353270054,-92.31926889151588,0.5316813588142395,0.4974561929702759,0.42471233010292053,0.369960218667984,0.5190652012825012,0.5651142597198486,0.535781741142273,0.45073366165161133,Stock 23,0.25093141198158264,Stock 79,0.14255502820014954,Stock 29,0.25129401683807373
1,98,-0.01915501244366169,0.001173972967080772,-1731.639993490905,0.5107357501983643,0.4940890371799469,0.4122609496116638,0.39311328530311584,0.5002395510673523,0.5791478753089905,0.532623291015625,0.45778998732566833,Stock 84,0.16597597301006317,Stock 64,0.24843822419643402,Stock 57,0.16601790487766266
1,99,0.0018921040464192629,0.0020669621881097555,-8.459668139860895,0.48603981733322144,0.4941587746143341,0.3905543386936188,0.4277338981628418,0.4584207832813263,0.6058469414710999,0.5261320471763611,0.4728972911834717,Stock 50,0.499995619058609,Stock 21,0.16629576683044434,Stock 56,0.1425776481628418
1,100,-0.0024862531572580338,0.0009900765726342797,-351.1172596118402,0.5592065453529358,0.5395207405090332,0.41640704870224,0.39234358072280884,0.46652787923812866,0.6253995299339294,0.5487768054008484,0.49146461486816406,Stock 88,0.25015658140182495,Stock 67,0.1981131136417389,Stock 40,0.16682200133800507
1,101,-0.02025449275970459,0.005122215021401644,-495.4244926282331,0.517415463924408,0.4933570921421051,0.41649776697158813,0.3903915286064148,0.5112647414207458,0.5926514863967896,0.5437385439872742,0.45729371905326843,Stock 93,0.12615562975406647,Stock 62,0.20220978558063507,Stock 19,0.14436617493629456
2,0,0.0016155366320163012,0.0038100096862763166,-57.59757152756131,0.5093730688095093,0.5144338011741638,0.4614972174167633,0.4277149736881256,0.4988560080528259,0.5711004137992859,0.5174596309661865,0.44555914402008057,Stock 27,0.25022831559181213,Stock 55,0.1650344282388687,Stock 46,0.3328559696674347
2,1,-0.03138338401913643,0.003918332513421774,-900.9372331632511,0.5481095910072327,0.5437191128730774,0.47973886132240295,0.42718762159347534,0.4220670461654663,0.5739206671714783,0.4853682518005371,0.4452953338623047,Stock 41,0.16815872490406036,Stock 79,0.14461706578731537,Stock 45,0.3342430591583252
2,2,0.0016707548638805747,0.0015821027336642146,5.603437016446974,0.43922606110572815,0.4699840843677521,0.40619057416915894,0.4407033324241638,0.4748688042163849,0.5260022878646851,0.48425957560539246,0.4385111629962921,Stock 51,0.3334549069404602,Stock 38,0.19956833124160767,Stock 72,0.16536138951778412
2,3,-0.01840181089937687,0.005978757981210947,-407.78651614945846,0.4783923625946045,0.4783579707145691,0.43602511286735535,0.42704325914382935,0.5094298124313354,0.5731465816497803,0.5213091969490051,0.4347868859767914,Stock 66,0.3334980309009552,Stock 76,0.2002754807472229,Stock 93,0.12523116171360016
2,4,-0.022044356912374496,0.0031778092961758375,-793.6966588556018,0.5354930758476257,0.5183359384536743,0.47123125195503235,0.41664496064186096,0.4884180724620819,0.5950287580490112,0.5251495242118835,0.4421493709087372,Stock 81,0.2527378797531128,Stock 5,0.16914954781532288,Stock 32,0.2514219880104065
2,5,-0.01006367988884449,0.00433710403740406,-332.0368568992877,0.38192158937454224,0.38658127188682556,0.25470268726348877,0.4197070598602295,0.4101460874080658,0.6185830235481262,0.5197587609291077,0.47761258482933044,Stock 81,0.2491479218006134,Stock 4,0.24785073101520538,Stock 32,0.24785073101520538
2,6,0.006412675138562918,0.005895193200558424,8.778031871041565,0.47931960225105286,0.5027971863746643,0.402807354927063,0.4193829298019409,0.4607745110988617,0.5336609482765198,0.4917260706424713,0.46269720792770386,Stock 24,0.24736890196800232,Stock 43,0.2491699457168579,Stock 19,0.1415165513753891
2,7,-0.003058553906157613,0.002581752138212323,-218.46814653072934,0.5070894956588745,0.5039098858833313,0.4063771069049835,0.38239961862564087,0.508037269115448,0.5341335535049438,0.5185606479644775,0.4642658531665802,Stock 39,0.19872798025608063,Stock 19,0.14214356243610382,Stock 27,0.25106900930404663
2,8,-0.042694441974163055,0.005693426821380854,-849.8900629376698,0.5529714822769165,0.49171069264411926,0.4607907831668854,0.3553351163864136,0.5444772243499756,0.5631626844406128,0.5406736135482788,0.42507505416870117,Stock 11,0.25459355115890503,Stock 74,0.2038704752922058,Stock 69,0.25459355115890503
2,9,-0.014733119867742062,0.006666297558695078,-321.00903444559196,0.49040231108665466,0.4922303855419159,0.4265970289707184,0.4085879921913147,0.5021933913230896,0.5449183583259583,0.5109640955924988,0.44522151350975037,Stock 93,0.12516941130161285,Stock 76,0.20017671585083008,Stock 55,0.16726252436637878
2,10,-0.01621304638683796,0.0043444084003567696,-473.1934222737098,0.4624360203742981,0.49462252855300903,0.40012919902801514,0.43546804785728455,0.4533875286579132,0.5392366051673889,0.48763570189476013,0.4594298303127289,Stock 21,0.1676120012998581,Stock 36,0.5031046271324158,Stock 56,0.14385336637496948
2,11,-0.020082391798496246,0.0038939672522246838,-615.7308856930645,0.4597966969013214,0.49821895360946655,0.4350581765174866,0.4771403968334198,0.4562723934650421,0.5914269089698792,0.5029166340827942,0.45093491673469543,Stock 74,0.19889885187149048,Stock 69,0.2483849972486496,Stock 13,0.16597884893417358
2,12,-0.013288949616253376,0.0018185559893026948,-830.7418465212543,0.5032175779342651,0.4846920669078827,0.4234809875488281,0.39774346351623535,0.4830824136734009,0.5604187846183777,0.5106009244918823,0.43878695368766785,Stock 14,0.25054728984832764,Stock 34,0.25150227546691895,Stock 73,0.3340763449668884
2,13,-0.017125777900218964,0.0036522806622087955,-568.9064035364079,0.49982768297195435,0.5230793356895447,0.4512081742286682,0.4330405294895172,0.4914628267288208,0.5520037412643433,0.5074582099914551,0.45626336336135864,Stock 45,0.33035680651664734,Stock 14,0.2507641315460205,Stock 38,0.2025728076696396
2,14,-0.014500577934086323,0.002084429608657956,-795.6616752063126,0.48816046118736267,0.47695422172546387,0.4265829026699066,0.4172692894935608,0.45711302757263184,0.5630450248718262,0.49484533071517944,0.4292724132537842,Stock 13,0.16569191217422485,Stock 12,0.24929878115653992,Stock 17,0.33294209837913513
2,15,-0.001019003102555871,0.004260670859366655,-123.91649428436125,0.4478404223918915,0.4620611369609833,0.4485260248184204,0.456726610660553,0.4996464252471924,0.565390408039093,0.5030496716499329,0.4153861701488495,Stock 35,0.16633069515228271,Stock 91,0.20152880251407623,Stock 80,0.1251564472913742
2,16,0.01594528555870056,0.001517808181233704,950.5468184879543,0.4397008717060089,0.47123029828071594,0.4113989472389221,0.4783456027507782,0.40300288796424866,0.5801454782485962,0.4712047874927521,0.4351958930492401,Stock 40,0.16636985540390015,Stock 53,0.14216740429401398,Stock 92,0.1419333964586258
2,17,-0.011246418580412865,0.0020921723917126656,-637.5474136338486,0.49164873361587524,0.5095881223678589,0.44070106744766235,0.43116986751556396,0.4838556945323944,0.5541217923164368,0.5046194791793823,0.45110103487968445,Stock 72,0.16712193191051483,Stock 2,0.16798058152198792,Stock 14,0.24963264167308807
2,18,-0.001482302788645029,0.0014692287659272552,-200.8898561627006,0.49087977409362793,0.483059823513031,0.463382363319397,0.41864752769470215,0.500784158706665,0.540064811706543,0.4976654350757599,0.4154112637042999,Stock 61,0.24958555400371552,Stock 59,0.24958552420139313,Stock 85,0.33258506655693054
2,19,-0.005711941514164209,0.002466523088514805,-331.5786761032756,0.5735095143318176,0.5306088328361511,0.4609256982803345,0.3569108843803406,0.558534562587738,0.5749779939651489,0.5602894425392151,0.45968571305274963,Stock 7,0.14286606013774872,Stock 39,0.19938036799430847,Stock 101,0.49760910868644714
2,20,-0.013760238885879517,0.004103091545403004,-435.3627072078401,0.46964409947395325,0.48030734062194824,0.45949235558509827,0.442373663187027,0.4872244596481323,0.5422195196151733,0.48936277627944946,0.4165658950805664,Stock 35,0.16611304879188538,Stock 80,0.12499269098043442,Stock 26,0.16698062419891357
2,21,-0.008184252306818962,0.0025631131138652563,-419.30905673050256,0.5268116593360901,0.5324082374572754,0.5025132894515991,0.45929470658302307,0.49044227600097656,0.6202695965766907,0.5296303033828735,0.4421006143093109,Stock 56,0.1432662159204483,Stock 92,0.14350363612174988,Stock 10,0.3317359387874603
2,22,0.01753844879567623,0.004118010401725769,325.89617520942267,0.3332281708717346,0.35085663199424744,0.4109618663787842,0.45988404750823975,0.5432270169258118,0.4681262969970703,0.4596460163593292,0.3472421169281006,Stock 49,0.2480037659406662,Stock 26,0.16498388350009918,Stock 20,0.1640748828649521
2,23,-0.01715979352593422,0.0026622337754815817,-744.5637375639606,0.5729817152023315,0.5374652147293091,0.34360170364379883,0.3610561192035675,0.43317291140556335,0.6624111533164978,0.5716208219528198,0.5340681672096252,Stock 79,0.14231082797050476,Stock 41,0.16547706723213196,Stock 97,0.24897275865077972
2,24,-0.010303094983100891,0.001462328713387251,-804.5676453439404,0.5831247568130493,0.5481960773468018,0.4992120862007141,0.3814271092414856,0.5228390693664551,0.5769709944725037,0.5374054908752441,0.44733887910842896,Stock 39,0.20185792446136475,Stock 19,0.1443823277950287,Stock 7,0.14464135468006134
2,25,-0.01677645742893219,0.0023569881450384855,-811.7752146631293,0.445718914270401,0.42113590240478516,0.4178009033203125,0.5109061002731323,0.27899643778800964,0.6786173582077026,0.44317951798439026,0.38547223806381226,Stock 82,0.3329750895500183,Stock 9,0.19996607303619385,Stock 55,0.16702188551425934
2,26,-0.006720834877341986,0.007648151833564043,-187.87528050695187,0.5320249199867249,0.6058892607688904,0.4919675290584564,0.571520209312439,0.2679000794887543,0.6908019185066223,0.45706823468208313,0.4924250841140747,Stock 20,0.16616003215312958,Stock 49,0.2511320412158966,Stock 87,0.20026366412639618
2,27,0.010501455515623093,0.0016665314324200153,530.1384607173983,0.6162912845611572,0.6562012434005737,0.6889704465866089,0.35597360134124756,0.6998873353004456,0.27790239453315735,0.45794644951820374,0.4035134017467499,Stock 7,0.14169707894325256,Stock 0,0.24946348369121552,Stock 86,0.5010316371917725
2,28,0.005117272026836872,0.0022243738640099764,130.05449351988614,0.2985629737377167,0.2807028293609619,0.464405357837677,0.48676013946533203,0.5032665729522705,0.4594424068927765,0.4078153371810913,0.25992369651794434,Stock 67,0.20036432147026062,Stock 33,0.16664299368858337,Stock 37,0.16664284467697144
2,29,-0.017161857336759567,0.0035276133567094803,-586.5005203622419,0.41333064436912537,0.45723411440849304,0.5558105111122131,0.5100184679031372,0.616054117679596,0.5319966077804565,0.5124856233596802,0.36703720688819885,Stock 79,0.14242760837078094,Stock 41,0.1656128466129303,Stock 97,0.24917706847190857
2,30,-0.00020171812502667308,0.005308413878083229,-103.79996981507986,0.3694179356098175,0.3512243926525116,0.4024635851383209,0.4345310628414154,0.45285001397132874,0.4831056594848633,0.4309820532798767,0.3383939862251282,Stock 90,0.33371174335479736,Stock 48,0.5007838606834412,Stock 5,0.16563785076141357
2,31,-0.014787307009100914,0.0016925932141020894,-973.6480145316837,0.5308002829551697,0.5367196202278137,0.49274778366088867,0.4278772175312042,0.5214102864265442,0.5713088512420654,0.5262729525566101,0.44717463850975037,Stock 72,0.16730405390262604,Stock 82,0.33284232020378113,Stock 74,0.1992316097021103
2,32,-0.022044356912374496,0.003051003674045205,-822.5280356069435,0.6804543137550354,0.6226996779441833,0.5981996655464172,0.33536651730537415,0.5410379767417908,0.5147703289985657,0.5179880857467651,0.4350516200065613,Stock 75,0.25328516960144043,Stock 4,0.25136032700538635,Stock 77,0.25328516960144043
2,33,-0.0018388101598247886,0.0009500434971414506,-293.55010221716304,0.2630074620246887,0.44116145372390747,0.2524898648262024,0.5889739990234375,0.29630357027053833,0.5038292407989502,0.39412376284599304,0.5124328136444092,Stock 67,0.1998298019170761,Stock 37,0.16619755327701569,Stock 83,0.199422687292099
2,34,-0.005543394945561886,0.0024161378387361765,-329.43206536848504,0.40937259793281555,0.43086087703704834,0.4077415466308594,0.4523800313472748,0.4859853684902191,0.5332769155502319,0.48331451416015625,0.4104194641113281,Stock 73,0.3317320942878723,Stock 47,0.3352954387664795,Stock 12,0.2490316778421402
2,35,-0.015117100439965725,0.0007388197700493038,-2146.1147701768878,0.4436298906803131,0.5327451229095459,0.3370417654514313,0.5372813940048218,0.24068213999271393,0.6483519077301025,0.438473105430603,0.5199559330940247,Stock 15,0.2489393651485443,Stock 80,0.12384315580129623,Stock 42,0.49771928787231445
2,36,-0.007285821717232466,0.0029586602468043566,-346.2540849393528,0.46846479177474976,0.4646451473236084,0.41229185461997986,0.4334500730037689,0.41469693183898926,0.5635814070701599,0.47335660457611084,0.4240136444568634,Stock 56,0.1420636773109436,Stock 21,0.16552571952342987,Stock 100,0.25025877356529236
2,37,-0.0018388063181191683,0.0016493635484948754,-211.48581037801938,0.5306122899055481,0.471053808927536,0.3789677619934082,0.3568147122859955,0.46038323640823364,0.5976274013519287,0.5309502482414246,0.45256727933883667,Stock 33,0.166193887591362,Stock 83,0.19941838085651398,Stock 67,0.1998254656791687
2,38,0.0031272382475435734,0.0028559446800500154,9.499258490147184,0.3914414048194885,0.4695450961589813,0.3008306920528412,0.4563867151737213,0.4159254729747772,0.5391136407852173,0.4830951988697052,0.5055221915245056,Stock 51,0.33321958780288696,Stock 47,0.33275848627090454,Stock 2,0.1661148965358734
2,39,-0.012034683488309383,0.0026195195969194174,-559.4233042754213,0.5392279624938965,0.5474523305892944,0.440226674079895,0.43854889273643494,0.38104963302612305,0.5999787449836731,0.48539987206459045,0.4710879325866699,Stock 7,0.14477071166038513,Stock 19,0.14451144635677338,Stock 24,0.25264135003089905
2,40,0.01333787851035595,0.001759724342264235,657.952719639834,0.45245838165283203,0.44968098402023315,0.4022320806980133,0.4098856449127197,0.538666844367981,0.555790364742279,0.5296264290809631,0.434556245803833,Stock 16,0.24980215728282928,Stock 56,0.14174699783325195,Stock 78,0.50095534324646
2,41,-0.021808303892612457,0.002232455415651202,-1076.8752262517648,0.4517386555671692,0.5047876834869385,0.4109623432159424,0.4293765127658844,0.6189548373222351,0.5490412712097168,0.5704082250595093,0.4876023232936859,Stock 79,0.1435958296060562,Stock 1,0.3313770592212677,Stock 23,0.25138726830482483
2,42,-0.005012706387788057,0.0017123514553532004,-392.7381742875971,0.42108601331710815,0.40789350867271423,0.45358970761299133,0.4552147388458252,0.42582958936691284,0.5220975875854492,0.4360276162624359,0.3543933928012848,Stock 35,0.16607150435447693,Stock 15,0.2512255012989044,Stock 91,0.2012147605419159
2,43,0.0016100117936730385,0.0050677889958024025,-68.23048877909883,0.5265815854072571,0.5430704355239868,0.4652048945426941,0.49298569560050964,0.3892516493797302,0.6801535487174988,0.5188320875167847,0.46922624111175537,Stock 89,0.19969777762889862,Stock 70,0.49672484397888184,Stock 24,0.24757418036460876
2,44,-0.010665709152817726,0.00434091966599226,-345.70160181436404,0.6278117895126343,0.6342859268188477,0.5526363849639893,0.496173620223999,0.3331841230392456,0.6996403336524963,0.5030579566955566,0.4823106825351715,Stock 26,0.1677214503288269,Stock 58,0.2514777183532715,Stock 87,0.20103037357330322
2,45,-0.029497988522052765,0.0025790638756006956,-1243.7478846925542,0.6453977823257446,0.5884042978286743,0.5298291444778442,0.3722599148750305,0.5840300917625427,0.6713675856590271,0.6168961524963379,0.4805525541305542,Stock 13,0.16937516629695892,Stock 41,0.1687408685684204,Stock 1,0.33488911390304565
2,46,-0.0011321252677589655,0.0016051387647166848,-170.53130188147884,0.3809046447277069,0.4053030014038086,0.37144970893859863,0.43792924284935,0.5124614238739014,0.5107511878013611,0.4887892007827759,0.41347163915634155,Stock 7,0.14251269400119781,Stock 94,0.5010620355606079,Stock 0,0.250887393951416
2,47,0.006454428657889366,0.0031197257339954376,106.89090029793,0.38628315925598145,0.41168472170829773,0.3269936442375183,0.42627978324890137,0.48610708117485046,0.5356918573379517,0.5011574625968933,0.44647684693336487,Stock 38,0.19894053041934967,Stock 34,0.24717122316360474,Stock 2,0.16570930182933807
2,48,0.00105307437479496,0.003178544342517853,-66.86928790929569,0.44701993465423584,0.47842639684677124,0.3877282738685608,0.4641575515270233,0.39474064111709595,0.5803507566452026,0.47548654675483704,0.4532829225063324,Stock 30,0.3326416611671448,Stock 90,0.33264216780662537,Stock 5,0.16509337723255157
2,49,-0.003009214298799634,0.0052504814229905605,-157.3131120057492,0.4653559625148773,0.5009933114051819,0.39161989092826843,0.48608630895614624,0.40452370047569275,0.6549864411354065,0.5203047394752502,0.481783926486969,Stock 87,0.19858719408512115,Stock 20,0.1647690385580063,Stock 26,0.1656830906867981
2,50,-0.007362573407590389,0.002792260143905878,-363.6779178207748,0.5028194189071655,0.5664802193641663,0.5305142998695374,0.4320068061351776,0.6543715000152588,0.4725823402404785,0.5397281646728516,0.45863619446754456,Stock 99,0.4999949634075165,Stock 21,0.1665440797805786,Stock 56,0.1429368108510971
2,51,0.004240512847900391,0.0026382775977253914,60.73035117898045,0.47400540113449097,0.4624030292034149,0.4732722043991089,0.48077547550201416,0.4407123923301697,0.642188310623169,0.506946325302124,0.40277260541915894,Stock 2,0.1661677211523056,Stock 38,0.19949088990688324,Stock 72,0.1652972400188446
2,52,-0.009390028193593025,0.002552523510530591,-467.87234886785143,0.4851997196674347,0.5341238379478455,0.5365990400314331,0.4441865086555481,0.5731667280197144,0.45129454135894775,0.48032498359680176,0.41459909081459045,Stock 64,0.25025975704193115,Stock 98,0.2511135935783386,Stock 79,0.14174175262451172
2,53,-0.0001502457307651639,0.0013571680756285787,-111.07053234328231,0.4443533718585968,0.4873732626438141,0.4147115647792816,0.451267808675766,0.48824024200439453,0.5375425219535828,0.49637678265571594,0.4514487683773041,Stock 92,0.1422869861125946,Stock 57,0.16591450572013855,Stock 84,0.166388139128685
2,54,-0.006711095105856657,0.001726413145661354,-488.73053780448197,0.428836852312088,0.40971487760543823,0.4400680661201477,0.4287561774253845,0.505897581577301,0.5329621434211731,0.4850740134716034,0.3739829659461975,Stock 84,0.16728536784648895,Stock 16,0.2516428828239441,Stock 53,0.14329178631305695
2,55,-0.011807112954556942,0.0016339755384251475,-822.6003496929233,0.4793929159641266,0.48283758759498596,0.4647892713546753,0.4422668516635895,0.5882562398910522,0.6143348813056946,0.5717571973800659,0.4393938183784485,Stock 62,0.20071060955524445,Stock 60,0.3347231447696686,Stock 93,0.1254141628742218
2,56,-0.00493460800498724,0.0018996387952938676,-359.76559423887073,0.5218210816383362,0.5329712629318237,0.4601430296897888,0.4303092062473297,0.4694027900695801,0.5715063214302063,0.507503867149353,0.4568776488304138,Stock 21,0.16684289276599884,Stock 40,0.16809304058551788,Stock 92,0.14343056082725525
2,57,-0.004602666944265366,0.0026752054691314697,-272.04910042889765,0.4159855544567108,0.44784581661224365,0.3431316316127777,0.4058976173400879,0.5661782026290894,0.5327732563018799,0.5435306429862976,0.4743730425834656,Stock 53,0.14292800426483154,Stock 92,0.14270173013210297,Stock 84,0.1668606847524643
2,58,-0.00951451063156128,0.0031250985339283943,-404.45474049104934,0.4035690724849701,0.4538413882255554,0.36637082695961,0.45814573764801025,0.4259223937988281,0.5166673064231873,0.4593602418899536,0.44524258375167847,Stock 77,0.24920298159122467,Stock 75,0.24920296669006348,Stock 44,0.3327673673629761
2,59,-0.001482299529016018,0.0028593058232218027,-151.84123772202148,0.40744486451148987,0.41389063000679016,0.38588497042655945,0.42422884702682495,0.49068525433540344,0.5115938186645508,0.47986745834350586,0.40601256489753723,Stock 18,0.24958203732967377,Stock 85,0.33258044719696045,Stock 61,0.24958211183547974
2,60,-0.013571053743362427,0.002322668442502618,-684.28717138551,0.6215810775756836,0.5994398593902588,0.43468451499938965,0.34859567880630493,0.5013813376426697,0.5914939641952515,0.562163770198822,0.5244165062904358,Stock 62,0.2001040279865265,Stock 55,0.16708306968212128,Stock 93,0.1250351369380951
2,61,-0.0014823002275079489,0.002044675638899207,-172.49561736383652,0.39954665303230286,0.4092172384262085,0.41388750076293945,0.4166492521762848,0.4696597158908844,0.42400240898132324,0.422078937292099,0.37121322751045227,Stock 18,0.24958033859729767,Stock 83,0.19945183396339417,Stock 59,0.24958036839962006
2,62,-0.014335688203573227,0.005110197234898806,-380.53101562638824,0.4600907266139984,0.4915062487125397,0.4884400963783264,0.436652272939682,0.4975215196609497,0.44640329480171204,0.44501081109046936,0.39798134565353394,Stock 55,0.16600854694843292,Stock 60,0.33156538009643555,Stock 93,0.1242310106754303
2,63,-0.023041697219014168,0.0033606053330004215,-785.6412739916127,0.48871901631355286,0.449042409658432,0.4068179130554199,0.3746984601020813,0.531772792339325,0.5584923028945923,0.531794011592865,0.425709068775177,Stock 97,0.2510198950767517,Stock 10,0.3351685106754303,Stock 29,0.2511853277683258
2,64,-0.005875363014638424,0.0025901582557708025,-326.8341326846834,0.4106285870075226,0.4043766260147095,0.3040243983268738,0.3967891037464142,0.48773109912872314,0.5792778134346008,0.531263530254364,0.45871055126190186,Stock 98,0.250053346157074,Stock 52,0.3315197229385376,Stock 84,0.16677245497703552
2,65,-0.01646503433585167,0.0035743429325520992,-560.6450653042278,0.5109964609146118,0.49705204367637634,0.4380619525909424,0.36992719769477844,0.5835011005401611,0.520194947719574,0.5412824153900146,0.44721221923828125,Stock 64,0.2519966661930084,Stock 57,0.16817177832126617,Stock 54,0.33576080203056335
2,66,-0.016314227133989334,0.0035946432035416365,-553.8483017706925,0.524947464466095,0.4813217222690582,0.4209902882575989,0.36830365657806396,0.46726930141448975,0.5433235168457031,0.49895399808883667,0.42942413687705994,Stock 3,0.5005918145179749,Stock 76,0.20075014233589172,Stock 9,0.20082779228687286
2,67,0.00021756807109341025,0.002265148563310504,-90.39497564895102,0.38590893149375916,0.423362135887146,0.5962411761283875,0.42979198694229126,0.7088006734848022,0.29766759276390076,0.43688181042671204,0.30074483156204224,Stock 33,0.16618162393569946,Stock 28,0.3332650661468506,Stock 37,0.16618169844150543
2,68,-0.006928810849785805,0.002302289241924882,-400.9531002278764,0.3395395874977112,0.3540440499782562,0.3802853524684906,0.5049545764923096,0.5136504173278809,0.6299427151679993,0.5272769331932068,0.3870021104812622,Stock 83,0.20236575603485107,Stock 37,0.1686541885137558,Stock 33,0.16865433752536774
2,69,-0.020082389935851097,0.006056883372366428,-431.5630944368819,0.5085464119911194,0.570455014705658,0.5231096148490906,0.5443757176399231,0.33656272292137146,0.6164003610610962,0.44559791684150696,0.4440208971500397,Stock 74,0.19877977669239044,Stock 11,0.2482362687587738,Stock 13,0.16587947309017181
2,70,-0.0073736547492444515,0.003448900766670704,-313.79724289262157,0.4898422956466675,0.5434309840202332,0.6087521314620972,0.47788140177726746,0.5756142139434814,0.4450964033603668,0.46135857701301575,0.38029423356056213,Stock 89,0.2022712081670761,Stock 43,0.25262361764907837,Stock 80,0.1254497468471527
2,71,-0.05737747997045517,0.0047433581203222275,-1309.638372540958,0.5264157056808472,0.4689675271511078,0.6354328989982605,0.44994378089904785,0.5672915577888489,0.5620131492614746,0.498460978269577,0.31715866923332214,Stock 35,0.17236743867397308,Stock 80,0.12969884276390076,Stock 20,0.17231178283691406
2,72,-0.00849209725856781,0.0015265755355358124,-656.284118334647,0.45857200026512146,0.5164197683334351,0.5084291696548462,0.5449742078781128,0.4678497612476349,0.6467189788818359,0.5169723629951477,0.43565985560417175,Stock 2,0.167795330286026,Stock 17,0.3333449363708496,Stock 31,0.33239975571632385
2,73,-0.014453282579779625,0.0035851350985467434,-503.1447123328309,0.5722734332084656,0.613498866558075,0.4630766808986664,0.45841702818870544,0.539496898651123,0.6924944519996643,0.6136652827262878,0.5502806901931763,Stock 34,0.2515890300273895,Stock 12,0.2508780062198639,Stock 52,0.33555489778518677
2,74,-0.018874725326895714,0.002982980338856578,-732.7472253514982,0.5245305299758911,0.6131386756896973,0.5309572815895081,0.43204164505004883,0.658130407333374,0.4612584114074707,0.5454756617546082,0.49632528424263,Stock 69,0.24878519773483276,Stock 11,0.24878519773483276,Stock 13,0.16624628007411957
2,75,-0.012554817833006382,0.0031875749118626118,-493.86738132124907,0.46839767694473267,0.46429046988487244,0.510427713394165,0.45041319727897644,0.5056291818618774,0.5295187830924988,0.4775443971157074,0.3755629360675812,Stock 58,0.2494092583656311,Stock 77,0.24880701303482056,Stock 44,0.3322386145591736
2,76,-0.015215299092233181,0.0077661434188485146,-295.91833773382916,0.38646358251571655,0.4257858395576477,0.42477646470069885,0.5879334211349487,0.29273751378059387,0.6910178661346436,0.44665396213531494,0.39776143431663513,Stock 93,0.12474881112575531,Stock 9,0.19958123564720154,Stock 66,0.33221349120140076
2,77,-0.012554813176393509,0.0035347475204616785,-455.18274229537354,0.37618088722229004,0.38630712032318115,0.5579965114593506,0.5273883938789368,0.4078242778778076,0.4619244933128357,0.3663589060306549,0.28024229407310486,Stock 58,0.24930685758590698,Stock 75,0.24870485067367554,Stock 87,0.19929498434066772
2,78,0.026619531214237213,0.0015277513302862644,1642.3994786670776,0.25536593794822693,0.39401793479919434,0.4960958659648895,0.5953713059425354,0.5610950589179993,0.37162837386131287,0.39474350214004517,0.3391295373439789,Stock 40,0.16579946875572205,Stock 16,0.24884942173957825,Stock 88,0.24913877248764038
2,79,-0.01764192432165146,0.003235122188925743,-645.3248221053947,0.58122718334198,0.5986095070838928,0.49588191509246826,0.32356971502304077,0.6790097951889038,0.40970057249069214,0.5503824353218079,0.49026575684547424,Stock 41,0.1650393009185791,Stock 29,0.2484777867794037,Stock 23,0.24847862124443054
2,80,-0.007782502565532923,0.003167229937389493,-345.71953155846484,0.2984975278377533,0.43852171301841736,0.5092235803604126,0.5471412539482117,0.5376173257827759,0.30569228529930115,0.3628886342048645,0.3483501076698303,Stock 91,0.19938768446445465,Stock 89,0.1996462494134903,Stock 35,0.16453489661216736
2,81,-0.0155570637434721,0.004311669617891312,-460.8129824910036,0.5185583233833313,0.5109017491340637,0.4415765702724457,0.4672170877456665,0.43577682971954346,0.6945142149925232,0.5508871078491211,0.4649679660797119,Stock 4,0.24936696887016296,Stock 5,0.1677669882774353,Stock 32,0.24936696887016296
2,82,-0.015859242528676987,0.002885544905439019,-649.6099713708699,0.5812269449234009,0.551067590713501,0.54389488697052,0.35699108242988586,0.45703446865081787,0.402179479598999,0.41692915558815,0.38924261927604675,Stock 31,0.33447086811065674,Stock 25,0.5009049773216248,Stock 72,0.16797776520252228
2,83,-0.001904441392980516,0.001385037088766694,-237.50111158946115,0.608914852142334,0.5493014454841614,0.40142008662223816,0.31813615560531616,0.4650003910064697,0.5688703060150146,0.5354060530662537,0.492496132850647,Stock 37,0.16612973809242249,Stock 68,0.49618205428123474,Stock 33,0.1661296933889389
2,84,-0.0006997502059675753,0.0024130528327077627,-128.99854476797194,0.4163391590118408,0.4336962401866913,0.40944239497184753,0.4416601359844208,0.4885302186012268,0.5205324292182922,0.4800245761871338,0.40936902165412903,Stock 53,0.14249376952648163,Stock 54,0.33117935061454773,Stock 98,0.24943006038665771
2,85,-0.0022469290997833014,0.002525501186028123,-188.96963154141557,0.5384818315505981,0.5071250796318054,0.5027465224266052,0.418868750333786,0.4256482720375061,0.553691565990448,0.46648383140563965,0.3995950222015381,Stock 59,0.2512519955635071,Stock 18,0.2512521743774414,Stock 61,0.2512519359588623
2,86,0.022707419469952583,0.0037338624242693186,508.1482628379435,0.381845086812973,0.4973796308040619,0.33036351203918457,0.5050159096717834,0.29221394658088684,0.4741995930671692,0.382575660943985,0.48291388154029846,Stock 27,0.24883686006069183,Stock 7,0.1411135494709015,Stock 19,0.14085529744625092
2,87,-0.010460717603564262,0.004990683402866125,-309.60491297758387,0.3123840093612671,0.4128287732601166,0.5489863157272339,0.6061612963676453,0.4914426803588867,0.47390222549438477,0.4054645001888275,0.32459819316864014,Stock 49,0.2518344819545746,Stock 26,0.16754914820194244,Stock 20,0.16662479937076569
2,88,0.018510976806282997,0.002036045305430889,809.1633057922311,0.2917806804180145,0.3659459948539734,0.4584846794605255,0.5537472367286682,0.3652997314929962,0.3869819641113281,0.3238767385482788,0.3082921802997589,Stock 100,0.24943557381629944,Stock 95,0.49978822469711304,Stock 40,0.1662573665380478
2,89,0.004390747286379337,0.006045281887054443,-27.369023175216668,0.2517493665218353,0.2985733151435852,0.3671906292438507,0.573760986328125,0.3164626359939575,0.5054829120635986,0.35464516282081604,0.31361812353134155,Stock 80,0.12356767058372498,Stock 91,0.19900168478488922,Stock 43,0.24882972240447998
2,90,-0.00020171236246824265,0.0035395645536482334,-105.69879032889335,0.5046197772026062,0.509131133556366,0.454717218875885,0.4313805103302002,0.49003177881240845,0.5791724324226379,0.5171190500259399,0.4454920291900635,Stock 30,0.33364635705947876,Stock 5,0.16560527682304382,Stock 81,0.2474421262741089
2,91,0.0025139779318124056,0.0037509151734411716,-32.97694521025312,0.4916929304599762,0.5126194953918457,0.509189784526825,0.4725622832775116,0.5195105075836182,0.589438259601593,0.5203173160552979,0.4248262047767639,Stock 15,0.2482175976037979,Stock 80,0.12348408252000809,Stock 89,0.19912497699260712
2,92,-0.0024829544126987457,0.0024731033481657505,-200.39832805775387,0.4753088355064392,0.46920666098594666,0.44059833884239197,0.4115118384361267,0.5024405717849731,0.5266919136047363,0.494585782289505,0.4167385697364807,Stock 96,0.49936726689338684,Stock 53,0.14311738312244415,Stock 57,0.16661593317985535
2,93,-0.014630614779889584,0.0047261700965464115,-409.5659800856664,0.42863428592681885,0.46182703971862793,0.3714976906776428,0.45041313767433167,0.447836309671402,0.5658413171768188,0.49547043442726135,0.45615318417549133,Stock 76,0.19929364323616028,Stock 9,0.19937074184417725,Stock 62,0.19943523406982422
2,94,-0.002122039208188653,0.0035618196707218885,-159.57739033314314,0.5169930458068848,0.5224084258079529,0.4448564350605011,0.4222414195537567,0.48543307185173035,0.5807323455810547,0.5215827822685242,0.46074923872947693,Stock 46,0.3328538239002228,Stock 0,0.24982373416423798,Stock 39,0.19799529016017914
2,95,0.018725037574768066,0.002195226727053523,752.9887753280584,0.52499920129776,0.5170604586601257,0.4567849338054657,0.43053215742111206,0.45869967341423035,0.6057798266410828,0.517320990562439,0.44858819246292114,Stock 28,0.33252933621406555,Stock 88,0.2500385344028473,Stock 100,0.24964694678783417
2,96,-0.00646463967859745,0.002048618160188198,-415.56098663127983,0.4747973680496216,0.4812956154346466,0.42895349860191345,0.4203166663646698,0.5249776840209961,0.5572988986968994,0.5235170722007751,0.4416855573654175,Stock 92,0.143252894282341,Stock 57,0.16703815758228302,Stock 53,0.1434800624847412
2,97,-0.01797843538224697,0.004422754514962435,-506.49860446526895,0.521159827709198,0.48778223991394043,0.43215838074684143,0.3783887028694153,0.5087710618972778,0.5575980544090271,0.5228297114372253,0.4369066655635834,Stock 23,0.2509964406490326,Stock 79,0.1433725655078888,Stock 29,0.25099557638168335
2,98,-0.0010166254360228777,0.0015624563675373793,-165.065844854612,0.4850583076477051,0.4776154160499573,0.4398331046104431,0.42355549335479736,0.4954985976219177,0.5729385614395142,0.5143482685089111,0.42933768033981323,Stock 84,0.16633768379688263,Stock 64,0.24854044616222382,Stock 57,0.16586418449878693
2,99,-0.007362573407590389,0.0032169183250516653,-328.8703866136279,0.4894481599330902,0.4803364872932434,0.4311273992061615,0.43796461820602417,0.440643310546875,0.6022354960441589,0.5037728548049927,0.4334074556827545,Stock 50,0.5000050663948059,Stock 21,0.16654741764068604,Stock 56,0.14293968677520752
2,100,0.0091048963367939,0.001158484141342342,685.9318925370878,0.5400170683860779,0.525093138217926,0.4693182706832886,0.4148850739002228,0.4977489113807678,0.6003573536872864,0.5339621901512146,0.45067963004112244,Stock 88,0.2509959042072296,Stock 67,0.200169637799263,Stock 40,0.16704602539539337
2,101,-0.014195054769515991,0.004493787419050932,-415.88175954513497,0.4709247350692749,0.4966643452644348,0.3941068947315216,0.42669790983200073,0.4807935059070587,0.5606041550636292,0.5136017203330994,0.47063368558883667,Stock 93,0.12555307149887085,Stock 62,0.20093291997909546,Stock 19,0.14398062229156494
3,0,0.00269264611415565,0.003457482438534498,-22.12119187807168,0.478407621383667,0.48845043778419495,0.4196881651878357,0.4279177188873291,0.48550882935523987,0.5686032176017761,0.5128028988838196,0.44923797249794006,Stock 27,0.2499411404132843,Stock 55,0.16669107973575592,Stock 46,0.33249032497406006
3,1,-0.03147893771529198,0.004531161393970251,-794.7211758376543,0.5800579786300659,0.5758704543113708,0.5268927216529846,0.45244690775871277,0.4189525544643402,0.6234809756278992,0.5025615096092224,0.44975534081459045,Stock 41,0.16981033980846405,Stock 79,0.14616955816745758,Stock 45,0.3376714885234833
3,2,-0.0026153966318815947,0.0017976686358451843,-245.4882495990119,0.4439748525619507,0.4772759675979614,0.4124290347099304,0.4495087265968323,0.46696406602859497,0.538765549659729,0.4858855605125427,0.4414154589176178,Stock 51,0.33231818675994873,Stock 38,0.19916307926177979,Stock 72,0.1662299782037735
3,3,-0.015216507017612457,0.00504493061453104,-401.61974822377084,0.47508999705314636,0.4737449288368225,0.44367295503616333,0.4409498870372772,0.4897829294204712,0.5888946056365967,0.5154160261154175,0.42675015330314636,Stock 66,0.33339402079582214,Stock 76,0.20064307749271393,Stock 93,0.12574391067028046
3,4,-0.027579912915825844,0.0024861926212906837,-1209.3232551510023,0.5134201645851135,0.5001854300498962,0.471559077501297,0.41673338413238525,0.5012685060501099,0.5651007890701294,0.5121379494667053,0.4262421727180481,Stock 81,0.25233596563339233,Stock 5,0.16913749277591705,Stock 32,0.250796914100647
3,5,-0.012438129633665085,0.004162507597357035,-398.81337974163984,0.40270110964775085,0.3887504041194916,0.28194689750671387,0.40548601746559143,0.4287939667701721,0.6072028279304504,0.518509030342102,0.45732903480529785,Stock 81,0.24956516921520233,Stock 4,0.248043030500412,Stock 32,0.248043030500412
3,6,-0.01207056362181902,0.003974753897637129,-403.68077955705905,0.5098996758460999,0.5051186084747314,0.4174744486808777,0.393514484167099,0.505328893661499,0.5574610233306885,0.5248848795890808,0.4615226984024048,Stock 24,0.24699002504348755,Stock 43,0.2489086091518402,Stock 19,0.14217470586299896
3,7,-0.006882050074636936,0.002045189728960395,-436.4993465977946,0.49186891317367554,0.4829057455062866,0.4128112196922302,0.3981732130050659,0.5173637270927429,0.5622627139091492,0.5290680527687073,0.44989773631095886,Stock 39,0.1984824240207672,Stock 19,0.14208997786045074,Stock 27,0.2523086965084076
3,8,-0.03712465241551399,0.005802013911306858,-739.8580386573385,0.5395370125770569,0.49177491664886475,0.49285876750946045,0.36520639061927795,0.5732628703117371,0.5249965190887451,0.5276413559913635,0.40689635276794434,Stock 11,0.2557922303676605,Stock 74,0.2049732208251953,Stock 69,0.25579190254211426
3,9,-0.0014878384536132216,0.005376853980123997,-127.67117089497214,0.5111299753189087,0.5028715133666992,0.4584071934223175,0.37947872281074524,0.5271750688552856,0.479831725358963,0.4907229244709015,0.42651471495628357,Stock 93,0.12487837672233582,Stock 76,0.19926199316978455,Stock 55,0.16743607819080353
3,10,-0.022272538393735886,0.0036138026043772697,-716.3186214642149,0.4187297821044922,0.45815423130989075,0.3618994653224945,0.4543932378292084,0.4200178384780884,0.5511191487312317,0.4754890501499176,0.45419153571128845,Stock 21,0.16717490553855896,Stock 36,0.5037781000137329,Stock 56,0.1432054340839386
3,11,-0.005139969289302826,0.0031842170283198357,-261.4201935228941,0.45215553045272827,0.49393850564956665,0.41816410422325134,0.4580959975719452,0.47202789783477783,0.5569295883178711,0.4979422986507416,0.454833060503006,Stock 74,0.19867993891239166,Stock 69,0.24795904755592346,Stock 13,0.1652420163154602
3,12,-0.006915350444614887,0.00192171148955822,-459.8537284181326,0.5470091700553894,0.5312998294830322,0.44089651107788086,0.4145018458366394,0.45835286378860474,0.6250210404396057,0.5351917743682861,0.4702788293361664,Stock 14,0.2499585896730423,Stock 34,0.2507978081703186,Stock 73,0.33478423953056335
3,13,-0.006704746279865503,0.0032182158902287483,-308.33736792558483,0.5072327852249146,0.5148799419403076,0.4587107300758362,0.42568543553352356,0.48270028829574585,0.5535677671432495,0.5019665956497192,0.4428272545337677,Stock 45,0.32702603936195374,Stock 14,0.24836722016334534,Stock 38,0.19970636069774628
3,14,-0.01083206944167614,0.002965227235108614,-465.3031819424581,0.5119122862815857,0.5111435651779175,0.46352267265319824,0.41664454340934753,0.5403255820274353,0.5728984475135803,0.5380489826202393,0.4470236599445343,Stock 13,0.1682005077600479,Stock 12,0.2522893249988556,Stock 17,0.33625468611717224
3,15,0.0034572137519717216,0.003080168506130576,12.24105905539577,0.5134463310241699,0.5012131333351135,0.4500677287578583,0.4192492961883545,0.4746141731739044,0.5834503769874573,0.5130147933959961,0.4387306869029999,Stock 35,0.16625727713108063,Stock 91,0.2004229724407196,Stock 80,0.12446916848421097
3,16,-0.029163770377635956,0.0021613293793052435,-1449.3440961326594,0.4860610067844391,0.5014207363128662,0.4442790150642395,0.41188523173332214,0.4640982747077942,0.4807286858558655,0.4599995017051697,0.4286482334136963,Stock 40,0.16366830468177795,Stock 53,0.14086686074733734,Stock 92,0.14181992411613464
3,17,-0.007592786103487015,0.001702037057839334,-546.0999288185736,0.5130299925804138,0.508878767490387,0.4463382065296173,0.40811944007873535,0.5002217888832092,0.5576179623603821,0.5159267783164978,0.446992963552475,Stock 72,0.16760830581188202,Stock 2,0.1673276573419571,Stock 14,0.24975359439849854
3,18,-0.015114614740014076,0.0016083616064861417,-1039.7522720674513,0.46133166551589966,0.4578419625759125,0.43205904960632324,0.42874348163604736,0.47354599833488464,0.5449711680412292,0.48720085620880127,0.4127429723739624,Stock 61,0.2498415857553482,Stock 59,0.2498416006565094,Stock 85,0.3330472409725189
3,19,-0.013295941986143589,0.003841312602162361,-446.13017380202285,0.4901302754878998,0.45985373854637146,0.47868287563323975,0.4096571207046509,0.5412760376930237,0.5526163578033447,0.516451358795166,0.3944272994995117,Stock 7,0.1433490365743637,Stock 39,0.19949805736541748,Stock 101,0.4991186857223511
3,20,-0.002737615257501602,0.0047057149931788445,-158.17639320421878,0.43588361144065857,0.45369720458984375,0.4216810464859009,0.45222917199134827,0.4704570174217224,0.5509970784187317,0.486451655626297,0.41905492544174194,Stock 35,0.16639775037765503,Stock 80,0.12457432597875595,Stock 26,0.16570889949798584
3,21,-0.016492385417222977,0.002570915734395385,-741.4984822947366,0.5286980271339417,0.536737859249115,0.46108418703079224,0.4548468589782715,0.48298653960227966,0.6544607877731323,0.5535394549369812,0.4741814136505127,Stock 56,0.14234672486782074,Stock 92,0.14334353804588318,Stock 10,0.33080750703811646
3,22,0.012630872428417206,0.004714527167379856,167.91387513494666,0.40022042393684387,0.4181288480758667,0.4270503520965576,0.42505037784576416,0.5665387511253357,0.469721257686615,0.48717835545539856,0.39053401350975037,Stock 49,0.24976672232151031,Stock 26,0.16456469893455505,Stock 20,0.1654905527830124
3,23,-0.0120784230530262,0.002687813714146614,-549.3772388114003,0.46524420380592346,0.4569700360298157,0.34105589985847473,0.39499983191490173,0.4272887408733368,0.5669957399368286,0.49950969219207764,0.4633173942565918,Stock 79,0.14173419773578644,Stock 41,0.16465763747692108,Stock 97,0.2474983185529709
3,24,-0.027205893769860268,0.002008664421737194,-1454.427025014524,0.6393548250198364,0.5648704171180725,0.5359911918640137,0.36555159091949463,0.5311973690986633,0.6369423866271973,0.5702502131462097,0.4437117278575897,Stock 39,0.2033960074186325,Stock 19,0.14560753107070923,Stock 7,0.1461499184370041
3,25,0.016928665339946747,0.0031605837866663933,435.6183060662396,0.459846556186676,0.4788781404495239,0.2854095995426178,0.4013369679450989,0.4509277939796448,0.6277268528938293,0.5571529269218445,0.5338857769966125,Stock 82,0.3326077461242676,Stock 9,0.19819360971450806,Stock 55,0.16604310274124146
3,26,-0.010048894211649895,0.002765263896435499,-463.3972954481196,0.3594128489494324,0.4047987163066864,0.26410549879074097,0.4201986789703369,0.4415160119533539,0.5176096558570862,0.48528751730918884,0.47853967547416687,Stock 20,0.16574107110500336,Stock 49,0.2501448094844818,Stock 87,0.19570975005626678
3,27,0.012659747153520584,0.001726142829284072,633.4124927988311,0.414253830909729,0.46100980043411255,0.5709142088890076,0.4457786977291107,0.637931764125824,0.35118573904037476,0.4396050274372101,0.3381533920764923,Stock 7,0.14095184206962585,Stock 0,0.24914750456809998,Stock 86,0.5011033415794373
3,28,-0.01730097085237503,0.002456607762724161,-804.2626468455745,0.5577068328857422,0.5436166524887085,0.4715747833251953,0.3726898431777954,0.5787777304649353,0.5472301244735718,0.5543815493583679,0.46563002467155457,Stock 67,0.1991782933473587,Stock 33,0.16617165505886078,Stock 37,0.16617165505886078
3,29,-0.017467768862843513,0.003094127168878913,-664.5459255371384,0.4106530249118805,0.4186330735683441,0.39467325806617737,0.4971082806587219,0.44248703122138977,0.666441023349762,0.525145947933197,0.4227111339569092,Stock 79,0.14236949384212494,Stock 41,0.16539567708969116,Stock 97,0.24860768020153046
3,30,0.001708079595118761,0.004082933533936739,-58.165383273534665,0.37469083070755005,0.36899349093437195,0.3610963225364685,0.42619574069976807,0.4223160147666931,0.48804622888565063,0.4319901764392853,0.373206228017807,Stock 90,0.333513468503952,Stock 48,0.5003955364227295,Stock 5,0.16500630974769592
3,31,0.00710293697193265,0.002066073240712285,243.7892148239571,0.4897224009037018,0.4601539671421051,0.4496760964393616,0.4404740333557129,0.45558905601501465,0.6248735189437866,0.5144959092140198,0.4110950231552124,Stock 72,0.16613994538784027,Stock 82,0.3336767256259918,Stock 74,0.1987217664718628
3,32,-0.027579909190535545,0.0045087747275829315,-711.6941044273598,0.5049254298210144,0.5148777365684509,0.431180864572525,0.4324023425579071,0.5092203617095947,0.6147325038909912,0.5493542551994324,0.4725593030452728,Stock 75,0.24696886539459229,Stock 4,0.2507779598236084,Stock 77,0.24696886539459229
3,33,-0.012942446395754814,0.0009819965343922377,-1417.9727160406892,0.6059284210205078,0.6083080768585205,0.44579511880874634,0.3469964861869812,0.5030092597007751,0.5070200562477112,0.5213989019393921,0.5152013897895813,Stock 67,0.19976523518562317,Stock 37,0.1666613072156906,Stock 83,0.19980087876319885
3,34,-0.004478319548070431,0.0023046014830470085,-294.32077871222486,0.5380754470825195,0.5098085403442383,0.4658823013305664,0.3795865774154663,0.5615489482879639,0.5600979328155518,0.546094536781311,0.44176778197288513,Stock 73,0.331348180770874,Stock 47,0.332048624753952,Stock 12,0.24774712324142456
3,35,-0.006020957604050636,0.0013386564096435905,-549.776175624758,0.44094228744506836,0.4565507471561432,0.3694862425327301,0.4153841435909271,0.43971437215805054,0.5146974325180054,0.470811665058136,0.4421035945415497,Stock 15,0.2496667206287384,Stock 80,0.12382557988166809,Stock 42,0.5001314282417297
3,36,-0.01091719325631857,0.0036835570354014635,-396.37638704646054,0.4445464611053467,0.44278275966644287,0.34424954652786255,0.45763805508613586,0.35831397771835327,0.651240348815918,0.49696770310401917,0.45578324794769287,Stock 56,0.14105749130249023,Stock 21,0.16466744244098663,Stock 100,0.2458835244178772
3,37,-0.012942450121045113,0.0019491452258080244,-764.0064552234571,0.4274359345436096,0.40992292761802673,0.3717080056667328,0.4389856159687042,0.44594666361808777,0.6145644187927246,0.5103724598884583,0.4183042347431183,Stock 33,0.16677995026111603,Stock 83,0.19994312524795532,Stock 67,0.19990745186805725
3,38,-0.003217119723558426,0.003191947005689144,-200.78863207391652,0.6457482576370239,0.6467325091362,0.47874346375465393,0.4363700747489929,0.37322351336479187,0.6967447996139526,0.5466486215591431,0.539720892906189,Stock 51,0.3323173224925995,Stock 47,0.3324125409126282,Stock 2,0.16594566404819489
3,39,-0.020890993997454643,0.0027458099648356438,-860.8317496475075,0.6196455955505371,0.5713040232658386,0.4080086052417755,0.3366018831729889,0.42248284816741943,0.5898491144180298,0.5261939167976379,0.5040535926818848,Stock 7,0.14472462236881256,Stock 19,0.14418752491474152,Stock 24,0.2504867911338806
3,40,-0.021607104688882828,0.0019832192920148373,-1189.496495716883,0.5713395476341248,0.5456697940826416,0.40262606739997864,0.3716994822025299,0.44758883118629456,0.6027823686599731,0.535291314125061,0.49703696370124817,Stock 16,0.24845585227012634,Stock 56,0.1433795839548111,Stock 78,0.4966620206832886
3,41,-0.019362838938832283,0.00250495714135468,-872.9808474232364,0.5278081893920898,0.547694206237793,0.4638141691684723,0.43455636501312256,0.6089863777160645,0.6448952555656433,0.610475480556488,0.4980486333370209,Stock 79,0.14329729974269867,Stock 1,0.32971400022506714,Stock 23,0.2511616051197052
3,42,0.008230891078710556,0.001616084249690175,409.31076645840267,0.4877145290374756,0.4666251540184021,0.35664939880371094,0.339359313249588,0.5230523943901062,0.4879363775253296,0.512238621711731,0.4594501554965973,Stock 35,0.16532747447490692,Stock 15,0.24953553080558777,Stock 91,0.19929423928260803
3,43,-0.017553076148033142,0.006057671271264553,-389.76607283559144,0.5402712225914001,0.47454941272735596,0.40377119183540344,0.38439756631851196,0.45423102378845215,0.6594687700271606,0.5517349243164062,0.4486895799636841,Stock 89,0.2020505666732788,Stock 70,0.4995584487915039,Stock 24,0.24956955015659332
3,44,-0.05891789495944977,0.004765156656503677,-1336.4314377584262,0.40085726976394653,0.40910667181015015,0.37262392044067383,0.39439648389816284,0.5576623678207397,0.47158899903297424,0.4971548914909363,0.41323742270469666,Stock 26,0.17541751265525818,Stock 58,0.25384461879730225,Stock 87,0.20828507840633392
3,45,-0.026568319648504257,0.002278671134263277,-1265.9567389523338,0.5842021107673645,0.5523415803909302,0.5197494029998779,0.4057503640651703,0.5338539481163025,0.6187469959259033,0.5568650960922241,0.44724276661872864,Stock 13,0.1700248271226883,Stock 41,0.16861900687217712,Stock 1,0.33396321535110474
3,46,-0.0017012925818562508,0.002518937224522233,-167.5400945007248,0.4755593240261078,0.49973568320274353,0.42105546593666077,0.4475906491279602,0.4827074706554413,0.5909309983253479,0.5220672488212585,0.46187812089920044,Stock 7,0.1418742537498474,Stock 94,0.5002971887588501,Stock 0,0.2507432997226715
3,47,0.0012902821181342006,0.0021674216259270906,-40.469260678235756,0.31833720207214355,0.43158406019210815,0.3263299763202667,0.4957955479621887,0.507956862449646,0.4745232164859772,0.4756738245487213,0.4682719111442566,Stock 38,0.2010072022676468,Stock 34,0.25082430243492126,Stock 2,0.16748268902301788
3,48,0.0029458138160407543,0.0030874330550432205,-4.586957400457179,0.4486907720565796,0.4333680272102356,0.3771916627883911,0.4273003339767456,0.37572765350341797,0.5639557838439941,0.4563465118408203,0.4149380028247833,Stock 30,0.33296263217926025,Stock 90,0.3329625129699707,Stock 5,0.1647067368030548
3,49,0.006813599728047848,0.006313662510365248,7.918339266025774,0.38031595945358276,0.3913062810897827,0.3532727360725403,0.37969544529914856,0.5610882639884949,0.4318568706512451,0.4809877276420593,0.40645694732666016,Stock 87,0.1958051323890686,Stock 20,0.1658218502998352,Stock 26,0.16489413380622864
3,50,-0.0246187224984169,0.0029576628003269434,-932.3708333382534,0.5427360534667969,0.5051677227020264,0.3428940773010254,0.37466394901275635,0.45322293043136597,0.671930730342865,0.5778076648712158,0.5148563981056213,Stock 99,0.49998536705970764,Stock 21,0.16775600612163544,Stock 56,0.14370320737361908
3,51,-0.0008817800553515553,0.00149551744107157,-158.96153606338027,0.5185515284538269,0.5208542346954346,0.5130974054336548,0.3689732253551483,0.5085517764091492,0.36319464445114136,0.4186859726905823,0.3896581530570984,Stock 2,0.16744408011436462,Stock 38,0.20096085965633392,Stock 72,0.16772492229938507
3,52,-0.00040782196447253227,0.003103012917563319,-113.1427736624693,0.4632411003112793,0.49708035588264465,0.4575470983982086,0.44768649339675903,0.4064335525035858,0.46774718165397644,0.4184553027153015,0.41070830821990967,Stock 64,0.24469682574272156,Stock 98,0.244912251830101,Stock 79,0.1409226655960083
3,53,-0.016617897897958755,0.002685699611902237,-718.7548981395046,0.4930446743965149,0.5037897229194641,0.42382675409317017,0.38984963297843933,0.5660702586174011,0.5199931859970093,0.53416508436203,0.4614509642124176,Stock 92,0.14413617551326752,Stock 57,0.16657444834709167,Stock 84,0.16536720097064972
3,54,-0.03923565521836281,0.0021281868685036898,-1943.6188945169586,0.09337975084781647,0.26600807905197144,0.18912756443023682,0.7381249070167542,0.195357084274292,0.3778543174266815,0.24762243032455444,0.4005942940711975,Stock 84,0.1704760044813156,Stock 16,0.25569260120391846,Stock 53,0.14761492609977722
3,55,0.007240999955683947,0.0019305504392832518,275.0743730048455,0.47327765822410583,0.5834177136421204,0.5271787047386169,0.5129188895225525,0.6536235213279724,0.5752126574516296,0.5819810628890991,0.49586841464042664,Stock 62,0.19920504093170166,Stock 60,0.3334721624851227,Stock 93,0.12430638074874878
3,56,-0.017249589785933495,0.002225970383733511,-874.9244963898219,0.3795337378978729,0.4014238119125366,0.4132995903491974,0.45934247970581055,0.5045138597488403,0.5085431933403015,0.4717614948749542,0.38460516929626465,Stock 21,0.16646337509155273,Stock 40,0.16574706137180328,Stock 92,0.14359447360038757
3,57,-0.020474400371313095,0.0021159464959055185,-1067.6237282432362,0.3645462095737457,0.38818004727363586,0.41370031237602234,0.4832459092140198,0.5295929908752441,0.5601917505264282,0.5026008486747742,0.38590583205223083,Stock 53,0.1417660117149353,Stock 92,0.14270156621932983,Stock 84,0.1637212634086609
3,58,-0.058116551488637924,0.0029744701460003853,-2053.8455131843975,0.6489274501800537,0.5841504335403442,0.5894486904144287,0.39744049310684204,0.5184138417243958,0.648666262626648,0.5593628287315369,0.42863699793815613,Stock 77,0.24972502887248993,Stock 75,0.24972502887248993,Stock 44,0.3297189176082611
3,59,-0.015114618465304375,0.0022571044974029064,-769.6463758189183,0.46162575483322144,0.47404417395591736,0.3856743574142456,0.3807969093322754,0.5557064414024353,0.49434736371040344,0.5197182297706604,0.45710867643356323,Stock 18,0.24989061057567596,Stock 85,0.33311256766319275,Stock 61,0.24989059567451477
3,60,0.006074482575058937,0.0026403500232845545,130.06353405759344,0.5904123187065125,0.5701767802238464,0.4040141999721527,0.3691147267818451,0.47801145911216736,0.6280523538589478,0.5671179890632629,0.523574948310852,Stock 62,0.1989913135766983,Stock 55,0.16650044918060303,Stock 93,0.12417301535606384
3,61,-0.015114609152078629,0.002637831959873438,-672.9936319675124,0.4083797335624695,0.4721606373786926,0.435965359210968,0.5398886799812317,0.5009353756904602,0.6611390709877014,0.5459888577461243,0.4526771306991577,Stock 18,0.24983134865760803,Stock 83,0.2000211924314499,Stock 59,0.24983134865760803
3,62,-0.0014173337258398533,0.0038060990627855062,-137.23848755535474,0.2344287782907486,0.3935126066207886,0.3215203583240509,0.6214552521705627,0.29846465587615967,0.4506750702857971,0.34214815497398376,0.41839513182640076,Stock 55,0.1666499525308609,Stock 60,0.33341342210769653,Stock 93,0.12428450584411621
3,63,-0.03361189737915993,0.006745942868292332,-598.2535137844777,0.5165327787399292,0.6190062761306763,0.6536254286766052,0.5317691564559937,0.7694688439369202,0.6018387079238892,0.6378276348114014,0.47013208270072937,Stock 97,0.25341668725013733,Stock 10,0.33638933300971985,Stock 29,0.25326967239379883
3,64,-0.021111536771059036,0.0019070814596489072,-1207.007603909361,0.5139539241790771,0.5148440003395081,0.4425581395626068,0.43084803223609924,0.45226240158081055,0.5920916199684143,0.5095791220664978,0.4532470703125,Stock 98,0.24727225303649902,Stock 52,0.33442893624305725,Stock 84,0.16388003528118134
3,65,-0.03290340304374695,0.003109837183728814,-1158.042627308691,0.5310862064361572,0.4890133738517761,0.45888465642929077,0.36747288703918457,0.5573617815971375,0.5460477471351624,0.5361858010292053,0.4260053336620331,Stock 64,0.2518509030342102,Stock 57,0.16835786402225494,Stock 54,0.33166223764419556
3,66,-0.013370228931307793,0.0037797740660607815,-453.7309028960566,0.5106818675994873,0.4985834062099457,0.42865559458732605,0.39286595582962036,0.4769183397293091,0.536338746547699,0.4981820285320282,0.442058801651001,Stock 3,0.5006505250930786,Stock 76,0.20116585493087769,Stock 9,0.20178228616714478
3,67,-0.014373688027262688,0.0022338677663356066,-743.4439962774076,0.5373733043670654,0.5814176201820374,0.5037999153137207,0.4385955333709717,0.48480722308158875,0.5114560723304749,0.4850548207759857,0.4650722146034241,Stock 33,0.1665363907814026,Stock 28,0.33191853761672974,Stock 37,0.1665363907814026
3,68,-0.014873948879539967,0.002570424461737275,-678.6573035290481,0.5389305353164673,0.4925302565097809,0.4217037260532379,0.4583795964717865,0.5409736633300781,0.8077224493026733,0.6695191264152527,0.4961850643157959,Stock 83,0.20044979453086853,Stock 37,0.16720259189605713,Stock 33,0.16720259189605713
3,69,-0.005139957182109356,0.00472994102165103,-208.66852585648533,0.4313631057739258,0.45482537150382996,0.42492544651031494,0.3374016284942627,0.5932362675666809,0.28741654753685,0.4245372414588928,0.3927742540836334,Stock 74,0.19867396354675293,Stock 11,0.247951477766037,Stock 13,0.16523706912994385
3,70,-0.02611481584608555,0.005461441352963448,-578.1671020218009,0.5794398188591003,0.5831018090248108,0.4568607211112976,0.3824627697467804,0.4577895402908325,0.5306660532951355,0.49924975633621216,0.48701244592666626,Stock 89,0.20240774750709534,Stock 43,0.25195279717445374,Stock 80,0.12669919431209564
3,71,-0.0364728644490242,0.0062812562100589275,-680.6619445106512,0.5733113288879395,0.5131892561912537,0.4607759118080139,0.3700545132160187,0.4496958255767822,0.58305424451828,0.508624792098999,0.43128740787506104,Stock 35,0.17049849033355713,Stock 80,0.1276443600654602,Stock 20,0.170763298869133
3,72,0.0008349348790943623,0.0017423609970137477,-52.08025888289703,0.3917987048625946,0.5588266849517822,0.503615140914917,0.6588337421417236,0.27015140652656555,0.5801553726196289,0.37775665521621704,0.44482436776161194,Stock 2,0.1658538579940796,Stock 17,0.3303830027580261,Stock 31,0.33331722021102905
3,73,-0.002382181119173765,0.002305557718500495,-203.32342148966478,0.45417147874832153,0.617050051689148,0.5072684288024902,0.5528934001922607,0.5103922486305237,0.513648271560669,0.48868265748023987,0.5108944773674011,Stock 34,0.2501111328601837,Stock 12,0.24963907897472382,Stock 52,0.3341100215911865
3,74,-0.002665479201823473,0.0024707268457859755,-207.8823912230388,0.5298330187797546,0.48891398310661316,0.3751087486743927,0.28634387254714966,0.5534986853599548,0.40585991740226746,0.49470698833465576,0.4527800381183624,Stock 69,0.2482975274324417,Stock 11,0.24829739332199097,Stock 13,0.16546759009361267
3,75,-0.04667119309306145,0.003505605272948742,-1431.3305252363436,0.763482391834259,0.6059914231300354,0.6203396916389465,0.26253053545951843,0.6488510370254517,0.6532122492790222,0.6403099298477173,0.4296334981918335,Stock 58,0.24918264150619507,Stock 77,0.2514788508415222,Stock 44,0.33203449845314026
3,76,-0.0096052261069417,0.004569816403090954,-310.18844653025604,0.5526449680328369,0.5972643494606018,0.4653701186180115,0.39696839451789856,0.6783785820007324,0.5772270560264587,0.6245052218437195,0.5369919538497925,Stock 93,0.12534761428833008,Stock 9,0.20062363147735596,Stock 66,0.33234331011772156
3,77,-0.04667118936777115,0.0014702689368277788,-3274.3300969459315,0.41644126176834106,0.47068414092063904,0.34180748462677,0.3717431128025055,0.5840689539909363,0.4120279848575592,0.5022501945495605,0.4785807430744171,Stock 58,0.24952785670757294,Stock 75,0.25182726979255676,Stock 87,0.20474308729171753
3,78,-0.030145877972245216,0.0016051210695877671,-1978.1061779961178,0.5169596076011658,0.5054672956466675,0.38612881302833557,0.48500344157218933,0.2694157063961029,0.7166629433631897,0.4859778881072998,0.4726286232471466,Stock 40,0.1688980907201767,Stock 16,0.2517955005168915,Stock 88,0.25142836570739746
3,79,-0.012458965182304382,0.003917230758816004,-418.0554312319897,0.30942291021347046,0.37141484022140503,0.27375689148902893,0.4877176582813263,0.3288666307926178,0.5067847371101379,0.40718021988868713,0.4311123490333557,Stock 41,0.16504380106925964,Stock 29,0.24793486297130585,Stock 23,0.249004527926445
3,80,-0.009570949710905552,0.0037764122243970633,-353.44027987923477,0.27605903148651123,0.4241389334201813,0.5541669726371765,0.611009418964386,0.6122112274169922,0.39549174904823303,0.42313289642333984,0.34004005789756775,Stock 91,0.20023897290229797,Stock 89,0.1986626386642456,Stock 35,0.16610462963581085
3,81,-0.020005255937576294,0.0029836748726665974,-770.4904787329261,0.6575116515159607,0.5797097086906433,0.555193305015564,0.26109063625335693,0.7441092729568481,0.45051291584968567,0.6013967394828796,0.445025235414505,Stock 4,0.25038209557533264,Stock 5,0.16885773837566376,Stock 32,0.25038209557533264
3,82,0.01372072659432888,0.0022196113131940365,518.1589773294431,0.4194711744785309,0.5057651400566101,0.4360138475894928,0.45213553309440613,0.5315656065940857,0.42676594853401184,0.46129921078681946,0.4469124674797058,Stock 31,0.33336079120635986,Stock 25,0.5008312463760376,Stock 72,0.1661592721939087
3,83,-0.014142130501568317,0.0023534768261015415,-700.9037499211029,0.30350184440612793,0.40047988295555115,0.36094754934310913,0.5507152676582336,0.462510883808136,0.5469014644622803,0.4689830541610718,0.4261934161186218,Stock 37,0.1666480451822281,Stock 68,0.4991694986820221,Stock 33,0.1666480451822281
3,84,-0.029557235538959503,0.002201880095526576,-1442.3635373701372,0.8380159139633179,0.7640369534492493,0.6786415576934814,0.30937889218330383,0.7143349051475525,0.7847936153411865,0.7511887550354004,0.5747784972190857,Stock 53,0.14402122795581818,Stock 54,0.33005109429359436,Stock 98,0.250962495803833
3,85,-0.015394831076264381,0.0026876633055508137,-672.796117894289,0.4903402626514435,0.4067402780056,0.41414621472358704,0.349181592464447,0.6067813634872437,0.5911778807640076,0.576946496963501,0.399758517742157,Stock 59,0.2504364848136902,Stock 18,0.2504364848136902,Stock 61,0.2504364550113678
3,86,0.02964910864830017,0.004016226623207331,638.2329591905,0.313870906829834,0.41298314929008484,0.34746572375297546,0.4927903115749359,0.5570459365844727,0.47819098830223083,0.49239403009414673,0.44601941108703613,Stock 27,0.2483258992433548,Stock 7,0.14033113420009613,Stock 19,0.1398017704486847
3,87,-0.024596191942691803,0.0055401804856956005,-543.9601201837671,0.6292193531990051,0.5666540861129761,0.5461217164993286,0.41408026218414307,0.48217207193374634,0.692963182926178,0.569366455078125,0.444026917219162,Stock 49,0.2498217523097992,Stock 26,0.16460095345973969,Stock 20,0.16552701592445374
3,88,-0.03132060915231705,0.0026699493173509836,-1273.0787902517977,0.5668562650680542,0.533926784992218,0.4697825312614441,0.4316105842590332,0.470518559217453,0.6905043721199036,0.5685649514198303,0.4661264717578888,Stock 100,0.2520769536495209,Stock 95,0.5003886222839355,Stock 40,0.16808871924877167
3,89,-0.011975795030593872,0.005471014883369207,-318.89531075848276,0.6291667222976685,0.6303697228431702,0.4182940721511841,0.3483223617076874,0.525174081325531,0.5986089706420898,0.5855239033699036,0.5655604004859924,Stock 80,0.12452562898397446,Stock 91,0.20051388442516327,Stock 43,0.24763044714927673
3,90,0.001708081690594554,0.003543892642483115,-51.80210398817994,0.4917832314968109,0.499711811542511,0.404266357421875,0.424806147813797,0.483022540807724,0.6011448502540588,0.5337682962417603,0.4712037146091461,Stock 30,0.3335239291191101,Stock 5,0.1650114804506302,Stock 81,0.24618034064769745
3,91,-0.00047845509834587574,0.0031883653718978167,-115.00628198270402,0.4970431923866272,0.5265534520149231,0.4929806590080261,0.45889320969581604,0.5504974126815796,0.5842428803443909,0.539739727973938,0.4486731290817261,Stock 15,0.24983060359954834,Stock 80,0.12390687316656113,Stock 89,0.19794362783432007
3,92,-0.008263198658823967,0.002878969768062234,-387.0192924737007,0.46664881706237793,0.47672200202941895,0.4272456169128418,0.4327308237552643,0.4823972284793854,0.5526905059814453,0.4991505444049835,0.4333823323249817,Stock 96,0.49986201524734497,Stock 53,0.14123086631298065,Stock 57,0.16429400444030762
3,93,-0.004427988547831774,0.0036402784753590822,-221.63873115215424,0.46379899978637695,0.4935183525085449,0.41751983761787415,0.4321502149105072,0.4949914515018463,0.5356254577636719,0.5016685128211975,0.4529114365577698,Stock 76,0.19891834259033203,Stock 9,0.19952788949012756,Stock 62,0.1997622847557068
3,94,-0.004063368774950504,0.0038311604876071215,-206.0610430728371,0.47034770250320435,0.4926931858062744,0.45008307695388794,0.4404289126396179,0.479143351316452,0.5271415114402771,0.4825647175312042,0.4290599524974823,Stock 46,0.33355647325515747,Stock 0,0.2504454255104065,Stock 39,0.19721102714538574
3,95,-0.03145557641983032,0.0022689884062856436,-1486.3260091012721,0.4774905741214752,0.49192014336586,0.418427973985672,0.4234248101711273,0.496690034866333,0.5550180077552795,0.5129448771476746,0.4525096118450165,Stock 28,0.3368898928165436,Stock 88,0.2498348504304886,Stock 100,0.2516854405403137
3,96,-0.0028076739981770515,0.0024372737389057875,-215.19731876475868,0.4405633807182312,0.44680431485176086,0.43168020248413086,0.4359133243560791,0.5004717111587524,0.5343174338340759,0.49126341938972473,0.40820392966270447,Stock 92,0.14224138855934143,Stock 57,0.16438469290733337,Stock 53,0.14130882918834686
3,97,-0.016751529648900032,0.0036215437576174736,-562.5521813360737,0.5269867777824402,0.5105498433113098,0.4488845765590668,0.3997049629688263,0.4683223068714142,0.5542218685150146,0.5003439784049988,0.44015878438949585,Stock 23,0.25141197443008423,Stock 79,0.1434401422739029,Stock 29,0.25033196806907654
3,98,-0.01957864686846733,0.002571835881099105,-861.2712386647379,0.44257527589797974,0.4546091556549072,0.4422241747379303,0.4544489085674286,0.4829540252685547,0.5543415546417236,0.4899269640445709,0.40943068265914917,Stock 84,0.1702297031879425,Stock 64,0.2565101385116577,Stock 57,0.1714724600315094
3,99,-0.0246187224984169,0.003175433026626706,-875.2870960270137,0.4386831521987915,0.43438684940338135,0.4415288269519806,0.48049452900886536,0.4092475473880768,0.6055946946144104,0.4734993875026703,0.3912481367588043,Stock 50,0.50001460313797,Stock 21,0.167765811085701,Stock 56,0.1437116116285324
3,100,-0.02217666432261467,0.001705444767139852,-1400.3449158782469,0.5159255266189575,0.5210227370262146,0.4456650912761688,0.4304024875164032,0.4662868082523346,0.589609682559967,0.5156136751174927,0.4581018090248108,Stock 88,0.24851329624652863,Stock 67,0.20153354108333588,Stock 40,0.1669398993253708
3,101,-0.01988600566983223,0.006072156596928835,-427.4949410871607,0.4883025586605072,0.4894298315048218,0.46291249990463257,0.4264584481716156,0.5259512066841125,0.5575844049453735,0.5181478261947632,0.427398681640625,Stock 93,0.12660321593284607,Stock 62,0.20287132263183594,Stock 19,0.14332140982151031
4,0,-0.00524746160954237,0.002795288572087884,-287.7252195691154,0.5648991465568542,0.5575153827667236,0.5286015868186951,0.42855799198150635,0.5072970390319824,0.5879097580909729,0.525181770324707,0.4408842623233795,Stock 27,0.2523813843727112,Stock 55,0.16517476737499237,Stock 46,0.3335252106189728
4,1,-0.023234140127897263,0.005672411527484655,-509.59898652134797,0.5339632034301758,0.5347995758056641,0.4953898787498474,0.44355303049087524,0.47804203629493713,0.5987318754196167,0.5168233513832092,0.4420067369937897,Stock 41,0.16902108490467072,Stock 79,0.14485368132591248,Stock 45,0.3349885046482086
4,2,-0.0005641339812427759,0.0017940474208444357,-131.44476420680368,0.4414409101009369,0.4773210287094116,0.42163389921188354,0.4470440447330475,0.4962983727455139,0.5276474356651306,0.49257180094718933,0.438620388507843,Stock 51,0.3331303894519806,Stock 38,0.19912123680114746,Stock 72,0.16490143537521362
4,3,-0.019224394112825394,0.007567388005554676,-354.04266437394443,0.47290903329849243,0.4678881764411926,0.43903690576553345,0.4319390654563904,0.4974402189254761,0.577182412147522,0.5143172740936279,0.42381852865219116,Stock 66,0.3337614834308624,Stock 76,0.20027080178260803,Stock 93,0.12492689490318298
4,4,-0.042023710906505585,0.004179493058472872,-1105.4738772998576,0.5390579104423523,0.5221914649009705,0.47034895420074463,0.4237949848175049,0.4793723225593567,0.6139623522758484,0.5304763913154602,0.4473295509815216,Stock 81,0.25469526648521423,Stock 5,0.17109230160713196,Stock 32,0.2521442770957947
4,5,-0.019914833828806877,0.003789531299844384,-625.5223470412997,0.3641495704650879,0.3740246891975403,0.25540849566459656,0.4315021336078644,0.4084613025188446,0.6131024360656738,0.5116673707962036,0.46686333417892456,Stock 81,0.2490845024585724,Stock 4,0.24658972024917603,Stock 32,0.24658972024917603
4,6,-0.005658161360770464,0.004569301847368479,-223.82988801733626,0.5004793405532837,0.5055727362632751,0.41123172640800476,0.4011264145374298,0.49396461248397827,0.5504699945449829,0.5167416334152222,0.46433719992637634,Stock 24,0.24887338280677795,Stock 43,0.24860379099845886,Stock 19,0.14253225922584534
4,7,-0.00014628004282712936,0.0025836722925305367,-105.66171039763938,0.44309869408607483,0.46379274129867554,0.3826616704463959,0.4165225625038147,0.4689231812953949,0.5104740858078003,0.48090583086013794,0.4433729946613312,Stock 39,0.19844837486743927,Stock 19,0.1418302357196808,Stock 27,0.24985329806804657
4,8,-0.037829939275979996,0.005564308259636164,-779.8677842922671,0.5357112884521484,0.48114868998527527,0.45183855295181274,0.36695510149002075,0.5328401327133179,0.5675888061523438,0.5352939367294312,0.4225844144821167,Stock 11,0.2546631395816803,Stock 74,0.20352426171302795,Stock 69,0.2546631395816803
4,9,-0.022228457033634186,0.004519008100032806,-591.8879661550687,0.4675382077693939,0.4671824276447296,0.44117963314056396,0.4150184094905853,0.5021949410438538,0.5155954957008362,0.4879470467567444,0.413845956325531,Stock 93,0.12470970302820206,Stock 76,0.1999226212501526,Stock 55,0.16577790677547455
4,10,0.00389182404614985,0.004151505418121815,-6.255113406294131,0.4238395094871521,0.4609443247318268,0.3645865321159363,0.44551342725753784,0.4305306077003479,0.539655864238739,0.4762534499168396,0.45392635464668274,Stock 21,0.16615720093250275,Stock 36,0.5004023909568787,Stock 56,0.14247716963291168
4,11,-0.014880860224366188,0.004909135866910219,-403.12585815091956,0.4851551353931427,0.5108101963996887,0.43666794896125793,0.4468059241771698,0.4782981872558594,0.5773708820343018,0.5123673677444458,0.45823055505752563,Stock 74,0.19830423593521118,Stock 69,0.24813148379325867,Stock 13,0.1657988578081131
4,12,-0.03259515017271042,0.001716874772682786,-1998.5164609167903,0.5464106202125549,0.5314542651176453,0.46661093831062317,0.42095112800598145,0.44519472122192383,0.6004347801208496,0.5105575323104858,0.44975581765174866,Stock 14,0.25517579913139343,Stock 34,0.25169575214385986,Stock 73,0.3337452709674835
4,13,-0.011991674080491066,0.003430161392316222,-449.5950396781088,0.4730684161186218,0.49944618344306946,0.45112404227256775,0.44111931324005127,0.47907865047454834,0.5244019627571106,0.48234784603118896,0.4335046410560608,Stock 45,0.3299023509025574,Stock 14,0.2488744854927063,Stock 38,0.20099548995494843
4,14,-0.01557163055986166,0.0023613134399056435,-759.4478435901289,0.5043782591819763,0.4923553168773651,0.4412442743778229,0.4056072533130646,0.48537611961364746,0.5504015684127808,0.503548264503479,0.43367478251457214,Stock 13,0.1665528565645218,Stock 12,0.2457430213689804,Stock 17,0.33449527621269226
4,15,-0.0022503396030515432,0.00331749115139246,-167.83257287987044,0.4412201941013336,0.4669719338417053,0.4452854096889496,0.446209579706192,0.5299432873725891,0.5291282534599304,0.5023272633552551,0.4207580089569092,Stock 35,0.16477607190608978,Stock 91,0.19847705960273743,Stock 80,0.12318620830774307
4,16,-0.0032619652338325977,0.0012222925433889031,-366.8727099314981,0.4571056365966797,0.4646925628185272,0.4385063946247101,0.4585464298725128,0.43137773871421814,0.5697258710861206,0.4756614863872528,0.41372787952423096,Stock 40,0.16678063571453094,Stock 53,0.14243550598621368,Stock 92,0.14248454570770264
4,17,-0.006613544654101133,0.0019248297903686762,-443.59114178269215,0.48275041580200195,0.5042396187782288,0.45179110765457153,0.44404157996177673,0.48430582880973816,0.5553404688835144,0.5004854202270508,0.4415021538734436,Stock 72,0.16512572765350342,Stock 2,0.16625893115997314,Stock 14,0.24684253334999084
4,18,0.0034729251638054848,0.002213488332927227,56.898281872248035,0.5062470436096191,0.4976097643375397,0.45796725153923035,0.4255489408969879,0.468100905418396,0.5702049732208252,0.5004259943962097,0.4292028248310089,Stock 61,0.24991217255592346,Stock 59,0.24991221725940704,Stock 85,0.3331795334815979
4,19,-0.003849067259579897,0.0038664673920720816,-199.54997338066622,0.45061159133911133,0.4068147540092468,0.47833701968193054,0.41796642541885376,0.5182194709777832,0.5314671397209167,0.48341435194015503,0.34939688444137573,Stock 7,0.14240173995494843,Stock 39,0.19894227385520935,Stock 101,0.4959743618965149
4,20,-0.027730222791433334,0.0041420902125537395,-769.4741391046795,0.45883455872535706,0.47205254435539246,0.4322797358036041,0.44752436876296997,0.461834579706192,0.5589489936828613,0.4886445105075836,0.4256685674190521,Stock 35,0.16962343454360962,Stock 80,0.12680475413799286,Stock 26,0.1676558554172516
4,21,-0.0032421997748315334,0.002750720828771591,-217.86727831189708,0.5403527021408081,0.549120306968689,0.5175320506095886,0.463827908039093,0.49552828073501587,0.6283499598503113,0.5359716415405273,0.44825321435928345,Stock 56,0.14311642944812775,Stock 92,0.14255763590335846,Stock 10,0.3346996307373047
4,22,0.006688009016215801,0.003910022787749767,71.04782706560069,0.4579067528247833,0.46273306012153625,0.39555031061172485,0.3901533782482147,0.5279335975646973,0.5007468461990356,0.504119336605072,0.4389486014842987,Stock 49,0.2439468652009964,Stock 26,0.16279341280460358,Stock 20,0.16267560422420502
4,23,-0.002400016877800226,0.0031918627209961414,-175.19173246433388,0.498241662979126,0.4941921830177307,0.44735482335090637,0.3888483941555023,0.5667507648468018,0.5176332592964172,0.5269591212272644,0.43835973739624023,Stock 79,0.14141783118247986,Stock 41,0.16499833762645721,Stock 97,0.2501413822174072
4,24,-0.011306405998766422,0.0013329810462892056,-948.2045585150329,0.5954955816268921,0.6208837032318115,0.5351312160491943,0.4821636974811554,0.42026767134666443,0.6599977016448975,0.5263460874557495,0.4901847541332245,Stock 39,0.20157358050346375,Stock 19,0.14404192566871643,Stock 7,0.14428523182868958
4,25,-0.041104089468717575,0.0025275833904743195,-1726.220904268725,0.5221026539802551,0.5160030722618103,0.3890393376350403,0.43797796964645386,0.39610400795936584,0.6694937348365784,0.5334815979003906,0.49010249972343445,Stock 82,0.3357052206993103,Stock 9,0.20342004299163818,Stock 55,0.16934484243392944
4,26,-0.026843395084142685,0.005803425330668688,-562.5439900516427,0.6928622722625732,0.7259035110473633,0.5789408683776855,0.5822016596794128,0.20588605105876923,0.8148078918457031,0.5085139274597168,0.5521999001502991,Stock 20,0.16742072999477386,Stock 49,0.25109079480171204,Stock 87,0.20081883668899536
4,27,0.010706123895943165,0.0017948159947991371,496.5025900686447,0.5196230411529541,0.5735111832618713,0.5740753412246704,0.4362136423587799,0.6519491076469421,0.4634721577167511,0.5264328718185425,0.43560612201690674,Stock 7,0.1418139636516571,Stock 0,0.2478330135345459,Stock 86,0.5010233521461487
4,28,-0.0070427958853542805,0.0019131515873596072,-468.1253452097978,0.5323552489280701,0.49664175510406494,0.40854111313819885,0.3553573489189148,0.5017447471618652,0.5384032130241394,0.5199371576309204,0.452987939119339,Stock 67,0.20085029304027557,Stock 33,0.16743235290050507,Stock 37,0.16743235290050507
4,29,0.006469287909567356,0.0027012755163013935,139.49011755843227,0.37753796577453613,0.39860454201698303,0.47707873582839966,0.5068562030792236,0.48811250925064087,0.5403879880905151,0.4603046774864197,0.35030633211135864,Stock 79,0.14127977192401886,Stock 41,0.16483727097511292,Stock 97,0.24989721179008484
4,30,-0.0008425139239989221,0.006371499504894018,-113.22316549427302,0.38434168696403503,0.3697578012943268,0.3760778605937958,0.4286452531814575,0.430572509765625,0.5071179866790771,0.4420807659626007,0.36777642369270325,Stock 90,0.33358579874038696,Stock 48,0.5005370378494263,Stock 5,0.16432102024555206
4,31,-0.023223858326673508,0.0017678724834695458,-1413.66139491551,0.5102567672729492,0.5081295967102051,0.4740157723426819,0.44102010130882263,0.5168085694313049,0.6113859415054321,0.5405219793319702,0.441647469997406,Stock 72,0.16797935962677002,Stock 82,0.32977551221847534,Stock 74,0.20080988109111786
4,32,-0.04202372953295708,0.004900112748146057,-957.6073999288409,0.601946234703064,0.5370583534240723,0.46313121914863586,0.37678107619285583,0.5290384888648987,0.6841490268707275,0.6007972955703735,0.47437089681625366,Stock 75,0.2565840482711792,Stock 4,0.25216060876846313,Stock 77,0.2565840482711792
4,33,-0.012165073305368423,0.0012961779721081257,-1038.5341802702405,0.4516533315181732,0.5154784917831421,0.3238743543624878,0.44678908586502075,0.3730359971523285,0.5654446482658386,0.48058173060417175,0.5199201107025146,Stock 67,0.19986653327941895,Stock 37,0.16661228239536285,Stock 83,0.2007724940776825
4,34,-0.032760269939899445,0.0028725259471684694,-1240.469069468012,0.5393024682998657,0.5086982846260071,0.5550302267074585,0.39697957038879395,0.6720986366271973,0.560591459274292,0.580337405204773,0.4058610796928406,Stock 73,0.3301486074924469,Stock 47,0.33737727999687195,Stock 12,0.2490168809890747
4,35,-0.010565022937953472,0.0008425283012911677,-1353.9665340336533,0.4268789291381836,0.46897414326667786,0.3489459156990051,0.40152695775032043,0.5556082725524902,0.5040741562843323,0.5281902551651001,0.48179391026496887,Stock 15,0.25182488560676575,Stock 80,0.12481334805488586,Stock 42,0.5035958886146545
4,36,0.0038001243956387043,0.002596051199361682,46.380949519527206,0.49004775285720825,0.4762105643749237,0.4689013659954071,0.40254199504852295,0.4724156856536865,0.48078468441963196,0.45542049407958984,0.3938739597797394,Stock 56,0.14223138988018036,Stock 21,0.16586735844612122,Stock 100,0.24959513545036316
4,37,-0.012165076099336147,0.0014906419673934579,-916.0964447155641,0.5562328696250916,0.4695146679878235,0.45604047179222107,0.33135420083999634,0.5109219551086426,0.526005744934082,0.5071728229522705,0.3984352946281433,Stock 33,0.16688214242458344,Stock 83,0.20109769701957703,Stock 67,0.20019026100635529
4,38,-0.0009345965227112174,0.002207942074164748,-142.3288515422113,0.5570352673530579,0.5623033046722412,0.3929033577442169,0.3846299946308136,0.4564473628997803,0.5864208936691284,0.53445965051651,0.5181894302368164,Stock 51,0.33316436409950256,Stock 47,0.329498291015625,Stock 2,0.16605007648468018
4,39,-0.008721546269953251,0.002815152518451214,-409.8072382505053,0.4909314215183258,0.468024343252182,0.40796583890914917,0.4032610058784485,0.4374905824661255,0.5614038705825806,0.4888380765914917,0.42912524938583374,Stock 7,0.14421772956848145,Stock 19,0.14397454261779785,Stock 24,0.251391738653183
4,40,-0.004575624596327543,0.0014813198940828443,-408.88835116607476,0.497856080532074,0.5341913104057312,0.47702735662460327,0.40969330072402954,0.591050386428833,0.4827482998371124,0.5206010937690735,0.45411762595176697,Stock 16,0.24935652315616608,Stock 56,0.14251306653022766,Stock 78,0.4980287551879883
4,41,-0.009703652001917362,0.0050830356776714325,-290.90269313951893,0.48215511441230774,0.5218414068222046,0.48837509751319885,0.39462873339653015,0.6729903221130371,0.4464249014854431,0.5410767793655396,0.44511836767196655,Stock 79,0.14278140664100647,Stock 1,0.3300991654396057,Stock 23,0.25156840682029724
4,42,-0.0004740753211081028,0.001807846245355904,-126.22321020528898,0.49427536129951477,0.4748699367046356,0.3603237569332123,0.3579867482185364,0.46690139174461365,0.5136460065841675,0.496822714805603,0.45991143584251404,Stock 35,0.1645282655954361,Stock 15,0.24820619821548462,Stock 91,0.19817860424518585
4,43,-0.012665200978517532,0.0053429435938596725,-337.04538062263833,0.47111886739730835,0.48162516951560974,0.42460498213768005,0.4465806186199188,0.47849878668785095,0.5969119668006897,0.5188890099525452,0.4449254870414734,Stock 89,0.19818814098834991,Stock 70,0.4963819682598114,Stock 24,0.24822552502155304
4,44,-0.010187452659010887,0.004944055341184139,-306.0545838584993,0.5062350034713745,0.5186675786972046,0.4563070833683014,0.47231706976890564,0.4218551516532898,0.6373669505119324,0.5108582973480225,0.4528302550315857,Stock 26,0.16507357358932495,Stock 58,0.25094348192214966,Stock 87,0.19786180555820465
4,45,-0.022871846333146095,0.0021536534186452627,-1162.0021835980199,0.5834425687789917,0.5374588370323181,0.47159650921821594,0.3888571262359619,0.5615158081054688,0.6675578951835632,0.6034726500511169,0.4739692807197571,Stock 13,0.1690235286951065,Stock 41,0.16908195614814758,Stock 1,0.33501070737838745
4,46,-0.011533279903233051,0.002043873304501176,-664.2854612286177,0.4260745942592621,0.45582130551338196,0.41466978192329407,0.4412135183811188,0.5288933515548706,0.5269213914871216,0.5051937699317932,0.4303703308105469,Stock 7,0.14397035539150238,Stock 94,0.5019680857658386,Stock 0,0.2516367733478546
4,47,-0.01044749841094017,0.0018607494421303272,-661.4672332766673,0.3261848986148834,0.4101425111293793,0.2764976918697357,0.49882176518440247,0.40350720286369324,0.5667264461517334,0.47888535261154175,0.48218026757240295,Stock 38,0.20129379630088806,Stock 34,0.24584472179412842,Stock 2,0.16784365475177765
4,48,-0.00016381952445954084,0.0029336153529584408,-105.58421963173647,0.4408314526081085,0.46902963519096375,0.38052037358283997,0.48693519830703735,0.31635385751724243,0.6003850698471069,0.442559152841568,0.4419831335544586,Stock 30,0.3328563868999481,Stock 90,0.33285659551620483,Stock 5,0.16392606496810913
4,49,-0.02760133147239685,0.0059667909517884254,-562.58251203059,0.46489056944847107,0.4478429853916168,0.4542379379272461,0.46129104495048523,0.4197327792644501,0.6023674011230469,0.47953885793685913,0.39281970262527466,Stock 87,0.2028476744890213,Stock 20,0.16911214590072632,Stock 26,0.16923321783542633
4,50,-0.008420825004577637,0.0026862486265599728,-413.4789878091589,0.4968566596508026,0.5459387898445129,0.44966796040534973,0.4516184329986572,0.6007910966873169,0.6155280470848083,0.5918770432472229,0.5029215216636658,Stock 99,0.500020444393158,Stock 21,0.16722600162029266,Stock 56,0.1433936506509781
4,51,0.005755027290433645,0.0016025358345359564,259.1200375310246,0.4592711627483368,0.46723300218582153,0.42568439245224,0.3992427587509155,0.5535903573036194,0.49324414134025574,0.5064478516578674,0.42745232582092285,Stock 2,0.1663045585155487,Stock 38,0.19944795966148376,Stock 72,0.16520030796527863
4,52,-0.03797532618045807,0.0025182669050991535,-1607.9944903204307,0.49523046612739563,0.5086134076118469,0.4635058641433716,0.43018457293510437,0.5052304863929749,0.5444650053977966,0.505241870880127,0.4379050135612488,Stock 64,0.25406962633132935,Stock 98,0.2534872591495514,Stock 79,0.14631083607673645
4,53,-0.008687268942594528,0.0016733728116378188,-619.1472505216477,0.5184523463249207,0.5291446447372437,0.45652079582214355,0.41415566205978394,0.5456666946411133,0.5684108734130859,0.5434100031852722,0.46584293246269226,Stock 92,0.14256171882152557,Stock 57,0.16599786281585693,Stock 84,0.1658615916967392
4,54,-0.00417808024212718,0.0025221453979611397,-265.65580420164,0.3926078677177429,0.3983345925807953,0.4156082272529602,0.45181408524513245,0.4882247745990753,0.5231420993804932,0.4713764488697052,0.37893709540367126,Stock 84,0.16492727398872375,Stock 16,0.24902912974357605,Stock 53,0.14172054827213287
4,55,-0.023484202101826668,0.001639654627069831,-1532.2651681710836,0.42795220017433167,0.46248823404312134,0.5744762420654297,0.5046625733375549,0.6560772657394409,0.5520192980766296,0.5404207706451416,0.3675851821899414,Stock 62,0.20036858320236206,Stock 60,0.33365634083747864,Stock 93,0.12542511522769928
4,56,-0.002893825527280569,0.002020405139774084,-243.22996266007064,0.49121004343032837,0.5009413957595825,0.5277747511863708,0.4283778965473175,0.4983033537864685,0.45103543996810913,0.4428744912147522,0.3809228837490082,Stock 21,0.16663439571857452,Stock 40,0.16659794747829437,Stock 92,0.14232847094535828
4,57,-0.011117837391793728,0.003166243201121688,-451.1365579199687,0.4733111560344696,0.47938430309295654,0.3429848849773407,0.3933298885822296,0.5028661489486694,0.5875996947288513,0.5492826104164124,0.49433907866477966,Stock 53,0.14321714639663696,Stock 92,0.1432664543390274,Stock 84,0.16668149828910828
4,58,-0.010900691151618958,0.0036045380402356386,-402.4157611860395,0.5613105893135071,0.5419591665267944,0.4663771390914917,0.4574701488018036,0.31263303756713867,0.6494526863098145,0.46739837527275085,0.4460272789001465,Stock 77,0.24630725383758545,Stock 75,0.24630725383758545,Stock 44,0.3310917019844055
4,59,0.0034729226026684046,0.0026502879336476326,31.0394451326112,0.3723752796649933,0.37841370701789856,0.3783205449581146,0.4308391809463501,0.5109675526618958,0.4991828501224518,0.47650232911109924,0.38496050238609314,Stock 18,0.24992786347866058,Stock 85,0.333200067281723,Stock 61,0.2499276101589203
4,60,-0.02270549163222313,0.003633881686255336,-724.8274873148339,0.49267247319221497,0.47045353055000305,0.4759460985660553,0.4150506258010864,0.4739445447921753,0.5245952606201172,0.4732477068901062,0.39155709743499756,Stock 62,0.20044559240341187,Stock 55,0.16679300367832184,Stock 93,0.12547332048416138
4,61,0.00347292423248291,0.0018913658568635583,83.61990726860436,0.2814509868621826,0.29975736141204834,0.3433901071548462,0.49539682269096375,0.46753519773483276,0.5272383093833923,0.4512476921081543,0.3455779552459717,Stock 18,0.24993035197257996,Stock 83,0.19873256981372833,Stock 59,0.24993014335632324
4,62,-0.021619370207190514,0.004107970278710127,-626.2786422587955,0.5296958684921265,0.48931026458740234,0.4859723448753357,0.3853065073490143,0.5521132946014404,0.5527564287185669,0.5294830799102783,0.41145622730255127,Stock 55,0.16618061065673828,Stock 60,0.33255910873413086,Stock 93,0.12501265108585358
4,63,0.018313109874725342,0.004645475652068853,294.21388134000085,0.38659295439720154,0.40846148133277893,0.3381899297237396,0.43132057785987854,0.4767162501811981,0.5341441631317139,0.49188143014907837,0.43467649817466736,Stock 97,0.2495805323123932,Stock 10,0.33209580183029175,Stock 29,0.2494259923696518
4,64,-0.021440239623188972,0.0026452643796801567,-910.5140562842852,0.5138158798217773,0.5469441413879395,0.5567491054534912,0.4084918200969696,0.8125561475753784,0.5512338280677795,0.662566065788269,0.46493929624557495,Stock 98,0.2496037781238556,Stock 52,0.32916510105133057,Stock 84,0.1680256575345993
4,65,-0.002360925078392029,0.003194532822817564,-173.9051751645395,0.4891217350959778,0.48424336314201355,0.40484920144081116,0.3795967400074005,0.5292508602142334,0.5168920159339905,0.516842782497406,0.45062878727912903,Stock 64,0.24621567130088806,Stock 57,0.16550081968307495,Stock 54,0.33257341384887695
4,66,-0.017355693504214287,0.004156989976763725,-517.5062629745847,0.5359789729118347,0.49545907974243164,0.41429877281188965,0.3649728000164032,0.47581833600997925,0.5576838254928589,0.5145702958106995,0.44743427634239197,Stock 3,0.5001093149185181,Stock 76,0.20035837590694427,Stock 9,0.19956940412521362
4,67,-0.012595822103321552,0.0022649348247796297,-656.1229385285769,0.5507442355155945,0.5739853382110596,0.5597808957099915,0.43006226420402527,0.593288242816925,0.5268652439117432,0.5322645902633667,0.44153279066085815,Stock 33,0.16763095557689667,Stock 28,0.33549848198890686,Stock 37,0.16763095557689667
4,68,-0.005065352655947208,0.0023551390040665865,-315.0765898403845,0.35948246717453003,0.43088430166244507,0.43532493710517883,0.5040944814682007,0.5252165794372559,0.49459558725357056,0.469992458820343,0.4010099172592163,Stock 83,0.1999380737543106,Stock 37,0.16591982543468475,Stock 33,0.16591982543468475
4,69,-0.01488085649907589,0.005243820603936911,-383.7789013587491,0.4760366976261139,0.49550995230674744,0.38559359312057495,0.46135401725769043,0.2942810356616974,0.576855480670929,0.42655619978904724,0.44979631900787354,Stock 74,0.19827523827552795,Stock 11,0.24809519946575165,Stock 13,0.1657746285200119
4,70,-0.011490918695926666,0.0022671641781926155,-606.8410486746149,0.5877773761749268,0.5784605145454407,0.6189715266227722,0.40302929282188416,0.5846023559570312,0.4744102954864502,0.49523502588272095,0.3965461850166321,Stock 89,0.20107726752758026,Stock 43,0.25157126784324646,Stock 80,0.125339537858963
4,71,-0.020983226597309113,0.004009815864264965,-623.2965130471277,0.36371251940727234,0.3265787363052368,0.46327319741249084,0.5075053572654724,0.4278950095176697,0.6108243465423584,0.4544479250907898,0.301683247089386,Stock 35,0.16773653030395508,Stock 80,0.12539416551589966,Stock 20,0.16567222774028778
4,72,-0.010165187530219555,0.001604169956408441,-733.6727283546866,0.3746809661388397,0.4270017445087433,0.41819846630096436,0.46174249053001404,0.5902871489524841,0.49564024806022644,0.5095627903938293,0.414048433303833,Stock 2,0.16750968992710114,Stock 17,0.33401286602020264,Stock 31,0.32964837551116943
4,73,-0.03959396481513977,0.0038194749504327774,-1136.6337082706475,0.5997166633605957,0.5782060623168945,0.6019951105117798,0.35574162006378174,0.7255949974060059,0.48726505041122437,0.5842932462692261,0.42749205231666565,Stock 34,0.25347620248794556,Stock 12,0.25351038575172424,Stock 52,0.33654850721359253
4,74,-0.016130397096276283,0.0028267065063118935,-670.6427979083755,0.4983225166797638,0.5663307905197144,0.5402741432189941,0.4580916464328766,0.5127657055854797,0.4372463524341583,0.44900915026664734,0.42827025055885315,Stock 69,0.24911020696163177,Stock 11,0.24911020696163177,Stock 13,0.16645285487174988
4,75,-0.020457254722714424,0.004142784979194403,-593.804405139378,0.4119316339492798,0.47348442673683167,0.4414403438568115,0.45249637961387634,0.5962645411491394,0.48520970344543457,0.5131762027740479,0.4347720146179199,Stock 58,0.2504493296146393,Stock 77,0.24856342375278473,Stock 44,0.33412450551986694
4,76,-0.01726803556084633,0.006280804052948952,-374.93351830867374,0.42887917160987854,0.46605002880096436,0.4670920968055725,0.5215630531311035,0.5245475172996521,0.6592844724655151,0.5512186288833618,0.42931708693504333,Stock 93,0.12439148128032684,Stock 9,0.19862721860408783,Stock 66,0.3323310315608978
4,77,-0.020457250997424126,0.003029304090887308,-775.3118994875166,0.3026253283023834,0.34253236651420593,0.3848874568939209,0.46931570768356323,0.5283648371696472,0.42957356572151184,0.4363499581813812,0.35142073035240173,Stock 58,0.250431090593338,Stock 75,0.248545303940773,Stock 87,0.19745779037475586
4,78,-0.005728713236749172,0.0016748238122090697,-442.04870954115927,0.38275590538978577,0.3674125075340271,0.390659898519516,0.5128719806671143,0.3745471239089966,0.6738804578781128,0.48496609926223755,0.37592631578445435,Stock 40,0.1674780696630478,Stock 16,0.2513304650783539,Stock 88,0.2514437139034271
4,79,-0.01016173604875803,0.002689097076654434,-477.8865455240639,0.43354928493499756,0.5120076537132263,0.3764016628265381,0.4700893461704254,0.336605042219162,0.48154520988464355,0.40677016973495483,0.46731171011924744,Stock 41,0.1654583066701889,Stock 29,0.25063157081604004,Stock 23,0.24983981251716614
4,80,-0.016613446176052094,0.0028258981183171272,-687.8996864170637,0.6315546631813049,0.6945000886917114,0.4796210825443268,0.5250155329704285,0.40136757493019104,0.7869749069213867,0.614639163017273,0.6097373366355896,Stock 91,0.2004002183675766,Stock 89,0.1995333880186081,Stock 35,0.16637611389160156
4,81,-0.029565896838903427,0.004125823266804218,-816.6059941730028,0.7078754901885986,0.5822035670280457,0.5457906723022461,0.3930562436580658,0.39879658818244934,0.7987973690032959,0.6045306921005249,0.4564626216888428,Stock 4,0.24910536408424377,Stock 5,0.16903023421764374,Stock 32,0.24910536408424377
4,82,-0.03450833261013031,0.0026198369450867176,-1417.193906851637,0.6314886212348938,0.62297123670578,0.5960639119148254,0.38434359431266785,0.6373980045318604,0.5476638674736023,0.5730494260787964,0.462607741355896,Stock 31,0.33756932616233826,Stock 25,0.4991152882575989,Stock 72,0.17039571702480316
4,83,-0.006221072748303413,0.0017186913173645735,-461.9656819959243,0.4276813268661499,0.32846149802207947,0.3720051944255829,0.4180033504962921,0.383435994386673,0.6629382371902466,0.49178898334503174,0.3451203405857086,Stock 37,0.16552239656448364,Stock 68,0.49940046668052673,Stock 33,0.16552239656448364
4,84,-0.011670010164380074,0.001858576899394393,-727.9003127706302,0.42506876587867737,0.47557923197746277,0.5261226296424866,0.4748300611972809,0.6030012965202332,0.4747351408004761,0.4923612177371979,0.3866831362247467,Stock 53,0.14341171085834503,Stock 54,0.3356766104698181,Stock 98,0.2479434311389923
4,85,0.0030745798721909523,0.002055646385997534,49.567546886181276,0.3803650140762329,0.45846953988075256,0.34915533661842346,0.544921338558197,0.2812613844871521,0.6046409010887146,0.4220993220806122,0.4558420181274414,Stock 59,0.2502300441265106,Stock 18,0.2502293288707733,Stock 61,0.25023016333580017
4,86,0.0265519842505455,0.0027331006713211536,871.4967519915955,0.21007509529590607,0.31443923711776733,0.3793317675590515,0.5979860424995422,0.3478096127510071,0.3666049838066101,0.30545589327812195,0.31318578124046326,Stock 27,0.24837327003479004,Stock 7,0.14123468101024628,Stock 19,0.14099010825157166
4,87,-0.02903703600168228,0.007194794714450836,-503.58394025281956,0.6263614296913147,0.6380529999732971,0.5218111872673035,0.43921592831611633,0.40411025285720825,0.6252980828285217,0.5121492743492126,0.5011938810348511,Stock 49,0.2513347566127777,Stock 26,0.16770336031913757,Stock 20,0.1675833910703659
4,88,-0.00019865692593157291,0.0017561636632308364,-111.31198248152461,0.3269127905368805,0.37867188453674316,0.46571239829063416,0.5280975699424744,0.35758981108665466,0.4050418436527252,0.33286577463150024,0.31157177686691284,Stock 100,0.2512093186378479,Stock 95,0.5019087195396423,Stock 40,0.16691312193870544
4,89,-0.013768118806183338,0.005452938377857208,-352.48990273008866,0.3012656569480896,0.3662351369857788,0.43789321184158325,0.54015052318573,0.4630153179168701,0.46489983797073364,0.4087568521499634,0.34054094552993774,Stock 80,0.1254875361919403,Stock 91,0.20218925178050995,Stock 43,0.2518683075904846
4,90,-0.0008425129926763475,0.003974337596446276,-121.1988280368959,0.4553624093532562,0.47999534010887146,0.44967278838157654,0.45847195386886597,0.526927649974823,0.5764691829681396,0.5242654085159302,0.4344058334827423,Stock 30,0.33355772495269775,Stock 5,0.16430716216564178,Stock 81,0.24459463357925415
4,91,-0.0053431447595357895,0.003038276918232441,-275.8610193650234,0.5118545889854431,0.5388238430023193,0.4945347011089325,0.4477252960205078,0.5149179697036743,0.5579837560653687,0.5139234066009521,0.44751280546188354,Stock 15,0.25138890743255615,Stock 80,0.12459727376699448,Stock 89,0.1998864710330963
4,92,-0.008681586012244225,0.002630158793181181,-430.07839810857325,0.46406716108322144,0.46170228719711304,0.4275234043598175,0.4201042354106903,0.4905100166797638,0.5387049317359924,0.4948134422302246,0.4195283055305481,Stock 96,0.4995476007461548,Stock 53,0.14322152733802795,Stock 57,0.16682355105876923
4,93,-0.019685795530676842,0.004560467787086964,-531.6617603662826,0.4828962981700897,0.4926873445510864,0.4195452332496643,0.4293936789035797,0.4555397629737854,0.5628901124000549,0.49689221382141113,0.4473614990711212,Stock 76,0.20003566145896912,Stock 9,0.19924797117710114,Stock 62,0.19933834671974182
4,94,-0.011177772656083107,0.0033204175997525454,-436.63755597838457,0.527479887008667,0.5403892993927002,0.45743709802627563,0.43257611989974976,0.4915678799152374,0.5972741842269897,0.5323087573051453,0.4712347984313965,Stock 46,0.3319256901741028,Stock 0,0.2496635466814041,Stock 39,0.19955649971961975
4,95,0.004994668066501617,0.0026407220866531134,89.14023901818183,0.4922043979167938,0.49089667201042175,0.44056278467178345,0.4325813353061676,0.4630977511405945,0.5780254602432251,0.5030669569969177,0.4358665943145752,Stock 28,0.32940053939819336,Stock 88,0.24863474071025848,Stock 100,0.24925890564918518
4,96,-0.0134060587733984,0.0022049250546842813,-708.0051902407171,0.5029851198196411,0.48965397477149963,0.45383164286613464,0.43106046319007874,0.46819254755973816,0.5935387015342712,0.5106147527694702,0.42883768677711487,Stock 92,0.14353032410144806,Stock 57,0.16712568700313568,Stock 53,0.14348092675209045
4,97,0.008175885304808617,0.00427470076829195,91.26216659313606,0.4777689576148987,0.4748866558074951,0.42170706391334534,0.41593730449676514,0.49471697211265564,0.5580583214759827,0.5106507539749146,0.43593916296958923,Stock 23,0.24940957129001617,Stock 79,0.14155614376068115,Stock 29,0.25019997358322144
4,98,-0.024265242740511894,0.0019947700202465057,-1316.4431234791311,0.5123295187950134,0.5008900165557861,0.43296998739242554,0.41338175535202026,0.48661690950393677,0.5925930738449097,0.5274178385734558,0.45161861181259155,Stock 84,0.1675959676504135,Stock 64,0.24953748285770416,Stock 57,0.16773365437984467
4,99,-0.008420825004577637,0.0024613700807094574,-442.1194183911769,0.42178454995155334,0.46755698323249817,0.38870564103126526,0.5006093978881836,0.365702360868454,0.5987660884857178,0.4631637632846832,0.44559532403945923,Stock 50,0.49997955560684204,Stock 21,0.1672123223543167,Stock 56,0.14338192343711853
4,100,0.004497688263654709,0.0013154152547940612,241.92155270077492,0.5498523712158203,0.5286054015159607,0.45387890934944153,0.41230547428131104,0.45407211780548096,0.6127398014068604,0.5241438746452332,0.45738235116004944,Stock 88,0.24932599067687988,Stock 67,0.1980043351650238,Stock 40,0.16606752574443817
4,101,-0.012525266036391258,0.0029789276886731386,-520.4622382750824,0.5165171027183533,0.5126658082008362,0.43604421615600586,0.41121459007263184,0.49831733107566833,0.5840538740158081,0.5302785634994507,0.45957067608833313,Stock 93,0.12528064846992493,Stock 62,0.20013777911663055,Stock 19,0.14446933567523956
5,0,-0.008388029411435127,0.0029929173178970814,-380.262650801487,0.460938423871994,0.47092410922050476,0.40492016077041626,0.4148402810096741,0.5062978863716125,0.5395591259002686,0.5095587372779846,0.4433898627758026,Stock 27,0.2517639994621277,Stock 55,0.16785061359405518,Stock 46,0.33396273851394653
5,1,-0.0375257208943367,0.0039876834489405155,-1041.040616057598,0.49340206384658813,0.5101715922355652,0.424179345369339,0.4392077624797821,0.45539766550064087,0.5865749716758728,0.5096156001091003,0.46220436692237854,Stock 41,0.17021313309669495,Stock 79,0.14668716490268707,Stock 45,0.33310937881469727
5,2,0.0009112590341828763,0.001403026981279254,-35.050498219784245,0.47278398275375366,0.4771858751773834,0.41567757725715637,0.42368778586387634,0.4785570800304413,0.5591175556182861,0.5042804479598999,0.4402218163013458,Stock 51,0.33272725343704224,Stock 38,0.19844400882720947,Stock 72,0.16576646268367767
5,3,-0.016490116715431213,0.004255811218172312,-487.47293688729474,0.5031386017799377,0.48928961157798767,0.41802433133125305,0.40390026569366455,0.4991043210029602,0.5862131118774414,0.5316140651702881,0.45205292105674744,Stock 66,0.3315819203853607,Stock 76,0.19943185150623322,Stock 93,0.125240296125412
5,4,-0.021693017333745956,0.0025180813390761614,-961.4899366874596,0.5139767527580261,0.49579092860221863,0.4177197515964508,0.4050907492637634,0.4838252067565918,0.6024523377418518,0.5341426134109497,0.4570375382900238,Stock 81,0.2539771497249603,Stock 5,0.17019250988960266,Stock 32,0.25211238861083984
5,5,0.006380615755915642,0.005283647682517767,20.761567373756968,0.43243902921676636,0.4075751006603241,0.27855566143989563,0.3849060833454132,0.4333594739437103,0.6186396479606628,0.5341740846633911,0.4752380847930908,Stock 81,0.24747411906719208,Stock 4,0.2456570714712143,Stock 32,0.2456570714712143
5,6,-0.011223298497498035,0.006026587914675474,-286.2297315893781,0.5137732625007629,0.506501317024231,0.41624632477760315,0.3849436342716217,0.5127673149108887,0.5477957725524902,0.5254439115524292,0.46247854828834534,Stock 24,0.2505992352962494,Stock 43,0.24961985647678375,Stock 19,0.14325663447380066
5,7,-0.0036226625088602304,0.0025473167188465595,-242.21484443051878,0.4659363031387329,0.4860978424549103,0.37121012806892395,0.4101075828075409,0.47488489747047424,0.545775294303894,0.5085451602935791,0.4730088710784912,Stock 39,0.19968216121196747,Stock 19,0.14238415658473969,Stock 27,0.2497752606868744
5,8,-0.04328081011772156,0.0037613038439303637,-1250.686355412739,0.5546562075614929,0.4935474097728729,0.45104748010635376,0.35502341389656067,0.5389237999916077,0.5754709839820862,0.546349823474884,0.433201402425766,Stock 11,0.2526261508464813,Stock 74,0.20295746624469757,Stock 69,0.2526261508464813
5,9,-0.013849622569978237,0.0058563873171806335,-336.48747632090846,0.48962515592575073,0.4810514450073242,0.42920583486557007,0.4117455780506134,0.5085141658782959,0.5714484453201294,0.5238422751426697,0.43924400210380554,Stock 93,0.12548384070396423,Stock 76,0.1998196691274643,Stock 55,0.16780750453472137
5,10,-0.028655938804149628,0.0030234260484576225,-1047.7969146547584,0.5153500437736511,0.5066190958023071,0.39204949140548706,0.3938606381416321,0.4569273293018341,0.5792825818061829,0.5188398361206055,0.4742944538593292,Stock 21,0.1689976304769516,Stock 36,0.5045300126075745,Stock 56,0.14462777972221375
5,11,-0.0302860289812088,0.0032662239391356707,-1027.2490051378193,0.4526572525501251,0.47141724824905396,0.36658695340156555,0.422929972410202,0.44496139883995056,0.5551030039787292,0.4952889680862427,0.4621800184249878,Stock 74,0.20028553903102875,Stock 69,0.24930033087730408,Stock 13,0.16589690744876862
5,12,-0.017486684024333954,0.0012005780590698123,-1556.522038882032,0.5406128168106079,0.5265016555786133,0.4231690466403961,0.4111008048057556,0.46328607201576233,0.629940927028656,0.543056309223175,0.4788665473461151,Stock 14,0.2497720718383789,Stock 34,0.2520824670791626,Stock 73,0.3350076973438263
5,13,-0.0325833335518837,0.0026862716767936945,-1312.9574917297577,0.5305268168449402,0.5268053412437439,0.44565173983573914,0.41227948665618896,0.49195390939712524,0.5898468494415283,0.5311753749847412,0.46462345123291016,Stock 45,0.3315885066986084,Stock 14,0.2534191310405731,Stock 38,0.20509402453899384
5,14,-0.022417230531573296,0.0014643640024587512,-1630.8509696997114,0.5132254958152771,0.5054391026496887,0.4316868484020233,0.4052610695362091,0.5094773769378662,0.5803194642066956,0.5341523289680481,0.45734703540802,Stock 13,0.16564255952835083,Stock 12,0.2514907717704773,Stock 17,0.3367576599121094
5,15,-0.028130315244197845,0.0022120012436062098,-1371.7133557455509,0.557003378868103,0.5244240760803223,0.44800880551338196,0.40148481726646423,0.46686774492263794,0.6271249651908875,0.5392187237739563,0.460222989320755,Stock 35,0.16671206057071686,Stock 91,0.19873259961605072,Stock 80,0.12494535744190216
5,16,-0.02376195788383484,0.002079472877085209,-1242.6914073119292,0.46554961800575256,0.4688863754272461,0.3914220333099365,0.4210934340953827,0.4769977331161499,0.5756425857543945,0.5154294371604919,0.45079782605171204,Stock 40,0.16589710116386414,Stock 53,0.14356566965579987,Stock 92,0.14359697699546814
5,17,-0.012161280028522015,0.0012711748713627458,-1056.69606932087,0.5247151851654053,0.5087201595306396,0.44815775752067566,0.39174506068229675,0.5441296696662903,0.5692487359046936,0.5439895987510681,0.4519801139831543,Stock 72,0.16653156280517578,Stock 2,0.16691826283931732,Stock 14,0.24630524218082428
5,18,0.012987038120627403,0.0018547960789874196,600.186843597241,0.5089552998542786,0.4872308075428009,0.44217127561569214,0.3999849259853363,0.4867141544818878,0.5561358332633972,0.5067006945610046,0.4292185604572296,Stock 61,0.24994398653507233,Stock 59,0.24994400143623352,Stock 85,0.3332350254058838
5,19,-0.007712461054325104,0.002778490073978901,-377.5774197127353,0.43661269545555115,0.39271533489227295,0.4571252167224884,0.4312288761138916,0.492117702960968,0.5620705485343933,0.4858875274658203,0.3518293797969818,Stock 7,0.1429772526025772,Stock 39,0.19986049830913544,Stock 101,0.49591392278671265
5,20,0.003248294349759817,0.002922610379755497,11.143598621981441,0.48210757970809937,0.4818173050880432,0.41853898763656616,0.42298242449760437,0.47655874490737915,0.5739873647689819,0.5110840201377869,0.44328761100769043,Stock 35,0.16387289762496948,Stock 80,0.12281922250986099,Stock 26,0.1661617010831833
5,21,-0.012705076485872269,0.0017152095679193735,-840.730271303471,0.5139264464378357,0.5057358145713806,0.42144152522087097,0.42921122908592224,0.4818679690361023,0.6439331769943237,0.5526221394538879,0.47026902437210083,Stock 56,0.14234931766986847,Stock 92,0.1422947496175766,Stock 10,0.3284534215927124
5,22,0.017741698771715164,0.001999699044972658,787.2184450114465,0.38269805908203125,0.39450013637542725,0.38306790590286255,0.41431665420532227,0.5424003601074219,0.4703219532966614,0.48158419132232666,0.3945377767086029,Stock 49,0.24906015396118164,Stock 26,0.16582739353179932,Stock 20,0.16580407321453094
5,23,-0.003996776416897774,0.0014562018914148211,-374.46581689401415,0.464662104845047,0.431013286113739,0.2986235022544861,0.3759726285934448,0.38642004132270813,0.5948233604431152,0.5008956789970398,0.4672558605670929,Stock 79,0.1412649005651474,Stock 41,0.1638868749141693,Stock 97,0.24621127545833588
5,24,-0.008136052638292313,0.0009552363189868629,-951.7319197956716,0.5372020602226257,0.507779598236084,0.4341954290866852,0.38286909461021423,0.45691797137260437,0.5551252961158752,0.5005097389221191,0.4435504972934723,Stock 39,0.19907048344612122,Stock 19,0.14195223152637482,Stock 7,0.14241786301136017
5,25,-0.010072119534015656,0.0022409462835639715,-549.4583207053535,0.4583725929260254,0.4797493815422058,0.25864431262016296,0.39547818899154663,0.4224962890148163,0.633714497089386,0.5545859932899475,0.5513546466827393,Stock 82,0.3334638476371765,Stock 9,0.1991351991891861,Stock 55,0.16717073321342468
5,26,0.003412521444261074,0.004367672838270664,-21.868657048676123,0.3136350214481354,0.39875155687332153,0.30935850739479065,0.44897618889808655,0.4298708140850067,0.37482503056526184,0.3940962255001068,0.42429447174072266,Stock 20,0.1660495400428772,Stock 49,0.2494288831949234,Stock 87,0.19728398323059082
5,27,-0.0047444007359445095,0.001700289431028068,-379.0348895526476,0.44234800338745117,0.4096282124519348,0.35866206884384155,0.46400678157806396,0.307178258895874,0.6631974577903748,0.46633657813072205,0.41228094696998596,Stock 7,0.14244094491004944,Stock 0,0.2483331710100174,Stock 86,0.49965935945510864
5,28,-0.013238530606031418,0.0018100196029990911,-831.402609347213,0.39076220989227295,0.3808581531047821,0.4797397255897522,0.4706367552280426,0.49278777837753296,0.5158478617668152,0.4513305425643921,0.32970502972602844,Stock 67,0.19674505293369293,Stock 33,0.16266286373138428,Stock 37,0.16266286373138428
5,29,-0.015464424155652523,0.0022451032418757677,-788.8068159721736,0.5138911008834839,0.5106521248817444,0.4743865132331848,0.40389779210090637,0.4920658767223358,0.504789412021637,0.4817098379135132,0.42306798696517944,Stock 79,0.14186783134937286,Stock 41,0.16462087631225586,Stock 97,0.24732893705368042
5,30,0.03149997070431709,0.005011353641748428,528.57209760449,0.2236800342798233,0.2879851460456848,0.35239702463150024,0.5529164671897888,0.38891366124153137,0.41639280319213867,0.3508872985839844,0.3136514127254486,Stock 90,0.33378949761390686,Stock 48,0.5010172724723816,Stock 5,0.16525158286094666
5,31,-0.007679813541471958,0.0016358718276023865,-569.4630356663008,0.4850456118583679,0.48217645287513733,0.43548470735549927,0.4594203233718872,0.3825651705265045,0.6048666834831238,0.47390133142471313,0.42554160952568054,Stock 72,0.16651670634746552,Stock 82,0.3321966826915741,Stock 74,0.19660939276218414
5,32,-0.021693013608455658,0.0028601582162082195,-858.4550213174783,0.6989790797233582,0.6558641791343689,0.6466221213340759,0.4289529323577881,0.3764829933643341,0.6277522444725037,0.48043882846832275,0.4294148087501526,Stock 75,0.24755971133708954,Stock 4,0.25207263231277466,Stock 77,0.24755971133708954
5,33,-0.030356451869010925,0.000761034432798624,-4088.840788369886,0.6244499087333679,0.5637766718864441,0.49931541085243225,0.31946420669555664,0.5064983367919922,0.4899841547012329,0.49961429834365845,0.43926331400871277,Stock 67,0.20151253044605255,Stock 37,0.16660448908805847,Stock 83,0.1996038556098938
5,34,-0.009495474398136139,0.0021139841992408037,-549.1743316504567,0.5382211804389954,0.5205832719802856,0.47876301407814026,0.4192350506782532,0.47756385803222656,0.590643048286438,0.5163608193397522,0.4372795522212982,Stock 73,0.32983607053756714,Stock 47,0.333855003118515,Stock 12,0.24688535928726196
5,35,-0.019059324637055397,0.0005478010280057788,-3579.2422180073636,0.5858363509178162,0.5267112851142883,0.39567047357559204,0.3574739396572113,0.4066706895828247,0.6238678097724915,0.5266872048377991,0.48029589653015137,Stock 15,0.2510327398777008,Stock 80,0.1262841373682022,Stock 42,0.5026529431343079
5,36,-0.01879788376390934,0.002091108588501811,-998.9434535954545,0.4569990038871765,0.44614407420158386,0.3896266222000122,0.4205281436443329,0.4021698236465454,0.5477113723754883,0.46225717663764954,0.41874098777770996,Stock 56,0.14203065633773804,Stock 21,0.16596287488937378,Stock 100,0.24675396084785461
5,37,-0.030356453731656075,0.001146639697253704,-2747.4274180775587,0.4927975535392761,0.4594256579875946,0.3871800899505615,0.4024401903152466,0.4831938147544861,0.6300185918807983,0.5475751161575317,0.45102137327194214,Stock 33,0.166700541973114,Stock 83,0.19971893727779388,Stock 67,0.20162871479988098
5,38,-0.0046858168207108974,0.0022926609963178635,-304.3833269827755,0.46114280819892883,0.4958169460296631,0.4183562397956848,0.4705085754394531,0.43019792437553406,0.5900374054908752,0.4937135577201843,0.4548027813434601,Stock 51,0.3329794108867645,Stock 47,0.3331468403339386,Stock 2,0.16630423069000244
5,39,-0.0055281976237893105,0.002556277671828866,-316.2596686859222,0.43052220344543457,0.46127748489379883,0.4078793525695801,0.42756664752960205,0.4872916042804718,0.48132526874542236,0.4680003225803375,0.42590779066085815,Stock 7,0.14333263039588928,Stock 19,0.14286555349826813,Stock 24,0.24991512298583984
5,40,-0.027358761057257652,0.00211634230799973,-1392.737992046093,0.6133568286895752,0.5804145336151123,0.6009893417358398,0.3738062083721161,0.48471805453300476,0.4404498040676117,0.44064563512802124,0.3871535658836365,Stock 16,0.25052428245544434,Stock 56,0.14420227706432343,Stock 78,0.49716782569885254
5,41,-0.016611378639936447,0.00230778893455863,-819.7962686788518,0.44671493768692017,0.5537005662918091,0.44990402460098267,0.5576411485671997,0.29919198155403137,0.5650563836097717,0.40912964940071106,0.46568137407302856,Stock 79,0.14305712282657623,Stock 1,0.3270646929740906,Stock 23,0.25123131275177
5,42,-0.02666316367685795,0.0016210094327107072,-1744.8493845141234,0.5640347599983215,0.5602075457572937,0.4723081886768341,0.33928656578063965,0.586205780506134,0.4442063570022583,0.5157949328422546,0.4638339579105377,Stock 35,0.16671976447105408,Stock 15,0.24838294088840485,Stock 91,0.19874179363250732
5,43,-0.012021800503134727,0.0032569358590990305,-469.1138242575133,0.37145182490348816,0.40748390555381775,0.30649334192276,0.47392162680625916,0.4095534086227417,0.6123141050338745,0.5005165338516235,0.4601060152053833,Stock 89,0.1986479014158249,Stock 70,0.5030325651168823,Stock 24,0.2511555552482605
5,44,-0.034600630402565,0.00398071575909853,-969.2062557714655,0.3930402398109436,0.39424484968185425,0.4113975465297699,0.4376344084739685,0.5098403692245483,0.5115810036659241,0.47753211855888367,0.37861889600753784,Stock 26,0.16801467537879944,Stock 58,0.2447250485420227,Stock 87,0.19963206350803375
5,45,-0.045826736837625504,0.0010817358270287514,-4336.407419683945,0.74869704246521,0.682941198348999,0.6039288640022278,0.41529399156570435,0.42281463742256165,0.7825226783752441,0.610396683216095,0.5098951458930969,Stock 13,0.1694471389055252,Stock 41,0.17133359611034393,Stock 1,0.3375714421272278
5,46,-0.011144913733005524,0.0013497188920155168,-925.7211037746517,0.4357353448867798,0.45382216572761536,0.42120975255966187,0.45979124307632446,0.4647872745990753,0.5668186545372009,0.490972101688385,0.42120179533958435,Stock 7,0.14334644377231598,Stock 94,0.499186635017395,Stock 0,0.2499118596315384
5,47,0.003300822339951992,0.0016354565741494298,101.8287976657948,0.2823162078857422,0.37170034646987915,0.35788559913635254,0.5283470749855042,0.43498846888542175,0.4482386112213135,0.40646591782569885,0.3871065378189087,Stock 38,0.1985057294368744,Stock 34,0.24753226339817047,Stock 2,0.1662300080060959
5,48,0.03563958406448364,0.0022832746617496014,1460.8978044355886,0.32777097821235657,0.3813106119632721,0.3609389066696167,0.4840007424354553,0.4329685568809509,0.4704400300979614,0.4234190583229065,0.38972362875938416,Stock 30,0.3324340581893921,Stock 90,0.3324340581893921,Stock 5,0.1645805388689041
5,49,0.007078276015818119,0.007006532978266478,1.0239449064777224,0.49628394842147827,0.4572511911392212,0.5514108538627625,0.3655880093574524,0.6174106597900391,0.3991093337535858,0.4685920178890228,0.33953940868377686,Stock 87,0.1970694661140442,Stock 20,0.16586898267269135,Stock 26,0.1658923178911209
5,50,-0.008759771473705769,0.0021550627425312996,-506.47408081570245,0.5344769954681396,0.5384833812713623,0.47684094309806824,0.3812713921070099,0.5227769613265991,0.4711426794528961,0.4877803921699524,0.44182276725769043,Stock 99,0.5000112652778625,Stock 21,0.16614671051502228,Stock 56,0.1421879678964615
5,51,0.0032309535890817642,0.0011851078597828746,172.62949632902715,0.48298728466033936,0.48252275586128235,0.4225013852119446,0.3922232687473297,0.5251933932304382,0.5106907486915588,0.5062317252159119,0.4381626546382904,Stock 2,0.16693930327892303,Stock 38,0.19936183094978333,Stock 72,0.1665525585412979
5,52,-0.01168188638985157,0.0013689403422176838,-953.35248217807,0.42286959290504456,0.42952096462249756,0.49234750866889954,0.43491366505622864,0.4330920875072479,0.38969120383262634,0.37584859132766724,0.33335909247398376,Stock 64,0.24952003359794617,Stock 98,0.2488357573747635,Stock 79,0.14202703535556793
5,53,-0.015395582653582096,0.00154513877350837,-1096.3883450173932,0.45939841866493225,0.4769632816314697,0.44122618436813354,0.4224207103252411,0.5595800280570984,0.524635910987854,0.5201398730278015,0.43250370025634766,Stock 92,0.14261817932128906,Stock 57,0.16665531694889069,Stock 84,0.1668233424425125
5,54,-0.008647492155432701,0.0016286402242258191,-630.9639309408143,0.4261074960231781,0.46111586689949036,0.42270100116729736,0.49001386761665344,0.4007258117198944,0.5687429308891296,0.45865488052368164,0.41962307691574097,Stock 84,0.16592252254486084,Stock 16,0.24652878940105438,Stock 53,0.1418171375989914
5,55,0.0003574431757442653,0.0008405610569752753,-57.475644062013764,0.3022391200065613,0.3671649098396301,0.4191674590110779,0.5359815955162048,0.47174471616744995,0.48465144634246826,0.4265921115875244,0.35521650314331055,Stock 62,0.19891586899757385,Stock 60,0.33347657322883606,Stock 93,0.1239595115184784
5,56,-0.014667250216007233,0.001393036567606032,-1152.8977169072646,0.4258217215538025,0.4616124629974365,0.41613444685935974,0.458047479391098,0.5276435017585754,0.5595492720603943,0.5192615985870361,0.4395434558391571,Stock 21,0.16641829907894135,Stock 40,0.1644747108221054,Stock 92,0.14236578345298767
5,57,-0.013125438243150711,0.0029376596212387085,-546.7991508701806,0.5348269939422607,0.6118988990783691,0.45826566219329834,0.5089569091796875,0.39535266160964966,0.6482834815979004,0.5172109007835388,0.5293439030647278,Stock 53,0.14273367822170258,Stock 92,0.14276480674743652,Stock 84,0.1669948548078537
5,58,-0.03955609351396561,0.0016487975372001529,-2499.087372554934,0.4732883870601654,0.45316362380981445,0.44229286909103394,0.4179511070251465,0.4776262044906616,0.5488770604133606,0.4894998073577881,0.4023965001106262,Stock 77,0.24861866235733032,Stock 75,0.24861866235733032,Stock 44,0.33406615257263184
5,59,0.01298703532665968,0.0018058883724734187,619.1493961983987,0.22024789452552795,0.24959273636341095,0.49431753158569336,0.5633245706558228,0.5462900400161743,0.40317633748054504,0.37697121500968933,0.22938358783721924,Stock 18,0.24995438754558563,Stock 85,0.33324888348579407,Stock 61,0.24995437264442444
5,60,0.012557119131088257,0.0023404222447425127,436.5322073525993,0.44383296370506287,0.4441474378108978,0.37861528992652893,0.44943860173225403,0.39232027530670166,0.59770268201828,0.4801064431667328,0.43178898096084595,Stock 62,0.19852417707443237,Stock 55,0.1654684692621231,Stock 93,0.12371543049812317
5,61,0.012987036257982254,0.001424451475031674,811.721914408736,0.21080519258975983,0.24688537418842316,0.41521427035331726,0.5860323309898376,0.45042893290519714,0.4808610677719116,0.3822645843029022,0.26218658685684204,Stock 18,0.24994686245918274,Stock 83,0.19438469409942627,Stock 59,0.24994686245918274
5,62,0.0011238805018365383,0.004121839068830013,-72.73351814398828,0.38257721066474915,0.49482280015945435,0.39897745847702026,0.5088587999343872,0.5083686709403992,0.5187299847602844,0.4929477274417877,0.4758230447769165,Stock 55,0.16590774059295654,Stock 60,0.33370348811149597,Stock 93,0.12404385954141617
5,63,-0.045288123190402985,0.003754129633307457,-1306.354804282646,0.5389096736907959,0.5442238450050354,0.5539198517799377,0.42698270082473755,0.657606840133667,0.5770688652992249,0.5838664174079895,0.43740591406822205,Stock 97,0.25579485297203064,Stock 10,0.3378359377384186,Stock 29,0.25576257705688477
5,64,-0.007156345993280411,0.001710241544060409,-518.440659340435,0.5612938404083252,0.5017661452293396,0.4922991394996643,0.351901650428772,0.5684374570846558,0.5340324640274048,0.5339840054512024,0.4136047661304474,Stock 98,0.24956254661083221,Stock 52,0.3324595093727112,Stock 84,0.1662033200263977
5,65,-0.002951311878859997,0.0025440678000450134,-216.00759534819701,0.4414895176887512,0.43106475472450256,0.4258224070072174,0.43328654766082764,0.4452400803565979,0.534783124923706,0.4641968011856079,0.39078259468078613,Stock 64,0.24915863573551178,Stock 57,0.16531258821487427,Stock 54,0.33181628584861755
5,66,-0.01732482761144638,0.0026241810992360115,-760.1993900683999,0.539097785949707,0.5240658521652222,0.43199554085731506,0.36693403124809265,0.4638390839099884,0.4958307147026062,0.48043179512023926,0.4502677023410797,Stock 3,0.5022921562194824,Stock 76,0.20126885175704956,Stock 9,0.20134344696998596
5,67,-0.02038617990911007,0.0015134414425119758,-1447.0081720025817,0.42181941866874695,0.45019903779029846,0.5793675184249878,0.45820990204811096,0.5412390828132629,0.3602908253669739,0.39379096031188965,0.31387725472450256,Stock 33,0.16490966081619263,Stock 28,0.33433932065963745,Stock 37,0.16490966081619263
5,68,-0.05174199864268303,0.001695350045338273,-3151.9950015608106,0.6870241165161133,0.565130352973938,0.5875144600868225,0.3241526484489441,0.6833176612854004,0.6892382502555847,0.6639767289161682,0.4374672770500183,Stock 83,0.20578908920288086,Stock 37,0.17176714539527893,Stock 33,0.17176714539527893
5,69,-0.0302860289812088,0.00393872382119298,-868.9299975349787,0.6090818047523499,0.5655036568641663,0.4455488324165344,0.3569336533546448,0.4361425042152405,0.5844992399215698,0.518115222454071,0.4792139232158661,Stock 74,0.20024730265140533,Stock 11,0.24925273656845093,Stock 13,0.1658652126789093
5,70,-0.004059523809701204,0.004325580783188343,-193.84921963494043,0.6008856892585754,0.5562967658042908,0.3979722261428833,0.2578381896018982,0.5845397114753723,0.40463343262672424,0.5225860476493835,0.4921625852584839,Stock 89,0.19618776440620422,Stock 43,0.24711014330387115,Stock 80,0.12280363589525223
5,71,-0.01384153962135315,0.003623488824814558,-481.9948202009848,0.4529993236064911,0.45513448119163513,0.40425217151641846,0.4623694121837616,0.40580281615257263,0.6155599355697632,0.4910215437412262,0.4296296238899231,Stock 35,0.16589519381523132,Stock 80,0.12433315068483353,Stock 20,0.16812637448310852
5,72,-0.0036166415084153414,0.0012488862266764045,-389.5893501876564,0.315045028924942,0.34505927562713623,0.4050271511077881,0.4737262427806854,0.47899916768074036,0.4261474609375,0.4082917869091034,0.3344014286994934,Stock 2,0.1674298197031021,Stock 17,0.3321285545825958,Stock 31,0.3333176076412201
5,73,-0.015009317547082901,0.0035466302651911974,-523.1993871589475,0.5072504281997681,0.5406409502029419,0.4605422616004944,0.4329495429992676,0.5163348317146301,0.5466082096099854,0.5177813172340393,0.46772387623786926,Stock 34,0.25219425559043884,Stock 12,0.2508675456047058,Stock 52,0.3360491394996643
5,74,-0.025057686492800713,0.002289036987349391,-1194.682463904459,0.5906906127929688,0.6327505111694336,0.505885124206543,0.4920584261417389,0.3409566879272461,0.6457958817481995,0.48630622029304504,0.5050038695335388,Stock 69,0.24882079660892487,Stock 11,0.24882079660892487,Stock 13,0.16557776927947998
5,75,-0.044167324900627136,0.002757105976343155,-1701.945129407314,0.5569481253623962,0.562330424785614,0.4134068191051483,0.4064260721206665,0.4741755425930023,0.6275928616523743,0.5563082098960876,0.5150651335716248,Stock 58,0.2527432143688202,Stock 77,0.2517946660518646,Stock 44,0.33833369612693787
5,76,-0.014309553429484367,0.0033678689505904913,-524.8845082578246,0.5442937612533569,0.5704478025436401,0.5412858724594116,0.5057792067527771,0.4679749310016632,0.6698694825172424,0.5389180183410645,0.4561554789543152,Stock 93,0.1260712444782257,Stock 9,0.20082946121692657,Stock 66,0.333781898021698
5,77,-0.04416733235120773,0.0033034104853868484,-1437.022224352342,0.6151161789894104,0.5491600036621094,0.6267989873886108,0.47804442048072815,0.5621397495269775,0.7642381191253662,0.6204917430877686,0.4083928167819977,Stock 58,0.2529764175415039,Stock 75,0.2520269751548767,Stock 87,0.2063630372285843
5,78,-0.03340866416692734,0.0013877239543944597,-2507.4430697209787,0.6691920757293701,0.6306669116020203,0.42434611916542053,0.3596557676792145,0.4302550256252289,0.694020688533783,0.5900963544845581,0.5599671602249146,Stock 40,0.16842986643314362,Stock 16,0.25337857007980347,Stock 88,0.25171297788619995
5,79,-0.01002565212547779,0.0026293816044926643,-481.2931568528345,0.42679834365844727,0.49235445261001587,0.43527457118034363,0.4034052789211273,0.5411315560340881,0.34853336215019226,0.4302656948566437,0.4232935607433319,Stock 41,0.16394460201263428,Stock 29,0.24630644917488098,Stock 23,0.2481764703989029
5,80,-0.01958542689681053,0.0019935742020606995,-1082.4277860621214,0.643919050693512,0.5166832804679871,0.4925769865512848,0.3238251507282257,0.5413931608200073,0.6683801412582397,0.5964182615280151,0.4325416386127472,Stock 91,0.20062758028507233,Stock 89,0.20150621235370636,Stock 35,0.16830170154571533
5,81,-0.008021526038646698,0.002921405015513301,-374.5776773864164,0.5656536817550659,0.5885047316551208,0.3705748915672302,0.4260592758655548,0.4747413694858551,0.7135187387466431,0.6135818362236023,0.5780907869338989,Stock 4,0.25015789270401,Stock 5,0.168873131275177,Stock 32,0.25015789270401
5,82,-0.00795317068696022,0.0019308263435959816,-511.9050226002299,0.6586316227912903,0.6549719572067261,0.38927486538887024,0.32206740975379944,0.4831240773200989,0.588498592376709,0.5766814351081848,0.5940795540809631,Stock 31,0.3344128429889679,Stock 25,0.5006555914878845,Stock 72,0.16759081184864044
5,83,-0.03025226853787899,0.0021469946950674057,-1509.0518531499774,0.4310759902000427,0.5413490533828735,0.39649274945259094,0.5235024690628052,0.5650154948234558,0.6623421311378479,0.5991092324256897,0.5424894690513611,Stock 37,0.16735537350177765,Stock 68,0.49349528551101685,Stock 33,0.16735537350177765
5,84,-0.0118634644895792,0.002192322863265872,-641.1367407766924,0.5200679302215576,0.5801132321357727,0.42088502645492554,0.474075049161911,0.43492192029953003,0.6366965770721436,0.5356301069259644,0.5279442071914673,Stock 53,0.1429993361234665,Stock 54,0.33547860383987427,Stock 98,0.251217782497406
5,85,0.012545603327453136,0.0016144963447004557,677.0598780625158,0.3696209490299225,0.4064501225948334,0.5384441018104553,0.5654417276382446,0.3522469997406006,0.5030355453491211,0.3621445596218109,0.3045608699321747,Stock 59,0.2501547932624817,Stock 18,0.2501547932624817,Stock 61,0.2501547932624817
5,86,-0.0008926697191782296,0.0025254422798752785,-135.34706480095497,0.2193787395954132,0.2787822484970093,0.4765810966491699,0.669092059135437,0.36876407265663147,0.5643458962440491,0.36869725584983826,0.26229870319366455,Stock 27,0.24940016865730286,Stock 7,0.14263515174388885,Stock 19,0.14217033982276917
5,87,-0.011650768108665943,0.006344286259263754,-283.64190442469095,0.5435436367988586,0.5607890486717224,0.4491928815841675,0.46085408329963684,0.30069416761398315,0.5916118025779724,0.4374482035636902,0.4633626341819763,Stock 49,0.252353310585022,Stock 26,0.1680309772491455,Stock 20,0.16801272332668304
5,88,-0.03194686025381088,0.0013171450700610876,-2525.462538635112,0.672297477722168,0.6794085502624512,0.5172893404960632,0.32510802149772644,0.6074026823043823,0.4969075322151184,0.5699930191040039,0.5446729063987732,Stock 100,0.25332242250442505,Stock 95,0.5035163164138794,Stock 40,0.16839085519313812
5,89,-0.021647177636623383,0.003918537404388189,-652.4300370944962,0.6018745303153992,0.555237889289856,0.49881893396377563,0.3616624176502228,0.5737351775169373,0.5966364145278931,0.5748242735862732,0.46104851365089417,Stock 80,0.12579989433288574,Stock 91,0.20009179413318634,Stock 43,0.25309598445892334
5,90,0.03149997070431709,0.0029616723768413067,963.5872809778019,0.543275773525238,0.5283933281898499,0.44576209783554077,0.4134010970592499,0.442773699760437,0.6019142270088196,0.5145612955093384,0.45937010645866394,Stock 30,0.33377641439437866,Stock 5,0.16524508595466614,Stock 81,0.24654045701026917
5,91,-0.027901552617549896,0.002655514981597662,-1150.7021354013687,0.42706331610679626,0.4542582035064697,0.42943161725997925,0.471105694770813,0.47309568524360657,0.5641007423400879,0.49024662375450134,0.41870030760765076,Stock 15,0.25221288204193115,Stock 80,0.1268778294324875,Stock 89,0.20269007980823517
5,92,-0.015121872536838055,0.0015970456879585981,-1046.8653684020387,0.48499009013175964,0.46740493178367615,0.3974698483943939,0.3980369567871094,0.4955160915851593,0.5756105780601501,0.5256643295288086,0.4456566274166107,Stock 96,0.49867504835128784,Stock 53,0.1427692025899887,Stock 57,0.1668681651353836
5,93,-0.004693940747529268,0.0033938323613256216,-238.30797304601776,0.5000861883163452,0.5097874402999878,0.41826769709587097,0.4213002026081085,0.49026885628700256,0.5859147310256958,0.5290611982345581,0.4690071642398834,Stock 76,0.19872455298900604,Stock 9,0.19879819452762604,Stock 62,0.2002352625131607
5,94,-0.009967677295207977,0.0028664071578532457,-447.74115281909656,0.5298454165458679,0.5186246633529663,0.4039054214954376,0.38555994629859924,0.5156071782112122,0.5952839255332947,0.5552182197570801,0.48623359203338623,Stock 46,0.33356037735939026,Stock 0,0.25072625279426575,Stock 39,0.20102955400943756
5,95,-0.03143708035349846,0.001536447904072702,-2146.0882708855524,0.546683132648468,0.5387311577796936,0.42690226435661316,0.38845551013946533,0.5029008984565735,0.5836687684059143,0.5425871014595032,0.4843451976776123,Stock 28,0.33585384488105774,Stock 88,0.24813981354236603,Stock 100,0.24978426098823547
5,96,-0.017929047346115112,0.0014019289519637823,-1378.8841632095987,0.5326004028320312,0.512988269329071,0.445374071598053,0.4111729860305786,0.4636225402355194,0.5998654365539551,0.5207449793815613,0.4502565264701843,Stock 92,0.14355915784835815,Stock 57,0.1677548885345459,Stock 53,0.14352785050868988
5,97,-0.014927379786968231,0.0028402151074260473,-625.5721564165684,0.5130782127380371,0.478874146938324,0.4033655524253845,0.3760761320590973,0.5023653507232666,0.5767322778701782,0.5334806442260742,0.44933441281318665,Stock 23,0.2525031268596649,Stock 79,0.14378133416175842,Stock 29,0.25063326954841614
5,98,-0.010580047965049744,0.0016311120707541704,-748.6401611973781,0.51475989818573,0.4991382956504822,0.4247215688228607,0.3969869911670685,0.4867571294307709,0.5692431926727295,0.5194792747497559,0.45089489221572876,Stock 84,0.16675035655498505,Stock 64,0.2510724663734436,Stock 57,0.166582390666008
5,99,-0.008759771473705769,0.0020632450468838215,-524.5628257746653,0.5050801038742065,0.5036341547966003,0.39140430092811584,0.4190681576728821,0.4509815573692322,0.6188163161277771,0.5322381258010864,0.4791826605796814,Stock 50,0.49998876452445984,Stock 21,0.16613924503326416,Stock 56,0.14218157529830933
5,100,-0.023743676021695137,0.0009403277072124183,-2625.0426887965223,0.5961641073226929,0.563360333442688,0.4628826677799225,0.39175882935523987,0.4776628911495209,0.6415287256240845,0.5580755472183228,0.48433032631874084,Stock 88,0.2484925538301468,Stock 67,0.20065099000930786,Stock 40,0.16627494990825653
5,101,-0.014989334158599377,0.005099574103951454,-393.93305897809677,0.5141861438751221,0.49403876066207886,0.3996448516845703,0.39783555269241333,0.48771560192108154,0.6129869818687439,0.5457971096038818,0.468533456325531,Stock 93,0.12668967247009277,Stock 62,0.2032734900712967,Stock 19,0.14485977590084076
6,0,0.0023814807645976543,0.00329199293628335,-27.658387770225936,0.5392863154411316,0.5572912096977234,0.529503583908081,0.4501185715198517,0.5121608376502991,0.5704159736633301,0.5153446793556213,0.4415851831436157,Stock 27,0.25040650367736816,Stock 55,0.16485807299613953,Stock 46,0.3331986963748932
6,1,-0.012510595843195915,0.005313411355018616,-335.4531770136604,0.5133264660835266,0.5370625853538513,0.500650942325592,0.44674691557884216,0.48601391911506653,0.5399165153503418,0.4902069866657257,0.4356018900871277,Stock 41,0.16734448075294495,Stock 79,0.1432614028453827,Stock 45,0.3336240351200104
6,2,0.0022346905898302794,0.00173438829369843,28.846037415589258,0.4195258915424347,0.4688648283481598,0.41204240918159485,0.45920559763908386,0.4680091440677643,0.5042266845703125,0.46657708287239075,0.4325520396232605,Stock 51,0.3332265019416809,Stock 38,0.19963912665843964,Stock 72,0.1647842675447464
6,3,-0.010564395226538181,0.007904455065727234,-233.65115164414215,0.4454503059387207,0.47058162093162537,0.48810046911239624,0.48659810423851013,0.5221576690673828,0.5848459601402283,0.5131691098213196,0.40665000677108765,Stock 66,0.3347870707511902,Stock 76,0.2008357048034668,Stock 93,0.12506046891212463
6,4,-0.027509231120347977,0.004293672274798155,-740.6923807812319,0.5296491980552673,0.5207396745681763,0.51321941614151,0.43098387122154236,0.5054046511650085,0.5666161179542542,0.5090889930725098,0.41892707347869873,Stock 81,0.250916451215744,Stock 5,0.16746215522289276,Stock 32,0.2504720091819763
6,5,-0.02392992563545704,0.004920629784464836,-586.3183511795054,0.366683691740036,0.3691333830356598,0.26279860734939575,0.4272913634777069,0.4121028780937195,0.6082587838172913,0.5084940791130066,0.45606574416160583,Stock 81,0.2499699741601944,Stock 4,0.2495271861553192,Stock 32,0.2495271861553192
6,6,-0.014336678199470043,0.007045289967209101,-303.49308922978696,0.5141985416412354,0.5131737589836121,0.41430193185806274,0.40211108326911926,0.4921810030937195,0.5763371586799622,0.5293149948120117,0.4710385501384735,Stock 24,0.25074639916419983,Stock 43,0.25161975622177124,Stock 19,0.14342686533927917
6,7,-0.0005732445861212909,0.002768874168395996,-120.70316494206634,0.43731728196144104,0.4703589975833893,0.38723888993263245,0.42395544052124023,0.4791552722454071,0.5012487769126892,0.4804258346557617,0.4470505714416504,Stock 39,0.19931983947753906,Stock 19,0.14208972454071045,Stock 27,0.2506985664367676
6,8,-0.03990529105067253,0.004805495496839285,-930.4094983944822,0.5466428399085999,0.4954277276992798,0.46429672837257385,0.362312912940979,0.5544078350067139,0.5602525472640991,0.5428439974784851,0.42805808782577515,Stock 11,0.2536945044994354,Stock 74,0.20289069414138794,Stock 69,0.2536945044994354
6,9,-0.012071727775037289,0.007383851800113916,-263.4882186401825,0.5059152245521545,0.49653398990631104,0.5019755959510803,0.415894478559494,0.48109784722328186,0.4951215088367462,0.4619430601596832,0.3937305808067322,Stock 93,0.12452831864356995,Stock 76,0.19998113811016083,Stock 55,0.1659432351589203
6,10,-0.011446086689829826,0.004177643917500973,-373.98425801394694,0.40203991532325745,0.46651574969291687,0.39579883217811584,0.4876479506492615,0.4007754921913147,0.5154553055763245,0.439358115196228,0.43507760763168335,Stock 21,0.16607525944709778,Stock 36,0.5013596415519714,Stock 56,0.14229616522789001
6,11,-0.021676622331142426,0.00399618549272418,-642.4328367791951,0.40925121307373047,0.4684484601020813,0.4247337877750397,0.5000589489936829,0.44258007407188416,0.5520076155662537,0.46988195180892944,0.43010565638542175,Stock 74,0.19870132207870483,Stock 69,0.24845610558986664,Stock 13,0.16685229539871216
6,12,-0.020517975091934204,0.001947184675373137,-1153.7251731401577,0.5534290075302124,0.5299487709999084,0.49217498302459717,0.4113929867744446,0.4478387236595154,0.5669087171554565,0.4910930097103119,0.42795947194099426,Stock 14,0.253286749124527,Stock 34,0.2519688010215759,Stock 73,0.3340797424316406
6,13,-0.012533006258308887,0.004192211199551821,-398.9593238920969,0.4245051145553589,0.492975652217865,0.4525452256202698,0.4861089885234833,0.4874105155467987,0.5093804597854614,0.47108983993530273,0.4325924217700958,Stock 45,0.3326595425605774,Stock 14,0.249552920460701,Stock 38,0.20143698155879974
6,14,-0.012103167362511158,0.0027965467888861895,-532.7897323445683,0.46121013164520264,0.4517541229724884,0.44292885065078735,0.4370075464248657,0.4282105267047882,0.5388213992118835,0.45854732394218445,0.3945196270942688,Stock 13,0.1656709909439087,Stock 12,0.246928870677948,Stock 17,0.3324556052684784
6,15,0.00911630503833294,0.004854754079133272,87.78098518968626,0.44100141525268555,0.4805630147457123,0.4775390625,0.49078884720802307,0.4975958466529846,0.5660144686698914,0.49576982855796814,0.4156113564968109,Stock 35,0.1663849949836731,Stock 91,0.1992531567811966,Stock 80,0.12444479763507843
6,16,-0.015889575704932213,0.0020092823542654514,-890.8085029065556,0.4591229557991028,0.4917721450328827,0.4271257519721985,0.4733249843120575,0.4028860330581665,0.5709568858146667,0.46817484498023987,0.43958696722984314,Stock 40,0.16777819395065308,Stock 53,0.14339950680732727,Stock 92,0.14353224635124207
6,17,-0.008355168625712395,0.0018015977693721652,-563.7643744765553,0.5130146145820618,0.5143157839775085,0.48036307096481323,0.41906020045280457,0.4973964989185333,0.5324499011039734,0.4952407777309418,0.42796334624290466,Stock 72,0.16565574705600739,Stock 2,0.1669967770576477,Stock 14,0.2485620379447937
6,18,0.01081656664609909,0.00190792977809906,466.9268738431259,0.4891083836555481,0.4838787913322449,0.4716509282588959,0.4346758723258972,0.48966267704963684,0.5593929886817932,0.49842995405197144,0.4131595492362976,Stock 61,0.2495138943195343,Stock 59,0.24951401352882385,Stock 85,0.33244505524635315
6,19,-0.006481297314167023,0.004945588763803244,-231.05208750075676,0.5590518116950989,0.5192139744758606,0.4642374813556671,0.36753833293914795,0.5474985837936401,0.5698270797729492,0.54829341173172,0.447532594203949,Stock 7,0.14308707416057587,Stock 39,0.1999731957912445,Stock 101,0.4971753656864166
6,20,-0.00797852873802185,0.005574541166424751,-243.1244025261886,0.4402283728122711,0.46951112151145935,0.46539586782455444,0.4855825901031494,0.45049160718917847,0.5591108798980713,0.47128695249557495,0.40581491589546204,Stock 35,0.16854308545589447,Stock 80,0.12606129050254822,Stock 26,0.16655664145946503
6,21,-0.008131650276482105,0.003315744688734412,-345.24355883341184,0.506354808807373,0.5207425355911255,0.5011079907417297,0.4542762041091919,0.5176149010658264,0.581213116645813,0.5210707783699036,0.43290892243385315,Stock 56,0.14291757345199585,Stock 92,0.14235864579677582,Stock 10,0.3330513536930084
6,22,0.01670953258872032,0.006541706155985594,155.43080337583294,0.41682109236717224,0.45201000571250916,0.44103026390075684,0.4190497398376465,0.6120535731315613,0.45537734031677246,0.5067710876464844,0.41338905692100525,Stock 49,0.24606266617774963,Stock 26,0.16423892974853516,Stock 20,0.16454117000102997
6,23,-0.004415077157318592,0.0031109871342778206,-241.91884976546203,0.3933168351650238,0.4415441155433655,0.4530288279056549,0.468862384557724,0.6208895444869995,0.5222858786582947,0.5325372219085693,0.4123799502849579,Stock 79,0.14161023497581482,Stock 41,0.16540220379829407,Stock 97,0.24776864051818848
6,24,-0.010633280500769615,0.0018957569263875484,-660.8989397724009,0.5114743709564209,0.5111615061759949,0.4182485044002533,0.41864708065986633,0.5031217336654663,0.616023600101471,0.5511161088943481,0.4754303991794586,Stock 39,0.20117902755737305,Stock 19,0.14341507852077484,Stock 7,0.14394988119602203
6,25,-0.0293499194085598,0.0030336047057062387,-1067.4932054711126,0.5381683707237244,0.5559536814689636,0.4287530481815338,0.4371853768825531,0.45053496956825256,0.6313543319702148,0.5388438105583191,0.5003647208213806,Stock 82,0.3332952558994293,Stock 9,0.20246373116970062,Stock 55,0.16834625601768494
6,26,-0.012647867202758789,0.004930128809064627,-356.5423276467784,0.6066575050354004,0.6110115647315979,0.4740752577781677,0.49157553911209106,0.2752787470817566,0.7213552594184875,0.4951367676258087,0.5039604902267456,Stock 20,0.16685143113136292,Stock 49,0.24954533576965332,Stock 87,0.19862261414527893
6,27,0.008244352415204048,0.001974110957235098,317.6235578344051,0.5060057640075684,0.5272815227508545,0.698639452457428,0.40029218792915344,0.7039281725883484,0.2707279324531555,0.4213377833366394,0.3038051128387451,Stock 7,0.14205989241600037,Stock 0,0.24940642714500427,Stock 86,0.5006016492843628
6,28,-0.002424989128485322,0.002509535290300846,-196.63100327210825,0.4800288677215576,0.44508689641952515,0.4071876108646393,0.361675500869751,0.5331879258155823,0.5011706948280334,0.5054520964622498,0.4147515594959259,Stock 67,0.19938533008098602,Stock 33,0.16620831191539764,Stock 37,0.16620846092700958
6,29,-0.01080244593322277,0.003041959134861827,-455.1147617146883,0.5482603311538696,0.5096484422683716,0.47540414333343506,0.3789266347885132,0.48021405935287476,0.5335326790809631,0.4935455322265625,0.4197823405265808,Stock 79,0.14309677481651306,Stock 41,0.16715218126773834,Stock 97,0.2503901720046997
6,30,-0.020945390686392784,0.006218771915882826,-436.80911552485117,0.5734970569610596,0.5197221636772156,0.524876594543457,0.4403950572013855,0.34602224826812744,0.6236151456832886,0.45802855491638184,0.3930392265319824,Stock 90,0.3331798315048218,Stock 48,0.49967795610427856,Stock 5,0.16619187593460083
6,31,-0.023397009819746017,0.0019721712451428175,-1286.3579228918172,0.5390142798423767,0.5386928915977478,0.5384831428527832,0.45276305079460144,0.5303255319595337,0.6041116714477539,0.5350348949432373,0.4281274676322937,Stock 72,0.16816669702529907,Stock 82,0.3323124647140503,Stock 74,0.20025581121444702
6,32,-0.027509229257702827,0.0049642715603113174,-654.1443275914922,0.5526374578475952,0.5508840084075928,0.4586711823940277,0.4232567250728607,0.46459826827049255,0.6156309843063354,0.5324024558067322,0.47564056515693665,Stock 75,0.24997057020664215,Stock 4,0.25036656856536865,Stock 77,0.24997057020664215
6,33,-0.006451438181102276,0.0011349853593856096,-668.4159824400351,0.45100846886634827,0.5075920224189758,0.36430197954177856,0.4521421492099762,0.4158403277397156,0.5563849210739136,0.48596009612083435,0.4918516278266907,Stock 67,0.2002345323562622,Stock 37,0.1669163852930069,Stock 83,0.20062293112277985
6,34,-0.016253981739282608,0.00245590228587389,-761.8334057007855,0.5209452509880066,0.4908076822757721,0.46729233860969543,0.37823596596717834,0.5647121667861938,0.5350784063339233,0.5316044688224792,0.42345860600471497,Stock 73,0.32995185256004333,Stock 47,0.3360901176929474,Stock 12,0.24847722053527832
6,35,0.00964435189962387,0.0008946667658165097,977.9825816847057,0.3355577290058136,0.46107956767082214,0.32651346921920776,0.48469221591949463,0.5143515467643738,0.45811864733695984,0.4781264364719391,0.48989081382751465,Stock 15,0.24961020052433014,Stock 80,0.12452887743711472,Stock 42,0.5009903311729431
6,36,0.0023591837380081415,0.0038307865615934134,-38.415160957784074,0.47438088059425354,0.4714711904525757,0.43382441997528076,0.42879822850227356,0.4436326026916504,0.5450766086578369,0.4755789637565613,0.41768401861190796,Stock 56,0.1414935290813446,Stock 21,0.16514253616333008,Stock 100,0.24923712015151978
6,37,-0.006451451685279608,0.0013109450228512287,-592.1222151061742,0.5531402230262756,0.48904088139533997,0.3821568787097931,0.3428070545196533,0.48091334104537964,0.6019048690795898,0.5476424694061279,0.46667036414146423,Stock 33,0.16699787974357605,Stock 83,0.20072107017040253,Stock 67,0.20033249258995056
6,38,0.004731439985334873,0.0022746718022972345,108.00539139565109,0.3809143304824829,0.4565189480781555,0.35268503427505493,0.5265148282051086,0.35409289598464966,0.6012687087059021,0.4602380394935608,0.462642103433609,Stock 51,0.3328365385532379,Stock 47,0.331889271736145,Stock 2,0.16596001386642456
6,39,-0.006199225317686796,0.00267232209444046,-331.978971793249,0.5684747695922852,0.533606767654419,0.41534119844436646,0.3281388580799103,0.561445951461792,0.5313728451728821,0.5541642904281616,0.48320844769477844,Stock 7,0.14368495345115662,Stock 19,0.1431511491537094,Stock 24,0.25026437640190125
6,40,-0.012338458560407162,0.0022922225762158632,-638.2748904243068,0.5527640581130981,0.5531501770019531,0.4874083697795868,0.46229076385498047,0.3511963188648224,0.6154201626777649,0.4671389162540436,0.44519415497779846,Stock 16,0.2493649572134018,Stock 56,0.14318609237670898,Stock 78,0.4991469383239746
6,41,-0.007774014957249165,0.0030739435460418463,-352.90038157204776,0.4117116630077362,0.43986043334007263,0.30283284187316895,0.40653911232948303,0.494088739156723,0.5554779171943665,0.5285574793815613,0.48820728063583374,Stock 79,0.14289994537830353,Stock 1,0.3327414393424988,Stock 23,0.2509859800338745
6,42,0.019034866243600845,0.0032573111820966005,484.373588505255,0.49148160219192505,0.4870985150337219,0.4515209496021271,0.39546486735343933,0.5565253496170044,0.515943706035614,0.5182321071624756,0.4291856288909912,Stock 35,0.16583916544914246,Stock 15,0.24862340092658997,Stock 91,0.19859953224658966
6,43,-0.006036153994500637,0.006804939359426498,-188.70253907757598,0.41240933537483215,0.46249884366989136,0.36952105164527893,0.49001139402389526,0.4147692918777466,0.6057330369949341,0.49487078189849854,0.46219518780708313,Stock 89,0.19960710406303406,Stock 70,0.5004412531852722,Stock 24,0.2482634037733078
6,44,-0.02150946855545044,0.0063359919004142284,-439.4806826385655,0.4816984534263611,0.481157511472702,0.4730830192565918,0.35548171401023865,0.5636018514633179,0.3609392046928406,0.4445843994617462,0.390041321516037,Stock 26,0.16603198647499084,Stock 58,0.2470751404762268,Stock 87,0.19801104068756104
6,45,-0.012357993982732296,0.0028671498876065016,-531.0201582467234,0.615809977054596,0.5659276843070984,0.5496622323989868,0.3608236014842987,0.5763989090919495,0.5546244978904724,0.5481947064399719,0.4330730736255646,Stock 13,0.16683554649353027,Stock 41,0.1673908233642578,Stock 1,0.3336755037307739
6,46,-0.00047923022066242993,0.0027883134316653013,-117.18710010216509,0.3654191195964813,0.3641264736652374,0.3702906668186188,0.47450172901153564,0.38729333877563477,0.5632256269454956,0.442580908536911,0.37143319845199585,Stock 7,0.14288020133972168,Stock 94,0.5011708736419678,Stock 0,0.2508430480957031
6,47,0.004720476921647787,0.003331918967887759,41.67442147130883,0.30995115637779236,0.40648648142814636,0.2992289066314697,0.49934008717536926,0.3722372055053711,0.4631351828575134,0.40758994221687317,0.444848895072937,Stock 38,0.19948439300060272,Stock 34,0.2457824945449829,Stock 2,0.16602565348148346
6,48,-0.02117418497800827,0.0034598810598254204,-711.9917017921039,0.4414132237434387,0.41315150260925293,0.3996520936489105,0.4211662709712982,0.41476282477378845,0.5498738288879395,0.4606274962425232,0.388493150472641,Stock 30,0.33360928297042847,Stock 90,0.33360928297042847,Stock 5,0.1664060652256012
6,49,-0.012978006154298782,0.007810746785253286,-266.1557660376508,0.5277708172798157,0.5133121013641357,0.46723249554634094,0.4255928099155426,0.5507016181945801,0.6416947245597839,0.575802743434906,0.4570290446281433,Stock 87,0.20049308240413666,Stock 20,0.16842271387577057,Stock 26,0.16811317205429077
6,50,-0.01499299705028534,0.0032271977979689837,-564.5825260453848,0.5140098929405212,0.5275801420211792,0.47109925746917725,0.3909441828727722,0.6017859578132629,0.5052279233932495,0.5392026901245117,0.45448315143585205,Stock 99,0.5000015497207642,Stock 21,0.16742001473903656,Stock 56,0.1434483826160431
6,51,0.007081398740410805,0.0023748166859149933,198.18717303152232,0.5095605254173279,0.4911976158618927,0.40860962867736816,0.4299952983856201,0.46457767486572266,0.6624609231948853,0.5542515516281128,0.4666691720485687,Stock 2,0.16649475693702698,Stock 38,0.2000339925289154,Stock 72,0.165157750248909
6,52,-0.022635795176029205,0.004163745790719986,-643.6401815518875,0.5016052722930908,0.5192042589187622,0.5066606998443604,0.43132057785987854,0.5240704417228699,0.5036294460296631,0.48761841654777527,0.41793927550315857,Stock 64,0.2523256838321686,Stock 98,0.2517361342906952,Stock 79,0.14429667592048645
6,53,-0.015889422968029976,0.0018610841361805797,-953.7724146442479,0.5446780323982239,0.543812096118927,0.4544084966182709,0.4051576554775238,0.5078819394111633,0.5821980237960815,0.5374289155006409,0.47342243790626526,Stock 92,0.14291119575500488,Stock 57,0.16713206470012665,Stock 84,0.1669837385416031
6,54,-0.012644858099520206,0.002112198853865266,-698.6585058684443,0.5964963436126709,0.5714321732521057,0.5017199516296387,0.4077278673648834,0.47356075048446655,0.6221246719360352,0.5379680395126343,0.4652221202850342,Stock 84,0.16671989858150482,Stock 16,0.2494685798883438,Stock 53,0.142553448677063
6,55,-0.014835028909146786,0.0018280583899468184,-911.5183295418898,0.5206702351570129,0.5595661401748657,0.5237765908241272,0.43749353289604187,0.625861644744873,0.5454373359680176,0.560106098651886,0.461132287979126,Stock 62,0.2003580778837204,Stock 60,0.33378466963768005,Stock 93,0.12545406818389893
6,56,-0.008788257837295532,0.0029574688524007797,-397.1547047794435,0.5881177186965942,0.5962568521499634,0.41757819056510925,0.3909553289413452,0.47799012064933777,0.620910108089447,0.5628859996795654,0.5381278991699219,Stock 21,0.16714270412921906,Stock 40,0.16674773395061493,Stock 92,0.14265070855617523
6,57,-0.011739976704120636,0.004397394601255655,-366.97573833306524,0.49821189045906067,0.5148404240608215,0.44692566990852356,0.4531852602958679,0.5112596154212952,0.6289085149765015,0.5517930388450623,0.4668835699558258,Stock 53,0.1428540050983429,Stock 92,0.1429862380027771,Stock 84,0.1670714020729065
6,58,-0.024721410125494003,0.004750775173306465,-620.3658187067667,0.43174418807029724,0.4835730791091919,0.39694491028785706,0.47145816683769226,0.4171421229839325,0.5445018410682678,0.466668963432312,0.45182332396507263,Stock 77,0.24811376631259918,Stock 75,0.24811376631259918,Stock 44,0.3329521417617798
6,59,0.010816569440066814,0.0035792947746813297,202.19834132073768,0.4315067231655121,0.4394669830799103,0.3536413609981537,0.3972626030445099,0.49191540479660034,0.5150163173675537,0.4977409839630127,0.4453049302101135,Stock 18,0.24950535595417023,Stock 85,0.33243370056152344,Stock 61,0.24950537085533142
6,60,-0.0169324092566967,0.003470147494226694,-587.9449442672756,0.5843535661697388,0.5659804940223694,0.44505637884140015,0.37341365218162537,0.49997156858444214,0.5868784189224243,0.5469514727592468,0.49260634183883667,Stock 62,0.20030450820922852,Stock 55,0.16713213920593262,Stock 93,0.12542052567005157
6,61,0.010816561989486217,0.0026911695022135973,301.92793432703337,0.3621249496936798,0.41175341606140137,0.4935957193374634,0.37351855635643005,0.6212791204452515,0.19936811923980713,0.3558080792427063,0.3167383074760437,Stock 18,0.2495143562555313,Stock 83,0.19865672290325165,Stock 59,0.24951447546482086
6,62,-0.016393501311540604,0.005938549991697073,-376.05225744434284,0.39643001556396484,0.4289718568325043,0.3801400661468506,0.5071038007736206,0.4386368989944458,0.6508651375770569,0.5185827016830444,0.43931543827056885,Stock 55,0.16654342412948608,Stock 60,0.33251991868019104,Stock 93,0.12497871369123459
6,63,-0.018929850310087204,0.003716366132721305,-609.3645145298384,0.4929812252521515,0.4348033368587494,0.3675994575023651,0.35468006134033203,0.4696374535560608,0.5598742961883545,0.5116701126098633,0.4280959963798523,Stock 97,0.2517848312854767,Stock 10,0.33534538745880127,Stock 29,0.25163933634757996
6,64,-0.010896495543420315,0.004128049593418837,-363.9623215959447,0.46847841143608093,0.4529838263988495,0.3578643202781677,0.37860363721847534,0.5516140460968018,0.5796906352043152,0.5616572499275208,0.46768617630004883,Stock 98,0.24921509623527527,Stock 52,0.3299475312232971,Stock 84,0.16627074778079987
6,65,-0.0064942361786961555,0.004562043584883213,-242.35366361284787,0.41567087173461914,0.38470250368118286,0.42967304587364197,0.43405187129974365,0.44138088822364807,0.5278512835502625,0.44888290762901306,0.3512170910835266,Stock 64,0.2491219937801361,Stock 57,0.16596756875514984,Stock 54,0.331694096326828
6,66,-0.009286242537200451,0.004429763648658991,-309.6329121309135,0.5394204258918762,0.5068483948707581,0.4208851456642151,0.3645692467689514,0.47025197744369507,0.5370877385139465,0.5028871297836304,0.44900771975517273,Stock 3,0.49833396077156067,Stock 76,0.19950178265571594,Stock 9,0.19909535348415375
6,67,-0.007561065256595612,0.002684931270778179,-381.6111287051371,0.5260176658630371,0.5001688003540039,0.42055320739746094,0.3702397346496582,0.3922726809978485,0.4799968898296356,0.43632772564888,0.42598018050193787,Stock 33,0.16710537672042847,Stock 28,0.33499130606651306,Stock 37,0.1671055406332016
6,68,-0.002935203956440091,0.0035342753399163485,-183.0496685781579,0.5389312505722046,0.5970578789710999,0.3224741816520691,0.4116559624671936,0.4114423394203186,0.6229759454727173,0.549752950668335,0.5950901508331299,Stock 83,0.20098876953125,Stock 37,0.16722077131271362,Stock 33,0.1672205924987793
6,69,-0.021676626056432724,0.0062223332934081554,-448.36812871140495,0.5170552730560303,0.5722153186798096,0.4158780574798584,0.38313522934913635,0.529776394367218,0.4528276026248932,0.5002947449684143,0.5075883269309998,Stock 74,0.19871890544891357,Stock 11,0.24847811460494995,Stock 13,0.16686707735061646
6,70,-0.0002811154699884355,0.006370113231241703,-104.41303725355662,0.4464094340801239,0.4505435824394226,0.41347095370292664,0.4657231271266937,0.3328362703323364,0.558356761932373,0.42289620637893677,0.401741087436676,Stock 89,0.1992349773645401,Stock 43,0.24868088960647583,Stock 80,0.1246357262134552
6,71,0.01839633285999298,0.006725299637764692,173.53923023283204,0.21952620148658752,0.2438434213399887,0.3474787771701813,0.5855609774589539,0.3794316351413727,0.5823635458946228,0.4099367558956146,0.2961263060569763,Stock 35,0.1661856472492218,Stock 80,0.12429569661617279,Stock 20,0.16449663043022156
6,72,-0.01155160740017891,0.0017191998194903135,-771.9176717691596,0.3816799521446228,0.507544755935669,0.5175753831863403,0.6296724081039429,0.4771609604358673,0.6473223567008972,0.5060733556747437,0.4349120557308197,Stock 2,0.1683683842420578,Stock 17,0.335137277841568,Stock 31,0.3311173915863037
6,73,-0.02558610960841179,0.0029009536374360323,-981.9896077700062,0.609492301940918,0.6255075335502625,0.4559028148651123,0.4482029676437378,0.4021531641483307,0.6949799060821533,0.5579572319984436,0.5419718623161316,Stock 34,0.2533932626247406,Stock 12,0.2530081272125244,Stock 52,0.33676719665527344
6,74,-0.022065991535782814,0.0035778668243438005,-716.7359664045023,0.6039050221443176,0.6419864892959595,0.5892569422721863,0.46675217151641846,0.6268715858459473,0.650967001914978,0.6128203272819519,0.503958523273468,Stock 69,0.24937132000923157,Stock 11,0.24937132000923157,Stock 13,0.1674669235944748
6,75,-0.029492788016796112,0.003987160045653582,-839.6941100708087,0.6131829023361206,0.5318324565887451,0.5733153223991394,0.39880797266960144,0.47638288140296936,0.6234235763549805,0.5195080041885376,0.3883519172668457,Stock 58,0.25192344188690186,Stock 77,0.25095468759536743,Stock 44,0.33676448464393616
6,76,-0.009510441683232784,0.005950514692813158,-259.8255306338323,0.3946789801120758,0.4212198555469513,0.5694209933280945,0.5349574089050293,0.45286405086517334,0.49274367094039917,0.40451768040657043,0.30801844596862793,Stock 93,0.12426198273897171,Stock 9,0.19914688169956207,Stock 66,0.33264949917793274
6,77,-0.02949278987944126,0.0030205342918634415,-1076.4097020479924,0.5314000844955444,0.42474326491355896,0.532188355922699,0.38370126485824585,0.4801781177520752,0.559929609298706,0.4781756103038788,0.3253714442253113,Stock 58,0.25192978978157043,Stock 75,0.25096097588539124,Stock 87,0.2019016444683075
6,78,-0.014845927245914936,0.0017482604598626494,-949.182806953221,0.5446152687072754,0.5108151435852051,0.511006772518158,0.41017818450927734,0.38314831256866455,0.5069280862808228,0.4240478277206421,0.3845805525779724,Stock 40,0.16728882491588593,Stock 16,0.2502172589302063,Stock 88,0.25209760665893555
6,79,-0.009392313659191132,0.004012796562165022,-334.0590536721279,0.5851203203201294,0.5921648740768433,0.5359353423118591,0.38357847929000854,0.521411120891571,0.46669307351112366,0.4839034080505371,0.4474964737892151,Stock 41,0.16578805446624756,Stock 29,0.24820324778556824,Stock 23,0.24928060173988342
6,80,0.0008003623224794865,0.003841794328764081,-79.16696590218129,0.6606650352478027,0.6882596611976624,0.614139974117279,0.4363561272621155,0.5113379955291748,0.576063334941864,0.5306224822998047,0.4976857602596283,Stock 91,0.19945044815540314,Stock 89,0.1991267204284668,Stock 35,0.1665497124195099
6,81,-0.02530323527753353,0.004521344788372517,-659.6395864921766,0.6414868831634521,0.5901672840118408,0.50831538438797,0.4108715057373047,0.4489901065826416,0.711872935295105,0.5775991082191467,0.48411157727241516,Stock 4,0.2496342957019806,Stock 5,0.1669020652770996,Stock 32,0.2496342957019806
6,82,-0.027446113526821136,0.0024057466071099043,-1240.8563747199037,0.6667185425758362,0.6157210469245911,0.569984495639801,0.3056612014770508,0.5468937158584595,0.4287661910057068,0.4872869551181793,0.4347633719444275,Stock 31,0.3354845941066742,Stock 25,0.5008214712142944,Stock 72,0.16921916604042053
6,83,-0.0016206521540880203,0.00168335298076272,-196.27524188977347,0.5117272138595581,0.5074855089187622,0.3963404893875122,0.36708375811576843,0.6459906101226807,0.5883448719978333,0.6143600940704346,0.5007010102272034,Stock 37,0.16555078327655792,Stock 68,0.49748679995536804,Stock 33,0.1655515879392624
6,84,-0.012844696640968323,0.0024363654665648937,-627.2073019110082,0.4832518398761749,0.48599568009376526,0.3000204861164093,0.38425469398498535,0.28982484340667725,0.5239690542221069,0.425394207239151,0.48631900548934937,Stock 53,0.14311710000038147,Stock 54,0.3348122835159302,Stock 98,0.25087636709213257
6,85,0.008897354826331139,0.003215571865439415,176.6958786385356,0.4359687864780426,0.4083218276500702,0.6950017213821411,0.5252424478530884,0.5183690190315247,0.47393789887428284,0.39848843216896057,0.2369181364774704,Stock 59,0.25146597623825073,Stock 18,0.2514663636684418,Stock 61,0.25146639347076416
6,86,0.018476329743862152,0.004229891579598188,336.8038611906285,0.38449278473854065,0.4250437021255493,0.30148646235466003,0.42466744780540466,0.3916740417480469,0.4899349808692932,0.4429672956466675,0.45549073815345764,Stock 27,0.24914734065532684,Stock 7,0.14171844720840454,Stock 19,0.1411864161491394
6,87,-0.022502996027469635,0.006191212218254805,-463.46672080016083,0.4195931553840637,0.5590160489082336,0.4620756506919861,0.6214496493339539,0.33094322681427,0.6504971385002136,0.45880094170570374,0.4860968291759491,Stock 49,0.2524966597557068,Stock 26,0.16851449012756348,Stock 20,0.16882474720478058
6,88,-0.0052102552726864815,0.002078601624816656,-350.66156066081464,0.3888034224510193,0.4281768500804901,0.4388985335826874,0.48395639657974243,0.44774746894836426,0.4943385124206543,0.4357604384422302,0.38250091671943665,Stock 100,0.25077834725379944,Stock 95,0.5014021396636963,Stock 40,0.165779709815979
6,89,-0.0034648932050913572,0.00538264587521553,-164.37156159660265,0.4780522286891937,0.48378095030784607,0.36582449078559875,0.40828007459640503,0.38629937171936035,0.5415343642234802,0.46543657779693604,0.4596388638019562,Stock 80,0.1255750060081482,Stock 91,0.20109575986862183,Stock 43,0.25057119131088257
6,90,-0.020945392549037933,0.004371748771518469,-579.1078729293685,0.4987877309322357,0.5173105001449585,0.4962897002696991,0.44891485571861267,0.5212127566337585,0.5581656098365784,0.5121963620185852,0.4304799735546112,Stock 30,0.33321091532707214,Stock 5,0.16620737314224243,Stock 81,0.24903635680675507
6,91,0.005054734647274017,0.003470841096714139,45.634285938914275,0.47150713205337524,0.4863446056842804,0.47851842641830444,0.46842628717422485,0.4816923141479492,0.5799826979637146,0.49937090277671814,0.4158642888069153,Stock 15,0.2523247301578522,Stock 80,0.1258906126022339,Stock 89,0.20126786828041077
6,92,-0.014737844467163086,0.003414308652281761,-531.6494484853874,0.46569228172302246,0.46832889318466187,0.462123841047287,0.42453551292419434,0.48819541931152344,0.4980769455432892,0.4678668677806854,0.39892667531967163,Stock 96,0.5013201832771301,Stock 53,0.14302508533000946,Stock 57,0.16742008924484253
6,93,-0.014107880182564259,0.0037525976076722145,-475.9497195681357,0.5144639611244202,0.5149779915809631,0.4627733826637268,0.4020484685897827,0.5199304819107056,0.5246312618255615,0.5077217221260071,0.4399622976779938,Stock 76,0.20012794435024261,Stock 9,0.19972024857997894,Stock 62,0.19902561604976654
6,94,-0.00011082133278250694,0.003972245845943689,-102.78989108631515,0.45388224720954895,0.49376335740089417,0.46024230122566223,0.4659906029701233,0.48417019844055176,0.5333831310272217,0.48272189497947693,0.42808839678764343,Stock 46,0.33260440826416016,Stock 0,0.24965667724609375,Stock 39,0.19871914386749268
6,95,0.000622942578047514,0.00286586070433259,-78.26333369567638,0.45437344908714294,0.45763739943504333,0.4305044412612915,0.4420183300971985,0.466511070728302,0.5588818192481995,0.48924538493156433,0.415634423494339,Stock 28,0.3318156898021698,Stock 88,0.24839596450328827,Stock 100,0.24934712052345276
6,96,-0.014068899676203728,0.0023114450741559267,-708.6625130532806,0.5263105630874634,0.5265143513679504,0.45918598771095276,0.43010178208351135,0.4674118757247925,0.5945897102355957,0.5171491503715515,0.4545706808567047,Stock 92,0.1424034833908081,Stock 57,0.1665383130311966,Stock 53,0.14227178692817688
6,97,-0.009150372818112373,0.004833425860852003,-289.3144341413237,0.490795373916626,0.4844466745853424,0.4332256615161896,0.40106990933418274,0.49000871181488037,0.5231451392173767,0.49304449558258057,0.4296972453594208,Stock 23,0.2509966492652893,Stock 79,0.14290601015090942,Stock 29,0.24991187453269958
6,98,-0.013810538686811924,0.0015974954003468156,-964.5119531369958,0.5069742798805237,0.49332395195961,0.4359060823917389,0.4059774875640869,0.4879813492298126,0.5662904977798462,0.5138962864875793,0.4400775730609894,Stock 84,0.1655750572681427,Stock 64,0.24875356256961823,Stock 57,0.16572211682796478
6,99,-0.01499299705028534,0.003651414066553116,-510.6079665853541,0.48355886340141296,0.5075060129165649,0.48958316445350647,0.49698665738105774,0.43595102429389954,0.6180530786514282,0.49548402428627014,0.42614611983299255,Stock 50,0.49999845027923584,Stock 21,0.167418971657753,Stock 56,0.14344750344753265
6,100,0.0014833761379122734,0.0015579098835587502,-4.784214185496951,0.5291305184364319,0.5369980931282043,0.5055382251739502,0.4615468382835388,0.46389830112457275,0.6075462698936462,0.5108681917190552,0.4384586215019226,Stock 88,0.2496829777956009,Stock 67,0.1995861977338791,Stock 40,0.16568651795387268
6,101,-0.013822563923895359,0.0077604250982403755,-278.11606643854515,0.47881314158439636,0.5054790377616882,0.43390601873397827,0.4336411654949188,0.5163559317588806,0.5559689998626709,0.5204164385795593,0.45770925283432007,Stock 93,0.1256762593984604,Stock 62,0.20071294903755188,Stock 19,0.14417530596256256
7,0,-0.010267969220876694,0.002710002474486828,-478.8915072050279,0.5098374485969543,0.5111902952194214,0.46382027864456177,0.41772833466529846,0.5199949741363525,0.5585588216781616,0.5212166905403137,0.44216883182525635,Stock 27,0.2503703832626343,Stock 55,0.1662428230047226,Stock 46,0.33447402715682983
7,1,-0.03173026069998741,0.00412367470562458,-869.4656578199099,0.6047847270965576,0.5940036773681641,0.5287907123565674,0.44063377380371094,0.4270881712436676,0.6398300528526306,0.5199125409126282,0.46525153517723083,Stock 41,0.1692279875278473,Stock 79,0.1451754868030548,Stock 45,0.3365515470504761
7,2,0.0066581182181835175,0.0013688558246940374,386.40025472892444,0.42282840609550476,0.4687875509262085,0.40536582469940186,0.4555720090866089,0.481679767370224,0.5214192271232605,0.4830694794654846,0.4404488801956177,Stock 51,0.33194154500961304,Stock 38,0.19918431341648102,Stock 72,0.16564756631851196
7,3,-0.010233541950583458,0.006098597776144743,-267.80155580374475,0.4504860043525696,0.44834426045417786,0.432017058134079,0.4355630576610565,0.5090362429618835,0.5674375295639038,0.511386513710022,0.4140116572380066,Stock 66,0.33676937222480774,Stock 76,0.20216183364391327,Stock 93,0.12557603418827057
7,4,-0.031144337728619576,0.002994248643517494,-1140.1386603629805,0.5539493560791016,0.5336064696311951,0.45810800790786743,0.41026097536087036,0.47237473726272583,0.6168233156204224,0.5349442362785339,0.4617598354816437,Stock 81,0.2524206340312958,Stock 5,0.16913236677646637,Stock 32,0.251009076833725
7,5,-0.01791653037071228,0.00468416465446353,-482.4914727034555,0.40871986746788025,0.405012845993042,0.2704837918281555,0.40588173270225525,0.4383871853351593,0.6230378150939941,0.537224292755127,0.4834853410720825,Stock 81,0.24947887659072876,Stock 4,0.24808375537395477,Stock 32,0.24808377027511597
7,6,-0.008007575757801533,0.006318570580333471,-226.73081128072045,0.5144224166870117,0.5090304017066956,0.4270186126232147,0.3893735408782959,0.4972415864467621,0.5343104004859924,0.5093747973442078,0.45396000146865845,Stock 24,0.24863462150096893,Stock 43,0.24910345673561096,Stock 19,0.14195753633975983
7,7,-0.014074999839067459,0.0019749898929148912,-812.6618667548795,0.48470616340637207,0.48432937264442444,0.40108513832092285,0.3983631134033203,0.49914470314979553,0.5450815558433533,0.5147340893745422,0.45393115282058716,Stock 39,0.1998879611492157,Stock 19,0.1426411122083664,Stock 27,0.25031107664108276
7,8,-0.04153168201446533,0.005804900079965591,-815.4590336154677,0.5440057516098022,0.4871346056461334,0.45147812366485596,0.3633333444595337,0.5386417508125305,0.5765441060066223,0.5441244840621948,0.42900365591049194,Stock 11,0.25645169615745544,Stock 74,0.20554319024085999,Stock 69,0.2564513087272644
7,9,-0.00902513973414898,0.005408380646258593,-266.8732347896479,0.5186172127723694,0.4964483082294464,0.43463075160980225,0.38758713006973267,0.5086344480514526,0.5585220456123352,0.5228482484817505,0.4433184862136841,Stock 93,0.12385335564613342,Stock 76,0.19938848912715912,Stock 55,0.16475287079811096
7,10,-0.025454465299844742,0.004228199832141399,-702.0166101504517,0.4802815914154053,0.4898355305194855,0.4071418046951294,0.413603812456131,0.4479890763759613,0.5294795036315918,0.4808339476585388,0.4463597238063812,Stock 21,0.1678006947040558,Stock 36,0.5031359791755676,Stock 56,0.14408516883850098
7,11,-0.006737583316862583,0.005531285889446735,-221.80862554433082,0.4508357644081116,0.46977612376213074,0.38707512617111206,0.4347255527973175,0.4504860043525696,0.5594139695167542,0.4938446283340454,0.4499436020851135,Stock 74,0.19859479367733002,Stock 69,0.24779309332370758,Stock 13,0.1652756929397583
7,12,-0.01614992506802082,0.0013385046040639281,-1306.5647752713658,0.5412386059761047,0.5272663235664368,0.44073915481567383,0.4190099537372589,0.45153936743736267,0.6228358149528503,0.5294626951217651,0.46634596586227417,Stock 14,0.25238555669784546,Stock 34,0.2517978250980377,Stock 73,0.33463093638420105
7,13,-0.007073543034493923,0.0028617638163268566,-347.17424247724915,0.5015310645103455,0.5003068447113037,0.4427684247493744,0.4107154309749603,0.45754340291023254,0.5260199904441833,0.47906914353370667,0.432513952255249,Stock 45,0.32727664709091187,Stock 14,0.24891981482505798,Stock 38,0.20030459761619568
7,14,-0.004296046681702137,0.002211699727922678,-294.24185966406776,0.5273729562759399,0.49386051297187805,0.41607025265693665,0.3942471146583557,0.4369974732398987,0.593092679977417,0.5091724991798401,0.4467225670814514,Stock 13,0.16766656935214996,Stock 12,0.2500748932361603,Stock 17,0.33677810430526733
7,15,-0.020749395713210106,0.0037884723860770464,-647.6982170825866,0.4566969573497772,0.46463650465011597,0.43771716952323914,0.4332079589366913,0.5323854684829712,0.5565727949142456,0.5195517539978027,0.42548418045043945,Stock 35,0.16757553815841675,Stock 91,0.20081204175949097,Stock 80,0.12589265406131744
7,16,0.012050023302435875,0.0013352024834603071,802.486585495787,0.5026084184646606,0.5050809979438782,0.42978957295417786,0.426425576210022,0.44003328680992126,0.5715043544769287,0.49479663372039795,0.44883227348327637,Stock 40,0.16615065932273865,Stock 53,0.14207129180431366,Stock 92,0.14166273176670074
7,17,0.0045224884524941444,0.0018814780050888658,140.36892486981472,0.4957912862300873,0.49915075302124023,0.42891982197761536,0.40625205636024475,0.5007478594779968,0.5394964218139648,0.5090108513832092,0.4482753872871399,Stock 72,0.1654459834098816,Stock 2,0.16604483127593994,Stock 14,0.2471873015165329
7,18,-0.00491971243172884,0.0010238480754196644,-580.5119577640756,0.5123171210289001,0.494428813457489,0.442003458738327,0.4063037931919098,0.502615749835968,0.5810865163803101,0.5270169377326965,0.44112566113471985,Stock 61,0.24987545609474182,Stock 59,0.24987545609474182,Stock 85,0.33310607075691223
7,19,-0.015888923779129982,0.0029772708658128977,-633.6741094529791,0.43621307611465454,0.3849576711654663,0.4451812505722046,0.43215301632881165,0.48123523592948914,0.5868512392044067,0.49361780285835266,0.3539835810661316,Stock 7,0.1429940164089203,Stock 39,0.20009197294712067,Stock 101,0.49799755215644836
7,20,-0.007456733845174313,0.003524861065670848,-311.5468867070128,0.45931366086006165,0.46206942200660706,0.42261794209480286,0.43999016284942627,0.4622619152069092,0.5697811841964722,0.49504542350769043,0.4243215024471283,Stock 35,0.16560080647468567,Stock 80,0.12440911680459976,Stock 26,0.16687420010566711
7,21,-0.014063668437302113,0.001989864744246006,-806.7650441050997,0.5079467296600342,0.5159927606582642,0.467120885848999,0.4530160129070282,0.5033159255981445,0.6256088018417358,0.5426614880561829,0.4532392919063568,Stock 56,0.1429922729730606,Stock 92,0.14343680441379547,Stock 10,0.33003556728363037
7,22,0.010951453819870949,0.004062009509652853,169.6067991432861,0.40619364380836487,0.41835805773735046,0.4038471579551697,0.42110517621040344,0.5360366106033325,0.4908272624015808,0.4880267083644867,0.4021828770637512,Stock 49,0.24812637269496918,Stock 26,0.16535720229148865,Stock 20,0.16517871618270874
7,23,-0.01633872091770172,0.0021154209971427917,-872.3626143339661,0.5206788778305054,0.6144251227378845,0.6178001761436462,0.4754883944988251,0.8165263533592224,0.5612287521362305,0.6624811291694641,0.49083077907562256,Stock 79,0.14099884033203125,Stock 41,0.16435937583446503,Stock 97,0.24639210104942322
7,24,-0.014838490635156631,0.001299031893722713,-1242.2730039855362,0.5787875652313232,0.5556319355964661,0.5128763914108276,0.3923669755458832,0.5710335969924927,0.5890094041824341,0.5629786252975464,0.4550977647304535,Stock 39,0.20066608488559723,Stock 19,0.14319638907909393,Stock 7,0.1434043049812317
7,25,-0.029323190450668335,0.001359043177217245,-2257.634940687464,0.35388273000717163,0.3231557607650757,0.44584861397743225,0.5294146537780762,0.27109241485595703,0.5720545649528503,0.35764122009277344,0.28370019793510437,Stock 82,0.33645641803741455,Stock 9,0.20349794626235962,Stock 55,0.16843052208423615
7,26,-0.006099313497543335,0.004161073826253414,-246.5802759629259,0.39770036935806274,0.5369787812232971,0.35538896918296814,0.6041885614395142,0.23894773423671722,0.6533852815628052,0.4275408089160919,0.5188774466514587,Stock 20,0.1667812615633011,Stock 49,0.2505294680595398,Stock 87,0.20003077387809753
7,27,-0.012444047257304192,0.0015021167928352952,-928.4340682867702,0.5287958979606628,0.5429835319519043,0.5002766847610474,0.4398469030857086,0.5506404638290405,0.5922764539718628,0.5484026074409485,0.4559016227722168,Stock 7,0.14250142872333527,Stock 0,0.25014039874076843,Stock 86,0.5000883936882019
7,28,-0.01978403329849243,0.0019481185590848327,-1115.545650762979,0.5259990096092224,0.5000287890434265,0.42175421118736267,0.3707398772239685,0.5017081499099731,0.5400707125663757,0.5164657235145569,0.44928860664367676,Stock 67,0.20218583941459656,Stock 33,0.16922979056835175,Stock 37,0.1692296713590622
7,29,-0.022808494046330452,0.002850171411409974,-900.2499061994007,0.42271003127098083,0.4011947214603424,0.46913811564445496,0.45881128311157227,0.47216734290122986,0.5527231097221375,0.46754878759384155,0.35055333375930786,Stock 79,0.1415245682001114,Stock 41,0.1649722009897232,Stock 97,0.2473107874393463
7,30,-0.0061238473281264305,0.0051153432577848434,-219.71527656148555,0.42273086309432983,0.3907215893268585,0.4367254376411438,0.39419621229171753,0.47958603501319885,0.44169899821281433,0.42995157837867737,0.3439025282859802,Stock 90,0.3338289260864258,Stock 48,0.50112384557724,Stock 5,0.16534993052482605
7,31,-0.004686351865530014,0.0017638176213949919,-365.6936753939225,0.5108767747879028,0.546137273311615,0.5597253441810608,0.4562118351459503,0.5998006463050842,0.5260267853736877,0.5257860422134399,0.4234333634376526,Stock 72,0.1658678948879242,Stock 82,0.3277629613876343,Stock 74,0.1985366940498352
7,32,-0.031144341453909874,0.003112314036116004,-1100.6812003063897,0.6167397499084473,0.5816936492919922,0.49394986033439636,0.35295435786247253,0.533117413520813,0.5587595701217651,0.5447160601615906,0.47361552715301514,Stock 75,0.25420504808425903,Stock 4,0.250995397567749,Stock 77,0.25420504808425903
7,33,-0.01168823428452015,0.0009883400052785873,-1282.6126861297637,0.547521710395813,0.5456566214561462,0.3637814521789551,0.3895534574985504,0.40535619854927063,0.6102283596992493,0.5244425535202026,0.5195127129554749,Stock 67,0.19891119003295898,Stock 37,0.16648878157138824,Stock 83,0.20133422315120697
7,34,-0.011661706492304802,0.0018669242272153497,-724.6480881390172,0.4134461283683777,0.4630807638168335,0.4531228840351105,0.45195287466049194,0.5896245241165161,0.4866940975189209,0.5064679384231567,0.4183157980442047,Stock 73,0.33105894923210144,Stock 47,0.3346899151802063,Stock 12,0.24826940894126892
7,35,-0.017080307006835938,0.0007233814103528857,-2461.1758281849798,0.516788899898529,0.5495682954788208,0.46158045530319214,0.43318015336990356,0.5636880397796631,0.5844165086746216,0.5601748824119568,0.48621493577957153,Stock 15,0.2487187683582306,Stock 80,0.12493621557950974,Stock 42,0.4972647726535797
7,36,-0.014736778102815151,0.0027546898927539587,-634.9704931062961,0.4801616370677948,0.46179822087287903,0.40083378553390503,0.4278412461280823,0.4068932831287384,0.5987387895584106,0.4896286427974701,0.43113458156585693,Stock 56,0.14228904247283936,Stock 21,0.16570894420146942,Stock 100,0.2507566809654236
7,37,-0.01168821845203638,0.0012179662007838488,-1059.6504767139,0.5732479095458984,0.5019397139549255,0.415139764547348,0.3381897807121277,0.5026818513870239,0.5957674384117126,0.5511823892593384,0.45729687809944153,Stock 33,0.16643589735031128,Stock 83,0.20127013325691223,Stock 67,0.19884787499904633
7,38,0.0011918076779693365,0.0015972380060702562,-25.383213181760865,0.5640715956687927,0.537936270236969,0.35509175062179565,0.38257014751434326,0.4775142967700958,0.697791576385498,0.6055726408958435,0.5409075021743774,Stock 51,0.3328860104084015,Stock 47,0.3327062129974365,Stock 2,0.16669782996177673
7,39,-0.014698957093060017,0.0021078744903206825,-797.3354988903435,0.40877875685691833,0.3859905004501343,0.46051162481307983,0.45176470279693604,0.39847370982170105,0.486837774515152,0.40127840638160706,0.32592278718948364,Stock 7,0.14344674348831177,Stock 19,0.14323875308036804,Stock 24,0.2508786618709564
7,40,0.004280435852706432,0.0011837653582915664,261.5949582173989,0.49025958776474,0.5315724015235901,0.3489416539669037,0.4017523229122162,0.5057421922683716,0.569939374923706,0.5495243668556213,0.5315402746200562,Stock 16,0.2501985430717468,Stock 56,0.14133155345916748,Stock 78,0.5005619525909424
7,41,-0.01952282339334488,0.0020811911672353745,-1038.0600735144733,0.46377497911453247,0.49749431014060974,0.4191502034664154,0.43928059935569763,0.5816563963890076,0.593172550201416,0.5698599219322205,0.4764745533466339,Stock 79,0.14298859238624573,Stock 1,0.33009374141693115,Stock 23,0.2506510317325592
7,42,-0.02118890918791294,0.0017551968339830637,-1307.20985690414,0.6274784803390503,0.5754175782203674,0.5372978448867798,0.3845687806606293,0.4076637625694275,0.5682790279388428,0.47683244943618774,0.4262387156486511,Stock 35,0.16813193261623383,Stock 15,0.2514549493789673,Stock 91,0.20147879421710968
7,43,-0.01248589064925909,0.003974716644734144,-414.13284933910626,0.5094128251075745,0.4992600977420807,0.4644024968147278,0.4252757728099823,0.49179503321647644,0.5820537805557251,0.5160052180290222,0.4314248859882355,Stock 89,0.1998807042837143,Stock 70,0.4997226595878601,Stock 24,0.24968232214450836
7,44,-0.00773773156106472,0.0037254116032272577,-307.7013867235948,0.5835637450218201,0.5774316191673279,0.529609739780426,0.4268004894256592,0.4380200505256653,0.570275068283081,0.4878355860710144,0.44300228357315063,Stock 26,0.1666908711194992,Stock 58,0.24991026520729065,Stock 87,0.1997053027153015
7,45,-0.026576269418001175,0.0018329533049836755,-1549.915245835347,0.5943995714187622,0.5497636198997498,0.47789329290390015,0.3759308457374573,0.5654383897781372,0.6417514681816101,0.5946630239486694,0.4757198095321655,Stock 13,0.17045176029205322,Stock 41,0.16903704404830933,Stock 1,0.3347640633583069
7,46,-0.01003577932715416,0.001851164153777063,-642.1334086810962,0.43269437551498413,0.44651997089385986,0.3725346326828003,0.42779698967933655,0.47272732853889465,0.5539576411247253,0.500966489315033,0.44315052032470703,Stock 7,0.14235414564609528,Stock 94,0.5007140636444092,Stock 0,0.24988187849521637
7,47,-0.001994704594835639,0.0023526507429778576,-184.78541070277396,0.38267719745635986,0.44521474838256836,0.34980010986328125,0.44478839635849,0.5768482685089111,0.5333453416824341,0.5413280725479126,0.47413966059684753,Stock 38,0.1996699869632721,Stock 34,0.24753572046756744,Stock 2,0.16665250062942505
7,48,-0.005178031977266073,0.003533561946824193,-246.53859349826473,0.4841667413711548,0.48790639638900757,0.42878425121307373,0.42982548475265503,0.46614181995391846,0.568935751914978,0.5018985271453857,0.44005027413368225,Stock 30,0.3323316276073456,Stock 90,0.3323316276073456,Stock 5,0.16460828483104706
7,49,-0.00495500210672617,0.0076742456294596195,-164.5666342461738,0.423679381608963,0.3806609809398651,0.34442487359046936,0.38060981035232544,0.42854446172714233,0.5236222743988037,0.46452459692955017,0.3928208649158478,Stock 87,0.1996455043554306,Stock 20,0.1664600372314453,Stock 26,0.166640967130661
7,50,-0.01611582189798355,0.0019155006157234311,-941.3373384323897,0.5434724688529968,0.6019771099090576,0.5656865835189819,0.42939841747283936,0.6894043684005737,0.5043443441390991,0.5738369822502136,0.47484248876571655,Stock 99,0.49998292326927185,Stock 21,0.16693709790706635,Stock 56,0.14334362745285034
7,51,0.0026601366698741913,0.0015557068400084972,70.99215619953576,0.41847118735313416,0.4307841360569,0.3796296715736389,0.4404062330722809,0.5176016688346863,0.5840755701065063,0.5304244160652161,0.43782198429107666,Stock 2,0.16782423853874207,Stock 38,0.20110651850700378,Stock 72,0.16723622381687164
7,52,-0.01589288003742695,0.0021749369334429502,-830.7283164421847,0.5093324780464172,0.5027790069580078,0.4568426012992859,0.4115559458732605,0.4781046509742737,0.5400386452674866,0.4931071102619171,0.43042173981666565,Stock 64,0.2517724931240082,Stock 98,0.25194478034973145,Stock 79,0.14283119142055511
7,53,-0.002095787087455392,0.001572054228745401,-233.31519034988779,0.45071566104888916,0.4768981635570526,0.44990912079811096,0.4280685782432556,0.5817959904670715,0.51429283618927,0.522974967956543,0.43007853627204895,Stock 92,0.14213044941425323,Stock 57,0.1658814251422882,Stock 84,0.1663225144147873
7,54,0.002059635240584612,0.0022205945570021868,-7.248478382063168,0.4462476670742035,0.5109366774559021,0.365959495306015,0.45276808738708496,0.4609672427177429,0.5609544515609741,0.5095391869544983,0.5013492107391357,Stock 84,0.1658915877342224,Stock 16,0.25015708804130554,Stock 53,0.14215624332427979
7,55,-0.01748689077794552,0.0012657222105190158,-1481.5741426213049,0.496514230966568,0.4982900321483612,0.4671567678451538,0.4274493455886841,0.5693734884262085,0.5872962474822998,0.5539374947547913,0.4420883059501648,Stock 62,0.20021411776542664,Stock 60,0.3334953188896179,Stock 93,0.1254967898130417
7,56,-0.011071518063545227,0.0015693828463554382,-805.469547424741,0.5421990752220154,0.5569303035736084,0.4730331003665924,0.3898873031139374,0.5206465125083923,0.492099404335022,0.5001122951507568,0.4620942771434784,Stock 21,0.16607680916786194,Stock 40,0.16774865984916687,Stock 92,0.14304828643798828
7,57,-0.007509348448365927,0.0028711340855807066,-361.54642118872374,0.4720453917980194,0.5150839686393738,0.40852490067481995,0.4134421944618225,0.611495316028595,0.5495485663414001,0.5716473460197449,0.4942760467529297,Stock 53,0.14340123534202576,Stock 92,0.14299990236759186,Stock 84,0.16733995079994202
7,58,-0.008148481138050556,0.0023199019487947226,-451.2424799799837,0.3954990804195404,0.46802884340286255,0.37587207555770874,0.49963417649269104,0.3795774281024933,0.5396097898483276,0.4432585537433624,0.45002731680870056,Stock 77,0.24809035658836365,Stock 75,0.24809035658836365,Stock 44,0.3328017592430115
7,59,-0.004919710569083691,0.0024354704655706882,-302.00247297726463,0.5457596778869629,0.5563494563102722,0.38160550594329834,0.362679660320282,0.5398522019386292,0.5602371692657471,0.5640234351158142,0.5284554362297058,Stock 18,0.24984274804592133,Stock 85,0.33306246995925903,Stock 61,0.24984274804592133
7,60,-0.01889047957956791,0.003063151380047202,-716.7008167672344,0.6092619299888611,0.5741783380508423,0.43078723549842834,0.3498082160949707,0.4789803624153137,0.591387927532196,0.5472586154937744,0.5025894045829773,Stock 62,0.200539693236351,Stock 55,0.16721047461032867,Stock 93,0.12570086121559143
7,61,-0.004919713828712702,0.0018816187512129545,-361.46177728837415,0.4492853283882141,0.4597886800765991,0.3327385485172272,0.4115367829799652,0.44302213191986084,0.5793509483337402,0.5130904316902161,0.47756385803222656,Stock 18,0.2498621791601181,Stock 83,0.1998138278722763,Stock 59,0.2498621791601181
7,62,-0.018172819167375565,0.004800656344741583,-478.5486371521101,0.45405903458595276,0.5018245577812195,0.41686272621154785,0.468810111284256,0.5169903635978699,0.6027383208274841,0.5419355034828186,0.4756030738353729,Stock 55,0.16642431914806366,Stock 60,0.33246710896492004,Stock 93,0.12510986626148224
7,63,-0.040532004088163376,0.0025674274656921625,-1678.7010394560923,0.5483555793762207,0.49791452288627625,0.4398147463798523,0.3952524960041046,0.45148512721061707,0.6290911436080933,0.5304004549980164,0.44130343198776245,Stock 97,0.2541164755821228,Stock 10,0.33740636706352234,Stock 29,0.2535974681377411
7,64,-0.009373301640152931,0.0022869689855724573,-509.85696348683433,0.45340263843536377,0.46547067165374756,0.38187408447265625,0.4187789559364319,0.49914899468421936,0.5631531476974487,0.5207765102386475,0.45616692304611206,Stock 98,0.25026166439056396,Stock 52,0.33171215653419495,Stock 84,0.16742005944252014
7,65,-0.0031180502846837044,0.0032040118239820004,-197.31706547850808,0.4745565354824066,0.46686771512031555,0.40197789669036865,0.36866864562034607,0.577345073223114,0.4998991787433624,0.529639482498169,0.4430711567401886,Stock 64,0.24875038862228394,Stock 57,0.1660812795162201,Stock 54,0.3340386748313904
7,66,-0.0075372084975242615,0.003460129490122199,-317.83024360912214,0.5390730500221252,0.5167588591575623,0.45683524012565613,0.3914628028869629,0.5176430344581604,0.5737991333007812,0.5337247252464294,0.44893941283226013,Stock 3,0.49593493342399597,Stock 76,0.19890113174915314,Stock 9,0.19856803119182587
7,67,-0.02052353136241436,0.001704418915323913,-1304.1365639569897,0.6137774586677551,0.5369756817817688,0.54587721824646,0.34215691685676575,0.5546764135360718,0.5342270135879517,0.5256980657577515,0.40448296070098877,Stock 33,0.16909395158290863,Stock 28,0.33636000752449036,Stock 37,0.16909384727478027
7,68,0.012590751051902771,0.0022945383097976446,448.72699218576787,0.22024601697921753,0.34243935346603394,0.32678306102752686,0.6452638506889343,0.39498764276504517,0.5951452255249023,0.44255363941192627,0.40735116600990295,Stock 83,0.19829995930194855,Stock 37,0.16396017372608185,Stock 33,0.16395965218544006
7,69,-0.006737568415701389,0.004949718713760376,-236.12022834693082,0.3242288827896118,0.37409454584121704,0.31846463680267334,0.4223993122577667,0.44093057513237,0.3733823597431183,0.39525192975997925,0.3959537446498871,Stock 74,0.19858810305595398,Stock 11,0.24778461456298828,Stock 13,0.165270134806633
7,70,-0.013937429524958134,0.002201765775680542,-733.0114528485767,0.5039136409759521,0.5105673670768738,0.7308599948883057,0.4864444434642792,0.6024717092514038,0.3973272740840912,0.4163447916507721,0.27898940443992615,Stock 89,0.2001025676727295,Stock 43,0.2504308223724365,Stock 80,0.12496544420719147
7,71,-0.015789471566677094,0.0033393928315490484,-572.8246230124657,0.34946948289871216,0.3934614062309265,0.435385137796402,0.6035852432250977,0.3308316171169281,0.6798994541168213,0.4497228264808655,0.37309783697128296,Stock 35,0.16649648547172546,Stock 80,0.12508201599121094,Stock 20,0.16759459674358368
7,72,0.00302151869982481,0.0011065034195780754,173.06907926023,0.20999281108379364,0.31079843640327454,0.34605908393859863,0.520685076713562,0.46982964873313904,0.2884708344936371,0.3335459530353546,0.33102136850357056,Stock 2,0.1665334552526474,Stock 17,0.3320981562137604,Stock 31,0.33076339960098267
7,73,-0.016029130667448044,0.0026307955849915743,-709.2883369157463,0.5286673307418823,0.4891582429409027,0.4816649854183197,0.4086351692676544,0.5260075926780701,0.6063597202301025,0.5415060520172119,0.41890040040016174,Stock 34,0.2515564262866974,Stock 12,0.25070756673812866,Stock 52,0.3343448042869568
7,74,-0.003711777739226818,0.002802234375849366,-232.45779051232165,0.5097253918647766,0.6015851497650146,0.5476626753807068,0.4932926893234253,0.6040868163108826,0.5477442145347595,0.5466508865356445,0.4837523400783539,Stock 69,0.2479708194732666,Stock 11,0.24797070026397705,Stock 13,0.16539421677589417
7,75,-0.015360316261649132,0.003258015960454941,-571.4622779043801,0.4903126358985901,0.5514044761657715,0.5021181702613831,0.4991076588630676,0.5345331430435181,0.6096644997596741,0.5426933169364929,0.4681357145309448,Stock 58,0.25032341480255127,Stock 77,0.24889014661312103,Stock 44,0.3338746428489685
7,76,-0.0069078304804861546,0.004962288774549961,-239.20653944837457,0.4288380444049835,0.5688019394874573,0.40305039286613464,0.5140196681022644,0.45438072085380554,0.5221480131149292,0.482430636882782,0.5250587463378906,Stock 93,0.1237577348947525,Stock 9,0.19890092313289642,Stock 66,0.33189302682876587
7,77,-0.015360316261649132,0.002977394964545965,-615.89783836393,0.42636480927467346,0.43492910265922546,0.5084275007247925,0.4908715486526489,0.4474809169769287,0.5284539461135864,0.4391879737377167,0.3505222201347351,Stock 58,0.2502472698688507,Stock 75,0.24881446361541748,Stock 87,0.19997459650039673
7,78,0.014100320637226105,0.0011640489101409912,1111.3168539901174,0.31607556343078613,0.3358866572380066,0.46510517597198486,0.4860064387321472,0.4630608856678009,0.39148786664009094,0.3698420524597168,0.2895701825618744,Stock 40,0.165904238820076,Stock 16,0.24963678419589996,Stock 88,0.2490794062614441
7,79,-0.018445853143930435,0.003113580634817481,-692.4321643595954,0.5530955791473389,0.6271183490753174,0.27464064955711365,0.3201637864112854,0.4557455778121948,0.450089693069458,0.515696108341217,0.6304340362548828,Stock 41,0.16572459042072296,Stock 29,0.24793128669261932,Stock 23,0.24921610951423645
7,80,-0.014979143626987934,0.002319891471415758,-745.6829473081611,0.39190205931663513,0.5473582148551941,0.33112382888793945,0.5700193643569946,0.306538850069046,0.6066480875015259,0.4544200003147125,0.5481447577476501,Stock 91,0.19879549741744995,Stock 89,0.19956296682357788,Stock 35,0.16589275002479553
7,81,-0.024189528077840805,0.004781986586749554,-605.8468408269435,0.6186549067497253,0.5442956686019897,0.5233058929443359,0.34127718210220337,0.6135289072990417,0.5976746082305908,0.5902484655380249,0.44070491194725037,Stock 4,0.24991178512573242,Stock 5,0.16839301586151123,Stock 32,0.24991178512573242
7,82,-0.016924675554037094,0.0017201934242621064,-1083.882121354876,0.6289563179016113,0.5587283372879028,0.5788589715957642,0.39411845803260803,0.46287792921066284,0.6026847958564758,0.5073925852775574,0.4008038341999054,Stock 31,0.33860263228416443,Stock 25,0.4994973838329315,Stock 72,0.16986951231956482
7,83,-0.0012664562091231346,0.001210152287967503,-204.6526310544102,0.4485808312892914,0.41294053196907043,0.3735336363315582,0.31992146372795105,0.5916129350662231,0.41258153319358826,0.49606946110725403,0.40509098768234253,Stock 37,0.16479165852069855,Stock 68,0.501169741153717,Stock 33,0.1647917628288269
7,84,-0.002959837671369314,0.001438747625797987,-305.72320108800665,0.44157567620277405,0.5042334198951721,0.5918356776237488,0.5121363997459412,0.5812508463859558,0.4793456196784973,0.4717867970466614,0.369709849357605,Stock 53,0.14231523871421814,Stock 54,0.3331667482852936,Stock 98,0.24823634326457977
7,85,-0.005148726515471935,0.001265070866793394,-506.9911536673465,0.3974306881427765,0.4170779883861542,0.3745386004447937,0.46856945753097534,0.3663443922996521,0.5409454703330994,0.43214353919029236,0.4046179950237274,Stock 59,0.25041964650154114,Stock 18,0.25041964650154114,Stock 61,0.25041964650154114
7,86,-0.010743854567408562,0.002263821894302964,-574.5892154522438,0.4020293354988098,0.4882412552833557,0.37170761823654175,0.5213614702224731,0.5155925154685974,0.660804808139801,0.5707288980484009,0.5080540776252747,Stock 27,0.2496151477098465,Stock 7,0.14245107769966125,Stock 19,0.14224453270435333
7,87,-0.009539217688143253,0.005180846434086561,-284.1246948641727,0.4774690568447113,0.46318763494491577,0.6013919115066528,0.5443221926689148,0.3469628393650055,0.6023444533348083,0.4077601730823517,0.31572389602661133,Stock 49,0.2512972056865692,Stock 26,0.16747421026229858,Stock 20,0.16729235649108887
7,88,0.006236090790480375,0.0018482943996787071,237.39705057616405,0.2707025408744812,0.36928874254226685,0.46495163440704346,0.5999692678451538,0.49111583828926086,0.4877980351448059,0.41970014572143555,0.3404287099838257,Stock 100,0.2492108792066574,Stock 95,0.5001935958862305,Stock 40,0.1663697212934494
7,89,-0.013990533538162708,0.002366922330111265,-691.0854513550953,0.3384403586387634,0.3052360415458679,0.48762109875679016,0.498832106590271,0.45922622084617615,0.5299645066261292,0.42093223333358765,0.2686072885990143,Stock 80,0.12490645051002502,Stock 91,0.19923892617225647,Stock 43,0.25031256675720215
7,90,-0.006123843602836132,0.0033995741978287697,-280.135606592946,0.5165942311286926,0.5191512703895569,0.45737791061401367,0.42002052068710327,0.5052316784858704,0.5730569362640381,0.5239386558532715,0.45203787088394165,Stock 30,0.33383944630622864,Stock 5,0.1653551459312439,Stock 81,0.24678334593772888
7,91,-0.018804915249347687,0.0023007127456367016,-917.3517222004868,0.5329021215438843,0.5421265959739685,0.5380181670188904,0.4444042146205902,0.5510085821151733,0.5700566172599792,0.5293397903442383,0.4294975996017456,Stock 15,0.24920344352722168,Stock 80,0.12517967820167542,Stock 89,0.20044560730457306
7,92,-0.006656540557742119,0.0016225939616560936,-510.2406834392598,0.4957045018672943,0.4784771502017975,0.4360016882419586,0.3968118131160736,0.49533316493034363,0.5345774292945862,0.4998685419559479,0.4247797429561615,Stock 96,0.4989083707332611,Stock 53,0.14344942569732666,Stock 57,0.1669522374868393
7,93,-0.014579089358448982,0.004231670871376991,-444.52323447605295,0.4404740333557129,0.46114447712898254,0.37258338928222656,0.42383667826652527,0.4754556119441986,0.5455431938171387,0.5014554262161255,0.453794926404953,Stock 76,0.20031394064426422,Stock 9,0.19997848570346832,Stock 62,0.1985093355178833
7,94,-0.007899164222180843,0.002807301701977849,-381.37924102049976,0.5099693536758423,0.5070814490318298,0.430913507938385,0.40881988406181335,0.5051552057266235,0.5767128467559814,0.5301473140716553,0.4584586024284363,Stock 46,0.3322877585887909,Stock 0,0.24916915595531464,Stock 39,0.19862845540046692
7,95,0.006066913716495037,0.001686238101683557,259.7898606630801,0.5440532565116882,0.5167357325553894,0.4279392957687378,0.3875686526298523,0.4828750789165497,0.5968771576881409,0.5355415940284729,0.4642065465450287,Stock 28,0.32700976729393005,Stock 88,0.24958494305610657,Stock 100,0.24901799857616425
7,96,-0.012359890155494213,0.0021842417772859335,-665.8663928153688,0.5065861940383911,0.49837085604667664,0.43299877643585205,0.40891578793525696,0.4998472332954407,0.5749332308769226,0.5247642397880554,0.449179083108902,Stock 92,0.14367394149303436,Stock 57,0.16768284142017365,Stock 53,0.14407719671726227
7,97,-0.020290769636631012,0.003288764040917158,-716.972497393653,0.5247424840927124,0.4991021752357483,0.41938191652297974,0.37758997082710266,0.5061966776847839,0.5637328624725342,0.5292788743972778,0.4542750120162964,Stock 23,0.25296974182128906,Stock 79,0.1443113386631012,Stock 29,0.25166556239128113
7,98,-0.00831130612641573,0.0017343967920169234,-579.2044222331929,0.5269848704338074,0.5038372278213501,0.4094400107860565,0.3817310035228729,0.5115309357643127,0.5897341370582581,0.5472214221954346,0.46895936131477356,Stock 84,0.1669488102197647,Stock 64,0.24938659369945526,Stock 57,0.16650603711605072
7,99,-0.01611582189798355,0.0024573765695095062,-755.8140945081233,0.4975779056549072,0.49071747064590454,0.40933042764663696,0.41770321130752563,0.4689406752586365,0.5988925099372864,0.5243654251098633,0.45731472969055176,Stock 50,0.5000170469284058,Stock 21,0.16694849729537964,Stock 56,0.1433534026145935
7,100,-0.0007479169871658087,0.0010488530388101935,-171.30808220894673,0.5202281475067139,0.5052046179771423,0.4504789412021637,0.4414770007133484,0.44053179025650024,0.636254072189331,0.5219885110855103,0.4451441466808319,Stock 88,0.2515573799610138,Stock 67,0.19803160429000854,Stock 40,0.16754916310310364
7,101,-0.020272057503461838,0.004040329717099667,-601.7426527757256,0.5150353908538818,0.5080825090408325,0.4160330593585968,0.4085151255130768,0.48745641112327576,0.5989092588424683,0.5361848473548889,0.46841421723365784,Stock 93,0.12607717514038086,Stock 62,0.20114006102085114,Stock 19,0.14393499493598938
8,0,0.0032102777622640133,0.0053307535126805305,-39.77816166837268,0.520325779914856,0.5617392659187317,0.5384076237678528,0.4801348149776459,0.5053656101226807,0.5702641010284424,0.5071908831596375,0.4420613646507263,Stock 27,0.2511814832687378,Stock 55,0.16621574759483337,Stock 46,0.33408015966415405
8,1,-0.00970514491200447,0.007110870908945799,-236.48321051356672,0.5333843231201172,0.5674026012420654,0.5429137349128723,0.47529181838035583,0.46494781970977783,0.5603312253952026,0.48440757393836975,0.43561992049217224,Stock 41,0.16892088949680328,Stock 79,0.1448134183883667,Stock 45,0.33622950315475464
8,2,0.01658416911959648,0.0023534500505775213,604.6747865129678,0.37061184644699097,0.45801636576652527,0.38863644003868103,0.48946455121040344,0.45461398363113403,0.4716804325580597,0.4429827332496643,0.4371064007282257,Stock 51,0.3335838317871094,Stock 38,0.19988413155078888,Stock 72,0.16540619730949402
8,3,-0.013543564826250076,0.010062768124043941,-234.59084676600202,0.4481547474861145,0.4647781550884247,0.49790647625923157,0.48492494225502014,0.49404817819595337,0.5696841478347778,0.4896853566169739,0.38982149958610535,Stock 66,0.33725792169570923,Stock 76,0.2029649168252945,Stock 93,0.12657414376735687
8,4,-0.006447687745094299,0.006396498531103134,-200.80026929955906,0.5642202496528625,0.5554948449134827,0.5415812134742737,0.44654449820518494,0.4880213141441345,0.609939455986023,0.5220799446105957,0.43268510699272156,Stock 81,0.25090691447257996,Stock 5,0.167520672082901,Stock 32,0.2504044771194458
8,5,0.0009383527794852853,0.005634473171085119,-83.34621976193434,0.3374779522418976,0.35633525252342224,0.25595301389694214,0.4471796751022339,0.4004715085029602,0.5939140319824219,0.49185600876808167,0.44957584142684937,Stock 81,0.2494438886642456,Stock 4,0.24894441664218903,Stock 32,0.24894441664218903
8,6,-0.013795598410069942,0.009640781208872795,-243.09627105086986,0.5255125164985657,0.5232923626899719,0.450365275144577,0.4004473388195038,0.5029935836791992,0.5485334992408752,0.5157161951065063,0.45425495505332947,Stock 24,0.24964074790477753,Stock 43,0.25077763199806213,Stock 19,0.14338263869285583
8,7,0.0010688372422009706,0.0031501520425081253,-66.07029667844314,0.43901127576828003,0.4717990458011627,0.4133092164993286,0.42381253838539124,0.49787166714668274,0.47835633158683777,0.47301992774009705,0.43157699704170227,Stock 39,0.1991731971502304,Stock 19,0.1421390175819397,Stock 27,0.2506716847419739
8,8,-0.04016817361116409,0.008180389180779457,-591.0301053346305,0.555365264415741,0.500746488571167,0.485750287771225,0.3543544411659241,0.5665478110313416,0.5322459936141968,0.5328110456466675,0.41648054122924805,Stock 11,0.2558394968509674,Stock 74,0.2044934779405594,Stock 69,0.2558394968509674
8,9,-0.0027284622192382812,0.009767325595021248,-127.93458856976238,0.4638252556324005,0.483933687210083,0.4627220332622528,0.42610085010528564,0.4779261648654938,0.465522825717926,0.4498918950557709,0.4055847227573395,Stock 93,0.124138742685318,Stock 76,0.19906364381313324,Stock 55,0.16533108055591583
8,10,-0.005018625408411026,0.005865495186299086,-185.56183662265687,0.3718634843826294,0.4509056806564331,0.3997788727283478,0.4957433342933655,0.41863366961479187,0.4697703421115875,0.42086851596832275,0.4189131259918213,Stock 21,0.1658944934606552,Stock 36,0.5005331635475159,Stock 56,0.14207680523395538
8,11,-0.011516975238919258,0.005557998549193144,-307.21443406262097,0.4057181775569916,0.5151812434196472,0.47326287627220154,0.5515326261520386,0.4705559313297272,0.552903950214386,0.47575634717941284,0.4469074308872223,Stock 74,0.19817106425762177,Stock 69,0.24792958796024323,Stock 13,0.16648277640342712
8,12,-0.011851359158754349,0.002645522588863969,-547.9779990781905,0.5478367805480957,0.5255898833274841,0.5103498101234436,0.4249081015586853,0.43907487392425537,0.5649695992469788,0.47979164123535156,0.41321009397506714,Stock 14,0.25277289748191833,Stock 34,0.25166216492652893,Stock 73,0.3343454599380493
8,13,-0.0019218246452510357,0.005466798786073923,-135.1544792566113,0.4376462996006012,0.4689766466617584,0.4633561074733734,0.45456528663635254,0.444265216588974,0.4665091037750244,0.4281004071235657,0.39199894666671753,Stock 45,0.3304613530635834,Stock 14,0.24872374534606934,Stock 38,0.20053231716156006
8,14,-0.004914300516247749,0.0045379712246358395,-208.2928972658285,0.45246848464012146,0.4735468626022339,0.4738762080669403,0.45467478036880493,0.48329097032546997,0.5120074152946472,0.46697670221328735,0.3999768793582916,Stock 13,0.16639144718647003,Stock 12,0.24771450459957123,Stock 17,0.33319222927093506
8,15,-0.01544998586177826,0.005526329856365919,-379.5704611077645,0.40817877650260925,0.45474597811698914,0.5168458223342896,0.49767306447029114,0.5384165048599243,0.49435120820999146,0.465952605009079,0.3711065351963043,Stock 35,0.16838446259498596,Stock 91,0.20173753798007965,Stock 80,0.12691372632980347
8,16,-0.020236799493432045,0.0026698580477386713,-857.9728634101841,0.459386944770813,0.49309366941452026,0.4683254063129425,0.48241159319877625,0.38743507862091064,0.53075110912323,0.43226826190948486,0.40879902243614197,Stock 40,0.16752581298351288,Stock 53,0.14393718540668488,Stock 92,0.1445317566394806
8,17,0.0005389139987528324,0.003129455493763089,-82.77930458423609,0.4915105104446411,0.5039750933647156,0.5083709955215454,0.4483770728111267,0.47339537739753723,0.5136511921882629,0.46339014172554016,0.4002642035484314,Stock 72,0.16648994386196136,Stock 2,0.16747771203517914,Stock 14,0.24955807626247406
8,18,0.005032829008996487,0.0018683902453631163,169.36712078682314,0.4696413576602936,0.4825253188610077,0.4711584746837616,0.4607977867126465,0.4478342831134796,0.5511344075202942,0.4711172878742218,0.4081057906150818,Stock 61,0.24997015297412872,Stock 59,0.24997015297412872,Stock 85,0.33328044414520264
8,19,-0.005471032112836838,0.004547184333205223,-220.31691948103656,0.5589362978935242,0.5124819278717041,0.46295440196990967,0.3647248148918152,0.5375645160675049,0.5681828856468201,0.542334258556366,0.44082170724868774,Stock 7,0.14244411885738373,Stock 39,0.19889971613883972,Stock 101,0.4970017969608307
8,20,0.0031004396732896566,0.005570456385612488,-44.341370640697434,0.438469260931015,0.4793793261051178,0.4788360893726349,0.48942920565605164,0.4667814075946808,0.538006603717804,0.46742722392082214,0.4057842493057251,Stock 35,0.16518281400203705,Stock 80,0.12450429052114487,Stock 26,0.16578921675682068
8,21,-0.0036442477721720934,0.004109482746571302,-188.6789894716708,0.5133150219917297,0.5441612601280212,0.5435019731521606,0.48861050605773926,0.5374394059181213,0.6097347140312195,0.5364406704902649,0.4353150427341461,Stock 56,0.14258946478366852,Stock 92,0.14260873198509216,Stock 10,0.3330796957015991
8,22,0.021937938407063484,0.008382081054151058,161.7242456298983,0.37787163257598877,0.41742023825645447,0.4009421467781067,0.430001437664032,0.6171444058418274,0.47459858655929565,0.5183057188987732,0.415495365858078,Stock 49,0.24872753024101257,Stock 26,0.16528746485710144,Stock 20,0.16593392193317413
8,23,0.004530133679509163,0.0035052960738539696,29.236834323339046,0.5457610487937927,0.5270786285400391,0.510160505771637,0.33166825771331787,0.5805241465568542,0.3689368963241577,0.4623604714870453,0.4031978249549866,Stock 79,0.14207468926906586,Stock 41,0.16572105884552002,Stock 97,0.2488715499639511
8,24,-0.015592812560498714,0.0023125072475522757,-774.2816731494905,0.5367542505264282,0.5635302066802979,0.44925224781036377,0.45712152123451233,0.47047558426856995,0.6495129466056824,0.5525174140930176,0.5011266469955444,Stock 39,0.20220865309238434,Stock 19,0.1443052440881729,Stock 7,0.14481385052204132
8,25,-0.021723031997680664,0.00390880461782217,-655.746171057889,0.5337312817573547,0.5254758596420288,0.37714648246765137,0.3968699276447296,0.4095899164676666,0.6058652400970459,0.5165254473686218,0.4951286315917969,Stock 82,0.3345221281051636,Stock 9,0.20313824713230133,Stock 55,0.16877682507038116
8,26,-0.002241770038381219,0.005893901456147432,-138.0354177120321,0.6201362609863281,0.6309865713119507,0.5383848547935486,0.4641875922679901,0.42745572328567505,0.6723933815956116,0.5403742790222168,0.4971811771392822,Stock 20,0.16671061515808105,Stock 49,0.24989083409309387,Stock 87,0.19829031825065613
8,27,0.010967210866510868,0.0022025597281754017,397.9302366340864,0.4932544529438019,0.4731746017932892,0.4429709315299988,0.397845983505249,0.4996212124824524,0.531459629535675,0.4979704022407532,0.4166625142097473,Stock 7,0.14186686277389526,Stock 0,0.24901774525642395,Stock 86,0.5005864500999451
8,28,-0.012619562447071075,0.0030117915011942387,-519.0051815362103,0.5107024312019348,0.4688778817653656,0.41274720430374146,0.3596888780593872,0.5141845345497131,0.5315449833869934,0.5154502987861633,0.43000853061676025,Stock 67,0.19929128885269165,Stock 33,0.16618961095809937,Stock 37,0.16618961095809937
8,29,0.000530109042301774,0.004305001348257065,-87.68620496445617,0.4953612685203552,0.4635518789291382,0.4776318371295929,0.39880913496017456,0.45881378650665283,0.4883387088775635,0.4492861330509186,0.37712278962135315,Stock 79,0.1421384960412979,Stock 41,0.1657954603433609,Stock 97,0.24898330867290497
8,30,0.007631469052284956,0.008710631169378757,-12.389023207496999,0.4615330994129181,0.4284020960330963,0.40221017599105835,0.3731624186038971,0.47903499007225037,0.4838046729564667,0.4677520990371704,0.3958573639392853,Stock 90,0.3334067761898041,Stock 48,0.5001611709594727,Stock 5,0.16621817648410797
8,31,-0.010183983482420444,0.002580988686531782,-494.5768354415078,0.44653841853141785,0.49290844798088074,0.5102443099021912,0.4568113684654236,0.6621503233909607,0.5200226306915283,0.5527995824813843,0.4224386215209961,Stock 72,0.16828973591327667,Stock 82,0.3324594795703888,Stock 74,0.20069620013237
8,32,-0.006447691470384598,0.004421128425747156,-245.83814016429434,0.5903197526931763,0.5843845009803772,0.5290940403938293,0.36632415652275085,0.5373636484146118,0.4639655351638794,0.49241796135902405,0.4453529715538025,Stock 75,0.24796342849731445,Stock 4,0.25044068694114685,Stock 77,0.24796342849731445
8,33,-0.010539058595895767,0.002080386970192194,-606.5912614768073,0.5348708033561707,0.5922863483428955,0.43146002292633057,0.4232921004295349,0.5308506488800049,0.5634520053863525,0.5503161549568176,0.5316788554191589,Stock 67,0.19983533024787903,Stock 37,0.16664329171180725,Stock 83,0.20019714534282684
8,34,-0.008797825314104557,0.0038457142654806376,-328.7696044678713,0.5244773626327515,0.48300984501838684,0.46067824959754944,0.3702734708786011,0.5616142749786377,0.5428018569946289,0.5348568558692932,0.4207969307899475,Stock 73,0.329549640417099,Stock 47,0.3344016969203949,Stock 12,0.24791540205478668
8,35,-0.008961874060332775,0.0012987282825633883,-790.0499650815423,0.5210128426551819,0.6237761378288269,0.5193154811859131,0.540656566619873,0.5013571977615356,0.6475310325622559,0.5529552102088928,0.521435022354126,Stock 15,0.24668021500110626,Stock 80,0.12453266233205795,Stock 42,0.4914498031139374
8,36,0.007415285799652338,0.00475791422650218,55.85160737762494,0.4721308648586273,0.46131646633148193,0.4050738513469696,0.4291583001613617,0.4277026057243347,0.5846899151802063,0.49150338768959045,0.4299163222312927,Stock 56,0.14177416265010834,Stock 21,0.1655411422252655,Stock 100,0.2465467005968094
8,37,-0.010539053939282894,0.0021948895882815123,-580.1632845474674,0.41193726658821106,0.42307689785957336,0.278322696685791,0.4386925995349884,0.3740977644920349,0.6415282487869263,0.513357400894165,0.4878730773925781,Stock 33,0.16669993102550507,Stock 83,0.20026515424251556,Stock 67,0.19990324974060059
8,38,0.020268429070711136,0.003849309403449297,426.5471529139477,0.4448948800563812,0.45872101187705994,0.36961469054222107,0.4463084936141968,0.4424687623977661,0.6086958050727844,0.5149050951004028,0.4586351811885834,Stock 51,0.3329576551914215,Stock 47,0.3321692645549774,Stock 2,0.16610470414161682
8,39,-0.007759496569633484,0.0037985139060765505,-304.27716632076766,0.5057589411735535,0.4557882249355316,0.4612258970737457,0.39148852229118347,0.5224168300628662,0.5688329339027405,0.5208923816680908,0.3986358642578125,Stock 7,0.1440390646457672,Stock 19,0.14353318512439728,Stock 24,0.2499028742313385
8,40,-0.014566363766789436,0.0026005306281149387,-660.1304445065598,0.5687263607978821,0.5582579970359802,0.4342193901538849,0.35214173793792725,0.5128877758979797,0.5109936594963074,0.5193078517913818,0.48405006527900696,Stock 16,0.24851876497268677,Stock 56,0.14356772601604462,Stock 78,0.500572144985199
8,41,0.0006864659953862429,0.0035243635065853596,-80.52227035878778,0.48500558733940125,0.5296619534492493,0.39821895956993103,0.4517918825149536,0.5090106129646301,0.6252040266990662,0.5614579916000366,0.5095587372779846,Stock 79,0.14239777624607086,Stock 1,0.33051368594169617,Stock 23,0.24996565282344818
8,42,-0.020442668348550797,0.003008902072906494,-779.4062370000594,0.6336519718170166,0.5893241763114929,0.5173071622848511,0.4107373058795929,0.420394629240036,0.6663396954536438,0.5368797779083252,0.4671183228492737,Stock 35,0.170897975564003,Stock 15,0.2552182972431183,Stock 91,0.2047489583492279
8,43,-0.00840102881193161,0.007188869174569845,-216.86161770267987,0.4750915467739105,0.4558618664741516,0.38052865862846375,0.4111858010292053,0.40097787976264954,0.5729328393936157,0.47932004928588867,0.43375685811042786,Stock 89,0.2010727822780609,Stock 70,0.49913981556892395,Stock 24,0.24920931458473206
8,44,-0.024836886674165726,0.006892187986522913,-460.3628734841845,0.5202396512031555,0.5199494957923889,0.4188700318336487,0.43621402978897095,0.4463054835796356,0.6437044143676758,0.5384551882743835,0.47835180163383484,Stock 26,0.16966283321380615,Stock 58,0.25089460611343384,Stock 87,0.2025821954011917
8,45,-0.009003957733511925,0.002841089153662324,-416.9192252170375,0.569375216960907,0.5242600440979004,0.5350368618965149,0.36980611085891724,0.56669682264328,0.5161299705505371,0.5181198120117188,0.4046528935432434,Stock 13,0.1676606982946396,Stock 41,0.16745370626449585,Stock 1,0.33328306674957275
8,46,-0.00201217457652092,0.002775077009573579,-172.50878334472284,0.45435357093811035,0.47637248039245605,0.39872023463249207,0.4457462728023529,0.47474998235702515,0.584578812122345,0.515410840511322,0.4555404484272003,Stock 7,0.1426617056131363,Stock 94,0.5007265210151672,Stock 0,0.25041908025741577
8,47,0.015369489789009094,0.0030762350652366877,399.6201351026,0.2590741813182831,0.3638768792152405,0.2446637749671936,0.49809280037879944,0.39165908098220825,0.44441309571266174,0.4124200940132141,0.45359429717063904,Stock 38,0.200265571475029,Stock 34,0.2472989857196808,Stock 2,0.16673466563224792
8,48,0.008266191929578781,0.00471671624109149,75.25311057647833,0.41054296493530273,0.40978550910949707,0.37232622504234314,0.37387654185295105,0.5420495271682739,0.433277428150177,0.4743601679801941,0.40464508533477783,Stock 30,0.3331919312477112,Stock 90,0.3331919312477112,Stock 5,0.1661110669374466
8,49,0.0030488879419863224,0.01037545409053564,-70.61441441134147,0.4929662346839905,0.4820818603038788,0.39599111676216125,0.4310021996498108,0.39776840806007385,0.6156104207038879,0.4982607364654541,0.45111334323883057,Stock 87,0.19792556762695312,Stock 20,0.16642728447914124,Stock 26,0.16577892005443573
8,50,-0.013620980083942413,0.004999853670597076,-372.4275745117119,0.5069872736930847,0.5251206755638123,0.4402698278427124,0.39594537019729614,0.5963246822357178,0.5394541621208191,0.5580251812934875,0.47575482726097107,Stock 99,0.49999508261680603,Stock 21,0.16774457693099976,Stock 56,0.14366216957569122
8,51,0.0285653043538332,0.0029362610075622797,872.8462245101456,0.10191798955202103,0.1311415582895279,0.3883046507835388,0.68891441822052,0.3202719986438751,0.4087671637535095,0.2550833821296692,0.1606951355934143,Stock 2,0.16635453701019287,Stock 38,0.1998090147972107,Stock 72,0.1653440296649933
8,52,-0.016292370855808258,0.00640094093978405,-354.530873024395,0.5206011533737183,0.489289253950119,0.41805869340896606,0.38387665152549744,0.4178435206413269,0.5376729369163513,0.4730018377304077,0.43113330006599426,Stock 64,0.24830839037895203,Stock 98,0.24979816377162933,Stock 79,0.1433638036251068
8,53,-0.011546199209988117,0.002483930205926299,-564.8358952453879,0.4065643846988678,0.49899381399154663,0.34984761476516724,0.4763701558113098,0.43168583512306213,0.5269843935966492,0.47693708539009094,0.4971500039100647,Stock 92,0.14283064007759094,Stock 57,0.16619336605072021,Stock 84,0.1657756119966507
8,54,-0.027662184089422226,0.0026734645944088697,-1134.6942371061627,0.6774739027023315,0.6356982588768005,0.5373484492301941,0.3720411956310272,0.49985769391059875,0.6442392468452454,0.5728299021720886,0.49867066740989685,Stock 84,0.16991139948368073,Stock 16,0.253376841545105,Stock 53,0.14579176902770996
8,55,-0.008200878277420998,0.0024007537867873907,-441.5959738376646,0.5340374112129211,0.5768775939941406,0.5293801426887512,0.4492560029029846,0.6158722639083862,0.5752151012420654,0.5705615282058716,0.47467756271362305,Stock 62,0.20031951367855072,Stock 60,0.3338315486907959,Stock 93,0.12523089349269867
8,56,-0.004957239143550396,0.0024420868139714003,-302.9919294920058,0.4303155839443207,0.44681403040885925,0.37238916754722595,0.4316518306732178,0.49305933713912964,0.5675827860832214,0.5169081687927246,0.4487130641937256,Stock 21,0.16657987236976624,Stock 40,0.16538403928279877,Stock 92,0.1426839828491211
8,57,-0.00971232820302248,0.00477835675701499,-303.2566569828434,0.45320847630500793,0.4907532334327698,0.4493226706981659,0.426857590675354,0.6354565620422363,0.5277857780456543,0.5584957003593445,0.451652854681015,Stock 53,0.1421518325805664,Stock 92,0.14273902773857117,Stock 84,0.1656692773103714
8,58,-0.023698098957538605,0.004706994630396366,-603.4656042414698,0.57418292760849,0.5394505858421326,0.4977288842201233,0.3956749141216278,0.5066826343536377,0.5955356359481812,0.5359358191490173,0.44246989488601685,Stock 77,0.25150594115257263,Stock 75,0.25150594115257263,Stock 44,0.3337288796901703
8,59,0.005032826215028763,0.00448580551892519,12.194480875190514,0.46010446548461914,0.469421923160553,0.3435306251049042,0.3839762806892395,0.5145948529243469,0.5429173111915588,0.531932532787323,0.481465220451355,Stock 18,0.24997341632843018,Stock 85,0.33328479528427124,Stock 61,0.24997341632843018
8,60,-0.008053760044276714,0.005084280855953693,-258.4050974455072,0.5835916996002197,0.5366676449775696,0.38708916306495667,0.3551550805568695,0.4291130006313324,0.6186609864234924,0.5385600924491882,0.4966658651828766,Stock 62,0.2008674591779709,Stock 55,0.16726401448249817,Stock 93,0.12557345628738403
8,61,0.005032825283706188,0.0035774873103946447,40.680451027260254,0.43680474162101746,0.4594024419784546,0.41947075724601746,0.42005088925361633,0.5138676166534424,0.48144885897636414,0.47885653376579285,0.4202273488044739,Stock 18,0.24997051060199738,Stock 83,0.19834570586681366,Stock 59,0.24997051060199738
8,62,-0.0073200128972530365,0.006859656423330307,-206.7110718892132,0.44541582465171814,0.4609677493572235,0.415143758058548,0.40689653158187866,0.484263151884079,0.45991960167884827,0.45756295323371887,0.41554564237594604,Stock 55,0.1656046211719513,Stock 60,0.3314237594604492,Stock 93,0.124327652156353
8,63,-0.011506844311952591,0.006644446402788162,-273.1798800743438,0.4636775255203247,0.4304833710193634,0.36627447605133057,0.3719600737094879,0.5141000747680664,0.5521578192710876,0.5254503488540649,0.4338005781173706,Stock 97,0.2518264353275299,Stock 10,0.3350198268890381,Stock 29,0.25169637799263
8,64,-0.01668361946940422,0.00518322316929698,-421.877313101822,0.42858847975730896,0.4398062825202942,0.337263286113739,0.377407431602478,0.6160340905189514,0.5411126017570496,0.5749931335449219,0.47746846079826355,Stock 98,0.251108318567276,Stock 52,0.3329075276851654,Stock 84,0.16690655052661896
8,65,-0.0375974103808403,0.0051561519503593445,-829.1757640738274,0.5102097988128662,0.48178228735923767,0.5284445285797119,0.4215170741081238,0.5652598142623901,0.5578846335411072,0.5233599543571472,0.3866695463657379,Stock 64,0.25424543023109436,Stock 57,0.17043404281139374,Stock 54,0.33602282404899597
8,66,-0.0071035162545740604,0.006110656075179577,-216.24801276948494,0.5695781111717224,0.5038385391235352,0.4475723206996918,0.3474184572696686,0.4799496531486511,0.5537009835243225,0.5123628973960876,0.4305708110332489,Stock 3,0.496096134185791,Stock 76,0.19982007145881653,Stock 9,0.19977755844593048
8,67,-0.01138867437839508,0.002919680904597044,-490.0657212390432,0.4736666977405548,0.49331265687942505,0.4409770667552948,0.40567055344581604,0.6039704084396362,0.5202437043190002,0.5446594953536987,0.4502681791782379,Stock 33,0.16651651263237,Stock 28,0.33247920870780945,Stock 37,0.16651651263237
8,68,-0.012856857851147652,0.0040997047908604145,-413.60447903004626,0.6541541218757629,0.5938313603401184,0.5044060945510864,0.383566677570343,0.37443026900291443,0.6440367698669434,0.509922444820404,0.4652131497859955,Stock 83,0.2017810344696045,Stock 37,0.1679617315530777,Stock 33,0.1679617315530777
8,69,-0.011516974307596684,0.00803703349083662,-243.2988218940197,0.4658985137939453,0.5069944858551025,0.3988301753997803,0.4159928858280182,0.4355577230453491,0.46793827414512634,0.4498644471168518,0.45680150389671326,Stock 74,0.19820821285247803,Stock 11,0.24797606468200684,Stock 13,0.16651400923728943
8,70,-0.013787482865154743,0.0061410474590957165,-324.51353709591723,0.5240162014961243,0.5167288780212402,0.5618250966072083,0.47713956236839294,0.4334763288497925,0.5783173441886902,0.46490901708602905,0.3815478980541229,Stock 89,0.20176580548286438,Stock 43,0.2512070834636688,Stock 80,0.12616246938705444
8,71,0.003349214792251587,0.006801933515816927,-50.76084198024774,0.27075645327568054,0.3700942397117615,0.34334877133369446,0.6405767202377319,0.2240336835384369,0.6060385704040527,0.3604556620121002,0.38847604393959045,Stock 35,0.16517508029937744,Stock 80,0.12449847161769867,Stock 20,0.16642986238002777
8,72,0.0025985478423535824,0.0019860612228512764,30.839261773763116,0.46689608693122864,0.4891710877418518,0.4552687406539917,0.44630083441734314,0.5511651039123535,0.5692612528800964,0.5344753861427307,0.43978938460350037,Stock 2,0.16691134870052338,Stock 17,0.3327953517436981,Stock 31,0.3299262225627899
8,73,-0.015635110437870026,0.00533877220004797,-392.85966608070567,0.5543913245201111,0.6157373189926147,0.4083045423030853,0.4505021572113037,0.4627288579940796,0.6491205096244812,0.56788569688797,0.5685994029045105,Stock 34,0.2529865503311157,Stock 12,0.2528468668460846,Stock 52,0.33592188358306885
8,74,-0.012580820359289646,0.004321750719100237,-391.10472067923666,0.5988364219665527,0.62864089012146,0.6607220768928528,0.50489741563797,0.40873000025749207,0.5442801713943481,0.4350501000881195,0.40153270959854126,Stock 69,0.24825483560562134,Stock 11,0.24825483560562134,Stock 13,0.16670116782188416
8,75,-0.018844183534383774,0.005108662415295839,-468.8672690127738,0.5413790345191956,0.5292779207229614,0.5299005508422852,0.44849693775177,0.3775272071361542,0.5438083410263062,0.43370965123176575,0.3946644067764282,Stock 58,0.2492658495903015,Stock 77,0.250241219997406,Stock 44,0.3320506811141968
8,76,-0.0024540876038372517,0.00818292424082756,-129.99034980176063,0.35625022649765015,0.4292506277561188,0.49741455912590027,0.5427327752113342,0.45371946692466736,0.46984052658081055,0.40798646211624146,0.3532111644744873,Stock 93,0.12412571907043457,Stock 9,0.19899915158748627,Stock 66,0.330709844827652
8,77,-0.018844179809093475,0.004853038117289543,-488.29655472844473,0.5299252271652222,0.43703120946884155,0.46262770891189575,0.37042367458343506,0.36123138666152954,0.5231662392616272,0.4216320812702179,0.3513106107711792,Stock 58,0.24931387603282928,Stock 75,0.2502894103527069,Stock 87,0.20130585134029388
8,78,-0.011365668848156929,0.0029402482323348522,-486.55473790154946,0.4588925838470459,0.47541067004203796,0.3598727881908417,0.4655442237854004,0.29971835017204285,0.6062590479850769,0.445050448179245,0.4561443626880646,Stock 40,0.1660504788160324,Stock 16,0.2479506880044937,Stock 88,0.24848784506320953
8,79,0.00025411578826606274,0.0053577786311507225,-95.25706816648591,0.3103708326816559,0.41600102186203003,0.4157279133796692,0.47821465134620667,0.6147499084472656,0.3609485626220703,0.44984060525894165,0.39774611592292786,Stock 41,0.16601096093654633,Stock 29,0.2492188662290573,Stock 23,0.2498348206281662
8,80,-0.002050479408353567,0.005164459813386202,-139.70365696405952,0.15534520149230957,0.26121199131011963,0.37048617005348206,0.6517571806907654,0.32399848103523254,0.3457889258861542,0.2708696722984314,0.2749974727630615,Stock 91,0.19785156846046448,Stock 89,0.199067622423172,Stock 35,0.16513919830322266
8,81,-0.0027091726660728455,0.005286899395287037,-151.2431287890198,0.5739392042160034,0.5589670538902283,0.4900560677051544,0.36464616656303406,0.5062437057495117,0.48474398255348206,0.4906916916370392,0.4464544653892517,Stock 4,0.25021037459373474,Stock 5,0.16739080846309662,Stock 32,0.25021037459373474
8,82,-0.020092234015464783,0.0033700435888022184,-696.2010130143738,0.5311521291732788,0.5258529186248779,0.5814619660377502,0.38505011796951294,0.6846479773521423,0.4461255669593811,0.5313900709152222,0.3910340666770935,Stock 31,0.33531829714775085,Stock 25,0.49887368083000183,Stock 72,0.16857266426086426
8,83,-0.008245827630162239,0.0022576642222702503,-465.23711315540277,0.38072773814201355,0.4363357424736023,0.3597656786441803,0.47058337926864624,0.5347280502319336,0.5742674469947815,0.5345349907875061,0.46104374527931213,Stock 37,0.16598890721797943,Stock 68,0.49704626202583313,Stock 33,0.16598890721797943
8,84,-0.012937771156430244,0.0029621408320963383,-536.770967006118,0.5249624848365784,0.5832681655883789,0.5175514221191406,0.45254823565483093,0.5663692951202393,0.5346033573150635,0.5302079319953918,0.47525542974472046,Stock 53,0.14245080947875977,Stock 54,0.32814064621925354,Stock 98,0.2497711181640625
8,85,0.004787963815033436,0.00435460451990366,9.951748618020622,0.45182353258132935,0.4578775465488434,0.4835408627986908,0.5045267939567566,0.2588851749897003,0.5243157148361206,0.3517095148563385,0.3523981273174286,Stock 59,0.25008589029312134,Stock 18,0.25008589029312134,Stock 61,0.25008589029312134
8,86,0.02625751495361328,0.004131948575377464,535.4753568348702,0.17517852783203125,0.27346697449684143,0.26536664366722107,0.5806082487106323,0.3669683039188385,0.4103530943393707,0.34984853863716125,0.3581579029560089,Stock 27,0.2487812638282776,Stock 7,0.14153443276882172,Stock 19,0.1410396844148636
8,87,-0.011692160740494728,0.006947825662791729,-268.2851773773014,0.14844056963920593,0.2603086829185486,0.388333261013031,0.7032536864280701,0.3358764946460724,0.4448908865451813,0.3076801002025604,0.2813340425491333,Stock 49,0.25191450119018555,Stock 26,0.16741321980953217,Stock 20,0.16806067526340485
8,88,-0.017504572868347168,0.0029104077257215977,-701.4474437256772,0.4301048219203949,0.34000319242477417,0.5220130681991577,0.48044201731681824,0.4011131227016449,0.6302818655967712,0.44757139682769775,0.27643144130706787,Stock 100,0.2509985566139221,Stock 95,0.4995691478252411,Stock 40,0.1672961562871933
8,89,-0.0024881470017135143,0.00620992248877883,-140.06727952256298,0.4450860619544983,0.4257470965385437,0.47766512632369995,0.44625163078308105,0.41406986117362976,0.5041386485099792,0.42223531007766724,0.34910517930984497,Stock 80,0.12440615892410278,Stock 91,0.1977478414773941,Stock 43,0.24767102301120758
8,90,0.007631472311913967,0.005314116831868887,43.60753730794632,0.4708549678325653,0.5038095116615295,0.5442988276481628,0.48546308279037476,0.5134047269821167,0.5256983637809753,0.4756389856338501,0.38983020186424255,Stock 30,0.33340126276016235,Stock 5,0.1662154346704483,Stock 81,0.24893680214881897
8,91,-0.01021262165158987,0.004152565263211727,-345.93524735336973,0.47367745637893677,0.5210041999816895,0.5764308571815491,0.524937093257904,0.5301575660705566,0.5778961777687073,0.5008976459503174,0.3960345387458801,Stock 15,0.24663688242435455,Stock 80,0.12451077997684479,Stock 89,0.1991305649280548
8,92,-0.006355201359838247,0.003972799051553011,-259.96785332884957,0.4291608929634094,0.4489934742450714,0.4846131503582001,0.46820229291915894,0.4749317765235901,0.4984108805656433,0.44786036014556885,0.3735482096672058,Stock 96,0.4992838203907013,Stock 53,0.14150775969028473,Stock 57,0.1653355211019516
8,93,-0.006120983511209488,0.00781817827373743,-178.29168505623485,0.3869384825229645,0.45212048292160034,0.40954792499542236,0.48502811789512634,0.46659690141677856,0.5009123086929321,0.45780879259109497,0.42316392064094543,Stock 76,0.1991085708141327,Stock 9,0.1990649700164795,Stock 62,0.19860824942588806
8,94,-0.0002751565771177411,0.0037645522970706224,-107.30914476422213,0.4527469575405121,0.4990116357803345,0.500715434551239,0.47580188512802124,0.510437548160553,0.5079643726348877,0.4744100570678711,0.4094623625278473,Stock 46,0.3324669301509857,Stock 0,0.249672994017601,Stock 39,0.1985916644334793
8,95,-0.020323507487773895,0.0037251850590109825,-645.5704123641492,0.42477160692214966,0.45245733857154846,0.4613446593284607,0.4741295874118805,0.49592962861061096,0.5371376276016235,0.4807083010673523,0.3983302116394043,Stock 28,0.3356943130493164,Stock 88,0.250783771276474,Stock 100,0.25143152475357056
8,96,-0.0012466448824852705,0.0036636381410062313,-134.02751130172683,0.48349887132644653,0.5062344670295715,0.5034521222114563,0.47809576988220215,0.4787364602088928,0.5748352408409119,0.49326062202453613,0.4160456955432892,Stock 92,0.14250384271144867,Stock 57,0.1658131331205368,Stock 53,0.14191760122776031
8,97,0.0032371424604207277,0.00637812539935112,-49.24617724276699,0.49790820479393005,0.4985979199409485,0.5000821352005005,0.42212948203086853,0.5181570649147034,0.5061510801315308,0.48464563488960266,0.4041178226470947,Stock 23,0.2508009970188141,Stock 79,0.1428886204957962,Stock 29,0.2501893937587738
8,98,-0.009172259829938412,0.0022248169407248497,-512.2703159096799,0.5021111965179443,0.5070451498031616,0.4898581802845001,0.45207324624061584,0.47540345788002014,0.5762950778007507,0.4988115727901459,0.4216548800468445,Stock 84,0.16571946442127228,Stock 64,0.2478354573249817,Stock 57,0.16613709926605225
8,99,-0.013620980083942413,0.004445196595042944,-406.4201952087301,0.46157974004745483,0.4857843816280365,0.47883856296539307,0.5094852447509766,0.40805503726005554,0.6180949807167053,0.4784473478794098,0.41279837489128113,Stock 50,0.5000049471855164,Stock 21,0.16774789988994598,Stock 56,0.14366500079631805
8,100,-0.011606420390307903,0.0019752532243728638,-687.5915172340955,0.5370018482208252,0.5368538498878479,0.5657891035079956,0.4749658703804016,0.4356957972049713,0.5734562873840332,0.4669603407382965,0.3940996527671814,Stock 88,0.25037649273872375,Stock 67,0.20128683745861053,Stock 40,0.16731256246566772
8,101,-0.008746549487113953,0.007746211718767881,-212.9138965556855,0.45815983414649963,0.5153359770774841,0.4834791123867035,0.4667469561100006,0.5590372085571289,0.5236271023750305,0.5125007033348083,0.44125664234161377,Stock 93,0.12586262822151184,Stock 62,0.2013300508260727,Stock 19,0.1436564028263092
9,0,0.0001503153471276164,0.003558345837518573,-95.7756959556118,0.5355808734893799,0.5441102981567383,0.5020951628684998,0.4336983263492584,0.5069378018379211,0.5691470503807068,0.5171012878417969,0.44523394107818604,Stock 27,0.2506747841835022,Stock 55,0.16569851338863373,Stock 46,0.33311784267425537
9,1,-0.023825660347938538,0.005001363810151815,-576.3832676914443,0.5216702222824097,0.5427950620651245,0.5064329504966736,0.46092426776885986,0.46119290590286255,0.5728821754455566,0.4927080571651459,0.4379176199436188,Stock 41,0.1688201129436493,Stock 79,0.1448618769645691,Stock 45,0.33470502495765686
9,2,-0.008135663345456123,0.0013608819572255015,-697.8228532063655,0.43628567457199097,0.47540247440338135,0.4157525300979614,0.4499397873878479,0.48246636986732483,0.5233390927314758,0.48435521125793457,0.4385703206062317,Stock 51,0.3332764804363251,Stock 38,0.19990584254264832,Stock 72,0.16458620131015778
9,3,-0.007305745035409927,0.007866463623940945,-192.8720373558391,0.4551581144332886,0.46528977155685425,0.46126267313957214,0.4718154966831207,0.47090598940849304,0.5917407274246216,0.4984511435031891,0.41000816226005554,Stock 66,0.3363322913646698,Stock 76,0.20210900902748108,Stock 93,0.12575706839561462
9,4,-0.011240646243095398,0.00425440538674593,-364.211922025913,0.5159798860549927,0.5041990876197815,0.504860520362854,0.4299289286136627,0.49808043241500854,0.5566259622573853,0.4988230764865875,0.4087628424167633,Stock 81,0.2512344419956207,Stock 5,0.1678844839334488,Stock 32,0.25058937072753906
9,5,-0.003787743393331766,0.005353708751499653,-170.74989636428697,0.3668213188648224,0.37436074018478394,0.2563844621181488,0.4298921823501587,0.40304628014564514,0.6127581596374512,0.5087902545928955,0.46521300077438354,Stock 81,0.24942676723003387,Stock 4,0.2487863302230835,Stock 32,0.2487863302230835
9,6,-0.002554840873926878,0.008424661122262478,-130.32574054730364,0.5074297785758972,0.5185840129852295,0.43024617433547974,0.40270864963531494,0.49791327118873596,0.5315192937850952,0.5073524713516235,0.4609020948410034,Stock 24,0.2505912780761719,Stock 43,0.25095921754837036,Stock 19,0.14284741878509521
9,7,0.006099045742303133,0.0025208222214132547,141.94668273289858,0.4584798514842987,0.47989627718925476,0.38804733753204346,0.41198015213012695,0.4806380271911621,0.5178542733192444,0.4925278425216675,0.45472007989883423,Stock 39,0.19986389577388763,Stock 19,0.14236825704574585,Stock 27,0.24995151162147522
9,8,-0.0405130498111248,0.005147423595190048,-887.0549035245858,0.5499072670936584,0.502856433391571,0.48967307806015015,0.3635624945163727,0.5765613317489624,0.5394715666770935,0.5391847491264343,0.41925734281539917,Stock 11,0.2535894215106964,Stock 74,0.20254762470722198,Stock 69,0.2535894215106964
9,9,-0.003465868066996336,0.006158875301480293,-156.27436662280385,0.5311089754104614,0.5218496918678284,0.4885212779045105,0.3914834260940552,0.506138801574707,0.4941703677177429,0.4837667942047119,0.4223230183124542,Stock 93,0.12411180138587952,Stock 76,0.19947543740272522,Stock 55,0.1653696447610855
9,10,0.0014841319061815739,0.003981647081673145,-62.725679204146836,0.42323973774909973,0.47719359397888184,0.38724303245544434,0.4713388979434967,0.3979645073413849,0.530951738357544,0.451320081949234,0.4484221339225769,Stock 21,0.1651102900505066,Stock 36,0.49994155764579773,Stock 56,0.1416049599647522
9,11,-0.022798199206590652,0.004319793079048395,-627.7613716537751,0.46575039625167847,0.5167615413665771,0.44415926933288574,0.486869752407074,0.4348430633544922,0.5819730758666992,0.48848283290863037,0.4564822018146515,Stock 74,0.19844739139080048,Stock 69,0.24845591187477112,Stock 13,0.1663290113210678
9,12,-0.024086663499474525,0.0021842888090759516,-1202.7233852680968,0.5542005300521851,0.5305525064468384,0.48995262384414673,0.41541245579719543,0.44495299458503723,0.5802590847015381,0.4962666630744934,0.4312540888786316,Stock 14,0.2524470388889313,Stock 34,0.2525804936885834,Stock 73,0.3346785604953766
9,13,-0.01757100410759449,0.0040449160151183605,-534.3972542797119,0.4534508287906647,0.4962179362773895,0.45960375666618347,0.4560737907886505,0.47565987706184387,0.49713805317878723,0.46285051107406616,0.4238307774066925,Stock 45,0.331434428691864,Stock 14,0.24922585487365723,Stock 38,0.20169204473495483
9,14,-0.02109456993639469,0.0038759098388254642,-644.2482104482359,0.4970080852508545,0.47392457723617554,0.4596221148967743,0.41566693782806396,0.46780091524124146,0.552056074142456,0.48746705055236816,0.4063195288181305,Stock 13,0.16585734486579895,Stock 12,0.24749675393104553,Stock 17,0.33106133341789246
9,15,-0.009748989716172218,0.004554539453238249,-314.04995645038815,0.45153722167015076,0.478215754032135,0.4565696120262146,0.46232837438583374,0.5097247958183289,0.5606421828269958,0.5059680342674255,0.4246927797794342,Stock 35,0.1658339947462082,Stock 91,0.20151746273040771,Stock 80,0.12526395916938782
9,16,-0.021721195429563522,0.0017254382837563753,-1358.879881943692,0.4578448235988617,0.48992982506752014,0.4332490861415863,0.4746037423610687,0.39586082100868225,0.5612830519676208,0.4582560658454895,0.43210312724113464,Stock 40,0.16831804811954498,Stock 53,0.14382678270339966,Stock 92,0.14418020844459534
9,17,-0.02003392018377781,0.0022295513190329075,-998.5628638710924,0.5253719091415405,0.5319823026657104,0.4766992926597595,0.43138477206230164,0.46688947081565857,0.5629068613052368,0.49842581152915955,0.44425851106643677,Stock 72,0.1667328029870987,Stock 2,0.16820897161960602,Stock 14,0.25024038553237915
9,18,0.01326950453221798,0.0013766259653493762,863.9150260288959,0.45595142245292664,0.4560525715351105,0.4433639943599701,0.44789057970046997,0.4391048550605774,0.5498715043067932,0.46826669573783875,0.40172278881073,Stock 61,0.24990642070770264,Stock 59,0.24990642070770264,Stock 85,0.33316701650619507
9,19,0.0020721545442938805,0.003558612894266844,-41.77072342900078,0.5695556998252869,0.5331219434738159,0.4601200520992279,0.3593624532222748,0.558303713798523,0.5674960613250732,0.5566284656524658,0.46164670586586,Stock 7,0.14281544089317322,Stock 39,0.2000013291835785,Stock 101,0.4950152337551117
9,20,-0.01677001640200615,0.005457849241793156,-407.26419252460744,0.4684136211872101,0.4878026843070984,0.44865286350250244,0.4658132493495941,0.4320305585861206,0.5744597315788269,0.4795594811439514,0.4269139766693115,Stock 35,0.1662876158952713,Stock 80,0.12560661137104034,Stock 26,0.16795949637889862
9,21,-0.009696679189801216,0.0030405307188630104,-418.91403463363906,0.4893501102924347,0.506801187992096,0.4851486384868622,0.45592719316482544,0.5041078329086304,0.570621132850647,0.5093799829483032,0.42872780561447144,Stock 56,0.14275355637073517,Stock 92,0.1423705816268921,Stock 10,0.33515533804893494
9,22,0.017186690121889114,0.008862877264618874,93.91772681428627,0.3726678192615509,0.3972528874874115,0.41821524500846863,0.4332975745201111,0.5843223929405212,0.46063482761383057,0.4869406223297119,0.3821426033973694,Stock 49,0.24799808859825134,Stock 26,0.1649949848651886,Stock 20,0.16369226574897766
9,23,-0.007219992578029633,0.00345235806889832,-309.13220569654294,0.5642874836921692,0.5245584845542908,0.45995593070983887,0.33394864201545715,0.5284609794616699,0.4729669392108917,0.4988367259502411,0.4362277090549469,Stock 79,0.14207112789154053,Stock 41,0.1655678004026413,Stock 97,0.25070643424987793
9,24,0.004788189195096493,0.0016592723550274968,188.5716248202752,0.545574963092804,0.5532028675079346,0.4754183888435364,0.44771459698677063,0.4843869209289551,0.642255961894989,0.5491708517074585,0.47616907954216003,Stock 39,0.19992317259311676,Stock 19,0.1424104869365692,Stock 7,0.14275963604450226
9,25,-0.02670636959373951,0.002959109377115965,-1002.5137698616712,0.5376501083374023,0.5531217455863953,0.4097920060157776,0.4381004571914673,0.4367145001888275,0.6528912782669067,0.5466410517692566,0.5108999013900757,Stock 82,0.332179993391037,Stock 9,0.20318321883678436,Stock 55,0.1686997264623642
9,26,-0.006773984991014004,0.005907206330448389,-214.67324166582515,0.5078975558280945,0.5774364471435547,0.354279100894928,0.5609034299850464,0.1819332093000412,0.7444487810134888,0.4548220634460449,0.5453643798828125,Stock 20,0.1654476672410965,Stock 49,0.25064340233802795,Stock 87,0.20011648535728455
9,27,0.009083648212254047,0.0020030015148222446,353.5018144037785,0.596333920955658,0.5932518839836121,0.5282468199729919,0.33227548003196716,0.5462333559989929,0.37507909536361694,0.45893558859825134,0.4399997591972351,Stock 7,0.14272166788578033,Stock 0,0.24932201206684113,Stock 86,0.50054532289505
9,28,-0.0019423000048846006,0.0021852634381502867,-188.881732562581,0.45923152565956116,0.41992565989494324,0.40097787976264954,0.36158573627471924,0.53343266248703,0.48772576451301575,0.4951320290565491,0.39738884568214417,Stock 67,0.20079301297664642,Stock 33,0.1665666401386261,Stock 37,0.1665666401386261
9,29,0.0005822689272463322,0.003149497089907527,-81.5123205189744,0.45662885904312134,0.43595215678215027,0.473745197057724,0.40956753492355347,0.4487576186656952,0.44548362493515015,0.4176909327507019,0.3539486229419708,Stock 79,0.14143963158130646,Stock 41,0.16481375694274902,Stock 97,0.24959340691566467
9,30,0.003111229045316577,0.00567594775930047,-45.185735012825084,0.33334657549858093,0.32437488436698914,0.4088098108768463,0.4532558023929596,0.4434572160243988,0.44950276613235474,0.40062838792800903,0.3108552396297455,Stock 90,0.33358168601989746,Stock 48,0.5004814863204956,Stock 5,0.16605277359485626
9,31,-0.029319990426301956,0.0016857157461345196,-1839.3199591055034,0.5632120966911316,0.5849751830101013,0.589412271976471,0.4493434727191925,0.6148768663406372,0.5715546607971191,0.5581862926483154,0.44226381182670593,Stock 72,0.1681317389011383,Stock 82,0.3343992829322815,Stock 74,0.2012772560119629
9,32,-0.011240648105740547,0.0031475708819925785,-457.12136524228566,0.5168347954750061,0.5584763288497925,0.4611847698688507,0.4929106533527374,0.39978739619255066,0.640887975692749,0.5061192512512207,0.4811239540576935,Stock 75,0.2513573169708252,Stock 4,0.2503708302974701,Stock 77,0.2513565719127655
9,33,-0.017773061990737915,0.001347880344837904,-1418.5934536997274,0.4253405034542084,0.48778530955314636,0.3454098701477051,0.4702620506286621,0.3811088502407074,0.5656154155731201,0.47123029828071594,0.48651304841041565,Stock 67,0.20092546939849854,Stock 37,0.16667652130126953,Stock 83,0.20035076141357422
9,34,-0.01757001504302025,0.003007630817592144,-684.1812412697145,0.4684865176677704,0.46362364292144775,0.4540136754512787,0.4333103597164154,0.49784424901008606,0.5539202690124512,0.49893155694007874,0.4087563157081604,Stock 73,0.32956549525260925,Stock 47,0.3361774682998657,Stock 12,0.24799910187721252
9,35,-0.02128790318965912,0.0008236987632699311,-2684.4282083355447,0.49769917130470276,0.5388075709342957,0.40760037302970886,0.43502482771873474,0.5248880386352539,0.599618673324585,0.557951033115387,0.5082095265388489,Stock 15,0.24959039688110352,Stock 80,0.12457779049873352,Stock 42,0.4978810250759125
9,36,0.003889699000865221,0.0037150958087295294,4.699830128887082,0.4658290147781372,0.4529167115688324,0.38272443413734436,0.43269020318984985,0.38140395283699036,0.5940498113632202,0.47603312134742737,0.4318125247955322,Stock 56,0.14163807034492493,Stock 21,0.16514888405799866,Stock 100,0.2502656877040863
9,37,-0.017773058265447617,0.001712254947051406,-1137.9913514663087,0.4414142370223999,0.431770920753479,0.30736786127090454,0.41370275616645813,0.3953928053379059,0.6178895235061646,0.5098238587379456,0.47031131386756897,Stock 33,0.16670092940330505,Stock 83,0.2003801316022873,Stock 67,0.20095489919185638
9,38,-0.0034235846251249313,0.002631918992847204,-230.07940724730682,0.3152509033679962,0.3325319290161133,0.4196873605251312,0.560185968875885,0.35271748900413513,0.5914292931556702,0.41136083006858826,0.32325270771980286,Stock 51,0.3313060700893402,Stock 47,0.33217084407806396,Stock 2,0.16507436335086823
9,39,0.004160537384450436,0.0024929249193519354,66.89381024487554,0.34003567695617676,0.40760499238967896,0.366738498210907,0.43776896595954895,0.46406522393226624,0.3544377088546753,0.3908728361129761,0.3935457170009613,Stock 7,0.14289836585521698,Stock 19,0.14254887402057648,Stock 24,0.2500734329223633
9,40,-0.01030007191002369,0.002262749243527651,-555.2016508009418,0.6116439700126648,0.6204639673233032,0.5534368753433228,0.5430065393447876,0.2950510084629059,0.757203996181488,0.5085251331329346,0.47684040665626526,Stock 16,0.2466719150543213,Stock 56,0.14230474829673767,Stock 78,0.4953044056892395
9,41,-0.013333871960639954,0.0018497329438105226,-820.8538943557794,0.45506322383880615,0.5348710417747498,0.5019668936729431,0.4433554708957672,0.7213837504386902,0.48959973454475403,0.5811728239059448,0.46688979864120483,Stock 79,0.14326900243759155,Stock 1,0.33116036653518677,Stock 23,0.25170227885246277
9,42,-0.01368764415383339,0.0028819565195590258,-574.9427710286124,0.57015460729599,0.5469905138015747,0.5131658315658569,0.42251497507095337,0.4222859740257263,0.5797868371009827,0.48304879665374756,0.42702987790107727,Stock 35,0.16632942855358124,Stock 15,0.25171491503715515,Stock 91,0.20211951434612274
9,43,0.014287399128079414,0.007255143951624632,96.92785178824828,0.4162486791610718,0.46590331196784973,0.3626638650894165,0.495971143245697,0.41085338592529297,0.6339351534843445,0.5085188746452332,0.47291767597198486,Stock 89,0.19995541870594025,Stock 70,0.5004023909568787,Stock 24,0.24950464069843292
9,44,-0.0050970409065485,0.005545711610466242,-191.90959185344258,0.4851427972316742,0.48937273025512695,0.45471394062042236,0.4117096960544586,0.4852069914340973,0.4967249929904938,0.47273409366607666,0.4175499975681305,Stock 26,0.16674813628196716,Stock 58,0.25082892179489136,Stock 87,0.2001143991947174
9,45,-0.024333136156201363,0.002020091749727726,-1304.555989077281,0.6488530039787292,0.594495952129364,0.5667241811752319,0.3851386606693268,0.5475183725357056,0.6427533626556396,0.5777637362480164,0.454063355922699,Stock 13,0.16783857345581055,Stock 41,0.16839416325092316,Stock 1,0.3339974284172058
9,46,-0.0025269717443734407,0.0027427305467426777,-192.1334305834207,0.3887714445590973,0.4031603932380676,0.3860051929950714,0.46372586488723755,0.4509480595588684,0.5556402802467346,0.4751727879047394,0.4005914628505707,Stock 7,0.14367693662643433,Stock 94,0.5014047622680664,Stock 0,0.25101593136787415
9,47,0.0021501202136278152,0.002246619202196598,-4.295297951447774,0.3282484710216522,0.4112183153629303,0.3162147104740143,0.46386027336120605,0.45913904905319214,0.44674769043922424,0.442158579826355,0.4442457854747772,Stock 38,0.1984506994485855,Stock 34,0.24530421197414398,Stock 2,0.16481631994247437
9,48,0.004788724705576897,0.0034243331756442785,39.84400640793114,0.4623982906341553,0.5017930269241333,0.4174896478652954,0.4656243920326233,0.4257529675960541,0.5698471069335938,0.483329176902771,0.45631125569343567,Stock 30,0.33290618658065796,Stock 90,0.33290672302246094,Stock 5,0.16570889949798584
9,49,-0.0030686664395034313,0.005514560267329216,-155.6466207774284,0.548569917678833,0.534858763217926,0.5414879322052002,0.458956778049469,0.46865856647491455,0.6202945709228516,0.5120889544487,0.4159533679485321,Stock 87,0.20062260329723358,Stock 20,0.16586607694625854,Stock 26,0.16717161238193512
9,50,-0.018725473433732986,0.00418086489662528,-547.8851600502053,0.508162796497345,0.5314642190933228,0.4482657313346863,0.40423980355262756,0.5871089696884155,0.5400534272193909,0.5521314144134521,0.47523507475852966,Stock 99,0.4999232590198517,Stock 21,0.16772380471229553,Stock 56,0.1438605934381485
9,51,-0.004957203753292561,0.001850814325734973,-367.8390632903717,0.5510079860687256,0.5307947993278503,0.5086314082145691,0.48067453503608704,0.41838568449020386,0.6982935667037964,0.5339578986167908,0.4376593828201294,Stock 2,0.16711005568504333,Stock 38,0.2011900544166565,Stock 72,0.16564351320266724
9,52,-0.020446214824914932,0.004376523196697235,-567.1794003135815,0.535259485244751,0.5128609538078308,0.5072187781333923,0.3720797002315521,0.48746049404144287,0.43067365884780884,0.44177764654159546,0.3917092978954315,Stock 64,0.25325635075569153,Stock 98,0.2519664168357849,Stock 79,0.14449822902679443
9,53,-0.016252752393484116,0.0023660624865442514,-786.9113764286947,0.5110560059547424,0.5151920914649963,0.43238410353660583,0.3903931975364685,0.545543372631073,0.5347902774810791,0.5321940779685974,0.4633561074733734,Stock 92,0.1436217725276947,Stock 57,0.16811755299568176,Stock 84,0.1673247516155243
9,54,-0.008384887129068375,0.0021488650236278772,-490.2007355916832,0.5642848014831543,0.5317890644073486,0.4833269417285919,0.40160247683525085,0.49721986055374146,0.6075841188430786,0.5378960967063904,0.44616761803627014,Stock 84,0.16850416362285614,Stock 16,0.25138407945632935,Stock 53,0.1442795842885971
9,55,-0.009159193374216557,0.001758374972268939,-620.8896577046868,0.5765411853790283,0.5829406380653381,0.5739151239395142,0.3732125163078308,0.6479132771492004,0.445054829120636,0.5262027382850647,0.4326373338699341,Stock 62,0.20078903436660767,Stock 60,0.3348981738090515,Stock 93,0.12571243941783905
9,56,-0.009026961401104927,0.0019190545426681638,-570.3858697290731,0.5165727734565735,0.5305046439170837,0.4178107678890228,0.40052422881126404,0.5051721930503845,0.5530767440795898,0.5268310904502869,0.4820312261581421,Stock 21,0.16780859231948853,Stock 40,0.1675790548324585,Stock 92,0.1435471922159195
9,57,-0.005743593443185091,0.0037817247211933136,-251.87761845798008,0.4272533357143402,0.4738600552082062,0.3878343105316162,0.43576350808143616,0.5933512449264526,0.5590532422065735,0.5605870485305786,0.4757367968559265,Stock 53,0.14112932980060577,Stock 92,0.141476109623909,Stock 84,0.16482499241828918
9,58,-0.005235624965280294,0.004630336072295904,-213.07224537341764,0.4166620075702667,0.44494080543518066,0.37292012572288513,0.43267229199409485,0.45669642090797424,0.5116384029388428,0.4714542329311371,0.43493473529815674,Stock 77,0.248665913939476,Stock 75,0.24866363406181335,Stock 44,0.3317940831184387
9,59,0.01326950453221798,0.00298647815361619,344.31949104166534,0.4973258376121521,0.5001620054244995,0.3175297677516937,0.3580957055091858,0.4774263799190521,0.550872266292572,0.533855676651001,0.51645427942276,Stock 18,0.24990256130695343,Stock 85,0.333161860704422,Stock 61,0.24990256130695343
9,60,-0.009864420630037785,0.00369633873924613,-366.87003886580044,0.5907368659973145,0.5739898681640625,0.45367249846458435,0.3538967967033386,0.49990347027778625,0.5259698033332825,0.5194247364997864,0.48400768637657166,Stock 62,0.19999228417873383,Stock 55,0.16686208546161652,Stock 93,0.1252135932445526
9,61,0.013269510120153427,0.002234065206721425,493.9625253654495,0.42042630910873413,0.43268752098083496,0.46232154965400696,0.3896779716014862,0.5080040693283081,0.33576974272727966,0.3938998579978943,0.35279586911201477,Stock 18,0.2499064803123474,Stock 83,0.19700314104557037,Stock 59,0.2499064803123474
9,62,-0.010811926797032356,0.006511206738650799,-266.05104446849,0.5153682827949524,0.5106192231178284,0.5079085230827332,0.3847324550151825,0.5438392758369446,0.44007623195648193,0.46999821066856384,0.40084323287010193,Stock 55,0.16584323346614838,Stock 60,0.3315325379371643,Stock 93,0.12444905191659927
9,63,0.008832128718495369,0.005443486385047436,62.25132376111204,0.42409566044807434,0.4193933308124542,0.3264041841030121,0.39561739563941956,0.4586670696735382,0.5429180860519409,0.49764284491539,0.4456006586551666,Stock 97,0.24929863214492798,Stock 10,0.33230987191200256,Stock 29,0.24935296177864075
9,64,-0.0047241211868822575,0.0033605480566620827,-240.57591521469166,0.44634929299354553,0.4178261160850525,0.3465574383735657,0.3666217625141144,0.554966390132904,0.5551354289054871,0.547932505607605,0.44317036867141724,Stock 98,0.246542826294899,Stock 52,0.32753485441207886,Stock 84,0.1645772010087967
9,65,0.02507191337645054,0.003681439207866788,581.0356483104464,0.43597984313964844,0.4633442163467407,0.34013646841049194,0.3953668475151062,0.48067381978034973,0.49810895323753357,0.4918264150619507,0.4699624478816986,Stock 64,0.24697500467300415,Stock 57,0.16479884088039398,Stock 54,0.3279919922351837
9,66,-0.003222472034394741,0.00423078890889883,-176.16716654467808,0.5589419603347778,0.5041713714599609,0.44851794838905334,0.33524832129478455,0.48816201090812683,0.4874782860279083,0.48511800169944763,0.42265060544013977,Stock 3,0.49665847420692444,Stock 76,0.19946607947349548,Stock 9,0.1991957575082779
9,67,-0.011487898416817188,0.002656382042914629,-532.4640895483718,0.47802650928497314,0.4734458327293396,0.47197064757347107,0.43667078018188477,0.5888400077819824,0.6014567613601685,0.5630543828010559,0.42540091276168823,Stock 33,0.1654013842344284,Stock 28,0.33364933729171753,Stock 37,0.1654013842344284
9,68,-0.022765561938285828,0.0025648269802331924,-987.6061470710198,0.5646071434020996,0.5232701897621155,0.4723869562149048,0.44025397300720215,0.45315316319465637,0.7088503241539001,0.5672018527984619,0.45662736892700195,Stock 83,0.2038196176290512,Stock 37,0.16956232488155365,Stock 33,0.16956232488155365
9,69,-0.022798191756010056,0.005854023154824972,-489.44485105460245,0.40300968289375305,0.4435085654258728,0.389780730009079,0.3864534795284271,0.5297510027885437,0.36200517416000366,0.4335033893585205,0.4116173982620239,Stock 74,0.19849058985710144,Stock 11,0.24851001799106598,Stock 13,0.16636522114276886
9,70,0.019696831703186035,0.004333819262683392,354.4913045356269,0.43908047676086426,0.43646788597106934,0.39858755469322205,0.3493448495864868,0.44111841917037964,0.3234466016292572,0.3759145140647888,0.37768176198005676,Stock 89,0.19963385164737701,Stock 43,0.24948865175247192,Stock 80,0.12325555831193924
9,71,-0.06717471778392792,0.007166057825088501,-1037.4012800838418,0.3910975754261017,0.26602739095687866,0.47378093004226685,0.3855624794960022,0.5554049015045166,0.5439690947532654,0.4808298647403717,0.24804963171482086,Stock 35,0.1728951632976532,Stock 80,0.13059765100479126,Stock 20,0.17326964437961578
9,72,-0.021805142983794212,0.001548115280456841,-1508.4960764265325,0.4403808116912842,0.42843857407569885,0.3673063814640045,0.5014582276344299,0.27916184067726135,0.6915276050567627,0.46329617500305176,0.4243108332157135,Stock 2,0.1687469184398651,Stock 17,0.3350033164024353,Stock 31,0.3325120508670807
9,73,-0.02822699397802353,0.005997660104185343,-570.6334385025572,0.6970087885856628,0.6924112439155579,0.4834394156932831,0.3597647249698639,0.5542058348655701,0.6713669896125793,0.6344454884529114,0.5934925079345703,Stock 34,0.25339365005493164,Stock 12,0.2526574730873108,Stock 52,0.33770355582237244
9,74,-0.02478618547320366,0.003708746051415801,-768.3171381804806,0.6726162433624268,0.6493588089942932,0.7342310547828674,0.41161200404167175,0.6517201662063599,0.518406331539154,0.5376169085502625,0.38990557193756104,Stock 69,0.24944469332695007,Stock 11,0.24944466352462769,Stock 13,0.16699092090129852
9,75,-0.006110455375164747,0.004300814587622881,-242.07669851078327,0.6496182084083557,0.6207464933395386,0.519348680973053,0.38208824396133423,0.4624393880367279,0.6104135513305664,0.5368361473083496,0.4884788393974304,Stock 58,0.25028637051582336,Stock 77,0.25011566281318665,Stock 44,0.3337412178516388
9,76,-0.0017703835619613528,0.007294486742466688,-124.27015942951299,0.24171210825443268,0.305521160364151,0.4061131477355957,0.6126248836517334,0.2645591199398041,0.47115612030029297,0.3030765950679779,0.289409875869751,Stock 93,0.12403898686170578,Stock 9,0.1990882307291031,Stock 66,0.3317442536354065
9,77,-0.006110434886068106,0.0030863070860505104,-297.98531758832576,0.3512748181819916,0.3534926474094391,0.5248312950134277,0.4430882930755615,0.5214697122573853,0.32345595955848694,0.3595564365386963,0.2679906189441681,Stock 58,0.2500324249267578,Stock 75,0.24986261129379272,Stock 87,0.1994789093732834
9,78,-0.01679721660912037,0.0017896756762638688,-1038.5620440562884,0.36006054282188416,0.3522404730319977,0.47389400005340576,0.4948578178882599,0.3300929367542267,0.4468541145324707,0.3365485668182373,0.2845743000507355,Stock 40,0.16882434487342834,Stock 16,0.25134891271591187,Stock 88,0.25463905930519104
9,79,-0.011967298574745655,0.004843601491302252,-347.0743845511561,0.44423404335975647,0.4929472804069519,0.44704318046569824,0.4300568401813507,0.6324336528778076,0.5066004395484924,0.5468711853027344,0.4523181915283203,Stock 41,0.1654403656721115,Stock 29,0.2505556344985962,Stock 23,0.24940569698810577
9,80,-0.007671316619962454,0.004141964018344879,-285.20963933983904,0.3954673707485199,0.5087615251541138,0.47724923491477966,0.4978805482387543,0.5197792053222656,0.40864109992980957,0.43312492966651917,0.42471688985824585,Stock 91,0.19898182153701782,Stock 89,0.2003323882818222,Stock 35,0.16372819244861603
