time_id,0,1,2,3,4,5,6,7,8,9,10,11,12,13,14,15,16,17,18,19,20,21,22,23,24,25,26,27,28,29,30,31,32,33,34,35,36,37,38,39,40,41,42,43,44,45,46,47,48,49,50,51,52,53,54,55,56,57,58,59,60,61,62,63,64,65,66,67,68,69,70,71,72,73,74,75,76,77,78,79,80,81,82,83,84,85,86,87,88,89,90,91,92,93,94,95,96,97,98,99,100,101
3446,-0.0153288226574659,0.0033942237496376,-0.0191727168858051,-0.006737588904798,0.0066472887992858,0.0049800048582255,-0.0365177579224109,-0.0239073447883129,-0.0006496859714388,0.0034834118559956,0.007300236262381,0.0095667811110615,0.0152998594567179,0.0021044313907623,-0.0006494165863841,-0.0130360573530197,-0.0050291800871491,-0.0160834230482578,-0.0030514257960021,-0.0292732790112495,-0.0068749585188925,0.0019396488787606,-0.0153146302327513,0.0099343741312623,-0.0248856656253337,0.0154982088133692,-0.0156636256724596,-0.0260220058262348,-0.016930466517806,0.0083603076636791,0.0045031560584902,-0.0050061517395079,0.0066472832113504,-0.0076407045125961,0.0204522311687469,-0.0009336636867374,0.0068755890242755,-0.0076407054439187,-0.015508173033595,-0.0204382203519344,-0.0100457184016704,0.0049541392363607,-0.0053969593718647,-0.0233510099351406,-0.0128921503201127,0.0016735492972657,-0.0119962049648165,-0.0018356116488575,0.0045845387503504,-0.0176706667989492,-0.0056531042791903,-0.028781022876501,0.0164184402674436,-0.0039072684012353,0.0031546098180115,0.0021514478139579,-0.0009350696345791,-0.0117702148854732,-0.0116627272218465,-0.0030514283571392,0.0033667718525975,-0.0030514290556311,-0.0060681449249386,0.0115082021802663,-0.0023919914383441,-0.0013450442347675,-0.007574597839266,-0.0083159087225794,-0.0062499498017132,0.0095668099820613,-0.0130000254139304,0.0394922792911529,-0.0144087877124547,0.0253387931734323,0.0061538117006421,-0.005616620182991,-0.0037318812683224,-0.0056165782734751,-0.0219053700566291,0.0107949133962392,-0.010475106537342,0.0051777609623968,0.0078234765678644,-0.0069394223392009,-0.005945292301476,-0.0023480330128222,-0.0289298091083765,-0.0155022274702787,-0.0214585624635219,-0.0204414408653974,0.0045031527988612,-0.0164980255067348,-0.0041285157203674,-0.0063533522188663,-0.0071132336743175,-0.0257876589894294,-0.0138326836749911,0.0079524684697389,-0.0031089605763554,-0.0056531042791903,-0.0120398383587598,-0.0312133803963661
3447,-0.0063898609951138,0.0009420127607882,-0.0168844684958457,0.0354492738842964,-0.0010899412445724,0.0119008384644985,-0.0369692221283912,-0.0158637724816799,-0.0097904577851295,0.0300238355994224,-0.0150221427902579,0.0076549323275685,-0.0131583902984857,0.0064939698204398,-7.960776565596461e-05,-0.0048113539814949,-0.0198671333491802,-0.0070797479711472,-0.0262870844453573,-0.0234131719917058,-0.017430804669857,0.0010761488229036,-0.0208502616733312,-0.0054703974165022,-0.0250331852585077,0.0380734167993068,-0.0178265813738107,-0.0149609632790088,-0.0058299889788031,-0.0159040987491607,0.0260715708136558,0.0043627824634313,-0.001089941477403,-0.0147231509909033,-0.0212883707135915,-0.0066807884722948,0.0063784569501876,-0.0147231388837099,-0.014188234694302,-0.0139707224443554,-0.0105290729552507,-0.0035204086452722,-0.0010510843712836,-0.0302101634442806,-0.0244711991399526,0.0048851454630494,-0.0031102434732019,-0.0259166061878204,0.0284767597913742,-0.0202815327793359,-0.0048963390290737,-0.0157656650990247,0.0023466418497264,-0.0087837958708405,-0.0056115337647497,0.0089610181748867,-0.0014585342723876,-0.009881392121315,-0.0223185755312442,-0.0262870825827121,-0.0092208497226238,-0.0262870788574218,-0.0130198495462536,-0.0291468817740678,0.0018293056637048,-0.01556196808815,0.0303846299648284,-0.0074426890350878,-0.0172409433871507,0.0076549635268747,-0.0332288965582847,-0.0127966636791825,-0.0029801675118505,-0.0150228161364793,0.0047897337935864,-0.0180693436414003,0.0260924957692623,-0.018069289624691,-0.0248476453125476,0.000417350558564,-0.0140150319784879,0.0036604986526072,0.0230665374547243,-0.0191275049000978,-0.0026489631272852,-0.0271076001226902,-0.0211262237280607,-0.0182593893259763,-0.0062681776471436,-0.019417431205511,0.0260715670883655,-0.0068795476108789,-0.0081282965838909,0.0028604005929082,-0.0015313655603677,-0.0041051218286156,-0.0153655651956796,-0.0151414051651954,0.0079745817929506,-0.0048963390290737,0.0108994413167238,-0.0257244780659675
3448,-0.011956893838942,-0.0082531329244375,-0.0147224115207791,-0.012178624048829,0.0078595522791147,0.0150631535798311,-0.0388479568064212,-0.0288249626755714,-0.0240177176892757,0.0078943902626633,-0.0105443336069583,0.0099343582987785,0.001494177384302,0.0109641533344984,0.0117366258054971,-0.0197205655276775,0.0020657230634242,0.0066301035694777,0.0042717843316495,-0.0347798019647598,0.0061303908005356,0.0019389170920476,-0.0056565855629742,0.0047664730809628,-0.034567579627037,0.0453659892082214,-0.0033795156050473,-0.031625110656023,-0.0216035321354866,-0.0065495995804667,0.0238731950521469,0.0190097875893116,0.0078595476225018,-0.0160748250782489,-0.00986810028553,-0.0030573890544474,0.0010933065786957,-0.0160748269408941,-0.0174638293683528,-0.0227863956242799,0.003035410773009,-0.0025616469793021,-0.0158199295401573,-0.0352989770472049,-0.0169030055403709,-0.0026572740171104,-0.0060522351413965,-0.0236024186015129,0.0264964792877435,-0.0008045728900469,-0.0001144583366112,-0.0208562761545181,0.0160799417644739,-0.0055262949317693,-0.0029323352500796,0.0081453137099742,0.0012861830182373,-0.0084950188174843,-0.0141609460115432,0.0042717764154076,0.0017906378488987,0.0042717750184237,-0.0071693188510835,-0.0197964869439601,0.009922538883984,-0.008030479773879,-0.0120816472917795,-0.016466898843646,-0.0049441349692642,0.0099343620240688,-0.0398833230137825,0.033522605895996,0.0061688255518674,0.0019930568523705,0.0116821210831403,-0.0052022919990122,-0.0069269253872334,-0.0052022580057382,0.0039451760239899,0.0067458283156156,-0.009669660590589,0.0093631921336054,0.0364555902779102,-0.0078485086560249,-0.0017042835243046,0.0051730424165725,-0.0422427989542484,-0.0054158917628228,0.0009471466764807,-0.0250053443014621,0.023873196914792,-0.0195755288004875,-0.0040469756349921,-0.0077750105410814,-0.0009961510077118,-0.0054921563714742,-0.0153479669243097,-0.0040666880086064,0.0128429159522056,-0.0001144583366112,0.0034622158855199,-0.0312242954969406
3449,-0.0201598834246397,-0.0132897244766354,-0.0112280258908867,0.0238268543034791,0.0006196618778631,-0.0045771584846079,-0.0337697975337505,-0.0319495536386966,-0.0181551370769739,0.0134081374853849,-0.0561595559120178,-0.0016210371395573,-0.0088584488257765,-0.0007780806627124,0.0053401999175548,-0.0157025568187236,-0.0038535837084054,0.0022703835275024,-0.0324137695133686,-0.0336138531565666,-0.0110764000564813,-0.0109431901946663,-0.0036333007737994,-0.0189340449869632,-0.0288598369807004,0.0011584061430767,-0.0040059364400804,-0.0386265702545642,-0.0354739353060722,-0.0509139709174633,-0.009501514956355,-0.0034978436306118,0.0006196586764417,-0.0351750515401363,-0.0160063970834016,-0.0216675326228141,-0.018297366797924,-0.035175047814846,-0.0142057202756404,-0.0237970873713493,-0.0046838517300784,-0.016082476824522,-0.0152507349848747,-0.0366184823215007,0.0012258882634341,-0.0073424284346401,-0.0139705445617437,-0.0240769609808921,-0.0099352383986115,-0.0004039595369249,-0.0107848914340138,-0.0150776542723178,0.006654049269855,-0.0055321366526186,-0.0077046053484082,-0.0016508620465174,-0.0113332476466894,-0.0100935362279415,0.0022867962252348,-0.0324137657880783,-0.0077723879367113,-0.0324137695133686,-0.0111249526962637,-0.1105063408613205,0.0030049663037061,-0.0230512470006942,0.0201550666242837,-0.0309801064431667,-0.03147729113698,-0.0016210356261581,-0.0452129952609539,-0.0500928051769733,-0.0020141177810728,-0.0100806122645735,-0.0014705553185194,0.0049189110286533,0.0161033663898706,0.0049189021810889,-0.0028737531974911,-0.0129678510129451,-0.0245496835559606,-0.0018822293495759,0.0004830754187423,-0.0336033292114734,-0.0006999572506174,-0.0323111116886138,-0.0546738728880882,-0.0003341180854476,-0.010694989003241,-0.0277681872248649,-0.0095015121623873,-0.0173389054834842,-0.0065901814959943,-0.0002568050986155,-0.0138743221759796,-0.0220955442637205,-0.0149076720699667,-0.0495842285454273,0.0118371872231364,-0.0107848914340138,-0.0089086536318063,-0.0289466306567192
3450,-0.0215121917426586,-0.007206343114376,-0.0042434460483491,0.0106856012716889,-0.0019428289961069,0.0074234828352928,-0.0374565236270427,-0.024967223405838,-0.0097943898290395,0.0059394147247076,0.0027663968503475,-0.0046306988224387,0.0143998460844159,-0.0070404144935309,-0.0009401305578649,-0.0040562702342867,-0.0044361511245369,-0.0072207199409604,-0.0078032524324953,-0.0309854857623577,0.0036329857539385,0.0107609638944268,0.0028239209204912,0.005856386385858,-0.0157738700509071,0.0059378561563789,0.0054109888151288,-0.0282165054231882,-0.0064804544672369,0.0088644735515117,0.0149265052750706,-0.0055878534913063,-0.0019428299274295,-0.0127012804150581,0.0183668211102485,-0.0021257842890918,0.0082317292690277,-0.0127012822777032,-0.0033866539597511,-0.0226464420557022,-0.0014844055986031,0.0022660742979496,0.0009924378246068,0.0102716814726591,-0.0083386823534965,-0.0095669543370604,-0.0218889117240905,0.0086666829884052,0.015474846586585,0.0089216008782386,0.0118562253192067,-0.0064727407880127,0.007622989360243,-0.0095743592828512,-0.0007015918381512,0.0039179604500532,0.0081144655123353,-0.0091469222679734,-0.009109585545957,-0.007803251966834,0.0121458433568477,-0.0078032501041889,-0.0018803854472935,0.0031944336369633,-0.0014567280886694,0.0118952635675668,0.0067346831783652,-0.0058368733152747,-0.0189836546778678,-0.0046306969597935,0.0340035296976566,-0.0182256642729043,-0.006193152628839,0.0212065242230892,-0.0054330164566636,-0.0090564647689461,0.005234882235527,-0.0090564647689461,-0.0066480324603617,0.0066585829481482,0.0033116836566478,0.0034101961646229,0.001055697677657,-0.0142353307455778,-0.00974977388978,-0.0072154402732849,-0.0288310088217258,0.0026817694306373,-0.0037487731315195,0.0139472335577011,0.0149265108630061,0.0013019724283367,-0.0041479994542896,0.0002653960254974,-0.0186041500419378,-0.0091714039444923,-0.0144434422254562,0.0094745680689811,-0.0074920989573001,0.0118562253192067,0.003617106936872,-0.0363626927137374
3451,-0.0153392972424626,0.014669912867248,0.0246015079319477,0.0037532157730311,0.0274833440780639,0.0159932672977447,0.0305866114795207,-0.0139901172369718,0.0344226509332656,0.008186537772417,0.0156933385878801,0.0111851058900356,0.0044649341143667,0.0238038524985313,0.03674828261137,0.0371988490223884,0.0135218705981969,0.0462199337780475,-0.0134893637150526,-0.0062919938936829,-0.0034385167527943,0.0338134057819843,0.0243418626487255,0.0264184921979904,0.0159617122262716,-0.0002783464733511,-0.002156563103199,-0.0276252925395965,0.0174899362027645,0.0240324959158897,0.0022022249177098,0.000264014583081,0.0274833422154188,-0.0006600494962185,-0.0104960277676582,0.0193630252033472,0.0215738620609045,-0.0006600173655897,0.0211599040776491,-0.0040840660221874,0.0275837760418653,0.0263896323740482,0.0376999750733375,0.0208459291607141,-0.0206827521324157,0.0203632116317749,-0.0135275293141603,0.0062964977696537,-0.0034665083512663,0.0046944431960582,0.0516773909330368,0.0233453065156936,-0.0174278263002634,0.0097662536427378,-0.0034205373376607,-0.0045704063959419,0.0348374657332897,0.0094046723097562,-0.0189047660678625,-0.0134893618524074,-0.0083901658654212,-0.0134893227368593,-0.0058922758325934,-0.0067369285970926,-0.0059416303411126,-0.0015463465824723,0.0078082475811243,0.010064554400742,-0.0064260005019605,0.0111851328983902,0.0123861534520983,-0.0385546945035457,0.0157880969345569,-0.0166107378900051,0.0073651885613799,-0.0060987183824181,0.008315535262227,-0.0060987123288214,0.0172864142805337,0.0178966298699378,0.0177076645195484,0.0258302558213472,-0.0027903264854103,-0.0071119614876806,0.0016732898075133,-0.0119004705920815,-0.0347522050142288,-0.0101468916982412,0.0289801396429538,0.0253115743398666,0.0022022235207259,0.0364456325769424,0.0191053189337253,0.0004954891046509,-0.0107689127326011,0.0404274761676788,0.0200511217117309,0.0282500777393579,-0.0070213763974606,0.0516773909330368,0.0356406904757022,-0.0075272312387824
3452,-0.0035135792568325,-0.013262839987874,-0.0136704985052347,0.0135436989367008,-0.006854853592813,-0.0010189003078266,-0.0357936397194862,-0.0129312630742788,-0.0259935818612575,0.0153029924258589,-0.0164255313575267,-0.0013094070600345,-0.0219139009714126,-0.0030243783257901,-0.0013808999210596,-0.0091943107545375,-0.0151855750009417,0.0042420225217938,-0.0313993766903877,-0.0206279978156089,0.0048547373153269,-0.0050298729911446,-0.0185773242264986,-0.0036451751366257,-0.018629778176546,0.0334111079573631,0.0023689488880336,-0.0152098257094621,-0.01194469910115,-0.0117009719833731,0.0056925220414996,0.0169405061751604,-0.0068548563867807,-0.0305091328918933,-0.0306013505905866,0.0021258252672851,-0.0055718421936035,-0.0305091347545385,-0.0212568938732147,-0.0080564608797431,-0.0130106518045067,-0.0095827737823128,-0.0039526503533124,-0.0081427320837974,0.0048272805288434,-0.0119585739448666,0.0009647668339312,-0.0348826944828033,0.0064862291328608,-0.0009941793978214,-0.0042904801666736,-0.0195821896195411,0.0007140971720218,-0.0015369807370007,0.0102607170119881,4.2796600610017776e-05,-0.006848169490695,-0.0031673463527113,0.0059979329816997,-0.0313993766903877,-0.0185621157288551,-0.0313993766903877,-0.0200825463980436,-0.0243379641324281,0.0083089638501405,0.0004933830350637,0.0097502302378416,-0.0192751958966255,-0.039491519331932,-0.0013094219611957,-0.0004215375520288,0.024054680019617,0.0078737372532486,-0.02435152977705,0.0039029354229569,0.0026399493217468,0.00791154243052,0.0026399414055049,-0.0241191498935222,-0.0015561976470053,0.0038110213354229,-0.0047508096322417,0.030581034719944,-0.0343565270304679,0.0075982161797583,-0.0315380841493606,-0.0226275194436311,0.0066879708319902,-0.0073041706345975,-0.0006382192950695,0.0056925239041447,-0.0063149975612759,-0.0073151136748492,-0.0089628528803586,0.0052426382899284,-0.003123735776171,-0.0150787010788917,-0.0098754344508051,0.0143872490152716,-0.0042904801666736,0.0030877008102834,-0.0233904607594013
3453,-0.0104047805070877,-0.0045157899148762,0.0046615251339972,-0.0031735554803162,-0.008363053202629,-0.0074400519952178,-0.0427925921976566,-0.0325849540531635,1.852959394454956e-05,0.0018415657104924,0.0092232562601566,0.0060024885460734,0.0241524949669837,6.698141805827618e-05,0.0027046150062233,-0.0187347400933504,-0.0008982932195067,-0.0063695642165839,-0.000207595701795,-0.0397812947630882,-0.0181395187973976,0.0028721271082758,-0.0216769613325595,0.0037246388383209,-0.0300666037946939,0.0055755223147571,-0.0169282238930463,-0.0351583957672119,-0.0146284196525812,0.0043329303152859,-0.0066649047657847,-0.0049074445851147,-0.008363053202629,-0.00818357989192,0.0324843488633632,-0.0150050157681107,0.0208977200090885,-0.0081835864111781,0.0087446803227067,-0.0283334031701087,-0.0092958398163318,0.0002366628032177,-0.0140989487990736,-0.0150936804711818,-0.0093138422816991,-0.0059091369621455,-0.003810002002865,0.0209402944892644,-0.008100657723844,-0.0182789005339145,-0.0163752101361751,0.0047480231150984,0.0172974541783332,0.0029098708182573,0.012526623904705,-0.0037105046212673,-2.6536406949162483e-05,-0.0055297701619565,-0.0082731479778885,-0.000207596051041,-0.0059840120375156,-0.0002076014498015,-0.0122354961931705,0.008584969677031,0.0024500305298715,-0.0146381724625825,-0.0039663529023528,-0.0087793422862887,-0.0044491463340818,0.0060024885460734,0.0003988905809819,-0.0192530322819948,-0.0023721395991742,0.0337581411004066,0.0026170792989432,-0.0074815987609326,-0.0033419595565646,-0.0074815978296101,-0.0188210569322109,0.0049730399623513,-0.0163086894899606,-0.0071094902232289,8.526374585926533e-05,-0.0059184157289564,0.0095807276666164,5.382098606787622e-05,-0.0421575009822845,-0.0137238539755344,-0.0158916190266609,-0.0129421465098857,-0.0066649047657847,-0.0164415054023265,-0.0032988495659083,-0.0097214747220277,0.0039029223844408,-0.019650824368,-0.0126258013769984,0.0056650773622095,0.0107804965227842,-0.0163752101361751,-0.0033653085120022,-0.0367539227008819
3454,-0.0056847715750336,-0.002287809504196,0.0046312534250319,0.0122610032558441,0.0072447173297405,0.0076788272708654,-0.0353517793118953,-0.0342547856271266,-0.0086303781718015,0.0005107771139591,0.0050576962530612,-0.0066857114434242,0.0287044886499643,-0.0077029718086123,0.0059301126748323,-0.0023284647613763,0.0124903852120041,-0.006613852456212,-0.0084349466487765,-0.0420679114758968,-0.0162183959037065,0.0007801275351084,-0.0290337055921554,-0.0080639962106943,-0.0315907150506973,-0.0277229379862546,-0.0140341250225901,-0.0275670140981674,-0.0284616481512784,-0.0028531469870358,0.0087224366143345,-0.0183076709508895,0.0072447140701115,-0.0210558399558067,0.0397291891276836,-0.0052041346207261,0.00348566705361,-0.0210558399558067,0.0067150853574275,-0.0342747867107391,-0.0090247998014092,-0.0063474038615822,0.0070090116932988,-0.0099120298400521,-0.0067765675485134,-0.0011998657137155,0.0003928006626665,0.0235479474067688,0.0094670392572879,-0.0155160538852214,-0.0008240201277658,0.0014456098433583,0.0141506027430295,0.0073179556056857,0.0166078694164752,-0.0048270020633935,-0.0030215019360184,-0.0069489101879298,-0.0058292225003242,-0.0084349466487765,-0.0002819340443238,-0.0084349475800991,-0.0094389719888567,0.0150206889957189,-0.0046090129762887,-0.0140354745090007,0.0098296105861663,-0.0171864870935678,-0.0350045189261436,-0.0066857142373919,0.0074161565862596,-0.0201016478240489,-0.0071977428160607,0.0418298840522766,-0.0081109553575515,-0.0018358794040977,0.0072603458538651,-0.0018358858069404,-0.006849770899862,-0.002622970379889,-0.012079075910151,0.0067851068452,-0.0231097564101219,-0.0243579540401697,0.0085462071001529,-0.0087009938433766,-0.0307746268808841,-0.0085629587993025,-0.0295884180814027,-0.0096574425697326,0.0087224375456571,-0.0047992123290896,-0.0018918636487796,-0.0036032635252922,0.0047022332437336,-0.0494162067770957,-0.0163749437779188,-0.0024806829169392,0.0035595251247286,-0.0008240201277658,-0.0307190641760826,-0.0457005575299263
3455,-0.0095773106440901,-0.0030863755382597,0.0076966118067502,-0.0131212174892425,-0.0024074299726635,0.0093252621591091,-0.0379006043076515,-0.0015897068660706,-0.0230301134288311,-0.0179198570549488,-0.0045003006234765,-0.0071113375015556,-0.0130785005167126,-0.0083537735044956,-0.0092304060235619,-0.0122722182422876,0.0038459226489067,-0.0005588745698332,-0.0073165609501302,-0.0107348579913377,0.0055862353183329,-0.0062275202944874,-0.0120653612539172,0.0070367851294577,-0.0128910420462489,0.0327082350850105,0.0009559711907058,-0.0025571302976459,-0.0019953895825892,0.0067488458007574,0.0189778804779052,0.0397490486502647,-0.0024074371904134,0.0062777437269687,-0.0070158853195607,0.0014518704265356,-0.0059175780043005,0.0062777460552752,0.0050688004121184,-0.0036344053223729,-0.0019682976417243,0.001609718427062,-0.0040872017852962,-0.0101388301700353,-0.0097773745656013,-0.0086017157882452,-0.0115121230483055,-0.0013305945321917,0.0204878710210323,9.568966925144196e-05,-0.0068577630445361,0.007751187775284,-0.0072957128286361,0.001789916306734,0.0085605755448341,-0.0119978925213217,-0.0071041383780539,-0.0033809975720942,-0.0131797734647989,-0.0073165637440979,-0.0175306610763072,-0.0073165651410818,-0.0239607952535152,0.0034339912235736,-0.0025631729513406,0.0045963870361447,-0.0179414972662925,0.0035330492537468,0.0076182382181286,-0.0071113118901848,0.0033004032447934,0.0287317894399166,0.022330867126584,-0.0116804707795381,0.0036082845181226,-0.0155337220057845,-0.0208349134773015,-0.0155337210744619,-0.0009860484860837,0.0045160818845033,-0.0009191585704684,0.003766403067857,0.0375141128897666,0.0048564681783318,0.0032689478248357,-0.006860177963972,0.0021056274417787,-0.0020607244223356,-0.0034969174303114,-0.0062590828165411,0.0189778767526149,-0.0109422169625759,-0.0029002167284488,-0.0208834409713745,-0.0100240586325526,-0.0098142651841044,-0.0109149813652038,0.0063665211200714,-0.0005590548389591,-0.0068577630445361,-0.0065643051639199,-0.0206477008759975
3456,-0.0009181193890981,-0.005654954817146,-0.0238415785133838,0.0075198579579591,-0.0090027516707777,0.0117124496027827,-0.0339702442288398,0.0039435517974197,-0.024707743898034,-0.0166562814265489,0.0062525132670998,0.0087375463917851,-0.026137787848711,-0.0002529631601646,-0.0205847360193729,0.008757296949625,0.0123355071991682,-0.0166973769664764,-0.0387175753712654,-0.0068403207696974,0.0272539779543876,0.0068354299291968,-0.0056869555264711,0.0029775188304483,-0.0116844093427062,0.0215407758951187,0.0252709463238716,0.0051501188427209,-0.005182197317481,0.0076275309547781,0.0303440950810909,0.0272149015218019,-0.0090027526021003,-0.0212642680853605,-0.0274949856102466,0.0165781360119581,0.0080612320452928,-0.0212643686681985,-0.0255209580063819,0.0021662120707333,0.0057500805705785,-0.0045120138674974,0.0215236488729715,-0.0085839908570051,0.014814656227827,-0.0066509009338915,-0.0015762023394927,-0.02548105455935,0.033449824899435,0.0249278955161571,0.0118875093758106,-0.0291044283658266,-0.003313876222819,0.005817461758852,0.016652787104249,-0.0370079092681407,0.0040695653297007,-0.0003808159381151,0.0104979202151298,-0.0387175753712654,-0.068792313337326,-0.0387175679206848,-0.0602662004530429,0.0252988971769809,0.007878546603024,0.0151837551966309,-0.001617575995624,-0.0060287890955805,-0.0442581251263618,0.008737614378333,0.0017198417335748,0.0375300496816635,1.0289717465639114e-05,-0.0242654010653495,0.014461850747466,9.845057502388954e-05,-0.0130366943776607,9.840866550803185e-05,0.0060832262970507,0.0037766606546938,0.0103770541027188,0.0009439397836104,0.0268693026155233,-0.031389195472002,0.0083941370248794,-0.0402665138244628,0.009931007400155,0.0257402844727039,0.0035400097258388,-0.0023525587748736,0.0303440988063812,0.0018912273226305,0.0010323871392756,-0.0389809533953666,0.0007608032901771,-0.0091043384745717,-0.0136526767164468,0.0054664276540279,0.00812797434628,0.0118875093758106,0.0026578058023005,-0.0211057402193546
3457,-0.005344757810235,-0.0217544920742511,0.0055359792895615,-0.040477130562067,0.0114411748945713,0.0085741523653268,-0.0177515987306833,-0.0082031711935997,-0.0010259533300995,-0.0200646333396434,0.0046092849224805,-0.0012622758513316,0.0100583061575889,-0.0056458278559148,-0.0039881523698568,0.0021036767866462,0.0204223040491342,-0.0115112904459238,-0.0283310562372207,-0.0142861204221844,-0.0213807262480258,0.0190587174147367,-0.0124726351350545,-0.0013650724431499,-0.0121978931128978,0.0430634841322898,-0.0147136831656098,-0.0071948543190956,-0.0042038774117827,0.0034676874056458,0.0055545065551996,0.0012378329411149,0.0114411683753132,-0.0106104994192719,0.0248260665684938,-0.0075885211117565,0.0109930578619241,-0.0106104891747236,0.0138329304754734,-0.0105810072273015,0.0189317315816879,-0.0081222066655755,0.0104438522830605,-0.0030155312269926,-0.0049079451709985,-0.0192304328083992,-0.0071792295202612,0.037575639784336,0.0049206875264644,-0.013986668549478,0.0287082381546497,0.0031568417325615,0.002464581746608,-0.0106680635362863,-0.01213950663805,-0.0008718014578334,0.0183091461658477,-0.0178616717457771,-0.0039158519357442,-0.0283310543745756,-0.0044341376051306,-0.028331059962511,-0.0129981841892004,0.001508817076683,-0.0014418417122215,-0.0193929225206375,-0.0394248962402343,0.0007519505452364,-0.0269238911569118,-0.0012622757349163,0.0008197682909667,-0.0494567677378654,-0.0043823486194014,0.0118428748100996,-0.0042487839236855,0.0013828258961439,-0.0339321345090866,0.0013828694354742,0.0205665230751037,-0.001412872923538,-0.007695457432419,0.0104024931788444,0.0231011137366294,-0.019733564928174,-0.0106825269758701,-0.0263342671096324,-0.0027046280447393,-0.0109442193061113,0.0088526420295238,-0.000195748056285,0.0055545060895383,0.0029005971737205,-0.0033326942939311,-0.0193421225994825,-0.0054707527160644,-0.0023611704818904,-0.0197745431214571,0.0042724055238068,-0.0022122664377093,0.0287082381546497,0.0092389769852161,-0.0201583541929721
3458,0.0085251713171601,-0.0041321860626339,-0.0187064874917268,0.0006497143767774,-0.0074454937130212,-0.0214762389659881,-0.0394534207880497,-0.0047515798360109,-0.0015810630284249,-0.005524227861315,0.009025240316987,-0.0050501404330134,-0.0066023040562868,-0.003569405991584,0.0039869328029453,-0.01112737134099,-0.0436015240848064,-0.0036129485815763,-0.0016873845597729,-0.0147575978189706,-0.0222208648920059,0.002696311334148,-0.0236104000359773,0.0044252537190914,-0.0139673491939902,-0.0120447073131799,-0.0115432366728782,-0.0067618768662214,0.0031770400237292,0.0121250143274664,-0.0323610715568065,-0.0210648868232965,-0.0074455016292631,-0.0136614209040999,-0.0151814892888069,-0.0201285630464553,0.0091483276337385,-0.0136613836511969,-0.0190551057457923,-0.0012828696053475,-0.034534502774477,0.001216949080117,-0.0116455936804413,-0.0155277866870164,0.0260657742619514,-0.0032977825030684,0.0124065615236759,-0.0252074934542179,-0.034293919801712,-0.0152967385947704,-0.002388575579971,-0.0223294608294963,-0.0009151543490588,-0.0113841071724891,0.0081562157720327,-0.0065632527694106,-0.0023256973363459,-0.0001348978839814,0.0297796018421649,-0.0016873794374987,-0.0099020013585686,-0.0016873821150511,-0.0112083479762077,0.0214612632989883,0.0071905720978975,0.0411294698715209,-0.0015921500744298,-0.0025995855685323,-0.0303928740322589,-0.0050501450896263,-0.0109272059053182,-0.0506408512592315,-0.0163703747093677,-0.010727621614933,-0.0098973968997597,0.0268829651176929,-0.0031188768334686,0.0268829613924026,-0.0624026879668235,0.0048988158814609,-0.0143719762563705,-0.0149679537862539,-0.0177201945334672,-0.0175016298890113,-0.0074188960716128,-0.0010779969161376,-0.0119027411565184,0.0031419843435287,-0.0309629216790199,-0.0072032650932669,-0.0323610715568065,-0.0095639824867248,-0.0087057631462812,-0.0084461849182844,0.0146906021982431,-0.0177444256842136,-0.0037544816732406,0.0129235191270709,-0.0060632536187767,-0.002388575579971,-0.0030753845348954,-0.0158126112073659
3459,-0.0160374976694583,0.0093230847269296,0.0005958480760455,0.0147938672453165,-0.0002427400322631,0.0227571967989206,-0.0382169894874095,-0.0198223628103733,-0.0136414496228098,0.0031525045633316,-0.0083690993487834,-0.0099239367991685,0.0154459811747074,-0.0106222946196794,-0.0017904102569445,-0.0070746168494224,-0.0072810896672308,-0.0063092214986681,0.0056731724180281,-0.0262346006929874,0.0118723213672637,-0.0159463733434677,-0.0330840870738029,0.0105912033468484,-0.0098559474572539,0.0193406492471694,0.0070140976458787,-0.0225350875407457,-0.0206547919660806,0.0046172286383807,0.0442770645022392,0.0169986076653003,-0.0002427434083074,-0.0148983374238014,0.0272115096449852,0.0064192926511168,-0.0227612107992172,-0.0148983336985111,-0.0008251201361417,-0.0171518810093402,-0.0224479548633098,0.009724891744554,-0.0035075796768069,0.0122512588277459,0.0115468958392739,0.0002723776269704,-0.0130855692550539,0.0160700026899576,0.0480051711201667,0.0039202077314257,-0.008442984893918,-0.0079282112419605,0.0227168537676334,0.0021619098260998,0.0189721249043941,0.0093249091878533,-0.0169479362666606,-0.0001976123312488,0.0109863989055156,0.0056731719523668,0.0192954000085592,0.0056731719523668,0.0020925719290971,-0.0005063619464635,0.0147570688277482,0.0101429354399442,0.0070528024807572,-0.0181271284818649,-0.0176144782453775,-0.0099239377304911,0.0381825044751167,0.0427159145474433,0.0065072164870798,0.0271563008427619,-0.0025363459717482,0.0063418513163924,0.0043575577437877,0.0063418941572308,-0.0239734277129173,0.0145084299147129,0.010947685688734,0.0102248638868331,0.0220186188817024,-0.0135128768160939,0.0114383660256862,0.0062386682257056,-0.0244419015944004,0.0144891012459993,-0.0319827459752559,0.0152344005182385,0.0442770570516586,-0.0014503414276987,-0.0092115113511681,0.0030892903450876,-0.0105707654729485,-0.0333460085093975,-0.0129694435745477,0.0059296647086739,0.0169335715472698,-0.008442984893918,-0.034498430788517,-0.0359359271824359
3460,-0.0036338078789412,-0.0105260703712701,-0.0206469036638736,-0.0099623138085007,-0.0243143513798713,-0.0040884693153202,-0.030448991805315,-0.0012287356657907,-0.006361236795783,-0.0171255581080913,0.0025416729040443,-0.0088275019079446,-0.0301770959049463,-0.0141290109604597,-0.0149160241708159,-0.0061191241256892,0.0266772303730249,-0.0070015955716371,-0.0223898980766534,-0.0108414627611637,-0.0036042858846485,-0.002852271310985,-0.0090885814279317,-0.0088546406477689,-0.0192565433681011,0.0029160166159272,-0.0057979095727205,0.0044848937541246,-0.0026641427539288,-0.00296415342018,0.0140125080943107,0.0127627812325954,-0.0243143457919359,-0.0046618776395916,-0.0374489389359951,-0.0051488508470356,0.001581112621352,-0.0046618357300758,-0.0266432706266641,-0.0068907318636775,0.0233272686600685,-0.0091757904738187,-0.0025761190336197,-0.0203898530453443,-0.0124686500057578,-0.012899775058031,-0.0064442260190844,-0.0366797856986522,0.0152444206178188,-0.0045948415063321,-0.0049780700355768,-0.0242305137217044,-0.0107287764549255,0.0083298245444893,0.016107652336359,-0.0138879138976335,-0.0004412573762238,0.000437956652604,-0.0146486917510628,-0.0223898999392986,-0.0148630104959011,-0.0223898999392986,-0.020503195002675,0.0166529174894094,0.0047309976071119,0.0133638344705104,-0.0140489526093006,-0.0055720573291182,0.0082230307161808,-0.0088274916633963,-0.0210382211953401,0.0039789518341422,-0.0016742055304348,-0.0338665321469306,-0.0022913007996976,-0.0202977396547794,-0.0170079972594976,-0.0202977377921342,0.0310611985623836,-0.0054814666509628,-0.0076962965540587,-0.01360984146595,0.0099640656262636,-0.0031527837272733,0.0083663184195756,-0.0229239929467439,0.0132631640881299,-0.0079635139554739,0.0319782122969627,-0.0131686711683869,0.0140125071629881,-0.0081179020926356,0.0018717822385951,-0.019232889637351,-0.0051781255751848,0.0316657647490501,-0.0102797020226717,-0.0020649661310017,0.0066367569379508,-0.0049780700355768,0.022144267335534,-0.0214829184114933
3461,-0.0152841191738843,-0.0054188258945941,-0.0159359611570835,0.004069241695106,0.0065774554386734,0.0117003992199897,-0.0390649922192096,-0.0206653233617544,-0.0127879297360777,-0.0019820285961031,-0.0025127085391432,-0.0195263922214508,0.0268094949424266,-0.0206184368580579,-0.0025113397277891,0.0099667692556977,-0.0030272719450294,-0.0105501702055335,-0.0046535693109035,-0.027842117473483,0.0034654010087251,0.000394062459236,-0.0149376057088375,0.0066387662664055,-0.0162969399243593,0.0026296887081116,-0.0036587086506187,-0.0236971154808998,-0.0164207071065902,0.003188825212419,0.0159998200833797,-0.0016999272629618,0.0065774512477219,-0.0141872270032763,0.0306680258363485,0.0180287957191467,-0.0033562544267624,-0.0141872335225343,-0.0198144689202308,-0.0178261175751686,-0.0140825547277927,0.0026927532162517,0.0194232817739248,-0.0101194428279995,0.0085743954405188,-0.0155615303665399,-0.0124225132167339,0.003778432495892,0.0171822868287563,-0.0081051234155893,0.0044125081039965,-0.0261212885379791,0.0217415858060121,0.0032420679926872,0.0131692560389637,-0.0046796677634119,-0.0027599339373409,-0.0086813410744071,0.0080003067851066,-0.0046535702422261,-0.0037486385554075,-0.0046535665169358,-0.0135345505550503,-0.0022486275993287,-8.439039811491966e-05,-0.0196099430322647,0.0008020605891942,-0.0125446552410721,-0.0166724678128957,-0.0195263922214508,0.0032123858109116,0.0537354573607444,-0.0105383479967713,0.040274042636156,-0.0147376228123903,0.0064233681187033,-0.0017006855923682,0.0064233695156872,-0.0254258029162883,0.0092320693656802,0.0065406044013798,0.008963075466454,0.003332347376272,-0.0138253830373287,0.0080170193687081,-0.0050414334982633,-0.0264721773564815,-0.0001718180719763,-0.0224092528223991,-0.000743914861232,0.0159998200833797,0.0075915730558335,-0.0051781781949102,-0.0086930068209767,-0.0089626153931021,-0.0245429705828428,-0.0163096338510513,0.0059744324535131,0.0100046833977103,0.0044125081039965,-0.0145691176876425,-0.0352105125784873
3462,0.0001359781308565,-0.0120122078806161,-0.0113687934353947,0.003052300075069,0.0138543024659156,0.0059369876980781,-0.054324347525835,-0.0116204591467976,-0.0061958529986441,-0.000105143059045,0.0095131257548928,0.0020517688244581,0.003298295661807,-0.0003041751915588,-0.0019286350579932,-0.0158883463591337,-0.0105667440220713,-0.0110141113400459,-0.0011007729917764,-0.0233156438916921,0.0005797808989882,0.0070531792007386,0.001791744492948,-0.0074529889971017,-0.024456987157464,-0.0198255106806755,-0.0028674609493464,-0.0103963436558842,-0.0152455130591988,0.0013879376929253,0.0014037151122465,-0.0230064950883388,0.0138542996719479,-0.0120464554056525,0.0045282528735697,-0.0061285714618861,0.0042002266272902,-0.0120464041829109,-0.0073654651641845,-0.0096511337906122,-0.0021656234748661,-0.0080484179779887,-0.0135597921907901,-0.0223478842526674,0.0093731014057993,-0.0080229099839925,0.0026286595966666,-0.0026587694883346,0.0011535887606441,-0.0026297867298126,0.0107660591602325,-0.0133341364562511,-0.0107617676258087,-0.0163366552442312,-0.0241549480706453,0.0013514752499759,0.0051828389987349,-0.0190970618277788,0.0140693597495555,-0.0011007729917764,0.0110761141404509,-0.0011007726425305,0.0016690607881173,0.0221859887242317,-0.0236458722501993,-0.0189388878643512,0.00319216074422,-0.0139309056103229,0.0009513357654213,0.0020517779048532,-0.0090285819023847,0.0158954132348299,-0.0182265266776084,0.0049949674867093,-0.0049590948037803,0.0213194023817777,0.0041434881277382,0.0213194005191326,-0.0064657218754291,-0.0087235225364565,-0.0082432441413402,0.0083314478397369,-0.0240125618875026,-0.006005723029375,-0.0241270009428262,-0.0006595847662538,-0.0112476348876953,0.0021708118729293,-0.0032202792353928,-0.013753424398601,0.0014037137152627,-0.0153034087270498,-0.0069293770939111,0.0016978470375761,0.0067406501621007,-0.0051784701645374,-0.0116362087428569,0.0027013546787202,-0.025396104902029,0.0107660591602325,0.0005289204418659,-0.0260229185223579
3463,-0.0314911939203739,-0.0058388728648424,-0.0124309724196791,-0.0123580023646354,-0.002954299096018,-0.001221653423272,-0.0390103682875633,-0.0222391448915004,0.0023113116621971,-0.0112615562975406,0.0076133706606924,0.0051816827617585,-0.0024578676093369,0.0020550515037029,0.0079582687467336,-0.0222074016928672,-0.0263712760061025,0.0045664245262742,-0.0067571243271231,-0.0247988179326057,-0.0412930138409137,0.0138222007080912,-0.019103180617094,0.0064386306330561,-0.0237911827862262,0.0034066196531057,-0.0138017237186431,-0.0331545211374759,0.0072128372266888,0.0067245005629956,-0.0009249852737411,-0.0086100837215781,-0.0029543091077357,0.0082748420536518,-0.0101761445403099,-0.0544634014368057,0.0079009076580405,0.0082748411223292,-0.0156679674983024,-0.0193497780710458,-0.0147907240316271,0.0002651961985975,-0.0264585427939891,-0.0304383225739002,-0.0074872118420898,-0.0060561215505003,-0.0343734212219715,-0.0197063311934471,-0.0019997260533273,-0.0075947144068777,0.0123658645898103,-0.0190413407981395,0.0021458074916154,-0.0170074291527271,-0.002981380559504,-0.008675904944539,0.0113546475768089,-0.0073619149625301,-0.0071560489013791,-0.0067571196705102,-0.0044406196102499,-0.0067571252584457,-0.0110230185091495,0.0015759468078613,0.006651621311903,0.0229535140097141,-0.0148689113557338,0.0089944479987025,0.0087549863383173,0.0051816822960972,-0.0264508016407489,-0.1661245822906494,-0.0069204033352434,-0.0058033121749758,0.0009761581895872,-0.0045894542708992,-0.0134088080376386,-0.0045894691720604,-0.032858595252037,0.0054337233304977,-0.0460849627852439,-0.0008323391666635,-0.0029920735396444,0.0060417065396904,-0.0124989673495292,-0.0061956169083714,-0.037117626518011,-0.006963045336306,-0.014679754152894,-0.0292139388620853,-0.0009249836439266,-0.0257593858987092,-0.0065842038020491,-0.0113075776025652,-0.0347647666931152,-0.0041523729451,-0.0096425060182809,0.0049636960029602,-0.005155568011105,0.0123658645898103,0.0061646755784749,-0.0222316719591617
3464,-0.0087014939635992,0.0006959701422601,-0.0071682045236229,0.0233085732907056,-0.0016897078603506,-0.0097820870578289,-0.0339292287826538,-0.0120977517217397,-0.0195117853581905,0.0145650673657655,-0.0170191843062639,-0.0106847723945975,-0.0129623506218194,-0.0069203730672597,-0.0043606637045741,0.0174065697938203,-0.0193209536373615,-0.0051302630454301,-0.0069546112790703,-0.021205024793744,-0.0281537771224975,0.010177781805396,-0.0851775780320167,-0.0005202858010306,-0.0161669291555881,0.0099489130079746,-0.0300992056727409,-0.0060054035857319,-0.02744697406888,-0.0162960160523653,-0.0149171147495508,-0.0007896220777183,-0.0016896948218345,-0.0722440332174301,-0.0149555448442697,0.0153403179720044,-0.0010252417996525,-0.0722440257668495,-0.007040336728096,-0.0160826314240694,-0.0174372792243957,-0.0012405071174725,0.0228356979787349,0.0065918560139834,0.0335605032742023,-0.0001834846334531,-0.0092698922380805,-0.012783988378942,-0.0153702497482299,-0.0463164038956165,0.0206358470022678,-0.0065157995559275,-0.0051352297887206,-0.0083038369193673,0.0010529460851103,-0.0087445247918367,0.0054789977148175,-0.0053791319951415,0.0352959185838699,-0.0069546168670058,-0.0233176257461309,-0.0069546168670058,-0.0249907076358795,-0.039336547255516,0.003610944841057,-0.0071203438565135,0.0209589879959821,-0.0402776300907135,-0.1142430230975151,-0.0106847714632749,0.0177962258458137,0.0452648140490055,-0.0025002523325383,-0.014272166416049,-0.0095030032098293,0.0287873186171054,0.014916674233973,0.0287873279303312,-0.0281328223645687,5.429831799119711e-05,0.0171677060425281,-0.006971868686378,0.0050306599587202,-0.0763702094554901,0.0019995442125946,-0.0070677348412573,0.0019882563501596,-0.0055094403214752,-0.0215199217200279,0.0205835793167352,-0.0149171147495508,0.0190310403704643,-0.0066421795636415,-0.009597597643733,-0.0071844803169369,-0.0261958837509155,-0.0143192876130342,-0.0156536139547824,0.0060552540235221,0.0206358470022678,-0.0074390638619661,-0.0338616222143173
3465,-0.0043812030926346,-0.0249951444566249,-0.0106231402605772,0.0096175875514745,0.0095450682565569,0.0079095028340816,-0.0318910591304302,-0.0012757972581312,-0.0059082065708935,0.0035994695499539,0.0295894276350736,-0.0245971232652664,-0.0113315861672163,-0.0254891049116849,-0.0057799038477241,-0.0102195758372545,-0.0291613340377807,-0.0015967576764523,-0.0128486454486846,-0.0121738417074084,-0.0151893636211752,0.0148411393165588,-0.0356627814471721,-0.0064098257571458,-0.0081416610628366,-0.0084242681041359,-0.0087784864008426,0.0094345565885305,-0.0275916159152984,0.0177354048937559,0.0071914982981979,-0.0088987788185477,0.0095450785011053,-0.0401277765631675,-0.0152974724769592,-0.0141588663682341,0.0224747657775878,-0.0401277802884578,-0.0174597073346376,-0.0109599903225898,-0.0257892441004514,-0.0137735595926642,-0.0208340361714363,0.0161600857973098,0.0079521117731928,-0.0286722015589475,-0.0097215250134468,-0.0166715122759342,0.007510497700423,-0.0140171563252806,0.0079505750909447,-0.0142840482294559,-0.0036224261857569,-0.0111603811383247,0.0025592979509383,-0.0065501630306243,0.0086080431938171,-0.0059105837717652,0.0062293927185237,-0.0128486417233943,-0.0096404273062944,-0.0128486435860395,-0.0151702677831053,0.0596106573939323,0.0057281982153654,0.0005071125924587,0.0083175869658589,-0.0274382922798395,-0.0506105199456214,-0.0245971232652664,0.0319838002324104,-0.0196011997759342,-0.006914937403053,-0.0136550161987543,-0.0209403298795223,0.0044972216710448,0.0055087297223508,0.0044972337782382,-0.0429164357483387,-0.0043934830464422,0.0030402285046875,0.0081090247258543,-0.0076487669721245,-0.0397520698606967,-0.0002169539220631,-0.0134101007133722,0.0242607444524765,5.1089096814394e-05,-0.0323486290872097,0.0239132586866617,0.0071914978325366,0.002635296434164,-0.008194413036108,-0.0079982252791523,-0.0108655206859111,-0.0366302318871021,-0.0140273496508598,0.0175006240606308,0.0053875315934419,0.0079505750909447,-0.0100649967789649,-0.0276001673191785
3466,0.0097958073019981,0.0413103401660919,0.0403804630041122,-0.0045644808560609,0.0331439301371574,0.0062279403209686,0.0688515082001686,0.0162152126431465,0.0110686533153057,0.0034547864925116,0.0048057297244668,0.0075034322217106,0.0178519058972597,0.028853852301836,0.0446533486247062,0.0006312439218163,-0.0003391921054571,0.0588902682065963,0.0038864954840391,0.0185040272772312,-0.0199657790362834,0.0204206965863704,-0.01221239939332,0.0491478852927684,0.0527959689497947,0.0074851349927484,-0.0141551867127418,-0.0030411414336413,0.0140619426965713,0.0451338216662406,-0.0206358190625906,0.0219842251390218,0.0331439264118671,0.0184837114065885,0.00425008777529,-0.0133287431672215,-0.0043786047026515,0.0184837151318788,0.032611533999443,0.0238777734339237,0.0151545424014329,0.0470258817076683,-0.0185829140245914,0.0565609522163867,-0.0245143044739961,0.0366126038134098,0.007645119447261,0.018475579097867,-0.0258833523839712,-0.0129519728943705,0.0466145277023315,0.0402542166411876,-0.0144089348614215,-0.0088395066559314,-0.0280541907995939,0.0043134707957506,0.0203905366361141,-0.0125980218872427,-0.0235916599631309,0.0038864891976118,0.0040989681147038,0.0038864947855472,0.000164967845194,-0.0108015481382608,-0.0215676575899124,-0.0469197779893875,-0.0009126185905188,0.0158637203276157,0.0262868218123912,0.0075034289620816,0.0529557093977928,-0.0579960830509662,0.0362482443451881,0.0017603547312319,0.0107020428404212,-0.0098388195037841,0.0012207198888063,-0.0098388493061065,0.013318738900125,0.0384485833346843,0.0125407101586461,0.0226528029888868,0.0128240576013922,0.0178597662597894,-0.0122362514957785,0.004284945782274,-0.0082124238833785,-0.0169919729232788,0.0174165107309818,0.0425452664494514,-0.0206358171999454,0.013712435029447,0.0019373927498236,0.0008873675251379,0.0102035095915198,0.0211413856595754,-0.0025432193651795,0.0408599823713302,-0.0120211802423,0.0466145277023315,0.0121015906333923,0.0017389534041285
3467,-0.0047184028662741,0.0316637083888053,-0.0207285787910223,-0.0072705973871052,-0.0209328457713127,-0.0077115870080888,-0.0363890640437603,-0.0071343099698424,-0.0164906810969114,-0.0110906735062599,-0.0072723603807389,-0.0125728240236639,-0.0201522950083017,-0.0039202691987156,-0.0082768918946385,-0.0170678179711103,-0.0062264110893011,-0.0153944622725248,0.0044286609627306,-0.0164670459926128,0.0065041836351156,-0.0059359590522944,-0.0194918774068355,0.0171757321804761,-0.0173759311437606,0.0110738761723041,0.0010333297541365,-0.0111219240352511,-0.0001500721555203,0.0097437174990773,0.0054023247212171,-0.0093627357855439,-0.0209328457713127,-0.0046506593935191,-0.0234377607703208,0.0004678325203713,-0.0109703810885548,-0.0046505955979228,-0.0168100520968437,-0.0035340595059096,-0.0131645016372203,0.0232287421822547,-0.0183779466897249,-0.0290117319673299,0.0154392579570412,0.0239360854029655,-0.0020362546201795,-0.0241223443299531,0.0056506544351577,-0.0066751386038959,8.561751019442454e-05,-0.0216511189937591,0.0040081217885017,0.0014262569602578,0.0074397861026227,-0.0135052688419818,-0.0072768237441778,-0.002344493754208,0.0134973805397748,0.004428656771779,-0.024593498557806,0.0044286614283919,-0.0282091926783323,-0.0021348828449845,0.0129810897633433,-0.0189759619534015,-0.011612007394433,-0.002431500935927,-0.0119220241904258,-0.0125728240236639,-0.0325266346335411,0.0619785226881504,-0.0137509601190686,-0.02222665771842,-0.0136217735707759,0.0007622868288308,-0.014102254062891,0.0007623033598065,-0.0198414716869592,0.0228386931121349,-0.003925840370357,-0.0143053038045763,0.0013465350493788,-0.0059041986241936,0.0138735640794038,0.0042461701668798,-0.0150093007832765,0.0058222184889018,-0.0141081605106592,-0.0179422609508037,0.0054023237898945,-0.0158115848898887,-0.0064545986242592,-0.0216267108917236,0.0023461447563022,-0.0118757849559187,-0.0122844660654664,0.0071750842034816,0.0228150859475135,8.561761205783114e-05,-0.0101060848683118,-0.0235398132354021
3468,-0.0310416519641876,-0.0060215732082724,-0.01439846213907,-0.0049282209947705,-0.0020980662666261,-0.0037316142115741,-0.0342336371541023,-0.0203777141869068,-0.0241304077208042,-0.0070038326084613,-0.00726357428357,-0.0195026267319917,-0.0150951575487852,-0.0183239132165908,-0.0170536898076534,-0.0268355868756771,-0.0111940279603004,-0.0192492175847291,-0.0245285667479038,-0.0241398531943559,-0.0090404879301786,0.0031891912221908,-0.0180082097649574,0.0052603762596845,-0.0270091444253921,0.0209533087909221,-0.0004015356535091,-0.0214782115072011,-0.0276515018194913,-0.0037680582609027,-0.0050853714346885,-0.0011828420683741,-0.0020980683621019,-0.03536356985569,-0.0159740056842565,-0.0282070226967334,-0.0055688694119453,-0.0353635624051094,-0.0121301859617233,-0.0267099514603614,-0.0088711818680167,-6.87561696395278e-05,-0.031362310051918,-0.0294794756919145,0.0094477385282516,-0.012109899893403,-0.0377133823931217,-0.0146486079320311,-0.0060817957855761,4.228058969601989e-05,0.013257885351777,-0.0083256848156452,0.0028562666848301,-0.0073882355354726,-0.0144897643476724,-0.0200092755258083,0.0008168870117515,-0.012696542777121,0.0118622025474905,-0.0245285667479038,-0.0332451835274696,-0.0245285667479038,-0.0320826768875122,-0.0089718401432037,-0.0017368029803037,-0.0368663594126701,-0.0082211308181285,-0.0287670698016881,-0.0380505099892616,-0.019502630457282,-0.0348365232348442,-0.0487794764339923,-0.0077987369149923,-0.0142816845327615,-0.0175059922039508,0.0111409230157732,-0.012203499674797,0.0111409183591604,-0.0127584524452686,0.0068319700658321,-0.0232463628053665,-0.0025531942956149,0.0107443965971469,-0.0347784645855426,-0.0030601704493165,-0.024007361382246,-0.0142695512622594,0.0078285178169608,-0.0134304938837885,-0.021755114197731,-0.0050853695720434,-0.0239647217094898,-0.0059803775511682,-0.0236109904944896,-0.0403907224535942,-0.0170594491064548,-0.0138862151652574,-0.0007376207504421,0.0099718440324068,0.013257885351777,-0.0089891701936721,-0.0244013536721467
3469,-0.0160977765917778,-0.0267099775373935,-0.0097858449444174,-0.0269511062651872,-0.0128574781119823,-0.00699103763327,-0.0391177237033844,-0.0099845733493566,-0.0212054047733545,-0.0081704501062631,0.002677199197933,-0.0102301286533474,-0.0180624015629291,-0.0173098407685756,-0.0186589770019054,-0.0125676179304718,0.007110278122127,-0.0152692887932062,-0.0240122843533754,-0.0182167813181877,-0.0212998986244201,0.0039348676800727,-0.0139744710177183,0.0071135931648314,-0.0152470022439956,0.0451087653636932,-0.0111709842458367,-0.0129072302952408,0.0246280673891305,0.0105979787185788,-0.0021000076085329,0.0064283981919288,-0.0128574753180146,-0.0171353686600923,-0.0219162963330745,-0.017993850633502,-0.0037880288437008,-0.0171353723853826,-0.0089912926778197,-0.0100508099421858,0.0039294878952205,-0.0063973916694521,-0.0104553047567605,-0.010630864650011,0.0214256681501865,-0.0315131954848766,-0.017441663891077,-0.0162509698420763,-0.0012701519299298,-0.0173999760299921,0.0138765629380941,0.001008421764709,-0.0006253188475966,0.0089977718889713,0.0332572795450687,-0.0153117831796407,0.003997731488198,0.0060505736619234,0.0195943117141723,-0.0240122824907302,-0.0375213176012039,-0.0240122806280851,-0.0379549600183963,0.0164365619421005,0.0153933838009834,0.0351536311209201,-0.0271063782274723,0.0047819698229432,-0.0497021824121475,-0.010230123065412,-0.002977094380185,-0.0334390401840209,-0.0010999103542417,-0.0190069451928138,-0.0104407519102096,0.0085429856553673,-0.0259042773395776,0.0085430080071091,-0.0063368622213602,0.0052182711660861,-0.0117483045905828,-0.00983277708292,0.0261108316481113,-0.0304716508835554,0.0155927976593375,-0.0255562588572502,-0.0119710378348827,-0.0028869279194623,0.0148036824539303,-0.0034128075931221,-0.002100006211549,-0.0094518102705478,0.0003236376214772,-0.0331499204039573,-0.0164643824100494,0.0257323738187551,-0.0114704482257366,0.013868236914277,0.0124376844614744,0.0138765629380941,0.019832419231534,-0.0282184686511755
3470,-0.007278149947524,-0.0060390839353203,-0.0197337195277214,-0.0008400722872465,-0.0307563226670026,-0.0044923867098987,-0.0304010827094316,-0.0037010014057159,-0.0422137193381786,-0.0028091070707887,-0.0112192500382661,-0.0111921597272157,-0.0280144661664962,-0.0058692428283393,-0.0148260612040758,-0.011100735515356,0.0344891548156738,-0.0190263520926237,-0.0212978236377239,-0.0119841499254107,0.0061614620499312,-2.3768283426761627e-05,-0.0096332542598247,-0.0030508651398122,-0.0101353609934449,0.0126911085098981,-0.0116308238357305,-0.0031474651768803,-0.01147036626935,-0.0071790679357945,0.0224238336086273,-0.0055906251072883,-0.0307563282549381,-0.0234774425625801,-0.0318173021078109,0.0083960564807057,-0.0112015474587678,-0.0234774462878704,-0.0150722423568367,-0.0052468068897724,0.0198369920253753,-0.0042535630054771,-0.005579441320151,-0.0050127203576266,-0.0251143239438533,-0.0045282579958438,-0.0075469389557838,-0.0265317037701606,0.0244626719504594,-0.0105544179677963,0.0142806861549615,-0.0152708161622285,-0.0214847736060619,0.008372226729989,0.010201814584434,-0.0057241362519562,0.0009048762149177,-0.0050151785835623,-0.0218027867376804,-0.0212978199124336,-0.0116076786071062,-0.0212978217750787,-0.0181268509477376,-0.0066132554784417,-0.0090489760041236,-0.0122770322486758,-0.0046228216961026,-0.0158285703510046,-0.0331800691783428,-0.0111921615898609,0.0044986205175518,0.076963409781456,-0.0111605273559689,-0.0310140643268823,-0.0114299664273858,-0.0218752510845661,-0.006288013420999,-0.0218752548098564,0.0379726290702819,-0.003414882114157,0.0081789121031761,-0.0186591576784849,0.0042676129378378,-0.0267082583159208,0.0059252316132187,-0.0223078746348619,-0.0001180726103484,-0.0150734800845384,0.0169923454523086,0.0005751228891313,0.0224238317459821,-0.0083749154582619,0.0013705550227314,-0.0137604204937815,-0.006450149230659,0.0018441188149154,-0.014098297804594,-0.0046710860915482,-0.0019295467063784,0.0142806861549615,-0.0006431152578443,-0.0240928679704666
3471,-0.0192223917692899,-0.0140045899897813,-0.015926044434309,-0.01981782913208,-0.0190609898418188,-0.0026511526666581,-0.0265664234757423,-0.0213131923228502,-0.0402843728661537,-0.0184716340154409,0.0128549756482243,-0.0113679021596908,-0.0130430469289422,-0.011219160631299,-0.0092516466975212,-0.0190283730626106,0.0027232090942561,-0.0148083176463842,-0.0350347757339477,-0.0248060617595911,0.0077798720449209,0.0057889055460691,-0.0021374314092099,0.0043467753566801,-0.0123721212148666,0.0039238920435309,-0.0031490852124989,-0.0332478955388069,-0.0018609722610563,0.012337033636868,0.0149386255070567,-0.0082833040505647,-0.0190609898418188,-0.026694344356656,-0.0164908654987812,-0.0025666786823421,0.0036025857552886,-0.0266943704336881,-0.01513980794698,-0.0131010897457599,-0.0049808588810265,-0.0024236082099378,-0.0187082327902317,-0.0176039822399616,2.9566464945673943e-05,-0.0160022117197513,-0.0147034134715795,-0.022482382133603,0.0165733713656663,-0.0045427000150084,0.0126128159463405,-0.012444520369172,0.0082539990544319,0.004453704226762,0.0159286651760339,-0.0201220232993364,0.0033914663363248,-0.0032630879431962,0.0025623843539506,-0.0350347757339477,-0.0277803391218185,-0.0350347682833671,-0.0308209005743265,0.0384192839264869,0.0105523774400353,-0.007845189422369,-0.0226827748119831,-0.0079438826069235,-0.0585076808929443,-0.0113678807392716,-0.0145694240927696,0.0601380094885826,-0.0084194196388125,-0.0112084290012717,-0.0114695085212588,-8.274870924651623e-05,-0.0230731703341007,-8.282531052827835e-05,-0.0113830901682376,0.0089839538559317,-0.0040069660171866,-0.0121279368177056,-0.0013783371541649,-0.039492443203926,0.012065633200109,-0.0358737669885158,-0.0429795756936073,-0.0023967761080712,-0.0074966982938349,-0.0146110374480485,0.0149386236444115,-0.0193222947418689,-0.0031359018757939,-0.0274842157959938,-0.0104892151430249,-0.0095349326729774,-0.0156094059348106,0.0153180984780192,0.0181473866105079,0.0126128159463405,-0.0017845602706074,-0.0296066347509622
3472,0.0306014884263277,0.0221276376396417,0.041613645851612,0.0085147731006145,0.0279035437852144,0.0139876473695039,0.0378366000950336,0.012488542124629,0.0155909350141882,0.0086936298757791,0.0359164625406265,0.0114619797095656,0.0313170999288558,0.0300665721297264,0.062247984111309,0.0054778438061475,0.005061705596745,0.0639207884669303,0.0106326043605804,0.009967815130949,0.0232699122279882,0.0307628642767667,-0.0060703605413436,0.0329562649130821,0.0173511896282434,-0.0064243576489388,-0.0021604327484965,0.0112647917121648,0.0025263978168368,0.0404926687479019,-0.0006217951886355,-0.0017730453982949,0.0279035456478595,0.0042976452969014,0.0127335516735911,0.0362819768488407,0.0231093168258667,0.0042976760305464,0.0355092175304889,0.0154953375458717,0.0235620643943548,0.0323598720133304,0.0174037851393222,0.0130058117210865,-0.0025305310264229,0.0289113577455282,0.0340256728231906,0.0148287825286388,-0.0053074262104928,-0.0060274438001215,0.043472483754158,0.0443219617009162,-0.000593101256527,-0.0151043096557259,-0.0367974191904068,0.0052696513012051,0.0307989902794361,-0.01152906101197,-0.0008079707622528,0.0106326062232255,-0.0013147692661732,0.0106326043605804,0.0013944874517619,0.0448324084281921,-0.0124952346086502,-0.0125212362036108,0.0088151199743151,0.005162046290934,0.0101054292172193,0.0114619862288236,0.0157030466943979,0.1459155082702636,0.0286988336592912,0.0163307376205921,0.0056600766256451,0.0080163441598415,0.0090560782700777,0.0080163432285189,0.0255622789263725,0.0278828274458646,0.0237491317093372,0.023727860301733,-0.0100313145667314,0.0074909031391143,-0.0295859761536121,0.0113448165357112,0.0083677042275667,-0.0047108875587582,0.0195643492043018,0.0014464969281107,-0.0006216177716851,-0.0014478338416665,0.0064086429774761,0.0036690805573016,0.0387953333556652,0.0189343523234128,0.0082576032727956,0.0425706952810287,-0.0217367764562368,0.043472483754158,0.0175137668848037,0.0058532739058136
3473,-0.0239646472036838,0.0071826060302555,0.0158457495272159,-0.0127405412495136,0.005742288660258,-0.0043179974891245,-0.0075324107892811,-0.0197897925972938,-0.0118980901315808,0.0037873326800763,0.0414507500827312,-0.0080327568575739,0.0004687820619437,-0.0071543236263096,0.002544050104916,0.0062474417500197,-0.0102156046777963,0.0101404394954442,-0.0062034595757722,-0.0195642299950122,0.0197202786803245,0.0259229242801666,0.0021783439442515,0.0101790931075811,-0.0018199651967734,0.0276463683694601,0.0110215339809656,-0.0389243587851524,-0.0011051283217966,0.0312250461429357,-0.012716069817543,0.0262108389288187,0.005742285400629,0.0270739924162626,0.0075216880068182,0.0256803967058658,0.0168352201581001,0.0270740278065204,0.010770265944302,-0.006941522937268,0.0027759284712374,0.0073736230842769,0.0247131213545799,-0.0017218380235135,0.0297733657062053,0.0045925918966531,-0.0204755365848541,0.0127831595018506,-0.0121235232800245,0.0054405415430665,0.0442164465785026,0.0121042598038911,-0.0076205385848879,-0.019300527870655,-0.0292145870625972,0.0017111329361796,0.0223377123475074,-0.0193578451871871,0.0292920414358377,-0.0062034581787884,0.0064340191893279,-0.0062034470029175,-0.0036907470785081,0.0881231352686882,-0.0182468276470899,-0.0198053903877735,-0.0113198887556791,0.0163868330419063,0.0445589870214462,-0.0080327540636062,0.0090651893988251,0.0828643664717674,0.0210712514817714,0.0029330756515264,0.0008577184053137,0.0244033578783273,-0.0069371927529573,0.0244033634662628,0.0009154421277344,0.0109440442174673,0.0111883478239178,-0.0003867869090754,0.0307156220078468,0.028487479314208,-0.025762028992176,-0.0049068434163928,-0.0496616922318935,0.0154633522033691,-0.0024811357725411,-0.0051440051756799,-0.012716069817543,-0.000239192508161,-0.0048389215953648,-0.0065407622605562,-0.0124852480366826,-0.0095959287136793,-0.0130913443863391,0.0336617901921272,-0.0202233120799064,0.0442164465785026,0.0012693924363702,-0.022752670571208
3474,-0.009273212403059,0.0013428023084998,-0.0138127030804753,-0.0235061105340719,-0.024261999875307,-0.0120376162230968,-0.0324301086366176,-0.0051486017182469,-0.0417489632964134,-0.0277087092399597,0.0094173988327384,0.0018997271545231,-0.0056022033095359,0.0034917413722723,-0.007856729440391,0.0024599232710897,0.0221538059413433,-0.0197097137570381,-0.0058574355207383,-0.0136958518996834,0.0037981425411999,0.0038925656117498,-0.013996222987771,0.00668561225757,-0.0135293221101164,0.0186826884746551,-0.0060388636775314,-0.0031011544633656,-0.0243843905627727,0.013451512902975,0.0008356019388884,-0.0009823432192206,-0.024261999875307,-0.0259595178067684,-0.0021098442375659,0.0123902726918458,-0.003190245013684,-0.0259595140814781,-0.006606419570744,-0.008788269944489,0.0036348137073218,0.0065991315059363,0.0068871863186359,-0.000482867937535,0.0085954573005437,0.0018892716616392,-0.0115450117737054,-0.0081384321674704,0.0016007687663659,-0.0098200449720025,0.009847953915596,-0.0124713834375143,-0.0005974811501801,0.0164263118058443,0.0219629891216754,-0.0089776339009404,0.0024149669334292,-0.0011418177746236,0.0095205092802643,-0.0058574373833835,-0.0078783594071865,-0.005857435055077,-0.0197663195431232,0.0322843492031097,-0.0040377317927777,-0.0132705848664045,-0.0303254090249538,-0.0224868487566709,-0.0240912418812513,0.0018996838480234,0.0117170987650752,0.0651292949914932,-0.0076791914179921,0.0008100835839286,-0.0001397226005792,0.0023373221047222,-0.0315353237092494,0.0023373400326818,0.0024451464414596,0.0103553961962461,0.0122184734791517,-0.0187541525810956,0.0096325306221842,-0.0218211263418197,0.0136223817244172,-0.0062665804289281,0.0045580063015222,-0.001597611233592,-0.0071872733533382,0.0073506119661033,0.000835602520965,0.0028473534621298,0.00652531767264,-0.0219077691435813,-0.0085801966488361,-0.0176175609230995,-0.006373343989253,0.016260277479887,0.0055509377270936,0.009847953915596,-0.0096104424446821,-0.0229640901088714
3475,-0.0179438740015029,-0.0264365673065185,-0.0059124934487044,-0.0208224710077047,0.01513874810189,0.0119149768725037,-0.031243447214365,-0.0293404851108789,-0.013526945374906,-0.0038997372612357,-0.0084097776561975,-0.0186352133750915,-0.011554267257452,-0.01809062063694,-0.0146145699545741,-0.025247186422348,-0.0193836241960525,-0.0191335584968328,-0.0243527069687843,-0.0316782854497432,-0.0102585554122924,0.010179478675127,-0.0135252866894006,-0.0185199212282896,-0.0252168830484151,0.0371679104864597,0.0059137973003089,-0.0344222672283649,-0.0204421430826187,-0.0137286148965358,0.0090363137423992,-0.0057445252314209,0.0151387453079223,-0.029280187562108,-0.0042691575363278,-0.0313571579754352,0.0161040984094142,-0.0292801912873983,-6.353770004352555e-05,-0.0229763928800821,-0.0137623809278011,-0.022703118622303,-0.0305126719176769,-0.0193669311702251,0.0227302201092243,-0.0235428735613822,-0.0125346537679433,0.0057904170826077,0.0095091322436928,0.0055426135659217,0.00402448233217,-0.0022925182711333,-0.0141345914453268,-0.0092416955158114,-0.0147483740001916,-0.0006629448616877,0.0052147363312542,-0.0148412669077515,0.0223807170987129,-0.0243527125567197,-0.0059813521802425,-0.0243527106940746,-0.0118546318262815,-0.0184017233550548,-0.0157742127776145,-0.0402147620916366,-0.0204147491604089,-0.0153895802795887,-0.0434644743800163,-0.0186352133750915,-0.0182322897017002,-0.0710138902068138,-0.0086399186402559,-0.0122713427990674,-0.0195800475776195,0.0207430496811866,-0.0164869595319032,0.0207430608570575,-0.0285019017755985,-0.0174218695610761,-0.0241324976086616,0.0131185948848724,0.016667116433382,-0.0337797775864601,-0.0062049813568592,-0.024178234860301,-0.0432224050164222,0.0159929636865854,-0.0205027647316455,-0.0154559407383203,0.0090363109484314,-0.0205180589109659,-0.0058449171483516,-0.0134338904172182,-0.0084610264748334,-0.0300159975886344,-0.0149640860036015,-0.0152158709242939,-0.0051067778840661,0.00402448233217,0.0002845115959644,-0.0288116708397865
3476,-0.0033869915641844,-0.0113589894026517,0.0083278268575668,-0.0298668965697288,0.0153924580663442,0.0139644462615251,-0.0270327478647232,0.0006432258524,-0.0130691556259989,-0.0170483887195587,0.0073672169819474,-0.0181622877717018,0.0074748825281858,-0.0186883900314569,-0.0088134761899709,-0.0102836452424526,0.0007831021212041,-0.015550497919321,-0.0263630710542202,-0.0082740820944309,-0.031599074602127,0.023966584354639,-0.1025042682886123,0.0077437423169612,-0.0204510632902383,-0.0024038169067353,-0.0197546668350696,0.0091182515025138,-0.013621287420392,0.0080413334071636,0.016520669683814,-0.0183988530188798,0.0153924655169248,-0.0116090960800647,0.0172342620790004,-0.021213412284851,0.0110261645168066,-0.0116090960800647,0.0144499316811561,-0.0078647006303071,0.0009941554162651,-0.0017885172273963,-0.0115312067791819,-0.0194790214300155,0.014762470498681,-0.0170359145849943,-0.0085524776950478,0.0242724604904651,0.0180775225162506,-0.0292646847665309,0.0380281955003738,0.0195586159825325,0.0250149779021739,-0.0054596881382167,0.0088462326675653,-0.0027095898985862,0.0199709627777338,-0.0025798438582569,0.017031580209732,-0.0263630636036396,0.0051493588835,-0.0263630710542202,-0.0048197344876825,0.0059863571077585,0.0256964229047298,0.0125523433089256,-0.0288473591208457,-0.0057316781021654,-0.0150564713403582,-0.0181622877717018,-0.0231854580342769,-0.05423603951931,-0.0067618596367537,0.0134746497496962,-0.0222879890352487,0.0195547174662351,-0.0225953441113233,0.0195547193288803,-0.0053960313089191,0.0111592756584286,-0.0164626762270927,0.0119097679853439,-0.0146774481981992,-0.0167387407273054,0.0056405430659651,-0.0256806258112192,0.0229141525924205,0.0064561525359749,-0.0088831018656492,-0.0134049663320183,0.0165206715464591,-0.0111679313704371,-0.0009548452217131,-0.0128194633871316,-0.0087180705741047,-0.01962804608047,-0.0153007498010993,0.0073870695196092,0.0220537669956684,0.0380281955003738,0.0004764422774314,-0.0185885298997163
3477,-0.0145057486370205,-0.0296477396041154,-0.0064604366198182,-0.0094556743279099,0.0078518548980355,0.009018026292324,-0.0273544192314147,-0.0212125461548566,-0.022388007491827,-0.012435957789421,0.0110526606440544,-0.0221181772649288,-0.0108421565964818,-0.0225941706448793,-0.0076638692989945,0.0011067551095038,0.0082385186105966,0.0015601906925439,0.0022899368777871,-0.0263862181454896,-0.029314387589693,0.0055007943883538,-0.0307643320411443,-0.0197745617479085,-0.0212017316371202,0.0278448872268199,-0.0110419793054461,-0.0227427575737237,-0.0229566767811775,0.0038334783166646,0.0085569880902767,0.022863844409585,0.0078518493101,-0.0145966559648513,-0.0113039314746856,-0.0264822207391262,0.0109915379434823,-0.0145966541022062,-0.0154660446569323,-0.0191980525851249,0.0048414934426546,-0.0251634307205677,-0.0005783843807876,-0.0141441198065876,0.0033086510375142,-0.028676837682724,-0.0114500531926751,-0.015199813991785,0.008980325423181,-0.0096668703481554,-0.0025895023718476,-0.0137964999303221,-0.0099996840581297,0.0013034171424806,-0.0102435424923896,-0.0066171530634164,0.0033542960882186,-0.0121730668470263,0.0019093125592917,0.0022899413015693,-0.0093202162533998,0.0022899426985532,-0.0186488963663578,0.0306802187114954,-0.0166262201964855,-0.04446292668581,-0.013692058622837,-0.0099940635263919,-0.0175082478672266,-0.0221181754022836,-0.0139352194964885,-0.1035701781511306,0.0093160141259431,-0.0098853874951601,-0.0118429437279701,0.0024767504073679,-0.0163302905857563,0.0024767394643276,0.0072150132618844,-0.0156769435852766,-0.0227802135050296,0.009036879055202,0.0286306142807006,-0.0120093654841184,-0.0008183026220649,0.0027312571182847,-0.0249186493456363,-0.0018087020143866,-0.0073662237264215,-0.0065087922848761,0.0085569862276315,0.0006537800654768,0.0014770596753805,-0.0157041121274232,-0.0065551185980439,-0.0275962874293327,-0.0121366661041975,-0.00066184514435,-0.0018005720339715,-0.0025895023718476,-0.0063764764927327,-0.0309878289699554
3478,-0.0087270326912403,0.0004132040776312,0.0081324540078639,-0.0147671233862638,-0.0001317558344453,-0.0032552438788115,-0.0170996580272912,-0.0042232242412865,-0.0172892846167087,-0.0085511337965726,0.0242918357253074,-0.0028362146113067,-0.028201799839735,-0.0037761460989713,-0.0089518446475267,0.0118448808789253,-0.0037409304641187,0.0050227306783199,-0.0104008242487907,-0.0087052015587687,0.0220495946705341,0.0101677486672997,0.0083836652338504,0.0064335106872022,0.0160201136022806,-0.0032993610948324,0.010265096090734,-0.0306758340448141,-0.0130526907742023,0.0214174538850784,-0.0044518010690808,0.0106929596513509,-0.0001317519927397,-0.0206984318792819,-0.0314908996224403,0.028850058093667,0.0055400617420673,-0.0206984300166368,0.0040745120495557,0.0178600437939167,0.0065683256834745,0.0015114285051822,0.0229645669460296,0.0083893481642007,0.0196353569626808,-0.0010988739086315,0.0004106741398572,-0.0154671389609575,-0.0039336350746452,0.0061687538400292,0.0189934782683849,0.0158961433917284,-0.0238914880901575,-0.0813542455434799,-0.0644760951399803,0.0002234583953395,0.009321391582489,-0.0708470791578292,0.0204071663320064,-0.0104008233174681,0.0134523697197437,-0.0104008251801133,-0.0009970171377062,0.0604009106755256,-0.0178001523017883,-0.0036835670471191,-0.0145501047372818,-0.0140354167670011,-0.0247898045927286,-0.0028361990116536,0.0199445150792598,0.0909860059618949,0.0136106871068477,-0.0333447530865669,0.000242544687353,0.016970295459032,-0.0102810617536306,0.0169702861458063,0.0115704638883471,0.0033552686218172,0.0221669841557741,-0.0029161032289266,0.0019892163109034,-0.0200931131839752,-0.0793664455413818,-0.0101885050535202,-0.0509285926818847,0.0116711556911468,0.0058007794432342,0.0139125352725386,-0.0044518010690808,0.011441009119153,-0.0541336722671985,-0.0055485810153186,0.0117772435769438,-0.0001696061808615,-0.0709064155817031,0.0219188295304775,-0.0546193644404411,0.0189934782683849,0.0022548683919012,-0.0187923572957515
3479,-0.0104803275316953,-0.0265442188829183,-0.0157949142158031,0.0002678055316209,-0.0147935599088668,0.0040124747902154,-0.0343101993203163,-0.0061313593760132,-0.028482187539339,-0.01205166708678,0.0012631136924028,-0.0103538045659661,-0.0402621552348136,-0.0138217955827713,-0.0208802260458469,-0.0122225359082221,0.0157535821199417,-0.0085445083677768,-0.0210035294294357,-0.0135201243683695,-0.0157448947429656,0.0079042306169867,-0.0439963787794113,-0.003250214504078,-0.0167782884091138,0.0386970415711402,0.0006217493209987,-0.0068790190853178,-0.0146630238741636,0.0099058402702212,0.0182317458093166,0.0271741524338722,-0.0147934723645448,-0.0165949761867523,-0.0457295551896095,-0.0282521042972803,0.0022831005044281,-0.0165949910879135,-0.0203734394162893,-0.0069438070058822,0.0079433228820562,-0.0143964542075991,-0.0153533536940813,-0.0207756832242012,0.0067782066762447,-0.0287752412259578,-0.0109240924939513,-0.0401518307626247,0.0198325682431459,0.0020190253853797,0.0114545654505491,-0.0153969386592507,-0.0242373254150152,-0.0074044275097548,-0.010982746258378,-0.0057440684176981,0.0057935682125389,-0.0188742484897375,0.0037079509347677,-0.0210035294294357,-0.0095245670527219,-0.0210035312920808,-0.0180850848555564,0.0099522527307271,-0.0135822761803865,-0.0388276949524879,-0.008712163195014,-0.0063942493870854,-0.0374056845903396,-0.01035379152745,-0.017526376992464,-0.0860045626759529,0.007657263893634,-0.0472791083157062,-0.0034689423628151,-0.0055719129741191,-0.0134800290688872,-0.0055719022639095,0.0184944160282611,-0.0069614024832844,-0.0262373760342597,-0.0038242333102971,0.0339416898787021,-0.0246212780475616,-0.0035292815882712,-0.0212098117917776,-0.0030188136734068,0.0112082744017243,-0.0073493076488375,-0.0157005116343498,0.0182317420840263,-0.0115251513198018,-0.0055358028039336,-0.0139793157577514,-0.0071793016977608,-0.0318048559129238,-0.0262566432356834,0.0055588986724615,-0.0026625574100762,0.0114545654505491,-0.0136507153511047,-0.0197651050984859
3480,-0.010217853821814,-0.0011210008524358,-0.0104248067364096,-0.008743193000555,0.0005763337831012,-0.0042445426806807,-0.0312798470258712,-0.0080605596303939,-0.0337086468935012,-0.0049590375274419,-0.0011665844358503,-0.0207113474607467,-0.0104231312870979,-0.0130946496501564,-0.0002318453043699,-0.0063959378749132,0.0093772634863853,0.0041158939711749,0.0159083418548107,-0.0148337436839938,0.0052265278063714,0.0113860145211219,0.0079166255891323,0.0017219975125044,-0.0057866503484547,0.0324848294258117,0.0070408592000603,-0.0118069387972354,-0.0255963765084743,-0.0025375490076839,-0.0092732412740588,0.0237134061753749,0.00057633331744,-0.0356059670448303,-0.0126190865412354,-0.0049000256694853,0.0020935079082846,-0.0356059670448303,-0.0178449265658855,-0.0072245527990162,0.0072230268269777,0.0004589700256474,-0.0071235420182347,0.0090888068079948,0.0077012409456074,-0.0036291896831244,-0.0102025028318166,-0.0174372904002666,-0.0104001173749566,0.0082810325548052,0.0177929140627384,-0.0218272656202316,0.001541422214359,0.005633526481688,0.0062163523398339,-0.0021170449908822,0.009529179893434,-0.0013153951149433,0.0067094205878674,0.0159083399921655,-0.0059736697003245,0.0159083381295204,-0.0134609900414943,-0.0011568814516067,0.0045729004777967,-0.0133897764608263,-0.0127809289842844,-0.0277643986046314,-0.0323472954332828,-0.0207113493233919,0.0234273485839366,-0.0030800299718976,0.0080091468989849,-0.0104369539767503,-0.0102955335751175,0.0047250115312635,-0.0126717258244752,0.00472501385957,0.0064250258728861,0.0044748224318027,0.0045103570446372,-0.001145847258158,0.0324192382395267,-0.0258635692298412,0.0086118374019861,0.0158767271786928,-0.0103941783308982,0.0073434161022305,0.0034249327145516,0.0150958579033613,-0.0092732347548007,0.000848623458296,0.0051194624975323,-0.0132847717031836,-0.0076208608224987,-0.0059853489510715,-0.0053868279792368,-0.0007774435798637,0.0124706914648413,0.0177929140627384,0.0050888964906334,-0.0216829422861337
3481,0.0060564223676919,-0.0091671915724873,-0.0085694771260023,-0.0136561663821339,0.0027666601818054,-0.0029992265626788,0.0009516696445643,-0.0045171994715929,-0.0148611590266227,-0.0045506455935537,0.0221693366765975,-0.0129151511937379,-0.0010618945816531,-0.0081342561170458,-0.0053950119763612,-0.0258475020527839,0.0115049527958035,-0.0074486662633717,0.0119101898744702,-0.0088997231796383,-0.0256160795688629,0.0183226913213729,-0.0035757794976234,-0.0351578406989574,0.0030244004447013,0.0120410583913326,-0.0062483744695782,-0.0088924616575241,0.005973941180855,-0.0018727295100688,-0.0090314485132694,0.0047228094190359,0.0027666692622005,0.0099369911476969,-0.0003504320629872,-0.0412417203187942,0.0004798357840627,0.0099370032548904,-0.0086327558383345,0.0009100714232772,0.0121438987553119,-0.0122685255482792,-0.0374926477670669,0.0105954194441437,0.0124885737895965,0.0004145563580095,0.0099627049639821,-0.0051653441041707,-0.0110496515408158,-0.0061649493873119,0.0338540226221084,-0.0106230676174163,0.0230963584035635,0.0043181525543332,0.0168081503361463,-0.0012791759800165,0.0184850394725799,0.0071706576272845,0.0129647701978683,0.0119101870805025,-0.0029320789035409,0.0119101908057928,-0.0079439347609877,0.0396769158542156,0.0285622552037239,0.019278910011053,-0.0126639567315578,0.0061032623052597,0.0190116185694932,-0.0129151493310928,0.0108329150825738,-0.0997476652264595,-0.0027314848266541,0.0008456765790469,-0.0092234052717685,0.010651858523488,-0.010489129461348,0.0106518622487783,0.0166637077927589,-0.0100924856960773,-0.0212716571986675,0.0010591072496026,0.0099300248548388,0.0133286155760288,0.0140970386564731,0.0124206654727458,-0.01429043430835,0.0008395147742703,0.0116194747388362,0.0065445736981928,-0.0090314466506242,-0.0136415623128414,0.0057899812236428,-0.0100634600967168,0.0141920857131481,0.0118678882718086,-0.0030592954717576,-0.0052577806636691,0.0285066962242126,0.0338540226221084,0.0068069854751229,-0.0158057752996683
3482,-0.0041886647231876,-0.0120040224865078,-0.0182378776371479,-0.0164934638887643,0.003504091175273,0.0098192440345883,-0.0331635512411594,0.0027066455222666,-0.0130405332893133,-0.0237763039767742,-0.0054496568627655,-0.0033674067817628,-0.0179630555212497,-0.0077706268057227,-0.0122258542105555,0.0136283580213785,0.0266610831022262,-0.0177030563354492,-0.0117963617667555,-0.006525213830173,-0.0167636759579181,0.0010586322750896,-0.0118577936664223,-0.0055311559699475,-0.0029243596363812,-0.033663984388113,-0.0256186537444591,0.001021321164444,0.0026983702555298,-0.0065346579067409,0.0160755068063735,-0.0276887621730566,0.0035040890797972,-0.0112439999356865,-0.0191341005265712,0.0087463445961475,-0.0006148647516965,-0.0112439971417188,-0.0159056931734085,0.0032920571975409,0.0208859257400035,-0.0082464646548032,0.019496101886034,0.0037554702721536,-0.0325454324483871,-0.0119439531117677,-0.0045575546100735,-0.0175128784030675,0.0167888347059488,-0.0246769767254591,0.0016410035314038,-0.0172094497829675,-0.0040227649733424,0.0058956574648618,0.0205815844237804,-0.0170191414654254,0.0028973896987736,0.001736728940159,-0.0322967171669006,-0.0117963533848524,-0.0116980131715536,-0.0117963552474975,-0.0186253078281879,-0.0051762559451162,0.0083100832998752,0.0378592424094677,-0.0188029278069734,-0.0037661353126168,-0.0169526003301143,-0.0033674119040369,0.0170865803956985,0.0203860327601432,-0.0208722874522209,-0.0173749458044767,-0.0089809196069836,-0.0232672430574893,-0.018608633428812,-0.0232673306018114,0.0286627076566219,-0.0041615366935729,0.0088375248014926,0.0063402871601283,-0.0327601283788681,-0.0129370363429188,0.0033684847876429,-0.0119768641889095,0.0035368278622627,-0.030351847410202,0.0255152657628059,0.0131336422637104,0.0160755068063735,0.0135987950488924,0.0030970736406743,-0.0185893811285495,-0.0024650408886373,0.0219445619732141,-0.0100412033498287,-0.005820469930768,-7.796124555170536e-05,0.0016410035314038,0.0176955126225948,-0.0197633188217878
3483,-0.010446798056364,-0.0374776348471641,-0.0145001076161861,0.0188545119017362,-0.0118566406890749,0.0148400785401463,-0.0374237596988678,-0.0117079960182309,-0.0290101710706949,0.0069107986055314,-0.0284761823713779,-0.033692542463541,-0.0345328897237777,-0.0339075624942779,-0.0209731385111808,0.0159866828471422,0.0152859557420015,-0.0074861207976937,0.0151465563103556,-0.0201541278511285,-0.0059137754142284,-0.0010053100995719,-0.0261782743036746,-0.0210118480026721,-0.0224475525319576,0.0231109410524368,-0.0001635656226426,-0.0102369748055934,-0.009612975642085,-0.0236767325550317,0.0392894372344017,0.0061122635379433,-0.0118566276505589,-0.0157902967184782,-0.0398356132209301,0.0054372586309909,0.0049134045839309,-0.0157902799546718,-0.0235399529337883,-0.011840677820146,0.0049857613630592,-0.0269467886537313,0.0245763659477233,-0.0275193937122821,0.020704161375761,-0.0421957708895206,-0.009263758547604,-0.0363349318504333,0.0426335930824279,-0.0043297498486936,-0.0156108569353818,-0.014143175445497,-0.0168123804032802,0.0079418942332267,0.0241746362298727,0.0019117197953164,-0.0023229564540088,0.000578170409426,0.017955757677555,0.0151465497910976,-0.0045644654892385,0.0151465497910976,-0.0145424790680408,-0.0577347874641418,0.0040535163134336,0.011652871966362,0.0104085961356759,-0.0030504751484841,-0.0328475087881088,-0.0336925350129604,-0.0326069071888923,-0.0089649874716997,8.301530033349991e-05,-0.0397190377116203,-0.0263837538659572,0.0064820633269846,0.0049064359627664,0.0064820321276783,0.0036991816014051,-0.020330399274826,-0.0045303734950721,0.0011084490688517,0.0166200120002031,-0.0162779428064823,0.0136415511369705,0.0150717981159687,-0.0116296298801898,0.0089499279856681,-0.0030093044042587,-0.0131204985082149,0.0392894372344017,0.0080066323280334,0.0015225212555378,-0.0068183219991624,-0.0090423002839088,-0.0211642738431692,-0.0147012528032064,-0.028429590165615,0.0064129182137548,-0.0156108569353818,0.0038596587255597,-0.0312454029917716
3484,-0.0152992373332381,-0.0164872892200946,-0.0205793902277946,-0.0290551669895648,0.0091461259871721,0.0026182071305811,-0.0349510312080383,-0.0158429276198148,-0.0225269477814435,-0.0073882676661014,0.0038785180076956,-0.0123829692602157,-0.0106327626854181,-0.010563894174993,-0.0131669845432043,-0.0239353142678737,0.0133783156052231,-0.0254992749541997,-0.0174499470740556,-0.0208668522536754,-0.0151090808212757,0.0066793020814657,-0.0354647301137447,-0.0152040403336286,-0.0317702703177928,0.0176948048174381,-0.002180014969781,-0.0110323755070567,-0.0097340764477849,-0.0010140165686607,-0.0029929007869213,-0.0229989327490329,0.0091461278498172,-0.0211972221732139,-0.0125712556764483,-0.0263740271329879,0.0038766737561672,-0.0211972184479236,-0.0119190700352191,-0.0186296626925468,0.010102704167366,-0.017408974468708,-0.0216560922563076,-0.0325402207672596,0.0134748648852109,-0.0124014727771282,-0.016226751729846,-0.0144053371623158,-0.0026437113992869,-0.0046013873070478,0.0131450518965721,-0.0130469305440783,-0.0012703598476946,0.0013037245953455,0.0031674345955252,-0.0033247866667807,0.0061581931076943,-0.0058144610375165,0.0135130481794476,-0.0174499489367008,-0.005546742118895,-0.0174499489367008,-0.0112501457333564,0.0141101349145174,0.0009214058518409,-0.0106634348630905,-0.0264839753508567,-0.0113185169175267,-0.0304649230092763,-0.0123829673975706,-0.0310553386807441,-0.0577448233962059,-0.022259010002017,-0.0108721582219004,-0.0203257519751787,0.0118913706392049,-0.0192433856427669,0.0118913697078824,0.0116628957912325,-0.0089190965518355,-0.0284635387361049,0.0052554062567651,-0.0059185661375522,-0.0235031433403491,0.0023825163953006,-0.0175709407776594,-0.0068078069016337,0.0099829295650124,0.0093243950977921,-0.0312817692756652,-0.0029929028823971,-0.0261259358376264,-0.0007211295305751,-0.0153224598616361,-0.0154032418504357,0.0036263978108763,-0.0113095743581652,-0.0060856998898088,0.005187205504626,0.0131450518965721,0.0079239569604396,-0.0233413223177194
3485,-0.0031296676024794,-0.0196263305842876,-0.0006593865691684,0.0401202738285064,-0.0039497883990406,0.0105560664087533,-0.0422836057841777,-0.003139307256788,-0.0302219577133655,0.0041093500331044,-0.0057249525561928,-0.0228389613330364,-0.0327717624604702,-0.0268308166414499,-0.017833849415183,0.0113570326939225,0.0105726979672908,-0.0066975159570574,0.0154529018327593,-0.0147971734404563,-0.0032345317304134,-0.0082032401114702,-0.0465080887079238,0.0161078218370676,-0.0250774957239627,0.0046057738363742,0.0136520601809024,0.0035512982867658,-0.0180959720164537,0.015969555824995,0.0263934787362813,0.00553441606462,-0.0039497767575085,-0.0229506026953458,-0.0283458214253187,-0.0047114193439483,0.0059503922238945,-0.0229506101459264,-0.0068318387493491,-0.0066484455019235,0.0011636118870228,0.0013679121620953,0.0148656489327549,-0.0253521800041198,0.0442373789846897,-0.032660961151123,-0.0039417734369635,-0.0155891329050064,0.0289509519934654,0.0097921835258603,-0.0265854932367801,-0.0007727632764726,-0.0108461938798427,0.0048067094758152,0.006576863117516,-0.008001116104424,-0.0087104421108961,-0.0034775116946548,0.042121198028326,0.0154529083520174,-0.0161584019660949,0.0154529036954045,-0.0226266868412494,0.0023312475532293,0.0040434286929667,-0.0190356820821762,0.0270481947809457,-0.0138867320492863,-0.0339313372969627,-0.0228389576077461,-0.0293929036706686,-0.0512006282806396,0.0052722203545272,-0.0364952534437179,-0.0168649591505527,0.0297775939106941,0.0144653879106044,0.0297775864601135,0.0039376593194901,0.0105320923030376,-0.0089379120618104,0.0014229696244001,0.0055710477754473,-0.0201853364706039,0.0124663887545466,0.0158550459891557,0.0072685796767473,0.0345322377979755,-0.0064348485320806,-0.0090064741671085,0.026393475010991,0.0082326726987957,-0.0018101320601999,-0.0068223001435399,-0.0026591275818645,-0.0225992649793624,-0.0129348002374172,0.0134157733991742,0.0142317451536655,-0.0265854932367801,-0.0044619562104344,-0.0249266400933265
3486,-0.0178151782602071,-0.0268859323114156,-0.0043293787166476,-0.0243240632116794,0.0060369735583662,0.00522016081959,-0.0286227315664291,-0.0143410675227642,-0.0207681655883789,-0.0144328819587826,-0.0057517574168741,-0.0054042944684624,0.0002327768597751,-0.0098047936335206,0.0006336872465908,-0.0291955713182687,0.0049166497774422,-0.0064928485080599,-0.0420031957328319,-0.0180449485778808,-0.0276286862790584,0.007949692197144,-0.0258878879249095,-0.0097980573773384,-0.0202775187790393,0.0030646978411823,-0.0054016723297536,-0.023219596594572,-0.0210396274924278,-0.0082013234496116,0.0044084973633289,-0.0093780923634767,0.0060369707643985,-0.0326700396835804,0.0052329814061522,-0.0444284118711948,0.0008360501378774,-0.0326700434088707,-0.0050444528460502,-0.0047196606174111,0.0054792137816548,-0.0190147180110216,-0.0309359263628721,-0.0402818135917186,0.0197060238569974,-0.0234806798398494,-0.0130489971488714,-0.004970425274223,0.0045385961420834,-0.0046042590402066,0.0121362879872322,-0.0087624285370111,0.0136398905888199,-0.0042129326611757,-0.0064879991114139,-0.0072363223880529,0.006588002666831,-0.0099350325763225,0.0202312096953392,-0.0420031920075416,-0.0063328850083053,-0.0420031920075416,-0.0159071423113346,-0.0102375531569123,0.0040529915131628,-0.0198145806789398,-0.0244746003299951,-0.0194788686931133,-0.0474231205880641,-0.0054042991250753,-0.0470466166734695,-0.1135931015014648,-0.0045102182775735,0.0053970082662999,-0.0068502500653266,0.018579751253128,-0.0206364635378122,0.0185797493904829,0.0071026403456926,-0.007054547779262,-0.0446988940238952,0.0055610011331737,-0.0021933338139206,-0.0400079824030399,-0.0009951258543878,-0.0412422493100166,-0.0343149527907371,0.0084495926275849,-0.0027152691036462,-0.0398933067917823,0.0044084973633289,-0.0309066250920295,-0.0011882802937179,-0.0175551325082778,-0.0097808595746755,-0.0150271970778703,-0.0140839219093322,-0.0093017872422933,0.010943166911602,0.0121362879872322,-0.0013911603018641,-0.0256382469087839
3487,-0.0151031389832496,-0.0273230504244565,0.0086242333054542,-0.0056101353839039,-0.0072476109489798,0.0021329065784811,-0.0376919098198413,-0.0156454816460609,-0.01977408118546,-0.0055172834545373,0.0104786995798349,-0.0056646871380507,-0.0306291468441486,-0.01015839073807,-0.0116758188232779,0.0057997549884021,0.0064360285177826,-0.0008068929892033,-0.0190151538699865,-0.0218772608786821,0.0150505974888801,0.0056839273311197,-0.0566695556044578,0.0078459242358803,-0.0267653055489063,0.0482399202883243,0.007924661040306,-0.0200591012835502,-0.0076818582601845,0.0247760619968175,0.0094818845391273,0.0295438058674335,-0.0072476239874958,-0.0099120382219553,-0.0267068855464458,0.0229545589536428,0.0051367850974202,-0.0099120214581489,0.0067331492900848,-0.0105760060250759,0.0001752258976921,-0.0092704202979803,0.0204962398856878,-0.0386069640517234,0.0347158201038837,-0.0294673182070255,-0.0120347179472446,-0.0076159378513693,0.0102354222908616,-0.0011277322191745,0.0082831848412752,0.0125835500657558,-0.0208193846046924,0.0038058878853917,0.0116021800786256,-0.0075583942234516,0.0032482547685503,-0.0048553608357906,0.033543661236763,-0.019015148282051,-0.0216347277164459,-0.0190151557326316,-0.0270244926214218,0.0333764478564262,-0.004298685118556,-0.0076080970466136,-0.0115464115515351,-0.0032460219226777,-0.0193189792335033,-0.0056646969169378,-0.0433226078748703,0.0770347565412521,0.0202800724655389,-0.0354590900242328,0.0013259609695523,0.0216902438551187,-0.014574802480638,0.021690260618925,-0.0036466845776885,0.0006410760106518,0.0022239694371819,-0.001899640308693,0.0420054830610752,-0.0148766404017806,0.0080593144521117,-0.0192759148776531,-0.0262588337063789,0.0236637778580188,-0.0049560191109776,-0.0259265601634979,0.0094818845391273,-0.003775106742978,-0.0012076459825038,-0.0205157399177551,-0.0078796362504363,-0.0140261817723512,-0.0152560528367757,0.0229758433997631,0.0023970769252628,0.0082831848412752,-0.0017577381804585,-0.0257745273411273
3488,-2.9606744647026065e-05,0.0043149208649992,-0.0032148498576134,0.0100801289081573,0.0048373043537139,0.0062329871580004,-0.0258002933114767,-0.0282661560922861,0.002699033357203,0.005683874245733,-0.0178558584302663,0.0073449276387691,0.0126922018826007,0.0082012023776769,0.0072038015350699,-0.0068265795707702,-0.0013216284569352,-0.0033102403394877,0.0026477966457605,-0.0343140661716461,-0.0026929597370326,0.0039218384772539,0.016389612108469,-0.0095958169549703,-0.0236439369618892,-0.0203059390187263,-0.0023490232415497,-0.0262635387480258,-0.0076816119253635,-0.0216115023940801,0.0069989040493965,-0.0205821767449378,0.0048373006284236,-0.0133546348661184,0.018946623429656,-0.0025717034004628,0.0125443870201706,-0.0133546348661184,0.0005311644636094,-0.0254413522779941,0.0052069486118853,-0.0042767352424561,-0.0065258797258138,-0.0004078965866938,-0.0017080624820664,0.0085580479353666,0.005634662695229,0.0159067399799823,0.0057111266069114,-0.0045239659957587,-0.0089567610993981,-0.0113370213657617,-0.0069452477619051,-0.008111223578453,-0.0003696018829941,0.0034511918202042,0.0035519315861165,-0.005159521009773,-0.002959955483675,0.0026477952487766,0.0126029532402753,0.0026477922219783,0.0048589291982352,-0.0507207065820694,-0.0086603797972202,0.0222197752445936,0.0105178346857428,-0.0081382794305682,-0.0105429757386446,0.0073449229821562,0.0055622849613428,0.0056108646094799,-0.0138575881719589,0.0151261230930686,0.0023498854134231,-0.0041381018236279,0.0108298016712069,-0.0041381185874342,0.0005614461260847,-0.0099251884967088,0.0019039902836084,0.0064939521253108,-0.0193161815404891,-0.0103240273892879,-0.0125237498432397,0.0029259617440402,-0.0311536248773336,-0.0066811330616474,0.0080271642655134,0.0059357546269893,0.0069989054463803,-0.001019695890136,-0.0024762949906289,0.0063142855651676,0.0115911662578582,0.0068061742931604,-0.0062385220080614,-0.0239017270505428,-0.0191019047051668,-0.0089567610993981,0.017594426870346,-0.0308099724352359
3489,-0.0130153317004442,-0.0201737806200981,-0.0075307562947273,-0.0230568796396255,0.0087195234373211,0.0134962080046534,-0.0312910601496696,-0.0170881450176239,-0.0230079106986522,-0.0193763729184865,-0.0006754554342478,-0.004037469625473,-0.0308153834193944,-0.0064177131280303,-0.0102235879749059,-0.005524159874767,0.0031946538947522,-0.0093393139541149,-0.0194779634475708,-0.0237888507544994,-0.0180269461125135,0.0107723241671919,-0.0194972250610589,0.0008059465908445,-0.0282989665865898,-0.0088928984478116,-0.0077889650128781,-0.0137433130294084,-0.021547082811594,0.0033414850477129,0.0192620493471622,-0.010344723239541,0.0087195271626114,-0.0323363989591598,-0.0327572897076606,-0.0226981099694967,-0.0067294728942215,-0.0323364026844501,-0.0066797416657209,-0.0192413311451673,0.0015778514789417,-0.0079920478165149,-0.0066107623279094,-0.0310722291469573,-0.0073299529030919,-0.0188413076102733,-0.0126813817769289,-0.0267609525471925,0.0209356769919395,-0.0020538887474685,0.0313927605748176,-0.0030181272886693,-0.0092699183151125,-0.0057191462256014,-0.001690159086138,-0.0134671749547123,0.0090681817382574,-0.0120360702276229,-0.006289130076766,-0.0194779615849256,-0.0107248276472091,-0.0194779671728611,-0.0182462073862552,-0.0004012044519186,-3.051944077014923e-05,-0.0248408820480108,-0.024626437574625,-0.0263692792505025,-0.0292632859200239,-0.004037438891828,-0.0359522253274917,-0.0763497427105903,-0.0039139580912888,-0.0354027077555656,-0.0057240291498601,0.0011873724870383,-0.022153427824378,0.0011873098555952,-0.0013836086727678,-0.0006359050748869,-0.0265526790171861,0.0097831338644027,-0.0100750736892223,-0.0292160008102655,0.0023665388580411,-0.0199203267693519,-0.01202561147511,-0.0019945218227803,0.0011510805925354,-0.021683057770133,0.0192620456218719,-0.0075693726539611,-0.0063668703660368,-0.0203515570610761,-0.0096192024648189,0.0008769745472818,-0.0203721784055233,0.0040532532148063,0.0078372359275817,0.0313927605748176,0.0007966952398419,-0.0272938348352909
3490,-0.0004244646988809,0.0128328679129481,0.0255794376134872,-0.0023105796426534,0.0116799566894769,-0.0075563890859484,-0.0162674970924854,0.0016139902872964,0.0032664807513356,-0.0023273194674402,-0.0063290046527981,0.028273768723011,0.0076138554140925,0.0450475551187992,0.0499610900878906,0.0150544727221131,0.0476378165185451,0.0435747765004634,0.0133545920252799,-0.0043765404261648,-0.0108384974300861,0.0266624800860881,0.0132159329950809,0.0205130726099014,-0.0029006085824221,-0.017319768667221,0.0013947064289823,0.0042888806201517,0.0043161427602171,0.0123074511066079,-0.0259394869208335,-0.0141699640080332,0.0116799063980579,-0.0102981589734554,-0.0121234767138957,-0.003880513831973,0.012994484975934,-0.0102981645613908,0.0297539494931697,-0.0037915301509201,0.0413415320217609,0.023041408509016,0.0070052873343229,0.0019048480316996,0.0057746395468711,0.0296557284891605,-0.0047195204533636,-0.0009198142215609,-0.0302126910537481,0.0024449881166219,0.0400241464376449,0.0345281958580017,-0.0184097774326801,0.016120508313179,0.0103326523676514,-0.0042990013025701,0.0292751677334308,0.005704328417778,0.0064258798956871,0.0133545882999897,-0.0029955725185573,0.0133545910939574,-0.0038605141453444,-0.0354115925729274,-0.0073518007993698,0.0120826205238699,-0.0004555822815746,0.0009251390583813,-0.0193381905555725,0.0282737594097852,0.0079757291823625,-0.0643172189593315,0.0137192700058221,-0.0108573632314801,0.0162914935499429,0.0080818310379982,-3.1161936931312084e-05,0.0080818319693207,0.0518608167767524,0.0144176203757524,0.0013242457062005,0.0040223146788775,-0.021671999245882,-0.0123354587703943,0.0014808468986302,0.0145899131894111,0.0099721541628241,0.0022658021189272,0.0281354989856481,0.0103000057861208,-0.0259394850581884,0.0137270148843526,0.0211469139903783,-0.0028957191389054,-0.0079356236383318,0.0130900759249925,0.0108386147767305,0.0129407551139593,-0.0124464565888047,0.0400241464376449,0.0205847341567277,-0.0094066010788083
3491,0.0231642574071884,0.029125016182661,0.0331179164350032,0.0376492142677307,0.0356442146003246,0.0261465106159448,0.0128590948879718,0.0122279189527034,0.0495355948805809,0.0236802995204925,0.0214085429906845,0.0189510062336921,0.0543156005442142,0.0304184239357709,0.0446613430976867,0.0088464617729187,0.0031893688719719,0.033844131976366,0.016154495999217,0.0055236504413187,-0.0044378438033163,0.0366627015173435,0.0568145290017128,0.0272143222391605,0.0024620641488581,-0.0076449052430689,0.0013049652334302,0.0164634808897972,0.0213362127542495,0.029867198318243,0.0162202734500169,-0.0086386743932962,0.0356442034244537,0.0127961188554763,0.0494213625788688,-0.0045091267675161,0.018528651446104,0.0127961337566375,0.0386125110089778,0.0052938694134354,0.017527712509036,0.0285599324852228,0.0002586105838418,-0.0036931075155735,0.0043724477291107,0.0354357399046421,0.0135433068498969,0.0436379462480545,0.0102830789983272,0.0042145932093262,0.0570440962910652,0.0388835668563842,0.0263282563537359,0.0035093887709081,-0.0186448823660612,0.0109438300132751,0.0332745648920536,0.0116946808993816,0.0069351689890027,0.0161545034497976,0.0119062270969152,0.0161545015871524,0.0153782069683074,0.0093459784984588,0.0045281476341187,-0.0034659076482057,0.0380414128303527,0.0197997279465198,-0.000433083390817,0.0189510472118854,-0.0100896377116441,-0.0349249802529811,0.0116888722404837,0.050971370190382,0.0114100631326437,0.0157679188996553,0.032206866890192,0.0157679170370101,0.0137161370366811,0.0248521547764539,-0.0029779099859297,0.0341272503137588,-0.0111925341188907,0.0072145862504839,-0.0091929361224174,0.0164964515715837,0.0250746253877878,-0.0051515819504857,0.0150059154257178,-0.0020009521394968,0.0162202008068561,0.0027814684435725,0.0210110377520322,0.0221960358321666,0.0150578115135431,0.0122093586251139,0.0403202511370182,0.027991060167551,-0.0028285044245421,0.0570440962910652,0.0155750997364521,0.0128765869885683
3492,-0.0029994247015565,-0.0073155551217496,-0.025944784283638,-0.0274527445435524,-0.0005968087352812,0.0002632000250741,-0.0339745581150054,-0.0022302297875285,-0.0047108242288231,-0.0122425751760602,0.0125957913696765,0.0048887049779295,-0.0100867580622434,0.0003800310660153,-0.0084323128685355,-0.0109451953321695,0.0329581126570701,-0.0161113869398832,-0.0340996347367763,-0.0112224202603101,0.0026235254481434,0.0129526257514953,-0.0118117425590753,0.0007173530757427,-0.0174887888133525,-0.0031395645346492,-0.0142211653292179,0.0031204223632812,-0.0056331013329327,0.0094863856211304,0.0033261254429817,-0.0124760875478386,-0.0005968074547126,-0.0364234372973442,-0.0179213676601648,0.0088979257270693,0.0066642193123698,-0.0364234447479248,-0.0235774759203195,-0.0078618042171001,0.0304614156484603,-0.0012120195897296,-0.0074266917072236,-0.0156513899564743,-0.0137236565351486,-0.0069685261696577,-0.0047993496991693,-0.0314409881830215,0.0032238848507404,-0.0161809250712394,0.0228771492838859,-0.0254527777433395,0.0221417807042598,0.0050629726611077,0.0078143309801816,-0.011227305047214,0.0145438071340322,0.0041479244828224,-0.0114604076370596,-0.034099631011486,-0.0153266200795769,-0.0340996384620666,-0.0173002276569604,0.0248381104320287,0.0269488301128149,0.0108569106087088,-0.0238845758140087,-0.0193018987774848,-0.05498568713665,0.0048887161538004,-0.0101489359512925,0.0846113637089729,-0.0175869725644588,-0.0098461508750915,-0.0009078668663278,-0.0053675333037972,-0.0187839958816766,-0.0053675738163292,0.046726755797863,0.0059036826714873,0.0064964462071657,-0.001212787698023,-0.0100518111139535,-0.0441009700298309,0.0115988329052925,-0.034451488405466,0.0094212656840682,-0.0152070065960288,0.0320615991950035,-0.0086539387702941,0.0033261242788285,-0.0116024948656558,0.0059316796250641,-0.019398832693696,-0.0062207356095314,0.0235514901578426,-0.0060054128989577,0.0061607845127582,0.0261084847152233,0.0228771492838859,0.0168983228504657,-0.0203080233186483
3493,-0.0080522364005446,-0.0150233041495084,-0.0225254297256469,-0.013694379478693,0.0135130500420928,0.0149052571505308,-0.0200258418917655,-0.0109046138823032,-0.0318292118608951,-0.0047663589939475,0.0184482373297214,-0.0301705002784729,-0.0248224660754203,-0.0295810494571924,-0.0204964820295572,0.0116002950817346,0.0264793708920478,-0.0133220953866839,-0.0025700151454657,-0.0171021614223718,0.0164512079209089,0.0140499304980039,-0.0124404812231659,0.0110267894342541,0.0001035596942529,0.0122454883530735,0.0210215076804161,-0.0250297952443361,-0.0005501355044543,0.018128341063857,0.0180126074701547,-0.0020669854711741,0.0135130491107702,-0.0177893806248903,-0.0306149795651435,0.0184588562697172,0.0085294703021645,-0.0177893787622451,-0.0291309617459774,0.0001428765244781,0.0301335863769054,0.0004653742071241,0.020957613363862,-0.0020561120472848,0.0719782635569572,-0.0264267548918724,-0.0017414968460798,-0.0353457368910312,0.01984922029078,0.0092804180458188,0.0179525110870599,-0.0238717682659626,-0.0019371649250388,-0.0031812551897019,0.014313394203782,0.0029036730993539,0.0165223106741905,1.649651676416397e-05,0.0721932649612426,-0.0025700228288769,0.0086911404505372,-0.0025700170081108,-0.0051731360144913,0.0389158353209495,0.0153862135484814,0.0483318828046321,-0.0144429486244916,-0.0077329715713858,-0.0196994803845882,-0.0301704965531826,0.0093502392992377,0.0471411608159542,-0.0098910732194781,-0.0268019475042819,-0.025671737268567,0.0580298081040382,-0.0103352749720215,0.0580298081040382,0.0388917103409767,0.0077535244636237,0.0092025771737098,0.0124362129718065,0.0056818798184394,-0.0161506086587905,-0.0021275109611451,-0.0024812123738229,-0.0360262021422386,0.0394037663936615,0.0344303771853446,0.0024004061706364,0.0180126018822193,0.0070182848721742,0.0019826076459139,-0.0074525484815239,0.0068013491109013,0.0310052670538425,-0.0121555114164948,0.0213301051408052,0.0010925224050879,0.0179525110870599,0.0269706454128026,-0.0264946073293685
3494,0.0012220852077007,-0.0092028798535466,0.0094149596989154,-0.0271013434976339,-0.0097978981211781,-0.0025647804141044,-0.0239850468933582,-0.0004825872601941,-0.0199668668210506,-0.0181766562163829,0.0193225853145122,-0.0247654821723699,-0.0047268387861549,-0.0227221585810184,-0.0094927009195089,-0.022955734282732,0.0115083530545234,-0.0056526605039834,0.0111141633242368,-0.0110707804560661,-0.0180499386042356,0.0043042534962296,-0.0224081054329872,-0.0061781196855008,-0.0078567322343587,0.0145715326070785,-0.0192900020629167,0.005584386177361,-0.0065055210143327,0.0124127492308616,0.0016054761363193,0.01557607203722,-0.0097978971898555,-0.010316027328372,0.0075727272778749,-0.0123127270489931,-0.0017027062131091,-0.0103160059079527,0.0070339953526854,-0.0071874833665788,0.0062850494869053,-0.0101021584123373,-0.0237259436398744,0.0154518857598304,-0.0056546619161963,-0.0124399969354271,-0.0014904182171449,0.0111288195475935,0.000843305257149,-0.0247385930269956,0.0117928329855203,0.0080766137689352,0.014245425350964,0.0015953932888805,0.0044983676634728,0.0088479183614254,0.0042932424694299,-0.0030140476301312,-0.0064848475158214,0.0111141633242368,0.0265105552971363,0.0111141661182045,0.0072483415715396,0.0544893369078636,0.0133957453072071,-0.0183377638459205,-0.0287757329642772,-0.0075498255901038,-0.0121552590280771,-0.0247654840350151,0.032001256942749,0.0061602164059877,0.0116856014356017,-0.0007379963062703,-0.0147644244134426,-0.0108759719878435,-0.0236478094011545,-0.0108759645372629,0.0145431496202945,0.0010691431816667,0.0019780225120484,-0.0042623807676136,0.0184500515460968,-0.00763043994084,0.0108105950057506,0.0112365242093801,0.0155311245471239,-0.0174741707742214,0.0040417369455099,0.0165311284363269,0.0016054810257628,-0.0094258310273289,-0.0021729562431573,-0.005719837732613,1.7636368284001946e-05,-0.0042350431904196,-0.0111456699669361,0.011835541576147,0.0235640220344066,0.0117928329855203,-0.0036289561539888,-0.0230621844530105
3495,-0.0003591087879613,0.018714465200901,-0.0097289513796567,-0.1400432288646698,0.0026748811360448,0.0117877461016178,-0.0375391915440559,-0.0058415886014699,-0.0372349806129932,-0.046260118484497,-0.0350075177848339,-0.0352111607789993,-0.0084157399833202,-0.0248891226947307,-0.0093064336106181,0.0133344838395714,0.0182311777025461,-0.0042114164680242,0.0294405855238437,-0.0155206266790628,0.0010513700544834,-0.0097982697188854,-0.0090323416516184,0.0257595740258693,-0.0272176917642354,0.0498168617486953,0.0153306433930993,-0.0017393755260854,0.0062135439366102,-0.0095676146447658,0.0219088196754455,0.0329058840870857,0.0026748836971819,0.0138536822050809,-0.0057105403393507,-0.0020995929371565,-0.0249769613146781,0.0138536822050809,-0.0168697405606508,-0.0027967805508524,0.0044827372767031,0.0192249342799186,0.0232055466622114,-0.0416006110608577,0.0248695146292448,2.272706478834152e-05,0.0034975139424204,-0.0119134793058037,0.0240741576999425,0.0149521473795175,0.0002943539293482,-0.0187579989433288,0.0136491935700178,0.0210011508315801,0.0431316867470741,-0.0105669824406504,-0.0083201145753264,0.0160356052219867,0.0230106338858604,0.0294405817985534,-0.0121654812246561,0.0294405780732631,-0.0198155604302883,-0.062838390469551,0.0262840166687965,0.0396168008446693,-0.1184238493442535,0.0097598740831017,0.0192012637853622,-0.0352111496031284,-0.0501131415367126,-0.0498713478446006,0.0112801529467105,-0.0038681295700371,-0.0214057024568319,0.0159598626196384,-0.0887316018342971,0.0159598663449287,0.0029942451510578,0.0218933783471584,-0.0178555455058813,0.0056673195213079,0.0451151691377162,0.0196734108030796,0.028941186144948,0.0303671211004257,-0.0039188927039504,0.0240592509508132,0.0059300465509295,-0.0300723258405923,0.0219088196754455,0.0011201752349734,0.0069547034800052,-0.0524018108844757,0.0068776011466979,0.0071396101266145,-0.0030589736998081,-0.0081890365108847,0.0261013563722372,0.0002943539293482,0.0017113876529037,-0.0275607593357563
3496,-0.0057143308222293,-0.0308357812464237,0.0090783527120947,-0.0160462222993373,0.0048720818012952,0.0122217293828725,-0.0416961312294006,0.0004665160377044,-0.0271143615245819,-0.0092539601027965,0.0016390243545174,-0.007853427901864,-0.0144816366955637,-0.0132451858371496,-0.0073769744485616,0.002476564142853,0.0127521464601159,-0.0005554298404604,-0.0251751858741045,-0.0110233779996633,-0.0108536891639232,0.0146373538300395,-0.0333314426243305,-0.0204944591969251,-0.0229354798793792,0.0139465071260929,-0.003832378424704,0.0039690593257546,-0.003836702555418,-0.0058970814570784,0.0182752683758735,0.0137004293501377,0.004872084595263,-0.0210359152406454,-0.0132790300995111,-0.0058823255822062,0.0051219649612903,-0.0210359077900648,0.0046042525209486,-0.0024667403195053,0.0071813575923442,-0.0223470646888017,0.0085926139727234,-0.0367071032524108,0.0162562821060419,-0.027564812451601,-0.0072826207615435,-0.0103103201836347,0.020029341802001,-0.0062693273648619,0.0252919699996709,0.0171279851347208,0.0123141575604677,0.0035054192412644,0.0283637791872024,-0.0007086718687787,0.012118823826313,0.0035647107288241,0.0147667322307825,-0.0251751840114593,0.0006810058839619,-0.0251751840114593,-0.0117293512448668,0.0061465948820114,0.0248242355883121,0.0430626720190048,-0.0187743045389652,-0.0070131043903529,-0.0376245006918907,-0.0078534260392189,-0.0436897501349449,-0.0282889623194932,0.0166968833655118,-0.0121290907263755,-0.0028159753419458,0.0115572093054652,-0.0160624701529741,0.0115572046488523,0.0040447814390063,-0.0108477743342518,-0.01542061381042,0.0083252489566802,0.0151379443705081,-0.0281021632254123,0.0109020723029971,-0.0254350136965513,0.0092605631798505,0.0065951868891716,0.004518961533904,-0.0227311439812183,0.0182752758264541,-0.0031078890897333,0.0013872238341718,-0.014044270850718,-0.0053634182550013,-0.0041993428021669,-0.0147386658936738,-0.0096108485013246,0.0166460592299699,0.0252919699996709,0.007715106010437,-0.0236876364797353
3497,-0.0132981352508068,-0.0072319321334362,-0.0105403624475002,0.0117208985611796,-0.0063661010935902,0.0013170086313039,-0.0352329052984714,-0.0234357584267854,-0.0353274531662464,-0.0097636133432388,-0.0255473181605339,-0.0221316944807767,-0.0266431216150522,-0.0196481943130493,-0.0092848846688866,-0.0109445955604314,-0.000869104405865,-0.0031236980576068,-0.0140057122334837,-0.0285681635141372,-0.0149917257949709,-0.0134067004546523,-0.0136393904685974,0.004007926210761,-0.0295636337250471,-0.0040191495791077,0.0039563328027725,-0.0217821076512336,0.0046319547109305,-0.0082525825127959,0.0076720677316188,0.0035841220524162,-0.0063661048188805,0.0106176231056451,-0.027191087603569,-0.0274130478501319,-0.0055382405407726,0.0106176026165485,-0.0176952704787254,-0.0184897817671298,-0.0053596114739775,-0.0041944496333599,-0.0095283528789877,-0.0399360135197639,0.0090588871389627,-0.0139666832983493,-0.0083654420450329,-0.0247506722807884,0.0084554925560951,0.0059367567300796,-0.0123753119260072,-0.0171581767499446,0.0098130209371447,0.0090898415073752,0.040211908519268,-0.0211606342345476,-0.0151660349220037,0.0102674840018153,0.0069502289406955,-0.014005709439516,-0.0366714969277381,-0.014005709439516,-0.0368111282587051,-0.0288486704230308,0.0344272255897522,0.048032596707344,0.0043386742472648,0.0095218354836106,0.0185272116214036,-0.0221316926181316,-0.0502274967730045,-0.0940445661544799,0.0007039455231279,-0.0286529585719108,-0.0154609065502882,0.0008799503557384,-0.0030308542773127,0.00087994732894,-0.0183859802782535,0.0056772325187921,-0.0329260341823101,-0.0022376114502549,0.001212022267282,0.0102198794484138,0.026383701711893,-0.0143036199733614,-0.0336123891174793,0.0104016419500112,0.0080165732651948,-0.030328880995512,0.0076720705255866,-0.0126516073942184,-0.0076086893677711,-0.021536897867918,-0.0094512002542614,0.0111951576545834,-0.0176612436771392,-0.0084580294787883,0.0320067517459392,-0.0123753119260072,0.0147569514811038,-0.0330241620540618
3498,-0.0111289694905281,0.0085778087377548,-0.0069509856402873,-0.0208499487489461,-0.0239610895514488,-0.0086155459284782,-0.032090239226818,-0.0116387717425823,-0.0396303758025169,-0.0065970877185463,-0.0089114317670464,-0.0344989374279975,-0.0002365978434681,-0.0313656218349933,-0.0073524895124137,0.0122907869517803,0.0164533257484436,0.0042123817838728,-0.006724770180881,-0.0191435515880584,-0.0088202869519591,0.000610877526924,-0.0225603505969047,0.0257622059434652,-0.0084270015358924,0.0619883611798286,-0.0105256019160151,-0.0263004377484321,0.0052109509706497,0.0086897443979978,0.0043657440692186,0.05635716766119,-0.0239610895514488,0.0117455469444394,0.0028800070285797,0.0081783961504697,-0.0128675503656268,0.0117455329746007,-0.0223896894603967,-0.0002113588270731,0.0054509104229509,0.0129448231309652,0.0210113301873207,-0.0039989934302866,-0.0065761655569076,-0.009891765192151,-0.0058487406931817,-0.0161861814558506,0.0049013365060091,-0.0124546997249126,0.0178547874093055,-0.0220454391092062,0.0404722653329372,0.0118562979623675,0.0539649501442909,-0.0376396439969539,2.900016261264681e-05,0.0197598747909069,-0.0103372279554605,-0.0067248004488646,-0.0810129344463348,-0.0067248232662677,-0.0684829205274581,-0.0042894482612609,0.055210568010807,0.0882048159837722,-0.0203688070178031,0.0084400093182921,0.0188914723694324,-0.0344989299774169,0.0045086732134222,0.0141674987971782,0.025492712855339,0.0093220025300979,-0.0123860742896795,-0.0192042291164398,-0.0234896764159202,-0.0192042309790849,0.0050775688141584,0.0272608622908592,0.0044171484187245,-0.0152826514095067,0.0678921565413475,0.0103393644094467,0.0292193684726953,-0.0037381048314273,-0.0351381599903106,-0.0090154968202114,0.0123333791270852,0.0063803647644817,0.004365743137896,0.0114598218351602,0.0005073405336588,-0.0495686829090118,0.0060740387998521,0.0130706010386347,-0.0126184755936265,0.0097294272854924,0.0389746725559234,0.0178547874093055,0.0078907338902354,-0.0237447191029787
3499,-0.0090993084013462,0.0040191831067204,-0.0072534726932644,-0.0142022771760821,-0.0013071902794763,-1.4757097233086824e-05,-0.0391163602471351,-0.010198637843132,-0.0265410263091325,-0.0067990096285939,0.0152054419741034,-0.0143282953649759,0.0034381833393126,-0.0123839443549513,0.0015136264264583,-0.0007324386388063,0.0240274965763092,-0.0012606822419911,0.0202002972364425,-0.0180454105138778,-0.0282211154699325,0.0073764408007264,-0.0188505575060844,0.0148103982210159,-0.0236020423471927,0.01276311930269,-0.0123781021684408,-0.0107534918934106,0.0149546731263399,0.0235243774950504,-0.000450335763162,0.0088999457657337,-0.0013071851572021,0.0256893001496791,0.0057805962860584,-0.0210447590798139,-0.0053409822285175,0.0256893001496791,-0.0127465175464749,-0.0068388357758522,0.0157871544361114,0.0051683061756193,0.0123372115194797,-0.0328215360641479,0.001142787747085,-0.002631404902786,-0.0061942064203321,-0.0070708841085433,-0.0001883035583887,-0.0140457293018698,0.0276516154408454,-0.0162569377571344,0.0191159825772047,0.016800470650196,0.0405699871480464,-0.0117624290287494,0.0074921371415257,0.0137191154062747,-0.0034534488804638,0.0202003009617328,-0.0231876596808433,0.0202002953737974,-0.0261191315948963,0.0472352840006351,0.0255094673484563,0.0460387989878654,-0.015173022635281,0.0170334763824939,0.0414001084864139,-0.014328297227621,-0.0323219001293182,-0.0786111950874328,0.003050937782973,0.0117222024127841,-0.0080463076010346,-0.0086136795580387,-0.0139542100951075,-0.0086136888712644,0.0212393011897802,0.0168035477399826,-0.030472632497549,7.198407547548413e-05,0.0143230045214295,0.031668622046709,0.0238207504153251,0.0198544897139072,-0.0144266849383711,-0.0080721750855445,0.0247472040355205,-0.0279589723795652,-0.0004503351228777,-0.0084792859852314,0.0060272840782999,-0.0215537883341312,-0.0032973836641758,0.0254806522279977,-0.0089755393564701,0.0232921820133924,0.023297956213355,0.0276516154408454,0.0137016139924526,-0.0262498538941144
3500,0.0070400787517428,0.0240484438836574,0.0243938472121953,-0.0079835690557956,0.0395082831382751,0.0178658068180084,0.0164575297385454,0.006766574922949,-0.0052843615412712,-0.0004362446488812,0.0381756499409675,0.0130248945206403,0.0325915031135082,0.0371040068566799,0.0582003742456436,-0.0047136205248534,-0.0060176532715559,0.0509906224906444,-0.0080804787576198,0.0029408109840005,-0.0137826958671212,0.0329435765743255,-0.0433180481195449,0.0133759938180446,0.0074534537270665,-0.0018647981341928,-0.0132020693272352,0.0047024004161357,0.0076124393381178,0.026162777096033,-0.0041213068179786,-0.0037199682556092,0.0395082831382751,-0.0070504788309335,0.0109515534713864,-0.006587263662368,0.0232762079685926,-0.007050379179418,0.0230374746024608,0.0013909905683249,0.007726723793894,0.0184842273592948,-0.0172699857503175,0.0158030688762664,0.0013119257055222,0.0377356633543968,0.0002142779994755,0.0013875965960323,-0.0087514081969857,-0.0187716837972402,0.0529781579971313,0.0268348269164562,0.0095028523355722,-0.005909682251513,-0.014706527814269,-0.0070909918285906,0.0292270965874195,0.0008659299928694,0.00031944795046,-0.0080804759636521,-0.013847011141479,-0.0080804768949747,-0.009954834356904,0.056264229118824,0.0009902524761855,0.0128446239978075,-0.0038100539240986,0.0064498465508222,-0.0329080373048782,0.0130248796194791,0.0155435902997851,0.0043160673230886,0.0184502899646759,0.0192662868648767,0.0059385146014392,0.0077271875925362,-0.0022437761072069,0.0077271950431168,0.0042925365269184,0.0148825328797101,0.0060409735888242,0.0313532277941703,-0.0086055677384138,-0.0160848461091518,-0.0145487040281295,-0.0077235819771885,0.0133562413975596,-0.0052100326865911,0.0033762082457542,0.0129343103617429,-0.0041212956421077,-0.0004259496927261,0.0087298871949315,-0.0062163569964468,0.0030388329178094,0.0023011460434645,0.011920815333724,0.0268394723534584,-0.0083424169570207,0.0529781579971313,0.0065849181264638,0.0021706814877688
3501,-0.0193263832479715,-0.0083719985559582,-0.0145107302814722,-0.0154480412602424,-0.0064179841428995,-0.0045523629523813,-0.0202554520219564,-0.015698978677392,-0.0351591631770134,-0.0109839374199509,-0.0048977145925164,-0.0395485907793045,-0.0114636328071355,-0.0330518707633018,-0.0108654564246535,0.0112561713904142,-0.0054436950013041,-0.0007754425751045,-0.0240366272628307,-0.0188473053276538,-0.0271150916814804,0.0134067153558135,-0.0232482105493545,-0.0022469300311058,-0.0096672978252172,0.0256678834557533,-0.0123561397194862,-0.023709412664175,-0.0096478089690208,-0.0029586814343929,-0.0022231012117117,0.0214717499911785,-0.0064179892651736,-0.0216370746493339,-0.0149943493306636,-0.0114683993160724,0.0005342867225408,-0.0216370727866888,-0.0270268097519874,-0.0116458460688591,0.0006923281471244,-0.0064341411925852,0.0210520476102828,-0.002818304579705,0.0083745308220386,-0.0188888572156429,-0.0184686779975891,-0.0248766783624887,-0.00215510930866,-0.0152041558176279,0.0295279268175363,-0.0233787670731544,0.0070947157219052,-0.0081937713548541,-0.0228942297399044,-0.0032482065726071,0.0105963684618473,-0.0170972943305969,0.0072168870829045,-0.0240366198122501,-0.0002645987551659,-0.0240366235375404,-0.01116085331887,-0.011610860005021,-0.0054811351001262,-0.0646735429763794,-0.0192611031234264,-0.0135367065668106,-0.0270561221987009,-0.0395485945045948,0.0061242938973009,-0.0724650248885154,0.0064214784651994,-0.0091670807451009,-0.0254542734473943,0.0023259555455297,-0.0176194887608289,0.0023259436711668,-0.003004674334079,0.0034781154245138,-0.0135864280164241,-0.0057475375942885,0.028132015839219,-0.024909695610404,-0.0024027545005083,-0.0240214262157678,-0.0263447351753711,-0.0039144987240433,0.0017160685965791,-0.0012874852400273,-0.0022231014445424,0.0071548665873706,-0.0050131240859627,-0.0135088581591844,-0.0144202951341867,-0.0008098662947304,-0.0136835891753435,-0.00514662778005,0.0136968158185482,0.0295279268175363,0.005582321435213,-0.0243808720260858
3502,-0.0149447321891784,-0.0072359018959105,-0.0147907100617885,-0.0076223947107791,-0.0064476318657398,0.0017774507869035,-0.0284600295126438,-0.0110048511996865,-0.0301794484257698,0.0007881030905991,-0.0045086182653903,-0.0257476493716239,0.00419955374673,-0.0210226941853761,-0.0055195190943777,-0.0069037228822708,-0.0141125358641147,-0.0014936877414584,0.0024002054706215,-0.017094699665904,-0.0115254530683159,-0.0123456148430705,0.0025301529094576,-0.0092612002044916,-0.0115009807050228,0.0547576770186424,-0.0098805213347077,-0.0216764099895954,-0.0250402614474296,-0.0022420226596295,0.0073554273694753,0.0407164134085178,-0.0064476439729332,-0.0185488555580377,0.0051249652169644,-0.01047951169312,-0.0111908819526433,-0.0185488555580377,-0.024613669142127,-0.0050253686495125,-0.0233976934105157,-0.0076257144100964,-0.0002144072204828,-0.0052883778698742,-0.0272522177547216,-0.0117117166519165,-0.0131895216181874,-0.0148550271987915,0.0077143320813775,-0.0069652241654694,-0.0165028236806392,-0.0290384106338024,0.0166245996952056,0.0040367050096392,0.0145844314247369,0.0027503527235239,-0.0141440238803625,-0.0015084675978869,-0.0310560800135135,0.0024002008140087,-0.0010062854271382,0.0024002052377909,-0.0118017848581075,0.0063404664397239,0.006802842952311,-0.0017244000919163,-0.0107395760715007,-0.0221401024609804,-0.0088448747992515,-0.0257476512342691,0.0074666594155132,-0.0254621393978595,0.0124964797869324,0.013637195341289,-0.0094241583719849,-0.030728755518794,-0.010847732424736,-0.0307287536561489,-0.0334547385573387,-0.0009370361221954,-0.009440479800105,-0.001180104445666,0.0557929947972297,-0.0121209118515253,0.0092463353648781,0.0028916781302541,-0.0243003368377685,-0.0178039819002151,-0.0298478417098522,-0.0041203643195331,0.0073554273694753,-0.0071514281444251,-0.0050954050384461,-0.0106020923703908,-0.0048362193629145,-0.0299510844051837,-0.0094040622934699,-0.0029455637559294,0.0129095669835805,-0.0165028236806392,-0.0222049206495285,-0.0215885899960994
3503,-0.033545147627592,-0.0107918232679367,0.0025053441058844,0.0024939449504017,-0.0029189432971179,-0.0004230357008054,-0.0309120640158653,-0.0323212929069995,-0.0401193536818027,-0.003583212615922,-0.0370974838733673,-0.035404946655035,-0.0074730701744556,-0.0276223216205835,-0.0057046487927436,0.0184608269482851,0.0069393571466207,0.0013133403845131,-0.049389325082302,-0.0326220318675041,-0.0175953470170497,-0.011181566864252,-0.0188027340918779,-0.0138919670134782,-0.0075590051710605,0.0190518554300069,-0.0048431931063532,-0.0504624247550964,-0.0081129055470228,-0.0309434458613395,0.0003668593126349,0.0202055871486663,-0.0029189349152147,0.0070873866789042,0.0004476872272789,-0.0021964858751744,-0.022975405678153,0.0070873820222914,-0.0056562470272183,-0.0180414896458387,-0.0044576451182365,-0.0168376266956329,0.0292652565985918,0.001636013854295,-0.0017277079168707,-0.0148647651076316,-0.0276165902614593,0.0015613082796335,0.0009302985854446,-0.0050729103386402,0.0056509738788008,-0.0068766283802688,-3.0104536563158035e-05,0.0142067484557628,0.0395961329340934,-0.0019085010280832,-0.0123540619388222,0.0118482001125812,-0.0049123181961476,-0.0493893139064312,0.0045601446181535,-0.0493893176317215,-0.0088800061494112,-0.0594166405498981,0.014516182243824,0.0502883754670619,-0.00478200847283,-0.0016725901514291,0.0237631220370531,-0.035404946655035,0.0148646999150514,-0.0664862319827079,0.0114914337173104,-0.0031698138918727,-0.0218481626361608,-0.0088238157331943,-0.0066483924165368,-0.00882382504642,-0.008512713946402,-0.0132751688361167,-0.0049577211029827,-0.0010986070847138,0.0241138190031051,0.0015081781893968,0.0199274905025959,-0.0493172854185104,-0.0684102103114128,-0.0016186952125281,-0.0008175995317287,0.008939191699028,0.0003668559947982,0.0169303975999355,-0.000148395076394,-0.0085970256477594,-0.0241299569606781,-0.0011111178901046,-0.0083741601556539,-0.0321331545710563,0.0096919164061546,0.0056509738788008,-0.0032921563833951,-0.034808374941349
3504,-0.0113161019980907,-0.0162783078849315,-0.0008022466208785,-0.0128556657582521,-0.0042423442937433,0.0016686838353052,-0.0246412828564643,-0.0104797491803765,-0.0250707753002643,-0.0035671000368893,-0.0053665312007069,-0.0086117275059223,-0.0039364583790302,-0.014405719935894,-0.0103375930339097,-0.022456994280219,-0.0072418735362589,-0.0076160109601914,-0.0073477285914123,-0.0140014551579952,-0.0090662222355604,0.0101593555882573,-0.0010770484805107,-8.545990567654371e-05,-0.014538450166583,0.0421127043664455,0.0021149483509361,-0.0174525082111358,-0.015742253512144,-0.0073704300448298,0.007785846479237,0.0135314539074897,-0.0042423419654369,-0.0217127967625856,-0.0006878902204334,-0.0279413778334856,0.0038902875967323,-0.0217128004878759,-0.0029514478519558,-0.0062351915985345,-0.0111354077234864,-0.0075970711186528,-0.0291443523019552,-0.0159389004111289,0.0056373802945017,-0.0211241990327835,-0.0101561937481164,-0.0065159937366843,0.008818763308227,0.0034374995157122,0.0166532844305038,0.0017007843125611,0.0037986142560839,-0.0039212070405483,0.0028464617207646,0.0132759045809507,0.0058027263730764,-0.0123091749846935,0.0080416295677423,-0.0073477239347994,0.02304457873106,-0.0073477234691381,0.0095496457070112,-0.0174447875469923,-0.0039189085364341,-0.0201185308396816,-0.0177509412169456,-0.0156339593231678,-0.0279379785060882,-0.0086117275059223,-0.0118134897202253,-0.0625495091080665,0.0069873351603746,-0.0004371394170448,-0.0044226748868823,0.0066560260020196,-0.0160474833101034,0.0066559952683746,-0.0228092037141323,0.0006984130013734,-0.0227161757647991,-0.0018926938064396,0.0322052352130413,-0.0220730379223823,0.0002431997563689,-0.0072119766846299,-0.0203051716089248,0.0063753556460142,-0.0173505973070859,-0.0170745719224214,0.007785846479237,-0.0200280509889125,-0.0052136536687612,-0.0013849900569766,-0.004661058075726,-0.019886527210474,-0.0177864432334899,-0.0076292734593153,0.0032522766850888,0.0166532844305038,-0.0061298906803131,-0.0120597146451473
3505,-0.0059723146259784,0.0007561952807009,-0.013950215652585,0.0031424178741872,-0.0061751576140522,-0.0029048912692815,-0.0405597314238548,-0.0063704820349812,-0.029120597988367,0.010371015407145,0.0242902226746082,-0.0326880551874637,-0.0188027508556842,-0.0288275815546512,-0.0145029127597808,-0.0059908377006649,-0.0148857794702053,0.0008306461386382,0.0097891986370086,-0.0166412834078073,-0.0236691571772098,0.0108721600845456,-0.0036506401374936,0.0125382039695978,-0.0204434152692556,0.0586772188544273,-0.0083460006862878,-0.0058871367946267,0.0039052218198776,0.0233094524592161,-0.0010065376991406,0.045495618134737,-0.0061751613393425,-0.0075280838645994,-0.0229696780443191,-0.0247258655726909,0.0063927131704986,-0.0075280470773577,-0.0273146890103817,-0.0057517187669873,-0.009922600351274,0.0067848279140889,-0.0059132659807801,-0.0284098982810974,0.0115415267646312,-0.0124106705188751,-0.0050399131141602,-0.028219599276781,-0.0010606694268062,-0.0080186584964394,0.0190255586057901,-0.0229606442153453,-0.0017408961430191,-0.0056378301233053,0.0179023779928684,0.003195540048182,0.0078696515411138,0.0002203239127993,0.0089758671820163,0.0097892004996538,-0.0135327782481908,0.0097891986370086,-0.0203028172254562,0.0573024675250053,0.0103183072060346,0.0485053472220897,-2.632173709571361e-05,-0.0025228797458112,-0.0087848920375108,-0.032688058912754,-0.030552115291357,-0.0745994225144386,0.0173021778464317,-0.016450772061944,-0.0142399091273546,0.0026083479169756,-0.0017547153402119,0.0026083569973707,-0.0237995758652687,0.0122476452961564,-0.025396890938282,-0.0038249595090746,0.059881642460823,-0.0058702104724943,-0.0019718538969755,0.0100586945191025,-0.0061127752996981,-0.0024507264606654,-0.0040620267391204,-0.0173314474523067,-0.0010065346723422,-0.0065061226487159,-0.0043662772513926,-0.0123400688171386,-0.0024956294801086,0.0034710802137851,-0.0121516436338424,0.0268014091998338,-0.0022394112311303,0.0190255586057901,0.0072288811206817,-0.0261419434100389
3506,-0.0050325375050306,-0.0182085614651441,0.0084453299641609,-0.0042643300257623,-0.0074544255621731,-0.0035210358910262,-0.0310795567929744,-0.0134766856208443,-0.03574975207448,0.0031141880899667,0.0211990866810083,-0.0472345948219299,-0.0226357262581586,-0.0426138117909431,-0.0172157548367977,-0.0440463908016681,0.0131340129300951,0.0045622889883816,0.0123955979943275,-0.0217898897826671,-0.180854856967926,0.0088107166811823,-0.4971767961978912,-0.0051666116341948,-0.0206738077104091,0.0594908148050308,-0.1676577478647232,-0.0118539296090602,-0.0139058288186788,0.0146579602733254,-0.0018934680847451,0.0493149906396865,-0.0074544232338666,-0.0112736914306879,-0.0163131672888994,-0.0579907372593879,0.0044213212095201,-0.011273686774075,-0.0059452932327985,-0.011739894747734,0.0052731470204889,-0.0108361393213272,-0.0466508083045482,-0.0194851607084274,0.0134778125211596,-0.029136624187231,-0.0013454400468617,-0.0053486102260649,-0.0029082633554935,-0.2193237245082855,0.0164375863969326,0.0036005428992211,-0.0143667142838239,0.0078443866223096,0.0220842100679874,0.0092484718188643,0.0073044705204665,0.0036801330279558,0.0097726406529545,0.0123956045135855,0.0010376705322414,0.0123956007882952,-0.0115905739367008,0.0513142086565494,0.0011010994203388,0.0302979592233896,-0.0081963492557406,-0.0108503196388483,-0.0079376120120286,-0.0472345985472202,-0.0135794626548886,-0.0747181922197341,0.0299575645476579,-0.0222781766206026,-0.0251300986856222,0.0004941513761878,-0.0081390608102083,0.0004941644147038,0.0081609841436147,-0.0038235166575759,-0.0461797751486301,-0.0038271399680525,0.0622366517782211,-0.005434357561171,0.0063415537588298,0.0121112391352653,-0.0157863907516002,-0.0520165488123893,0.0006341305561363,-0.022008853033185,-0.0018934679683297,-0.034729853272438,0.0043147006072103,-0.0091086290776729,0.000746100093238,-0.0064787594601511,-0.0075129102915525,0.0141362156718969,-0.0032304644118994,0.0164375863969326,-0.0028062621131539,-0.0317317992448806
3507,-0.0157154854387044,0.0122998850420117,-0.0045415423810482,0.0054025137796998,-0.010570210404694,-0.0115605350583791,-0.0257144086062908,-0.0160111784934997,-0.0199501942843198,-0.0022052822168916,0.0232085864990949,-0.016577610746026,-0.0190723426640033,-0.0079093091189861,-0.0037117269821465,-0.0002392240567132,-0.0302837193012237,-0.0017104843864217,0.0105189597234129,-0.0230490360409021,-0.0082716718316078,0.0159292239695787,-0.0265136566013097,0.0062328376807272,-0.0104995751753449,-0.0046315323561429,-0.0061720856465399,-0.0193595644086599,-0.0145609695464372,0.0180432330816984,-0.0115767521783709,-0.0083635607734322,-0.0105702150613069,-0.0233807526528835,-0.0223784856498241,0.0018296691123396,0.0097543336451053,-0.0233807545155286,-0.0057478845119476,-0.0162271056324243,-0.0214769057929515,0.0076085622422397,-0.0013304881285876,0.0067431670613586,0.0264594256877899,0.0081623969599604,-0.0170861277729272,-0.0196913406252861,-0.012366478331387,-0.0149021269753575,0.0301790758967399,-0.0028452761471271,-0.0081713711842894,-0.010069509036839,0.0004894470330327,-0.0143082411959767,0.0110073508694767,-0.0055264867842197,0.0283669475466012,0.010518966242671,-0.0192197188735008,0.0105189606547355,-0.0240448731929063,0.0482112355530262,0.0021479285787791,-0.007401306182146,0.0027201515622437,-0.0169241093099117,-0.022428385913372,-0.0165776144713163,0.0183340720832347,0.0143112950026988,-0.0027024867013096,-0.0236023422330617,-0.0160495191812515,0.0196077208966016,-0.0011361103970557,0.0196077637374401,-0.0417585298418998,0.0081069814041256,0.007880775257945,-0.01115717086941,-0.0077473642304539,-0.0169533472508192,0.0017513869097456,0.0108967646956443,-0.0161093175411224,0.0055134096182882,-0.0174200646579265,0.0139832571148872,-0.0115767549723386,0.0042376560159027,-0.0090981656685471,-0.0151327094063162,-0.0130608240142464,-0.0070115360431373,-0.0130660384893417,0.0177138336002826,0.0052900477312505,0.0301790758967399,0.0020515176001936,-0.0319362245500087
3508,0.0002102441503666,0.0231020767241716,0.0193809904158115,0.0175147708505392,0.0475388132035732,0.0296322256326675,0.0300127677619457,-0.006236326880753,0.0247856955975294,0.0071752928197383,0.0167869590222835,0.0163171328604221,0.0281119868159294,0.0254366565495729,0.0351091809570789,0.0079503208398818,-0.0115787545219063,0.0328119881451129,0.02029425278306,-0.0052794702351093,0.0022554914467036,0.0338794812560081,0.0228965394198894,0.0244336742907762,0.0046567316167056,0.0098859500139951,0.0069582066498696,-0.0074539724737405,0.0133592188358306,0.0214167069643735,0.0100968722254037,0.0014141782885417,0.0475388057529926,-0.0030970019288361,0.0135458894073963,-0.0027306778356432,0.0125775653868913,-0.0030969376675784,0.0190502442419528,-0.0090836742892861,0.0006979904137551,0.0247332919389009,-0.0041386717930436,0.0125380000099539,0.0164844989776611,0.026043115183711,-0.0040332139469683,0.0106777353212237,0.0056330896914005,0.0103844469413161,0.0706426054239273,0.0253981910645961,0.0103307124227285,-0.0054747099056839,-0.0002180070150643,-0.0781570523977279,0.0290399920195341,0.0002081823768094,0.0195483714342117,0.0202942490577697,-0.1609819531440735,0.0202942509204149,-0.1169566512107849,0.0030385497957468,0.0073119611479341,0.0119366468861699,0.0245889127254486,0.0110773742198944,-0.0296641923487186,0.0163171291351318,0.0006775539368391,-0.0277412999421358,0.0135202053934335,0.0185511112213134,0.0116247562691569,0.0301690120249986,0.0051820850931108,0.0301690138876438,-0.0168597362935543,0.0201676338911056,0.0046166144311428,0.0417286157608032,0.0042327307164669,-0.0089596454054117,-0.0012048309436067,0.0207176953554153,-0.0024846396408975,0.0094238696619868,0.0005552414804697,0.0115816397592425,0.010096862912178,0.0106230108067393,0.0016327797202393,-0.0657512098550796,-0.0022015115246176,0.011646969243884,-0.0023182607255876,0.0177646055817604,0.0016320501454174,0.0706426054239273,0.0111866565421223,-0.0051114587113261
3509,-0.0207552015781402,-0.0047539109364151,-0.0065568694844841,-0.0129461996257305,-0.0015196552267298,0.0042684082873165,-0.0305169783532619,-0.0396046414971351,-0.0103921517729759,-0.0079398434609174,-0.0019673625938594,-0.0056040082126855,-0.0262445490807294,-0.0103135639801621,-0.0116288838908076,-0.0232938341796398,-0.0026384619995951,-0.0007408163510262,-0.0169073231518268,-0.0386979654431343,-0.0194816999137401,-0.0037087178789079,-0.0297912470996379,-0.0003772264462895,-0.0207321941852569,0.0085046933963894,-0.0183520279824733,-0.0552488714456558,0.0056449687108397,-0.0016758029814809,0.0107180019840598,0.0028842543251812,-0.0015196567401289,-0.0102503541857004,-0.0281806755810976,-0.0257739908993244,0.0027473443187773,-0.0102503560483455,-0.0123122436925768,-0.0216398499906063,-0.0058026509359478,-0.0050535844638943,-0.0250337347388267,-0.0191586539149284,-0.0298005789518356,-0.0082601625472307,-0.0078692967072129,-0.0261370260268449,0.0125066796317696,-0.0157451424747705,-0.0078756436705589,-0.0096804210916161,-0.0267272368073463,-0.0022838704753667,0.032211247831583,-0.0005376905901357,-0.0041109519079327,-0.0007262816652655,-0.024210100993514,-0.0169073175638914,0.0070698130875825,-0.0169073194265365,-0.002097868360579,0.0026540262624621,-0.0022293459624052,0.06106698513031,-0.0164564847946167,-0.0022187286522239,-0.0147746978327631,-0.0056040096096694,-0.0129007371142506,-0.0461006425321102,0.0005941475392319,-0.030988547950983,-0.0032384127844125,-0.0142094669863581,-0.0157713443040847,-0.0142094446346163,-0.0219552926719188,-0.0074885580688714,-0.0233607776463031,0.0001620801340322,0.0077616069465875,-0.0136266015470027,0.001541672158055,-0.0163051225244998,-0.0800996869802475,-0.0160510279238224,0.0039188060909509,-0.0200845021754503,0.0107180038467049,-0.0227296147495508,-0.0090508051216602,-0.0095058530569076,-0.0009438716806471,0.0165052805095911,-0.0187734365463256,-0.0035887132398784,-0.0183418504893779,-0.0078756436705589,0.0161642730236053,-0.0315504521131515
3510,-0.0280444771051406,-0.0153911653906106,0.004315884783864,0.0192015208303928,0.002204826567322,0.0029107136651873,-0.0355925858020782,-0.0297121610492467,-0.0280487537384033,-0.0002699138130992,0.0128573793917894,-0.0284988656640052,-0.0183882564306259,-0.0271490290760993,-0.0181033313274383,-0.021551800891757,-0.0253080911934375,-0.0109808146953582,-0.0274143703281879,-0.0325469262897968,-0.0217491816729307,0.0043487292714416,0.0137263042852282,-0.0031129266135394,-0.0163693130016326,-0.0151587538421154,-0.0031153974123299,-0.0465431548655033,-0.0114901615306735,0.0100083537399768,0.0051753316074609,-0.0161500498652458,0.0022048312239348,-0.0336061082780361,-0.0142220556735992,-0.0364673882722854,0.0003445248876232,-0.0336061120033264,0.0031781876459717,-0.0172071531414985,-0.0124443816021084,-0.0062600402161479,-0.0215469859540462,-0.0178834274411201,-0.0044162799604237,-0.0225229915231466,-0.0217681284993886,0.0021445406600832,0.0059716259129345,-0.001509255496785,0.0105588529258966,0.0140527505427598,-0.0121367974206805,-0.0106107993051409,-0.0074015436694025,-0.0066203265450894,0.0024704975076019,-0.0057917018420994,-0.0069621931761503,-0.0274143703281879,0.0017751342384144,-0.0274143684655427,-0.0100095719099044,0.0340393222868442,-0.0067949607037007,0.0124276280403137,0.0135928327217698,-0.0219454113394022,-0.0408584475517272,-0.0284988619387149,-0.0057100630365312,-0.093959093093872,-0.0044935019686818,-0.0193981043994426,-0.0285594258457422,-0.0084350332617759,0.0092563722282648,-0.0084350928664207,-0.0254967287182807,-0.0015425444580614,-0.0329900346696376,0.0013824527850374,-0.0197396725416183,-0.035167783498764,-0.0118051934987306,-0.0272595137357711,-0.0590630732476711,-0.0043110838159918,-0.0052840784192085,-0.0199050158262252,0.0051753288134932,-0.0217528138309717,-0.0050983615219593,-0.0009978509042412,-0.0141539257019758,0.0055176229216158,-0.0068668164312839,0.0104288551956415,-0.0118766808882355,0.0105588529258966,0.0057942285202443,-0.0356793887913227
3511,-0.0122426431626081,-0.015449040569365,0.0123642720282077,0.0040641920641064,0.0107951527461409,0.0087706334888935,-0.0306774042546749,-0.0126309599727392,-0.0227527841925621,-0.0053821662440896,0.0046418756246566,-0.0243481379002332,-0.0018765345448628,-0.0245685428380966,-0.0141563583165407,0.0034043290652334,-0.0127677414566278,-0.013984065502882,-0.0161183308809995,-0.019033720716834,0.0042013525962829,0.0043143704533576,0.0184384360909461,-0.0096082873642444,-0.0101402848958969,-0.0342765040695667,0.0294573903083801,-0.0242264587432146,0.0082639353349804,0.0006917391438037,0.0091517493128776,-0.0235554948449134,0.0107951555401086,-0.0036068649496883,0.0093489503487944,-0.013664131052792,0.0039912718348205,-0.0036068060435354,0.0137362759560346,-0.0036289319396018,0.0060423035174608,-0.0152445491403341,0.005100155249238,-0.0035775287542492,0.0516028553247451,-0.0188601594418287,-0.0072434684261679,0.0158751420676708,0.0109622795134782,0.0271366611123085,0.008609689772129,0.0240025948733091,-0.0021872126962989,-0.0296145044267177,-0.0481941364705562,-0.0059067481197416,0.003942014183849,-0.0315439775586128,0.0506682023406028,-0.0161183271557092,0.0082524763420224,-0.0161183252930641,-0.0034874565899372,0.0180830713361501,-0.0231295954436063,-0.0582507289946079,0.0027227760292589,0.0051528010517358,-0.0146735906600952,-0.0243481341749429,0.0042083519510924,-0.0824764892458915,-0.0045364662073552,0.0052501023747026,-0.0255751796066761,0.0394055098295211,0.0024156786967068,0.0394055135548114,0.0075853420421481,-0.006343301385641,-0.0087406346574425,0.0076753902249038,-0.0330067053437233,-0.0102091208100318,-0.0324577167630195,-0.0165987778455019,-0.0320009142160415,0.0401712134480476,0.0138617465272545,0.0031603681854903,0.0091517446562647,0.0041371518746018,-0.0172367133200168,-0.0018379017710685,0.0010824836790561,0.0120591279119253,-0.0243227072060108,-0.0028448095545172,-0.016303950920701,0.008609689772129,0.0138112399727106,-0.0257461909204721
3512,-0.0152987008914351,-0.0180473402142524,-0.0197773370891809,-0.0037925585638731,0.0070440350100398,0.0057750521227717,-0.0152635797858238,-0.0194496866315603,0.0096325930207967,-0.0029289554804563,0.0149892121553421,-0.0069691948592662,-0.0110791148617863,-0.0129661094397306,-0.0135943237692117,-0.0118614835664629,0.0040047760121524,-0.0163834430277347,-0.0177825652062892,-0.0199105907231569,-0.0178995095193386,0.011609649285674,-0.0086258817464113,-0.0223514009267091,-0.0081590143963694,-0.0283306315541267,-0.017580360174179,-0.0287266559898853,-0.0188322905451059,-0.0096158720552921,0.004838693421334,-0.0245729517191648,0.0070440345443785,-0.0119343968108296,-0.0125093078240752,-0.0135552138090133,0.0244814101606607,-0.0119343921542167,-0.0188749954104423,-0.0137452101334929,0.0065293405205011,-0.0200120508670806,-0.0197771396487951,0.0028474747668951,0.0051778331398963,-0.0155892791226506,-0.0121701974421739,-0.016965564340353,0.0045455382205545,-0.0198034476488828,-0.0021416747476905,-0.0212775692343711,-0.0138293895870447,-0.0061462870799005,-0.0041837883181869,-0.0041959732770919,0.0107063092291355,-0.008233780041337,0.0072075137868523,-0.0177825633436441,0.0106775620952248,-0.0177825633436441,0.0047466675750911,0.0176299344748258,-0.0118871442973613,0.0020059472881257,-0.0015428822953253,-0.0138507280498743,0.0029479269869625,-0.0069692148827016,0.010654860176146,-0.0066269477829337,-0.0225214827805757,-0.0125994915142655,-0.0107451165094971,0.0104024773463606,0.0007424964569509,0.0104024773463606,0.0076891360804438,-0.0198773704469203,-0.003601950360462,0.0063899895176291,-0.0274370945990085,-0.0078881783410906,-0.010599092580378,-0.0172779709100723,-0.0345006994903087,-0.0124954907223582,0.0031066879164427,0.0039416612125933,0.004838690161705,-0.0072920587845146,-0.0005091284401714,0.0011715124128386,-0.0076221940107643,-0.0029272991232573,-0.0069227702915668,-0.0102317295968532,-0.014983482658863,-0.0021416747476905,0.0093184951692819,-0.0181138403713703
3513,-0.0191248022019863,-0.0231777857989072,-0.0085127614438533,-0.0126724140718579,-0.0144960321485996,-0.0236442498862743,-0.0300915874540805,-0.0170101709663867,-0.0330429933965206,-0.0143220080062747,-0.0073301610536873,-0.0214000549167394,-0.0177490636706352,-0.0176907125860452,-0.005124432966113,-0.0118130827322602,-0.0140888486057519,0.0004169264575466,-0.0072360546328127,-0.0202369820326566,-0.0016885201912373,-0.0050003542564809,-0.0110668074339628,0.0002645832137204,-0.0011193699901923,-0.0221477597951889,0.0014920645626261,-0.0340385995805263,-0.0155548844486474,0.0064434008672833,-0.0320419780910015,-0.007853802293539,-0.0144960321485996,-0.0186161547899246,-0.0232507847249507,-0.0061657577753067,-0.0055650197900831,-0.0186160914599895,-0.0150739820674061,-0.0053950948640704,-0.0166616588830947,-0.0153233762830495,-0.0133598074316978,0.010174686089158,0.0054412935860455,-0.0260029733180999,-0.014671079814434,-0.0239659063518047,-0.0341181680560112,-0.0029904386028647,0.0005537017714232,-0.0099296979606151,-0.0136287398636341,-0.0066864821128547,0.012671404518187,-0.008193532936275,-0.0074270544573664,-0.0089760236442089,0.0020806388929486,-0.0072360569611191,0.0082064513117074,-0.0072360495105385,-0.0019999938085675,-0.0057835839688777,-0.0034370017237961,0.0151443220674991,-0.0145410355180501,-0.0199131425470113,-0.0071848123334348,-0.0214000511914491,0.0280908532440662,0.0042292438447475,-0.0032557789236307,-0.0201646089553833,-0.0170280877500772,-0.0068903067149221,-0.0129213174805045,-0.0068903104402124,-0.0307168178260326,-0.0057597788982093,0.0026052289176732,-0.0183405335992574,-0.0146012036129832,-0.0135628562420606,-0.0011358793126419,-0.0073973033577203,-0.0455215461552143,0.0029010830912739,-0.0119428690522909,0.0132496235892176,-0.0320419855415821,-0.0033000677358359,-0.0127315856516361,-0.0081906821578741,-0.0074526616372168,-0.0026265427004545,-0.0227196142077446,0.001464923727326,-0.0062974160537123,0.0005537017714232,-0.0023167820181697,-0.020995769649744
3514,-0.0093226078897714,-0.0276874415576457,-0.0264561679214239,-0.0037330510094761,-0.0202250219881534,-0.0084148645401,-0.0315544754266738,0.0004450967535376,-0.0300594717264175,-0.0015738059300929,-0.0065388767980039,-0.0149980466812849,-0.0061780796386301,-0.0175382699817419,-0.006674307398498,-0.0080662118270993,-0.0105551183223724,-0.0087593160569667,-0.0119783775880932,-0.0091321459040045,-0.0013818566221743,0.0027144907508045,-0.0077821416780352,-0.0117321293801069,-0.0141399279236793,0.0164135247468948,0.0028853267431259,0.002020122250542,0.018964858725667,-0.0030501717701554,0.0023199678398668,0.0104741714894771,-0.0202250238507986,-0.0305086132138967,-0.0142980841919779,-0.0133597310632467,-0.0218272861093282,-0.030508354306221,-0.0338137596845626,-0.0049620359204709,-0.0112989479675889,-0.018724825233221,-0.0081693856045603,-0.0240225717425346,0.0100451037287712,-0.0268662963062524,-0.0140625620260834,-0.0374902486801147,0.003267532447353,0.0041560772806406,0.0334948971867561,-0.0332960039377212,0.0140156373381614,-0.0026333315763622,0.0148055227473378,-0.0033537913113832,-4.000845365226269e-05,-0.004872634075582,0.0083869379013776,-0.0119783785194158,-0.0057274885475635,-0.0119783794507384,-0.0138371270149946,-0.0041594393551349,0.0104297846555709,0.0244858786463737,-0.0060284594073891,-0.011727375909686,-0.0622923299670219,-0.0149980466812849,-0.0199271105229854,-0.0153709258884191,-0.0044805295765399,-0.0001524579711258,-0.0076151043176651,-0.0002473684726282,-0.006993812508881,-0.0002472475171089,-0.027639951556921,-0.0061469380743801,-0.0180370956659317,-0.0141864381730556,0.0184022858738899,-0.0396436676383018,-0.0002119413111358,-0.011370051652193,0.0124403405934572,0.0076042097061872,0.0038961982354521,-0.0213575027883052,0.0023199666757136,-0.0133049711585044,-0.0062885931693017,-0.0115813389420509,-0.0125309471040964,0.0291398838162422,-0.0151365213096141,-0.0073483590967953,0.0050423364154994,0.0334948971867561,0.0077438880689442,-0.0220115799456834
3515,-0.0137582719326019,-0.0108367288485169,-0.0198123380541801,-0.0123361349105834,0.0018717000493779,0.0006073500262573,-0.0370435975492,-0.0125929173082113,-0.0026315357536077,0.007046241313219,-0.0085690040141344,-0.0034950003027915,-0.0049248710274696,-0.0035970758181065,-0.0005073795327916,-0.0083346990868449,-0.0086123198270797,-0.0081472629681229,0.0004383570339996,-0.0193008873611688,-0.0111397793516516,-0.0008588917553424,-0.0089636426419019,-0.0152442343533039,-0.014675160869956,0.0263606905937194,-0.0137042682617902,-0.0141622619703412,-0.0143799111247062,-0.0097270151600241,-0.0025592553429305,-0.0111525040119886,0.0018716923659667,-0.0283326245844364,-0.013220727443695,-0.0093240728601813,-0.0077959704212844,-0.0283326283097267,-0.0188203360885381,-0.0134325297549366,4.25330363214016e-05,-0.0161747820675373,-0.0078228367492556,-0.0011750990524888,-0.004181555006653,-0.0037251929752528,-0.016618663445115,-0.0224006418138742,-0.0031596734188497,-0.0129701737314462,0.0151771418750286,-0.0204881578683853,-0.005453404970467,-0.0155389374122023,-0.0104170115664601,0.0151739520952105,-0.0013431757688522,-0.0143538918346166,-0.0042453333735466,0.0004383526975288,0.0242339484393596,0.0004383476625662,0.0108251394703984,-0.0049562212079763,-0.0053333933465182,-0.0023896908387541,-0.0107328779995441,-0.0203091092407703,-0.027117021381855,-0.0034949965775012,0.011604243889451,0.003556678071618,-0.0135335773229599,-0.0075420187786221,-0.0085941990837454,-0.0021892134100198,-0.0033893894869834,-0.0021892176009714,-0.0067564463242888,-0.0119946710765361,-0.0032578944228589,0.0024949247017502,0.0077142529189586,-0.0233041699975729,-0.0128190154209733,6.468704668805003e-05,-0.010754307731986,-0.0118798362091183,0.0097755249589681,0.004319115076214,-0.0025592553429305,-0.0045495936647057,-0.0142334150150418,0.0044598653912544,-0.0137063916772603,0.0167146790772676,-0.0212974175810813,-0.0147589594125747,-0.0090325446799397,0.0151771418750286,0.0123279280960559,-0.0204927399754524
3516,-0.0181817971169948,0.0011766271200031,-0.0173208229243755,-0.0230554901063442,-0.0109675014391541,0.0067739784717559,-0.027962040156126,-0.0141717391088604,-0.0317596681416034,-0.0094611346721649,-0.0035835816524922,0.0017881563398987,-0.0116816824302077,0.0041724368929862,0.0033443006686866,-0.0099321035668253,-0.0136115802451968,-0.0025546355172991,-0.0167634766548872,-0.0195357967168092,-0.0347741916775703,0.0026150601916015,-0.0090306168422102,-0.0067200381308794,-0.0200540143996477,0.0275579951703548,-0.0114399474114179,-0.0197812020778656,-0.0060336468741297,-0.0058161485940217,0.0227672643959522,0.0151322819292545,-0.0109675116837024,-0.0070513328537344,-0.0127933621406555,-0.0405582785606384,-0.0125019811093807,-0.0070513449609279,-0.0201233271509408,-0.0125334374606609,-0.0153749473392963,-0.0034809140488505,-0.0131687894463539,-0.0324141718447208,0.0063519733957946,0.0061874222010374,-0.018759025260806,-0.0290731005370616,0.0241849962621927,-0.0093130813911557,0.0263871364295482,-0.0303614344447851,0.000418571406044,-0.0027411456685513,0.0265394542366266,-0.0092158894985914,-0.0002892925404012,0.0003032498061656,0.0061511993408203,-0.0167634785175323,-0.0160734616219997,-0.0167634785175323,-0.0219186712056398,0.003822099417448,0.0106770172715187,0.0415966510772705,-0.0229722559452056,-0.005926382727921,-0.0041133826598525,0.0017881502863019,-0.0422704704105854,-0.1290543675422668,0.0023405719548463,-0.0089525580406188,0.0075734136626124,0.0014104029396548,-0.0202792305499315,0.0014104087604209,-0.0307251513004302,-0.002763052470982,-0.0391014888882637,-0.0018563457997515,0.0286859534680843,-0.007737569976598,0.0061677619814872,-0.0162434019148349,-0.0177033506333827,-0.0041626607999205,-0.0090999454259872,-0.0277948565781116,0.0227672606706619,-0.013809498399496,-0.0097515331581234,-0.0206124167889356,-0.0137306153774261,0.0019883702043443,-0.0176926665008068,-0.0061332806944847,0.0024238191545009,0.0263871364295482,-0.0001684864982962,-0.0266149174422025
3517,-0.0221092328429222,-0.008894314058125,-0.0265261977910995,-0.0203243512660264,-0.0088082142174243,0.0052071739919483,-0.0227268263697624,-0.0197421368211507,-0.0314720794558525,-0.0217738710343837,-0.003300582524389,-0.0097831115126609,0.0010412624105811,-0.0115572307258844,-0.0057931211777031,0.0255917310714721,-0.0002125608734786,-0.0156562905758619,-0.0055849654600024,-0.0237886402755975,-0.0250816140323877,3.6544399335980415e-05,-0.0389952026307582,0.0127334669232368,-0.0153104811906814,0.0110190324485301,-0.0072737131267786,-0.0300440061837434,0.0047482009977102,0.016825983300805,0.0194255243986845,0.002885895082727,-0.0088082132861018,-0.0137871261686086,-0.003862754907459,-0.0042552193626761,-0.00973507668823,-0.0137870945036411,-0.0286704339087009,-0.0148487072438001,-0.0035640078131109,0.0021485944744199,0.0442396439611911,-0.0203224308788776,0.0203246604651212,-0.0144969820976257,-0.0211865976452827,-0.0327958911657333,0.0212342031300067,-0.0103491712361574,0.0152224255725741,-0.030965868383646,0.0265235546976327,-0.0003759179962798,0.023597989231348,-0.0047640888951718,-0.0012524859048426,-0.0002889037132263,0.0160643551498651,-0.0055849622003734,0.0070400955155491,-0.0055849691852927,-0.0088777309283614,0.0095349550247192,0.0235704407095909,0.0297064669430255,-0.0251053683459758,-0.0019677286036312,-0.0293652843683958,-0.0097831087186932,-0.0221055336296558,-0.0736650675535202,-0.0091099143028259,0.0100650768727064,-0.0062918891198933,0.0059709125198423,-0.0249749198555946,0.0059708943590521,-0.0151076726615428,0.0160734876990318,-0.0192364454269409,-0.0027420360129326,0.0099457064643502,-0.0180064924061298,0.009660929441452,-0.0053424285724759,-0.0342874452471733,0.0066328961402177,0.0040670451708137,-0.0168935917317867,0.0194255281239748,0.0136744007468223,-0.007683718111366,-0.0143317058682441,-0.0168178640305995,0.0121133150532841,-0.0195996277034282,0.0128299668431282,0.0177225209772586,0.0152224255725741,0.0095436936244368,-0.0314328595995903
3518,-0.0090122073888778,0.0061820344999432,-0.0309877451509237,-0.0397979281842708,-0.0155174471437931,0.0034420234151184,-0.0202637575566768,0.0086703961715102,-0.0313734412193298,-0.0080590713769197,0.0130445919930934,-0.022102789953351,-0.0043944874778389,-0.0187864229083061,-0.0185965299606323,0.0089032128453254,0.0229251738637685,-0.034504547715187,-0.004164045676589,-0.0009351697517558,0.0120342746376991,-0.0112366946414113,-0.0142279360443353,0.0185284279286861,-0.0204425491392612,0.0325254276394844,0.0002560189459472,0.0212848465889692,-0.0119641926139593,0.0308288298547267,0.0211150906980037,-0.0154804727062582,-0.0155174471437931,-0.009640447795391,-0.0061003216542303,0.013255113735795,0.002662549726665,-0.0096404543146491,-0.0235108286142349,-0.0067854477092623,0.0026857003103941,0.0118036428466439,0.0236892104148864,-0.0390927903354167,-0.0278561376035213,-0.0043165367096662,-0.0195670984685421,-0.0249672941863536,0.023816093802452,0.0052456902340054,-0.0215746723115444,-0.0252463966608047,0.0240650922060012,0.0143554788082838,0.0425300374627113,0.0002947169123217,-0.0110060079023242,0.0118512203916907,-0.0291337370872497,-0.0041640480048954,-0.0042975400574505,-0.0041640475392341,-0.0136168673634529,0.051665760576725,0.0321707390248775,0.0593010447919368,-0.035470113158226,-0.0038271227385848,-0.0260014571249485,-0.0221027880907058,-0.0471507310867309,0.0428970828652381,-0.0240736454725265,0.0028233986813575,-0.0253629945218563,-0.027322269976139,-0.0269879028201103,-0.0273222681134939,0.0098053822293877,0.0224851295351982,-0.0085986135527491,-0.0066279633902013,0.0083732828497886,-0.0140491966158151,0.0213301982730627,-0.003812177106738,0.0459317862987518,-0.0052454182878136,-0.0070278081111609,-0.0362773090600967,0.0211150981485843,-0.0082895401865243,0.000427660299465,-0.0204997416585683,-0.023457296192646,-0.0215031951665878,-0.012294047512114,0.0273268688470125,0.0233060587197542,-0.0215746723115444,-0.0130651704967021,-0.0230697430670261
3519,-0.0167858973145484,-0.0064604538492858,-0.0048595885746181,-0.0172991529107093,-0.0103978784754872,0.0089092031121253,-0.0173612274229526,-0.0145258037373423,-0.0338349752128124,-0.0108569888398051,-0.0151214096695184,-0.0119717856869101,-0.0204077158123254,-0.0080613521859049,-0.0004438450559973,0.0035401857458055,0.0052235051989555,0.0079403482377529,-0.0074844900518655,-0.0183547455817461,-0.0139872916042804,-0.0097381323575973,-0.0329901538789272,-0.0070731039158999,-0.0139013100415468,0.0251836888492107,-0.0067599611356854,-0.0210964549332857,-0.0146756041795015,-0.0065544657409191,0.0268979892134666,0.028231056407094,-0.0103978747501969,-0.0169098563492298,-0.0279478207230567,-0.0126494579017162,-0.0219863653182983,-0.0169098582118749,-0.0141326272860169,-0.010639265179634,-0.0164116881787776,-0.0084748482331633,0.0072557018138468,-0.024891760200262,-0.0007786485366523,-0.0043602874502539,-0.0155307529494166,-0.0372800454497337,0.0291523411870002,-0.003003605408594,0.0048882216215133,-0.0072646276094019,-0.0044969478622078,0.0110239880159497,0.0413264669477939,-0.0102725643664598,-0.0116028301417827,0.0047998521476984,0.0002525896998122,-0.0074844951741397,-0.0160196181386709,-0.0074844919145107,-0.022679328918457,-0.0150351729243993,0.0117422528564929,0.0376052409410476,-0.0195485055446624,-0.0125903571024537,-0.0313063412904739,-0.0119717866182327,-0.0306562334299087,-0.054981417953968,0.0182079523801803,-0.0209640450775623,-0.0016657548258081,-0.000219847774133,-0.0194631181657314,-0.0002198067959398,-0.0216327272355556,-0.0042467205785214,-0.0210703443735837,-0.001117446925491,0.0301891434937715,-0.0200338661670684,0.0187773387879133,-0.0070301136001944,-0.0229651629924774,0.0023712741676717,-0.0248195715248584,-0.0236231386661529,0.0268979929387569,-0.0041101230308413,-0.0046129338443279,-0.0213033407926559,-0.0114088132977485,-0.0271034501492977,-0.016564218327403,-0.0098149022087454,0.0088699953630566,0.0048882216215133,-0.0252680219709873,-0.0292736683040857
3520,-0.0331561788916587,0.0029314556159079,0.0136949550360441,0.0334612242877483,0.0032774028368294,0.0008538445690646,-0.0223835464566946,-0.0263986811041831,-0.0232111308723688,0.0017994637601077,-0.0079292226582765,-0.0189317967742681,-0.0192193947732448,-0.0182031095027923,-0.0190226919949054,-0.0076643219217658,0.0116283064708113,-0.0078002298250794,-0.0335123986005783,-0.0267139319330453,-0.0142545327544212,0.003265690524131,-0.0047132652252912,0.0113717140629887,-0.0043665906414389,-0.0099012814462184,-0.0064299926161766,-0.0445964336395263,0.0045873420313,0.0021407052408903,-0.0003697171341627,0.0100625455379486,0.003277396550402,0.0151864532381296,-0.0116225285455584,-0.0153000000864267,0.0050947768613696,0.0151864700019359,0.013681311160326,-0.0146637540310621,0.0041124401614069,0.0068779559805989,-0.001773992087692,-0.003342586569488,0.0280213672667741,-0.0075075388886034,-0.0283317007124423,0.006120404228568,0.0010501965880393,-0.0070124100893735,-0.0028721301350742,0.0249997321516275,-0.0085607543587684,0.0105617092922329,0.0463202223181724,-0.019321646541357,0.0022827016655355,0.0166159346699714,0.0294995624572038,-0.0335121564567089,-0.0184239707887172,-0.0335119739174842,-0.0237295255064964,-0.0123695861548185,0.0197296421974897,0.0889505743980407,0.0251818317919969,0.0191060677170753,0.006295415572822,-0.0189318042248487,0.0090561816468834,-0.0327764749526977,0.0109058450907468,-0.0182329639792442,-0.013270616531372,0.0276806317269802,0.0128886364400386,0.0276806280016899,0.0001669480698183,0.006624890025705,-0.0145447552204132,0.0007556757773272,-0.0033914935775101,0.0048348493874073,0.0151888187974691,-0.0304830223321914,-0.0541686192154884,0.0048447474837303,0.002960983198136,-0.0050543709658086,-0.0003697036299854,-0.0083372117951512,0.0055445022881031,-0.0095795011147856,-0.0225397758185863,-0.0044483672827482,-0.0063381260260939,0.0022448492236435,-0.0001035707537084,-0.0028721301350742,0.0103775393217802,-0.03586121276021
3521,-0.0133942533284425,-0.0204837396740913,-0.0035224184393882,-0.0063465759158134,-0.0098828580230474,-0.0043997373431921,-0.0229904111474752,-0.0152941951528191,-0.0357962176203727,-0.0100712738931179,-0.0102452561259269,-0.0233941860496997,-0.0003427202464081,-0.0183178596198558,0.0061720237135887,-0.007963596843183,-0.0035957358777523,0.0096764266490936,-0.010623401030898,-0.0201786439865827,-0.0041070017032325,-0.0025270425248891,-0.0025020185858011,-0.0070114503614604,-0.0076563055627048,0.0115164322778582,-0.0048373257741332,-0.0213245525956153,-0.0038577560335397,-0.0090347882360219,-0.0010598739609122,0.0133899981155991,-0.0098828580230474,-0.004076849669218,-0.0018184672808274,0.0021380763500928,-0.0021667699329555,-0.0040768617764115,-0.0133920833468437,-0.0124361421912908,-0.0060486765578389,-0.0146132120862603,-0.0017500324174761,0.0039908518083393,0.0060866633430123,-0.0201266966760158,-0.0117277577519416,-0.0113810887560248,-0.0004605269059538,-0.0117717795073986,0.0028481059707701,-0.014616185799241,-0.0086305243894457,-0.0045279250480234,0.0144282821565866,0.0052019152790308,-0.0037753689102828,-0.0052000922150909,0.0011687739752233,-0.0106234038248658,0.0183742344379425,-0.0106234000995755,0.0026028323918581,-0.0149009395390748,-0.0036147369537502,0.030861098319292,-0.0114077171310782,-0.0064495140686631,0.0082215387374162,-0.0233941823244094,0.0173643566668033,0.0304881930351257,0.0082697747275233,0.0014543931465595,-0.0134711284190416,-0.0093615651130676,-0.0117899468168616,-0.0093615436926484,-0.0143405040726065,-0.0090515213087201,0.0038199571426957,-0.0063611320219933,0.0167206823825836,-0.0014858711510896,-0.0043844236060976,-0.0112960860133171,-0.0258762463927268,-0.0064858524128794,0.0012266072444617,0.0060188323259353,-0.0010598684893921,-0.0038940284866839,-0.0086489217355847,-0.003041542135179,-0.009401611983776,0.0069981422275304,-0.0179716516286134,-0.0091073969379067,-0.01304601598531,0.0028481059707701,0.0070316209457814,-0.025948192924261
3522,-0.0186380930244922,-0.0101747345179319,-0.0062893526628613,-0.0050574704073369,-0.002077626530081,0.0014292765408754,-0.0178993251174688,-0.0222484618425369,-0.019342228770256,0.0041794893331825,-0.014710578136146,-0.0136199994012713,-0.0404386073350906,-0.0186999682337045,-0.022548634558916,-0.0068183885887265,-0.0141504053026437,-0.0007232641801238,-0.0037685097195208,-0.0245426911860704,-0.0093984473496675,0.0106637254357337,-0.0336835607886314,0.007625013589859,-0.0203986652195453,0.0657570958137512,0.0015837533865123,-0.0254072174429893,0.0197828561067581,-0.0034235152415931,0.0039250752888619,0.0401991978287696,-0.0020776274614036,-0.0002172468230128,-0.0456441193819046,-0.020336240530014,0.0023809699341654,-0.0002172081731259,-0.0149202849715948,-0.0203310325741767,-0.0119051523506641,-0.0017237493302673,-0.004426788073033,-0.0256116427481174,-0.0201525203883647,-0.0204201936721801,-0.0166304465383291,-0.0393646582961082,0.0053704953752458,0.003847621846944,0.0188184157013893,-0.0045031881891191,-0.025443335995078,-0.0093230074271559,0.0099962195381522,0.0148433521389961,0.0057096639648079,-0.0092070437967777,-0.0224067829549312,-0.0037685104180127,0.0172610264271497,-0.0037685094866901,0.0014611869119107,-0.0327665768563747,-0.005112525075674,0.0142822032794356,-0.0107664410024881,0.0165591835975646,-0.0335423573851585,-0.0136200105771422,-0.0272513274103403,-0.0701718032360076,0.0187660921365022,-0.0482192635536193,-0.0036748393904417,-0.0218163561075925,-0.0106513928622007,-0.0218163542449474,-0.0291808824986219,-0.0001978799700736,-0.0259126648306846,-0.0005378660862334,0.0560693144798278,-0.0141675863415002,-0.0013662911951541,-0.0044056475162506,-0.0272669997066259,0.0025236650835722,-0.0120738316327333,-0.0265452899038791,0.0039250790141522,-0.0143280941992998,-0.0084751388058066,-0.0036591775715351,-0.0137254483997821,-0.0138653609901666,-0.0211842525750398,-0.0061131170950829,-0.0093685500323772,0.0188184157013893,0.0042267758399248,-0.0299076773226261
3523,-0.0026261827442795,-0.0136885270476341,-0.0240428522229194,-0.0037268192972987,-0.009103107266128,-0.0043574157170951,-0.0237487107515335,-0.0007979238289408,0.0010184356942772,-0.0032316737342625,-0.0125398468226194,-0.0084508247673511,-0.0054538496769964,-0.013653720729053,-0.0136436056345701,-0.0011063050478696,-0.002568332478404,-0.0202067475765943,-0.0111167319118976,-0.0080475732684135,0.0185335520654916,-0.0040935948491096,0.0179714318364858,-0.0159559920430183,-0.0125251682475209,-0.019220508635044,0.003907989244908,0.0015728727448731,-0.012591321952641,-0.0256913695484399,-0.000573479803279,-0.0273975860327482,-0.0091031100600957,-0.0115080587565898,-0.0070223854854702,0.0170268714427948,0.0093416590243577,-0.0115080177783966,-0.0214907303452491,-0.0032867772970348,-0.0028481986373662,-0.0147591801360249,0.0008528600446879,-0.0107456557452678,-0.0104391789063811,-0.0149080995470285,-0.0046538636088371,-0.015514806844294,-0.0003492090618237,0.0027219911571592,-0.0233352705836296,-0.0258321650326252,-0.0118572609499096,-0.0077942013740539,0.0024214775767177,-0.0046882079914212,-0.003396819345653,-0.0089208111166954,-0.0119583588093519,-0.0111167337745428,0.0025026840157806,-0.0111167337745428,-0.0034990201238542,-0.0354503467679023,-0.0096856961026787,0.0052382433786988,-0.0032176179811358,-0.0138890109956264,0.0036790804006159,-0.0084508145228028,-0.0094636883586645,0.0861836597323417,-0.0268020182847976,-0.0051877456717193,-0.0138793718069791,-0.0143211372196674,-0.0020507993176579,-0.0143211418762803,-0.0064164414070546,-0.0163886323571205,0.0130718182772398,-0.0063521405681967,-0.0245709009468555,-0.0061359936371445,-0.0067778155207633,-0.0110072772949934,0.0092700328677892,-0.0052260705269873,0.00019744457677,-0.0026641134172677,-0.000573480152525,-0.0021469807252287,-0.0074994494207203,-0.0046670222654938,-0.0009593014838173,0.0038092739414423,-0.014388084411621,-0.0248458161950111,-0.0130789251998066,-0.0233352705836296,0.0093628577888011,-0.0159550961107015
3524,-0.0152519838884472,0.0118502900004386,0.0080285193398594,0.01226940844208,-0.0137789444997906,0.003163079265505,-0.0237714983522892,0.0002643130719661,-0.0239613726735115,0.0150618264451622,0.02927584387362,-0.0219331085681915,-0.0183739718049764,-0.0177741851657629,-0.0114677567034959,0.0328329801559448,0.0043977736495435,0.0025500615593045,0.0015995544381439,-0.0073601333424448,0.0252551957964897,0.0085442317649722,0.0095003424212336,0.0199476350098848,0.0045515713281929,0.0152380289509892,0.0209766086190938,-0.0156274400651454,-0.0214498937129974,0.0377996638417243,0.0205110423266887,0.0189261101186275,-0.0137789398431777,-0.0078410655260086,-0.0172988437116146,0.0389294028282165,0.0157113559544086,-0.0078410226851701,0.0017121564596891,0.0083803068846464,0.0131635703146457,0.0193673223257064,0.048121191561222,-9.625370148569344e-05,0.02693822234869,-0.0022894402500241,-0.0134314326569437,-0.0074155270121991,0.0227813012897968,0.0159114487469196,0.0003465250483714,0.0120477061718702,-0.0087372716516256,-0.0086543951183557,-0.0241762474179267,0.0031147240661084,0.0082375854253768,-0.0162518844008445,0.0247749183326959,0.0015995510620996,0.0045592384412884,0.0015995529247447,-0.0079087447375059,0.0701658129692077,-0.0153673216700553,-0.0430982187390327,0.0118607254698872,-0.0139795998111367,0.0188508741557598,-0.0219331085681915,0.0081545859575271,0.0679781436920166,0.0158361364156007,-0.0187283009290695,-0.0131831970065832,0.0108699891716241,0.01210075058043,0.0108699686825275,0.019379835575819,0.0228335335850715,0.0222875848412513,-0.0065352632664144,0.0176809281110763,0.0022249403409659,-0.0128776105120778,0.0013560843653976,-0.018485814332962,0.0228833928704261,0.0113986916840076,0.0104165002703666,0.0205110423266887,0.0276143606752157,-0.0017874827608466,-0.0008802143274806,-0.004619806073606,-0.0005191038362681,-0.0116206249222159,0.0386429652571678,-0.0041395798325538,0.0003465250483714,0.009370275773108,-0.0233783982694149
3525,-0.0093089789152145,-0.0025410200469195,-0.0052670887671411,-0.0250690095126628,-0.0009675665060058,-0.0119404383003711,-0.0259310156106948,-0.0087254485115408,-0.0416306741535663,-0.0165197849273681,-0.0188364554196596,-0.006493154913187,-0.0044045699760317,0.0003815867239609,0.000524191011209,0.0129495514556765,-0.0257574915885925,-0.0059937415644526,-0.0114334188401699,-0.0157315377146005,-0.0123264919966459,-0.0331082679331302,0.0034215841442346,-0.0019720825366675,-0.0088202655315399,0.0016112129669636,-0.0011989296181127,-0.0119312144815921,-0.0188969708979129,-0.0020860331133008,-0.0230995193123817,-0.0086772143840789,-0.0009675513720139,-0.0285217277705669,-0.001361317699775,-0.00054970709607,-0.0577534884214401,-0.0285217314958572,-0.0020847432315349,-0.0070542772300541,-0.0432233698666095,-0.0028574168682098,0.0168139711022377,0.0050801956094801,0.0117094814777374,0.0005079130642116,-0.0088317859917879,0.0025700011756271,-0.0242644920945167,-0.0031920308247208,0.0027429186739027,-0.0085809417068958,-0.0069543495774269,-0.0040000351145863,0.0034058499149978,-0.0116746453568339,-0.0338874645531177,-0.011142399162054,0.0090683056041598,-0.0114334151148796,-0.0125448135659098,-0.0114334132522344,-0.0189680773764848,-0.0044298581779003,-0.0093414671719074,-0.0133946435526013,-0.0254624970257282,-0.0301148779690265,-0.0437556654214859,-0.006493171211332,0.016183191910386,-0.0438326299190521,-0.00718255341053,-0.0029148547910153,-0.0072241453453898,0.0030088922940194,-0.0229583084583282,0.0030089267529547,-0.0490509793162345,0.0003084135823883,7.139009539969265e-05,-0.005691660568118,-0.0023270561359822,-0.0321168340742588,-0.0007837026496417,-0.0105873020365834,-0.011760433204472,0.0014020617818459,-0.0483759492635726,0.013331783004105,-0.0230995211750268,0.0164615288376808,-0.0197539217770099,-0.0208586733788251,-0.0036719152703881,-0.0336157605051994,-0.0176068916916847,-0.0032000939827412,-0.0029389804694801,0.0027429186739027,-0.0594850778579711,-0.0219156295061111
3526,-0.008454542607069,-0.00024548266083,-0.0092177055776119,0.00794043764472,-0.014117632061243,0.0035607907921075,-0.0268985517323017,-0.0116689689457416,-0.0414341315627098,-0.0131596317514777,-0.001310815452598,-0.0075740371830761,-0.03340794891119,-0.0022964796517044,-0.0064443415030837,0.0220514610409736,-0.0011988583719357,0.0011862958781421,-0.0353402644395828,-0.0187329519540071,0.0039006466977298,-0.0069586243480443,-0.0139368269592523,0.0023449237924069,-0.0241011623293161,0.0011486948933452,0.0086473785340785,-0.0115859024226665,-0.0225761197507381,0.0075723542831838,0.0185408499091863,0.0145183065906167,-0.0141176283359527,-0.0117041179910302,-0.0396902114152908,0.0157761331647634,-0.0006332430057227,-0.0117039801552891,-0.0140396077185869,-0.0102504873648285,-0.0091326860710978,-0.0002793279709294,0.0338724106550216,-0.0399210043251514,0.0249775648117065,0.000127209816128,-0.0070920959115028,-0.0355950258672237,0.020413527265191,0.0030065486207604,-0.0136648472398519,-0.0108346492052078,-0.012964216992259,0.008409896865487,0.0044430838897824,-0.008600971661508,-0.0087875146418809,-0.0025352363009005,0.0196213014423847,-0.0353402718901634,-0.0058020092546939,-0.0353402644395828,-0.0159258190542459,0.0104973819106817,-0.0049523054622113,-0.0226652566343545,-0.001469159964472,-0.0153439007699489,-0.0036313841119408,-0.007574092131108,-0.0526298582553863,0.012269914150238,0.0077006909996271,-0.0376453511416912,-0.0008776569738984,0.003597860224545,-0.0079053658992052,0.0035978914238512,-0.0123941022902727,0.0035763145424425,-0.0072011067532002,-0.0047859381884336,0.009477118961513,-0.0149947050958871,0.0106148030608892,-0.0362077690660953,-0.0130362994968891,0.0141235180199146,-0.0198681894689798,-0.0268767997622489,0.0185408554971218,0.0091196168214082,0.0013307451736181,-0.0116315009072422,-0.0033139805309474,-0.0301186777651309,-0.0089596426114439,0.0033118678256869,0.0081031890586018,-0.0136648472398519,-0.016680734232068,-0.0259392112493515
3527,-0.0129104359075427,0.0037313560023903,-0.0124075766652822,-0.0069111487828195,0.0129446936771273,0.0017402586527168,-0.0402455665171146,-0.0137553121894598,0.0141054466366767,-0.0020576470997184,0.0037902048788964,-0.0034128602128475,-0.0086089232936501,-0.0118050649762153,-0.0129782846197485,0.0017411441076546,-0.0096073467284441,-0.013315999880433,0.0016502517974004,-0.0198679268360137,-0.0175447333604097,0.0017078689998015,-0.0241861138492822,0.0218916479498147,-0.0120218396186828,-0.0093623492866754,-0.0038237508852034,-0.0181501731276512,-0.0125027168542146,0.0144365755841135,-0.0085917664691805,-0.010880310088396,0.0129446946084499,-0.0081362519413232,-0.0105933612212538,-0.0137527994811534,0.0094145573675632,-0.0081362500786781,-0.0126954745501279,-0.0120408730581402,-0.0113745098933577,0.0099973883479833,-0.0015495487023144,0.0003467136994004,0.0160407405346632,-0.0081552164629101,-0.0126769645139575,-0.0141221284866333,-0.0098834466189146,-0.0053900433704257,-0.0056343358010053,-0.0088543407618999,-0.0024156253784894,-0.0126484194770455,-0.0047595426440238,-0.0092548141255974,-0.0006727065192535,-0.0144679425284266,0.0165005587041378,0.0016502507496625,-0.0095079690217971,0.0016502500511705,-0.0111168557778,0.0024948564823716,-0.0038594591896981,-0.0107199847698211,-0.0046157632023096,-0.0084090121090412,-0.0065251942723989,-0.0034128595143556,0.0132079673931002,-0.0674307271838188,-0.0106213530525565,-0.0062640239484608,-0.0052932994440197,0.0171701423823833,-0.0036303708329796,0.0171701442450284,-0.0180283542722463,0.0160222724080085,-0.0057026124559342,0.0075999507680535,-0.0105019342154264,-0.0058924234472215,-0.0091958260163664,0.0015097281429916,-0.0187051072716712,0.0066816182807087,-0.015576159581542,0.0099648330360651,-0.0085917674005031,0.0064916554838418,-0.0117690656334161,-0.0092484774067997,-0.0107941180467605,-0.0173427984118461,-0.0181734375655651,0.0162727106362581,-0.0042073214426636,-0.0056343358010053,-0.0070468327030539,-0.0211131758987903
3528,0.0163168311119079,-0.0013863039202988,0.0010793528053909,0.0106068458408117,0.0179808419197797,0.0130962980911135,-0.0254854224622249,0.0026196991093456,0.0220744982361793,0.0097859427332878,0.0050728693604469,0.0121540147811174,0.0245999805629253,0.0108817024156451,0.0165506023913621,0.0066867629066109,0.0009473427198827,0.0072101168334484,0.0004683980951085,-0.003444084431976,0.0105220014229416,0.0094019249081611,0.0104538751766085,-0.0036815244238823,-0.0052328179590404,0.0050421045161783,0.0022410815581679,0.0025470503605902,0.0074499305337667,-0.0069838571362197,0.0089654922485351,-0.0048402813263237,0.0179808437824249,0.0007315905531868,0.0234109871089458,0.0126987937837839,0.0354506410658359,0.0007316021365113,0.0030089723877608,0.005466200876981,0.0047146752476692,-0.0031206579878926,-0.0004998771473765,0.0058527118526399,-0.0011573280207812,0.0027461440768092,0.0194329693913459,0.0124156167730689,0.0064133005216717,0.0024642571806907,-0.0191240571439266,-0.0034708003513514,0.0082390289753675,0.0031897611916065,0.0112263783812522,0.0113189779222011,0.0087769962847232,0.0015397972892969,0.0025432342663407,0.0004683951265178,0.0152976512908935,0.0004683996667154,0.0143181066960096,-0.0189710073173046,0.0018323637777939,0.0076690027490258,0.0098321065306663,0.0049227057024836,0.0035760477185249,0.0121540166437625,0.012690988369286,0.0404314622282981,-0.002276936545968,0.0253626517951488,0.0087357778102159,0.0099508203566074,0.0102476328611373,0.0099508091807365,-0.008522211574018,-0.0037280470132827,0.019680418074131,0.0164443347603082,0.0017317185411229,-0.0003310441679786,0.0038587630260735,0.0006734255002811,0.003174073761329,0.0007339208386838,0.0071145026013255,0.0170694570988416,0.0089654782786965,0.0106455953791737,0.0030372182372957,0.0118910893797874,0.0246246755123138,0.0116912787780165,-0.0001033562002703,-0.0073472885414958,0.0006437363335862,-0.0191240552812814,0.024671908468008,0.0028645545244216
3529,-0.0114620430395007,-0.0040991003625094,-0.0022457656450569,-0.0121664376929402,0.0162694491446018,0.0147915156558156,-0.0233461298048496,-0.0163179263472557,-0.0146047146990895,-0.0086920745670795,-0.0157435331493616,-0.0041365912184119,-0.0049547455273568,-0.0062748529016971,-0.0028601312078535,-0.0368763096630573,0.0151017773896455,-0.0037734359502792,-0.0044089835137128,-0.0223795995116233,0.0067604715004563,0.0131543818861246,-0.0219404343515634,0.0023343979846686,-0.0186193641275167,0.0097114872187376,0.0110788252204656,-0.0209590792655944,-0.0182152856141328,-0.0099206315353512,0.0129458298906683,-0.0049445983022451,0.0162694491446018,-0.0246893912553787,-0.0036028246395289,-0.0286199338734149,-0.0026946943253278,-0.0246893856674432,-0.0030007504392415,-0.0136104021221399,0.0069659873843193,-0.0023018491920083,-0.0443201400339603,-0.0143338488414883,-0.0022117872722446,-0.0066488990560173,-0.0095488587394356,-0.0070834457874298,0.0145769659429788,0.0147934099659323,0.0326293110847473,-0.0025229153688997,0.0112032210454344,0.007557900622487,0.0187453869730234,0.0026565995067358,0.010009660385549,-0.0060520395636558,-0.0015046352054923,-0.004408982116729,0.0110521111637353,-0.0044089844450354,-0.0033506886102259,-0.0373371988534927,0.0088482238352298,-0.0055802990682423,-0.0160226803272962,-0.0217047296464443,-0.017048455774784,-0.0041365860961377,-0.0115849301218986,-0.0315436832606792,-0.0012975581921637,-0.0036334439646452,-0.0035835355520248,0.0039135827682912,-0.0150051964446902,0.0039135897532105,-0.0016175154596567,0.0045179557055234,-0.0195294320583343,0.0148988030850887,0.0060178022831678,-0.0203417781740427,0.0124590648338198,-0.0044904397800564,-0.0211675148457288,0.0151526052504777,0.0030636540614068,-0.0161067079752683,0.0129458298906683,-0.0302046835422515,0.0015322616090998,-0.0080585991963744,-0.0018987879157066,0.0003377075772732,-0.0155237931758165,-0.0110789304599165,0.0169936660677194,0.0326293110847473,0.0060294899158179,-0.0273666586726903
3530,-0.0192490816116333,-0.0175669956952333,-0.0024617619346827,-0.0171881653368473,-0.0045088175684213,0.0065062101930379,-0.0354046523571014,-0.0242607612162828,-0.0286917872726917,-0.0082127666100859,-0.0040474431589245,0.0058042351156473,-0.0067970589734613,0.0057799434289336,0.0052467128261923,-0.0214911103248596,-0.0150646120309829,0.0040076663717627,-0.000527078169398,-0.0290436837822198,-0.0193329732865095,0.008143451064825,-0.0089781554415822,-0.0190305840224027,-0.0230913013219833,0.0201529636979103,0.002476010704413,-0.033767744898796,-0.020900659263134,-0.0121364779770374,0.0172917060554027,0.0150850713253021,-0.0045088194310665,-0.0210548900067806,-0.0093814618885517,-0.0368839874863624,-0.0094151431694626,-0.0210548862814903,-0.0052585485391318,-0.0171052329242229,-0.0179475713521242,-0.0216454192996025,-0.0186372995376586,-0.0250316336750984,0.0165108647197484,-0.005253633018583,-0.0155555140227079,-0.0176501348614692,0.0187629349529743,0.0025537223555147,0.0299676842987537,-0.0054501737467944,0.0077108917757868,-0.0098921628668904,0.0024403585121035,-0.0070877345278859,0.0030275259632617,-0.0109321642667055,0.0154029382392764,-0.0005270631518214,-0.0126756280660629,-0.0005270565161481,-0.0195342674851417,-0.0024488270282745,0.0054460200481116,0.0095153404399752,-0.0173232965171337,-0.0153570361435413,-0.0332789123058319,0.0058042663149535,-0.0170396212488412,-0.1024059951305389,0.010518318042159,-0.0037489423993974,0.0091620851308107,0.008588233962655,-0.0157469473779201,0.0085882600396871,-0.0267460532486438,-0.0137563766911625,-0.0350006408989429,0.0004096689517609,0.0209999494254589,-0.0225020535290241,-0.0050640706904232,0.0010722962906584,-0.0418257862329483,0.0106222163885831,-0.0297291986644268,-0.0287736393511295,0.0172916986048221,-0.0260725505650043,-0.0084226951003074,-0.0165810398757457,-0.0108478041365742,-0.0374267250299453,-0.0199481267482042,-0.0158938020467758,0.0028215888887643,0.0299676842987537,-0.0236915294080972,-0.0323535129427909
3531,-0.0056741358712315,-0.0093539962545037,0.001009680214338,0.0175456907600164,0.0221878383308649,0.0020671379752457,-0.0144761111587286,-0.0089806364849209,-0.0025699199177324,0.0202349592000246,-0.0009237849153578,0.0027882987633347,0.0224800463765859,0.0024587400257587,0.0134744439274072,-0.0100943334400653,0.0037031099200248,0.0092181703075766,0.0088081518188118,-0.0151715073734521,-0.0031494940631091,-0.0100793503224849,-0.007247295230627,-0.0032586706802248,-0.0071177291683852,0.0163744464516639,-0.0067310919985175,-0.0195317938923835,-0.018771456554532,0.0075521855615079,-0.0161252319812774,0.01456237770617,0.0221878439188003,-0.0152201857417821,0.0211898144334554,-0.0046048094518482,-0.0303230695426464,-0.0152201820164918,-0.0024883244186639,-0.003890887601301,-0.0014465644489973,-0.00494742160663,-0.0091258585453033,-0.0085644172504544,-0.0060300277546048,-0.0060864677652716,-0.0047483248636126,0.0019257911480963,-0.0179433226585388,-0.0095444330945611,0.0133177768439054,-0.0054490491747856,0.0225684382021427,-0.0086838584393262,-0.0094230631366372,0.003130235010758,-0.0076528079807758,-0.0092060714960098,-0.0075179478153586,0.0088081527501344,0.000730030646082,0.0088081583380699,-0.0039886203594505,0.0142000904306769,0.0056919963099062,-0.0068779401481151,0.0194859262555837,-0.0227660089731216,-0.0045779077336192,0.0027883031871169,-0.0068364851176738,0.0238993130624294,0.0089547531679272,0.0271498821675777,0.0061550154350697,-0.0013626390136778,0.0186141356825828,-0.0013626422733068,0.0139161506667733,0.0020579872652888,-0.0031990217976272,0.0122173428535461,0.0174704045057296,-0.0069704721681773,-0.0066125141456723,0.0091633293777704,-0.0229085050523281,-0.0081590935587883,-0.0047072623856365,-0.007278939243406,-0.0161252338439226,-0.0114227198064327,-0.0092480182647705,0.0040493202395737,0.0031685126014053,-0.0034855036064982,-0.0123229902237653,0.0067397439852356,0.0068683377467095,0.0133177768439054,-0.024428678676486,-0.0187938138842582
3532,-0.0238805934786796,0.0172810181975364,-0.0129282074049115,0.0435202345252037,-0.0142521634697914,-0.0020778398029506,-0.0357886850833892,-0.0113534703850746,-0.0380041226744651,0.0252973176538944,-0.0038306675851345,-0.0374249592423439,-0.0054896688088774,-0.0244591608643531,-0.0128442654386162,0.0040015783160924,0.0072484300471842,-0.0116783324629068,-0.0085187796503305,-0.0182118937373161,0.0272917822003364,0.0097111733630299,-0.0074749300256371,0.0115759596228599,-0.0059119118377566,0.0306874793022871,0.010961846448481,-0.0309589747339487,-0.0031412313692271,0.0076120784506201,0.0103327464312314,0.009247088804841,-0.0142521653324365,-0.0005138204433023,-0.0035029586870223,0.0347273238003253,-0.0079522915184497,-0.0005138041451573,-0.0159486290067434,-0.0020362772047519,0.0100663267076015,0.0161526687443256,0.0246001370251178,-0.0098569635301828,0.028008833527565,0.0042489562183618,-0.0225041769444942,-0.008359701372683,0.0120803192257881,0.0046624476090073,0.0275497362017631,-0.0167810209095478,0.0219681821763515,-0.0126163661479949,-0.0032483441755175,0.0111818145960569,0.0091654872521758,-0.0111793233081698,0.0278667509555816,-0.0085187787190079,0.0155039532110095,-0.0085187796503305,-0.0003193262964487,-0.0023730676621198,0.0203509628772735,0.0100649110972881,0.0331825315952301,-0.0022475447040051,0.0083414837718009,-0.0374249592423439,0.0156882777810096,0.1265184879302978,-0.0026073455810546,0.0004057900514453,-0.0270086172968149,0.0175745319575071,0.0248521417379379,0.0175745710730552,0.0123701132833957,0.0192896500229835,0.0126768639311194,-0.0090844435617327,0.0258018411695957,0.0006113261915743,-0.0049583865329623,-0.0091057019308209,-0.034260094165802,0.0160463713109493,0.009489893913269,-0.0084820389747619,0.0103327464312314,-0.002530550584197,-0.0070824874565005,0.0096463421359658,-0.0104344841092824,0.005284815095365,-0.0221801046282053,0.0052212951704859,0.0146775860339403,0.0275497362017631,0.0058656195178627,-0.0230954699218273
3533,-0.0248361211270093,-0.0058824811130762,-0.0188195593655109,-0.0082927476614713,0.005719234701246,0.0121243260800838,-0.0041110133752226,-0.0323245450854301,-0.0332794040441513,-0.0027187904343008,-0.0150231830775737,0.0043818354606628,-0.008855671621859,0.0011154855601489,-0.0048254677094519,-0.0049361595883965,0.001153115183115,-0.008924227207899,-0.0030007045716047,-0.0281241666525602,-0.0062652756460011,0.0070574744604527,-0.0424954779446125,0.0034960503689944,0.0002664801431819,0.0228183884173631,-0.0078756986185908,-0.0540684685111045,0.0013355994597077,-0.007685674354434,0.0192140750586986,0.0035764789208769,0.0057192491367459,-0.0197653230279684,-0.0132982041686773,-0.0009503337787464,-0.0106789646670222,-0.0197653248906135,-0.0196529813110828,-0.0115952026098966,0.0007119413930922,0.0022978135384619,-0.0012983424821868,-0.0005883000558242,0.0153145939111709,-0.0060633057728409,-0.0143024586141109,-0.0286169610917568,0.0214646868407726,-0.0135224526748061,0.0277301575988531,-0.0227740667760372,-0.0062193665653467,0.0007437246385961,0.0132130812853574,0.0056378901936113,0.0059534283354878,-0.0078302156180143,0.0166729278862476,-0.0030007068999111,0.0137901660054922,-0.0030007055029273,0.0006146193481981,-0.0295997597277164,-0.007094872649759,-0.0092821950092911,-0.0127456430345773,-0.0108668748289346,-0.0225987192243337,0.0043818615376949,0.0035695726983249,0.0212456062436103,-0.0056823594495654,-0.0060981633141636,0.0037727181334048,0.0157402958720922,-0.0115732327103614,0.0157403014600276,-0.0101527627557516,0.0031563858501613,-0.0021887684706598,0.0074653686024248,0.0156386885792017,-0.0190758556127548,0.006267755292356,-0.0030973926186561,-0.079635664820671,0.0042612282559275,0.0099731665104627,-0.0030918738339096,0.0192140713334083,-0.0057668895460665,-0.0049756565131247,-0.0054558217525482,-0.0081798788160085,0.0201766602694988,-0.019015135243535,-0.0063785584643483,-0.0001859054900705,0.0277301575988531,0.0154099389910697,-0.0287656486034393
3534,-0.0096000814810395,-0.0260117463767528,-0.0050448118709027,-0.0134979914873838,-0.0231161694973707,-0.0090947272256016,-0.0386556200683116,-0.0143496105447411,-0.0278108045458793,-0.0042569795623421,-0.0020372285507619,-0.0104912184178829,-0.0063013602048158,-0.0103934882208704,-0.0012451335787773,-0.0179698076099157,-0.0492590144276618,0.0011918750824406,-0.0053094667382538,-0.0216307118535041,-0.0011669071391224,0.0001239607227034,-0.0106901079416275,-0.0200895983725786,-0.0211224034428596,0.0019172619795426,0.0139774279668927,-0.0143742309883236,-0.0064946860074996,-0.01427554897964,0.0019838619045913,0.005566862411797,-0.0231161639094352,-0.0034439396113157,-0.0078638941049575,-0.0229217745363712,0.0085444133728742,-0.0034439382143318,-0.0106979515403509,-0.0143131362274289,-0.0377891287207603,-0.0238667838275432,-0.0211421363055706,-0.0192306134849786,0.020443670451641,-0.0193979907780885,-0.0088097257539629,-0.0132995266467332,0.0018462655134499,0.0137368896976113,-0.0057461806572973,-0.0091678164899349,-0.0058578853495419,-0.0186165180057287,-0.0221372805535793,-0.0084506589919328,-0.0058868085034191,-0.0208727344870567,0.0175311025232076,-0.0053094634786248,-0.0120940627530217,-0.0053094644099473,-0.0151094039902091,0.0012093307450413,-0.0184090584516525,-0.049143262207508,-0.0111844148486852,-0.0011779065243899,-0.0033621729817241,-0.0104912184178829,-0.0112648177891969,-0.0621965490281581,0.0034962890204042,-0.0040684957057237,-0.0055117895826697,0.0027951651718467,-0.0087056867778301,0.0027951798401772,-0.0673779994249343,-0.0167001392692327,-0.0215463116765022,-0.0144983893260359,0.0061462260782718,-0.003936709370464,-0.0127543164417147,-0.0051325499080121,-0.0143959056586027,0.020053207874298,-0.035719521343708,-0.0142712956294417,0.0019838570151478,-0.0148033536970615,-0.0169962532818317,-0.0128377135843038,-0.0052054952830076,-0.0270343553274869,-0.0193374957889318,-0.0141162127256393,-0.0069959331303834,-0.0057461806572973,-0.0052156569436192,-0.0224020630121231
3535,-0.0056891222484409,-0.0307950973510742,-0.0066851321607828,-0.0255096517503261,-0.0051780557259917,0.003758389968425,-0.0355221182107925,-0.0133979497477412,-0.0039579318836331,-0.0064874021336436,-0.0210942346602678,-0.0207340996712446,-0.0090096425265073,-0.0261711906641721,-0.0167486369609832,-0.0087917000055313,0.0060830754227936,-0.011635648086667,0.0214973874390125,-0.0210257731378078,0.002457732334733,-0.0057625863701105,0.0026714713312685,-0.0359179526567459,-0.0255512632429599,0.0261054746806621,-0.0020746595691889,-0.0051583875901997,-0.0178316254168748,-0.0413223132491111,0.011728486046195,0.0062905978411436,-0.0051780613139271,-0.0207658857107162,-0.0002155564725399,-0.0004535820917226,-0.0033062538132071,-0.0207658819854259,-0.0107042510062456,-0.0188871547579765,0.000283153320197,-0.0358581617474556,-0.0140948612242937,-0.0120391957461833,0.0357527509331703,-0.0281113795936107,-0.0060467338189482,0.0006432277150452,0.0121537139639258,-0.0069268830120563,-0.0144440028816461,-0.0133903194218873,-0.0026760981418192,0.0012753854971379,0.0129920076578855,0.013694180175662,-0.0050786128267645,-0.0016327832126989,0.0389309525489807,0.0214973893016576,0.0268784221261739,0.0214973874390125,0.0109683983027935,-0.0457068718969821,0.0045474730432033,0.002640014514327,-0.0256472211331129,-0.0192201994359493,-0.0137235298752784,-0.0207340996712446,-0.0087333442643284,0.0468525998294353,-0.0029017890337854,-0.0064931595697999,-0.0153124192729592,0.0319513380527496,-0.0181348472833633,0.0319514349102973,0.000484953605337,-0.0323056206107139,0.0038453433662652,-0.0004222380230203,0.0196458175778388,-0.0111239608377218,0.0088928127661347,0.0210737325251102,0.0035318662412464,0.0073299948126077,-0.001036541070789,-0.0009721482638269,0.0117284841835498,-0.0061816405504941,-0.0037313771899789,-0.002049547387287,-0.0029347487725317,-0.0036935228854417,-0.0119933150708675,-0.0434446707367897,0.0072534005157649,-0.0144440028816461,0.0013961081858724,-0.0247600357979536
3536,-0.0131752099841833,0.0018170776311308,-0.0006476691924035,0.0138699198141694,-0.0040340409614145,0.0093837538734078,-0.0333633236587047,-0.0085209682583808,-0.0125593738630414,0.0107197109609842,-0.016916736960411,-0.0108933094888925,0.0011182102607563,-0.0110754547640681,-0.0050801429897546,0.0012825489975512,-0.0228726603090763,-0.0044907410629093,-0.0063651762902736,-0.0146912392228841,-0.0128179807215929,-0.0127803441137075,-0.0293003786355257,-0.0004155514761805,-0.0137034282088279,0.0492462217807769,-0.0116218905895948,-0.0105032175779342,-0.0008012559264898,-0.0080032721161842,0.0242218412458896,0.0242479890584945,-0.0040340502746403,-0.0313225165009498,0.0073066861368715,-0.0018093236722052,-0.0058777770027518,-0.0313225165009498,-0.00298842927441,-0.0078795878216624,-0.0137422503903508,-0.0014767454704269,0.0077927554957568,-0.0159287825226783,-0.0032452892046421,-0.003294066991657,-0.0132903801277279,0.0028713552746921,0.0265843831002712,-0.0147689236328005,-0.021083403378725,-0.0050016157329082,0.0043772254139184,-0.008657244965434,-0.0091094933450222,0.0080356551334261,-0.0127894543111324,-0.011197043582797,-0.0026946817524731,-0.0063651893287897,-0.0009955684654414,-0.0063651856034994,-0.0099289994686841,-0.0215170383453369,-0.007196320220828,-0.0219991859048604,0.0073354220949113,-0.0162052270025014,-0.0425112247467041,-0.0108933085575699,-0.0103494878858327,-0.0061923889443278,0.0105893826112151,0.0073680467903614,-0.0032927738502621,-0.0029965892899781,0.0031912503764033,-0.0029965823050588,-0.0313018038868904,0.0023063798435032,-0.0068634245544672,0.0008409239235334,0.0419854633510112,-0.0316179394721984,-0.006288100965321,-0.0055172704160213,-0.0114878099411726,-0.005917745642364,0.0005558226257562,-0.008420473895967,0.0242218468338251,-0.0013359712902456,-0.0111412610858678,-0.0035648359917104,-0.0132771711796522,0.0155251417309045,-0.0114858411252498,-0.0096506616100668,-0.0015280591323971,-0.021083403378725,0.0152054075151681,-0.0215681791305542
3537,-0.0261886809021234,0.0115721384063363,0.0056313853710889,0.0701250433921814,-0.0002339908387511,0.007106065750122,-0.0246947761625051,-0.0211678389459848,-0.0356166362762451,0.0287138875573873,-0.0012389544863253,0.0169736705720424,-0.0262373927980661,0.0210564378648996,-0.0084573989734053,0.0064163357019424,0.0102272816002368,-0.0078724268823862,0.0014422322856262,-0.0231552645564079,-0.0431219823658466,0.0083004580810666,-0.021523643285036,0.00096190511249,-0.0093439035117626,0.0215068496763706,-0.0169245768338441,-0.0332450792193412,-0.0044316444545984,-0.0014425148256123,0.0140871424227952,0.0235256031155586,-0.0002339929924346,-0.0078642172738909,-0.0222573690116405,-0.0280747637152671,0.0047486079856753,-0.0078641977161169,0.0154963256791234,-0.0128768915310502,0.0026509971357882,0.0039903461001813,0.0077113145962357,-0.0239672642201185,0.0392776988446712,0.020689770579338,-0.021419771015644,-0.00050784740597,0.0160400848835706,-0.0250209607183933,0.0099088754504919,0.0137525517493486,-0.018546862527728,0.0157672688364982,0.0372881479561328,-0.0032099823001772,0.00615896563977,0.0150312054902315,0.0363152138888835,0.0014422296080738,-0.0107304081320762,0.0014422055101022,-0.0165228657424449,0.0012708832509815,0.0095767360180616,0.0454757213592529,0.0561089850962162,0.0002160535659641,-0.0184745378792285,0.0169734116643667,-0.0257274527102708,-0.1039915382862091,0.011608688160777,-0.0284823831170797,0.0165450572967529,0.0230277106165885,0.0401080250740051,0.0230277553200721,-0.0007180727552622,-0.0006805008742958,-0.0334116220474243,0.0026512034237384,0.0192750040441751,-0.0095453169196844,0.0220042578876018,0.0005626427009701,-0.0412258096039295,-0.0003259698860347,-0.0021883973386138,-0.0169426910579204,0.0140871461480855,0.001735346391797,0.0092475255951285,0.0054362541995942,-0.0175001416355371,-0.0124351251870393,-0.0045466939918696,-0.0027122423052787,0.0057396702468395,0.0099088754504919,0.0034243431873619,-0.031739268451929
3538,-0.0094004524871706,0.0185069683939218,-0.0174847953021526,-0.0108762644231319,-0.0008750244160182,0.0091387070715427,-0.0306580066680908,-0.0120767261832952,-0.0293170660734176,-0.0047309724614024,0.0078614316880702,-0.0164107419550418,-0.0154298776760697,-0.0092211551964282,-0.0097281904891133,0.009772309102118,0.0252007711678743,-0.0073055024258792,-0.0474503375589847,-0.0194565802812576,-0.0011743574868887,0.0144306439906358,-0.0136413807049393,0.0086839376017451,-0.0054076500236988,0.0200343802571296,0.0082516344264149,-0.0309239514172077,0.0003187486436218,0.0116193760186433,0.0182947199791669,0.0149770295247435,-0.0008750218548811,0.0077859591692686,-0.0197047311812639,0.0019891920965164,0.0022949902340769,0.0077859461307525,-0.0208139792084693,0.0032214005477726,0.0232888720929622,0.0166460201144218,0.0143850669264793,-0.0148050021380186,0.0371663309633731,0.009804667904973,-0.0002059154212474,-0.0261564441025257,0.0206018239259719,0.0008188291103579,0.0246341824531555,-0.0218651816248893,-0.0105027351528406,-0.0050253821536898,-0.0100160734727978,-0.004389792215079,0.014967780560255,-0.0145494434982538,0.0348592363297939,-0.0474503338336944,-0.0042009791359305,-0.047450341284275,-0.0150286927819252,0.0191807951778173,-0.0113128814846277,-0.0358341000974178,-0.0123099256306886,0.0050805998034775,0.0180916525423526,-0.0164107419550418,-0.0084625491872429,-0.0083205960690975,0.0003763032145798,-0.014501467347145,-0.0093094874173402,0.0217838678508996,-0.010532034561038,0.0217838827520608,0.0364708080887794,0.0129503598436713,-0.0061825541779398,0.0034282132983207,0.0198772773146629,0.0008788099512457,-0.0048819538205862,-0.0472218245267868,-0.0453629679977893,0.0186781790107488,0.0232558567076921,-0.0070838970132172,0.0182947218418121,0.0050956718623638,-0.0012993628624826,-0.0134374219924211,0.0126592498272657,0.0117711722850799,-0.0164084248244762,0.0124611482024192,-0.0027697959449142,0.0246341824531555,0.0133289573714137,-0.0263588204979896
3539,-0.0136415855959057,-0.0091767515987157,0.0099739115685224,0.0076262704096734,-0.0058457599952816,0.002334710676223,-0.0180832371115684,-0.0176908839493989,-0.0333269871771335,-0.0013093996094539,-0.0224195085465908,-0.0296530090272426,-0.0164434965699911,-0.0272578373551368,-0.0134828314185142,-0.0113281374797225,0.031571265310049,-0.0023737666197121,0.0207776948809623,-0.02040371671319,-0.0017663482576608,0.0165608152747154,-0.0052214255556464,-0.0115370722487568,-0.0175566170364618,0.0242486558854579,0.0096651734784245,-0.0231331251561641,0.0054095182567834,-0.02515728212893,0.0106302900239825,0.0066883731633424,-0.0058457618579268,-0.0162352919578552,-0.012625596486032,-0.0207943990826606,0.0055257203057408,-0.01623529009521,0.0041657746769487,-0.0111084738746285,0.0180378127843141,-0.0116590280085802,-0.0145217580720782,-0.034605786204338,0.0055177249014377,-0.0148154664784669,-0.0098000727593898,-0.012085722759366,0.0126956738531589,0.0109807532280683,0.0329758524894714,0.0171506311744451,-0.0080641498789191,-0.0113120768219232,0.0179770942777395,0.0080227619037032,0.0137995909899473,-0.0253423824906349,0.005448036827147,0.0207776986062526,0.0104938158765435,0.0207776930183172,-0.0036483737640082,-0.0474356114864349,0.0007271110080182,-0.0078788539394736,-0.0016228486783802,-0.0005361980292946,-0.0329731777310371,-0.029653001576662,-0.0449715442955493,-0.0565185919404029,0.0119494460523128,-0.0152439307421445,-0.0247450545430183,0.0016545014223083,-0.0051377806812524,0.0016544867539778,0.0126676186919212,-0.0104930493980646,-0.026906594634056,-0.00281836790964,0.0145448008552193,-0.0169086251407861,0.0023450711742043,0.0213912222534418,-0.0325175411999225,0.0127905728295445,0.019376890733838,-0.0323303751647472,0.0106302928179502,-0.0168484561145305,-0.0168085917830467,-0.0033615799620747,-0.0077855321578681,0.0103986114263534,-0.0480435602366924,-0.0263134650886058,0.0010525287361815,0.0329758524894714,0.0227103941142559,-0.0262765400111675
3540,-0.0122819561511278,-0.0107132252305746,-0.0161990672349929,-0.0202981643378734,-0.0016665025614202,-0.0096163814887404,-0.0210169088095426,-0.0137111600488424,-0.034669030457735,-0.00325747882016,-0.0092031694948673,-0.0219407938420772,-0.0004520389484241,-0.0169301740825176,-0.0097992056980729,-0.0087320450693368,-0.0131797222420573,-0.0129721146076917,-0.0010653953067958,-0.017809011042118,-0.010828367434442,-0.0071115032769739,-0.0115102678537368,-0.0045337928459048,-0.0098263323307037,-0.000958441523835,-0.005273153539747,-0.0243158861994743,-0.0097038829699158,-0.0062053552828729,-0.0177128091454505,-0.0054120728746056,-0.0016664993017911,-0.028587233275175,0.001655459171161,-0.014128303155303,-0.0276809819042682,-0.0285872314125299,-0.017202153801918,-0.0054547381587326,-0.0121353026479482,-0.0084586571902036,-0.0038848225958645,-0.0097674131393432,0.0057821171358227,-0.0133884977549314,-0.0080130193382501,-0.0077556734904646,-0.0191524717956781,-0.0037969383411109,0.0205238331109285,-0.022129176184535,-0.0036865803413093,-0.0103395748883485,-0.0106918271631002,-0.0048710391856729,-0.007418077904731,-0.012707931920886,0.005610060878098,-0.0010653911158442,-0.0009086193749681,-0.0010653943754732,-0.0072417589835822,-0.0054628476500511,-0.0121031431481242,-0.0122727248817682,-0.0156014719977974,-0.0223225317895412,-0.0388125739991664,-0.0219407863914966,-0.0023739729076623,-0.0341550931334495,-0.0123363817110657,0.0034624193795025,-0.018734872341156,0.005330060608685,-0.0093183312565088,0.0053300773724913,-0.0150722209364175,-0.0053691333159804,-0.0136008504778146,-0.0047956714406609,-0.0025565517134964,-0.0289099421352148,-0.0112918987870216,-0.0003657046472653,-0.0333192162215709,2.912897616624832e-05,-0.0091802105307579,-0.010093598626554,-0.0177128072828054,-0.0107536287978291,-0.0113847106695175,-0.0099129769951105,-0.0021716163028031,0.0011944854632019,-0.0132188834249973,-0.0051333820447325,-0.0105998758226633,0.0205238331109285,-0.0150076039135456,-0.022576417773962
3541,-0.0119712073355913,-0.0331904590129852,-0.0131355244666337,-0.011122029274702,-0.0319284573197364,-0.0146102420985698,-0.0364570841193199,-0.0183075983077287,-0.0176530294120311,-0.0192671734839677,0.0076000923290848,-0.0130644310265779,-0.0094468807801604,-0.0174113046377897,-0.0051824417896568,-0.0293230023235082,-0.0154890455305576,-7.910584099590778e-05,-0.020407659932971,-0.0245520919561386,-0.0123529154807329,0.0065625049173831,-0.0304167512804269,-0.0184600222855806,-0.020052807405591,-0.0263322405517101,-0.004356263205409,-0.0213800631463527,-0.0301780216395854,-0.004196819383651,0.0021429834887385,-0.005540220066905,-0.0319284535944461,-0.0249660201370716,-0.0100759891793131,-0.0289491284638643,0.0169543139636516,-0.0249660201370716,-0.0222606100142002,-0.0154833840206265,-0.0130537264049053,-0.0240844562649726,-0.0281887203454971,-0.0099798133596777,-0.0068741263821721,-0.0309049468487501,-0.0093310689553618,-0.0165100749582052,0.0025909068062901,-0.0019617434591054,-0.0021350642200559,-0.0251630134880542,0.0011401735246181,-0.0089231776073575,-0.0061803353019058,-0.014227288775146,0.002550781937316,-0.0132499244064092,-0.0067753037437796,-0.0204076580703258,-0.0042218351736664,-0.0204076487571001,-0.0119337886571884,0.0180463921278715,-0.0010016169399023,-0.0328106582164764,-0.0132062807679176,-0.0238237101584672,-0.0130300493910908,-0.0130644217133522,0.0109793068841099,-0.0558116100728511,-0.0070514846593141,-0.0083847343921661,-0.0091459341347217,-0.0132279228419065,-0.0131127350032329,-0.0132279181852936,-0.0247774012386798,-0.0148682184517383,-0.0249068718403577,-0.0230479203164577,-0.0154810082167387,-0.0201756581664085,0.001398068619892,-0.0207294728606939,-0.0231931060552597,0.0014235000126063,-0.0159491226077079,-0.0145366042852401,0.0021429820917546,-0.0261157602071762,-0.0096599915996193,-0.0120582543313503,-0.0028496589511632,-0.0199753679335117,-0.0196350738406181,-0.0047255526296794,0.0102531686425209,-0.0021350642200559,0.000768800266087,-0.0250616688281297
3542,-0.0128409061580896,-0.0176558475941419,-0.0164905115962028,0.0252464897930622,-0.0210703592747449,-0.0023218165151774,-0.0369801297783851,-0.0149028236046433,-0.0141600556671619,0.0096373185515403,-0.0114744957536458,-0.0080828247591853,-0.0099324164912104,-0.0109299672767519,-0.0036554923281073,0.0025522902142256,-0.0033152997493743,0.0007770577212795,-0.0154186151921749,-0.0215177331119775,-0.0055013918317854,0.0035944441333413,-0.0223647654056549,-0.0122960489243268,-0.0285436734557151,0.0344453528523445,-0.0039283540099859,-0.0121451262384653,-0.0080100810155272,-0.0151495654135942,0.016337439417839,0.0220334082841873,-0.0210703574120998,-0.0383819639682769,-0.0159171484410762,0.0014929104363545,0.0063839936628937,-0.0383819565176963,-0.0247376039624214,-0.0177991390228271,0.0050435666926205,-0.0141109433025121,0.00947006046772,-0.0332108847796916,-2.969265915453434e-05,-0.016607878729701,-0.0136439651250839,-0.0271157585084438,0.0177729316055774,-0.0081376684829592,-0.0021602045744657,-0.0255802106112241,0.0036319175269454,-0.0030355993658304,-0.0030116091948002,-0.0012299071531742,0.0033033078070729,-0.0083029270172119,-0.0013814598787575,-0.0154186179861426,-0.0131105352193117,-0.0154186189174652,-0.0178976953029632,-0.0226522162556648,-0.0006920429877936,-0.0208093021064996,0.0171833522617816,-0.0209559053182601,-0.046940691769123,-0.0080828219652175,-0.0363073945045471,0.0033004865981638,0.0055167200043797,-0.008262887597084,-0.0005313958972692,-0.0102017326280474,0.0095273591578006,-0.0102017279714345,-0.0054796882905066,-0.0076543372124433,-0.010790953412652,-0.0122220944613218,0.0329688712954521,-0.0391449220478534,0.0002098164986819,-0.015264781191945,-0.0071739377453923,-0.0005303969956003,0.0141727225854992,-0.022393936291337,0.0163374375551939,-0.0041626552119851,-0.0028896490111947,-0.0047381720505654,-0.0107527719810605,0.0181561019271612,-0.0116483736783266,-0.0153189338743686,0.006954388692975,-0.0021602045744657,0.0257592350244522,-0.0229903925210237
3543,-0.0276310108602046,-0.0174282900989055,-0.0217660330235958,-0.0002432423643767,0.0113082509487867,0.0056571024470031,-0.0271399915218353,-0.0209397729486227,-0.0382523015141487,-0.0004725728649646,0.0162168815732002,-0.0342254675924778,-0.016826394945383,-0.0297362208366394,-0.0155857261270284,-0.0025439353194087,-0.0336441099643707,-0.0107517139986157,-0.0160424709320068,-0.0230670496821403,0.0045767570845782,0.0076249237172305,0.008501948788762,-0.0141730736941099,-0.0050939642824232,0.0012104661436751,0.0173909720033407,-0.0445712506771087,-0.0166192390024662,0.0118056833744049,0.0016796274576336,-0.0036209526006132,0.0113082537427544,-0.0114323087036609,-0.0221182890236377,-0.0058486149646341,0.0051042959094047,-0.0114322267472743,-0.0299111902713775,-0.0050144279375672,-0.0217457525432109,-0.0133325606584548,-0.0029746973887085,-0.0114195626229047,0.0418015047907829,-0.0225092843174934,-0.0218372736126184,-0.0324227660894393,0.0020046387799084,0.0110287768766283,0.0101948585361242,-0.0256449375301599,-0.0026811899151653,-0.0127840423956513,-0.0133325234055519,-0.0079291183501482,0.003502802690491,-0.0080771967768669,0.0407058894634246,-0.0160424727946519,-0.004540042951703,-0.0160424672067165,-0.0139709031209349,0.0432160645723342,-0.0050780391320586,-0.0184654369950294,-0.0024949479848146,-0.0115541648119688,0.0001469319686293,-0.0342254601418972,-0.0087831746786832,-0.0221971105784177,-0.0088807828724384,-0.0148055031895637,-0.0274336542934179,0.0311770774424076,-0.002185700694099,0.0311770774424076,-0.0361516661942005,-0.0057894270867109,-0.0057844752445816,0.0074849431402981,0.000973698333837,-0.0086461314931511,-0.0068907374516129,-0.0160583965480327,-0.0581577010452747,0.0254434011876583,-0.0203238986432552,-0.0044994391500949,0.0016796365380287,-0.0021549242082983,-0.0075979260727763,-0.0095732677727937,-0.0115750897675752,-0.020031776279211,-0.0095686186105012,0.0059580993838608,-0.0007720279973,0.0101948585361242,-0.0038809580728411,-0.0266864895820617
3544,-0.015686709433794,-0.0074157500639557,-0.0013098792405799,-0.0156273506581783,-0.0043004471808671,0.0011616416741162,-0.0139301316812634,-0.0194138810038566,-0.0044945748522877,-0.0035271737724542,-0.0157903414219617,0.0025308944750577,-0.0062795523554086,-0.0033643255010247,-0.003756318707019,-0.0301549397408962,-0.0083782570436596,0.002745549660176,0.0076363515108823,-0.0211706217378377,0.0038337183650583,0.0199112500995397,-0.0240061618387699,-0.0061577772721648,-0.0094535360112786,0.0362077429890632,0.0004026393289677,-0.029043398797512,0.0003976956941187,-0.0202080588787794,0.0063981935381889,0.0227967128157615,-0.0043004476465284,0.007800446357578,-0.0086282845586538,-0.0110006500035524,-0.0091123124584555,0.0078006661497056,-0.0059187598526477,-0.0128524499014019,-0.0036530178040266,-0.007199686486274,-0.0304020978510379,-0.0092142336070537,0.0136349070817232,-0.0076775015331804,-0.0128961838781833,-0.0153301740065217,0.0065333191305398,-0.0055576558224856,0.0531878620386123,-0.0021998463198542,0.0040364661253988,-0.0080981478095054,0.0107801565900444,0.0079769864678382,0.0156910941004753,-0.0050314711406826,0.0133750019595026,0.007636347785592,0.0146853709593415,0.007636347785592,0.0019947225227952,-0.0381295084953308,0.0085685783997178,0.0199307892471551,-0.0183961056172847,0.001644616597332,0.0264601856470108,0.0025308956392109,-0.0017633566167205,0.0392583012580871,0.0126096094027161,-0.0059122489765286,0.0077731283381581,0.0074870828539133,-0.0159172564744949,0.0074870735406875,-0.0153513085097074,-0.0050338893197476,-0.0089308088645339,-0.0015155400615185,0.033752005547285,0.0132072120904922,-7.511069998145103e-05,0.0081012332811951,-0.0360851846635341,0.0066238222643733,0.0012505268678069,-0.0138832721859216,0.0063981907442212,-0.0271604750305414,-0.0052727875299751,-0.0063952011987566,-0.0087281260639429,0.0062479451298713,-0.0157608725130558,-0.0188897456973791,0.0032969894818961,0.0531878620386123,0.00916557200253,-0.0228592064231634
3545,-0.0168856456875801,0.0048236325383186,-0.0106727285310626,-0.0347629450261592,-0.0058299228549003,0.002422101330012,-0.0186578705906867,-0.0261255502700805,-0.0155464829877018,-0.0091698290780186,0.0040047108195722,0.0084012001752853,-0.0149576738476753,0.0073988563381135,-0.0011725956574082,-0.0043463613837957,0.0049005169421434,-0.0045731575228273,-0.0073975170962512,-0.0288634523749351,-0.00337835540995,-0.0016617743531242,-0.0199572294950485,0.0091025587171316,-0.0188057608902454,0.0403677336871624,-0.0092622004449367,-0.0391481481492519,-0.0091683585196733,0.0130095016211271,0.0112191857770085,0.0137319294735789,-0.0058299284428358,-0.0376434028148651,-0.0185428466647863,-0.0062451176345348,0.0013757853303104,-0.0376432538032531,-0.0095364144071936,-0.0157695934176445,-0.0023068923037499,0.003811165690422,-0.000373754184693,-0.0251571200788021,-0.0135277863591909,0.0048224604688584,-0.0102147869765758,-0.0239503551274538,0.0122583098709583,-0.0038103742990642,-0.0030403300188481,-0.011914350092411,-0.0083835488185286,-0.0012097733560949,0.0109458919614553,-0.0005911391926929,-0.0034238218795508,-0.0084362979978322,-0.0108247753232717,-0.0073975217528641,-0.000993751687929,-0.0073975110426545,-0.0113236904144287,0.0200735926628112,-0.0033627685625106,0.0075237164273858,-0.0330341681838035,-0.0158842261880636,-0.0728122815489769,0.0084012346342206,-0.0279516205191612,0.0023679388687014,0.0036207151133567,-0.0163558553904294,0.0088235223665833,-0.003667389973998,-0.0266113467514514,-0.0036673785652965,-0.005624380428344,0.00631236564368,-0.014140285551548,-0.0024695973843336,0.0303861107677221,-0.0460443571209907,0.0001429800176993,-0.0062925480306148,-0.0495971068739891,-0.0061657987534999,-0.0074918149039149,-0.0258769765496253,0.0112191848456859,-0.0129910493269562,-0.0057421443052589,-0.0184264108538627,-0.0015337771037593,-0.0152696948498487,-0.0181844718754291,0.0102733606472611,-0.0035235686227679,-0.0030403300188481,-0.0058921207673847,-0.0327106602489948
3546,-0.0212639309465885,0.010121950879693,0.0037888055667281,-0.1153629124164581,-0.027536928653717,-0.0100809028372168,-0.0266803316771984,-0.0235649812966585,-0.0210711397230625,-0.0442295521497726,0.014780918136239,-0.0074264062568545,-0.0196907874196767,-0.0067073772661387,-0.0062391026876866,-0.0118573596701025,-0.0163055844604969,-0.0001849038526415,-0.0209643878042697,-0.0285380147397518,-0.0028692753985524,0.0145850088447332,-0.0402558520436286,-0.0014062700793147,-0.0196502022445201,0.0170288626104593,-0.0100306337699294,-0.0286126267164945,-0.0062071606516838,0.0097759598866105,0.0067690005525946,0.0086307525634765,-0.027536928653717,-0.0028346185572445,-0.0231646224856376,-0.0031776339747011,0.0145747391507029,-0.0028346162289381,0.001756930258125,-0.022265788167715,-0.005781459622085,0.0055492487736046,-0.0077321003191173,-0.0153005616739392,-0.0012090507661923,0.0095718735828995,-0.0209695287048816,-0.0193072613328695,0.0069270255044102,-0.00919777341187,0.0221207737922668,0.012601176276803,-0.0013013076968491,-0.0178634542971849,-0.0165843162685632,-0.0113505264744162,0.0099818287417292,-0.0180690065026283,0.0004578729858621,-0.0209643878042697,0.0013004820793867,-0.0209643878042697,-0.0107962545007467,0.0360118523240089,-0.0029085078276693,-0.0086527094244956,-0.0999948158860206,0.0002046883455477,-0.0032063489779829,-0.0074264113791286,-0.0121828150004148,0.0271705128252506,0.0108505971729755,-0.0208082441240549,-0.0056301979348063,-0.0032280287705361,-0.0761725530028343,-0.0032280385494232,-0.0174250267446041,0.0084905950352549,-0.0065324660390615,-0.0184420906007289,0.0118772843852639,-0.0071627898141741,-0.0160395000129938,-0.0196193605661392,-0.0295347180217504,-0.0013014237629249,-0.0074002821929752,-0.0119782648980617,0.0067689958959817,-0.0112743396311998,-0.010049644857645,-0.0418116822838783,-0.0175688676536083,-0.0116767203435301,-0.0203476957976818,0.0081860926002264,-0.0045820050872862,0.0221207737922668,0.0045526069588959,-0.0344547517597675
3547,-0.0121370991691946,0.0102572757750749,-0.0150795951485633,-0.0256575047969818,0.0078066047281026,0.0048492662608623,-0.0311494078487157,-0.0171642675995826,-0.0051987241022288,-0.0075166788883507,0.0214410573244094,-0.0086857061833143,0.0034234966151416,-0.0080182310193777,0.0073700323700904,-0.0110294744372367,-0.0284299608319997,0.0100219463929533,0.0204875078052282,-0.0245029740035533,-0.0140690663829445,0.0073801348917186,-0.0118432026356458,0.0116124097257852,-0.0237323753535747,0.0427325591444969,-0.0027358587831258,-0.0135342013090848,-0.0192291215062141,0.022868039086461,0.0025076628662645,0.0342718623578548,0.0078066070564091,-0.0189332012087106,-0.0077458508312702,-0.0250646919012069,0.0054537691175937,-0.0189332030713558,-0.0260735750198364,-0.022576417773962,-0.0167915523052215,0.0119944233447313,-0.0116039747372269,-0.0196397099643945,-0.0009151396807283,0.0043280734680593,-0.0148374838754534,-0.0339493416249752,0.0013198814122006,0.0010593011975288,0.0165129899978637,-0.0251232162117958,0.0221438258886337,-0.0223801974207162,-0.0158586613833904,0.0086098900064826,0.0036845046561211,-0.0167366918176412,0.0009049768559634,0.0204875133931636,0.016733206808567,0.020487505942583,0.0024283938109874,0.0510494671761989,0.0085711646825075,0.0023011043667793,-0.0251731965690851,-0.0178388878703117,-0.0125518655404448,-0.0086857043206691,-0.0113598546013236,-0.0723511129617691,0.0139897372573614,0.0068679684773087,0.0030371050816029,0.005233809351921,-0.0202501490712165,0.0052338154055178,-0.0297408364713192,0.0190727300941944,-0.0273424182087183,0.0066165849566459,0.0453678257763385,-0.0111309001222252,-0.0170012917369604,0.0224259067326784,-0.0034229962620884,0.0029807942919433,-0.0167525932192802,-0.0194633826613426,0.0025076663587242,-0.0137497596442699,-0.015313996002078,-0.0064244158565998,-0.0105702299624681,-0.0123452823609113,-0.0212192237377166,0.0228406321257352,0.003218000754714,0.0165129899978637,-0.0053966478444635,-0.0275948643684387
3548,0.0240735057741403,0.0516629815101623,0.0574891269207,0.0125507246702909,0.0492933504283428,0.0164450220763683,-0.019849244505167,-0.0036468226462602,0.0431170687079429,0.0267871972173452,0.0073795625939965,0.0343700982630252,0.0533510334789752,0.0447969920933246,0.0473377741873264,0.0193888638168573,-0.0102481320500373,0.052799042314291,-0.0127151682972908,-0.0152449579909443,0.0232891663908958,0.0273576937615871,0.0075070261955261,0.0250532627105712,-0.0128275146707892,0.0114831244572997,0.0097915492951869,-0.0003573624417185,0.031399380415678,0.0067649167031049,-0.0138538815081119,0.0197705328464508,0.0492933541536331,0.0040045608766376,0.0473756454885005,0.036807507276535,0.0100416475906968,0.0040045636706054,0.0569588616490364,-0.0057078506797552,0.0093925707042217,0.0355014912784099,0.0165146328508853,0.002502498216927,0.0054410882294178,0.0538368970155715,0.0252185091376304,0.055883266031742,-0.0181670226156711,0.0058457348495721,0.0481000244617462,0.0701940283179283,0.0339001975953578,-0.0008540629060007,-0.0031741387210786,0.0251681208610534,0.0269198007881641,0.0084413737058639,0.0071112718433141,-0.0127151701599359,0.0288327969610691,-0.0127151776105165,0.0236394070088863,-0.0419684946537017,0.018012911081314,0.0098864575847983,0.0206009894609451,0.0112693728879094,-0.0011538572143763,0.0343700982630252,0.0153417410328984,0.0859801471233367,0.0410785190761089,0.0507941991090774,0.0292691010981798,0.0198009815067052,0.0250867325812578,0.019800990819931,-0.0081374607980251,0.0285594835877418,0.0344311520457267,0.0340856127440929,0.0106379333883523,-0.0023835655301809,0.0001983473193831,-0.0127910152077674,-0.003452394157648,0.0064465622417628,0.0243074372410774,0.0140806939452886,-0.0138538843020796,0.0137447947636246,0.008788613602519,0.0237815007567405,0.0274757742881774,0.0545944273471832,0.0171408578753471,0.0024755680933594,0.0127822067588567,0.0481000244617462,0.0298074670135974,-0.0109718535095453
3549,-0.0086837075650691,-0.014447933062911,-0.0195172671228647,0.0017275931313633,0.0004603266133926,0.0153362238779664,-0.0333143770694732,-0.012180901132524,-0.02079439163208,-0.0006237000925466,-0.0118365660309791,-0.0299872923642396,0.0128728505223989,-0.0263302326202392,-0.0102651938796043,0.0081658922135829,0.0047704614698886,-0.0260081812739372,-0.042227778583765,-0.019181240350008,0.0128884948790073,-0.0009797556558623,0.0125545617192983,-0.0142423342913389,-0.0157447103410959,-0.0205838792026042,0.0048792851157486,-0.0111520066857337,-0.0192354135215282,-0.0209540966898202,0.0286829993128776,-0.0392858199775218,0.0004603327834047,-0.019304035231471,0.0202639196068048,0.0162831861525774,0.0062935817986726,-0.0193040333688259,-0.0152862779796123,-0.0126999737694859,-0.0003806967579293,-0.0138598680496215,0.0183577816933393,-0.0090600363910198,0.0046377484686672,-0.0177452862262725,-0.0082727344706654,0.0038190558552742,0.0307693444192409,0.0062944083474576,-0.0114027019590139,-0.0225115194916725,0.0086932443082332,-0.0010630520991981,0.0113849807530641,-0.0029518888331949,-0.0018217529868707,-0.00596529757604,0.0061291754245758,-0.0422277823090553,0.0026037134230136,-0.0422277860343456,-0.0052456595003604,-0.0281674433499574,0.0014929168391972,-0.0012859245762228,-0.0004630294861271,-0.0181616023182868,-0.0112849790602922,-0.0299872942268848,0.0021210205741226,0.0426610670983791,-0.0315191075205802,0.0218135677278041,-0.0340956300497055,0.0064292084425687,-0.0001535795163363,0.0064292065799236,-0.0025806073099374,-0.0110217183828353,0.0074029322713613,0.0076537085697054,-0.0306349527090787,-0.0205164551734924,0.0042400583624839,-0.0430913046002388,-0.0089351898059248,0.0035363510251045,0.0004627187154255,-0.0020447056740522,0.0286830067634582,0.0038806968368589,-0.005454359576106,-0.0051327920518815,-0.0058627957478165,-0.0012812204658985,-0.0160956867039203,-0.019535006955266,0.0043433406390249,-0.0114027019590139,0.0062222545966506,-0.0258252061903476
3550,-0.0053109587170183,0.0190373063087463,0.0273444540798664,-0.0221460629254579,-0.0209728125482797,-0.0002047633752226,-0.0344010591506958,0.0024758377112448,-0.0364014096558094,-0.0057579721324145,0.0008138290140777,-0.0105957463383674,0.0384814962744712,-0.0074393237009644,0.0024743219837546,0.0464190132915973,0.027609746903181,0.0002180465962737,0.0249100178480148,-0.0087134204804897,0.0081427432596683,0.0123794991523027,0.0062465304508805,0.026192408055067,-0.0244333148002624,0.0555903054773807,0.0259415674954652,0.0067417612299323,0.0073506515473127,0.0178460236638784,0.0210719313472509,0.0553961396217346,-0.0209728106856346,0.0251627024263143,0.058398313820362,0.0255610961467027,0.0018988689407706,0.025162698701024,0.026205264031887,-0.0005671980907209,0.0190701745450496,0.0196526683866977,0.0743675753474235,-0.0515290014445781,0.0479143857955932,0.0061226766556501,-0.0065942509099841,0.0439955629408359,0.0236107911914587,0.0209421794861555,0.0208735205233097,0.0284846518188714,0.0405425727367401,0.0220461469143629,0.0271353721618652,0.0120543241500854,0.0116448309272527,0.0099072325974702,0.0423696972429752,0.0249100197106599,0.0174600053578615,0.0249100234359502,-0.0008603478781878,0.0106950048357248,0.0163793284446001,0.0042630583047866,-0.0242779813706874,0.0198626983910799,0.0356132946908474,-0.0105957500636577,-0.0659648776054382,-0.0335119701921939,0.0369538739323616,0.0615583285689353,0.0016732288058847,0.0189071558415889,-0.0171671248972415,0.0189071372151374,0.0217900164425373,0.0277497209608554,-0.0121083743870258,-0.0119257671758532,0.0543087646365165,0.0307433307170867,0.0237159561365842,0.0251454208046197,0.0112861339002847,0.0351057015359401,0.0145425535738468,-0.0365638583898544,0.0210719369351863,0.0232235416769981,0.0151683315634727,-0.0080833807587623,-0.0068662906996905,0.0011889528250321,-0.0022717514075338,0.0175779834389686,0.0259396024048328,0.0208735205233097,0.0113636404275894,-0.0256239343434572
3551,-0.0020211357623338,-0.0158601477742195,-0.0031407307833433,0.0004526507109403,-0.0072988178580999,0.0043327631428837,-0.0251003894954919,0.0071147959679365,-0.0313549563288688,-0.0011638957075774,-0.0097770895808935,0.0170786287635564,-0.0096278833225369,0.009773064404726,-0.0073643452487885,0.0041308207437396,0.0073066088370978,-0.0125853428617119,-0.0162320081144571,-0.0034119808115065,0.0114003149792552,-0.0335274375975132,-0.0225602965801954,-0.0144592709839344,-0.0124272080138325,0.0513362362980842,0.0075768246315419,0.013064345344901,-0.0058610392734408,-0.0054870140738785,0.0148656172677874,0.0245125219225883,-0.0072988122701644,-0.0066311154514551,-0.005294244736433,0.0079739242792129,0.0046930741518735,-0.006630980875343,0.0015209030825644,0.0017319228500127,-0.0030746122356504,-0.0163111165165901,0.0158600099384784,-0.0337155275046825,-0.0063313548453152,-0.0045428555458784,-0.0060764728114008,-0.0125702498480677,0.016674006357789,0.0089914808049798,-0.0782105848193168,0.0005687794182449,0.005884725600481,0.0047452049329876,0.0162996519356966,0.0108837205916643,-0.0306880474090576,-0.000920302758459,-0.0086834467947483,-0.0162320025265216,0.005140159279108,-0.0162320118397474,-0.0101503506302833,0.0118521582335233,0.0049803457222878,0.0222907476127147,-0.0073778969235718,0.0031488412059843,-0.0259478446096181,0.017078798264265,-0.035599336028099,0.022363007068634,0.0111122038215398,-0.0028792386874556,0.017493300139904,-0.011209737509489,-0.0096189342439174,-0.0112097384408116,-0.0009936224669218,-0.0099393911659717,-0.0125344162806868,-0.0018011671490967,0.0405749939382076,-0.0153058851137757,0.0056214109063148,-0.0152421509847044,0.0213210992515087,0.0084920413792133,-0.0089623071253299,-0.0302574448287487,0.0148656209930777,-0.0069397967308759,-0.0061292313039302,-0.0079331183806061,-0.0074452711269259,-0.0247522816061973,-0.0136795667931437,-0.0085470871999859,0.0030190993566066,-0.0782105848193168,-0.0057387971319258,-0.0217766966670751
3552,-0.0223416537046432,-0.010723827406764,-0.0023957702796906,0.0565433651208877,-0.0181609168648719,-0.0048809833824634,-0.022708062082529,-0.0124486498534679,-0.0312940739095211,0.0173905249685049,0.0094234738498926,-0.0073485989123582,-0.0290548540651798,-0.004926299676299,-0.0162919294089078,0.0164306126534938,0.0032619219273328,-0.0150434682145714,0.008527347818017,-0.0158800072968006,-0.0112029565498232,0.0129495747387409,-0.0055100671015679,-0.0093796048313379,-0.01012525241822,-0.0033346528653055,0.0029678435530513,-0.0196887031197547,-0.0314103364944458,0.0099863335490226,0.0097921285778284,0.0011645866325125,-0.0181609168648719,-0.0006725036073476,-0.0220184866338968,-0.0044960104860365,0.0146182458847761,-0.0006725096027366,0.0022386841010302,-0.0088976249098777,-0.0032064169645309,-0.0089484695345163,0.0219066459685564,-0.0220224056392908,0.0403489023447036,-0.0077827265486121,-0.0218810141086578,-0.0090715074911713,0.0112674226984381,-0.0009447081247344,0.0123666459694504,0.0006626920076087,-0.0204368624836206,0.0014167608460411,-0.0077056759037077,-0.0103445332497358,0.00758873578161,-0.0075667994096875,0.0409008562564849,0.0085273412987589,-0.0162857305258512,0.0085273450240492,-0.020406724885106,0.0234347935765981,-0.0152675192803144,-0.023221556097269,0.0456584841012954,-0.005929940380156,2.2422755137085915e-05,-0.0073486175388097,-0.0228175874799489,-0.0431708991527557,-0.0014575558016076,-0.0305891595780849,-0.0050661480054259,0.0267031826078891,0.0304586328566074,0.0267032794654369,0.0049677332863211,-0.0077014467678964,-0.0154326371848583,-0.0128493485972285,-0.0008535529486835,0.0010766445193439,-0.0015405406011268,0.0086164604872465,-0.0205991845577955,0.0170442704111337,-0.0292177312076091,-0.0145852360874414,0.0097921276465058,0.0071899481117725,0.0047524254769086,-1.0074116289615633e-05,-0.0190303120762109,-0.0613571926951408,-0.0084707457572221,0.0056573869660496,-0.0054417108185589,0.0123666459694504,-0.0284921936690807,-0.0265657808631658
3553,-0.0109434183686971,-0.0110575566068291,-0.02916756644845,0.0270194541662931,-0.0152931697666645,0.0148950899019837,-0.0325437560677528,-0.0150561248883605,-0.0410786420106887,0.0103236893191933,-0.0305038373917341,-0.01346917450428,0.0004241030837874,-0.0145944328978657,-0.0142088681459426,0.0197192318737506,0.0203531719744205,-0.022662715986371,0.0224338918924331,-0.0205394886434078,0.022704729810357,0.002486225683242,0.0013255346566438,-0.0033528383355587,-0.0205960534512996,0.0560710281133651,0.0297654923051595,-0.0109742414206266,0.0105706732720136,-0.0210184417665004,0.0415827594697475,0.0088813137263059,-0.015293170697987,0.0053894324228167,-0.0017324509099125,0.0125773232430219,0.0015397369861602,0.0053894077427685,-0.0301717482507228,-0.0130206895992159,0.0150466272607445,-0.0053063402883708,0.022938197478652,-0.0366825386881828,0.0301534514874219,-0.0152354259043931,-0.0073731583543121,-0.0280108302831649,0.0459875352680683,0.0288239158689975,-0.00167532695923,-0.0328652001917362,0.0578727014362812,0.016239583492279,0.0494838431477546,0.0277900286018848,0.0028469203971326,0.0154317039996385,0.026073845103383,0.0224338937550783,0.0301387477666139,0.0224338956177234,0.0079391989856958,-0.0593159683048725,0.0621915087103843,0.0358164198696613,0.0124453892931342,0.0088961422443389,0.0164312981069087,-0.0134691707789897,-0.0506713762879371,-0.0019872449338436,-0.0095591880381107,0.0117266103625297,-0.0116570778191089,0.0090361079201102,0.0068685952574014,0.0090360566973686,0.006388965062797,0.0099925147369503,-0.0052463971078395,-0.0004366552457213,0.0357658416032791,0.012129115872085,0.042873129248619,0.023657938465476,-0.0190352089703083,0.033634964376688,0.0278696119785308,-0.0182771012187004,0.0415827557444572,0.0130417505279183,0.0024622017517685,0.010379652492702,-0.0104781612753868,0.0293001141399145,-0.0168792903423309,-0.0233862362802028,0.0662427842617034,-0.00167532695923,0.0367658324539661,-0.0297233518213033
3554,-0.015735026448965,-0.0004873275756835,0.0029065129347145,0.0065628550946712,0.0031200472731143,0.0076149823144078,-0.0289484001696109,-0.0177172012627124,-0.0331794172525405,0.0099637443199753,0.0017026597633957,-0.0017892713658511,0.0039407829754054,-0.0058845290914177,-0.0021952288225293,0.0138984564691782,0.0035633202642202,0.0049111107364296,-0.0025443960912525,-0.0214710906147956,0.0005399723886512,0.0090357242152094,-0.0050514447502791,0.0154820708557963,-0.0172833539545536,0.0634827688336372,0.0017113547073677,-0.020234240218997,0.0046910950914025,0.0067381653934717,0.0119047481566667,0.0368544608354568,0.0031200482044368,-0.0042902459390461,-0.0008912021294236,0.0041024526581168,-0.0085361562669277,-0.0042901244014501,-0.003843898884952,-0.0141502628102898,-0.0047445516102015,0.0085007008165121,0.0180603675544261,-0.0202738307416439,-0.0111635364592075,-0.006365917623043,-0.0138048436492681,-0.0161140114068985,0.0137628875672817,0.0043570972047746,0.0321286618709564,0.0073759127408266,0.0217977352440357,0.0063481237739324,0.0242352485656738,0.0191120859235525,0.0053466469980776,-0.0042465929873287,-0.0085238441824913,-0.0025444086641073,0.0199731867760419,-0.0025444047059863,0.0043387073092162,0.0126595366746187,0.0113141573965549,-0.0045389300212264,-0.0017469548620283,1.6728416085243225e-05,-0.0109871057793498,-0.0017892229370772,-0.0217027440667152,-0.0214726701378822,0.0237144716084003,0.0109810158610343,0.0053511150181293,-0.0042438255622982,-0.0033924188464879,-0.0042438195087015,-0.0159950535744428,0.0182280335575342,-0.0058973953127861,0.0045455740764737,0.0537023954093456,-0.0082965269684791,0.0160285104066133,-0.0025282083079218,-0.0255404822528362,0.0014297461602836,-0.0033736666664481,-0.0113034788519144,0.0119047481566667,0.007985858246684,-0.0035504726693034,0.0010183362755924,-0.0123734250664711,-0.0008375598117709,-0.0206041168421506,0.0118497498333454,0.0206074751913547,0.0321286618709564,-0.0001155043137259,-0.0261097066104412
3555,-0.0087802940979599,-0.0269995555281639,-0.0034396247938275,-0.0195626728236675,-0.0059999302029609,-0.0106357745826244,-0.0303092338144779,-0.0123322689905762,-0.0391105487942695,-0.0082660503685474,-0.0217037517577409,-0.020074026659131,-0.0079030562192201,-0.0172261353582143,-0.0057593332603573,-0.0110024930909276,-0.0054072802886366,0.000528564560227,-0.0110577326267957,-0.0168088059872388,-0.0323148854076862,-0.0070222332142293,-0.0268723182380199,-0.0212907344102859,-0.0071457289159297,0.0126552274450659,-0.0083373077213764,-0.0192031804472208,-0.0049738967791199,-0.0233109202235937,-0.0153405535966157,0.0125562958419322,-0.0059999329969286,-0.0007777943392284,-0.0077995364554226,-0.0346980281174182,-0.0075987502932548,-0.0007777727441862,-0.0102776233106851,-0.0071834535337984,-0.0035269255749881,-0.027091471478343,-0.0185062196105718,0.0055613256990909,0.0197487063705921,-0.0233729723840951,-0.0051116603426635,-0.0112907513976097,-0.0170900076627731,-0.0100551126524806,-0.0079929288476705,-0.0075330957770347,0.0008040751563385,-0.002372488612309,0.0051442421972751,-0.0019772639498114,-0.0072887437418103,-0.0070599941536784,0.0191538855433464,-0.0110577326267957,0.0016839125892147,-0.0110577326267957,-0.0045629483647644,-0.0381495654582977,-0.0012722655665129,0.0044051301665604,-0.0201508291065692,-0.0040437392890453,0.0145185822620987,-0.0200740229338407,0.0197395011782646,-0.1164950132369995,0.0070592244155704,-0.0052737793885171,-0.011375980451703,0.0123791974037885,-0.0165882688015699,0.0123792178928852,-0.0152698438614606,-0.0181083343923091,-0.0210018418729305,-0.0073834313079714,0.0164725966751575,0.0013881104532629,-0.0022848625667393,-0.0112644582986831,-0.0232366323471069,0.0049474323168396,0.0001208349131047,0.008598512969911,-0.0153405535966157,-0.0017119210679084,-0.0054982993751764,-0.010815666988492,0.0006037343409843,0.0045370948500931,-0.0122302398085594,-0.0269652195274829,-0.0014698645099997,-0.0079929288476705,0.0076152319088578,-0.0162491332739591
3556,-0.0100239291787147,-0.0307785533368587,-0.014543374069035,-0.0060828365385532,0.0058459788560867,0.0193878524005413,-0.0394888631999492,-0.0210634004324674,-0.0269644279032945,-0.005650748964399,-0.0221464969217777,-0.0214893408119678,-0.0162005983293056,-0.0209457483142614,-0.011376878246665,-0.0119266984984278,-0.0182863865047693,-0.0112987598404288,-0.0225064009428024,-0.0290144942700862,0.0032840981148183,-0.0094466432929039,-0.0148047730326652,-0.0292679779231548,-0.0269425325095653,0.0031686085276305,-0.0086958324536681,-0.0148263871669769,-0.0103388000279665,-0.0329498536884784,0.0325383394956588,-0.0102389398962259,0.0058459821157157,-0.0131837762892246,-0.015177053399384,0.0031809704378247,-0.005079991184175,-0.0131837790831923,-0.0174496918916702,-0.0245111845433712,-0.0171402283012866,-0.0341972932219505,-0.0061622895300388,-0.013038913719356,-0.0038073384203016,-0.0257045030593872,-0.0082950731739401,-0.0183039158582687,0.0347648859024047,-0.0099405646324157,-0.0145434122532606,-0.0191294513642787,-0.0118205528706312,-0.0046071084216237,-0.0060290726833045,0.0010268776677548,-0.0119517613202333,-0.0106905559077858,-0.0013017483288422,-0.022506408393383,0.002770239021629,-0.0225064009428024,-0.0085597997531294,-0.0395564660429954,-0.0146735068410635,-0.0173734799027442,-0.0095189567655324,-0.0089011443778872,-0.0205560848116874,-0.0214893370866775,-0.0035161385312676,0.0602484457194805,-0.0108169391751289,-0.0152380932122468,-0.0187711063772439,0.0029820278286933,-0.0092164976522326,0.0029820296913385,-0.0278104338794946,-0.0288031566888093,0.0020561765413731,0.0117277102544903,-0.0004912458825856,-0.0179339461028575,-0.0052824760787189,-0.022981097921729,-0.0123922759667038,-0.0062635857611894,-0.0193819180130958,-0.0059678987599909,0.0325383357703685,-0.0117618208751082,-0.0070049013011157,-0.0085517633706331,-0.0070389066822826,-0.0209249071776866,-0.0115328254178166,-0.0351934358477592,-0.0082808416336774,-0.0145434122532606,-0.0097937928512692,-0.035311184823513
3557,-0.0237966235727071,-0.0140473283827304,-0.0182916298508644,0.0393396839499473,-0.0094772353768348,0.0100435763597488,-0.0336214788258075,-0.0169511381536722,-0.0372946262359619,0.0061226980760693,0.0089786974713206,-0.0281557012349367,-0.0304980427026748,-0.0258236937224864,-0.0190968289971351,0.0080057922750711,0.0269751772284507,-0.0119356475770473,-0.0144796464592218,-0.023113178089261,0.0080441180616617,0.0273030921816825,-0.0018817586824297,-0.0002528553304728,-0.0205512307584285,-0.0197851732373237,0.0149937877431511,-0.0290443897247314,0.0006282683461904,0.0073855528607964,0.0297787245362997,-0.003517678938806,-0.0094772307202219,-0.0271279327571392,-0.0347897000610828,0.0093091251328587,0.0080313198268413,-0.0271279364824295,-0.0253130961209535,-0.0120471650734543,0.0293444842100143,-0.0060722292400896,0.0247219130396842,-0.0282050818204879,0.0369631983339786,-0.0230953060090541,-0.0217897482216358,-0.0381876341998577,0.0327645391225814,0.0079973144456744,0.0470836833119392,-0.0187629517167806,-0.020358620211482,0.0091185560449957,-0.0045925336889922,-0.0030562737956643,0.0260440949350595,-0.0061073480173945,0.0339856781065464,-0.0144796492531895,0.0118074305355548,-0.0144796576350927,-0.003754106350243,0.0140125155448913,-0.0191460195928812,-0.0364749692380428,0.0287951119244098,-0.0069251186214387,-0.0508220307528972,-0.0281556993722915,-0.0260082595050334,0.0132713411003351,-0.0055233645252883,-0.0312564633786678,-0.0215715896338224,0.0177176222205162,0.0210918933153152,0.0177177190780639,0.0370044820010662,-0.0026796280872076,-0.007038733921945,-0.0012045558542013,-0.0114857442677021,-0.0336860157549381,0.0033183465711772,-0.0137888398021459,-0.0298710465431213,0.0228043235838413,0.0275107622146606,-0.0228518731892108,0.0297787189483642,-0.003492287127301,0.0134241869673132,0.0061322408728301,-0.0132322516292333,0.0144798504188656,-0.0072732167318463,0.0062692649662494,-0.0046637784689664,0.0470836833119392,0.0209983251988887,-0.0310583692044019
3558,-0.0114827118813991,-0.0244478359818458,-0.0138551099225878,-0.0035133562050759,-0.0019112909212708,0.0073372437618672,-0.0221111103892326,-0.0139620723202824,-0.0061255479231476,0.0010591060854494,-0.0120321214199066,-0.016243852674961,-0.0028492463752627,-0.0203627701848745,-0.0108346100896596,-0.0136143080890178,-0.0185555890202522,-0.0139132738113403,-0.0237114802002906,-0.0173495281487703,-0.0025131171569228,-0.003870194312185,0.0071177715435624,-0.0201588086783885,-0.0093270651996135,-0.0070889620110392,-0.0045878109522163,-0.01907879114151,-0.0305736660957336,-0.0221254210919141,0.0149521958082914,-0.021103486418724,-0.0019113097805529,-0.0268441438674926,-0.0005614549736492,-0.007376154884696,0.0102701429277658,-0.0268438756465911,-0.0148305278271436,-0.0090511934831738,-0.0164704453200101,-0.0213540438562631,-0.0217433087527751,-0.0022199638187885,0.0137877818197011,-0.0242220014333724,-0.0082138078287243,-0.0054157641716301,0.0159360785037279,-0.009362387470901,-0.0200830344110727,-0.0167816169559955,-0.0045129107311367,-0.0109119350090622,0.0059783621691167,0.0080750109627842,-0.0063420361839234,-0.0090176463127136,0.0118644125759601,-0.0237114820629358,0.0213549174368381,-0.0237114764750003,0.0080805569887161,-0.0318273156881332,-0.0031409058719873,0.0195371937006711,-0.0044168806634843,-0.0295465178787708,-0.0081056980416178,-0.016243852674961,0.0011819831561297,0.0325504206120967,-0.0179022178053855,-0.0005555264069698,-0.0186571702361106,0.0051499791443347,-0.0007591461762785,0.0051499716937541,-0.0282884277403354,-0.018075430765748,0.0014469156740233,0.0030510099604725,-0.0142118725925683,-0.0218476727604866,-0.0075086783617734,-0.0237640887498855,-0.0233296155929565,-0.0037647616118192,-0.0166389588266611,0.0027706776745617,0.0149521958082914,-0.0080833230167627,-0.0111314980313181,0.0032230634242296,-0.0043407268822193,-0.0139039568603038,-0.0174181703478097,-0.0231314692646265,-0.0092390710487961,-0.0200830344110727,-0.000722303520888,-0.0230660326778888
3559,-0.0212373547255992,0.0063788667321205,-0.0108323199674487,0.052055038511753,-0.0053267097100615,0.006247560493648,-0.0316170454025268,-0.0191522352397441,-0.0366153866052627,0.0203432943671941,-0.0055661797523498,-0.0250266045331954,-0.0449981838464736,-0.0206198673695325,-0.0230399295687675,0.0095080584287643,0.0062060626223683,-0.0063735404983162,0.0065065938979387,-0.0252585485577583,0.0268336944282054,0.0124493297189474,0.0046379170380532,0.0076259886845946,-0.0136677734553813,0.0260436609387397,0.0181556101888418,-0.038723424077034,0.0015790588222444,-7.656635716557503e-07,0.0188259631395339,0.0253911428153514,-0.0053267078474164,0.0018619295442476,-0.0445740073919296,0.027670931071043,-0.0070208339020609,0.001861966215074,-0.0182864423841238,-0.0064508076757192,0.0046435389667749,0.0071402299217879,0.0264229923486709,-0.0257423296570777,0.0322385430335998,-0.0047490485012531,-0.0157636925578117,-0.0299607869237661,0.0221869423985481,0.013164366595447,0.0330937802791595,-0.0158607736229896,-0.0321371145546436,0.0024883875157684,0.0036921589635312,0.0084860250353813,0.0102695487439632,-0.0049051665700972,0.0302735120058059,0.0065065966919064,0.0148920500651001,0.0065065957605838,-0.0025121597573161,-0.0061615901067852,-0.0132635235786437,-0.0075443796813488,0.0385435074567794,0.0074342750012874,-0.0104229245334863,-0.0250266063958406,-0.020629309117794,0.0918134897947311,0.0087616527453064,-0.0503440760076046,-0.0123730320483446,0.019834853708744,0.0282148458063602,0.0198348574340343,0.003847996238619,0.0029818902257829,0.0050081778317689,-0.0016682266723364,0.0305563621222972,0.0001831536646932,0.0019369319779798,0.0061208824627101,-0.0480438135564327,0.0222756583243608,-0.0010936940088868,-0.0189931448549032,0.0188259612768888,-0.0003158814506605,0.0031127128750085,0.0108912726864218,-0.0025438307784497,-0.0098081417381763,-0.0100922612473368,0.0011864438420161,-0.0081448964774608,0.0330937802791595,-0.0014016313944011,-0.0301498249173164
3560,-0.0110903531312942,-0.0139356711879372,-0.000323629239574,-0.0504035204648971,-0.0071321548894047,-0.0104338387027382,-0.0205225590616464,-0.0045121917501091,-0.0452798157930374,-0.0332754924893379,0.005298813804984,-0.0324407070875167,-0.0262994542717933,-0.0266816802322864,-0.0160686001181602,-0.0067328782752156,-0.0075854272581636,0.0018184878863394,-0.0035734332632273,-0.0113865192979574,-0.0171496644616127,-0.0065257623791694,-0.0249771736562252,0.0006405538297258,-0.0150029081851243,-0.0013362793251872,-0.0060788262635469,-0.0083602685481309,0.0033590684179216,0.0164692793041467,-0.0150130614638328,0.0158185213804245,-0.0071321539580821,-0.0107976421713829,-0.0251438990235328,-0.0177796930074691,-0.0009425163734704,-0.0107976496219635,-0.0113007873296737,-0.0054989042691886,-0.0094963535666465,-0.003895009169355,-0.0035398483742028,-0.0149005772545933,0.0271391067653894,-0.0229546017944812,-0.0131857432425022,-0.0174575932323932,-0.0162848364561796,-0.0079060196876525,-0.0073932772502303,-0.0040619568899273,-0.0217236429452896,0.0037099502515047,0.021959114819765,-0.014173349365592,-0.0075505669228732,-0.0008023047121241,0.0265585482120513,-0.0035734320990741,-0.0043951957486569,-0.0035734320990741,-0.0144392810761928,0.0272906757891178,-0.0069877309724688,0.0194560773670673,-0.0478561744093894,-0.0020948778837919,-0.0204087998718023,-0.0324406996369361,-0.0141867948696017,-0.0480859912931919,0.0103626204654574,-0.0270887706428766,-0.0202420093119144,0.0192476250231266,-0.0412305705249309,0.019247643649578,-0.0256630685180425,-0.0017968453466892,-0.0168270822614431,-0.0074875345453619,0.0090938014909625,-0.0133815938606858,0.006816335953772,-0.0040660551749169,-0.0030736154876649,0.0071935676969587,-0.001401693560183,-0.014054674655199,-0.0150130596011877,-0.0097082667052745,-0.0060810558497905,-0.0254690889269113,-0.0077854413539171,0.0097735961899161,-0.0135333724319934,0.0137644587084651,-0.0078782364726066,-0.0073932772502303,0.0097734229639172,-0.0195801593363285
3561,-0.0232876557856798,-0.0205864254385232,0.0012098958250135,0.0162720140069723,0.001229410758242,0.0007091105217114,-0.0365192964673042,-0.0271337963640689,-0.0278592221438884,0.0207578800618648,0.0072111077606678,-0.0187394190579652,-0.0408190190792083,-0.0220771227031946,-0.0223569311201572,-0.0075621944852173,-0.0011924431892111,-0.0036410689353942,-0.0075774751603603,-0.0316868536174297,-0.0177315939217805,0.0074160699732601,-0.0294781699776649,-0.0032909493893384,-0.0128402421250939,0.0435643643140792,-0.0052446224726736,-0.0344140045344829,-0.0180395655333995,0.0024029272608458,0.001070164842531,0.0311170611530542,0.0012294126208871,-0.0192563235759735,-0.0422824397683143,-0.0161112025380134,0.0022324123419821,-0.0192562192678451,-0.0049548149108886,-0.0222864635288715,-0.001248292508535,-0.0122323269024491,-0.0085979513823986,0.0099210701882839,0.0234273876994848,-0.0248286128044128,-0.0193094983696937,-0.0265843961387872,0.0016094227321445,-0.0100699160248041,0.0121283307671546,0.0081903226673603,-0.0334087312221527,0.000396667048335,0.0086393496021628,0.0043719918467104,0.0058867814950644,-0.0007962833042256,0.0216210391372442,-0.0075774756260216,-0.0036118444986641,-0.0075774784199893,-0.0116165857762098,0.020221322774887,-0.0110964607447385,0.0063830986618995,0.0139602217823266,-0.0171150472015142,-0.0130220279097557,-0.0187394246459007,0.0330374576151371,-0.0445792451500892,0.0184688083827495,-0.0468072593212127,-0.0085940957069396,0.0150366611778736,0.0118207391351461,0.0150366555899381,-0.0012296957429498,-0.009619946591556,-0.0055444063618779,0.0002592353266663,0.0399797223508358,-0.0156637504696846,0.0030695237219333,-0.0079691112041473,-0.0393449515104293,0.0071444613859057,-0.0026765540242195,0.0123700974509119,0.0010701653081923,-0.0019826316274702,-0.0001312000676989,-0.003705128096044,-0.0158329680562019,-0.0078331101685762,-0.0095015531405806,0.0038464833050966,-0.0096293417736887,0.0121283307671546,0.000415458343923,-0.0385710410773754
3562,-0.0165133830159902,-0.0548762902617454,0.000173887819983,-0.0332828015089035,-0.0388389229774475,-0.022358912974596,-0.0319990217685699,-0.0074847433716058,-0.037658654153347,-0.0196945555508136,-0.0235308613628149,-0.0192140769213438,-0.0488081276416778,-0.0273684523999691,-0.0289536826312541,0.0213882904499769,-0.0047742612659931,-0.0016193925403058,-0.0026965851429849,-0.0145146250724792,-0.1677566766738891,-0.0239652395248413,-0.0211046934127807,-0.0178294070065021,-0.0085010537877678,0.0382725372910499,-0.156106561422348,-0.0191854611039161,-0.0074607008136808,-0.0094686262309551,-0.0082183927297592,0.0262898467481136,-0.0388389229774475,-0.0063231536187231,-0.0475379489362239,-0.0497221164405345,-0.0050415126606822,-0.0063230916857719,-0.0096750995144248,-0.0011398899368941,-0.0151134114712476,-0.0292813703417778,0.0293203983455896,-0.0240406356751918,-0.0069554038345813,-0.0559945963323116,-0.0153780523687601,-0.0188298635184764,-0.0085830353200435,-0.1697490215301513,-0.0335820689797401,0.0001436835154891,-0.0296398065984249,0.0020280857570469,0.0255092680454254,-0.0041049784049391,-0.0251653268933296,-0.0049123857170343,-0.0096782753244042,-0.0026965814176946,-0.003897619433701,-0.0026965821161866,-0.0163996368646621,-0.0186828132718801,0.0024637854658067,0.0136587945744395,-0.0362129583954811,-0.0069341640919446,0.002338876016438,-0.019214067608118,-0.0233064293861389,-0.083277627825737,0.0137837026268243,-0.0584909841418266,-0.0084238993003964,-0.0219471808522939,-0.0336605198681354,-0.0219471827149391,-0.0321818105876445,-0.0215661041438579,-0.0502250753343105,-0.0291345901787281,0.0374023057520389,-0.0043026451021432,0.0143063412979245,-0.0025841619353741,-0.0259168855845928,-0.1384619623422622,-0.007838143967092,-0.0153367221355438,-0.0082183917984366,0.0109504219144582,-0.0163213461637496,-0.0232637487351894,-0.0120554193854331,-0.0033674710430204,-0.0272395275533199,-0.0106778591871261,0.0043786726891994,-0.0335820689797401,0.0030034375376999,-0.0248564854264259
3563,0.0019723551813513,0.0071666268631815,0.0035884282551705,0.0014529747422784,0.006860012654215,-0.0022386601194739,-0.0139080481603741,0.002940071048215,0.0166465677320957,-0.0040994016453623,-0.0023618591949343,0.0218662749975919,0.016803553327918,0.0328530743718147,0.0305873043835163,-0.0021533756516873,-0.0056043276563286,0.0223402399569749,-0.0134547539055347,-0.0035829884000122,-0.0002102050930261,0.0293122269213199,-0.0175605602562427,0.0215568169951438,-0.0009981070179492,-0.0332700610160827,-0.0194886289536952,0.001836130162701,0.0067431619390845,0.0170724652707576,-0.0102377887815237,-0.0297265388071537,0.0068599903024733,-0.000101109733805,-0.0024217038881033,0.019916832447052,-0.0056756292469799,-0.0001010906416922,0.009736368432641,0.0016251464840024,0.0058906264603137,0.0189227033406496,-0.0042609889060258,0.0043842257000505,0.0005341980140656,0.0152558917179703,-0.0042662289924919,-0.000809927470982,-0.0127544701099395,-0.0284638367593288,0.0672380775213241,0.0104956794530153,-0.0157304219901561,-0.011727325618267,-0.0148254688829183,-0.0098544368520379,0.027048660442233,-0.011070410721004,0.0032958884257823,-0.0134547632187604,-0.0031123443040996,-0.0134547427296638,-0.0031790272332727,-0.0259762518107891,-0.0194792989641428,0.0018301759846508,0.0037837880663573,0.008916588500142,-0.0148524995893239,0.0218662749975919,0.0103525128215551,0.1171705573797226,-0.0097701456397771,0.0025039601605385,0.0077207800932228,0.0064073456451296,0.0035604869481176,0.0064073652029037,-0.0036275819875299,0.0118574351072311,0.0215621162205934,0.003070905804634,-0.0377455167472362,-0.0091346651315689,-0.0202689804136753,-0.0116414781659841,0.0097505487501621,-0.0176428984850645,-0.002314667450264,0.0114384135231375,-0.010237792506814,0.0008579685818403,0.0025054034776985,-0.0008412630995735,-0.00011306500528,-0.0017989296466112,-0.0060099242255091,0.0188619475811719,-0.0274750031530857,0.0672380775213241,0.0023270137608051,-0.0045719128102064
3564,-0.0175535269081592,-0.0173733383417129,0.0013640951365232,0.0045710275880992,0.0001031525898724,-0.0003204041859135,-0.0321459583938121,-0.0215486139059066,-0.0317158140242099,0.0006349280592985,0.009544757194817,-0.0199104342609643,-0.0131653165444731,-0.0190720278769731,-0.0126393102109432,-0.0144660705700516,-0.0420697852969169,-0.0164938159286975,-0.0087148901075124,-0.027685210108757,-0.0102496556937694,-0.01919537037611,-0.0010851733386516,0.0123121216893196,-0.0067900121212005,-0.0091913100332021,0.0054482761770486,-0.029937095940113,-0.0060077374801039,0.0307452138513326,0.0019267762545496,-0.0370656885206699,0.0001031546853482,-0.044370949268341,-0.0068823592737317,-0.0246348865330219,-0.0340275168418884,-0.0443709529936313,0.0058190044946968,-0.0149687184020876,-0.0382971800863742,-0.0013261085841804,-0.0176631659269332,0.0103158093988895,0.0129416305571794,-0.0243086088448762,-0.0139915775507688,0.0094620026648044,0.0025380300357937,0.0068854372948408,0.0027064443565905,0.0109653398394584,-0.0057886890135705,-0.0172456391155719,-0.0142456945031881,0.0024908981285989,-0.0199718307703733,-0.0134166926145553,0.0137625988572835,-0.0087148863822221,0.0068054487928748,-0.0087148863822221,-0.007596549578011,0.0510951429605484,-0.0059367208741605,-0.0168601851910352,-0.000224087620154,-0.0299067255109548,-0.0712209194898605,-0.0199104361236095,0.0312685370445251,-0.0740454345941543,-0.016166778281331,-0.0126132862642407,-0.0261716172099113,0.011709775775671,-0.0007866718224249,0.0117097767069935,-0.0499069318175315,0.0106040397658944,-0.01328229252249,-0.0017451087478548,-0.0232728403061628,-0.0483783558011055,-0.0104743000119924,-0.0088434582576155,-0.038091704249382,0.0122399562969803,-0.0299008414149284,0.0128695424646139,0.0019267769530415,-0.0039034890942275,-0.0208962243050336,-0.0045972685329616,-0.0093084368854761,-0.0078295152634382,-0.0165857281535863,0.0285840444266796,-0.0024211416020989,0.0027064443565905,-0.0285164676606655,-0.0341207012534141
3565,-0.0078711919486522,-0.0262622907757759,-0.026704566553235,-0.0170519240200519,-0.020401906222105,-0.0112020522356033,-0.0402660593390464,-0.0097149806097149,-0.0124578885734081,-0.0189005658030509,-0.0124006662517786,-0.002735796617344,-0.0026678070425987,-0.0080076111480593,-0.002155520953238,-0.0140422955155372,-0.0280887670814991,-0.0062780184671282,-0.011857084929943,-0.0188762489706277,0.008649380877614,0.0002295561716891,-0.0097141554579138,-0.0177493710070848,-0.018873281776905,-0.025902509689331,0.0180694069713354,-0.0076838680543005,-0.020833758637309,-0.0193322151899337,-0.0022869021631777,-0.0126059604808688,-0.0204019043594598,-0.0160880628973245,-0.0145079251378774,-0.0122678484767675,-0.0065535921603441,-0.0160880647599697,-0.0313625931739807,-0.0111568234860897,-0.02503652125597,-0.0204349849373102,-0.0141990166157484,-0.0182721018791198,0.0113805420696735,-0.0210112817585468,-0.0081286765635013,-0.0334450453519821,-0.0022032372653484,0.0199652109295129,0.0080807916820049,-0.031434379518032,0.007077329326421,-0.0153348455205559,-0.0200671851634979,-0.0059000886976718,-0.0045217308215796,-0.021452397108078,0.0103365741670131,-0.0118570905178785,0.0108397910371422,-0.0118570858612656,-0.0017989687621593,-0.0206700209528207,-0.0104287229478359,-0.0353444442152977,-0.0174208953976631,-0.0144813153892755,-0.0182296372950077,-0.0027357852086424,-0.0069401822984218,-0.0413094386458396,-0.0158220790326595,-0.000766372308135,-0.0030998222064226,0.0014609590871259,-0.0158851332962512,0.001460961997509,-0.0406783670186996,-0.011761050671339,-0.015354030765593,-0.0156532283872365,-0.0188674461096525,-0.0162672325968742,-0.0155447302386164,-0.0121083129197359,-0.0059683797881007,0.0221013464033603,-0.0338161960244178,-0.0122353434562683,-0.0022869021631777,-0.0112732406705617,-0.012082815170288,-0.0082295686006546,-0.0054064407013356,-0.036735862493515,-0.0181480012834072,-0.0183587633073329,-0.0035001644864678,0.0080807916820049,-0.0202830582857131,-0.0240084063261747
3566,-0.0180937349796295,-0.00317317340523,-0.0130003876984119,0.0146730793640017,-0.0005484209395945,0.0025121155194938,-0.0206416957080364,-0.0251027271151542,-0.0220147799700498,0.0021376174408942,-0.0191596411168575,-0.0038651973009109,-0.0079601034522056,-0.0072845253162086,-0.0097516514360904,-0.0001083200331777,0.0167837161570787,-0.0112042296677827,-0.0300700291991233,-0.0270811859518289,-0.0044294679537415,0.0061924951151013,-0.0319178998470306,-0.0088347317650914,-0.0071130222640931,0.018417727202177,-0.0084779048338532,-0.0416624173521995,0.0024040304124355,-0.0198829881846904,0.0052836779505014,0.0086308773607015,-0.0005484190187416,-0.0041050361469388,-0.0051985206082463,0.004563613794744,-0.0021732375025749,-0.0041048531420528,-0.0142825255170464,-0.0105364453047513,0.0065948124974966,-0.0090000042691826,0.0046034222468733,-0.0063948966562747,-0.0046714935451745,-0.0036786175332963,-0.0106271058320999,-0.0169090703129768,0.0066941771656274,-0.0132649270817637,0.01624446362257,-0.018417090177536,-0.0103595871478319,0.0074059227481484,0.0377941951155662,0.0017772506689652,0.0043230550363659,0.0008146301843225,-0.0058623575605452,-0.0300700198858976,0.0081956088542938,-0.0300700180232524,-0.0044787153601646,-0.0357046276330947,0.0006064046174287,0.0370460599660873,0.0062723141163587,0.0006257318891584,-0.0020389542914927,-0.0038652247749269,0.0008028864976949,0.0290864240378141,-0.0021024348679929,-0.0037534129805862,-0.0008678979938849,-0.0073246727697551,0.0014586618635803,-0.0073246704414486,-0.0020334254950284,-0.0095772808417677,-0.0004715980030596,0.0004241394926793,0.0160074662417173,-0.0100362887606024,0.0124818328768014,-0.0307292602956295,-0.0566878169775009,-0.0051574343815445,0.0113186426460742,-0.0039858380332589,0.0052836798131465,-0.0015644340310245,-0.0020883304532617,-0.0026308097876608,-0.0015326580032706,0.0092931585386395,-0.0206146351993083,-0.0223257504403591,-0.0052697896026074,0.01624446362257,0.0165384672582149,-0.0293676368892192
3567,-0.0238058380782604,-0.0047556464560329,-0.0182805471122264,0.009195227175951,0.0004698116099461,-0.0043109897524118,-0.0315764620900154,-0.0281748808920383,-0.0232931412756443,0.0045506791211664,0.0266796685755252,-0.0335019826889038,-0.0292100049555301,-0.0336046889424324,-0.0253409352153539,-0.0039407727308571,-0.0131224170327186,-0.0140895554795861,-0.0114331478253006,-0.0306840911507606,-0.0026872768066823,0.0172180794179439,-0.0308353155851364,0.0249017514288425,-0.0136457048356533,0.0091311279684305,0.0041560148820281,-0.0422613024711608,-0.0061103990301489,0.029019858688116,-0.0065089664421975,-0.0042787604033946,0.0004698240663856,-0.0233776643872261,-0.0356965735554695,-0.002467046258971,0.0143068693578243,-0.0233776737004518,-0.0243174210190773,-0.0148198101669549,-0.0005130798090249,0.0137326698750257,0.0015456252731382,-0.0118974316865205,0.0399847328662872,-0.0234216675162315,-0.0159209668636322,-0.0266798064112663,-0.0059468676336109,-0.0024235867895185,0.0231204554438591,-0.013592641800642,-0.0082424338907003,-0.0055195693857967,-0.0137190502136945,-0.0002972569782286,0.014735609292984,-0.0096435556188225,0.0402235388755798,-0.0114331459626555,0.0024663566146045,-0.0114331441000103,-0.0088279228657484,0.0546888932585716,-0.0039162188768386,-0.0360033214092254,0.0049234977923333,-0.0142871458083391,-0.0229052808135747,-0.0335019864141941,-0.0024652353022247,-0.002061859704554,-0.0094496896490454,-0.0331746786832809,-0.0293796770274639,0.0324030816555023,0.0035113452468067,0.0324030816555023,-0.0120451292023062,0.0213650949299335,-0.0056659965775907,-0.0034925248473882,0.0018277755007147,-0.0205080993473529,-0.000804504554253,-0.0116175347939133,-0.0592877492308616,0.0203988198190927,0.0070461137220263,-0.0068354001268744,-0.0065089669078588,-0.004800665192306,-0.0008274167776107,-0.0046196957118809,-0.0114063061773777,0.0143656972795724,-0.0098526636138558,0.0338694602251052,0.0082902992144227,0.0231204554438591,0.0180016625672578,-0.0356356911361217
3568,-0.0235280431807041,-0.0012405943125486,-0.0118618356063961,0.0149617055431008,0.0006345071597024,0.0143245356157422,-0.0333168730139732,0.0116507103666663,-0.0386966466903686,0.0022510578855872,0.0019096378237009,-0.0121228918433189,-0.0288917869329452,-0.01054497808218,-0.0187783315777778,-0.1356084942817688,0.0087424349039793,-0.0182332824915647,0.0087642688304185,0.0038460663054138,0.0150272864848375,-0.0029878756031394,-0.039081122726202,0.007655088789761,-0.0010120689403265,0.0273198448121547,0.0167976170778274,0.0100805684924125,-0.0061817723326385,0.0112459687516093,0.0270473584532737,-0.0005413810722529,0.0006345374276861,-0.0167109966278076,-0.0314584448933601,-0.0478429421782493,0.0052580847404897,-0.0167109966278076,-0.0092013347893953,0.0032758233137428,-0.000513783772476,0.0001552468165755,-0.0851537585258483,-0.0182214491069316,0.0376699566841125,-0.0045542903244495,-0.0350507125258445,-0.0305950697511434,0.0298683829605579,0.0093948300927877,-0.0157090928405523,-0.0018962533213198,-0.0034961579367518,0.0107580889016389,0.0272728130221366,0.0021475872490555,-0.0040307929739356,0.0044384254142642,0.0326792895793914,0.0087642688304185,-0.0012708085123449,0.0087642706930637,-0.0131415287032723,0.016719551756978,0.0106613738462328,0.0205827932804822,0.0055306400172412,-0.0040088086389005,-0.0343487560749053,-0.0121228899806737,-0.0076695475727319,0.0413928292691707,-0.0031137207988649,-0.0292544830590486,-0.0130757596343755,0.0190139524638652,0.0005493301432579,0.0190139524638652,-0.0079513937234878,0.0068485708907246,-0.0727828070521354,0.0065864087082445,0.0124141303822398,-0.0180747210979461,0.0171609334647655,0.0087099801748991,0.0268483627587556,0.0296428054571151,-0.0055682295933365,-0.0575174093246459,0.0270473659038543,-0.0784150585532188,0.0025148366112262,-0.0057594263926148,-0.0402381494641304,-0.0136604718863964,-0.0108798053115606,0.0080001559108495,0.0113445222377777,-0.0157090928405523,0.0023177466355264,-0.0163292866200208
3569,-0.0082427468150854,0.0229444205760955,0.0221639946103096,-0.0268110260367393,0.0081982687115669,0.0024504906032234,-0.0032660220749676,-0.017862070351839,-0.0007954472675919,-0.0133644826710224,0.0168662462383508,0.0033647359814494,0.0280622784048318,0.0250813048332929,0.0527963563799858,-0.0058569721877574,-0.0006143392529338,0.0505324378609657,0.0259290933609008,-0.0182151570916175,-0.0049155899323523,0.040919691324234,-0.0096062049269676,0.0207548830658197,-0.0048030233010649,-0.0104812104254961,0.0015769929159432,-0.0236544087529182,0.0139472596347332,0.0168176684528589,-0.0043220552615821,-0.005186784081161,0.0081982649862766,0.0061679203063249,0.0078116501681506,-0.008519441820681,0.0366113409399986,0.0061679319478571,0.0172519907355308,-0.0144752562046051,0.0221100151538848,0.0236639846116304,-0.0122870132327079,0.0096730794757604,-0.0003665294498205,0.0310995429754257,-0.0070918682031333,0.0023389975540339,-0.00643438892439,0.0008153200615197,0.051659982651472,0.0210041590034961,0.0080534452572464,-0.0148126706480979,-0.0276601854711771,-0.0015088722575455,0.0386747196316719,-0.0097626745700836,-0.0011673946864902,0.0259290970861911,0.0112795289605855,0.0259291008114814,0.0052659241482615,-0.0073353918269276,-0.0008821201045066,-0.0115988980978727,-0.0227684304118156,0.0134315211325883,0.0036451173946261,0.0033647306263446,0.0172941386699676,-0.0336840376257896,0.0161596536636352,0.0152904670685529,-0.0006875356193631,-0.001041165436618,-0.0165996830910444,-0.0010411596158519,0.0158331617712974,0.0214495901018381,-0.0005731649580411,0.0069205309264361,-0.0125524597242474,0.0082527678459882,-0.0194728597998619,0.0263213738799095,-0.0264332052320241,0.0027772958856076,0.0229726228863,0.008868034929037,-0.0043220510706305,-0.0012386327143758,0.0052417684346437,-0.0039870962500572,-0.0028021044563502,0.0239808894693851,0.000462808762677,0.0165839474648237,-0.0064688278362154,0.051659982651472,0.0343440882861614,-0.0142900580540299
3570,-0.0334096737205982,-0.0069055552594363,0.0093050869181752,0.049475222826004,0.0133719453588128,0.0110322395339608,-0.032580729573965,-0.0278020724654197,-0.0324427038431167,0.0261946618556976,0.0104949949309229,-0.019201286137104,-0.0089853908866643,-0.0217177886515855,-0.0147449960932135,0.0501384511590004,-0.0137194423004984,-0.0036967690102756,-0.0065019503235816,-0.0308580566197633,0.0070589957758784,0.0122721018269658,-0.0299822520464658,0.0156039372086524,-0.0050147995352745,0.0701769292354583,0.0021256990730762,-0.0456506013870239,-0.0324196480214595,0.0196475982666015,0.0097148055210709,0.0498887561261653,0.0133719407021999,-0.004379934631288,-0.0010780204320326,0.0459412671625614,-0.0023533715866506,-0.004379931371659,0.0037110415287315,-0.0192498005926609,-0.0106027331203222,0.0054449765011668,0.0731026083230972,0.0251442641019821,0.0294749867171049,-0.0185338072478771,-0.0311443712562322,0.003693435806781,0.010466281324625,-0.0042081270366907,0.0287398863583803,0.011705751530826,0.0079372487962245,-0.0047884718514978,-0.0140274465084075,0.0073032556101679,0.0079745789989829,-0.0093271322548389,0.0315507501363754,-0.0065019503235816,-0.000188166857697,-0.0065019438043236,-0.0126274190843105,0.0284491293132305,-0.0033698461484164,-0.031508058309555,0.0361599773168563,-0.019035629928112,0.0297327898442745,-0.0192012805491685,0.0532781705260276,0.0535262115299701,0.0291949920356273,-0.0028306688182055,-0.0028992509469389,0.0297805983573198,0.0230250693857669,0.0297805964946746,-0.0140136498957872,0.0181011781096458,0.0355294123291969,0.0113152591511607,0.0681191384792327,0.0074544278904795,-0.0046812072396278,-0.0063184034079313,-0.0509002283215522,0.0149756809696555,-0.0189363621175289,0.0342335775494575,0.0097148045897483,0.0435079485177993,-0.0003330382460262,0.0029368847608566,-0.0230116099119186,-0.0270583070814609,-0.0091485530138015,0.0199683997780084,0.0067341662943363,0.0287398863583803,-0.0155700091272592,-0.0360521078109741
3571,-0.0205598436295986,-0.0089220972731709,-0.01024098880589,0.0269305668771266,-0.0114052053540945,0.0056215585209429,-0.0246636159718036,-0.019383531063795,-0.0116569828242063,-0.002191410632804,0.0244055222719907,-0.0129450485110282,-0.0207616426050663,-0.0172276031225919,-0.0200444646179676,0.0080793173983693,0.0193332657217979,-0.0209998525679111,0.0046507958322763,-0.0241977125406265,-0.0197566412389278,0.0303102470934391,0.0106750577688217,0.0129589177668094,-0.0129756685346364,0.0053858561441302,-0.0096131386235356,-0.0280043743550777,-0.0134426904842257,0.0253152847290039,0.0222716983407735,-0.0094996308907866,-0.0114052072167396,0.0108317956328392,-0.014346414245665,-0.0032222671434283,0.0181131158024072,0.0108318114653229,-0.0061862492002546,-0.0138004040345549,0.0131093226373195,0.0066241547465324,0.0193315595388412,-0.0132546471431851,0.0291898809373378,-0.0186052694916725,-0.0169473104178905,-0.0013667560415342,0.0247798636555671,-0.0154510624706745,0.0436818525195121,-0.0080328835174441,-0.0234398245811462,0.0136362174525856,0.0111833456903696,-0.0057626375928521,0.0254130624234676,0.0030503021553158,0.0274775978177785,0.0046507902443408,-0.0034968331456184,0.0046507939696311,-0.0164402406662702,0.0436390526592731,-0.0130637753754854,-0.0008902074769139,0.0157498847693204,0.0062669296748936,0.0156994704157114,-0.0129450485110282,-0.0047040320932865,-0.0249831825494766,-0.012779414653778,-0.0215420629829168,-0.0137761672958731,0.0148754063993692,0.0055985152721405,0.014875398017466,0.0202755983918905,0.0078846625983715,-0.0130427703261375,-0.0038645574823021,-0.0021786226425319,0.0118959741666913,0.0073974784463644,0.0044635985977947,-0.0332790091633796,-0.0028536091558635,-0.005999045446515,-0.0102645149454474,0.0222716946154832,0.0029191048815846,0.0170343723148107,-0.0058190179988741,-0.0116573572158813,-0.0322755053639411,-0.0017686933279037,0.0273776166141033,-0.0067558591254055,0.0436818525195121,-0.0079125240445137,-0.0347247719764709
3572,-0.0106693040579557,0.0133309988304972,-0.0001013881992548,-0.0309634711593389,0.0026186848990619,0.0095626665279269,-0.012256609275937,-0.0257443524897098,-0.0118920132517814,-0.0212835520505905,0.0280133672058582,-0.0045167803764343,-0.0094460844993591,-0.0048191850073635,0.0036520520225167,-0.0103614954277873,-0.015981949865818,0.0039747790433466,-0.0116490982472896,-0.0300063081085681,-0.0047558285295963,0.0117250066250562,0.0025945864617824,0.0383408367633819,-0.0118583003059029,-0.0117624327540397,0.0037980107590556,-0.0388426221907138,0.0047945976257324,0.0437385290861129,0.0162012949585914,-0.0079231709241867,0.002618683502078,-0.0040582241490483,-0.0114367734640836,-0.0178124923259019,0.0014288548845797,-0.0040582288056612,-0.0039082220755517,-0.015404850244522,-0.0038510435260832,0.029370404779911,-0.0103686917573213,-0.0043579349294304,-0.0009633102454245,0.0008262173505499,-0.0047059333883225,-0.0134603139013051,0.0170214772224426,0.0079352315515279,0.0276375357061624,-0.0014842841774225,0.0006336024962365,-0.0175609178841114,-0.0136270262300968,-0.0037594093009829,0.0100140683352947,-0.0134433787316083,-0.0005437834188342,-0.0116490982472896,0.010057776235044,-0.0116491019725799,-0.0043961140327155,0.0661495104432106,-0.0015346268191933,0.0109781231731176,-0.0308692343533039,0.0020245425403118,-0.0125275906175374,-0.0045167813077569,-0.0012184649240225,-0.0529888719320297,0.0019093891605734,-0.0111463777720928,-0.0044070575386285,0.000811434816569,-0.0242754966020584,0.0008114380179904,-0.0119701884686946,0.0340367965400218,-0.0130137335509061,0.0058399438858032,-0.0091751012951135,-0.0084645114839077,-0.0190471187233924,-0.0112136909738183,-0.0536619536578655,0.005214262753725,-0.0011989311315119,-0.005334286019206,0.0162012930959463,-0.0089926868677139,-0.0084943519905209,-0.012690401636064,0.0024740614462643,0.0049346950836479,-0.0157064720988273,0.0495772659778595,-0.009820451028645,0.0276375357061624,0.0035576152149587,-0.0308537073433399
3573,-0.0250820629298686,0.0115469805896282,0.0043394099920988,0.0386200435459613,-0.0223809201270341,-0.0071440078318119,-0.0281274896115064,-0.026706725358963,-0.0313069708645343,0.0094535639509558,-0.013562842272222,-0.0159895922988653,-0.0237257443368434,-0.0113802710548043,-0.0196248237043619,0.0211626719683408,0.0164264403283596,-0.0071012852713465,-0.0080994172021746,-0.0298685021698474,-0.0232697296887636,0.0052181733772158,-0.0619663894176483,0.0054927831515669,-0.0160022433847188,0.0402862578630447,-0.013780815526843,-0.040949560701847,-0.0045825033448636,-0.0076665841042995,0.0089656841009855,0.0447676442563533,-0.0223809145390987,-0.0095889661461114,-0.0201833061873912,0.0061550000682473,-0.0062429765239357,-0.0095889689400792,0.0033862176351249,-0.015281836502254,0.0029270718805491,0.0072504808194935,0.0385137870907783,-0.0181985404342412,0.0258875712752342,0.0034645686391741,-0.0180811248719692,-0.0040624514222145,0.010083332657814,-0.0231979433447122,0.0099097769707441,0.0110099278390407,-0.0048839505761861,0.0170652773231267,0.0471190549433231,-0.0025538722984492,0.0038412059657275,0.0124653717502951,0.0248930379748344,-0.0080994181334972,-0.0031727356836199,-0.008099416270852,-0.0150211090222001,-0.0230986326932907,0.0194642674177885,0.0522352270781993,0.0280610211193561,-0.0021181979682296,-0.0177872367203235,-0.0159895829856395,-0.0088013187050819,-0.0237988382577896,0.0220830738544464,-0.023610820993781,-0.003918744623661,0.0109849795699119,0.0160685889422893,0.0109850717708468,-0.002623155945912,0.006869173143059,-0.0102174207568168,-0.0156277026981115,0.0420003421604633,-0.0121298804879188,0.0236999671906232,-0.0078706517815589,-0.0529667995870113,0.0052817817777395,-0.0029914064798504,-0.0140959667041897,0.0089656859636306,0.0086956229060888,0.0078652082011103,-0.0010519179049879,-0.0107265263795852,-0.0111283883452415,-0.0089737176895141,-0.0070100268349051,0.0143863465636968,0.0099097769707441,0.0015534311532974,-0.0366421192884445
3574,-0.0041996897198259,-0.0332305505871772,0.0035867360420525,0.0073361559771001,0.0114987213164567,0.0243759267032146,-0.0312156863510608,-0.0128172850236296,-0.0144118973985314,0.0054208501242101,-0.0048790471628308,-0.029233606532216,0.0011395423207432,-0.0312752202153205,-0.0089449835941195,-0.0080465143546462,-0.000429967418313,-0.0018379786051809,-0.016803253442049,-0.0208037812262773,0.0040424158796668,-0.0061506452038884,0.0009714579209685,-0.0272590555250644,-0.0233680941164493,0.0095784459263086,-0.0071833981201052,-0.0072218514978885,-0.0107821999117732,-0.0160469058901071,0.0377762094140052,0.0097241029143333,0.0114987194538116,-0.0106742642819881,0.0090185664594173,0.0019148355349898,-0.0010227602906525,-0.0106742475181818,-0.0049457573331892,-0.0170353986322879,-0.0062824189662933,-0.0290152821689844,-0.0053829969838261,-0.0195533148944377,-0.0146466260775923,-0.0330025479197502,-0.0037957383319735,0.0037532532587647,0.0420704595744609,-0.0028922341298311,-0.0146177802234888,-0.0014593130908906,-0.0023865203838795,0.0011571533977985,0.01621575653553,0.0110144028440117,-0.0063666589558124,-0.0044018034823238,-0.0114375269040465,-0.0168032590299844,0.0205610506236553,-0.0168032608926296,0.0074045276269316,-0.0021745869889855,-0.0033023045398294,0.0034919178579002,0.0040386761538684,-0.0114626660943031,0.0006156498566269,-0.0292336102575063,-0.0167567711323499,0.0355499759316444,0.0070462571457028,0.0077722752466797,-0.0189032200723886,-0.0002496419474482,0.0033049043267965,-0.0002496198285371,-0.0137746073305606,-0.0233899671584367,-0.0043417639099061,0.0155662363395094,0.0142361093312501,-0.0078429449349641,0.0054828654974699,-0.0172016248106956,-0.0020304382778704,-0.0092448890209198,-0.002996405120939,-0.0127361044287681,0.0377762056887149,-0.0083621563389897,-0.0060222907923161,0.0048059499822556,-0.0007389693055301,6.843870505690575e-05,-0.01489651016891,-0.017504408955574,-0.0011056959629058,-0.0146177802234888,0.0040927785448729,-0.0245088376104831
3575,-0.0266541466116905,0.0111650098115205,-0.011294555850327,-0.0006810800987295,-0.020006101578474,-0.0136574804782867,-0.0297749526798725,-0.0140258753672242,-0.0159702599048614,-0.0091558396816253,-0.0111678997054696,-0.0122139109298586,-0.0052793538197875,-0.0002480465918779,0.0015361100668087,-0.0064005302265286,-0.0365013070404529,-0.005062036216259,-0.0317579358816146,-0.0180357191711664,0.0146088330075144,0.0127626284956932,-0.0389823764562606,-0.0123360157012939,-0.0075440797954797,-0.0035602797288447,0.0029984193388372,-0.0261419918388128,-0.0118259564042091,-0.019101582467556,-0.006025206297636,-0.0096696866676211,-0.0200060978531837,0.0071076257154345,-0.0103241000324487,0.0116486949846148,0.0098170982673764,0.0071076024323701,-0.0085703479126095,-0.007684014737606,-0.0240386482328176,-0.002350062597543,0.0011225410271435,-0.0092497412115335,0.009202784858644,0.0139515437185764,-0.0280160419642925,-0.0095521192997694,-0.0056156087666749,-0.0004010873381048,0.0152756907045841,-0.0108073260635137,-0.0046842107549309,-0.0195110347121953,-0.0142117701470851,-0.0119776837527751,0.0059272078797221,-0.01261867582798,0.0106740724295377,-0.031757928431034,-0.0077750543132424,-0.031757928431034,-0.0173685140907764,-0.0290053933858871,-0.0051076197996735,0.0054486095905303,-0.0053318627178668,0.0056713842786848,0.0075957560911774,-0.0122139118611812,0.003353243228048,0.0770412981510162,-0.0089334808290004,-0.0065205404534935,-0.0126436864957213,0.004902908578515,-0.0075284419581294,0.0049031060189008,-0.0403999015688896,-0.0062092919833958,0.0061582955531775,-0.0176398698240518,-0.0071809818036854,-0.0006676050834357,-0.0185016803443431,-0.0317585356533527,-0.0272668022662401,0.0120234321802854,-0.0328566581010818,-0.0078574176877737,-0.0060252053663134,-0.0103522399440407,-0.0090182144194841,-0.013248692266643,-0.0242624804377555,-0.0421988889575004,-0.0137248169630765,-0.0199696384370327,-0.0107026230543851,0.0152756907045841,-0.0110546071082353,-0.0288205966353416
3576,-0.0250033996999263,-0.0230091474950313,-0.0022885836660861,0.0054114237427711,0.0136728137731552,0.0175992064177989,-0.0337186940014362,-0.0114180697128176,-0.0340617261826992,0.0081525659188628,-0.014330175705254,-0.0195022486150264,0.0089877871796488,-0.0195828583091497,-0.0073942174203693,0.0026648230850696,6.633717566728592e-05,-0.0073443073779344,0.0015454646199941,-0.017116380855441,0.0303989090025424,-0.0193795673549175,-0.0132219260558485,-0.0179947838187217,-0.0143537241965532,0.0412354245781898,0.012346277013421,-0.0070592369884252,-0.0180812906473875,-0.0204451270401477,0.021300833672285,0.0281767100095748,0.01367281191051,-0.0301828682422637,0.0205394718796014,0.0283647216856479,-0.0081011513248085,-0.0301828607916831,-0.006174306385219,-0.0195846129208803,-0.0145742408931255,-0.0226012151688337,0.0117442850023508,0.0060645448975265,0.0078231766819953,-0.0209324955940246,-0.0319199971854686,0.0094487871974706,0.0233172085136175,0.0101966178044676,-0.0348843522369861,-0.0123642962425947,0.0040589775890111,0.0080267107114195,0.0227115154266357,-0.0001004161313176,-0.0192791856825351,-0.0012314168270677,0.0067079891450703,0.0015454608947038,-0.006421947851777,0.0015454647364094,-0.0140175567939877,-0.0146770188584923,-0.0012396343518048,-0.0058088121004402,0.0018332659965381,-0.0234744139015674,-0.0372838675975799,-0.0195022467523813,0.0241389125585556,0.1177782267332077,0.0091928867623209,0.0198006406426429,-0.0083802631124854,0.0079865390434861,-8.244556374847889e-05,0.0079865437000989,-0.0197260044515132,-0.0167620163410902,0.0250115729868412,0.0147441402077674,0.0398499146103858,-0.0287429429590702,0.0149792768061161,0.0012940792366862,0.0048163998872041,0.0131046455353498,-0.0166721306741237,0.0123998187482357,0.0213008280843496,0.0036437879316508,-0.0067468490451574,-0.0086918612942099,-0.0338979586958885,-0.0175330154597759,-0.0132969887927174,-0.0193275772035121,0.0073646656237542,-0.0348843522369861,-0.0119327409192919,-0.0271419212222099
3577,-0.0135208824649453,0.0039359480142593,-0.0048997527919709,0.0153562799096107,-0.00100427668076,0.0050416775047779,-0.0332686565816402,-0.0217887498438358,-0.0294911786913871,0.0088220676407217,0.0054462067782878,-0.0203707702457904,-0.0279484018683433,-0.018631737679243,-0.0214525051414966,-0.0022109118290245,-0.0309601631015539,-0.0085363741964101,-0.0143111888319253,-0.0277482569217681,-0.0014404380926862,0.0043440265581011,0.0004197999369353,0.0067307474091649,-0.0130408676341176,0.0520876571536064,0.0009745279094204,-0.0301911383867263,0.0037849685177206,0.0037054014392197,0.0114498659968376,0.0314871147274971,-0.0010042863432317,-0.0476036295294761,-0.0260780211538076,-0.002270876429975,0.0139938332140445,-0.0476036258041858,-0.0088130729272961,-0.0113750323653221,-0.0101232845336198,0.0046089002862572,-0.0037701618857681,-0.0087222149595618,0.0146610541269183,-0.0060484129935503,-0.0055778822861611,-0.0091524291783571,0.0126494383439421,-0.0030012668576091,-0.0061851982027292,-0.0038305886555463,-0.0144314691424369,-0.0121898781508207,-0.0177685040980577,0.0033406417351216,0.0020899539813399,-0.0131644653156399,0.0125210788100957,-0.0143111944198608,-0.0086969267576932,-0.0143111906945705,-0.0187333934009075,0.0169864334166049,-0.0113071259111166,-0.0274347588419914,0.0076241930946707,-0.0166216418147087,-0.0805012136697769,-0.0203707758337259,-0.0059410948306322,0.0112807732075452,0.0120073780417442,-0.0296680442988872,-0.0090761445462703,0.0060622561722993,0.0020180246792733,0.0060622543096542,-0.0344576351344585,0.0069236368872225,0.0003594323061406,0.0012477590935304,0.0470922663807868,-0.0548298507928848,-0.0094814086332917,-0.0148673057556152,-0.0451188385486602,0.0038822838105261,0.0025815414264798,0.0029586120508611,0.0114498641341924,0.0016061367932707,-0.0070401532575488,-0.009473267942667,-0.0014046431751921,0.0147790033370256,-0.01252122502774,0.005359741859138,-0.0035745985805988,-0.0061851982027292,0.0271576084196567,-0.0360520519316196
3578,-0.0135580971837043,0.0024613314308226,-0.0294632092118263,0.0269503630697727,0.0024227383546531,0.0065317838452756,-0.0178174190223217,-0.0227925665676593,-0.0334322527050972,0.0169411376118659,-0.0263064373284578,-0.0144816869869828,-0.0248518232256174,-0.0127256233245134,-0.0156250912696123,0.0085712717846035,0.0139934886246919,-0.005805255845189,-0.0128220506012439,-0.0251633804291486,0.015425743535161,0.0102548636496067,-0.0232691839337348,-0.0087901232764124,-0.0125633170828223,0.0449708551168441,0.0034359532874077,-0.0232027415186166,0.0080007389187812,-0.0282648429274559,0.0109977647662162,0.0247902180999517,0.0024227392859756,0.0032813288271427,-0.0362442135810852,0.023003976792097,0.0001404844224452,0.0032813847064971,-0.0375946536660194,-0.0178674645721912,0.0054621649906039,-0.008378367871046,0.0118471626192331,-0.0128718148916959,0.0085373222827911,-0.0019152490422129,-0.0084424363449215,-0.0537766143679618,0.0118311028927564,-0.0035017423797398,0.0198415704071521,-0.0374464057385921,0.0017659573350101,0.0126928063109517,0.0405610315501689,0.0204079467803239,0.0077781165018677,0.0022345478646457,0.0082073155790567,-0.0128220524638891,0.0245558954775333,-0.0128220478072762,0.0075556943193078,-0.0557575821876525,0.0125591959804296,0.0164032075554132,0.0162986256182193,0.0076994746923446,0.0062801213935017,-0.0144816674292087,-0.0177993364632129,0.0911823436617851,0.0003104489296674,-0.0273962542414665,-0.0066085690632462,0.0045765535905957,0.0116495285183191,0.0045765554532408,-0.0092925261706113,-0.0051727937534451,0.0136391408741474,0.0038858107291162,0.0384284332394599,-0.0004592994228005,0.0249651484191417,-0.0125094959512352,-0.0337683819234371,0.0069700838066637,0.0100488858297467,-0.0025747450999915,0.0109977647662162,0.006432045251131,0.0008955581579357,0.0074801407754421,-0.0103916032239794,0.0102525344118475,-0.0204004757106304,-0.0311455503106117,0.0179669223725795,0.0198415704071521,0.0223253406584262,-0.0351149886846542
3579,-0.0192537009716033,0.0345427468419075,0.0068365661427378,-0.0003567555977497,-0.0074919592589139,0.0029466459527611,-0.0291572343558073,-0.0172140318900346,-0.0215334668755531,-0.0090551963075995,0.0321136824786663,-0.0114904632791876,-0.0221575666218996,-0.0094035500660538,-0.0031715133227407,-0.0135311679914593,0.0052487775683403,0.0027368529699742,-0.0044100102968513,-0.0228283870965242,-0.0024950494989752,0.0060502393171191,0.0108220763504505,0.0424822643399238,-0.008870743215084,-0.0110751716420054,0.0150302276015281,-0.0319931022822856,-0.0100539643317461,0.0458677597343921,0.0124532869085669,-0.0027194432914257,-0.0074919555336236,-0.0121540399268269,-0.0236423760652542,-0.0199662372469902,0.0160667616873979,-0.0121540389955043,0.0030426147859543,-0.0082296226173639,-0.0008972660871222,0.0365375988185405,-0.0104935020208358,-0.0095847584307193,0.0290488600730896,0.0180541351437568,-0.015519255772233,-0.0156701207160949,0.0142627712339162,0.0126549173146486,-0.0009174841688945,0.0130249997600913,0.0080606359988451,0.0056617753580212,0.0320359021425247,-0.0065244459547102,0.0040321815758943,0.0045019541867077,0.0244270898401737,-0.0044100093655288,0.0014070582110434,-0.0044100135564804,-0.0115943048149347,0.0799167305231094,0.0265436694025993,0.0318274684250354,-0.0053055491298437,-0.009596518240869,-0.0040034195408225,-0.0114904660731554,-0.0017263232730329,-0.0569874830543994,0.0087628457695245,-0.0246085301041603,-0.0084452051669359,0.0103293135762214,-0.0069712679833173,0.0103293089196085,-0.009806246496737,0.04362129047513,-0.0155260423198342,-0.0026786786038428,-0.0061295824125409,-0.0077305603772401,0.0187491588294506,-0.0043133962899446,-0.0405080243945121,0.0192064214497804,0.0025157465133816,-0.0075051919557154,0.0124532803893089,-0.0123604722321033,-0.0025889941025525,-0.0098644085228443,-0.009830318391323,0.00232800305821,-0.0159002337604761,0.0483834818005561,0.0243761911988258,-0.0009174841688945,0.0103461053222417,-0.0313856117427349
3580,-0.0091510824859142,-0.0168930143117904,0.0038536954671144,0.0237644966691732,-0.0131843835115432,-0.0075740902684628,-0.0086352378129959,-0.0107173006981611,-0.018549745902419,0.0092905107885599,-0.0255942419171333,-0.0171292424201965,0.0018496355041861,-0.0110482480376958,0.0038535392377525,-0.0318303331732749,-0.0190148130059242,0.0099676996469497,-0.0119832940399646,-0.0141226155683398,0.0030025807209312,0.0105820279568433,-0.0438903607428073,-0.0096468375995755,0.0012850915081799,0.0179039593786001,-0.0092494236305356,-0.0214757174253463,-0.0167861506342887,-0.0185220204293727,-0.0017067113658413,0.0129947634413838,-0.0131843816488981,-0.002745879581198,-0.002619549864903,-0.0073578539304435,-0.0175499133765697,-0.0027457810938358,-0.0020702169276773,-0.0037963290233165,-0.0213302820920944,-0.0129904560744762,-0.0335125103592872,0.008949582464993,-0.0148862088099122,-0.01445406768471,-0.0068241404369473,-0.0069153737276792,-0.0020377947948873,-0.0126283792778849,0.0437591969966888,0.0037332782521843,0.0063367271795868,-0.0051098796539008,0.0098810121417045,0.0124870473518967,0.0046904911287128,-0.0032252520322799,-0.0138686019927263,-0.0119832959026098,0.0226071439683437,-0.0119832642376422,0.0071832640096545,-0.0521380826830863,0.0080386316403746,0.0063908277079463,0.0155993793159723,-0.0079715866595506,0.0082386266440153,-0.0171292405575513,0.01898780092597,0.0589439123868942,0.0113783869892358,-0.0002041207626461,-0.0095325782895088,-0.0131415296345949,0.0104991979897022,-0.0131415296345949,-0.0361876152455806,-0.0080705424770712,0.00261997198686,-0.0103239184245467,0.0190640967339277,-0.0004440022166818,0.0040040244348347,-0.0106218121945858,-0.0252220258116722,-0.0063941082917153,-0.0241530984640121,0.0042808768339455,-0.0017067098524421,-0.0221760496497154,-0.0066570057533681,0.0086699649691581,5.7284836657345295e-05,-0.0233340393751859,-0.0120279025286436,-0.0204306654632091,0.0069775343872606,0.0437591969966888,-0.0138992900028824,-0.0203306227922439
3581,-0.0123003190383315,5.5544544011354446e-05,-0.0208002887666225,0.0012875822139903,-0.0205827243626117,-0.0060660322196781,-0.0330952890217304,-0.0224638544023036,-0.017791774123907,-0.0059611364267766,-0.0050750928930938,-0.0049167275428771,-0.0195090007036924,-0.002810881473124,0.0005767857655882,-0.0178778897970914,-0.047720905393362,-0.0002758593764156,-0.0080713536590337,-0.027517631649971,-0.0033889510668814,0.0076937284320592,0.0004390925168991,-0.0046305530704557,-0.0193520262837409,-0.0208220072090625,0.0016123165842145,-0.0308206509798765,-0.0218202676624059,-0.0086297709494829,0.0067035825923085,-0.0119609246030449,-0.0205827187746763,-0.0271485801786184,-0.0296262186020612,-0.0146929109469056,0.0087949261069297,-0.0271485820412635,-0.0250345040112733,-0.0133714526891708,-0.0376035906374454,-0.0058134137652814,-0.0160244461148977,-0.0302780494093894,0.0069341999478638,0.0022962000221014,-0.0056219976395368,-0.0376781746745109,0.0076616210862994,0.0006372511852532,0.0094964038580656,-0.0274563636630773,-0.0085907261818647,-0.0222289953380823,-0.0048661469481885,-0.0080897603183984,-3.814045339822769e-05,-0.0126665234565734,0.0054300795309245,-0.0080713611096143,-0.0024748891592025,-0.008071357384324,-0.0101614519953727,-0.0087515190243721,-0.0008091836934909,0.0269734524190425,-0.000237418571487,-0.01685531437397,-0.0396127179265022,-0.0049167214892804,-0.0270108953118324,-0.0190237369388341,-0.0110317971557378,-0.0236832797527313,-0.0048556053079664,-0.0039845230057835,-0.0015244022943079,-0.003984507638961,-0.0635091140866279,-0.0033207098022103,-0.0234758928418159,-0.0128459688276052,-0.0154650900512933,-0.0293208248913288,-0.0168865546584129,-0.0071393549442291,-0.0423623472452163,0.0027580198366194,-0.0444183200597763,-0.0279250238090753,0.0067035844549536,-0.0194798205047845,-0.0151236504316329,-0.006854454986751,0.0007597229559905,-0.046313390135765,-0.0201157424598932,-0.0094791734591126,-0.0125357527285814,0.0094964038580656,-0.0160896982997655,-0.0292207449674606
3582,-0.0178443789482116,-0.0108318980783224,-0.0105052180588245,-0.0083631910383701,-0.0146254105493426,-0.0058276164345443,-0.0326952338218688,-0.010478489100933,-0.0165262967348098,0.0028378821443766,-0.0043309284374117,-0.0070432592183351,-0.0213639624416828,-0.0136802736669778,-0.0225166603922843,0.0101999528706073,-0.0246282070875167,-0.0241659134626388,-0.0186633355915546,-0.0186988599598407,-0.0047993003390729,0.0016860859468579,-0.0158846266567707,0.0094058420509099,-0.0128071010112762,0.0128219248726964,-0.0124718975275754,-0.0044712787494063,-0.0226552505046129,0.0029771844856441,0.0037315383087843,-0.0097292754799127,-0.0146254179999232,-0.0501650460064411,-0.0188419297337532,0.0113976961001753,-0.0047843288630247,-0.0501650534570217,-0.0055511724203825,-0.0205581597983837,-0.01968664675951,0.0002285186201333,0.0121895605698227,0.0088300947099924,-0.0009488814976066,-0.0178663227707147,-0.0250569954514503,-0.0127748409286141,0.0044452119618654,-0.0117074260488152,0.0078582288697361,-4.864216316491365e-05,-0.0073696672916412,-0.0276930555701255,-0.0293471664190292,-0.0037101379130035,-0.001492072478868,-0.0278924852609634,0.0009532701224088,-0.0186633393168449,-0.0077310120686888,-0.0186633355915546,-0.0147258630022406,-0.0028194347396492,-0.0108464332297444,-0.0465926900506019,-0.0069633843377232,-0.0320610553026199,-0.0703434720635414,-0.0070432596839964,0.024220798164606,0.0315297879278659,-0.0099987313151359,-0.0198925174772739,-0.0101053593680262,0.001552706118673,-0.0045047951862216,0.0015527384821325,-0.0318257510662078,0.0070491256192326,0.0132501721382141,-0.0109136365354061,0.0009913356043398,-0.0515820980072021,-0.0210815388709306,-0.0182510409504175,0.0116014061495661,-0.0078937103971838,-0.0186715945601463,0.0197237003594636,0.0037315376102924,0.0149791426956653,-0.0213951170444488,-0.0112536456435918,-0.0259711295366287,-0.015374943614006,-0.0251093208789825,0.0056010941043496,-0.0076357997022569,0.0078582288697361,-0.0067498022690415,-0.0289775263518095
3583,0.0252826958894729,0.0106041319668293,0.0319622345268726,-0.0030927173793315,0.0076470272615551,0.0006957163568586,-0.0144721679389476,0.0155969336628913,0.0512770265340805,-0.0024008369073271,0.018767986446619,0.0261693466454744,0.0141269611194729,0.0271447263658046,0.021154785528779,-0.0165876448154449,0.00243442482315,0.0265772826969623,0.0004935145261697,0.0063434476032853,-0.0040815146639943,0.0494485273957252,0.029158242046833,0.0139546357095241,0.0069467476569116,-0.0019944966770708,-0.0228531546890735,0.0072254561819136,0.0070005473680794,0.0163886863738298,-0.0057654567062854,-0.0019821259193122,0.00764702539891,0.0090853814035654,0.0063076950609683,0.0022883131168782,0.0245584845542907,0.0090853627771139,0.0359736494719982,0.0164601653814315,0.0111667728051543,0.0144289210438728,-0.0264986976981163,0.0111589767038822,-0.0156892798840999,0.0200672689825296,0.0220640059560537,0.0256834719330072,-0.0098948422819376,-0.0246890261769294,0.087127462029457,0.0478988662362098,-0.003098452463746,-0.0041450578719377,-0.0134933143854141,0.011648766696453,0.0430016629397869,-0.0008368946146219,-0.0099614979699254,0.0004935092874802,0.0226259306073188,0.0004935069009661,0.0213292147964239,-0.0079531287774443,-0.0003740738611668,-0.0129406778141856,-0.0026539778336882,0.0131086437031626,-0.005935532040894,0.026169354096055,0.0231325216591358,0.0837933495640754,0.0152025455608963,0.0021169877145439,0.0170722343027591,0.0003104559145867,-0.0004061383660882,0.0003104144707322,0.0100260488688945,0.0077379457652568,0.015595756471157,0.006041441578418,-0.0075854202732443,0.0004163482808507,-0.0021161164622753,0.0008893645135685,0.0057442253455519,-0.03027780726552,-0.0021656693425029,0.0131203364580869,-0.0057654418051242,-0.0104557713493704,0.0103260288015007,0.013057442381978,0.0268964003771543,-0.0114303901791572,0.0047470903955399,0.013050234876573,0.0002158975694328,0.087127462029457,0.0001590955071151,0.0213104300200939
3584,-0.0236060135066509,0.007871676236391,0.0038780374452471,0.0179270021617412,-0.0108088310807943,-0.0007333403918892,-0.0212810598313808,-0.0164647586643695,-0.0254421532154083,-0.0118969045579433,0.0182050745934247,-0.0198777932673692,-0.0164584089070558,-0.0136567112058401,-0.0117520913481712,-0.006006421521306,-0.0158722251653671,-0.008034499362111,0.0118273561820387,-0.0196145568042993,-0.0094788484275341,0.0119580999016761,-0.0075191035866737,0.0106664262712001,0.0020942338742315,-0.0353362746536731,-0.0099005652591586,-0.0312941186130046,-0.0136481011286377,0.0171970482915639,0.0097454153001308,-0.0053406059741973,-0.0108088245615363,-0.0032967708539217,-0.0146569935604929,-0.0064707305282354,0.0079118162393569,-0.0032967659644782,0.0050887241959571,-0.0072798654437065,-0.0220017973333597,0.0055116857402026,-0.0032982435077428,0.0041606230661273,0.0336788967251777,0.001375840161927,-0.0204118806868791,-0.0046955402940511,0.0121857849881052,-0.0115473791956901,0.0154103748500347,0.0134299602359533,0.0106899458914995,-0.0028308562468737,0.0087442658841609,-0.0131474817171692,0.0056482711806893,-0.0003812654176726,0.0371921919286251,0.0118273645639419,0.0070763984695076,0.0118273589760065,-0.0063962968997657,0.0401858389377594,0.0190558619797229,0.0044879913330078,0.0109010068699717,0.0004651376511901,-0.0211552511900663,-0.0198777914047241,0.020765945315361,0.009978225454688,0.0002931142225861,-0.0163972936570644,-0.0166444145143032,0.0327430255711078,0.0029731099493801,0.0327429324388504,-0.0283664725720882,0.0141120431944727,-0.0050742188468575,-0.0071385367773473,-0.0249165091663599,-0.0062029985710978,0.0085852742195129,0.0123619846999645,-0.0384843759238719,0.0031164390966296,-0.0381648801267147,0.0028421781025826,0.0097454171627759,-0.0044575463980436,-0.0023541247937828,-0.0038353228010237,-0.015625100582838,-0.052967183291912,-0.0098861744627356,0.0165685042738914,0.0204436182975769,0.0154103748500347,-0.0280221235007047,-0.0324327200651168
3585,-0.0200886391103267,0.0097439158707857,-0.0022101758513599,-0.0241252072155475,-0.001802145387046,0.0068891425617039,-0.0055228481069207,-0.0161898899823427,-0.0049784202128648,-0.0175562389194965,0.0159847140312194,-0.0163344237953424,-0.0170827843248844,-0.0110435085371136,0.0010194955393671,0.0142164845019578,0.0006103033665567,0.0104952193796634,-0.0119763715192675,-0.0161754731088876,0.0166965760290622,0.0240675657987594,-0.0079559404402971,0.0077893226407468,0.0005498357350006,-0.0221223942935466,-0.0025411921087652,-0.0278613157570362,-0.0092476680874824,0.0146825788542628,0.0138196051120758,-0.0008995872922241,-0.0018021638970822,0.0017113994108512,-0.0212659817188978,0.0360728465020656,0.0101508134976029,0.0017114176880568,-0.0112714320421218,-0.006986646912992,0.0086543634533882,0.0087986560538411,0.0248653162270784,0.0022524527739733,0.0191657543182373,0.0034192136954516,-0.0185111351311206,-0.0175313409417867,0.0160228107124567,-0.0084477243945002,0.0443178564310073,-0.0091052399948239,-0.0214395113289356,-0.0146867288276553,-0.0168797858059406,-0.0095304530113935,0.021560339257121,-0.0133540965616703,0.0189054608345031,-0.0119763650000095,0.0059484494850039,-0.0119763752445578,-0.0042178304865956,0.0254327096045017,-0.0147181469947099,-0.0024425238370895,-0.0216432511806488,-0.0041135344654321,0.0185548923909664,-0.0163344256579875,0.0101679665967822,0.1322039812803268,0.0028374965768307,-0.0212603025138378,-0.0108203114941716,0.0136084407567977,-0.0166581738740205,0.0136084454134106,0.012328365817666,0.0052220113575458,0.0226411502808332,0.0023369044065475,-0.0110384551808238,0.0047759260050952,-0.0188445691019296,-0.0115745589137077,-0.033074177801609,0.0011753090657293,0.0061651556752622,0.0045421770773828,0.0138196051120758,0.010061097331345,-0.0027827830053865,-0.009968695230782,-0.0137575371190905,0.0002652175026014,-0.0125211486592888,0.0146874394267797,-0.0201917644590139,0.0443178564310073,0.0055150780826807,-0.0237085185945034
3586,-0.018000591546297,-0.0229063630104064,0.0013794312253594,-0.0326057523488998,-0.0118594747036695,-0.0102910995483398,-0.0322670899331569,-0.020419243723154,-0.039116621017456,-0.0190667882561683,-0.0209869518876075,-0.0005881539545953,-0.0115757687017321,-0.0004824153147637,-0.003539468627423,0.0133646391332149,-0.0009617409668862,-0.0021759078372269,-0.0227552689611911,-0.0250087324529886,-0.0063474006019532,0.0090940855443477,-0.0198926907032728,-0.0087909745052456,-0.0160661488771438,-0.0047585591673851,0.001237719785422,-0.0321999602019786,0.0065738097764551,-0.0184687674045562,-0.0098384860903024,-0.0038264759350568,-0.0118594719097018,-0.02976337634027,-0.0128006879240274,-0.0035746050998568,-0.0108883501961827,-0.0297633782029151,0.0012106834910809,-0.0114360367879271,-1.0834774002432823e-05,-0.017742820084095,0.0209986753761768,-0.0237162485718727,-0.0028985827229917,-0.0166424624621868,-0.0136531982570886,-0.0118413157761096,-0.0102694928646087,0.0042668120004236,0.032561220228672,0.0066178729757666,-0.0084039233624935,0.0027900291606783,0.0190050527453422,-0.0106041776016354,0.0070432140491902,-0.0012622640933841,-0.0047056162729859,-0.0227552652359008,-0.00550600560382,-0.022755267098546,-0.0140819977968931,-0.0411447435617446,-0.0007406742079183,0.0135307163000106,-0.0328608304262161,-0.0086783561855554,-0.0567628815770149,-0.0005881689721718,-0.02827082388103,-0.0467909947037696,0.0020713997073471,-0.0103492457419633,-0.0021462284494191,-0.0078394375741481,-0.027863910421729,-0.0078394245356321,-0.01348268520087,-0.0129048097878694,-0.0109421778470277,-0.0103019019588828,-0.0059660696424543,-0.0391383990645408,0.0081430152058601,-0.0224861968308687,-0.0443691685795784,0.0048817740753293,0.0078747104853391,-0.0133852418512105,-0.0098384842276573,0.0058451043441891,-0.0016887217061594,-0.0216698702424764,-0.0094662206247448,0.0166528243571519,-0.0150796016678214,-0.0191736221313476,-0.0002854000777006,0.032561220228672,0.0155257117003202,-0.0291761010885238
3587,0.0023445980623364,0.0046102283522486,-0.0117183281108737,0.0232730731368064,-0.0241904594004154,-0.0009694336913526,-0.0327737927436828,-0.0091670555993914,-0.0305823180824518,-0.0083919931203126,0.0034008796792477,-0.0162076130509376,-0.0099227475002408,-0.0131245506927371,-0.0089096967130899,0.0062190960161387,0.0098926415666937,-0.0183318108320236,-0.0162150152027606,-0.0187526606023311,0.00407684314996,-0.0038399712648242,-0.0322094559669494,0.0202782656997442,-0.0234490428119897,-0.0384371615946292,0.0072558810934424,-0.0073931231163442,-0.0186507385224103,0.0199110619723796,0.0209914557635784,-0.0345235131680965,-0.0241904594004154,-0.0377969928085804,-0.0064309150911867,0.0059357276186347,-0.0039980271831154,-0.0377969965338707,-0.007673732470721,-0.0051099113188683,-0.0015925465850159,0.0137490667402744,0.0186452083289623,-0.0405438430607318,0.0107119232416152,-0.005614511668682,0.0083213364705443,-0.0073917848058044,0.0226624738425016,0.0026905855629593,-0.0081582805141806,-0.00969591550529,0.0115763880312442,0.0121172899380326,0.0308266002684831,-0.0028399259317666,-0.0040109711699187,0.0097527522593736,0.0065385163761675,-0.0162150152027606,0.0094987992197275,-0.0162150189280509,-0.0044313045218586,0.0191368535161018,0.0225707329809665,0.0326630696654319,0.0132324080914258,-0.0268983542919158,-0.0460849106311798,-0.0162076130509376,-0.0429908856749534,0.008621197193861,-0.02135905995965,-0.0072590438649058,-0.0213771872222423,-0.0078326379880309,0.0066826753318309,-0.00783262681216,-0.0052620382048189,0.0203510355204343,-0.0155840227380394,-0.0125927114859223,-0.0395056754350662,-0.0383047573268413,0.0194368232041597,-0.0173273924738168,-0.0135050890967249,0.0131447557359933,-0.0055555892176926,-0.0341679230332374,0.0209914557635784,-0.0071185864508152,0.0037963702343404,0.0001350991078652,0.0124521078541874,-0.0086940620094537,-0.0058336150832474,0.0183890536427497,0.0195176042616367,-0.0081582805141806,-0.0034770029596984,-0.0283632166683673
3588,-0.015067633241415,-0.0115377577021718,-0.0101552959531545,-0.0210951082408428,-0.005553382448852,-0.0031489455141127,-0.037365898489952,-0.0177136864513158,-0.0128035955131053,-0.010922422632575,-0.0126978270709514,0.017287366092205,0.0077651282772421,0.013010743074119,0.0175200402736663,0.0004404479404911,-0.0358518548309803,0.0124583039432764,-0.0258404444903135,-0.0241897962987422,0.0021143972408026,0.0082477591931819,-0.023499259725213,-0.0097765810787677,-0.0122068235650658,-0.005936783272773,0.008010677061975,-0.0232053473591804,-0.0104124965146183,-0.0175722818821668,-0.0010420286562293,0.0074685830622911,-0.0055533787235617,0.0028104139491915,0.0016387274954468,0.0043604336678981,0.0046911565586924,0.0028103969525545,-0.016796302050352,-0.013329692184925,-0.0262074843049049,-0.0092192394658923,0.0026473756879568,0.0052548986859619,0.0480754598975181,-0.0021599978208541,-0.0136336833238601,-0.019179506227374,-0.0003132139099761,-0.0014703348278999,0.0115745905786752,-0.0243794042617082,0.0154281388968229,-0.0197534915059804,0.0052386871539056,-0.0112217534333467,0.0024474170058965,-0.0060776872560381,0.0479649566113948,-0.0258404407650232,-0.011221058666706,-0.0258404407650232,-0.016727877780795,-0.0278544668108224,0.0142393950372934,0.0514643266797065,-0.0183319859206676,0.0022751479409635,0.0052065905183553,0.0172874759882688,0.0216764435172081,0.0148328766226768,0.0036034684162586,0.0124315209686756,0.0182746835052967,0.0335713140666484,-0.014439701102674,0.0335714146494865,-0.0440264381468296,-0.0050295703113079,0.0086331134662032,-0.0045630326494574,0.0034018657170236,-0.0014582495205104,-0.0133718466386199,-0.0252066738903522,-0.0291083455085754,0.0231901202350854,-0.0290567129850387,0.0152041548863053,-0.0010420178296044,0.0060021812096238,-0.0124669466167688,-0.0158702917397022,-0.0100936982780694,-0.0317149609327316,-0.017487259581685,-0.0150551311671733,-0.0036888257600367,0.0115745905786752,-0.0071556661278009,-0.0261633545160293
3589,-0.0186485778540372,0.0029179898556321,-0.0183632038533687,-0.018363781273365,-0.004699541721493,0.0033310544677078,-0.0188682284206151,-0.0228773225098848,-0.0057995594106614,-0.015707729384303,0.0102285891771316,-0.0142082180827856,-0.0085168611258268,-0.0110629368573427,-0.0056496802717447,-0.0082759149372577,-0.0187872424721717,-0.0074600782245397,0.0018178010359406,-0.025571335107088,-0.0021845835726708,0.0190411545336246,-0.0021847551688551,-0.0121755897998809,-0.0142849432304501,-0.028143998235464,-0.004423061851412,-0.0365409962832927,-0.0040733106434345,-0.005330984480679,0.0107751432806253,-0.0073748240247368,-0.0046995435841381,0.0202046819031238,-0.0114638125523924,-0.0038012186996638,0.0154971946030855,0.0202046800404787,-0.021521283313632,-0.0124971373006701,-0.0137253701686859,-0.0076818382367491,-0.0024819243699312,-0.0332582332193851,0.0227220803499221,0.0032232026569545,-0.0135328192263841,-0.0199760906398296,0.0118945483118295,-0.0056950272992253,0.0230153240263462,-0.0252560228109359,-0.0048648472875356,-0.0078528001904487,-0.0078999642282724,-0.010018641129136,0.0138400793075561,-0.0076799876987934,0.0249198116362094,0.0018178060417994,0.0065941270440816,0.0018177994061261,-0.0042406013235449,0.0086931344121694,-0.0071529913693666,-0.0070876707322895,-0.0153615418821573,0.0115955183282494,0.0303906537592411,-0.0142082218080759,-0.037276241928339,0.0191798582673072,-0.012029081583023,-0.0057549239136278,-0.0108141126111149,0.021820219233632,-0.0126137435436248,0.0218201912939548,-0.024394903331995,-0.0067682862281799,-0.0162629131227731,-0.0009332165354862,-0.0179470814764499,0.0196350906044244,-0.0085965255275368,0.0020673172548413,-0.0486996993422508,0.0032419092021882,-0.025523867458105,-0.0313317663967609,0.0107751432806253,-0.0172511357814073,-0.0002111904905177,-0.0090313674882054,-0.0091955754905939,-0.0336176007986068,-0.0074683730490505,-0.0076842727139592,-0.0066953930072486,0.0230153240263462,-0.0103818411007523,-0.0315403416752815
3590,-0.0255460627377033,-0.0088778818026185,0.0202671568840742,-0.0070540686137974,-0.0066387518309056,-0.0038879802450537,-0.0285814702510833,-0.0301898829638957,-0.0313587114214897,-0.0006505721248686,-0.0391258150339126,0.0019782972522079,-0.0208932422101497,-0.0024272289592772,-0.0062335110269486,0.0181208197027444,0.0141430115327239,0.0123727973550558,-0.0284815840423107,-0.0327302031219005,0.0025464445352554,-0.0096294144168496,0.0071398429572582,0.0082625970244407,-0.0173290558159351,0.0680182054638862,0.0229236967861652,-0.0397718660533428,-0.0080466661602258,-0.0203435625880956,-0.0027396425139158,0.0594002865254879,-0.0066387564875185,0.0041451067663729,-0.0167658068239688,-0.0040412656962871,-0.0205611567944288,0.0041451612487435,0.0126299131661653,-0.0237551163882017,0.0085615832358598,0.0026249340735375,0.0287511888891458,-0.0048164492473006,0.0117432251572608,-0.0119436886161565,-0.0225188564509153,-0.0079870130866765,-0.0027796679642051,0.0284293461591005,-0.0048419460654258,0.0224273763597011,-0.0076694879680871,0.0003063292242586,0.0002921696286648,0.0002943081781268,-0.0081548383459448,-0.0059564397670328,0.0093894330784678,-0.0284815840423107,-0.0082409344613552,-0.0284815784543752,-0.0177948269993066,-0.0708473920822143,-0.0035016094334423,-0.0041766967624425,-0.0135926753282547,0.0004017342580482,0.0087367203086614,0.0019782944582402,0.0025415774434804,-0.0947487503290176,0.0420382656157016,-0.0205556713044643,0.0146041978150606,0.00164615502581,-0.0146974902600049,0.0016461855266243,0.0189953669905662,0.0032207428012043,-0.0094861630350351,-0.0044414019212126,0.0673063248395919,0.000413563568145,0.0004664445004891,-0.0288285017013549,-0.0470622777938842,0.0256613083183765,0.0023864908143877,0.000983391306363,-0.0027396439108997,0.0153709845617413,-0.0013694160152226,-0.0158227123320102,-0.0173960607498884,-0.0109597099944949,-0.013334110379219,-0.0167395435273647,-0.0003163379151374,-0.0048419460654258,-0.0073909685015678,-0.0338238924741745
3591,-0.0204646084457635,0.0034597758203744,-0.0074372068047523,-0.00035522604594,0.0027917325496673,0.0040349392220377,-0.0246509630233049,-0.0237170960754156,-0.0349597185850143,0.0079006170853972,-0.0270846616476774,-0.0188885834068059,0.0077491141855716,-0.0154158342629671,-0.012800857424736,-0.0039312522858381,-0.0199099779129028,-0.017195738852024,-0.0245527829974889,-0.0283309184014797,0.0005190697265788,-0.0025035825092345,-0.0116572342813014,0.0074876463040709,-0.0262223314493894,0.0553918816149234,-0.0025716684758663,-0.0296269319951534,-0.006951511837542,-0.0149352643638849,0.0047696293331682,0.0232861712574958,0.0027917316183447,-0.0356106124818325,0.0159417409449815,0.0015060438308864,-0.0095685627311468,-0.0356106087565422,-0.0058732642792165,-0.021455779671669,-0.0084243332967162,0.0037696296349167,0.0069534764625132,-0.0209895074367523,-0.0123887825757265,-0.0049930484965443,-0.019120767712593,0.0057291109114885,0.0049766898155212,-0.0021090179216116,0.0049450127407908,-0.008322475478053,0.0202417448163032,-0.011716129258275,-0.0124791096895933,0.0055535766296088,-0.0048589068464934,-0.0121967997401952,-0.0136786568909883,-0.0245527829974889,0.0014148408081382,-0.0245527811348438,-0.0103261098265647,-0.0478350482881069,-0.0007491601863875,0.0049201613292098,-0.0049133338034152,-0.0188632681965827,-0.0535698905587196,-0.0188885834068059,-0.0191776491701602,0.0122140143066644,0.004813059233129,0.0192566197365522,-0.0102881891652941,-0.0118002351373434,-0.0053337360732257,-0.0118002481758594,-0.0214345529675483,0.009263526648283,-0.0070910486392676,0.0035641673021018,0.0451547279953956,-0.0414120182394981,-0.0156532973051071,-0.0249351691454648,-0.0299741812050342,-0.0041572963818907,-0.0040835523977875,-0.0179819129407405,0.0047696274705231,-0.0095113459974527,-0.0064875488169491,-0.0083658909425139,-0.0110425800085067,-0.002018557395786,-0.0127588836476206,-0.0131945181638002,-0.0043380372226238,0.0049450127407908,0.0047605521976947,-0.0309141632169485
3592,-0.0188978165388107,-0.0150581179186701,-0.0099511612206697,-0.0156257543712854,-0.0048206825740635,-0.0038787082303315,-0.0302526913583278,-0.0141113772988319,-0.0330782309174537,-0.0083882920444011,-0.0162100866436958,-0.0109119098633527,-0.0287544392049312,-0.0095748333260416,-0.0123242009431123,0.0161216519773006,0.0015669716522097,-0.0024238815531134,-0.0146626401692628,-0.018754594027996,-0.0100338524207472,-0.007808587513864,-0.0004127621650695,-0.00836175493896,-0.0135927721858024,0.0091737825423479,0.0018144979840144,-0.0235455632209777,-0.0066822851076722,-0.0085370698943734,-0.0037942104972898,0.0091063305735588,-0.0048206779174506,-0.0258607733994722,-0.0380413644015789,-0.0067812902852892,-0.0120340604335069,-0.025860771536827,-0.014982983469963,-0.0093379477038979,0.0051416861824691,-0.0114936903119087,0.0158828068524599,-0.020310778170824,0.0082184001803398,-0.0151616744697093,-0.017794944345951,-0.0404229126870632,-0.0037546078674495,0.0035634243395179,-0.0027650669217109,-0.0045914035290479,-0.0212785042822361,-0.0080716870725154,-0.0103056356310844,-0.0084879752248525,-0.0067858397960662,-0.012148255482316,0.0067900056019425,-0.0146626001223921,-0.0080407802015542,-0.0146626168861985,-0.0144883412867784,-0.0230846498161554,-0.0168877653777599,-0.0134918745607137,-0.0150299593806266,-0.0143884653225541,-0.0395632721483707,-0.0109119080007076,-0.0237068943679332,-0.0599265471100807,0.0049410774372518,-0.0331963598728179,-0.007377971895039,0.0027243422809988,-0.0131473196670413,0.002724380698055,0.0088558848947286,-0.0100110406056046,-0.0116887036710977,-0.0039407480508089,0.0084148170426487,-0.029727378860116,-0.0103562669828534,-0.0124583793804049,-0.0269366204738616,0.0051967543549835,0.011920372955501,-0.0088897719979286,-0.0037942053750157,0.0103894416242837,-0.0080388253554701,-0.0136356763541698,-0.0128423664718866,0.0127071244642138,-0.0145518770441412,-0.0114654097706079,-0.0145161664113402,-0.0027650669217109,0.0060420068912208,-0.0230982527136802
3593,-0.0186636559665203,0.0102399550378322,0.003433960257098,0.0256637744605541,-0.003410039935261,0.0006276484346017,-0.0363452471792697,-0.0194671265780925,-0.0278160162270069,0.0270780846476554,0.0037580407224595,-0.0121891573071479,-0.0126132136210799,-0.0051477886736392,-0.0094105526804924,-0.0001144227571785,-0.0356540903449058,-0.0026929699815809,-0.014795821160078,-0.0255957338958978,-0.0100316982716321,-0.0046854224056005,-0.0126814134418964,0.010136873461306,-0.0238844249397516,0.045073963701725,-0.0002152048982679,-0.0268380753695964,-0.0112839257344603,0.0115577457472682,0.006144480779767,0.0259428396821022,-0.0034100436605513,0.0169327054172754,-0.0080099264159798,-0.0144078517332673,0.0002803436946123,0.0169326998293399,0.0031511061824858,-0.0161534659564495,-0.0309882648289203,0.0101886419579386,-0.0007522418163716,-0.0298003554344177,-0.0070343911647796,0.0066735111176967,-0.0181437246501445,-0.0037234197370707,0.006278240121901,0.0038363572675734,-0.0078622074797749,0.0033453505020588,-0.0056698210537433,-0.0190434399992227,-0.0226753428578376,0.0080855628475546,-0.0101276095956563,-0.0176607817411422,-0.0044162650592625,-0.0147958192974329,0.0001655775122344,-0.0147958220914006,-0.0070877368561923,0.0201784186065197,-0.0130864130333065,-0.0164429116994142,0.021280163899064,0.0097389305010437,0.013478385284543,-0.0121891526505351,-0.0356604568660259,-0.0662955194711685,0.0136354379355907,-0.0114329867064952,-0.0046437513083219,-0.0015981819014996,0.0176140293478965,-0.0015981483738869,-0.0419752784073352,0.0085654277354478,-0.0193535462021827,-0.0021867977920919,0.0386906936764717,0.0107784029096364,-0.018149446696043,-0.0146193848922848,-0.0294827204197645,0.0042560901492834,-0.0445108711719512,-0.0190925560891628,0.0061444793827831,-0.0019932882860302,-0.0135255623608827,0.00094430410536,-0.012686644680798,-0.0551524385809898,-0.0164658483117818,0.0134149640798568,-0.0123477410525083,-0.0078622074797749,-0.0331821031868457,-0.0261534769088029
3594,-0.0182025842368602,-0.0104508018121123,-0.0146412281319499,0.0194884575903415,0.0098384460434317,0.0135858664289116,-0.0342945083975791,-0.0254054144024848,-0.0322750955820083,0.0137501414865255,-0.001397639978677,-0.0162675511091947,-0.0069464221596717,-0.0181602910161018,-0.0211323723196983,0.0020436984486877,-0.0227198265492916,-0.0239427853375673,-0.0342135541141033,-0.0305078513920307,-0.0029742866754531,-0.0055555934086441,-0.0189855098724365,-0.0023123249411582,-0.0251655019819736,0.068093292415142,0.006500438787043,-0.0316055454313755,-0.0179068613797426,-0.0022755339741706,0.0173026174306869,0.0185421332716941,0.0098384441807866,-0.005044144578278,-0.0003079088055528,-0.0075086159631609,0.0059129712171852,-0.0050441110506653,-0.0121150221675634,-0.01962211728096,-0.0212368462234735,-0.0087185828015208,0.0115774031728506,-0.0293142832815647,-0.0074858833104372,-0.0150140300393104,-0.0139663126319646,-0.0025801982264965,0.019349692389369,0.0105265658348798,-0.0135633721947669,-0.0139733515679836,0.0102036353200674,-0.0166133977472782,-0.0066419998183846,0.0066332630813121,-0.0101364497095346,-0.0173650123178958,-0.0093427877873182,-0.0342135578393936,-0.004539503250271,-0.0342135615646839,-0.0146853430196642,0.0130352415144443,0.0048660063184797,-0.012266356498003,0.0098274759948253,-0.0058028693310916,0.0001299399882555,-0.0162675492465496,-0.0314245969057083,-0.05566893145442,-0.0013365226332098,-0.0005890352185815,-0.013653646223247,-0.0066473674960434,0.0048937229439616,-0.0066472901962697,-0.034718133509159,0.0005229511298239,-0.0178672280162572,0.0107079539448022,0.0441648885607719,-0.0091209476813673,-0.0065820845775306,-0.0329890921711921,-0.0398759134113788,0.0090388124808669,-0.0237896889448165,-0.0219275709241628,0.0173026155680418,-0.0034606198314577,-0.0180484149605035,-0.0065044676885008,-0.0101340906694531,-0.0318176783621311,-0.026715163141489,-0.001095940824598,0.0072887632995843,-0.0135633721947669,-0.0106966141611337,-0.0339700058102607
3595,-0.0067634265869855,-0.0092056989669799,-0.0023852474987506,-0.0214545726776123,-0.0079758409410715,-0.0100776208564639,-0.0170413758605718,-0.0085390731692314,-0.0047994824126362,-0.0203238688409328,0.0079091917723417,-0.0110550448298454,-0.0071055572479963,-0.006399555131793,0.0118716098368167,-0.0176122076809406,-0.0058207539841532,0.0135585889220237,-0.01324282027781,-0.0117697650566697,0.0021510459482669,0.0003638695925474,-0.0276010911911726,0.0060275383293628,-0.007322696968913,-0.0334133766591548,-0.0041294172406196,-0.0139044011011719,0.0021251896396279,0.0123198311775922,-0.0139946639537811,-0.0207278467714786,-0.0079758865758776,0.0025963429361581,-0.0142472730949521,-0.0015086266212165,0.0094968834891915,0.0025963622611016,-0.007886647246778,-0.0032321759499609,-0.0029621599242091,-0.0020588338375091,-0.0179067905992269,-0.0068902149796485,0.0151068363338708,-0.0080844955518841,-0.0043424651958048,-0.0120896873995661,-0.0158213209360837,-0.009298276156187,-0.0088502820581197,-0.008631307631731,-0.0110820978879928,-0.009002698585391,-0.0025697776582092,-0.0080429380759596,-0.0003175151941832,-0.0065791886299848,0.0159770883619785,-0.0132428221404552,0.005876270122826,-0.0132428184151649,-0.0025861524045467,0.0188716612756252,-0.0025748077314347,0.0154280625283718,-0.0202952418476343,0.0083408337086439,-0.0110464328899979,-0.0110550448298454,-0.0020100397523492,0.0475634187459945,-0.0070807975716888,-0.0143655790016055,-0.0128486566245555,0.0101937223225831,-0.0159303303807973,0.0101938182488083,-0.0063092028722167,0.0019146125996485,0.00019944133237,-0.0071857525035738,-0.0289650484919548,-0.0050265756435692,-0.010309400036931,-0.0128996409475803,-0.0147999078035354,0.0037157111801207,-0.0078624133020639,-0.0067385025322437,-0.0139946620911359,-0.0153650576248765,-0.0055870786309242,-0.0074918353930115,0.0007027145475149,-0.0134299602359533,-0.007538016885519,0.0140262823551893,-0.0099608693271875,-0.0088502820581197,-0.0021106856875121,-0.0170091241598129
3596,-0.0216979626566171,-0.007016260176897,-0.0013383792247623,0.0381174683570861,0.0113397017121315,0.0039048718754202,-0.0217244457453489,-0.0327691063284873,-0.0355339720845222,0.022591482847929,-0.0350227281451225,-0.0155693069100379,0.0008369120769202,-0.0149822803214192,-0.0088022872805595,0.0235591791570186,0.0040987050160765,0.0008063772693276,-0.0292878728359937,-0.0348455309867858,0.0065195518545806,-0.0021183523349463,-0.0053809327073395,-0.0039694095030426,-0.0211901515722274,0.0723705738782882,0.0089655518531799,-0.0460963733494281,-0.0007366533391177,-0.0265484470874071,-0.0015473999083042,0.060192734003067,0.0113397054374217,-0.0061430926434695,0.0065608033910393,0.0151505591347813,-0.009511069394648,-0.0061430931091308,-0.0101320017129182,-0.0212426278740167,0.0107105579227209,-0.0062707266770303,0.0373488515615463,-0.0271817259490489,0.0018549107480794,-0.0119953192770481,-0.0150902345776557,-0.003878466784954,-0.0013885382795706,0.0101009011268615,-0.0007364808116108,-0.0110238259658217,0.008759694173932,-0.0012571777915582,-0.017892375588417,0.0004500388167798,-0.0011261802865192,-0.014453450217843,0.0020364301744848,-0.029287863522768,-0.0184663571417331,-0.0292878709733486,-0.023365419358015,-0.0692368075251579,-0.0126023199409246,-0.05351372808218,0.0273721106350421,-0.0036645850632339,0.0030394089408218,-0.0155692901462316,-0.0362847670912742,-0.0082005355507135,0.0273754354566335,0.0099683031439781,0.0022939939517527,0.0047480929642915,0.016284380108118,0.0047480468638241,0.0067245718091726,-0.0012440506834536,-0.0033188867382705,0.0065565095283091,0.0734393596649169,-0.0083799865096807,-0.0030921977013349,-0.029545247554779,-0.0617232993245124,0.0109622273594141,0.0156730692833662,-0.0177021753042936,-0.0015474007232114,0.0125507172197103,-0.0003013150999322,-0.0071495817974209,-0.0089886002242565,0.0146161383017897,-0.0118500161916017,-0.0268968231976032,0.0044355187565088,-0.0007364808116108,0.0184950940310955,-0.0355714857578277
3597,-0.0158421248197555,0.0118003748357295,0.0165924914181232,0.065671183168888,-0.0051613342948257,0.0315256528556346,-0.0301318913698196,-0.0142740681767463,-0.0300267823040485,0.0260139647871255,0.0123533392325043,0.001640907023102,-0.0366643667221069,0.0030536523554474,-0.0114601161330938,0.0349982641637325,0.0203556567430496,0.0041920044459402,-0.0252355467528104,-0.0189597979187965,-0.0053896084427833,0.0071399621665477,-0.0255303941667079,0.0077825472690165,-0.0128989201039075,0.0381633937358856,0.0033441677223891,-0.0250399261713027,-0.047040082514286,0.0150294378399848,0.0672902464866638,0.0458630472421646,-0.0051613287068903,-0.0207657795399427,-0.0259480830281972,0.0144486455246806,0.0177136026322841,-0.020765695720911,0.015513296239078,-0.0017484830459579,0.0096106994897127,0.0064010946080088,0.0563322901725769,-0.0336334221065044,0.0109317153692245,0.0108541660010814,-0.0080642374232411,0.0082263704389333,0.0747322365641594,0.003073880681768,-0.0125063704326748,0.0140159409493207,-0.0267459098249673,0.019936854019761,0.0196902863681316,0.0059304758906364,0.0053089945577085,0.0063886614516377,0.0088260630145668,-0.0252355448901653,-0.0029788138344883,-0.0252355486154556,-0.0137023637071251,0.0329619497060775,-0.0049621518701314,-0.007012840360403,0.0505635105073452,-0.0279137529432773,0.0120397778227925,0.0016408812953159,-0.0393058508634567,-0.0362089648842811,0.0281706526875495,-0.0412826649844646,0.0136767923831939,0.0025175157934427,0.034856479614973,0.0025175127666443,0.012723620980978,0.0061379722319543,-0.0107193095609545,0.0102204587310552,0.0462602823972702,-0.0099329277873039,0.0205138269811868,-0.0260012447834014,-0.0404174923896789,0.0112931923940777,-0.0083520635962486,-0.0199107062071561,0.0672902464866638,0.0205378346145153,0.015171879902482,0.0066781952045857,-0.0051341112703084,-0.0355259329080581,-0.0028232121840119,0.012267954647541,0.0072900271043181,-0.0125063704326748,-0.0049289809539914,-0.0308534987270832
3598,-0.019692750647664,0.0002668995875865,-0.0098817022517323,0.0343747399747371,-0.0033647918608039,0.0165234711021184,-0.0277347490191459,-0.0141588700935244,-0.0308355558663606,0.0113128405064344,0.0212388075888156,-0.0174038410186767,-0.0422551892697811,-0.0137462597340345,-0.0247317217290401,0.0394768863916397,0.0005662327748723,-0.017598582431674,-0.0162360128015279,-0.0194672308862209,-0.0057773143053054,0.0220509804785251,0.0007303245365619,0.0055539589375257,-0.0132775846868753,0.0269953124225139,0.0020124721340835,-0.0227469410747289,-0.0183266475796699,0.0163428150117397,0.0361450016498565,0.0028881214093416,-0.0033647969830781,0.0017860885709524,-0.0381053425371646,0.0212349221110343,0.0323729403316974,0.0017861302476376,-0.0063686831854283,-0.0086812647059559,0.00290311826393,0.0033573496621102,0.0549830235540866,-0.0128696020692586,0.0309204142540693,-0.0049834181554615,-0.0174081437289714,-0.0144644752144813,0.0402450636029243,-0.0031975500751286,0.0083376057446002,-0.0079236701130867,-0.0315747335553169,0.0072199897840619,0.0210646018385887,-0.0047822282649576,0.0169648006558418,0.0033136974088847,0.0311375521123409,-0.0162360165268182,-0.0129557754844427,-0.0162360128015279,-0.020754124969244,0.0400049090385437,-0.0035012601874768,0.0195588339120149,0.0233903396874666,-0.0014319703914225,0.0231616012752056,-0.0174038372933864,-0.0103104300796985,-0.0109900720417499,-0.0062910243868827,-0.0492115020751953,-0.0147938728332519,0.0208918955177068,0.0121351033449172,0.0208919048309326,-0.0084034288302063,0.0017319144681096,0.00441181845963,0.0047581568360328,0.0165299102663993,0.0063206041231751,0.0119385607540607,-0.0170257724821567,-0.0254747327417135,0.0107826823368668,-0.0040530525147914,0.0005343726370483,0.0361450016498565,0.0293327718973159,0.0082602808251976,-0.0072192046791315,-0.0107740629464387,-0.020122904330492,-0.0113388318568468,0.0164511576294899,-0.0015938626602292,0.0083376057446002,0.0138045502826571,-0.0277587920427322
3599,-0.0180414393544197,-0.0070746536366641,-0.0161294434219598,0.0496895685791969,-0.0075578214600682,0.0217887833714485,-0.0362046994268894,-0.0082647502422332,-0.0347997024655342,0.0128738787025213,-0.0057097780518233,-0.0269230566918849,-0.0334091633558273,-0.0285261217504739,-0.0259893089532852,0.0236393902450799,0.0040434328839182,-0.012981372885406,-0.033866748213768,-0.0165202356874942,0.004975888878107,0.0106234047561883,-0.0575946271419525,0.0104772271588444,-0.0093810819089412,0.038638025522232,0.0144084328785538,-0.0101171927526593,-0.0053933109156787,0.0006044204346835,0.0506281405687332,0.0307539850473403,-0.0075578158721327,0.0042742127552628,-0.038399402052164,0.0166685730218887,0.0012027043849229,0.0042741843499243,-0.0230867397040128,-0.0080627892166376,0.0012121654581278,0.0033368282020092,0.0356424301862716,-0.0016809019725769,0.0497811660170555,-0.02095159702003,-0.0186503678560256,-0.0366084426641464,0.0555264502763748,0.0062758619897067,0.0121969636529684,-0.0123948231339454,0.0076785692945122,0.0176065564155578,0.031473733484745,0.0013370357919484,0.0089253671467304,0.0134489741176366,0.0449338629841804,-0.0338667519390583,-0.0049666166305541,-0.033866748213768,-0.0174477752298116,-0.0142300194129347,0.0250422991812229,0.0137907415628433,0.0341210141777992,0.0014177269767969,0.0191717110574245,-0.0269230566918849,0.009298475459218,0.0050294175744056,0.0093607846647501,-0.0356791615486145,-0.0151241235435009,0.0266213342547416,0.0205382369458675,0.026621364057064,-0.009617606177926,0.013201592490077,0.0094966609030961,0.005128706805408,0.0368782430887222,0.0032724207267165,0.0287860389798879,-0.034719318151474,-0.0090750465169548,0.0357439965009689,-0.0005820780061185,0.0113669792190194,0.0506281442940235,0.0215958729386329,0.0114241121336817,-0.0005659140879288,-0.0183806642889976,-0.0019231461919844,-0.0006692288443446,-0.0001889828126877,0.0331206321716308,0.0121969636529684,0.0104624032974243,-0.0322461239993572
3600,-0.0116350082680583,0.0075566112063825,-0.005588399246335,-0.0422364361584186,-0.0053814542479813,0.0050479806959629,-0.0257754437625408,-0.0158318728208541,-0.021865576505661,-0.0249983966350555,0.0134608093649148,-0.0155820893123745,-0.0320281684398651,-0.0159152913838624,-0.0093157021328806,-0.0085767973214387,-0.0167861562222242,0.0022288190666586,-0.0082246158272027,-0.023778211325407,-0.002206452190876,0.0155234979465603,-0.0071350773796439,0.0204841792583465,-0.0161199308931827,-0.025694565847516,0.0053729652427136,-0.0263193063437938,0.0031898289453238,0.0193089339882135,0.015352957881987,0.0045608943328261,-0.0053814556449651,-0.0229856967926025,-0.0360513515770435,-0.0132086407393217,-0.0028782279696315,-0.0229856763035058,-0.0151630174368619,-0.0085470620542764,-0.0044844476506114,0.0138965798541903,-0.0047950190491974,-0.0301816444844007,0.0143686160445213,-0.0034320745617151,-0.0085101574659347,-0.0363481231033802,0.016734380275011,0.0063783884979784,0.0415450632572174,-0.0077845053747296,-0.0032425699755549,-0.0150255989283323,-0.0117451651021838,-0.0138777941465377,0.0126812756061553,-0.0093637760728597,0.0147468168288469,-0.0082246055826544,0.0003323636483401,-0.008224606513977,-0.0116830579936504,0.0335645899176597,0.0051324288360774,0.0011665225028991,-0.0372291579842567,-0.0063862805254757,-0.0477233454585075,-0.0155820902436971,-0.036448523402214,-0.0342081673443317,0.0071312682703137,-0.0351959764957428,-0.007319766562432,0.0106257759034633,-0.0290695708245039,0.0106257842853665,-0.0110436603426933,0.0185286458581686,-0.0197564698755741,-0.0007646083831787,-0.0086538325995206,-0.0298578646034002,-0.0085764434188604,-0.0072305090725421,-0.0345138013362884,0.0118073103949427,-0.0003701704554259,-0.0244818832725286,0.0153529616072773,-0.0126235736533999,-0.0075884400866925,-0.0211684890091419,-0.0024056863039731,0.0036364926490932,-0.0155210113152861,0.0219115056097507,0.002750820480287,0.0415450632572174,0.003832867834717,-0.0325335226953029
3601,-0.0131794344633817,-0.0120003474876284,0.0021420232951641,0.0227687526494264,0.0088269505649805,0.0064828642643988,-0.023362573236227,-0.0251980200409889,-0.0205464996397495,0.0091641312465071,-0.0219079684466123,-0.0154481763020157,-0.0102272536605596,-0.0175067670643329,-0.0123419482260942,-0.0035260447766631,-0.0144044253975152,-0.0012942706234753,-0.0334500297904014,-0.0299428738653659,0.0133662149310112,-0.0073686032555997,6.454437971115112e-05,-0.0071963295340538,-0.0205038618296384,0.0241408459842205,0.0132829332724213,-0.0300331488251686,-0.0077279591932892,-0.0171010997146368,0.0039281002245843,0.0228007324039936,0.0088269505649805,-0.0016891085542738,-0.0060083759017288,0.0013403672492131,-0.011793584562838,-0.0016891077393665,-0.0047101150266826,-0.0200492218136787,-0.0128640057519078,-0.0107988007366657,0.0034213783219456,-0.0151704065501689,0.0015561576001346,-0.0165887903422117,-0.0087292762473225,-0.0047773881815373,0.0046461960300803,0.0174884852021932,-0.0025627873837947,-0.0001106881536543,0.0008312608115375,-0.010281260125339,-0.0111525608226656,0.0038762148469686,-0.0095645058900117,-0.0132287871092557,0.0014253708068281,-0.0334500335156917,0.003265852574259,-0.0334500335156917,-0.0081164548173546,-0.0335543453693389,-0.0046687484718859,-0.0190614927560091,0.0150811402127146,-0.0008280848851427,-0.0070938263088464,-0.0154481716454029,-0.0119228344410657,-0.0019498914480209,0.01288284920156,-0.0067446380853652,-0.0063135842792689,0.0040844702161848,0.0090575739741325,0.0040844697505235,-0.0178754571825265,-0.0064279343932867,-0.0063216495327651,0.0074016074649989,0.0263814944773912,-0.0099224001169204,-0.0064168875105679,-0.0338247716426849,-0.0364849902689456,0.0136823840439319,-0.0177700314670801,-0.0122302332893013,0.0039280992932617,-0.0051951413042843,-0.0104387896135449,-0.0008114037336781,-0.0023503475822508,-0.0247854851186275,-0.0175969805568456,-0.0174275133758783,0.0006827974575571,-0.0025627873837947,-0.0143993329256773,-0.0331508256494998
3602,-0.0175551138818264,-0.0129864085465669,0.0062669874168932,0.0235712528228759,0.013914942741394,0.0222235471010208,-0.0447319820523262,-0.0172549374401569,-0.0369300991296768,0.015409106388688,-0.0098383352160453,0.0007392393890768,0.0075655374675989,-0.0039118104614317,-0.0060423100367188,0.0123863629996776,0.0185223631560802,-0.0084190815687179,-0.0156105645000934,-0.025040591135621,0.0499224588274955,-0.0047424952499568,0.0109572317451238,0.0059016039595007,-0.0231114290654659,0.0502441972494125,0.058477260172367,-0.0224050339311361,-0.0125220576301217,0.0015332859475165,0.0295438710600137,0.0295141004025936,0.013914942741394,0.0008450722089037,0.0277862027287483,0.0209121815860271,0.0099286586046218,0.000845065631438,0.0061175739392638,-0.0144037697464227,0.0139637496322393,-0.0034404417965561,0.0229510739445686,-0.0172532740980386,0.0474318414926528,-0.0141600118950009,-0.01696721278131,0.0225981194525957,0.0324494652450084,0.0584470182657241,-0.0248495675623416,-0.0056847305968403,0.007334460504353,-0.0021544490009546,-0.0097098285332322,0.010364812798798,-0.0050275176763534,-0.0089350193738937,0.0425567366182804,-0.0156105645000934,0.0070486352778971,-0.0156105617061257,-0.0057137412950396,-0.0053978292271494,-0.0071879490278661,-0.0147427674382925,0.0134851839393377,0.0024093620013445,0.0055505279451608,0.0007392440456897,-0.0108426501974463,0.0142727512866258,0.0127245094627141,0.0206124745309352,0.0072286422364413,0.0289510190486907,0.0092553682625293,0.0289510153234004,0.0220856443047523,0.0033820401877164,0.0098236221820116,0.0171231459826231,0.0446448549628257,5.044974386692047e-05,-0.0053593371994793,-0.01464519277215,-0.0243110004812479,0.0632795095443725,0.0091214291751384,-0.0045030377805233,0.0295438729226589,0.0086539192125201,0.0001939511566888,0.0002802040544338,-0.0121104046702384,-0.0159622095525264,-0.0166821554303169,-0.0003996241721324,-0.0084096817299723,-0.0248495675623416,0.0066288104280829,-0.0281053632497787
3603,-0.0230575669556856,0.0101129254326224,0.0068513667210936,0.0173302758485078,-0.0104920575395226,0.0217851810157299,-0.0299298949539661,-0.0250794272869825,-0.0313849672675132,-0.0040822802111506,0.0155518036335706,-0.0242953523993492,-0.0321288481354713,-0.0242449045181274,-0.0219681896269321,0.0130569729954004,-0.0157796703279018,-0.0146094989031553,-0.0253673158586025,-0.0286892801523208,-0.0124737713485956,0.0047624353319406,-0.0073200669139623,0.0348445884883403,-0.0017992807552218,-0.0110534820705652,-0.0109152505174279,-0.040977619588375,0.0070392740890383,0.0302300062030553,0.0533753633499145,-0.015239292755723,-0.0104920342564582,-0.0097792074084281,-0.0242619439959526,0.0063134022057056,0.0139843029901385,-0.0097792409360408,0.0077484375797212,-0.0115402396768331,-0.0113041633740067,0.0235341731458902,0.020609863102436,0.0117738060653209,0.0065669952891767,-0.0088066477328538,-0.0158677119761705,0.0020444532856345,0.0590490102767944,-0.0149598848074674,-0.0012489061336964,0.0176087133586406,-0.0091320341452956,0.0007476464379578,0.0221972148865461,-0.0101380366832017,0.0019498625770211,0.0039881290867924,0.0039254887960851,-0.0253673121333122,-0.0089286426082253,-0.0253673177212476,-0.0196305941790342,0.0445800870656967,0.0144539065659046,0.0346445143222808,0.0083150267601013,0.0023077768273651,-0.0228040181100368,-0.0242953486740589,0.0319634303450584,0.0076611116528511,-0.0024834726937115,-0.0346021503210067,-0.0239303149282932,-0.0039185704663395,0.0023796847090125,-0.0039185844361782,-0.0299640670418739,0.0285744331777095,0.0059646628797054,0.0034166532568633,-0.0148816155269742,-0.017166431993246,0.0106765795499086,-0.0261823497712612,-0.0567597560584545,-0.0079448698088526,-0.0048624170012772,0.0188286155462265,0.0533753670752048,0.015475483611226,-0.0033425106666982,-0.0101210614666342,-0.0093217492103576,0.0012649097479879,-0.0116834817454218,0.0354542583227157,0.0102271027863025,-0.0012489061336964,0.0140278404578566,-0.0349785350263118
3604,-0.012682806700468,-0.0110665177926421,-0.01882254332304,-0.017299398779869,-0.0046161981299519,-0.0026504138950258,-0.0119130946695804,-0.0193121097981929,-0.0186973288655281,-0.003193013370037,0.0198479183018207,-0.0048480653204023,-0.0122304391115903,-0.0027701114304363,-0.0029612286016345,0.001124421833083,-0.0563858225941658,-0.006430291570723,-0.0079215662553906,-0.0234710816293954,0.024544321000576,0.0175062138587236,-0.0214424654841423,0.0101446295157074,-0.009945897385478,0.0157330185174942,0.0080825304612517,-0.0243617855012416,0.0069261621683835,0.0241109225898981,0.0019573916215449,-0.0120346592739224,-0.0046162074431777,0.0128914518281817,-0.0210556425154209,0.0260545928031206,0.0193411763757467,0.0128914527595043,-0.0175363719463348,-0.0140374395996332,-0.0287826806306839,0.0004148816224187,0.0087313801050186,-0.0099448338150978,0.0256978943943977,-0.012657968327403,-0.0102336294949054,-0.0201242323964834,0.0027001299895346,0.0004476718604564,0.0232816822826862,-0.0193751119077205,-0.0132098086178302,-0.0221211370080709,-0.0098364558070898,0.0048894193023443,0.0112671237438917,-0.0096308821812272,0.0256308950483798,-0.0079215671867132,0.0107445223256945,-0.0079215569421648,-0.0036234590224921,0.0404711365699768,-0.0043547158129513,0.0045796036720275,-0.0164859425276517,0.020027257502079,0.0128285223618149,-0.0048480676487088,-0.0041964733973145,0.1311084330081939,-0.0141186751425266,-0.0188089720904827,-0.0098926126956939,0.0189231522381305,-0.0108473440632224,0.0189231559634208,-0.0678361803293228,0.0065237861126661,0.0134172178804874,-0.0053115813061594,0.0003300383687019,0.0078618982806801,-0.0120728891342878,-0.0069136307574808,-0.0293644480407238,0.0158089008182287,-0.0210468806326389,-0.0106476610526442,0.0019573916215449,-0.0058673326857388,-0.0145835988223552,-0.0072277025319635,-0.0072075994685292,-0.008481103926897,-0.0153769999742507,0.0238408409059047,-0.0085758753120899,0.0232816822826862,0.0177725031971931,-0.0355314239859581
3605,-0.0208868961781263,-0.0061494288966059,-0.0225712526589632,-0.0062419115565717,-0.0012909116921946,0.0157799404114484,-0.0330882146954536,-0.0143799744546413,-0.0317685045301914,-0.0015179393813014,0.0025624458212405,-0.0116456188261508,-0.0182633250951766,-0.0127773871645331,-0.0223606247454881,0.038489855825901,-0.0050212647765874,-0.0242213793098926,-0.0149744600057601,-0.0216080732643604,-0.0135402400046586,0.0175167210400104,-0.0556599423289299,0.0008296500891447,-0.0134533531963825,0.0510511137545108,-0.0201888792216777,-0.0171108618378639,-0.0187040548771619,0.0019859755411744,0.0325190275907516,0.0154819404706358,-0.0012908990029245,-0.0149091063067317,-0.018460301682353,0.0286398120224475,0.0053322920575737,-0.0149091118946671,-0.0195445008575916,-0.0157358404248952,0.000253633596003,-0.0016686745220795,0.0492307618260383,0.003012768458575,-8.64903413457796e-05,-0.0110028404742479,-0.0220912545919418,-0.0213206298649311,0.035816304385662,-0.0262682158499956,0.0263150054961442,-0.020655196160078,0.0004537859931588,0.0044744778424501,0.003289817366749,-0.002068942412734,0.0141604095697402,-0.0014729741960763,-0.0002313881122972,-0.0149744562804698,-0.0102541856467723,-0.0149744544178247,-0.0210969913750886,3.068195655941963e-05,0.0006150492699816,-0.0110133215785026,-0.0106007941067218,-0.012813021428883,-0.0049153584986925,-0.0116456188261508,0.0115586332976818,0.0403550826013088,-0.0059834383428096,-0.0160956643521785,-0.0086664417758584,-0.0007639402756467,-0.0114590404555201,-0.0007639394025318,-0.0127062881365418,0.004881321452558,0.0214743558317422,0.0058266650885343,0.0350771807134151,-0.0103880083188414,0.0048154145479202,-0.0150145422667264,-0.0122256884351372,-0.0099818035960197,-0.0035451124422252,0.0205772221088409,0.0325190313160419,0.0343168452382087,0.0074582365341484,-0.015908746048808,-0.0186633169651031,-0.0051230490207672,-0.0045868912711739,-0.0017728458624333,0.0079742819070816,0.0263150054961442,0.0088348537683486,-0.0326091535389423
3606,-0.0066481190733611,-0.0094139883294701,-0.0155441835522651,-0.0101610068231821,0.0112230982631444,0.0099830357357859,-0.0087063554674386,-0.0039030828047543,-0.0161244664341211,-0.023226860910654,0.0053015789017081,-0.0136182690039277,-0.0131015190854668,-0.0179253816604614,-0.0143562955781817,-0.0105269737541675,-0.0347585976123809,-0.0140913184732198,-0.019535781815648,-0.0075826500542461,0.0135170072317123,0.0051598814316093,-0.0170193035155534,0.0111655695363879,0.0064113545231521,-0.0234407149255275,0.0064562112092971,-0.0117156188935041,-0.0186582040041685,0.0102204736322164,0.0090455804020166,-0.0172247439622879,0.0112230982631444,-0.0160083752125501,-0.0150689017027616,0.008750538341701,0.0095675643533468,-0.0160083696246147,-0.0166671387851238,0.0018240776844322,-0.022297229617834,0.0024862755089998,-0.0063576782122254,0.0219314638525247,0.0076708728447556,-0.0181064158678054,-0.0049240114167332,-0.0144109744578599,0.0083638364449143,0.0028104467783123,-0.001403417205438,-0.0143772214651107,-0.0001225718297064,-0.0268585048615932,-0.0296619981527328,-0.009682866744697,0.0006796587258577,-0.0203749984502792,0.0079873288050293,-0.019535781815648,0.001919338479638,-0.0195357836782932,-0.0089356824755668,0.0136731388047337,-0.0058616199530661,-0.0092577338218688,-0.0139677487313747,-0.0111459651961922,-0.0232518389821052,-0.0136182708665728,0.0401950478553772,0.0543322898447513,-0.0151571175083518,-0.0123460069298744,-0.0147980814799666,0.0081248627975583,-0.0152509454637765,0.0081248665228486,-0.032523326575756,0.010708188638091,0.0152325956150889,0.0107929548248648,-0.0221282560378313,-0.0208751074969768,-0.026980485767126,-0.0179421827197074,-0.0139474142342805,0.0098154740408062,-0.0322229079902172,0.0175698176026344,0.009045572951436,-0.0033696407917886,-0.0135033158585429,-0.0093387886881828,2.5318004190921783e-05,-0.0413008779287338,-0.0157508216798305,0.0137502681463956,-0.011289419606328,-0.001403417205438,-0.0165247712284326,-0.0179788526147604
3607,-0.0203302577137947,-0.0095501141622662,-0.0214562974870204,-0.0003214122261852,0.0036544916220009,0.0105568328872323,-0.0216848496347665,-0.0312023125588893,-0.0081278663128614,-0.0038777661975473,-0.0141108492389321,-0.0275567732751369,-0.015671195462346,-0.0262888595461845,-0.0132449269294738,-0.012973359785974,0.0033869033213704,-0.0098699554800987,-0.0041687088087201,-0.0326614715158939,0.001780146267265,0.0084680682048201,-0.014161217957735,-0.0107206413522362,-0.0138132665306329,0.0038783648051321,-0.0113473627716302,-0.0442593917250633,-0.0365009680390358,-0.0155555848032236,0.0159335732460021,-0.0072317821905016,0.0036544813774526,-0.0110310688614845,-0.0224295761436224,0.0062799965962767,-0.0131738595664501,-0.0110308267176151,-0.0266598388552665,-0.0196572262793779,-0.006109825335443,-0.0104723572731018,-0.0095304362475872,-0.0078360456973314,-0.0148988720029592,-0.0158799812197685,-0.0128229111433029,-0.024854764342308,0.01691659912467,-0.0155458487570285,0.0317762494087219,-0.0239539127796888,-0.0039867451414465,-0.0053664306178689,0.0190142095088958,0.0147010050714015,0.0054072206839919,-0.0023629567585885,-0.0163654685020446,-0.0041687074117362,0.0411027744412422,-0.0041687106713652,0.0185680482536554,-0.0281260218471288,0.0132430111989378,0.0423777177929878,-0.0058660125359892,-0.0259880702942609,0.0244051683694124,-0.0275567714124918,0.0049441079609096,0.0747038647532463,-0.0124802179634571,-0.0184312313795089,-0.023270359262824,-0.0152207370847463,-0.0038541951216757,-0.0152207370847463,-0.0048422208055853,-0.0075131426565349,0.0011683122720569,0.0073820129036903,0.0006329696625471,0.0027704092208296,0.0005141966976225,-0.0041801501065492,-0.057963877916336,-0.0148961758241057,-0.0149385137483477,-0.0083639938384294,0.0159335695207119,-0.0131898801773786,-0.0054510487243533,0.0087378351017832,-0.0052841482684016,-0.0229454021900892,-0.0173680465668439,-0.0175182484090328,0.0010904381051659,0.0317762494087219,-0.0169798135757446,-0.03271509334445
3608,0.0057618943974375,0.017737902700901,0.03223267942667,0.0030740473885089,0.0202178321778774,0.0040789721533656,0.0199389047920703,-0.0020419170614331,0.0194479189813137,0.0024826088920235,-0.0170544479042291,0.0055908043868839,0.0306024700403213,0.0158429685980081,0.0357662290334701,-0.0012830416671931,-0.0057897046208381,0.0403952375054359,0.0180695243179798,-0.0019451116677373,0.036531489342451,0.0276714358478784,0.1231182888150215,0.0183614902198314,0.0164260193705558,0.0029951492324471,0.0251815766096115,-0.011483134701848,0.028709914535284,-0.0071931662969291,-0.0130496965721249,0.0092284847050905,0.0202178247272968,0.0039555835537612,0.0264954529702663,0.0083401249721646,0.0069872196763753,0.0039554904215037,0.0259393099695444,-0.0012185311643406,0.013041304424405,0.0192710850387811,-0.0160114392638206,0.0378196239471435,-0.03599663823843,0.0180584173649549,0.0042215101420879,0.0275068320333957,-0.020020505413413,0.040254820138216,0.0454689115285873,0.029564457014203,0.0084549821913242,-0.0106960944831371,-0.0075476840138435,0.0088184727355837,0.0269982852041721,-0.0014457567594945,-0.0331854186952114,0.0180695205926895,0.0183205436915159,0.0180695243179798,0.0164178684353828,-0.0729125216603279,0.0040120352059602,0.019438199698925,0.0008230954408645,0.0185008477419614,-0.0142905265092849,0.0055907913483679,0.0502493865787982,0.0252654291689395,0.024029154330492,0.0253069512546062,0.0077522108331322,-0.0191907100379467,0.0026558837853372,-0.0191906802356243,0.0006428835913538,0.0125251170247793,0.0227725636214017,0.016360955312848,0.0074579147621989,8.779973722994328e-05,-0.011100466363132,0.0193690862506628,-0.0122481919825077,-0.0053881341591477,0.0210774093866348,0.0317622870206832,-0.013049834407866,0.0079779615625739,0.003967918921262,0.0105844708159565,0.0100683439522981,0.0333573333919048,0.001527379383333,-0.0072838515043258,-0.0076961410231888,0.0454689115285873,0.0317627824842929,0.0074118813499808
3609,-0.0204347781836986,-0.0023546807933598,-0.0061104255728423,-0.0078719984740018,-0.0018603010103106,0.0005629858933389,-0.0250917039811611,-0.014227733016014,-0.030953362584114,-0.0028237299993634,-0.0044083762913942,-0.0294657088816165,-0.0034626959823071,-0.0264155808836221,-0.0170759484171867,-0.0068960930220782,-0.0095084076747298,-0.0103881256654858,-0.0165301039814949,-0.0195110496133565,-0.0081425681710243,-0.0099394936114549,-0.0194380972534418,0.0122959120199084,-0.021411195397377,0.032435055822134,-0.0101212263107299,-0.0141794374212622,-0.011568147689104,0.0174635425209999,0.0049175210297107,0.018353771418333,-0.0018604769138619,-0.0049093109555542,0.0015457585686817,-0.0007783450419083,-0.0100234095007181,-0.0049092415720224,-0.011410011909902,-0.0192936193197965,-0.0225046016275882,0.0041162287816405,0.0032159802503883,-0.0114034917205572,0.0033908099867403,-0.0161869227886199,-0.0248850248754024,-0.0044689136557281,0.0057798577472567,-0.0140863768756389,-0.0096476962789893,-0.0084447246044874,0.0158500075340271,0.0035579307004809,0.0159987043589353,0.001182171748951,-0.0136229675263166,-0.0009346094448119,0.0048238970339298,-0.01653010584414,0.0053676846437156,-0.0165301077067852,-0.006477003917098,0.0116336271166801,0.0122610982507467,0.0055924500338733,-0.0119838379323482,-0.0011008300352841,-0.0243355352431535,-0.0294657051563262,-0.0054958811961114,0.0191588848829269,0.0050934273749589,0.0022328358609229,-0.0190651975572109,0.004018762614578,-0.011839834973216,0.0040187961421906,-0.0283308140933513,0.0146342869848012,-0.0038082767277956,-0.0020341274794191,0.0295219346880912,-0.0145780406892299,0.0104848211631178,-0.0163691509515047,-0.003791986964643,-0.0041814735159277,-0.0364119336009025,-0.0096013713628053,0.0049175219610333,-0.0090888030827045,-0.005373126361519,-0.0094769597053527,-0.022130474448204,-0.0493935495615005,-0.0112563613802194,0.0142488135024905,0.0159702319651842,-0.0096476962789893,-0.0324365720152854,-0.0257486701011657
3610,-0.0038531937170773,-0.0246896632015705,-0.0156489182263612,-0.0236096065491437,0.0002526885364204,-0.0112301995977759,-0.007233798969537,-0.0026398177724331,-0.0144187603145837,-0.0261746495962142,-0.0083980578929185,0.0102100782096385,-0.0116273686289787,0.0028744193259626,-0.0016472475836053,-0.0393447391688823,-0.0309430323541164,-0.0062520876526832,-0.0322907157242298,-0.0062709753401577,0.0007342161261476,1.8561258912086487e-05,-0.0066248290240764,-0.006578482221812,0.0019033941207453,-0.0355501808226108,-0.002534402301535,-0.0109189115464687,-0.0151024106889963,-0.0073601258918643,-0.0243160407990217,-0.0236574243754148,0.0002526917960494,-0.018439607694745,-0.0187496487051248,-0.0229367762804031,-0.0018528024666011,-0.0184396095573902,-0.0153708690777421,0.0042399852536618,-0.0114181190729141,-0.0159060209989547,-0.0414347723126411,0.0098697785288095,-0.0144443260505795,-0.0191683117300272,-0.0008764453232288,-0.0225101113319396,-0.0261539109051227,0.0010350733064115,0.000896428595297,-0.0154961356893181,-0.0103682503104209,-0.0315887369215488,-0.0487988553941249,-0.0080138128250837,-0.0019309390336275,-0.028931900858879,-0.0135791804641485,-0.0322907119989395,0.0108854826539754,-0.0322907119989395,-0.0015258933417499,-0.0115293264389038,-0.0252052079886198,-0.0365091897547245,-0.0241018123924732,-0.0132091790437698,-0.0228306427597999,0.0102100307121872,0.0234733875840902,-0.0046935584396123,-0.0156442876905202,-0.0128166368231177,0.0025115774478763,-0.0088885324075818,-0.0202380195260047,-0.0088885221630334,-0.0157981179654598,-0.0083500668406486,-0.0080283917486667,-0.0036477991379797,-0.0329213738441467,-0.0233411490917205,-0.0391180627048015,-0.0317597091197967,-0.0125576118007302,-0.0049029099754989,-0.01292728446424,-0.0003194680903106,-0.0243160407990217,-0.0302679762244224,-0.0155310165137052,-0.0086057214066386,0.0057491189800202,-0.0162605568766593,-0.0158947687596082,-0.0067317951470613,-0.026055671274662,0.000896428595297,-0.0055465148761868,-0.0164911448955535
3611,-0.0285694748163223,-0.0065515129826962,-0.0149456318467855,-0.016941700130701,0.0018033613450825,0.0008339153137058,-0.0162041746079921,-0.0253577306866645,-0.026106871664524,-0.0158768575638532,0.0327219888567924,-0.0306853391230106,-0.0124877719208598,-0.0293806158006191,-0.0137508828192949,-0.0043844161555171,-0.022066006436944,-0.0121542252600193,-0.0100078023970127,-0.0268110744655132,0.0108780451118946,0.021063121035695,0.0053520184010267,0.0190502554178237,-0.0087628662586212,-0.021099179983139,0.0163642931729555,-0.0406628362834453,-0.0085288947448134,0.0342648811638355,0.0016372564714401,-0.0158616658300161,0.0018033538945019,-0.0104827191680669,-0.0157807990908622,-0.0007305636536329,0.0205995980650186,-0.0104827173054218,-0.0195688568055629,-0.0171252693980932,-0.0105166286230087,0.0069779334589838,0.0019973188173025,-0.017291247844696,0.0340448319911956,-0.0207669828087091,-0.0256189219653606,-0.0235175732523202,0.0026432345621287,0.012896429747343,0.0223420243710279,-0.0133437421172857,0.0247285421937704,-0.0058679655194282,0.0048297988250851,-0.0075102499686181,0.0165246091783046,0.0023069349117577,0.0318163484334945,-0.0100078023970127,0.0101050939410924,-0.0100078042596578,-0.0051597133278846,0.0685969889163971,0.0279618501663208,0.0158040672540664,-0.0173089150339365,-0.0037595371250063,-0.0100834388285875,-0.0306853298097848,-0.0183882489800453,0.0101046692579984,-0.0119005888700485,-0.0119815878570079,-0.0284934602677822,0.0228028856217861,-0.0139220366254448,0.0228028874844312,-0.0255284681916236,0.022901315242052,-0.0079017058014869,-6.940017192391679e-05,-0.0206158217042684,-0.0096658198162913,0.0066142524592578,-0.0093983709812164,-0.0495798289775848,0.0228905230760574,-0.0113470880314707,-0.0158965270966291,0.0016372619429603,-0.0084514524787664,3.903178730979562e-05,-0.0098879439756274,-0.0237062163650989,-0.0140991481021046,-0.0073129963129758,0.0347078926861286,0.0265453997999429,0.0223420243710279,0.0068583022803068,-0.0358325019478797
3612,-0.0150521779432892,-0.0097917839884758,-0.0078381057828664,0.0076230484992265,0.0048991562798619,0.0076091983355581,-0.045077659189701,-0.018567657098174,-0.0104551957920193,-0.0004934653406962,-0.0088570863008499,0.0041879969649016,-1.4530378393828867e-05,0.004528276156634,0.0029796226881444,-0.0172229167073965,-0.0073615596629679,-0.0007290161447599,-0.0155684379860758,-0.0274696666747331,0.0225067771971225,0.0027809748426079,0.010376064106822,-0.0134709300473332,-0.0293361116200685,-0.0028918806929141,0.0144309373572468,-0.0166653059422969,-0.0182865820825099,-0.0123746944591403,0.0109423883259296,-0.007877898402512,0.0048991562798619,0.0090347044169902,-0.0052005555480718,0.0005057456437498,-0.0033160476014018,0.009034457616508,-0.0076401522383093,-0.019637182354927,-0.0090652564540505,-0.0153980515897274,-0.0172368288040161,-0.0216030050069093,-0.0144912414252758,-0.0030460678972303,-0.0158837735652923,-0.0123591674491763,0.0123000349849462,0.0139664839953184,0.0090960636734962,-0.0080475406721234,0.0152245517820119,-0.0574614889919757,-0.0413980521261692,0.0012336251093074,-0.0005942352581769,-0.05539196357131,-0.0179054047912359,-0.0155684426426887,0.0110912891104817,-0.0155684389173984,-0.003368585370481,-0.0154885984957218,0.0063406908884644,-0.0364634916186332,0.002331459429115,-0.0031015519052743,0.0315305292606353,0.004187986254692,-0.0156885795295238,0.0581196770071983,-0.0057178530842065,0.0005666685756295,-0.0002944064326584,-0.0185583289712667,0.001281845383346,-0.0185583177953958,-0.0153614711016416,-0.007263159379363,0.0005373756866902,0.0052664270624518,-0.0079637970775365,0.0125240432098507,-0.0418898686766624,-0.0149092003703117,-0.0111571252346038,0.0052069039084017,-0.0154396705329418,-0.0135687785223126,0.0109423883259296,-0.0177488140761852,-0.0447906702756881,-0.0020534719806164,-0.0112392790615558,-0.0221996884793043,-0.0624197721481323,-0.0151309203356504,-0.0071837240830063,0.0090960636734962,-0.0103154201060533,-0.0346593633294105
3613,-0.0173200592398643,-0.0018235540483146,0.0040693595074117,-0.0241860374808311,-0.009547809138894,-0.0134574500843882,-0.004685653373599,-0.0186354611068964,-0.0186765119433403,-0.0021426421590149,-0.0317849852144718,0.0076795881614089,-0.0108523350208997,0.0037614020984619,-0.0056108408607542,-0.0200744532048702,-0.0030513829551637,0.0012410022318363,-0.0195786990225315,-0.022158820182085,0.0094306105747818,-0.0085844527930021,-0.000743294134736,0.0054969992488622,-0.0121006239205598,0.0287553891539573,0.0060565266758203,-0.022154476493597,-0.0037350170314311,-0.0182709731161594,-0.0166039038449525,0.022676171734929,-0.0095478165894746,-0.0029310812242329,-0.008308483287692,5.6519871577620506e-05,-0.0238422956317663,-0.0029310653917491,0.0014785436214879,-0.0201947186142206,-0.0055709900334477,-0.0002448081504553,-0.0088605163618922,0.0125232776626944,0.018391391262412,-0.0027247869875282,-0.0199169274419546,-0.0054066460579633,-0.0170414559543132,0.0011093048378825,0.0038160204421728,0.0034525068476796,-0.0027130590751767,-0.0081176068633794,-0.0064564105123281,0.0027994259726256,-0.0088582905009388,-0.0103494385257363,0.0188904050737619,-0.0195786990225315,0.0088817812502384,-0.0195787027478218,-0.0041078282520174,-0.0526605173945426,-0.0033725334797054,-0.0144143542274832,-0.0238601882010698,-8.288433309644461e-05,-0.0141629967838525,0.0076795648783445,0.0314225107431411,0.0431105904281139,0.0145026221871376,-0.0085524739697575,0.0120533891022205,0.0113520538434386,-0.0173005759716033,0.0113520305603742,-0.0026019376236945,0.0006474622059613,0.0030309783760458,-0.0116576831787824,0.0290583968162536,-0.010386255569756,-0.004183564800769,-0.0200880877673625,-0.0138178057968616,0.009634556248784,-0.0098062828183174,-0.0013609344605356,-0.0166039019823074,-0.0197351686656475,-0.0089685097336769,-0.0119640761986374,-0.0131399631500244,-0.0165441632270813,-0.0137194478884339,-0.0159702729433774,5.692319246008992e-05,0.0038160204421728,-0.0132163297384977,-0.0315363258123397
3614,-0.0077050081454217,-0.0219007991254329,0.0009519848972558,0.0110898185521364,0.0007060565403662,-0.0015609881374984,-0.0331179313361644,-0.0060126651078462,-0.0172563306987285,0.0143603207543492,0.0288032703101634,-0.0025191127788275,-0.0145795196294784,-0.0044130659662187,-0.0023992373608052,-0.0167746376246213,-0.002901445608586,0.0084931533783674,-0.0187854468822479,-0.0161212012171745,-0.0042329374700784,0.0052282540127635,0.0198886953294277,-0.0081434585154056,-0.0258725024759769,0.0372012443840503,0.0122453598305583,0.0017858007922768,-0.002455644775182,0.0256297346204519,-0.0026658391579985,0.0264031738042831,0.0007060317439027,-0.0136443898081779,-0.0203246064484119,-0.0267599858343601,-0.002446757396683,-0.0136444214731454,-0.0060721123591065,-0.0137333907186985,-0.0025977545883506,-0.0126673877239227,-0.0191166549921035,-0.0221487674862146,0.006653013639152,-0.0171124767512083,-0.0127670643851161,-0.0207629948854446,-0.0026236325502395,0.0133337816223502,0.0167877115309238,0.0012929602526128,0.0095968917012214,-0.0032657666597515,0.0003912597894668,0.0100206695497035,0.0034568211995065,-0.0060687032528221,0.0051869349554181,-0.0187854468822479,0.0087036322802305,-0.0187854450196027,-0.0026721602771431,0.0784356594085693,0.0111151877790689,-0.011921701952815,0.0080101611092686,-0.0048591140657663,-0.0284479558467865,-0.0025191139429807,-0.0228909216821193,-0.0728285610675811,0.0175469070672988,-0.0171573627740144,0.0038457112386822,0.0007944655371829,0.0070587005466222,0.0007944529643282,-0.0055904341861605,-0.0013103336095809,-0.0212393403053283,-0.0010294209932908,0.0346345528960228,-0.019375991076231,0.0051447595469653,-0.0187800452113151,0.0156058482825756,0.0112090706825256,-0.0032653249800205,-0.0176028795540332,-0.0026658400893211,-0.0172172896564006,-0.0047460026107728,0.0002728264662437,-0.011197168380022,-0.0045779161155223,-0.0136301070451736,0.0227286927402019,0.0176952667534351,0.0167877115309238,-0.0049622822552919,-0.02759307064116
3615,-0.0078830169513821,-0.0081748189404606,-0.0414195470511913,-0.0269376188516616,0.0064640962518751,0.0095035126432776,-0.0257423315197229,-0.0207377914339303,-0.0166802369058132,-0.0198219735175371,0.0041187759488821,-0.0158483926206827,-0.0107549205422401,-0.0152161447331309,-0.0056408066302537,-0.0259435940533876,0.0022987239062786,-0.0163604449480772,-0.0101065598428249,-0.0285175293684005,-0.0104816034436225,0.0098136188462376,-0.0033658291213214,0.0108104208484292,-0.0311047695577144,0.0098582347854971,-0.0146907307207584,-0.0136637547984719,0.0324969664216041,0.0073499716818332,0.0113065186887979,-0.0113107254728674,0.0064640981145203,0.0442332588136196,-0.0150446090847253,-0.0179769899696111,-0.0093859219923615,0.0442332625389099,-0.0439682118594646,-0.0259638056159019,-0.0019124390091747,0.0043719359673559,-0.0271947309374809,-0.0159288570284843,-0.0025227623991668,-0.014132740907371,-0.0086390720680356,-0.0347110107541084,0.0116814542561769,-0.0126027753576636,0.0166143104434013,-0.0602578073740005,-0.0045218570157885,-0.0008249500533565,0.0200180634856224,0.0063319597393274,0.0083067463710904,-0.0023177219554781,0.0003119278699159,-0.0101065561175346,0.0249873101711273,-0.0101065579801797,0.0055771134793758,0.0047097373753786,0.0089396070688962,0.0057584270834922,-0.0298314020037651,0.0383389666676521,0.0415956862270832,-0.0158483907580375,-0.0083395820111036,0.0048980489373207,-0.0234232321381568,-0.0122756175696849,-0.0101332459598779,0.0062184138223528,-0.0257527399808168,0.0062184119597077,-0.010660421103239,0.0078981909900903,-0.0150940315797925,0.0084151122719049,0.0109292287379503,0.0349433831870555,0.0113261807709932,-0.0106069128960371,-0.006562010385096,-0.0117830149829387,-0.0008863741531968,-0.0168150663375854,0.0113065224140882,-0.024179246276617,-0.0021672835573554,-0.0071196909993886,-0.0040059816092252,0.0037796339020133,-0.0168186128139495,0.0113779399544,0.0100661795586347,0.016617551445961,0.0033326144330203,-0.0322201922535896
3616,-0.0167494677007198,-0.0047235628589987,-0.0118061462417244,0.0150541272014379,-0.0033065134193748,0.0103017799556255,-0.0357406511902809,-0.0174762960523366,-0.0258917473256587,0.0023007655981928,0.023903863504529,-0.011854656971991,-0.0244389381259679,-0.0133100897073745,-0.0161198172718286,0.0020949058234691,0.0024185753427445,-0.012157185934484,-0.015865035355091,-0.0245033968240022,-0.0119362352415919,0.0111095113679766,-0.0226285085082054,0.0129456268623471,-0.0067569995298981,0.012269677594304,-0.0053176083602011,-0.02705586142838,-0.0028543611988425,0.023248441517353,0.0244383048266172,0.0036644588690251,-0.0033065094612538,-0.0380709171295166,-0.0234502181410789,-0.0048714694567024,0.0236227326095104,-0.0380709134042263,-0.013174295425415,-0.0110705289989709,0.0031343756709247,0.0022889832034707,0.0024790726602077,0.0118905622512102,0.0116305761039257,-0.0107153803110122,-0.0132768061012029,-0.014523159712553,0.0268457494676113,-0.0099931443110108,-0.0009128150413744,-0.0127984192222356,-0.0029633054509758,0.011777888983488,0.0302811432629823,-0.0065145846456289,0.0087523721158504,0.00703592505306,0.0090851783752441,-0.0158650372177362,-0.0090777017176151,-0.015865035355091,-0.0181836355477571,0.0561735853552818,0.0142173068597912,0.0260516628623008,0.0079173678532242,-0.0158996246755123,-0.0566871166229248,-0.0118546597659587,0.0347029715776443,-0.0147484391927719,-0.0033878169488161,-0.0251351334154605,-0.0075167389586567,0.0022491856943815,0.0020527965389192,0.0022491805721074,-0.0135098658502101,0.011340151540935,0.0012815853115171,0.0020799781195819,0.011522851884365,-0.0425223857164382,0.0186761394143104,-0.0161959063261747,-0.031642809510231,0.0018893863307312,0.0078684594482183,0.0174989663064479,0.0244383066892623,0.0075406548567116,0.0056103467941284,-0.0102440305054187,-0.0056131165474653,0.0087895803153514,-0.0097349705174565,0.0248486250638961,0.0159564539790153,-0.0009128150413744,0.0243372283875942,-0.0316068120300769
3617,-0.0259633380919694,0.0064558489248156,-0.0068094739690423,-0.0079506356269121,-0.0202978141605854,-0.0137606281787157,-0.0239887200295925,-0.0288827642798423,-0.0325985923409462,0.0003570412518456,-0.0036681636702269,-0.0263589657843112,-0.026407541707158,-0.0160776078701019,-0.0102760642766952,-0.0007143979892134,-0.0442460142076015,-0.0019249545875936,-0.0074431179091334,-0.032011330127716,0.0185843743383884,-0.0002908894675783,0.010555075481534,0.0013697813265025,-0.0142010934650897,0.0115080662071704,0.0034237927757203,-0.0351472795009613,0.0040327012538909,-0.0018150907708331,-0.0077168620191514,0.0044694761745631,-0.0202978178858757,0.0112758493050932,-0.0282390192151069,0.0171319413930177,-0.0068195890635252,0.0112758474424481,-0.0100503005087375,-0.0263613350689411,-0.033087208867073,0.0012860586866736,0.0037073851563036,0.0089685227721929,-0.0111861079931259,0.0018501442391425,-0.024802628904581,-0.0146591067314147,-0.0080170575529336,0.0020528687164187,0.006460023112595,-0.0091502135619521,-0.0267175622284412,-0.007005616556853,-0.0112888645380735,0.0001495132164563,-0.0043655694462358,-0.0037278679665178,-0.0126501247286796,-0.0074431179091334,0.0086039267480373,-0.0074431193061172,-0.0043339664116501,0.0016307570040225,-0.0172280650585889,-0.0173801947385072,-0.0082233287394046,0.0088478485122323,0.012472465634346,-0.0263589601963758,0.0183304715901613,0.0900684297084808,-0.0005627281498163,-0.0331236608326435,-0.020202899351716,-0.0176273174583911,-0.0053735803812742,-0.0176273137331008,-0.053842656314373,-0.0002081271959468,0.0213278718292713,-0.0166127011179924,0.0093279834836721,0.0087699899449944,-0.0054035754874348,-0.0068656685762107,-0.036873560398817,-0.004285080358386,-0.0317486561834812,0.0171227697283029,-0.0077168634161353,0.0036825940478593,-0.0047999173402786,-0.0063595767132937,-0.0210603475570678,-0.0237070694565773,-0.0013776193372905,-0.0019725486636161,-0.0111083844676613,0.006460023112595,-0.0120649114251136,-0.0378111340105533
3618,-0.0214260574430227,-0.011208158917725,0.0054124370217323,-0.0300955343991518,-0.0110498638823628,-0.0069756591692566,-0.0357991009950637,-0.0279693957418203,-0.0245273523032665,0.0022153691388666,-0.0115436520427465,-0.017982717603445,-0.0175706036388874,-0.0189536958932876,-0.0113149033859372,0.0087896846234798,-0.004932889714837,0.0087623260915279,-0.0286686923354864,-0.0335677415132522,0.0043211346492171,0.0005513192154467,-0.014699250459671,0.0117139900103211,-0.0309455320239067,0.0711080282926559,0.0014427559217438,-0.030912447720766,0.0023900307714939,0.003225106280297,-0.0029883030802011,0.0502460412681102,-0.0110498638823628,-0.0023065609857439,-0.0174039136618375,0.0143873170018196,-0.0072005703113973,-0.0023066420108079,-0.0070518292486667,-0.0268569700419902,-0.0014483485138043,-0.0014474736526608,0.0213317442685365,-0.0219756085425615,0.0073590367101132,-0.0216647349298,-0.021023154258728,-0.0160325467586517,-0.0027159773744642,-0.0028238194063305,0.004294968675822,0.0018330321181565,-0.0205444823950529,-0.0160774178802967,-0.0229938123375177,0.0114248394966125,-0.0010411486728116,-0.0221010614186525,0.0051976745016872,-0.0286686904728412,0.0095759639516472,-0.0286686960607767,-0.0046039610169827,-0.0149058531969785,-0.0258727222681045,-0.0270622316747903,-0.0296091958880424,0.0076837632805109,-0.0261449143290519,-0.0179827213287353,-0.0159122347831726,0.0376574844121933,0.0300351046025753,-0.0174589548259973,-0.0025566658005118,-0.0027053202502429,-0.0218445435166358,-0.0027052951045334,-0.000802919268608,0.0016845292411744,0.0003881582233589,-0.009094625711441,0.0676230564713478,-0.0154513381421566,-0.0224854666739702,-0.028271846473217,-0.0311894863843917,0.0044862516224384,-0.0084942951798439,-0.0160750485956668,-0.0029883033130317,0.0005856234347447,-0.0088095255196094,-0.0127568757161498,-0.0161469392478466,-0.0207385756075382,-0.0179024506360292,0.0049274517223238,-0.0241940859705209,0.004294968675822,-0.008569024503231,-0.0346238017082214
3619,-0.022817151620984,0.0257975384593009,-0.01910369284451,-0.0068488637916743,-0.0013415155699476,0.0046422658488154,-0.0437845923006534,-0.0110163167119026,-0.0189294759184122,0.0077074039727449,-0.0085594970732927,-0.019870575517416,-0.0433407798409462,-0.0139227928593754,-0.0246636345982551,-0.0021216957829892,-0.0119847562164068,-0.012767887674272,-0.0029932048637419,-0.0175144672393798,-0.0156138343736529,-0.0057007768191397,-0.0233225971460342,0.008730936795473,-0.0098004192113876,0.032329723238945,-0.0220656413584947,-0.0207694619894027,0.0031428632792085,-0.0004714037058874,0.0095758521929383,0.0183881074190139,-0.0013415130088105,0.0068087112158536,-0.0522442162036895,-0.0014674991834908,-0.0139758642762899,0.006808731239289,-0.0218991078436374,-0.0067934682592749,-0.0132333151996135,0.016651039943099,-3.305607242509723e-05,-0.0064697847701609,-0.0193014238029718,0.0165269616991281,-0.0240528788417577,-0.04080081731081,0.010939598083496,-0.0237252376973629,0.0086290687322616,-0.0129553126171231,-0.0290429033339023,-0.0003747679293155,0.0073501821607351,-0.0025635857600718,-0.0068701421841979,-0.0053797224536538,-0.0187429934740066,-0.0029931957833468,-0.008733682334423,-0.0029931892640888,-0.0147551773115992,-0.0042868237942457,-0.0119322091341018,-0.0069431001320481,-0.0054609738290309,0.0025728028267621,0.0155202727764844,-0.019870575517416,0.0046639055944979,0.0189292281866073,0.0026850681751966,-0.0487532578408718,-0.0124349687248468,-0.0147748133167624,-0.0025026572402566,-0.014774814248085,-0.0263072680681943,0.0098103657364845,0.0011940897675231,0.001500635058619,0.0275044292211532,0.0077947564423084,0.0014599354472011,-0.002470267470926,-0.0216996781527996,-0.0218350011855363,-0.005278468132019,0.0051479646936059,0.0095758493989706,0.0010390719398856,-0.0078110196627676,-0.010577080771327,-0.0203866995871067,0.0077347080223262,-0.0111256251111626,0.0020522084087133,-0.0081314267590641,0.0086290687322616,0.0014542252756655,-0.0236745811998844
3620,-0.0180600918829441,-0.0008670219103805,-0.0194403007626533,-0.0043435986153781,-0.0144296009093523,-0.0019029056420549,-0.0241374615579843,-0.0091254813596606,-0.0206833481788635,-0.0097713507711887,-0.0099944528192281,-0.0071345921605825,-0.0295061357319355,-0.0101804491132497,-0.0209826920181512,-0.0137377297505736,-0.0007413307321257,-0.0167016126215457,-0.0185067225247621,-0.0147959720343351,-0.0192010663449764,-0.0121678784489631,-0.0176450703293085,-0.0010198369855061,-0.0135955931618809,0.0126531589776277,-0.0121353603899478,-0.0129831153899431,-0.0187633298337459,-0.0003521415055729,0.0095754750072956,0.0078350063413381,-0.0144296092912554,-0.017114108428359,-0.0327285453677177,-0.024804389104247,0.0002006986178457,-0.0171140804886817,-0.0203079544007778,-0.0094432430341839,-0.0039422316476702,-0.0020122723653912,-0.0162468273192644,-0.0172532312572002,-0.0207135751843452,-0.0044580781832337,-0.0211797319352626,-0.0311453696340322,0.0108501240611076,-0.0085857613012194,-0.0223882477730512,-0.0177931208163499,-0.0178457051515579,-0.0062674493528902,0.0058706291019916,-0.0049770907498896,-0.0120764253661036,-0.010039827786386,-0.0205686092376709,-0.0185067187994718,0.0001515838084742,-0.018506720662117,-0.0115264104679226,-0.0059200767427682,-0.0075473971664905,0.0106195770204067,-0.0084187295287847,-0.0149401603266596,-0.0128765823319554,-0.0071345935575664,-0.018759585916996,-0.0634035095572471,-0.0046215150505304,-0.0305038057267665,-0.0035744269844144,-0.0193536505103111,-0.010480036959052,-0.0193536505103111,-0.0070727542042732,-0.0003292448818683,-0.0211816895753145,-0.0082195559516549,0.012027152813971,-0.0167108085006475,-0.0060436399653553,-0.0178879238665103,-0.0084348302334547,-0.0119653809815645,-0.0029918153304606,-0.0135445371270179,0.0095754750072956,-0.012373074889183,-0.011293969117105,-0.0100368773564696,-0.0180561579763889,-0.0059051439166069,-0.0186933428049087,-0.0028571248985826,-0.0107981087639927,-0.0223882477730512,0.0013592008035629,-0.0242083650082349
3621,-0.0077283172868192,-0.0148362917825579,-0.006202588789165,-0.0096210185438394,0.0011629340006038,0.0066371667198836,-0.0349876806139946,-0.0203388966619968,-0.0265159793198108,-0.0066515039652585,-0.0205726139247417,-0.0096383681520819,-0.0141857657581567,-0.0075902012176811,-0.0028170365840196,0.0024894326925277,-0.0420407392084598,-0.0011200679000467,-0.0170071553438901,-0.0287240426987409,-0.0049137631431221,0.0008832245366647,-0.0069628097116947,-0.0077152103185653,-0.0291654765605926,0.0034654992632567,-0.0111715197563171,-0.0202339142560958,-0.0111318845301866,-0.018392514437437,0.01188750192523,-0.0016587254358455,0.0011629348155111,-0.0009186755632981,-0.011978767812252,0.0043582865037024,-0.0153648480772972,-0.0009187122341245,-0.009552645497024,-0.019438661634922,-0.0295698400586843,-0.0104945348575711,0.0153954466804862,-0.0328281484544277,-0.0017138416878879,-0.0128623135387897,-0.0051581328734755,-0.0150156617164611,0.010242092423141,-0.0109751131385564,0.0188933350145816,-0.0142028592526912,-0.0200702976435422,-0.0188734699040651,-0.0191882830113172,-0.0100972838699817,-0.0036052272189408,-0.0163420308381319,0.0003780027618631,-0.0170071553438901,-0.0168384611606597,-0.0170071478933095,-0.0215564705431461,-0.0386813282966613,-0.0223350897431373,-0.0296077411621809,-0.0111224418506026,-0.009178165346384,0.0231463387608528,-0.0096383690834045,-0.0347613170742988,0.0249262284487485,-0.0017457940848544,-0.0144858490675687,-0.0071726711466908,0.0037802120205014,-0.0112858824431896,0.0037802150472998,-0.0520656071603298,-0.0126368319615721,-0.012085173279047,0.0048362594097852,0.0032340381294488,0.0050376579165458,-0.0141544668003916,-0.0167515911161899,-0.0229978412389755,-0.0086817489936947,-0.0200796090066432,-0.0246618147939443,0.0118875000625848,-0.0042336084879934,-0.0151322288438677,-0.0175401736050844,-0.0002540503337513,-0.0046639000065624,-0.0143074253574013,-0.0167098119854927,-0.0182711258530616,0.0188933350145816,-0.0025049359537661,-0.0308193303644657
3622,-0.0117393555119633,-0.0142318084836006,-0.0035821832716464,-0.0091339563950896,0.0128118600696325,0.0075511690229177,-0.0374313741922378,-0.0221239179372787,-0.007264937274158,0.0066408063285052,-0.0071332133375108,-0.0280766226351261,0.0190865322947502,-0.0253897402435541,0.0020533730275928,-0.016452370211482,-0.6333110928535461,0.0019860239699482,0.0067377178929746,-0.0311784148216247,-0.0088713588193058,-0.0023164968006312,0.0068669645115733,-0.0076331561431288,-0.0282204933464527,0.0199796557426452,-0.0004895427264273,-0.0198364853858947,-0.0192166231572628,-0.0024412884376943,0.0017416474875062,0.00329249817878,0.0128118637949228,-0.0357202216982841,0.0200297478586435,-0.0180861670523881,-0.0246985033154487,-0.0357202216982841,-0.0105431713163852,-0.0268314331769943,-0.2021433562040329,-0.010517212562263,-0.0158824063837528,-0.0113338502123951,0.0197382122278213,-0.0185991302132606,-0.0146000767126679,0.0043060965836048,0.0007513181190006,-0.0033617727458477,0.0229163877665996,-0.0103475553914904,0.0244694016873836,-0.688406229019165,-0.8079070448875427,0.0164133161306381,-0.0027308741118758,-0.2827511131763458,0.017508789896965,0.0067377216182649,0.0333286151289939,0.00673772348091,0.0156084019690752,0.0031001041643321,0.0251743700355291,0.0437513589859008,-0.0082482937723398,-0.0282447710633277,-0.0386105850338935,-0.0280766189098358,0.0027455587405711,-0.0221225693821907,-0.0002636325079947,0.0238343328237533,-0.0220880936831235,0.0132201137021183,-0.002174187451601,0.0132201164960861,-0.0018817540258169,-0.0021496016997843,-0.0157607775181531,0.0109583502635359,0.0141180967912077,-0.0306041855365037,-0.6738277673721313,0.0081457821652293,-0.0132978316396474,0.0037190457805991,1.5450321370735765e-05,-0.0097671393305063,0.0017416551709175,-0.0147716887295246,-0.3841020166873932,0.0065407631918787,-0.0091372914612293,0.0010699429549276,-0.0128234066069126,-0.0037920880131423,-0.3584423959255218,0.0229163877665996,-0.0079895798116922,-0.0296847857534885
3623,-0.017146773636341,0.0053997649811208,-0.0179258435964584,0.0146465953439474,-0.009394472464919,0.013176086358726,-0.0381421446800231,-0.0144171537831425,-0.0280899927020072,-0.002348487265408,-0.0003530988469719,-0.0030004342552274,-0.0141815580427646,-0.0063631529919803,-0.0178817473351955,0.0072451196610927,-0.0154879763722419,-0.0225432328879833,-0.0086082573980093,-0.0210302881896495,-0.0207222886383533,-0.0056054824963212,-0.0416422113776207,0.0059722550213336,-0.0154754696413874,-0.013105297461152,-0.0134803233668208,-0.0175056997686624,-0.0063828746788203,0.0074991257861256,0.0333013720810413,-0.007362219505012,-0.0093944836407899,0.0284163020551204,-0.0095556583255529,-0.0040660300292074,0.0035933088511228,0.028416397050023,-0.0144128138199448,-0.0119038186967372,-0.015972651541233,0.0040983241051435,0.0115896183997392,-0.0145529378205537,0.0198095310479402,0.0004109318251721,-0.016211848706007,-0.0163022875785827,0.035638578236103,-0.0208760723471641,-0.0163666307926177,-0.0193979740142822,-0.0060092872008681,-0.0008827000856399,0.0040089832618832,-0.0120713412761688,-0.008197046816349,-0.0061075696721673,0.0184774119406938,-0.0086082555353641,-0.0111216530203819,-0.0086082555353641,-0.0175376962870359,0.012989904731512,-0.0087415464222431,-0.0082826614379882,0.0102803716436028,0.0123565709218382,0.0574769936501979,-0.0030003800056874,-0.0092452727258205,-0.0208840891718864,-0.014352748170495,-0.0088304355740547,-0.0039672357961535,0.0081951990723609,0.0038318915758281,0.0081952037289738,-0.0306447856128215,0.0065840692259371,-0.0068791038356721,0.0020513734780251,-0.0113520137965679,0.0325019247829914,0.0006541725015267,-0.0081380764022469,-0.0201917476952075,-0.0008311776909977,-0.0180330723524093,-0.0032910238951444,0.033301368355751,0.0048404997214674,-0.0049027940258383,-0.0095180254429578,-0.0149253513664007,-0.0198132321238517,-0.0096247633919119,0.0047444379888474,-0.0043258545920252,-0.0163666307926177,-0.0037450203672051,-0.0294731482863426
3624,-0.0118855098262429,0.0178912803530693,-0.0031270175240933,-0.0020593248773366,-5.633081309497357e-05,0.0256357472389936,-0.0336309373378753,-0.0218942277133464,-0.0346467345952987,-0.0053749931976199,0.0031654296908527,-0.0212037600576877,0.0182178225368261,-0.0175228975713253,-0.0065170982852578,0.0222477447241544,0.007527912966907,-0.0171211790293455,-0.0271915942430496,-0.0278372075408697,-0.0018631122075021,0.0005141822621226,-0.0063306353986263,0.0319561772048473,-0.0118138995021581,0.0175271928310394,0.0064748772419989,-0.0308767072856426,0.0014369487762451,0.019648227840662,0.0517014302313327,0.0035478137433528,-5.6331511586904526e-05,-0.0055374987423419,0.0326699577271938,0.0107129896059632,0.0098562166094779,-0.0055375122465193,-0.0015108052175492,-0.0101802805438637,-0.002582932356745,0.0238096825778484,0.0350796990096569,-0.0090496912598609,0.0140861459076404,0.0004731602966785,-0.0026026361156255,0.0188996195793151,0.0594460740685462,0.0011130233760923,-0.0137126957997679,-0.0078893471509218,0.0461644157767295,0.0170467719435691,0.0526708997786045,-0.0014564816374331,-0.0019161342643201,0.0226922407746315,0.0079794786870479,-0.0271915905177593,-0.0046118656173348,-0.0271915979683399,-0.016504343599081,0.0179336331784725,0.0498398393392562,0.0859928131103515,-0.0070192366838455,0.007196120917797,-0.0309844240546226,-0.0212037693709135,0.0041830972768366,-0.0088464617729187,-0.0028633926995098,0.0339229553937912,-0.0175209362059831,-0.0022235410287976,-0.0071773985400795,-0.0022235536016523,-0.0056018587201833,0.0328921675682067,0.0002763976808637,0.0088903829455375,0.0108080133795738,-0.0191132277250289,0.0295270942151546,-0.0283656660467386,-0.0476660020649433,0.0083425287157297,-0.0117395287379622,-0.0011133424704894,0.0517014376819133,0.0132045298814773,0.0083432579413056,-0.0116179594770073,0.001472488278523,-0.0287058986723423,-0.0038656294345855,0.0235307477414608,0.0380101613700389,-0.0137126957997679,-0.0047746133059263,-0.0373164340853691
3625,-0.0151385543867945,-0.0469857342541217,-0.0290817506611347,-0.0019798385910689,-0.0009092360269278,0.0097972964867949,-0.0361245684325695,-0.0113909095525741,-0.0419443547725677,-0.0049880966544151,0.0058085299097001,-0.0140937408432364,-0.0215363465249538,-0.0198780056089162,-0.0160382781177759,0.023435965180397,0.0033809829037636,-0.0089941900223493,-0.0105503294616937,-0.018481969833374,0.0100478064268827,-0.0064414977096021,-0.0191244892776012,-0.0098005970939993,-0.0218078717589378,0.0046935775317251,0.0014371771831065,-0.0200988464057445,-0.0098540857434272,0.0101640159264206,0.0199923925101757,-0.0026119833346456,-0.000909240799956,-0.0049874754622578,-0.0346841365098953,0.0214124321937561,-0.0072419857606291,-0.0049874703399837,-0.037910833954811,-0.004864988848567,0.0034930214751511,-0.0286936331540346,0.0408194996416568,-0.040720984339714,0.0024735995102673,-0.0454250015318393,-0.0137343481183052,-0.0455549769103527,0.0220683477818965,0.0001179015016532,-0.0064874123781919,-0.0313414074480533,0.0050002415664494,-0.0074933692812919,-0.0079815369099378,-0.0035599225666373,-0.0057173972018063,-0.0109072551131248,0.0012619890039786,-0.0105503238737583,-0.0002960222773253,-0.010550326667726,-0.0112824402749538,0.0314654447138309,0.0045488406904041,-0.0065692942589521,-0.0059852954000234,-0.0046945568174123,-0.0059407004155218,-0.0140936886891722,-0.0452244095504283,0.0539111718535423,-0.0108002852648496,-0.0236334055662155,-0.012716157361865,0.0001717529958114,-0.0057384185492992,0.000171733146999,0.0099091660231351,-0.0088218096643686,-0.0014745634980499,0.0036856085062026,0.0007206629961729,-0.0062401969917118,-0.0061797490343451,-0.0106541765853762,-0.0270071364939212,0.0038609378971159,-0.0010568182915449,-0.0292536485940217,0.0199923850595951,0.0031069703400135,-0.0066105923615396,-0.0091761294752359,-0.0100523307919502,-0.0098901772871613,-0.0172971319407224,0.0060492106713354,0.0066023054532706,-0.0064874123781919,-0.0075267646461725,-0.0255295429378747
3626,0.0158810727298259,0.004126033745706,0.0257866363972425,0.0118935965001583,0.036154106259346,0.0159177593886852,-0.00256750266999,0.0115080010145902,0.0572392679750919,0.0044228387996554,0.011935856193304,0.0458253473043441,0.0258034076541662,0.0417254716157913,0.0374051108956337,-0.01579693518579,0.0336008705198764,0.0378048978745937,0.0372453182935714,0.0031509860418736,0.0213553104549646,0.0438324064016342,0.0561892390251159,0.0009272776078432,-0.0048282044008374,-0.0116250161081552,0.0143533824011683,0.0182287897914648,0.009192862547934,-0.0032646250911056,0.0012742935214191,-0.0001794449053704,0.036154106259346,-0.0028775155078619,0.0158349759876728,-0.0029952346812933,0.0282177329063415,-0.0028775001410394,0.0262679401785135,0.001548659405671,0.0388348773121833,0.0055726077407598,-0.0260808132588863,-0.0040610879659652,-0.0064267790876328,0.0217081159353256,0.0068725943565368,0.0212372355163097,-0.0022254339419305,0.0193660892546176,0.0561062730848789,0.0271043069660663,0.0162182971835136,0.0118126077577471,0.003237955737859,0.004987210035324,0.0424128100275993,0.0094631379470229,-0.0011190385557711,0.0372453182935714,0.0118485586717724,0.0372453145682811,0.0104184122756123,-0.0351287201046943,0.0149218887090682,-0.0043582115322351,0.0119858905673027,0.0038296363782137,-0.0037656109780073,0.0458253547549247,-0.0118032125756144,0.0281105041503906,0.014909915626049,0.0165884606540203,0.0355061180889606,0.0153434164822101,0.0109029170125722,0.0153432926163077,0.0440653823316097,0.0035050865262746,0.0049084834754467,0.0250656642019748,-0.0095261735841631,0.0006223828531801,0.0105215897783637,0.0376269519329071,0.0328716039657592,0.0045680040493607,0.0303411986678838,-0.0001135632046498,0.0012742790859192,-0.010517232120037,0.0232543889433145,0.0109123280271887,0.0084341261535882,0.0190663039684295,0.0139578664675354,-0.0040344577282667,0.0173781495541334,0.0561062730848789,0.0233577713370323,0.0048450226895511
3627,-0.0216274484992027,-0.0307540744543075,-0.0170736163854599,-0.0048731258139014,0.0077445618808269,0.0072531369514763,-0.0323439948260784,-0.0236652791500091,-0.0195252895355224,-0.0146082825958728,-0.0032532811164855,-0.0139893079176545,-0.0505236610770225,-0.0226511359214782,-0.0281159430742263,0.0091422256082296,-0.0441698916256427,-0.0169982574880123,-0.0092781465500593,-0.0294568408280611,-0.0295165553689003,-0.0011376725742593,-0.0278192330151796,-0.00185865489766,-0.0185387507081031,-0.031663242727518,-0.007907748222351,-0.0232607331126928,-0.0160695277154445,0.0006170558044686,0.0072837676852941,-0.0233282223343849,0.0077445702627301,-0.0293902307748794,-0.0515154004096984,-0.0198039729148149,-0.001943252980709,-0.0293902307748794,-0.0205430053174495,-0.0259674545377492,-0.0362421236932277,-0.0181330144405365,0.0099334269762039,-0.0015371923800557,0.0212952233850955,-0.0340803787112236,-0.0219530966132879,-0.0330768227577209,0.0073292786255478,-0.0086577208712697,-0.0009101781179197,-0.0157511495053768,-0.0362974256277084,-0.0113410288468003,-0.0028629400767385,-0.0114857368171215,-0.0063137826509773,-0.0085436310619115,0.0218549221754074,-0.0092781484127044,-0.00039629987441,-0.0092781465500593,-0.0124561637639999,0.0030371900647878,-0.0146821727976202,-0.0101280836388468,-0.0082341581583023,-0.0180833339691162,-0.039900965988636,-0.0139893079176545,0.0116617698222398,-0.1071939170360565,-0.0170334074646234,-0.05755615234375,-0.0144527954980731,0.019979203119874,-0.0099651496857404,0.0199792049825191,-0.061789371073246,-0.01165281701833,-0.0175559669733047,0.0072150630876421,-0.0265852510929107,-0.0283739510923624,-0.0032873395830392,-0.0098006157204508,-0.0190871749073267,0.0067359525710344,-0.0340769775211811,0.0040411576628685,0.0072837681509554,0.0102402474731206,-0.0117245465517044,-0.0118941711261868,-0.0198621191084384,-0.0265728272497653,-0.0130317360162734,0.0011846775887534,-0.0108415456488728,-0.0009101781179197,-0.0093137621879577,-0.0377189144492149
3628,-0.0055599142797291,-0.0292457193136215,-0.010978908278048,-0.00847196765244,0.0027796132490038,0.0083118714392185,-0.0426127165555954,-0.0053919591009616,-0.0337802655994892,-0.0062210569158196,0.0089012803509831,-0.0175903737545013,-0.0316798314452171,-0.0180910471826791,-0.019702835008502,-0.0181580875068902,-0.0014076671795919,-0.0118696456775069,-0.0211368668824434,-0.0152876786887645,-0.007277765776962,-0.0027501550503075,-0.0141929425299167,0.0092532355338335,-0.0193748530000448,0.0068365698680281,-0.0094818342477083,-0.0131432199850678,0.0004870200064033,0.0234721582382917,0.0145892910659313,-0.0014215596020221,0.002779611153528,-0.0174206458032131,-0.0301571190357208,-0.0128714479506015,-0.000212196377106,-0.0174206309020519,-0.0130576454102993,0.0021000211127102,-0.0017494091298431,-0.0082621853798627,-0.0123485643416643,-0.0239930003881454,-0.0056619821116328,-0.0341697596013546,-0.0023484535049647,-0.0190384313464164,0.01579543761909,-0.0097124045714735,-0.0061383387073874,-0.0121828112751245,-0.0228902492672204,-0.0048099118284881,-0.0007688596379011,-0.0105113992467522,-0.0029352053534239,-0.0087009780108928,-0.0050194626674056,-0.0211368724703788,-0.0168413892388343,-0.0211368631571531,-0.021527849137783,0.0300777312368154,-0.0101331230252981,-0.0064075849950313,-0.0096229668706655,-0.0059412759728729,-0.0367390662431716,-0.0175903774797916,-0.0145639646798372,0.0051019927486777,-0.005669149570167,-0.0364520773291587,-0.0139894308522343,-0.0017247931100428,-0.0099882967770099,-0.0017247982323169,-0.0027524451725184,-0.0006942814216017,-0.0129900053143501,0.0045787561684846,0.004763560835272,-0.0260416958481073,-0.0028870000969618,-0.0226756427437067,-0.0199134796857833,-0.0071936631575226,-0.0030004931613802,-0.0206766184419393,0.014589293859899,-0.0224129986017942,-0.0059322225861251,-0.0169184915721416,0.0043888441286981,-0.0055515421554446,-0.0144978873431682,0.0235572885721921,-0.007371915038675,-0.0061383387073874,-0.0019986759871244,-0.0219870395958423
3629,0.0008252271218225,-0.0193845257163047,-0.0188974533230066,0.0082868905737996,-0.0350087732076644,-0.0133699132129549,-0.0144031075760722,0.0167327281087636,-0.0317364782094955,-0.0008398871286772,0.0124975945800542,-0.0086698792874813,-0.0339601226150989,-0.0091667529195547,-0.0139181762933731,-0.0438385345041751,-0.018065970391035,-0.0083397356793284,-0.0177138969302177,0.0053532212041318,-0.0129298204556107,0.0025356744881719,-0.0502716749906539,-0.0008958249818533,0.0035044942051172,-0.0002413896727375,-0.0080213202163577,0.0146691501140594,-0.0161558296531438,0.0174058005213737,0.0061759632080793,-0.002998880110681,-0.0350087732076644,-0.0320219993591308,-0.0408411920070648,-0.033962246030569,0.0026262640021741,-0.0320219993591308,-0.0219085533171892,0.0132053652778267,-0.020519146695733,-0.011383332312107,-0.0501384511590004,0.0085203740745782,-0.000374914612621,-0.0168347284197807,-0.0084487786516547,-0.0360744819045066,0.0062568178400397,-0.0123145189136266,0.0122635886073112,-0.0199162662029266,-0.0181411784142255,-0.0239488892257213,0.0032016271725296,-0.0052696052007377,-0.002372654620558,-0.0273109450936317,-0.0035266745835542,-0.0177138969302177,-0.0063371825963258,-0.0177138932049274,-0.0148675581440329,0.0481537356972694,-0.001844318350777,-0.0055602621287107,0.0039001987315714,-0.0200718455016613,-0.0470276810228824,-0.0086698764935135,0.0195980332791805,-0.0200798027217388,-0.0070651830174028,-0.0389382280409336,-0.0076235737651586,-0.0167630668729543,0.0013597754295915,-0.0167630668729543,-0.030835460871458,-0.0028283963911235,-0.0129495561122894,-0.022985316812992,-0.0013025236548855,-0.0359356999397277,-0.004568257369101,-0.0182878449559211,0.0291126202791929,-0.000196827109903,-0.0225239191204309,0.0018779342062771,0.0061759618110954,-0.0323819518089294,-0.0280483588576316,-0.0077639035880565,-0.0031820873264223,-0.0283002369105815,-0.0579160153865814,0.0174254029989242,0.0013408162631094,0.0122635886073112,-0.0136864883825182,-0.0106622129678726
3630,-0.0127760712057352,-0.0264027547091245,-0.00417767977342,-0.0269509926438331,-0.0003548308741301,0.0003167483373545,-0.0386888831853866,-0.0127065796405076,-0.0297401957213878,-0.0139350919052958,0.0056143193505704,0.0065808990038931,0.0009761839173734,0.0036580257583409,0.0059668468311429,-0.0219677947461605,-0.0060240975581109,0.0062568169087171,0.0048029720783233,-0.0208963043987751,-0.0158558599650859,0.0036956388503313,-0.0028314944356679,0.0067133135162293,-0.02803092636168,-0.0188044570386409,-0.008068373426795,-0.0155950719490647,-0.0120304152369499,0.0155593641102314,0.0003779841354116,-0.0105700986459851,-0.0003548316308297,-0.0032972446642816,-0.0059083690866827,-0.0319301150739192,0.0024243441876024,-0.0032972320914268,-0.0083360048010945,-0.012033300474286,-0.007009632885456,-0.0067893052473664,-0.025452259927988,-0.0288537517189979,-0.0238166209310293,-0.0230549313127994,-0.0150494379922747,-0.0121522601693868,-0.0002466679434292,-0.0017403445672243,0.0019767975900322,-0.0054070451296865,0.0028493080753833,-0.0126712191849946,-0.016156518831849,-0.0119576957076787,0.0018189465627074,-0.0184804610908031,-0.0225677266716957,0.0048029744066298,-0.0055420249700546,0.0048029739409685,-0.0117619335651397,0.0124953594058752,-0.0090350247919559,-0.0293018221855163,-0.0239520370960235,-0.0031325947493314,-0.0088092545047402,0.0065807178616523,-0.0271101035177707,-0.0721486806869506,-0.0027466802857816,0.0021834373474121,0.0030193903949111,-0.0161124560981988,-0.017748000100255,-0.0161124560981988,-0.0060890242457389,0.0046756034716963,-0.0276320129632949,0.0005985533352941,-0.0162636339664459,-0.003777302801609,-0.0123274056240916,0.0047440421767532,-0.0123741403222084,-0.0103189768269658,-0.0196766871958971,-0.0251038447022438,0.0003779861144721,-0.0236457418650388,-0.0081003252416849,-0.01544448453933,-0.0089179575443267,-0.0309866089373826,-0.0202728454023599,0.0156663674861192,-0.0033319143112748,0.0019767975900322,-0.017132107168436,-0.0211229212582111
3631,-0.0135179990902543,-0.0207555182278156,0.01607764698565,-0.000808514887467,0.0198739804327487,0.0112030878663063,-0.0107179526239633,-0.0221918206661939,0.0058166114613413,0.0027020713314414,-0.004179507959634,-0.0143701583147048,-0.0152723863720893,-0.0165507420897483,-0.0040310560725629,-0.0210313275456428,-0.0102940518409013,0.0123449768871068,-0.0124427629634737,-0.0261185374110937,-0.0112277464941143,-8.235219866037369e-07,-0.0063472911715507,-0.0083453562110662,-0.0107988342642784,0.0158792231231927,-0.019039362668991,-0.02260198071599,0.0103296898305416,-0.0035450004506856,0.0035468731075525,0.0162845868617296,0.019873984158039,0.0067004025913774,-0.0110713373869657,-0.0076596215367317,-0.0115428455173969,0.0067006507888436,0.0081530855968594,-0.0262748412787914,-0.0130637381225824,-0.0148846488445997,-0.0237924251705408,0.0197175703942775,-0.0256977342069149,-0.0212915949523448,-0.0164846740663051,0.0041120825335383,0.0029681851156055,-0.0249320268630981,0.0125025119632482,0.0141025641933083,-0.0302970632910728,-0.011927593499422,-0.0209479331970214,0.0013848922681063,-0.0026964666321873,-0.013324343599379,-0.0271385088562965,-0.0124427629634737,0.006697567179799,-0.0124427611008286,-0.0020221718586981,-0.0017674663104116,-0.0265265293419361,-0.0190205946564674,-0.003566165221855,0.0171696562319993,-0.0371787622570991,-0.0143701247870922,0.0337432622909545,0.0424544364213943,0.0171629227697849,-0.0204428024590015,-0.00636603590101,-0.0202511735260486,-0.0041251443326473,-0.0202511474490165,-0.0080513637512922,-0.0157451815903186,0.0074369218200445,0.0153287220746278,0.0193133801221847,-0.0136897340416908,-0.0188285950571298,-0.0110273715108633,-0.0148116322234272,-0.0260806493461132,-0.0283510293811559,0.0179431680589914,0.0035468749701976,-0.0109445005655288,-0.0058804275467991,-0.0050098989158868,-0.0124488640576601,-0.0423516333103179,-0.0050621354021131,-0.0029699308797717,-0.0274753179401159,0.0125025119632482,-0.0319249182939529,-0.0275325812399387
3632,0.0245191194117069,0.0471709817647933,0.0345483049750328,-0.0453234165906906,0.0221046935766935,0.0106684546917676,0.0351198464632034,0.0073749055154621,0.0139925759285688,-0.0186339225620031,0.0488176867365837,0.0131698008626699,0.0571583993732929,0.0482688508927822,0.0785677433013916,0.0051707653328776,-0.0065198242664337,0.0736477300524711,-0.0016363454051315,0.0057971784844994,-0.0077809784561395,0.0415371656417846,-0.0145967714488506,0.0407116115093231,0.0257038325071334,-0.0265343580394983,-0.0042570205405354,-0.0113437380641698,0.0211229361593723,0.0601844638586044,-0.0016673351638019,-0.0041388277895748,0.0221047028899192,-0.0105384932830929,0.032337911427021,0.0048241931945085,0.0141120310872793,-0.0105384122580289,0.0310007240623235,0.0184278208762407,0.0150172738358378,0.0477404929697513,-0.0004467224935069,0.0225467234849929,0.014387534931302,0.0574511550366878,0.0267762728035449,0.0280684866011142,-0.008356655947864,-0.0105076618492603,0.0844003930687904,0.0286852493882179,0.023224152624607,-0.0035186605527997,-0.0186985749751329,0.0057460470125079,0.0379819832742214,0.0017798657063394,0.0161705166101455,-0.0016363484319299,0.0195824056863784,-0.0016363475006073,0.0159464608877897,0.0825087130069732,0.0073626604862511,-0.0165959205478429,-0.0356648117303848,0.0136822834610939,-0.050132043659687,0.0131698036566376,0.0247284285724163,-0.005607446655631,0.02008992806077,0.0377801433205604,0.0095680058002471,0.0170036032795906,-0.0219042394310235,0.0170035939663648,0.0054941945709288,0.0402280278503894,0.0075723365880548,0.0203048456460237,-0.0193589776754379,-0.0267290826886892,-0.0043422318994998,-0.0012143610510975,-0.0287781506776809,0.0018948661163449,0.0122327096760272,0.0105527276173233,-0.0016672173514962,0.0056490274146199,0.0097631067037582,0.0011004905682057,0.0333175510168075,0.013133100233972,0.0154030313715338,0.059580635279417,0.0092885205522179,0.0844003930687904,0.0118440501391887,0.018026852980256
3633,-0.012269090861082,-0.0084154698997735,-0.0285885781049728,0.0098654516041278,-0.023208349943161,-0.0012220805510878,-0.0209785848855972,-0.0043514179997146,-0.0173632390797138,-0.0094554601237177,0.0071610929444432,-0.0192800723016262,-0.0199510939419269,-0.0189094357192516,-0.0191886685788631,-0.0115594435483217,-0.0290926918387413,-0.0224930979311466,-0.025025775656104,-0.0118971914052963,0.009644703939557,0.0078165857121348,-0.018877912312746,0.0094780586659908,-0.0020793832372874,-0.0123103186488151,-0.0042213969863951,-0.0151427537202835,-0.0099328514188528,0.0171379093080759,0.0179400648921728,-0.019955625757575,-0.0232083480805158,-0.0108112562447786,-0.0242990180850029,0.0083803785964846,-0.0030157885048538,-0.0108112413436174,-0.0281226672232151,0.0024661375209689,-0.0312849543988704,-0.0004145270213484,-0.0082596354186534,-0.0049009448848664,-0.0178896449506282,-0.0147698782384395,-0.0155140180140733,-0.0278507955372333,0.0201172456145286,-0.0055105057545006,0.0245788320899009,-0.0289167985320091,0.0218965914100408,-0.0201513171195983,0.0720137730240821,-0.0119955213740468,0.0021042823791503,-0.0005814176984131,-0.0200516171753406,-0.0250257812440395,-0.0103560155257582,-0.0250257849693298,-0.0197966191917657,0.0232544988393783,0.0611558184027671,0.1671639680862426,0.0029711464885622,-0.0099040623754262,-0.0053651370108127,-0.0192800723016262,-0.000960458535701,0.0713908523321151,-0.0233594328165054,-0.019582474604249,-0.0203584525734186,-0.0250564292073249,-0.0028910513501614,-0.0250564292073249,-0.0574267879128456,0.0101940939202904,0.0080878064036369,-0.0117359720170497,-0.0164519175887107,-0.0128199718892574,0.012322062626481,-0.0246801692992448,-0.0194542333483696,-0.0085045229643583,-0.0305211022496223,3.4427386708557606e-05,0.0179400667548179,-0.0075435559265315,-0.026677181944251,-0.0116942059248685,-0.0109704192727804,-0.0205436535179615,-0.0623316764831543,0.0169209651648998,0.0231621321290731,0.0245788320899009,-0.0091860769316554,-0.0219130851328372
3634,0.0121446102857589,0.0116041246801614,-0.0018611088162288,0.0041204821318387,0.0141229256987571,0.0070416410453617,0.0054559027776122,0.0199830867350101,0.00056878849864,-0.0065324660390615,0.0642328560352325,-0.0033207770902663,-0.0028441527392715,-0.0040695578791201,-0.0140277910977602,-0.0241411607712507,-0.0065890583209693,-0.0108688389882445,0.0033592341933399,0.0109493620693683,-0.0063494001515209,0.0224695783108472,-0.0213907398283481,0.011559460312128,0.0184708498418331,-0.0127414558082818,-0.0065884003415703,0.0257078558206558,-0.0246670860797166,0.0531011335551738,0.0006823450676165,-0.0041689216159284,0.0141229284927248,-0.0137917818501591,-0.0004520899383351,-0.0121927624568343,0.0265983361750841,-0.0137917762622237,-0.0006570315454155,0.0116540845483541,-0.0069430954754352,0.0124824848026037,-0.0264066103845834,0.0349996834993362,0.013673985376954,0.0054168980568647,0.0050549893639981,-0.0010788339423015,0.0006652794545516,-0.0104671288281679,0.0279370918869972,0.004031540825963,0.0110053652897477,-0.0026756953448057,0.0002229788806289,0.0010975305922329,0.0171422772109508,-0.0055894935503602,0.0164554975926876,0.0033592316322028,0.0108477212488651,0.0033592325635254,0.000873782671988,0.1387366354465484,0.0034935227595269,-0.0066159623675048,0.0004580286331474,-0.0139571111649274,-0.0094978138804435,-0.0033207738306373,0.0515163913369178,0.0054663531482219,-0.0035516680218279,0.0002515888772904,-0.0039152265526354,0.0195205956697464,-0.0018230769783258,0.0195205900818109,-0.0127811674028635,0.0168632753193378,0.005286116618663,0.0102347210049629,-0.0105976294726133,-0.0082798609510064,-0.0002361566293984,0.0037818336859345,0.0422147214412689,0.0016510179266333,-0.0181561410427093,0.0241394825279712,0.0006823431467637,-0.009122222661972,-5.217414582148194e-05,-0.0014105758164077,0.0042311046272516,-0.0275506600737571,-0.0083358949050307,0.0525670945644378,0.0068650320172309,0.0279370918869972,-0.0124926222488284,-0.0108895860612392
3635,-0.0017767548561096,0.0023299204185605,0.0050607351586222,-0.0237568691372871,-0.0107140187174081,-0.011367361061275,0.0161168649792671,-0.0043240650556981,-0.0057751825079321,-0.0073570651002228,-0.0122823501005768,-0.0026038312353193,0.0186160393059253,0.0077043455094099,0.0256842710077762,-0.0178829301148653,-0.0098557835444808,0.0226156376302242,0.0044221170246601,-0.0047257742844522,-0.0073247528634965,-0.0041936482302844,-0.0066231107339262,-0.0021055885590612,0.00674734916538,0.002391958143562,-0.0050396798178553,-0.0095546711236238,0.0082454336807131,-0.0006841219728812,-0.0133536625653505,0.00355781824328,-0.0107140196487307,0.0048641604371368,0.0111506497487425,-0.0148421479389071,-0.008654149249196,0.0048641664907336,0.0001943964743986,1.5479279682040215e-05,-0.0045565371401607,-0.0021750291343778,-0.0184299126267433,0.0118216397240757,-0.0124177727848291,0.0098266974091529,-0.0007470326963812,5.0892471335828304e-05,-0.0156303662806749,-0.004282942507416,0.0023907031863927,-0.0025013973936438,0.0035669463686645,-0.0136384991928935,-0.0051896180957555,0.0019469668623059,-0.0044301603920757,-0.0086282016709446,-0.0109903048723936,0.0044221151620149,0.0091360723599791,0.004422113765031,0.0010920837521553,-0.0114542692899703,-0.0014953368809074,0.014267592690885,-0.0210340172052383,0.0109118204563856,-0.0051846676506102,-0.002603830769658,0.0172383300960063,-0.0273006707429885,0.007794966455549,0.0175905581563711,-0.0008201221935451,-0.0111974496394395,-0.0146172074601054,-0.0111974515020847,-0.0093169063329696,-0.000925283646211,-0.0083282776176929,-0.0092248870059847,0.0037057744339108,0.0010162537219002,-0.013467377051711,0.0049710758030414,-0.0100665790960192,-0.0062279850244522,-0.0011262835469096,-0.0003214497119188,-0.0133536607027053,-0.0140961278229951,-0.0112149473279714,-0.006667036563158,0.0034321136772632,-0.0032313410192728,-0.0120370108634233,-0.0034479955211281,-0.0110219419002532,0.0023907031863927,0.0019808155484497,-0.0135403480380773
3636,-0.001030642655678,-0.004736581351608,-0.014398418366909,0.020579757168889,-0.0253074765205383,-0.0019952594302594,-0.027043055742979,-0.0079599376767873,-0.014277777634561,-0.0008854591287672,0.0019687782041728,-0.0191718563437461,0.0003477007267065,-0.0177304483950138,-0.0011316341115161,0.0002423259429633,-0.025009661912918,-0.0069006383419036,-0.0081958109512925,-0.0166081301867961,0.0310649462044239,0.0073832967318594,-0.017813540995121,-0.0013313827803358,-0.0068026422522962,-0.0166570544242858,0.0116942636668682,-0.0056929029524326,-0.0375617146492004,0.0020358993206173,0.0202357154339551,-0.0115063972771167,-0.0253074765205383,-0.045940451323986,0.0010865959338843,0.0309790689498186,0.0050514014437794,-0.0459404475986957,-0.0175767391920089,-0.0080047072842717,-0.0211894046515226,-0.0034028680529445,0.0096436878666281,0.0145055437460541,-0.0237095206975936,-0.00917031429708,0.0007484355010092,-0.0127195920795202,0.0221757441759109,0.008870767429471,0.0099288439378142,-0.0227690190076828,-0.0063333781436085,-0.013916814699769,-0.0101724369451403,-0.0167907550930976,0.0025350106880068,-0.0151607505977153,-0.0283071976155042,-0.0081958100199699,-0.0255853962153196,-0.0081958090886473,-0.0266163982450962,0.0074456315487623,-0.0133460825309157,-0.0214881785213947,0.0144281294196844,-0.036562830209732,-0.0456491485238075,-0.0191718637943267,0.0388317219913005,0.1182169914245605,-0.0113957235589623,0.0042273909784853,-0.0162323731929063,-0.0356914736330509,0.0056810770183801,-0.0356914661824703,-0.0366300083696842,7.461191853508353e-05,0.027183823287487,-0.0138748055323958,-0.01257626991719,-0.0382766090333461,-0.0105931442230939,-0.0084767993539571,-0.003977445885539,0.0021160393953323,-0.0243355259299278,0.0165456105023622,0.0202357210218906,0.003472110023722,-0.0106475194916129,-0.0145525392144918,0.0045015988871455,-0.026119839400053,-0.0177561994642019,0.0013249851763248,-0.0106064323335886,0.0099288439378142,-0.0072026629932224,-0.0278127081692218
3637,-0.0149800544604659,-0.0188810434192419,-0.0065938020125031,-0.0023737945593893,-0.0006742989062331,-0.0002742875367403,-0.0144250290468335,-0.0154837472364306,-0.0022850823588669,-0.001227464294061,-0.0152444709092378,-0.002164625795558,-0.0245281271636486,-0.0070678330957889,-0.0130467033013701,0.0025707338936626,-0.0016009088139981,-0.0078729232773184,0.0019766953773796,-0.0219610817730426,-0.0018270794535055,-0.0011162792798131,0.0146272629499435,-0.0229564066976308,-0.0212456583976745,-0.0023288447409868,-0.0024120057933032,-0.0104399304836988,-0.018604077398777,-0.0227590948343276,0.0012252455344423,-0.0046554473228752,-0.0006743058911524,-0.0064427051693201,-0.0218090303242206,0.0064114704728126,-0.0192622952163219,-0.0064426660537719,-0.0068049002438783,-0.0256040319800376,-0.0190999805927276,-0.0235076397657394,0.0147625152021646,-0.0068464120849967,-0.0012354828650131,-0.0120448786765336,-0.0222055111080408,-0.0145994191989302,0.002065135166049,-0.0038411966525018,0.0197350978851318,-0.0090320501476526,-0.0289178621023893,0.0020766612142324,0.0121973548084497,-0.000489724392537,-0.0056212311610579,-0.0036777725908905,-0.0013325470499694,0.0019766916520893,0.0101814037188887,0.0019766925834119,-0.0015797056257724,-0.0127799212932586,-0.0136198950931429,-0.0006163977086544,-0.0050626206211745,-0.0053100287914276,-0.0228163115680217,-0.0021646255627274,-0.0001069763675332,0.0093258908018469,-0.005389311350882,-0.0286920499056577,-0.0024955212138593,-0.0021219553891569,-0.0039788773283362,-0.0021219523623585,-0.0192476734519004,-0.0272342562675476,-0.0027239122427999,-0.0014418839709833,-0.002825433621183,-0.010604896582663,0.0055932961404323,0.0023344524670392,0.0051782070659101,-0.0051508233882486,-0.0373004302382469,-0.0076808766461908,0.001225242158398,-0.000397134484956,-0.0042025600560009,-0.0047862478531897,-0.0199850127100944,-0.0542307421565055,-0.0121199935674667,-0.0230989828705787,-0.011892725713551,0.0197350978851318,-0.0379167832434177,-0.0274992249906063
3638,-0.0012069726362824,-0.0107000218704342,-0.0069511127658188,0.0243608951568603,-0.0095483306795358,0.0027080723084509,-0.0229882188141345,0.0015347541775554,-0.023275064304471,0.0112484479323029,-0.009633520618081,-0.0179572962224483,-0.0023341625928878,-0.015180011279881,0.0006866585463285,-0.0059924484230577,-0.0147363860160112,-0.0046876445412635,-0.0174490958452224,-0.0073473248630762,0.0066331373527646,0.0006624538218602,-0.0115677611902356,0.0042995768599212,-0.0006857907865196,-0.0064109000377357,0.0027209185063838,-0.0015236176550388,-0.0311186201870441,0.0024493746459484,0.0147340567782521,-0.0117448754608631,-0.009548332542181,-0.0328604355454444,-0.0006023357855156,0.0037919399328529,-0.0023411861620843,-0.0328604318201541,-0.0088230986148118,0.0036618821322917,-0.0191006865352392,-0.0006700943922623,0.0023857476189732,0.0122835002839565,-0.0166591331362724,-0.0158075988292694,-0.0005743799265474,-0.0077026421204209,0.0160961952060461,0.0046347416937351,0.0059589785523712,-0.0114905200898647,-0.0010986404959112,-0.0073550175875425,0.0079955160617828,-0.0015456265537068,-0.003709462005645,-0.0103928605094552,-0.0181972049176692,-0.0174490921199321,-0.0028499725740402,-0.0174490921199321,-0.009935688227415,-0.0110834976658225,-0.0003427460324019,0.0028227595612406,0.0189497023820877,-0.0282324682921171,-0.0302318353205919,-0.0179573018103837,0.0328542552888393,0.0140778962522745,-0.006671390030533,-0.0002446346916258,-0.0151890981942415,-0.0185064449906349,0.0130446935072541,-0.0185064412653446,-0.0327218249440193,0.004423992242664,0.0056890584528446,-0.003935245797038,-0.0056060003116726,-0.0301017761230468,-0.0015634626615792,-0.0181222446262836,-0.0003431843360885,-0.0004737679846584,-0.0245866812765598,0.0100091844797134,0.0147340502589941,-0.0016780397854745,-0.0107943406328558,-0.0028959417250007,0.0043678311631083,-0.0289695560932159,-0.0215291306376457,0.0027585471980273,-0.0007953658932819,0.0059589785523712,-0.0118893645703792,-0.0208835657685995
3639,-0.012921635992825,0.004741171374917,-0.0118140866979956,0.0037257382646203,-0.0041209808550775,0.0072074718773365,-0.0357589796185493,-0.015403801575303,-0.0288990922272205,-0.0009094783454202,-0.011381902731955,-0.0227153040468692,0.0035787848755717,-0.0167537312954664,-0.0019907548557966,0.0257174242287874,-0.0177442152053117,-0.0060829920694231,-0.0176062230020761,-0.0240243226289749,-0.0228994153439998,-0.0033028866164386,-0.0005711372941732,0.0105137173086404,-0.0261469949036836,0.0045444341376423,-0.0114441914483904,-0.017974853515625,-0.0129754114896059,-0.0037240241654217,0.0200145617127418,-0.009808893315494,-0.0041209757328033,-0.0052687581628561,0.005213817115873,-0.0021701976656913,0.0011881934478878,-0.0052687963470816,-0.0152382832020521,-0.0152177764102816,-0.0106475092470645,0.0088111776858568,0.0278639812022447,-0.0219244547188282,0.0078701917082071,-0.0045404904522001,-0.0132472477853298,-0.0083628706634044,0.0208612382411956,-0.0118070384487509,-0.0090357158333063,-0.0196092054247856,-0.0078479498624801,-0.0153614217415452,-0.0174276567995548,-0.0079753547906875,-0.005285914056003,-0.0194312911480665,0.0100118145346641,-0.017606221139431,-0.0118273887783288,-0.0176062248647212,-0.0188433807343244,-0.0184241831302642,-0.0212416350841522,-0.0222490914165973,0.0003961292095482,-0.0064439713023602,0.0043191299773752,-0.0227153096348047,-0.0249664336442947,-0.0616215094923973,-0.0098399389535188,0.0089009944349527,-0.020394729450345,0.0085564386099576,-0.0025989508721977,0.0085564404726028,-0.0226877853274345,0.0064482395537197,-0.0094078760594129,0.0004204707220196,-0.0006716132629662,-0.004691251553595,-0.0180322937667369,-0.0170689355581998,-0.0148593503981828,-0.0049389358609914,-0.0102578271180391,-0.0040645143017172,0.020014563575387,0.0205132290720939,-0.0116874035447835,-0.0113266035914421,-0.0044132317416369,-0.0102059599012136,-0.0192645452916622,-0.0007329197251237,-0.0197048522531986,-0.0090357158333063,0.0017893139738589,-0.024183515459299
3640,-0.0168322809040546,-0.0174676980823278,-0.0224568638950586,0.0091160340234637,-0.0035506025888025,0.0142024904489517,-0.0484736785292625,-0.0352731868624687,-0.0241692923009395,-0.0066484804265201,-0.0266163013875484,-0.0105775063857436,-0.03733741492033,-0.0091214720159769,-0.0177094936370849,-0.0327377207577228,0.0017594122327864,-0.0147028863430023,0.0011244575725868,-0.0444469489157199,0.0264464542269706,-0.0124209774658083,-0.0105324853211641,-0.0288209952414035,-0.049377828836441,-0.0099759269505739,0.0158853642642498,-0.0261239968240261,-0.0074877645820379,-0.0348332598805427,0.0340391062200069,-0.015222430229187,-0.0035506756976246,-0.0162827782332897,-0.0437426716089248,-0.0022550178691744,-0.0107710137963294,-0.0162827894091606,-0.0228696465492248,-0.041761826723814,0.0011753952130675,-0.0290032140910625,-0.0297040492296218,-0.0338757149875164,0.0237410068511962,-0.0089383274316787,-0.0171978361904621,-0.0426875166594982,0.0369693413376808,0.0121246799826622,-0.0125655699521303,-0.0213700868189334,-0.0199585743248462,-0.0016873239073902,-0.0080528743565082,0.0049111461266875,-0.0129258586093783,-0.0126783642917871,0.0237830989062786,0.0011244600173085,0.024324269965291,0.0011244548950344,0.0043060099706053,-0.0386276021599769,-0.0142109701409935,-0.0384549796581268,0.0006377510726451,-0.0102100428193807,-0.0202186405658721,-0.010577505454421,-0.0300862342119216,0.0924737006425857,-0.0151782929897308,-0.0434858947992324,-0.0133513351902365,0.0172372087836265,-0.000822672736831,0.0172372050583362,-0.0013311724178493,-0.0275568291544914,-0.0056094815954566,0.002917094156146,-0.0147956423461437,-0.016275517642498,0.0013558759819716,0.0015598708996549,-0.0178933180868625,0.0222856011241674,0.0048814951442182,-0.0293384101241827,0.0340391099452972,-0.0342361629009246,-0.0078382110223174,0.0022332207299768,-0.0128166005015373,-0.0001706096809357,-0.017048617824912,-0.0366924777626991,-0.0001230507623404,-0.0125655699521303,0.0029561556875705,-0.0461802519857883
3641,-0.0059763952158391,-0.0111706927418708,-0.0813870653510093,0.003753955475986,0.0059667145833373,0.0212076287716627,-0.034117080271244,-0.0038190889172255,-0.0403950288891792,-0.0052661434747278,-0.051485389471054,-0.0149664664641022,-0.3067823350429535,-0.0132687091827392,-0.1250523030757904,0.0043199677020311,0.0364110767841339,-0.0243064127862453,0.0005256999284029,-0.0127594321966171,0.0133678074926137,0.0086018666625022,-0.0353455618023872,-0.0182900670915842,-0.0158180855214595,0.0096622630953788,-0.0087183602154254,-0.0089491698890924,-0.014262662269175,-0.0518689081072807,0.0367078781127929,-0.0070174247957766,0.0059667094610631,-0.0029670437797904,-0.3561008870601654,0.0186730194836854,-0.0327559448778629,-0.0029670826625078,-0.0899016484618187,-0.0004124902188777,0.0130985453724861,-0.016581654548645,0.0216905325651168,-0.0082192830741405,-0.0330022051930427,-0.0104708597064018,-0.0035087806172668,-0.3049364387989044,0.040330596268177,-0.0031204011756926,0.0447126291692256,-0.0358172319829463,-0.0841536968946456,0.0148368487134575,0.0073670195415616,-0.0012500480515882,0.0067602563649415,-0.0057658869773149,-0.0299745686352252,0.0005257043521851,0.0035389107652008,0.0005257043521851,-0.0086881592869758,-0.1068522557616233,-0.0018746834248304,-0.0328233875334262,-0.0034157526679337,-0.0020848736166954,-0.0234431829303503,-0.0149664618074893,0.0111231096088886,0.0857450738549232,-0.0194823779165744,-0.3775666654109955,-0.0144556518644094,-0.0166849177330732,-0.006126644089818,-0.0166847538203001,0.0351720303297042,-0.0131732411682605,0.0097084380686283,0.0116920638829469,0.0022492883726954,-0.0090836295858025,0.0123116066679358,0.000178062764462,-0.0077149453572928,-0.0090987756848335,-0.015343677252531,-0.0095885936170816,0.0367078781127929,-0.006911152973771,0.0111769158393144,-0.0080295475199818,0.0043920683674514,-0.046638585627079,-0.0111133120954036,-0.0523689985275268,0.0151508674025535,0.0447126291692256,-0.0362428091466426,-0.024102771654725
3642,-0.0160314012318849,-0.0342871807515621,-0.0247376840561628,-0.006149832624942,-0.006556489970535,0.0064147426746785,-0.0324938260018825,-0.0192039478570222,-0.0449891500174999,-0.0043855686672031,-0.0397129692137241,-0.0205032024532556,-0.0486079677939415,-0.0205462537705898,-0.034535888582468,-0.0004005281371064,0.0370813906192779,-0.0270770713686943,-0.0081893252208828,-0.0252154413610696,0.0042443019337952,-0.005590062122792,-0.0170498602092266,-0.0180221516638994,-0.0259205363690853,0.0211861729621887,0.0088433986529707,-0.0246534049510955,0.0027428779285401,-0.0356262400746345,0.0170413553714752,-0.0012687556445598,-0.0065565002150833,-0.0205027163028717,-0.0474812611937522,-0.0032272930257022,-0.021502960473299,-0.0205026753246784,-0.0226853303611278,-0.0155210169032216,0.0204436089843511,-0.0278157703578472,0.0068209976889193,-0.0260626226663589,0.0293835513293743,-0.0317270830273628,-0.0128354355692863,-0.0346551388502121,0.0178271457552909,0.0091336704790592,0.0031202849932014,-0.0239532329142093,-0.0169444754719734,0.0136705692857503,0.0208553485572338,0.000686528161168,-0.0035613183863461,0.0034771780483424,0.0276779122650623,-0.0081893214955925,0.0073557281866669,-0.0081893252208828,-0.0058574192225933,-0.0726538300514221,0.0092352768406271,-0.0049367435276508,-0.0102441757917404,-0.0035642469301819,-0.0525839328765869,-0.0205032005906105,-0.0231753457337617,-0.0068885739892721,-0.0147489756345748,-0.0557811185717582,-0.0186992399394512,0.0189302619546651,-0.0090761836618185,0.0189301818609237,0.0385606288909912,-0.0216044913977384,-0.0128159001469612,0.00073958421126,0.0102241141721606,-0.0297524780035018,0.0223407875746488,-0.0084852958098053,-0.0267450660467147,0.0194606781005859,0.0151043441146612,-0.0218942761421203,0.0170413553714752,-0.0076463837176561,0.0045788884162902,-0.0074891089461743,-0.0047674444504082,-0.002608094131574,-0.0127299297600984,-0.0358978249132633,0.0186399258673191,0.0031202849932014,-0.00184404454194,-0.0287862792611122
3643,-0.0062354099936783,-0.0118526350706815,-0.0263501610606908,0.0194082967936992,-0.0018636579625308,0.0243155900388956,-0.0302004218101501,-0.016380725428462,-0.0360156968235969,-0.0059568169526755,-0.0380591973662376,-0.0078550428152084,-0.0151452980935573,-0.0083726458251476,-0.0219292696565389,0.0054642595350742,0.0411530919373035,-0.0366367399692535,0.0011025223648175,-0.0231881141662597,0.0144176315516233,0.0057713249698281,-0.0041326154023408,-0.01125278044492,-0.0182729084044694,-0.0089925527572631,0.0084628444164991,-0.0121403476223349,0.0015480676665902,-0.0355091951787471,0.0489849038422107,-0.0344922840595245,-0.0018636572640389,0.0040407050400972,-0.0130766760557889,0.0126041118055582,-0.0204179883003234,0.0040407003834843,-0.0151499863713979,-0.0155598456040024,0.019494704902172,-0.010658255778253,0.009233265183866,-0.0122990906238555,0.0059822187758982,-0.0107853403314948,-0.0014602290466427,-0.018872071057558,0.0539542697370052,0.0060615134425461,0.0242137983441352,-0.0186352264136075,0.0116311591118574,0.0219351109117269,0.0343320146203041,0.0065750707872211,0.0056237252429127,0.0065702572464942,0.0045383102260529,0.0011025140993297,0.0164703521877527,0.0011025150306522,-0.0008272300474345,-0.0799422413110733,0.0181048773229122,0.0037607960402965,0.0078602507710456,0.007929646410048,-0.010606275871396,-0.0078550763428211,-0.0085504278540611,0.0514808595180511,-0.0317061878740787,-0.0110335135832428,-0.0173786114901304,-0.0011307643726468,0.0014173354720696,-0.0011307764798402,0.0311967320740222,-0.0063150050118565,0.0057969163171947,0.0096332803368568,-0.0244043096899986,-0.0005208631046116,0.0280429627746343,0.0006790604093112,-0.0155601948499679,0.008820354938507,0.0067223510704934,-0.0040817991830408,0.0489849038422107,0.0029368866235017,0.01181226875633,0.0014623244060203,-0.0002992330119013,-0.0120242582634091,-0.0091945640742778,-0.0358711928129196,0.0276805832982063,0.0242137983441352,-0.0066904937848448,-0.0344467349350452
3644,-0.0108391344547271,-0.0322369821369648,-0.0179821345955133,-0.0125387096777558,-0.0243071056902408,-0.0060541708953678,-0.013557132333517,-0.0077045373618602,-0.0342341661453247,-0.0129075329750776,0.0087725641205906,-0.027596054598689,-0.0261188335716724,-0.0252654217183589,-0.0166071448475122,-0.0313699170947074,-0.0121694058179855,-0.0109962560236454,0.0004305694601498,-0.0126260258257389,0.0212842468172311,-0.0025614749174565,-0.0074004787020385,-0.0194128938019275,-0.0033028356265276,-0.0124494712799787,0.0157012641429901,-0.0114367716014385,-0.0178554188460111,0.0010705199092626,0.0097711160778999,-0.0133763942867517,-0.0243071038275957,-0.0482808426022529,-0.0284987203776836,-0.006683605723083,-0.0067918747663497,-0.0482808463275432,-0.0223812293261289,-0.0074435407295823,-0.0156424846500158,-0.0271736271679401,-0.0286378357559442,0.0162207391113042,-0.0046054767444729,-0.0301780775189399,-0.0095081012696027,-0.0237604789435863,0.0100189950317144,0.0156672578305006,0.0036535197868943,-0.0216967202723026,-0.0089677972719073,-0.0038399754557758,0.015252461656928,-0.0109445452690124,-0.0045654354616999,0.0020594922825694,-0.0090924967080354,0.0004305715556256,-0.0084357745945453,0.0004305670736357,-0.0167861226946115,0.0370915308594703,0.0115894991904497,0.0317219197750091,-0.0134438201785087,-0.0326681733131408,-0.0651484131813049,-0.0275960527360439,0.0369181707501411,0.0433665141463279,-0.013776640407741,-0.029907613992691,-0.0243109855800867,-0.019614165648818,-0.0124829793348908,-0.0196141712367534,-0.0213149283081293,-0.0174173656851053,0.004451600369066,-0.0139769632369279,-0.0119648557156324,-0.0469955131411552,0.0041295429691672,1.2541422620415688e-05,-0.0060603972524404,0.0113837867975234,-0.0140166636556386,0.0080399774014949,0.0097711132839322,-0.0228768996894359,-0.0071216947399079,-0.0144524779170751,-0.0032930737361311,-0.0129495961591601,-0.008955892175436,-0.0004891494754701,0.0041583515703678,0.0036535197868943,-0.0098452540114521,-0.0252170208841562
3645,0.0042621679604053,0.0315335988998413,0.036997877061367,-0.0179494731128215,0.0418481230735778,0.0271891951560974,0.0144514329731464,0.0011542583815753,0.0219642929732799,0.002399752382189,0.0089804949238896,0.0271986257284879,0.0226368252187967,0.0471731014549732,0.0487379878759384,-0.0022683404386043,-0.0160061363130807,0.0474328026175498,0.0043501718901097,-0.0038797699380666,-0.0047830706462264,0.0269754864275455,0.0570847764611244,0.0401546582579612,0.0063588987104594,-0.0113174272701144,-0.0009650405263528,-0.0033997688442468,0.0098540745675563,0.0230054780840873,0.0084909265860915,-0.0084055662155151,0.0418481267988681,0.0011842753738164,-0.0006351514020934,-0.0090368501842021,0.0174317546188831,0.0011841980740427,0.0439969711005687,-0.0007227640016935,-0.0023833573795855,0.0300409961491823,-0.0109604848548769,0.0083698313683271,-0.0013922981452196,0.0424408465623855,-0.0028895633295178,0.0147975580766797,-0.0024234633892774,0.0029834583401679,0.0431068874895572,0.0580653771758079,-0.0152201708406209,-0.0052307015284895,-0.0263773649930953,0.0052898037247359,0.0220518503338098,-0.0014323082286864,0.0006140025798231,0.0043501993641257,0.0104365861043334,0.0043501923792064,0.0062497998587787,-0.0110038043931126,-0.0217248983681201,-0.0165672171860933,-0.0074626873247325,0.0121711799874901,-0.0230467151850461,0.0271986257284879,0.0064924512989819,-0.0312608331441879,0.019732229411602,0.0017288302769884,0.0156938135623931,0.0100783864036202,0.0008925721049308,0.010078358463943,-0.0129216536879539,0.0225632227957248,-0.0017861551605165,0.0422531142830848,-0.0172934848815202,-0.0090056620538234,-0.0193377248942852,0.006577291060239,-0.0041241021826863,-0.0092838956043124,-0.0090814856812357,0.0061248326674103,0.0084911538287997,0.000372536946088,0.0097011355683207,0.0052778208628296,-0.0022145453840494,-0.012083226814866,0.0214357394725084,0.0230092853307724,-0.0260307751595973,0.0431068874895572,0.0003435143735259,-0.0049878256395459
3646,-0.0218301750719547,-0.022899679839611,-0.0291536599397659,0.0019198614172637,-0.0059204455465078,-0.0015251714503392,-0.0290098413825035,-0.0144755290821194,-0.0423686504364013,0.004398372489959,-0.0274996161460876,-0.0147602884098887,-0.0615285225212574,-0.0132122877985239,-0.0339514724910259,-0.0077215461060404,0.030537199229002,-0.0199990104883909,-0.0101770255714654,-0.0199200492352247,-0.0064385831356048,-0.0090310694649815,-0.0018232138827443,-0.0161642134189605,-0.0084258206188678,0.0514108389616012,0.0021381387487053,-0.0240810923278331,-0.0130327111110091,-0.0243745502084493,0.003970144316554,0.0191103462129831,-0.0059204446151852,-0.0170934461057186,-0.0750331282615661,-0.0178734883666038,-0.0136606004089117,-0.017093438655138,-0.0298667699098587,-0.0103155924007296,0.0087284473702311,-0.0211477000266313,-0.0100565394386649,-0.0072469050064682,0.0138095710426568,-0.0198060143738985,-0.0214658863842487,-0.0663114413619041,0.0042494945228099,0.0039195795543491,-0.0089423209428787,-0.0189910642802715,-0.0218818522989749,0.0172229260206222,0.0498108901083469,0.0018885543104261,-0.0088429665192961,0.0106403678655624,0.0152322025969624,-0.0101770246401429,-0.002965391613543,-0.0101770237088203,-0.0147622367367148,-0.0428665280342102,0.0185246113687753,0.0605138316750526,-0.0038912917952984,-0.0114468205720186,-0.0254579521715641,-0.0147602874785661,0.0039533413946628,-0.0427908971905708,-0.0021909102797508,-0.0741764903068542,-0.0113760763779282,0.0126728853210806,-0.0050716502591967,0.012672858312726,0.0141331851482391,-0.0186389684677124,-0.0141728715971112,-0.0043987617827951,0.034965518862009,-0.0196156315505504,0.0247992910444736,-0.0097971241921186,-0.0253137908875942,0.0088918004184961,0.0002565924078226,-0.0066789323464035,0.003970144316554,-0.0086879022419452,0.0033208355307579,-0.0107673481106758,-0.0172236543148756,-0.0144509114325046,-0.015580023638904,-0.0254409536719322,0.0116391899064183,-0.0089423209428787,-0.0073177376762032,-0.03202760592103
3647,-0.009882254526019,-0.0048728473484516,-0.0178696308284997,0.0243887230753898,-0.0276843905448913,-0.0092366682365536,-0.024171719327569,-0.0136062745004892,-0.0221512392163276,-0.0055397553369402,0.0032590914051979,-0.0127419037744402,-0.0313327088952064,-0.0135598238557577,-0.0156121347099542,-0.0115259643644094,-0.0043765315786004,-0.0210180804133415,-0.0311419535428285,-0.0195151790976524,-0.0302081368863582,0.000445022364147,-0.0336555540561676,0.0044280388392508,-0.0219031311571598,-0.02824367582798,-0.0156247103586792,-0.0193413607776165,-0.0081010134890675,0.0079491036012768,0.0083147063851356,-0.031599074602127,-0.0276843886822462,-0.0206152237951755,-0.0325802341103553,-0.0308227501809597,0.0029996549710631,-0.0206151325255632,-0.0135271158069372,-0.0061544403433799,-0.0129964537918567,7.857417222112417e-05,-0.0030935760587453,-0.0512944608926773,-0.0265835747122764,-0.0088325319811701,-0.0046178912743926,-0.0273715406656265,0.009499529376626,-0.0126339141279459,-0.003846141975373,-0.0129926856607198,-0.0244603566825389,0.0019033036660403,0.0238370411098003,-0.0065911188721656,-0.0025466638617217,-0.0024046953767538,-0.0288796499371528,-0.0311419516801834,-0.000232478021644,-0.0311419498175382,-0.0121504478156566,0.0155256371945142,-0.0036508971825242,0.0255428850650787,0.0149388229474425,-0.0109324436634778,-0.0314229615032672,-0.0127419047057628,-0.0595994070172309,-0.099855437874794,-0.0215299427509307,-0.0355061553418636,-0.0180297475308179,-0.0324166156351566,0.0072892839089035,-0.0324166119098663,-0.0288212280720472,0.0007368829101324,-0.0475775487720966,-0.0184445511549711,-0.0317634940147399,-0.0275404639542102,0.0057523278519511,-0.0320555716753006,-0.0292056016623973,-0.0139857772737741,-0.0167388282716274,-0.0525134354829788,0.008314711973071,-0.0240351967513561,-0.0039928802289068,-0.0034460755996406,-0.0008427461725659,-0.0175873693078756,-0.0157679691910743,0.0074690035544335,-0.0090738218277692,-0.003846141975373,-0.0033833677880465,-0.0290224570780992
3648,-0.007054575253278,-0.0046050921082496,-0.0243779886513948,-0.0082371030002832,-0.0386819317936897,-0.0176696926355361,-0.0194475464522838,0.0006065708585083,-0.0103047415614128,-0.0046786619350314,0.0002795483451336,-0.0108046028763055,-0.0197481084614992,-0.0094251707196235,-0.0097135454416275,-0.0083602974191308,-0.0256913099437952,-0.0109183825552463,-0.0419919826090335,-0.0069950497709214,-0.0193932652473449,0.0081780012696981,-0.0340966582298278,-0.0046466412022709,-0.0016056057065725,0.0032865479588508,-0.0159278139472007,-0.0009066159254871,-0.0223652049899101,0.0005469676689244,0.0012972877593711,-0.0126703679561614,-0.0386819206178188,-0.0177271701395511,-0.0296816974878311,-0.0181488171219825,0.0058188526891171,-0.0177271608263254,-0.0260874237865209,-0.0008972252253443,-0.016355775296688,-0.0052354075014591,-0.0093226265162229,-0.000949474517256,-0.0251564159989357,-0.0057327002286911,-0.0100356489419937,-0.0369679220020771,0.0019495708402246,-0.0119030214846134,0.0117969252169132,-0.024441435933113,-0.0189061164855957,-0.0182415079325437,-0.0328425876796245,0.0031153184827417,0.0033174459822475,-0.0229778364300727,-0.0249980203807353,-0.0419919863343238,0.0093425512313842,-0.0419919863343238,-0.0035996357910335,0.0042250044643878,-0.0271632373332977,-0.0449389740824699,-0.0099385939538478,-0.0144301541149616,-0.0187805537134408,-0.010804608464241,0.0099724065512418,-0.0527234524488449,-0.0151441358029842,-0.022791801020503,-0.0131097994744777,-0.0284806210547685,-0.007729222998023,-0.028480626642704,-0.0272433869540691,-0.0048683676868677,-0.0148367974907159,-0.0272641982883214,-0.0053255436941981,-0.023936353623867,-0.0228300765156745,-0.0419402010738849,0.0052467659115791,-0.0141674736514687,-0.0261332057416439,-0.0017490178579464,0.001297292066738,-0.0056579462252557,-0.008666057139635,-0.0051860241219401,-0.0078828763216733,-0.0357546806335449,-0.015517933294177,-0.0020171515643596,-0.0201048646122217,0.0117969252169132,-0.0133262183517217,-0.0203164387494325
3649,-0.0083769205957651,-0.0364289134740829,-0.0147717799991369,0.0227036718279123,0.0130766984075307,0.0089633576571941,-0.0232318919152021,0.0058153537102043,-0.0323591455817222,-0.0002565248869359,-0.0118110124021768,-0.0069645675830543,-0.0316938869655132,-0.0111694699153304,-0.0135000180453062,-0.0123588759452104,-0.018758961930871,-0.0082686888054013,-0.027329271659255,-0.0007316716946661,0.0050902827642858,-0.0048955315724015,-0.0219079386442899,-0.0072327284142374,0.0035345703363418,-0.0264715477824211,-0.0003400300629436,-0.0059298085980117,-0.0152423717081546,-0.0089740101248025,0.0069150645285844,-0.0185506995767354,0.0130766918882727,-0.0363268852233886,-0.0352923572063446,-0.0023842598311603,-0.0105199301615357,-0.0363268852233886,-0.0178736001253128,0.0127691626548767,-0.0151498699560761,-0.0214841160923242,-0.0069303293712437,0.0086379768326878,0.0001133834011852,-0.0324229225516319,-0.00816594902426,-0.0255195293575525,0.0068490803241729,0.0011434888001531,-0.0009670421713963,-0.0163037460297346,-0.0257125124335289,-0.0134321525692939,-0.0086049772799015,-0.0128229279071092,-0.0065153795294463,-0.0078329527750611,0.0036180571187287,-0.0273292753845453,-0.0135810449719429,-0.027329271659255,-0.0182850360870361,-0.0140981879085302,-0.0092984568327665,0.0086543038487434,0.01617032289505,-0.0218655075877904,-0.0585777349770069,-0.0069645103067159,0.0258920341730117,0.0204112268984317,-0.013367080129683,-0.0368940606713295,-0.0089014479890465,0.011519705876708,0.0095988307148218,0.0115197030827403,-0.0174082033336162,-0.0157002471387386,0.0056233308278024,0.0100210290402174,-0.0231966022402048,-0.0439628846943378,-0.0118117779493331,-0.0278575234115123,-0.0072092041373252,0.0057461010292172,-0.0183540768921375,0.0056385057978332,0.0069150691851973,-0.0108732031658291,-0.0094564193859696,-0.0071813417598605,-0.0028016578871756,-0.0225324556231498,-0.0112705742940306,-0.0065741073340177,-0.015054446645081,-0.0009670421713963,-0.0143582727760076,-0.0144027657806873
3650,-0.0173954311758279,0.0088603422045707,-0.0167752671986818,-0.0033543605823069,-0.0085863070562481,0.0053798202425241,-0.0296364445239305,-0.0137844029814004,-0.0133319972082972,-0.008189489133656,-0.0142953731119632,-0.0042394674383103,-0.0126381739974021,-0.0059524034149944,-0.0061876201070845,0.0022811498492956,-0.0200683660805225,-0.0122584197670221,-0.0109758377075195,-0.0188664216548204,-0.0086271986365318,-3.332050982862711e-05,-0.0161554962396621,0.0114864502102136,-0.0145762888714671,-0.0445273406803607,-0.0143421962857246,-0.0127327451482415,0.0035069552250206,-0.0044692503288388,0.0157796889543533,-0.0260869096964597,-0.008586305193603,-0.003986622672528,-0.0177229307591915,0.0022722429130226,-0.0025202794931828,-0.0039866175502538,-0.016646422445774,-0.0150586804375052,-0.0142062120139598,0.0117142125964164,-0.0007314204704016,0.0005403866525739,-0.0281903352588415,0.0032516387291252,-0.0196919813752174,-0.0253533497452735,0.0156203638762235,-0.0154334921389818,0.0032116058282554,-0.0145100355148315,-0.0158636476844549,-0.0115825599059462,-0.0147314155474305,-0.0150519106537103,-0.0027305460534989,-0.0147554147988557,-0.0272079426795244,-0.010975832119584,-0.006829822435975,-0.010975832119584,-0.0117848254740238,-0.0261750482022762,-0.0219368115067482,-0.0255317017436027,0.0003742086701095,0.0048943907022476,-0.0200738348066806,-0.0042394660413265,0.0067789140157401,0.0105846133083105,-0.016559274867177,-0.0107995774596929,-0.0083110500127077,-0.0261069908738136,0.0021663673687726,-0.0261069945991039,-0.0266752503812313,0.0100445840507745,0.0069108745083212,0.000287867616862,-0.0378695353865623,-0.0117856403812766,-0.015931274741888,-0.0101670576259493,-0.0076588112860918,-0.0187490638345479,-0.0124410688877105,0.0113615235313773,0.015779685229063,0.0073286169208586,-0.0091756144538521,-0.0056893764995038,-0.017467712983489,-0.0111648449674248,-0.009925240650773,-0.0008145431056618,-0.0193340331315994,0.0032116058282554,-3.721786197274923e-05,-0.024826755747199
3651,-0.0114959627389907,-0.0092076305299997,-0.026826063171029,0.0123550286516547,-0.0118070486932992,-0.0143072018399834,-0.0260982904583215,-0.0117145031690597,-0.0144405402243137,0.0016509969718754,-0.0069849900901317,-0.0056549939326941,-0.0154138561338186,-0.0131761375814676,-0.0222025606781244,0.0058506000787019,0.0068560289219021,-0.0266779400408267,-0.004502831492573,-0.0182857140898704,-0.0256330668926239,0.0113359428942203,-0.0243138596415519,-0.0068600350059568,-0.0115911792963743,-0.0078958757221698,-0.0311983674764633,-0.0079941367730498,0.0012313502375036,-0.0084084812551736,-0.0160803366452455,-0.0132183237001299,-0.0118070449680089,-0.0065091955475509,-0.015959084033966,-0.0009433878585696,-0.0091498438268899,-0.0065091717988252,-0.0250551868230104,-0.0149880591779947,0.0089062973856925,-0.0068422150798141,0.0026258914731442,0.0098683591932058,-0.0194506831467151,-0.0115458909422159,-0.0130347218364477,-0.0244561471045017,-0.0170895457267761,-0.0346315950155258,0.0357423946261405,-0.0262597929686307,-0.0054082358255982,-0.0043844771571457,0.0039363587275147,-0.0002237586304545,0.0098740570247173,-0.0063031534664332,-0.0177267603576183,-0.0045028291642665,0.0057250899262726,-0.0045028310269117,-0.0051838411018252,-0.0121615538373589,-0.0032592704519629,0.0109562510624527,0.0090172570198774,-0.0007794140838086,-0.0135058145970106,-0.0056549911387264,0.0163515266031026,0.0150492563843727,-0.0199373513460159,-0.0107753090560436,-0.0077241510152816,-0.0152945462614297,0.0066895363852381,-0.0152945406734943,0.0093155140057206,-0.0034630624577403,0.0096862176433205,-0.0129113607108592,-0.0105864824727177,-0.008978372439742,-0.0056481300853192,-0.00459103891626,-0.0024916257243603,-0.0293017402291297,0.0116004338487982,0.0218442622572183,-0.0160803347826004,0.0125545300543308,-0.0023202137090265,-0.0003088400117121,-0.0123318489640951,0.0103844264522194,-0.013019511476159,-0.0080725913867354,-0.0070098228752613,0.0357423946261405,0.0076046157628297,-0.0282211601734161
3652,0.0064232028089463,0.0122747421264648,0.0053953751921653,0.002631161827594,0.0402781292796134,0.0209982004016637,0.019854774698615,-0.0025524969678372,0.0476467162370681,-0.0052817328833043,0.0079330913722515,0.0172541048377752,0.0116577325388789,0.0242550838738679,0.0262393988668918,-0.0267530791461467,0.004934755153954,0.0296658426523208,-0.0062855035066604,-0.0062994277104735,0.0019851250108331,0.0225777719169855,0.0231355689465999,0.0185490846633911,0.0093493405729532,-0.0095990747213363,0.000168948303326,-0.0125856781378388,0.0180199351161718,0.0140902632847428,0.0007216045632958,-0.0048236679285764,0.040278136730194,0.0159672684967517,-0.0113052343949675,-0.0180172435939311,-0.0057466798461973,0.0159672424197196,0.0048889070749282,-0.0023910962045192,0.0080367540940642,0.0148863391950726,-0.0418043881654739,0.0106685971841216,-0.0045039481483399,0.0213357396423816,0.0005412802565842,-0.0049791131168603,-0.0037425011396408,0.0020060816314071,0.053322434425354,0.0120769180357456,0.0019724159501492,-0.0033106284681707,-0.0130624119192361,-0.0006948979571461,0.0201261676847934,-0.0055942293256521,-0.0019641588442027,-0.0062855402939021,0.010262481868267,-0.0062855286523699,0.006311441771686,-0.012786166742444,0.000357594108209,-0.0227118171751499,0.0013189776800572,0.0207391530275344,-0.004568038508296,0.0172541067004203,0.012937513180077,-0.0010962113738059,0.0033461190760135,-0.0034721074625849,0.0115052871406078,0.010148930363357,-0.0009115661960095,0.0101489331573247,0.0031507851090282,0.0133772836998105,-0.0057590692304074,0.0335106439888477,-0.0101403258740901,0.0024979705922305,-0.0045242914929986,-0.0040412587113678,-0.0109223714098334,-0.0042468863539397,-0.0012024885509163,0.0011081711854785,0.0007215617224574,-0.0195605959743261,0.0049020173028111,0.003511280985549,0.0062337601557374,-0.0020986744202673,0.0024670185521245,0.0144078442826867,0.0021742088720202,0.053322434425354,-0.0075532086193561,-0.000931050395593
3653,-0.0151535421609878,-0.0336497649550437,-0.0433892533183097,-0.0067734853364527,0.0045727910473942,0.0178446173667907,-0.0327228344976902,-0.0185422990471124,-0.0307915676385164,0.0013509147102013,-0.0382540486752986,-0.0106565132737159,-0.0646067261695861,-0.0126169081777334,-0.0335446335375309,-0.0160568933933973,0.0368439406156539,-0.0206026472151279,-0.0068669212050735,-0.0245780907571315,0.0192128121852874,-0.0086360927671194,0.0079288892447948,-0.0412721261382103,-0.0259256511926651,0.0387875810265541,0.0089275054633617,-0.0191705841571092,-0.0168361011892557,-0.0474936142563819,0.0301390718668699,0.0080399932339787,0.0045727910473942,-0.0114593850448727,-0.081208199262619,-0.0018344670534133,-0.0196868199855089,-0.011459382250905,-0.0456980764865875,-0.0166114941239357,0.0123434588313102,-0.0423466116189956,-0.0195110458880662,-0.0259462818503379,0.0111907422542572,-0.0222034268081188,-0.0129053983837366,-0.0776234939694404,0.0331148505210876,0.0129450615495443,0.002648647641763,-0.042553212493658,-0.0226590353995561,0.0183180700987577,0.0313467793166637,0.0082955658435821,-0.0086360946297645,0.0047488743439316,0.0111388163641095,-0.0068669239990413,0.0129535505548119,-0.0068669221363961,-0.0017947871237993,-0.0626280307769775,0.0080195683985948,0.0057352390140295,-0.0103437574580311,-0.0093266125768423,-0.0194354373961687,-0.0106565365567803,-0.0244856122881174,0.0603977367281913,-0.0156488809734582,-0.0792674198746681,-0.0088508650660514,0.0119206616654992,-0.0087541956454515,0.0119206570088863,0.0281873289495706,-0.0373081900179386,-0.0054904292337596,0.0102374888956546,0.0252692550420761,-0.013444498181343,0.0255920495837926,-0.0067367469891905,-0.0212936699390411,0.0106378085911273,0.0003884002217091,-0.0208353493362665,0.0301390718668699,-0.0178328696638345,0.0032515968196094,-0.0056776250712573,-0.0091314679011702,-0.0227359868586063,-0.0151100512593984,-0.0528242774307727,0.0166750717908144,0.002648647641763,-0.0158963780850172,-0.0315776206552982
3654,0.0289478320628404,0.0184971801936626,0.0173452347517013,-0.0469635836780071,0.035033218562603,0.0247301124036312,0.0012632980942726,0.0221697781234979,-0.1052165478467941,-0.010933581739664,0.0104978773742914,-0.0515928864479064,0.0398065149784088,0.0121166184544563,0.061681218445301,-0.0093053337186574,0.0068846843205392,0.0609441511332988,-0.0093267560005187,0.0164780206978321,-0.0073506287299096,0.0326564237475395,0.0271007847040891,0.0163871478289365,0.014453743584454,0.0031928962562233,-0.0033169921953231,0.0116218570619821,0.0166858881711959,0.0113322930410504,0.0126704135909676,0.0072237919084727,0.035033218562603,0.013547264970839,0.0143893435597419,-0.0170876011252403,0.0180944688618183,0.0135472537949681,0.0096430880948901,0.0273682959377765,0.0222954582422971,0.0175689309835433,-0.0171151049435138,0.0019751563668251,-0.0059149460867047,0.0291849374771118,0.0289216600358486,0.0042738644406199,0.0047759832814335,0.0005142686422914,0.0540254227817058,0.0078694159165024,-0.0022255163639783,0.0036252869758754,-0.0190293155610561,0.0114662367850542,0.0324485786259174,0.0016044238582253,-0.001342870760709,-0.0093267541378736,0.0181972533464431,-0.0093267541378736,0.0183745939284563,-0.0153694124892354,-0.0153156053274869,-0.0246446505188941,-0.0363745987415313,0.0146918194368481,0.0186320692300796,-0.0515928827226161,-0.00605607079342,-0.0406255833804607,0.0181934311985969,0.0234314166009426,-0.039522536098957,0.0103601524606347,-0.021702280268073,0.0103602865710854,0.0157965738326311,0.010938617400825,-0.004465963691473,0.034816026687622,0.0057536852546036,0.0107719805091619,-0.0086323488503694,-0.0086127314716577,0.008582204580307,-0.0059510455466806,0.0248296577483415,0.0043099247850477,0.012670250609517,-0.0049722604453563,0.0157492030411958,0.0023406653199344,0.0348732993006706,0.0347548350691795,0.0188877135515213,0.0134714590385556,-0.0129384035244584,0.0540254227817058,0.028902443125844,0.0258219428360462
3655,-0.0125673338770866,-0.0200150571763515,-0.0063256472349166,0.0090238600969314,0.0154458014294505,0.0092182410880923,-0.045970968902111,-0.014816515147686,-0.0336673557758331,-0.0009896525880321,-0.0077585857361555,-0.0070080002769827,-0.0206055007874965,-0.007396429311484,-0.0143696572631597,-0.0105109000578522,-0.0135127622634172,-0.0112600848078727,-0.008386842906475,-0.0228996127843856,-0.0041305259801447,0.0025123017840087,-0.0179546885192394,0.0031523671932518,-0.015709513798356,-0.0094039216637611,-0.003627487225458,-0.0244183950126171,-0.0058094062842428,0.0012201176723465,0.0041217161342501,-0.0120312105864286,0.0154458014294505,-0.0143008837476372,-0.0233532506972551,-0.0078945467248559,-0.0027208481915295,-0.0143008837476372,-0.0051052849739789,-0.006071678828448,-0.0122374473139643,-0.0049718650989234,-0.0066984402947127,-0.0127533618360757,0.0088711464777588,-0.0208840835839509,-0.0094588799402117,-0.0175810847431421,0.0049693286418914,-0.005641346797347,0.0033093022648245,0.0024243495427072,-0.0158275682479143,-0.0130402129143476,-0.007615010254085,-0.007109347730875,0.0004761140735354,-0.0167602393776178,0.0100394356995821,-0.0083868466317653,-0.0057083703577518,-0.0083868475630879,-0.0129677103832364,-0.0177634973078966,-0.0141371898353099,-0.0139575563371181,0.0058717397041618,-0.0057760179042816,-0.0304876193404197,-0.0070080370642244,0.0043544098734855,0.0008149910718202,-0.0067258011549711,-0.0225988291203975,-0.0101100029423832,0.0137818939983844,0.0033521270379424,0.0137818939983844,-0.0189324431121349,-0.0014064293354749,-0.0076267425902187,0.011344869621098,-0.0137584451586008,-0.0197570398449897,-0.0110016157850623,-0.0083671994507312,-0.0325612537562847,0.0025776436086744,-0.0197420865297317,-0.007585534825921,0.0041217170655727,-0.0116908010095357,-0.009829107671976,-0.005820014514029,-0.0027478572446852,-0.0239600054919719,-0.0224081501364707,0.0024939514696598,-0.0117945522069931,0.0033093022648245,-0.0115612763911485,-0.0256397183984518
3656,-0.0097006699070334,-0.0135621512308716,-0.0079232165589928,0.0178450904786586,0.002262863330543,0.0126031599938869,-0.0180885531008243,0.0009711978491395,-0.031593769788742,-0.0047658057883381,0.0340879298746585,-0.0205542035400867,-0.0084928926080465,-0.0170277059078216,-2.1597137674689293e-05,0.0024908154737204,-0.0245765652507543,0.0006730086170136,-0.0201828442513942,-0.0070088449865579,0.0036703604273498,0.0049397498369216,-0.024768229573965,0.0126157198101282,-0.0087252436205744,-0.0115835387259721,-0.0073047601617872,-0.0075229904614388,-0.0028563528321683,0.0382496304810047,0.0211057551205158,-0.0078102364204823,0.0022628717124462,-0.0291294306516647,-0.0135438460856676,0.0114286169409751,0.0105946334078907,-0.0291294418275356,-0.0136683145537972,0.0035561805125325,-0.0205263812094926,0.000196143053472,0.01793291606009,-0.0132509330287575,-0.0328480787575244,-0.016908124089241,-0.014519072137773,-0.019995167851448,0.0230615623295307,-0.0053933090530335,0.0075386194512248,-0.0097234454005956,0.0014887382276356,-0.0135108772665262,0.0015939520671963,-0.0101123852655291,0.0004233360523357,-0.0168913472443819,-0.0341918803751468,-0.0201828405261039,-0.0092895422130823,-0.0201828442513942,-0.0178187638521194,0.090947538614273,0.0009280643425881,-0.0165469348430633,0.0095170456916093,-0.0119162052869796,-0.0529912859201431,-0.0205542054027318,-0.0097506744787096,0.0380581803619861,-0.0027001174166798,-0.0076721161603927,-0.0178235173225402,-0.0282361023128032,0.0031353617087006,-0.0282361023128032,-0.0372705832123756,0.0122916400432586,0.0019799876026809,0.0073900064453482,-0.0099863139912486,-0.0377944782376289,0.0011996766552329,-0.0204040184617042,-0.0043751113116741,-0.0127013400197029,-0.0179135277867317,-0.012290546670556,0.0211057569831609,-0.0049645835533738,-0.0174586474895477,-0.0078393090516328,-0.0081874011084437,-0.0152151882648468,-0.0362960509955883,0.0407145954668521,0.0097557986155152,0.0075386194512248,-0.004067538306117,-0.0159532092511653
3657,-0.0218677520751953,0.0120330583304166,0.0049209468998014,-0.0173981226980686,-0.000857382081449,0.0159404911100864,-0.030882254242897,-0.0263994000852108,-0.018319021910429,-0.009227137081325,-0.0098852850496768,0.0022356573026627,-0.0361901074647903,-0.0020204514730721,-0.0174774602055549,-0.0039051813073456,0.0010508464183658,-0.0021832222118973,-0.0139550268650054,-0.0302489548921585,-0.0084697045385837,-0.0174510441720485,-0.0129593480378389,0.0103020789101719,-0.0232426133006811,0.0241527035832405,-0.0125364232808351,-0.0322139598429203,-0.0188012458384037,-0.0001050831779139,0.0307840853929519,0.023419601842761,-0.0008573733502998,0.0095084756612777,-0.0386839471757411,-0.0016156395431607,-0.002261665649712,0.0095084980130195,0.0022394796833395,-0.0216014292091131,-0.0064986958168447,0.0084203379228711,0.003765664761886,-0.0204376094043254,-0.0173233803361654,0.0078417062759399,-0.0194251276552677,-0.0230125188827514,0.0320955291390419,-0.0110519025474786,-0.0340396761894226,0.0156434066593647,-0.0144143039360642,-0.0004697242984548,0.0103675965219736,-0.0058033745735883,-0.0170755684375762,-0.0040762084536254,-0.0168403554707765,-0.013955027796328,-0.007641882635653,-0.0139550305902957,-0.0166803933680057,-0.0019777622073888,0.0019948459230363,0.008671092800796,-0.0190196763724088,-0.0024035777896642,0.0318778343498706,0.0022356682457029,-0.018403310328722,0.0033514918759465,0.0177897103130817,-0.0396314784884452,0.0056914752349257,-0.0133183766156435,-0.0170341674238443,-0.0133183784782886,-0.008288575336337,0.0084538729861378,-0.0075937760993838,0.0079033644869923,0.0226320419460535,0.0135441282764077,0.0042861229740083,-0.0134551366791129,-0.0392639003694057,-0.013558599166572,-0.0102500487118959,-0.0131824985146522,0.0307840891182422,-0.0063589145429432,-0.0081535456702113,-0.0163754522800445,-0.0162943489849567,-0.0167164579033851,-0.0146966837346553,-0.0002208272926509,0.0018406552262604,-0.0340396761894226,-0.0068500032648444,-0.0323991663753986
3658,-0.0222169905900955,-0.0242425799369812,-0.0187156628817319,0.0174690764397382,-0.022724974900484,-0.0052226856350898,-0.0375109016895294,-0.0464055761694908,-0.0381477922201156,0.0088679753243923,-0.0435456410050392,-0.0076009780168533,-0.0691166371107101,-0.0077076507732272,-0.0273004528135061,-0.0371355712413787,-0.0134059162810444,-0.0104405749589204,-0.0623794831335544,-0.0512840077280998,0.0163068212568759,-0.0412240214645862,0.0040451046079397,-0.0205225683748722,-0.0358445271849632,0.0021222755312919,0.0058557582087814,-0.0513630285859108,-0.0092075206339359,-0.0339172556996345,0.01386552862823,-0.0062459744513034,-0.0227249711751937,0.0051024775020778,-0.0740079134702682,-0.0145952831953763,-0.0235646925866603,0.0051023932173848,-0.020703375339508,-0.0398957580327987,-0.0175008475780487,-0.0245401002466678,-0.0458283051848411,-0.016384195536375,-0.0076091019436717,-0.0190378911793231,-0.0144054405391216,-0.0481138154864311,0.015268500894308,0.0078511200845241,-0.0685426443815231,-0.0198327954858541,-0.0526147671043872,-0.003727211151272,-0.0053669088520109,0.0019988580606877,-0.0382965207099914,-0.0102602150291204,-0.0071313045918941,-0.0623794794082641,0.0098134856671094,-0.0623794943094253,-0.0045304442755877,-0.0588474124670028,-0.0197786763310432,-0.0338374748826026,0.0119539313018321,-0.0035791066475212,0.024809256196022,-0.007600964512676,-0.0107103995978832,0.0569345653057098,-0.0097138993442058,-0.0859201997518539,-0.0087494924664497,-0.0104415100067853,0.0102132735773921,-0.0104415072128176,-0.02531348913908,-0.028013015165925,-0.0062030954286456,-0.015301065519452,-0.0030659115873277,-0.000644919462502,0.0040228511206805,-0.0629915297031402,-0.0609157346189022,0.0031083663925528,-0.0117427501827478,-0.0124282659962773,0.0138655267655849,-0.0299188382923603,-0.0151727357879281,5.312284338288009e-05,-0.0053546400740742,-0.0085888737812638,-0.0148931173607707,-0.0355468019843101,-0.0077700703404843,-0.0685426443815231,-0.0059654428623616,-0.0503365136682987
3659,-0.0126163456588983,-0.0364437736570835,-0.0390409156680107,-0.0056558400392532,0.0207365676760673,0.0221060886979103,-0.036377377808094,-0.0134108932688832,-0.0288758054375648,-0.0075589115731418,-0.0339290872216224,-0.0191185250878334,-0.0363144129514694,-0.0206850934773683,-0.0238416604697704,-0.0327081941068172,0.0386297181248664,-0.0231550447642803,0.0109570147469639,-0.0221341103315353,0.0066612875089049,0.0081510143354535,0.0071099381893873,-0.0252081118524074,-0.0175311863422393,0.0173810124397277,0.0029894064646214,-0.0134896617382764,-0.0166666135191917,-0.0407429412007331,0.0241764392703771,-0.0124133992940187,0.0207365676760673,-0.0216342285275459,-0.0394025146961212,-0.0214170739054679,-0.0271081887185573,-0.021634230390191,-0.0397715978324413,-0.015289569273591,0.0201018117368221,-0.0303674787282943,-0.0375769920647144,-0.00043526571244,-0.008403867483139,-0.0323125422000885,-0.0134276822209358,-0.0442823693156242,0.0259681679308414,0.0101376874372363,0.0339129194617271,-0.0505098551511764,-0.0086064394563436,0.0131170619279146,0.0177469942718744,0.0002001986140385,0.0091774184256792,0.0006443220190703,-0.0051557156257331,0.0109570147469639,0.004662079270929,0.0109570138156414,-0.0089576868340373,-0.0748184621334075,0.0069325626827776,-0.0147758070379495,-0.0111761037260293,-0.0177521631121635,-0.029833260923624,-0.0191185213625431,0.0216709952801466,-0.0033090682700276,-0.0270010009407997,-0.0426825657486915,-0.0186920464038848,0.0068186251446604,-0.0124237164855003,0.0068184528499841,0.0418925434350967,-0.0247643701732158,-0.0101272435858845,0.0201768465340137,0.0058012842200696,-0.0187391601502895,0.0197429843246936,0.011294356547296,-0.0090895071625709,0.0025490508414804,0.0053361468017101,-0.0020129126496613,0.0241764299571514,-0.0251672677695751,0.008663959801197,-0.0101886140182614,-0.0089051146060228,-0.0135198924690485,-0.0099817253649234,-0.0405221469700336,0.0193749368190765,0.0339129194617271,-0.0154557265341281,-0.0292758587747812
3660,-0.0068439119495451,-0.0003197542391717,-0.010172015056014,-0.0411317124962806,-0.0069489399902522,0.0054149134084582,-0.0348413363099098,-0.0058687562122941,-0.0142966974526643,-0.0192492734640836,-0.001758343889378,0.0146183101460337,0.0061369943432509,0.0116145936772227,0.00898914411664,0.0108913434669375,-0.0163233038038015,-0.0029502036049962,-0.0275617949664592,-0.0148930819705128,-0.0113042034208774,0.0084777735173702,-0.0275529846549034,-0.0046859243884682,-0.0175959076732397,0.0179510917514562,-0.0037953783757984,-0.0078443568199872,-0.0005567038897424,-0.0085529787465929,0.0167000964283943,-0.0021939733996987,-0.0069489423185586,0.0122568542137742,0.0039330888539552,0.0029125849250704,0.0133523428812623,0.0122568635269999,-0.0082288812845945,-0.0040850238874554,-0.023053590208292,-0.0075666150078177,0.0193128678947687,-0.0211019907146692,0.0299503430724143,0.0075094681233167,-0.0055562779307365,-0.0095313368365168,0.0191750861704349,-0.0109218945726752,0.0146541902795434,-0.014467692002654,0.0145852658897638,0.0035344441421329,0.0244161821901798,0.0053664417937397,0.0023445808328688,-0.0011406303383409,0.0263249576091766,-0.0275617931038141,0.0142220752313733,-0.0275617968291044,-0.0033464631997048,0.0009257849305868,0.013886209577322,0.0214616935700178,-0.0406092666089534,0.0132744768634438,0.0064865215681493,0.014618257060647,-0.0151324532926082,-0.0076729599386453,-0.003669851925224,0.0109999813139438,0.0100959036499261,0.0141352685168385,-0.0311303995549678,0.0141352824866771,-0.0519662387669086,-0.0001928154379129,-0.0073018977418541,-0.0014215275878086,0.0092885931953787,0.0032390980049967,0.0101629476994276,-0.0271947048604488,-0.0054582613520324,0.0074478168971836,-0.0314226038753986,-0.0151527440175414,0.0167001001536846,0.0020561846904456,-0.0045215915888547,-0.0139516713097691,-0.0002197311259806,-0.0296965129673481,-0.0165911875665187,-0.0091931363567709,0.0114755807444453,0.0146541902795434,-0.0044722743332386,-0.026725947856903
3661,-0.0209611803293228,-0.003283420111984,-0.0154587281867861,-0.0114092491567134,-0.0344846844673156,-0.0099708773195743,-0.0326082482933998,-0.0183860044926404,-0.0186380557715892,-0.0094491466879844,-0.0091659501194953,-0.0018880299758166,-0.0226788874715566,-0.0020879907533526,-0.0086647272109985,-0.0002259593456983,-0.0246219225227832,-0.0076781408861279,-0.0023151612840592,-0.0233278404921293,0.0070764888077974,0.0132085941731929,-0.0218898076564073,-0.0132257100194692,-0.0078637525439262,0.0149361453950405,-0.0026637241244316,-0.0269478969275951,-0.0254324674606323,-0.0181855745613574,0.0134695656597614,0.0052409889176487,-0.0344846844673156,0.0106981573626399,-0.0255700647830963,0.0133660929277539,0.007904945872724,0.0106981582939624,-0.0161714479327201,-0.0117687080055475,-0.0260242279618978,-0.0092399287968873,0.0033632339909672,-0.0098012685775756,0.0133687816560268,0.000247046817094,-0.0179681200534105,-0.0202567279338836,0.015744948759675,-0.0082931807264685,0.0242924056947231,-0.0192714184522628,-0.018283287063241,-0.0085497666150331,-0.0053131822496652,-0.0018748238217085,0.0051032220944762,-0.0092077320441603,0.0111538209021091,-0.0023151552304625,0.003267447464168,-0.0023151582572609,-0.0106821442022919,-0.0188368633389472,-0.009621450677514,-0.0094063244760036,-0.0152660571038723,0.0022261068224906,0.0194290746003389,-0.0018880347488448,0.0005392367020249,0.0768958106637001,-0.0038902349770069,-0.0256722755730152,0.0002271705307066,-0.0034044068306684,-0.0138588501140475,-0.0034043851774185,-0.0405987426638603,-0.0105212833732366,0.0056823515333235,-0.0225493423640728,0.0128649910911917,0.0121584990993142,-0.0062019112519919,-0.0018525775521993,-0.0332391932606697,0.0021310395095497,-0.0432812273502349,-0.0021130358800292,0.0134695675224065,-0.0001843245700001,-0.0055055422708392,-0.0120134800672531,-0.0153265306726098,-0.0593498609960079,-0.0128029324114322,-0.0193180814385414,-0.0091571696102619,0.0242924056947231,-0.0249558053910732,-0.0334513075649738
3662,-0.0288304202258586,-0.0274520516395568,-0.0344210639595985,0.0189890172332525,-0.0002197697176598,0.0057396269403398,-0.0345710404217243,-0.0233028307557106,-0.0425547696650028,0.0049959197640419,-0.0318652242422103,-0.0156279746443033,-0.0657336339354515,-0.0148938465863466,-0.0274881497025489,-0.0161958169192075,-0.0055979592725634,-0.0110427737236022,-0.0159273874014616,-0.0275569632649421,-0.008192996494472,-0.0068107205443084,0.0012960489839315,-0.0183132421225309,-0.0230429675430059,0.0072168475016951,-0.01826779730618,-0.030655387789011,-0.0190110988914966,-0.0325071141123771,0.0119172520935535,0.0048501677811145,-0.0002197677385993,-0.0145067246630787,-0.0820744335651397,-0.005386128090322,-0.0153265111148357,-0.0145067255944013,-0.0415420047938823,-0.0215494520962238,-0.0107916425913572,-0.0243221521377563,-0.0149723002687096,-0.0217870287597179,-0.0110156033188104,-0.025545235723257,-0.0298526957631111,-0.0789083987474441,0.0135947428643703,-0.0190828125923872,-0.0047562825493514,-0.0341579727828502,-0.0178560018539428,0.0028324322775006,0.0097737358883023,-0.0051774303428828,-0.0083357468247413,-0.00083639199147,-0.0130756516009569,-0.0159273836761713,0.0006536920554935,-0.0159273874014616,-0.010147038847208,-0.0587772987782955,0.0036133183166384,0.0030563324689865,0.0117318788543343,-0.0128304054960608,-0.0181363057345151,-0.0156279783695936,-0.0145447719842195,0.051661517471075,-0.0073079844005405,-0.0796888768672943,-0.0104682696983218,-0.0104649122804403,0.0081630367785692,-0.0104650808498263,-0.0128344846889376,-0.0192166846245527,-0.0103974929079413,0.0018220827914774,0.0083004049956798,-0.0161489713937044,0.0088010374456644,-0.0147205051034688,-0.027602057904005,-0.0213480927050113,-0.020167713984847,-0.0185221321880817,0.0119172520935535,-0.0170490276068449,-0.0009741629473865,-0.0033333729952573,-0.0231654979288578,-0.0293730944395065,-0.0120462588965892,-0.0334052518010139,0.0089748920872807,-0.0047562825493514,-0.0171710439026355,-0.0309667997062206
3663,-0.0081092212349176,-0.0247672460973262,-0.0045024715363979,0.0305560957640409,-0.0035917530767619,0.0113561013713479,-0.0317316278815269,-0.0059594619087874,-0.0446536988019943,0.0131696704775094,-0.0032314835116267,-0.0423555895686149,-0.0023878435604274,-0.0341741405427455,-0.0111487414687871,0.0194172319024801,-0.0335945077240467,0.0016676485538482,-0.0036837235093116,-0.015302806161344,-0.013634412549436,-0.0033145556226372,0.0027150455862283,0.0005096167442388,-0.0140808504074811,0.0279311500489711,-0.0038652480579912,-0.0115528693422675,-0.012886956334114,0.012558658607304,0.0269325338304042,0.0218594409525394,-0.0035917470231652,-0.028402891010046,-0.0064658066257834,-0.0008549655904062,-0.005732970777899,-0.0284027829766273,-0.015399825759232,-0.0015262714587152,-0.0196815617382526,-0.0135587351396679,0.0279459189623594,-0.0183849800378084,0.0173770524561405,-0.0323981121182441,-0.0075511443428695,-0.0137640200555324,0.0292740240693092,-0.0038300105370581,0.0092639988288283,-0.0052235964685678,0.0052917790599167,-0.022447096183896,-0.0351941995322704,0.0020844736136496,-0.0077703963033854,-0.0258910953998565,0.0189106930047273,-0.0036837260704487,-0.002495942171663,-0.0036837225779891,-0.0126745644956827,0.0138652799651026,-0.0178123377263546,-0.0296923294663429,0.0220767315477132,-0.0151561787351965,-0.0508676618337631,-0.0423555858433246,-0.0198468044400215,-0.044172465801239,0.0102930022403597,0.0005058975657448,-0.029683768749237,0.0149496691301465,0.0135213322937488,0.0149496812373399,-0.0318873301148414,0.0009989775717258,-0.0084395166486501,0.0024567046202719,0.0262753833085298,-0.0329036563634872,-0.0280670691281557,-0.0033754701726138,-0.0144538022577762,0.0037920069880783,-0.0218898765742778,-0.0052977818995714,0.0269325356930494,0.0142998099327087,-0.0153444930911064,-0.0021829190663993,-0.0016455296427011,-0.0246103554964065,-0.0222236141562461,0.0095392186194658,-0.0140205631032586,0.0092639988288283,-0.0142418686300516,-0.0241403076797723
3664,-0.007632796652615,-0.031214416027069,0.0056633623316884,0.0350169874727726,0.0049369572661817,0.0237778909504413,-0.0334899052977561,-0.0083788940683007,-0.0418184362351894,0.004598326049745,-0.0122814904898405,-0.0128860063850879,-0.0165092814713716,-0.013721328228712,-0.012357915751636,0.0183284524828195,-0.0124637857079505,-0.0008085793815553,-0.0062900846824049,-0.0152617897838354,0.0078755710273981,-0.003678053850308,-0.0114862602204084,-0.0186457280069589,-0.0179484821856021,0.0105340825393795,0.0109107643365859,-0.0149772120639681,-0.0213417187333107,-0.011261474341154,0.0411430969834327,0.020454216748476,0.004936960991472,-0.0118632391095161,-0.0141973374411463,0.0158390812575817,-0.018214713782072,-0.0118632111698389,0.0003995397128164,-0.0005951266502961,-0.0139922769740223,-0.0275026410818099,0.0385736636817455,-0.0288607943803071,0.0330580398440361,-0.0269763022661209,-0.0027574347332119,-0.0109339924529194,0.0438193008303642,0.0062915873713791,0.0129176955670118,0.0090002520009875,-0.0042269136756658,-0.004163711797446,-0.0126953078433871,-0.003260483033955,-0.0060881585814058,-0.0135794635862112,0.0303290113806724,-0.0062900884076952,-0.0073038842529058,-0.0062900860793888,-0.0154739627614617,-0.0115428240969777,-0.0120197255164384,-0.0428134202957153,0.0233853831887245,-0.0158971939235925,-0.0040689962916076,-0.0128860184922814,-0.0251083876937627,0.0209871567785739,0.0146844312548637,-0.0145718185231089,-0.0054942062124609,0.0205315612256526,0.0121676214039325,0.0205315575003623,-0.0183193013072013,-0.0170584712177515,-0.0036531975492835,0.0138051267713308,0.0151839163154363,-0.0082765258848667,-0.0011897060321643,-0.0069608367048203,-0.0228841714560985,0.019652109593153,-0.0208949949592351,-0.0231943298131227,0.0411430969834327,0.0020603789016604,-0.0065372195094823,-0.0032518769148737,0.0016870945692062,-0.0253516342490911,-0.0142377112060785,-0.0156435426324605,0.003111561993137,0.0129176955670118,-0.0204864665865898,-0.0239592585712671
3665,-0.0012880124850198,-0.018586128950119,0.0226193126291036,0.0134783675894141,-0.0403126254677772,-0.0210149716585874,-0.0428094789385795,-0.0003575030132196,-0.031310137361288,0.0088424403220415,0.0337739512324333,-0.0132315540686249,-0.0029931794852018,-0.0050201108679175,0.0140461483970284,-0.0060156011022627,-0.0013829331146553,0.0297633633017539,0.0138698713853955,-0.0134279001504182,-0.0005684937350451,0.0076769548468291,0.01394484937191,0.0100440671667456,-0.0238550249487161,0.0051336381584405,-0.0024451757781207,-0.0022260691039264,-0.0073772585019469,0.0362136550247669,-0.0127341151237487,0.0159974098205566,-0.040312610566616,0.0004160664975643,-0.0093058897182345,-0.0075021740049123,0.021788440644741,0.0004160897806286,0.0122156534343957,0.0011263843625783,0.0001764169428497,-0.0008340952917933,-0.0030636014416813,-0.0384959653019905,-0.0342179164290428,-0.0172625631093978,-0.0038249995559453,-0.0016796831041574,-0.0137296142056584,0.0031425459310412,-0.0055384892039,0.0240768995136022,-0.0194369610399007,-0.0082187363877892,-0.0041855159215629,-0.0009262530365958,0.0065553067252039,-0.0118080265820026,-0.0412835069000721,0.0138698704540729,-0.0033839680254459,0.0138698704540729,-0.0111324451863765,0.070388913154602,-0.0162552464753389,-0.0065661156550049,0.0115872314199805,-0.0026891054585576,0.0104940170422196,-0.0132315577939152,-0.0412280187010765,-0.0114805679768323,0.0247914046049118,-0.0093806833028793,-0.0069708116352558,-0.0538008660078048,0.0088928565382957,-0.0538008622825145,-0.0008613022509962,0.0036023226566612,-0.0168531741946935,-0.0246263053268194,0.0095547195523977,0.006007888354361,-0.0087861558422446,0.0145003888756036,7.262127473950386e-05,-0.0176260471343994,-0.0026244511827826,-0.0280336439609527,-0.0127341151237487,-0.0118541428819298,-0.0054201739840209,-0.0032483721151947,0.0029299268499016,-0.0069355918094515,-0.018284872174263,0.0374020263552665,-0.0156047753989696,-0.0055384892039,0.002550424542278,-0.01936218701303
3666,-0.0148674584925174,-0.0092777945101261,-0.0431838519871234,0.0218399092555046,0.003833548631519,0.0214016605168581,-0.0304386317729949,-0.0100611066445708,-0.0332220755517482,0.0074806315824389,-0.0242128502577543,-0.012704181484878,-0.1586236357688903,-0.0117113376036286,-0.0736724734306335,-0.0224313288927078,0.0250982157886028,-0.0274164248257875,-0.0172571837902069,-0.016786677762866,-0.0005930652841925,0.0059521486982703,-0.0162665508687496,-0.0173869282007217,-0.0213670060038566,0.0451018549501895,-0.0102400360628962,-0.0025220368988811,-0.0335651189088821,-0.0285335350781679,0.0360691882669925,0.0104084610939025,0.003833511378616,-0.02846085652709,-0.1795844137668609,-0.0076607903465628,-0.00992245785892,-0.02846085652709,-0.0428893901407718,-0.0169101320207119,0.0072939419187605,-0.0148342438042163,-0.0205745752900838,-0.0170673765242099,-0.0141440946608781,-0.0083966497331857,-0.0182492472231388,-0.134146437048912,0.0394871346652507,-0.0114952782168984,0.0124699622392654,-0.0242156106978654,-0.055735170841217,0.0170087441802024,0.0274256356060504,0.0082664145156741,0.0041872793808579,0.004064449109137,-0.0161139629781246,-0.0172571893781423,0.0060452013276517,-0.0172571819275617,-0.007182843517512,-0.0514262169599533,0.0052470182999968,0.0021687266416847,0.0106850527226924,-0.0266339108347892,-0.0245572365820407,-0.0127041516825556,-0.0102249979972839,0.0486622154712677,-0.0096515649929642,-0.196024477481842,-0.0106958197429776,-0.0148959616199135,0.0042891530320048,-0.0148959560319781,0.012656950391829,-0.0149591797962784,-0.0084073618054389,0.0124035384505987,0.0291073787957429,-0.0253869481384754,0.0217740610241889,-0.0179776735603809,0.0074774781242012,-0.0123554682359099,-0.0104978354647755,-0.0164447482675313,0.0360691957175731,-0.0224535502493381,0.0100293457508087,-0.001851993612945,-0.0188702549785375,-0.0306581053882837,-0.008804471231997,-0.0309774950146675,0.0141109777614474,0.0124699622392654,-0.0147823076695203,-0.0285982452332973
3667,0.0261107012629508,0.0446493923664093,0.0324271507561206,0.0114594735205173,0.0555790141224861,0.0257205478847026,0.0283638872206211,0.0185339208692312,0.0081828851252794,0.0001364916097372,0.0004370636306703,0.0081181274726986,0.0110746538266539,0.0284948255866765,0.0160137228667736,0.0106437122449278,0.024252101778984,0.024980541318655,0.0364776775240898,0.0123818684369325,0.0111512271687388,0.032909695059061,0.0111251547932624,0.024797823280096,0.0128780212253332,-0.0017816616455093,-5.980640708003193e-05,0.0272556338459253,0.0204717684537172,0.0106676090508699,-0.0041696727275848,0.0049409666098654,0.0555790141224861,-0.0053832079283893,-0.0003257929347455,0.0215232782065868,-0.0028213215991854,-0.0053831622935831,0.0374397002160549,0.008599804714322,0.0361329689621925,0.0352131463587284,0.0028591549489647,0.021440103650093,0.0047617563977837,0.049047514796257,0.0190119072794914,0.0117894383147358,-0.0099870432168245,-0.0005345740355551,0.0727043002843856,0.055349551141262,0.0354895032942295,0.0159856062382459,0.003550314111635,0.0018564939964562,0.0335752516984939,0.0202608685940504,0.0100964261218905,0.0364776737987995,0.0053943544626235,0.0364776737987995,0.0068449964746832,-0.0336679629981517,0.0327807106077671,0.0051773535087704,0.006274948362261,0.0105704320594668,-0.0222924202680587,0.0081181190907955,0.0204081013798713,0.053489863872528,0.0208533070981502,0.0002710868429858,0.003944297786802,0.0271884445101022,0.0030632882844656,0.027188453823328,0.0336840115487575,0.0288977492600679,0.0213486738502979,0.0438744537532329,-0.0053945407271385,-0.0040159793570637,0.0172433443367481,0.0371963754296302,0.0425059981644153,-0.0002732997818384,0.0413450598716735,0.0171941835433244,-0.0041695805266499,0.015149132348597,0.0236178059130907,0.0027847392484545,0.0197448153048753,0.0476913042366504,0.0307161509990692,0.0061859842389822,0.0319765582680702,0.0727043002843856,0.0312039218842983,0.0066039217635989
3668,-0.0078736552968621,-0.008988045156002,-0.0118086710572242,-0.0127558670938014,0.011138878762722,0.0117376521229743,-0.020477769896388,-0.0179133787751197,-0.0058932546526193,-0.0146169476211071,-0.0143712917342782,-0.0058501968160271,-0.0279951896518468,-0.0126009006053209,-0.0262873247265815,-0.0234773904085159,-0.0218443423509597,-0.0204229839146137,0.0059823621995747,-0.0230186004191637,-0.0155451968312263,0.0074484813958406,-0.0127137470990419,-0.0017019498627632,-0.0165903251618146,-0.0055333236232399,-0.0093702152371406,-0.0170445907860994,-0.0248343721032142,-0.0123719498515129,0.0109487660229206,-0.0013516858452931,0.0111388796940445,-0.0215578097850084,-0.0282968617975711,-0.0254013910889625,-0.0040007317438721,-0.021557817235589,-0.0104218525812029,-0.0187567062675952,-0.0198732689023017,-0.0041342829354107,-0.0295997560024261,3.146706148982048e-06,0.00066829030402,-0.0143052441999316,-0.0074204197153449,-0.0210062265396118,0.0111320167779922,-0.0087484465911984,0.0205406360328197,-0.0026719002053141,-0.0036649578250944,-0.0085963066667318,-0.0087278941646218,-0.0083665614947676,0.0021113618277013,-0.0098485220223665,0.0016935245366767,0.0059823603369295,0.0019094400340691,0.0059823598712682,-0.0053814915008842,-0.0324733220040798,-0.0019652415066957,-0.0160897802561521,-0.0148358261212706,-0.0183640047907829,-0.0256137233227491,-0.0058501958847045,0.0068867243826389,-0.0424084663391113,-0.0058829961344599,-0.0291346535086631,-0.0049451906234025,0.0049626743420958,-0.0146538252010941,0.0049626752734184,-0.0301102213561534,-0.0008737412281334,-0.0144929615780711,0.0120405117049813,-0.0041298158466815,-0.0183277539908885,-0.0049036755226552,0.0059568239375948,-0.0146295744925737,-0.0047212885692715,-0.0300233047455549,-0.0005170524818822,0.0109487660229206,-0.0141189666464924,-0.0054965070448815,-0.0107421521097421,-0.0031442320905625,-0.0375234931707382,-0.0114925280213356,-0.0108139496296644,0.0026737952139228,0.0205406378954648,-0.0196883603930473,-0.0246847867965698
3669,-0.0135429501533508,-0.0161346979439258,-0.0021093278191983,0.0554182231426239,-0.0262303240597248,-0.0073287584818899,-0.0342305190861225,-0.0159406885504722,-0.0367143601179122,0.0013246797025203,-0.0005725745577365,-0.0255049541592597,-0.0059909326955676,-0.02084706351161,-0.0059516513720154,0.003218300640583,-0.0123365186154842,-0.0032690637744963,-0.0053883334621787,-0.0215501021593809,-0.0049617663025856,0.0008915649959817,-0.0058818329125642,-0.0080587966367602,-0.019974298775196,-0.0434160344302654,0.0196638125926256,-0.0248462110757827,-0.0010306283365935,0.0004768739454448,0.0122200045734643,-0.018649399280548,-0.0262303240597248,-0.0287013202905654,-0.0075952387414872,-0.0201868899166584,-0.0065593719482421,-0.0287013035267591,-0.0075109512545168,-0.0065026963129639,-0.0100969895720481,-0.01604382134974,0.0021084221079945,-0.0354867875576019,0.0335042402148246,-0.0168594866991043,-0.0087587796151638,-0.012925743125379,0.0135555081069469,0.0191813074052333,0.0131859378889203,0.0012093568220734,0.0104282405227422,-0.0094212647527456,-0.0122835598886013,-0.0121219856664538,-0.0015484439209103,-0.016534149646759,0.0311997029930353,-0.0053883334621787,-0.0044619631953537,-0.0053883306682109,-0.0127102825790643,0.0125969499349594,-0.000935283023864,-0.0361634716391563,0.0406423360109329,-0.0097997989505529,-0.0599150285124778,-0.0255049560219049,-0.0421943292021751,-0.0935796499252319,-0.0056576249189674,-0.0020959028042852,-0.0248363502323627,0.0127260256558656,0.0257524512708187,0.012726055458188,-0.0204966478049755,-0.0039454069919884,-0.0278087928891181,-0.0175870154052972,-0.036409143358469,-0.0361727401614189,-0.0027677686884999,-0.0056937504559755,-0.0360287837684154,0.0308857578784227,-0.0110664051026105,-0.0250836350023746,0.0122200055047869,-0.0020794686861336,-0.0105140767991542,0.0036732607986778,-0.0027878857217729,-0.0101177925243973,-0.0217744447290897,-0.0036528925411403,0.0099081816151738,0.0131859378889203,-0.0048076403327286,-0.0237546749413013
3670,-0.0142775308340787,0.000440165400505,0.0057635311968624,0.0288213454186916,0.0020728050731122,0.0212059877812862,-0.0336980931460857,-0.0171072371304035,-0.0447359010577201,-0.000514023238793,-0.0237101968377828,-0.014764716848731,-0.0071217245422303,-0.0103213628754019,-0.008050781674683,0.0134264258667826,0.0029912018217146,-0.002520611975342,-0.0145663702860474,-0.0234411936253309,-0.0045809876173734,-0.0134030897170305,-0.0057994481176137,0.0097329691052436,-0.0187219157814979,0.0099661219865083,0.011378969065845,-0.0236840546131134,-0.0152123868465423,-0.0014274336863309,0.0409546867012977,0.0150613244622945,0.0020728406962007,0.0174125172197818,-0.0026553170755505,-0.0056600710377097,-0.0124872084707021,0.0174125209450721,0.0030700808856636,-0.0109478523954749,-0.0137461312115192,0.0028617158532142,0.0261177849024534,-0.0181182269006967,0.0304067991673946,-0.0058895233087241,-0.0101876724511384,0.0010323850437998,0.0434841439127922,0.0099873123690485,-0.0229599736630916,0.0080614537000656,0.01431814301759,0.0092815235257148,0.037319041788578,-0.0008498771931044,-0.0149394161999225,0.0074966060929,0.0276595801115036,-0.0145663693547248,0.0016982781235128,-0.014566364698112,-0.0110530601814389,-0.0352238900959491,0.0261425971984863,0.0438678413629531,0.0160788968205451,0.0054876022040843,0.0297174714505672,-0.0147647280246019,-0.012972324155271,-0.0544360019266605,0.0109509825706481,-0.0015722048701718,-0.0092296209186315,0.0186751708388328,0.0072437073104083,0.0186751745641231,-0.0170303359627723,0.0107207549735903,-0.0130403209477663,0.0101411491632461,0.0110518131405115,0.0166416317224502,0.0206419434398412,-0.0158536732196807,-0.0312583409249782,0.0209157541394233,-0.0293030571192502,-0.0119838993996381,0.0409546867012977,0.004429830238223,-0.0017036030767485,-0.002172817941755,-0.0059563433751463,-0.0446049645543098,-0.0143380165100097,-0.0050362721085548,0.0225540045648813,-0.0229599736630916,-0.0256163999438285,-0.0308082401752471
3671,-0.0155337136238813,0.004198738373816,0.0151691855862736,-0.0041086105629801,-0.0110207628458738,0.0016319239512085,-0.0269006974995136,-0.011520592495799,-0.0187586098909378,-0.0129338391125202,0.0003344407305121,-0.0202696379274129,-0.0102591319009661,-0.0141283404082059,-0.0048251096159219,-0.0063073704950511,0.0139398844912648,0.0059857824817299,-0.0055822660215198,-0.0163532923907041,-0.0242978781461715,0.0037892339751124,-0.0243933480232954,-0.0093648005276918,-0.0094111030921339,-0.0098766712471842,-0.0077854292467236,-0.0311325620859861,-0.0202787686139345,-0.0035217611584812,0.0150050949305295,0.0117168482393026,-0.0110207619145512,-0.0083683291450142,-0.0038932301104068,-0.0256214588880538,0.0035921782255172,-0.0083683086559176,0.0100458227097988,0.0053725158795714,0.0108250975608825,-0.005813417956233,-0.0010218909010291,-0.0427351891994476,0.0328750535845756,0.001583740231581,-0.0066375853493809,0.0076159569434821,0.0175259914249181,-0.0106625882908701,0.0037495936267077,0.0157340764999389,-0.0114181395620107,0.0011200227309018,-0.0028045959770679,-0.015141436830163,0.0034091311972588,-0.0016129008727148,0.0341033898293972,-0.0055822683498263,-0.011219766922295,-0.0055822688154876,-0.0204404480755329,0.0084068831056356,-0.0076365261338651,0.0001096986234188,-0.0070741442032158,-0.0124559104442596,0.0049404990859329,-0.0202696342021226,-0.0500496886670589,-0.0734508335590362,0.0145982699468731,-0.0093081463128328,-0.0129587147384881,0.025715647265315,-0.0091093499213457,0.0257154591381549,0.0242586433887481,-0.006505056284368,-0.0370130911469459,-0.0062410356476902,-0.0010360311716794,-0.0032587675377726,-0.0035087126307189,-0.0058959843590855,-0.0457413047552108,0.0085936468094587,0.0050279176793992,-0.0397183448076248,0.0150050958618521,-0.017404768615961,0.0034916042350232,-0.0158873759210109,0.0033645471557974,-0.0122100710868835,-0.0030227890238165,-0.0066294115968048,-0.0078384028747677,0.0037495936267077,-0.0024447897449135,-0.0281515717506408
3672,-0.0222178008407354,-0.0042489883489906,-0.0088468305766582,0.0075245085172355,0.0003255647607147,0.0020631446968764,-0.0379724651575088,-0.0178204011172056,-0.0274954084306955,-0.0003731900360435,-0.0262603759765625,-0.0129088796675205,-0.0284398570656776,-0.0055003906600177,0.0023413356393575,0.0277039650827646,-0.0030559438746422,0.0053297197446227,-0.0194658562541008,-0.0252276584506034,-0.0088543565943837,-0.0156932659447193,-0.0513813644647598,-0.0029422531370073,-0.0249547027051448,0.0087807262316346,-0.0048360801301896,-0.0226912423968315,-0.0035125205758959,-0.0169338285923004,0.0059260763227939,-0.0020041540265083,0.0003255598712712,0.0080155618488788,-0.0325564369559288,0.0126333674415946,-0.0095769362524151,0.0080155674368143,-0.0126666240394115,-0.0159916952252388,-0.0047642220743,-0.0067226602695882,0.0399433001875877,-0.0329070575535297,0.006848519667983,-0.0013290524948388,-0.0224478654563426,-0.026596562936902,0.006314902100712,-0.0070434994995594,-0.0294063556939363,-0.0172035917639732,-0.0419051945209503,-0.0052053774707019,-0.0048623248003423,-0.0038160465192049,-0.0147788701578974,-0.0100488858297467,0.0076829325407743,-0.019465859979391,-0.0029130533803254,-0.0194658581167459,-0.0155649939551949,-0.0350367464125156,-0.0262823104858398,-0.0070383790880441,0.0009385705925524,0.0081109814345836,0.0039562471210956,-0.0129088759422302,-0.036069992929697,-0.0153823345899581,-0.0013771611265838,-0.0360963158309459,-0.0100743230432271,0.0071412003599107,-0.0024140337482094,0.0071411989629268,-0.0033113006502389,-0.012636593542993,-0.0067908689379692,-5.647237412631512e-05,0.0063135945238173,0.0019929034169763,-0.008460160344839,-0.0196597948670387,-0.0217813774943351,0.0088315811008214,-0.0110665373504161,-0.0189117416739463,0.0059260805137455,0.0146989403292536,-0.0063831233419477,-0.0102322930470108,-0.0175677351653575,-0.0234138667583465,-0.0146661670878529,-0.0142848901450634,-0.0242595337331295,-0.0294063556939363,-0.0076148291118443,-0.0342933498322963
3673,-0.0113848503679037,-0.0076678358018398,-0.0142926452681422,0.0091912820935249,0.0025848248042166,0.0084134237840771,-0.0370283648371696,-0.0199766755104064,-0.0257593691349029,0.0077234087511897,0.0110848881304264,-0.0191110223531723,0.0028037666343152,-0.0151166357100009,-0.0026165335439145,-0.0089324861764907,-0.0417699962854385,-0.0108735039830207,-0.0552925951778888,-0.0287106372416019,0.0083474945276975,0.0026672347448766,-0.0104049108922481,-0.0064914813265204,-0.0404024273157119,0.0147182587534189,-0.0114792957901954,-0.0166810825467109,-0.0075339679606258,0.0057013733312487,0.016252152621746,-0.0069788782857358,0.002584834350273,0.0085353003814816,0.0077019860036671,0.0115450639277696,0.0015897209523245,0.008535292930901,-0.0148222083225846,-0.0202326755970716,-0.0353890657424926,-0.0045019858516752,-0.0043842690065503,-0.0548196658492088,-0.0332122109830379,-0.0078777028247714,-0.0104468502104282,-0.0028174640610814,0.0172113087028265,-0.0100932158529758,0.0106621123850345,-0.0240041017532348,-0.0097172958776354,-0.018652906641364,-0.0174940302968025,-0.0046399729326367,-0.0035840389318764,-0.0182358548045158,-0.0311246290802955,-0.0552925914525985,-0.014490133151412,-0.0552925840020179,-0.0202872790396213,0.0345569103956222,-0.0200324188917875,-0.0323190316557884,0.0064111012034118,0.0025361960288137,0.0163066107779741,-0.0191110204905271,-0.067459188401699,0.0876721441745758,-0.0114942155778408,0.008678013458848,-0.0166674684733152,-0.0210647918283939,0.0039145117625594,-0.0210647620260715,-0.0556846782565116,-0.0041535603813827,-0.0106153329834342,0.0040289256721735,0.0075095710344612,0.0008394066244363,-0.0133875496685504,-0.0564275719225406,-0.0182697810232639,-0.0175231993198394,-0.0337859094142913,-0.0387767553329467,0.0162521544843912,-0.0145919024944305,-0.0170427002012729,-0.0102739017456769,-0.0046050380915403,-0.0281698573380708,-0.0200034957379102,0.0072445939294993,-0.0146599728614091,0.0106621123850345,-0.0150613468140363,-0.0264992713928222
3674,0.0084723681211471,0.0194929502904415,0.0359299443662166,-0.0161742363125085,0.0195037014782428,-0.0102186603471636,0.0226022880524396,0.0162777137011289,0.0015375581569969,-0.0106926560401916,0.0182664729654788,0.0293061882257461,0.0356962531805038,0.0432133376598358,0.0535872913897037,0.0177601631730794,-0.0115499012172222,0.0424745380878448,0.0092115262523293,0.0154079068452119,-0.0245147235691547,0.0369488485157489,0.0206834487617015,0.0136042637750506,0.0338500514626503,-0.0339011549949646,-0.0169024635106325,0.0045673605054616,-0.0007715537212789,0.0143311154097318,-0.0346984267234802,-0.0235373824834823,0.0195037089288234,0.0039670597761869,0.0281212069094181,-0.008734923787415,0.0234685726463794,0.0039670607075095,0.0394218526780605,0.0202375669032335,-0.0021569808013737,0.0148519203066825,0.0042583742178976,0.0488745048642158,-0.017528761178255,0.033800933510065,0.0047410670667886,0.0259625930339097,-0.0390755236148834,-0.0115358373150229,0.0594137795269489,0.0395074598491191,0.0122512448579072,-0.0146309919655323,-0.0161491595208644,-0.0071810884401202,0.0306720677763223,-0.0089486446231603,-0.0130058694630861,0.0092115188017487,-0.0005986248725093,0.0092115215957164,0.0008546668104827,0.0039482321590185,0.0004310952499508,0.0029854490421712,-0.0130538493394851,0.0083742570132017,-0.01198395434767,0.0293061882257461,0.0588344931602478,-0.0713440477848053,0.012748752720654,0.0278211124241352,0.0166002083569765,0.002153031527996,-0.0088791968300938,0.0021530389785766,-0.0077652307227253,0.0130182402208447,0.0113324802368879,0.0046056360006332,-0.0334961824119091,-0.0005653072148561,-0.015885055065155,0.0109803322702646,0.0050771734677255,-0.0186846014112234,-0.014240289106965,0.0449240170419216,-0.0346984192728996,0.0282931756228208,0.0006229802966117,-0.0037855478003621,0.0093606673181056,-0.0208483338356018,-0.0058300523087382,0.0116990329697728,-0.0069003393873572,0.0594137795269489,-0.0050498177297413,0.0125420400872826
3675,-0.0182478334754705,0.0102180317044258,-0.0097427126020193,0.0415321290493011,-0.0081904102116823,-0.0054016392678022,-0.0257458053529262,-0.0109158726409077,-0.0216347016394138,0.035140261054039,-2.100598067045212e-05,0.0009296059142798,-0.016171084716916,-0.0018037523841485,-0.0133621273562312,0.0035150900948792,-0.0229081753641366,-0.014520650729537,-0.0140704251825809,-0.0157339014112949,-0.005885761231184,-0.0092439092695713,-0.0181817114353179,0.0084932893514633,-0.0132649848237633,0.0402190499007701,-0.0011316406307742,-0.0173036530613899,-0.0222419742494821,0.0107849761843681,-0.0043534450232982,0.0104555962607264,-0.0081903962418437,0.0035633449442684,-0.0182304121553897,-0.0090108159929513,-0.0047030439600348,0.0035633915103971,-0.0079287327826023,-0.0071697491221129,-0.0403236523270607,0.0083972355350852,0.0041334605775773,-0.0211859010159969,-0.0135649107396602,0.0075266435742378,-0.0179693885147571,-0.0184256918728351,-0.0040713394992053,0.0027195133734494,-0.0110746473073959,-0.0021265102550387,-0.0003335473593324,0.0119278468191623,0.0286863129585981,0.0137783233076334,-0.015399981290102,0.0013217205414548,-0.0154011845588684,-0.0140704289078712,0.0039405077695846,-0.0140704195946455,-0.0055585177615284,0.020426882430911,0.0016120201908051,-0.0087208580225706,0.0353081971406936,-0.0056892605498433,0.0145832961425185,0.0009296145290136,-0.0289530158042907,-0.0406908802688121,0.0031945165246725,-0.0117576215416193,0.0012899984139949,-0.0154646560549736,0.0309745464473962,-0.0154646597802639,-0.0623886510729789,0.013292646035552,-0.0113648138940334,-0.0060657355934381,0.0276751816272735,0.004530353937298,0.0199396647512912,-0.0139988232403993,-0.0192978587001562,-0.0010245084995403,-0.0509474240243434,-0.0103742163628339,-0.0043534431606531,0.0013399941381067,-0.0049713095650076,0.0088277980685234,-0.0143594667315483,-0.0543024092912673,-0.0101586347445845,0.0106458589434623,0.012669232673943,-0.0110746473073959,-0.0324156247079372,-0.0241953153163194
3676,-0.026538249105215,0.0035814139991998,-0.0036660351324826,0.0193230584263801,-0.0242131482809782,-0.0086925672367215,-0.0218924228101968,-0.0268407333642244,-0.0200572423636913,0.0121680963784456,-0.026390703395009,-0.018015582114458,-0.0328472107648849,-0.0180821232497692,-0.0201438423246145,0.0070577575825154,0.0085605159401893,-0.0131617225706577,-0.0150965377688407,-0.0278768315911293,-0.0166883300989866,-0.030693070963025,-0.0184838250279426,0.0078664012253284,-0.0093722213059663,-0.0112807136029005,-0.0222458988428115,-0.0408665128052234,-0.0050214892253279,-0.0064788786694407,0.0058154398575425,-0.019882658496499,-0.0242131575942039,-0.0217620898038148,-0.0312113873660564,-0.0036480794660747,-0.0102880615741014,-0.0217620935291051,-0.0049815303646028,-0.0154570555314421,-0.0013206253061071,0.0056825331412255,0.0021143197081983,-0.0014163421001285,-0.0441359169781208,-0.0047826752997934,-0.0210925564169883,-0.0228514056652784,0.0069999732077121,-0.0178642906248569,-0.0590200088918209,0.0036330509465187,-0.0301509648561477,0.0081322910264134,0.0099306283518671,-0.0024617260787636,-0.0268294475972652,-0.0027209140826016,-0.0443271398544311,-0.015096534974873,-0.0036134277470409,-0.0150965377688407,-0.0120739256963133,-0.0300031118094921,-0.0194154251366853,-0.0212365295737981,0.0157026555389165,-0.008884735405445,-0.03870440274477,-0.0180155783891677,-0.0062132012099027,-0.0106875523924827,-0.0077792597003281,-0.0338459685444831,-0.0194285921752452,-0.0404809676110744,0.0123613290488719,-0.0404809564352035,1.975102350115776e-05,0.0011942898854613,0.0037931315600872,-0.0164231341332197,-0.0158989056944847,-0.0271098762750625,0.0077353622764348,-0.0150734391063451,-0.0544843599200248,-0.0284356959164142,0.0023361833300441,0.0123298242688179,0.0058154370635747,0.0121638560667634,-0.0055117062292993,-0.0030110029038041,-0.0163205713033676,-0.0010184914572164,-0.0065673142671585,-0.004538626410067,-0.0091761210933327,-0.0590200088918209,0.0034308480098843,-0.0325004309415817
3677,-0.0189838074147701,0.0063051735050976,-0.0257464610040187,0.0291881933808326,-0.0231360904872417,-0.0120716411620378,-0.024215705692768,-0.0188896413892507,-0.024683903902769,0.0102516086772084,-0.015300964936614,-0.0321212634444236,-0.0251512695103883,-0.030075080692768,-0.0315757244825363,0.0091796172782778,0.0168220531195402,-0.0293855816125869,-0.0075440602377057,-0.0226559694856405,-0.0539735630154609,-0.002840599277988,-0.010547524318099,0.0098143080249428,-0.0137811722233891,0.002008045092225,-0.0470586493611335,-0.0236652642488479,-0.0013767081545665,-0.0028139713685959,-0.0045146173797547,-0.0131467431783676,-0.0231360867619514,-0.0009491476230323,-0.0267257262021303,-0.0244531892240047,-0.0088587515056133,-0.0009491314413025,-0.0250503756105899,-0.0142126744613051,0.0105119915679097,0.0099385129287838,0.0103498101234436,-0.0126510439440608,-0.0441998615860939,-0.009765088558197,-0.0170404911041259,-0.0277943853288888,-0.0048393309116363,-0.0413255207240581,0.0016157968202605,-0.0199700519442558,-0.0197292808443307,0.0063252034597098,0.0048658270388841,-0.0031486121006309,-0.0020324806682765,-0.0070200935006141,-0.0403774455189704,-0.0075440583750605,-0.0063659767620265,-0.0075440597720444,-0.0141921816393733,-0.0220016259700059,-0.0168221481144428,-0.0232036728411912,0.0233052019029855,0.0028717964887619,-0.0062673753127455,-0.0321212597191333,-0.0160294044762849,-0.1020320355892181,-0.0198619291186332,-0.0244760923087596,-0.0309451185166835,-0.0330429933965206,0.0162183996289968,-0.0330430008471012,0.0128282932564616,0.0073457299731671,-0.022090870887041,-0.015656653791666,-0.00753163266927,-0.0041577918455004,0.0032638176344335,-0.0069069107994437,-0.0310130733996629,-0.049125351011753,0.0090791787952184,-0.0044573312625288,-0.0045146183110773,0.0083558186888694,0.0005112994695082,-0.0015560035826638,-0.0168085731565952,0.0030388608574867,-0.0105189597234129,-0.0003999508917331,-0.0072340699844062,0.0016157968202605,0.0054557416588068,-0.0314077362418174
3678,-0.0147344786673784,-0.0115235224366188,-0.0073962458409368,0.0058171260170638,-0.0081383464857935,-0.0034956752788275,-0.0359922386705875,-0.0182090923190116,-0.0386253520846366,-0.0022502855863422,-0.0057357395999133,-0.0131826726719737,-0.0064816125668585,-0.009316612035036,-0.0033387783914804,0.0016936971805989,-0.005097865127027,-0.0017926000291481,-0.0074813771061599,-0.0246874298900365,-0.0218726843595504,-0.0036985061597079,-0.0001815576106309,0.0100143356248736,-0.0233549866825342,-0.0132400803267955,-0.0148078817874193,-0.0248180925846099,0.0053026806563138,0.011485518887639,0.0017380997305735,-0.0074508087709546,-0.0081383408978581,0.0147595051676034,-0.0105494940653443,-0.0109246838837862,-0.0105853984132409,0.0147595088928937,-0.0109091531485319,-0.0116709480062127,-0.0010464549995958,-0.0004339413717389,0.0068135382607579,-0.0337849110364913,0.0200302302837371,-0.014806474559009,-0.011788384988904,-0.0164639428257942,0.0023382725194096,-0.0201546419411897,0.0044699134305119,-0.0075481482781469,-0.0017060657264664,-0.0121707823127508,-0.0101389111950993,-0.0059457668103277,-0.003951474558562,-0.0158675983548164,0.0189346000552177,-0.0074813752435147,-0.0002512618666514,-0.0074813831597566,-0.0098326262086629,0.0003528138622641,-0.0087204650044441,-0.0020121149718761,0.002016628626734,0.0103091774508357,0.0182606484740972,-0.0131826708093285,-0.0369273573160171,-0.0191405490040779,-0.004150852560997,-0.0052392687648534,-0.0128407264128327,0.0112597569823265,0.0009361652191728,0.0112597458064556,-0.0032156063243746,0.0068120174109935,-0.0195873286575078,-0.0063963360153138,-0.0126509983092546,0.0117306681349873,-0.0147964097559452,-0.0075793205760419,-0.0318187922239303,-0.0083329305052757,-0.001408171840012,-0.0250061340630054,0.0017380982171744,-0.0070623913779854,-0.0095340032130479,-0.006419523153454,-0.0064960597082972,-0.0021027917973697,-0.0190527997910976,0.0109073398634791,-0.0103437779471278,0.0044699134305119,-0.0026184818707406,-0.0283562466502189
3679,-0.0053127859719097,-0.0228557921946048,-0.0200127400457859,0.0083747040480375,-0.0034888042137026,-0.0074411435052752,-0.0386397391557693,-0.006977186538279,-0.0365654155611991,-0.0041747586801648,-0.0068986089900135,-0.0368438139557838,-0.0337324142456054,-0.0307650677859783,-0.0217384658753871,-0.0007757530547678,0.0102604823186993,-0.0103017482906579,-0.025986598804593,-0.0174643956124782,-0.0033894737716764,-0.008138058707118,0.0048649804666638,0.003410349600017,-0.0143117103725671,-0.0190774537622928,0.0074744434095919,-0.0117663163691759,0.0099172405898571,0.0074179740622639,-0.0106777437031269,-0.017205387353897,-0.0034888032823801,-0.0029666372574865,-0.0393700376152992,-0.008711970411241,-0.0095592364668846,-0.0029665292240679,-0.026247089728713,-0.0038894293829798,0.0082275681197643,-0.0108095817267894,0.0050849001854658,-0.0070261596702039,0.0256148166954517,-0.0306879561394453,-0.0042121605947613,-0.0290332715958356,-0.0112676136195659,0.004202707670629,-0.0043488848023116,-0.0219260081648826,-0.0188576914370059,-0.0009974199347198,0.0067108022049069,-0.0152868656441569,-0.0067704059183597,-0.009155317209661,0.0247435346245765,-0.0259866006672382,-0.0184774436056613,-0.0259866006672382,-0.0223834384232759,0.0018771267496049,-0.0032242573797702,-0.0039024306461215,0.0043202340602874,0.0051715904846787,-0.0168613493442535,-0.0368438065052032,0.0090927388519048,-0.0318724624812603,-0.0166702084243297,-0.0413143970072269,-0.0328834801912307,0.0162020176649093,0.0001949134748429,0.016202013939619,0.008332597091794,-0.0031484463252127,-0.0078129600733518,-0.0055190594866871,-0.0183142609894275,-0.0126022137701511,0.0038431964349001,-0.0266974121332168,-0.0127467289566993,0.013335196301341,0.0127834789454936,-0.0020747792441397,-0.0106777446344494,-0.0032491041347384,-0.0074027348309755,-0.0141099756583571,0.0027375246863812,0.0131905432790517,-0.0225210525095462,0.0067368624731898,0.001989459618926,-0.0043488848023116,0.0075907935388386,-0.0241339206695556
3680,0.0018617673777043,-0.0081542581319808,-0.0023148886393755,-0.0176260229200124,-0.0041364543139934,-0.0024056318216025,0.0178710035979747,-0.0004287688934709,-2.4856068193912503e-05,-0.0093072401359677,0.0185158122330904,0.0051187169738113,-0.0095432698726654,0.0062941126525402,0.0094617949798703,-0.0134808281436562,-0.0197121240198612,0.0153555981814861,-0.0010305871255695,-0.0034179454669356,0.0155020970851182,0.0027482865843921,0.0112024806439876,0.0049228495918214,0.0119709810242056,0.0093226321041584,0.007760901004076,-0.0044991029426455,-0.0091612506657838,0.0216068252921104,-0.0017855500336736,0.0043409625068306,-0.0041364571079611,-0.0067127654328942,-0.0178069248795509,0.0060117021203041,0.0018583254422992,-0.006712744012475,-0.0064635928720235,0.0015747266588732,-0.0132252965122461,-0.0010169809684157,-0.0194905754178762,0.0258272364735603,0.0153557881712913,-0.0061821606941521,0.0021390577312558,-0.0129721136763691,-0.0032007419504225,0.0030736566986888,0.008497642353177,-0.0086893234401941,-0.0195838585495948,-0.0132588436827063,-0.0182747412472963,-0.0090012634173035,0.0007203558925539,-0.0098748812451958,0.0144010288640856,-0.001030592713505,-0.0135002359747886,-0.0010305769974365,-0.0166697539389133,0.0431326776742935,-0.0135842822492122,-0.0169019252061843,-0.0163981057703495,-0.0047108619473874,-0.0135603751987218,0.0051187109202146,0.0290974788367748,0.0680520683526992,0.0026355888694524,-0.0200888812541961,0.0053336266428232,0.0072381817735731,-0.0157601274549961,0.0072381841018795,-0.0166619066148996,0.000547697301954,0.0179613940417766,-0.0020076769869774,0.0082792043685913,-0.0083841122686862,-0.0127096772193908,-0.0001040974166244,-0.0022266285959631,0.006732546724379,-0.0167396515607833,0.0213786028325557,-0.0017855521291494,-0.002629651222378,-0.0084412358701229,-0.0170471630990505,0.0065597044304013,-0.0172474607825279,-0.0062558054924011,0.0194165259599685,-0.012670244090259,0.008497642353177,-0.0131909297779202,-0.0171269010752439
3681,-0.018344247713685,-0.0355940423905849,-0.0117013528943061,-0.0044743265025317,0.0087544173002243,0.0233977362513542,-0.0266548693180084,-0.0273134503513574,-0.0146072078496217,-0.0085212057456374,0.0010271929204463,0.0070859035477042,-0.0161606334149837,-0.0054903477430343,-0.0183331221342086,-0.0108600538223981,-0.0054618306457996,-0.0171565394848585,-0.0132666546851396,-0.0306230913847684,-0.0095724426209926,-0.00014515791554,0.0124144684523344,-0.017119288444519,-0.0234417505562305,0.022931108251214,-0.0007066342514008,-0.0357870236039161,-0.0073899496346712,-0.0013990350998938,0.0345279984176158,0.01452505774796,0.0087544685229659,-0.0047422377392649,-0.0136209120973944,-0.0167971160262823,0.000314409378916,-0.0047422116622328,-0.0102902613580226,-0.0210995227098464,-0.0034025751519948,-0.0262004565447568,-0.0138641623780131,-0.0181524660438299,-0.0021769516170024,-0.0291736163198947,-0.0138719789683818,-0.0121689662337303,0.0358987860381603,-0.0022135495673865,-0.0012782684061676,-0.0096228905022144,-0.0124404951930046,-0.006415344774723,-0.0055630980059504,-0.0066510057076811,-0.0013135399203747,-0.0119576621800661,-0.0076593086123466,-0.0132666584104299,-0.0034466106444597,-0.0132666612043976,-0.0121680498123168,0.012309749610722,-0.0137344393879175,-0.018265338614583,-0.0104002589359879,-0.0046129338443279,0.0018493053503334,0.0070858867838978,-0.0230066515505313,-0.0338548086583614,0.000290626543574,-0.0124048693105578,0.0089981853961944,-0.0127963609993457,-0.0126914158463478,-0.0127963591367006,-0.008999865502119,-0.0166292060166597,-0.0139274299144744,0.0171681381762027,0.0208445936441421,-0.0041055497713387,-0.0064622713252902,-0.0130579452961683,-0.0412085689604282,-0.0053087845444679,-0.0010209414176642,-0.0102168098092079,0.0345279909670352,-0.0077882874757051,-0.0065148994326591,-0.0127802640199661,-0.0052334507927298,-0.0017181802541017,-0.0162223204970359,-0.0043488782830536,-0.0093849003314971,-0.0012782684061676,0.0046292664483189,-0.0283123664557933
3682,-0.0219698958098888,0.0051109613850712,-0.0245717763900756,-0.006084025837481,-0.0049141659401357,0.0019022917840629,-0.0387470424175262,-0.0206569153815507,-0.0302825756371021,-0.0124384565278887,-0.0145028633996844,-0.0335101820528507,0.0080891866236925,-0.0220846459269523,-0.0002563433954492,0.0031239781528711,-0.0214498564600944,-0.0080279894173145,-0.0011076381197199,-0.0274298060685396,-0.0102270143106579,0.0128465145826339,-0.006819974631071,-0.0064739701338112,-0.0280860867351293,-0.0034136250615119,-0.0055352672934532,-0.0213276892900466,-0.0139938499778509,-0.0215718895196914,0.0093187121674418,-0.0059307757765054,-0.0049141719937324,-0.0196118429303169,0.0002180701121687,-0.0008810880244709,0.0043353531509637,-0.0196118839085102,-0.0285188965499401,-0.0217802040278911,-0.0164203438907861,-0.0031347218900918,0.0116753531619906,-0.025070197880268,0.0172119121998548,0.0015351930633187,-0.0230390541255474,-0.0252090096473693,0.011382388882339,-0.0106448177248239,0.0191043242812156,-0.0307778194546699,0.0277486946433782,-0.009489974938333,0.0082253077998757,-0.0098693910986185,0.0080904513597488,-0.0030604978092014,0.01582464389503,-0.0011076356749981,-0.0022931671701371,-0.0011076361406594,-0.0137497913092374,-0.0351554341614246,0.02296769246459,0.0297317877411842,-0.009801429696381,-0.0085249124094843,-0.0339016318321228,-0.033510185778141,-0.0228163599967956,-0.0025337464176118,-0.0133206155151128,0.0135651268064975,-0.0285040326416492,0.0085091348737478,-0.0112474393099546,0.0085091460496187,-0.0339386165142059,0.0029501777607947,-0.0094175804406404,-0.0028145893011242,-0.0049678813666105,-0.0223331674933433,-0.0012748159933835,-0.0006401537684723,-0.0171512812376022,0.0002857798244804,-0.025775596499443,-0.0151403658092021,0.0093187177553772,-0.0020267944782972,-0.0044983197003602,-0.0126083297654986,-0.0190200954675674,-0.0306857395917177,-0.0147445602342486,-0.0203452184796333,0.0144225656986236,0.0191043242812156,-0.0043192682787775,-0.0330676957964897
3683,-0.0162477828562259,0.0124701764434576,0.0115901008248329,0.0113572515547275,0.0027788146398961,-0.0027308380231261,-0.0108352322131395,-0.0199054684489965,-0.0196372903883457,0.0078602554276585,0.0012680306099355,0.0067702773958444,0.0023829501587897,0.00941769964993,0.0086863664910197,-0.0136928418651223,-0.0224856454879045,0.0038907176349312,0.015827914699912,-0.0218378286808729,-0.0192004833370447,-0.0033630679827183,-0.0271856077015399,0.0186956487596035,-0.0084042027592659,-0.0027032818179577,0.0015198453329503,-0.0261279344558715,-0.0014257989823818,0.0136957466602325,-0.0077501670457422,-0.0044682356528937,0.002778812078759,-0.0003739460371434,0.0032924595288932,-0.0332129597663879,-0.010514841414988,-0.0003739101812243,0.0155129078775644,-0.0159349329769611,-0.0226524211466312,0.0153606319800019,-0.0193916223943233,0.00698172301054,5.219597369432449e-05,0.012613208964467,-0.016335591673851,0.0058968919329345,-0.0094132218509912,0.0053068175911903,0.0070521011948585,0.0180903766304254,0.0120325973257422,-0.0054249418899416,0.0035596056841313,0.0120231993496418,-0.0060260742902755,0.0010195414070039,0.0027913697995245,0.0158279128372669,0.0277497544884681,0.015827914699912,0.0132288737222552,0.0189562439918518,0.0133280847221612,0.0121284238994121,0.0106221074238419,0.0042095612734556,-0.0162649117410182,0.0067703048698604,0.0089165959507226,-0.1182878240942955,0.0062370584346354,0.0017518659587949,0.0031399459112435,0.0046835923567414,0.0124166365712881,0.0046836417168378,-0.0324597246944904,0.0199240911751985,-0.018851701170206,0.0006328001618385,-0.0055756838992238,-0.0027191964909434,0.0019025608198717,0.0181181896477937,-0.0317881554365158,0.0113552482798695,-0.0262878499925136,0.0070268125273287,-0.0077501675114035,-0.0037050249520689,-0.0070819854736328,0.0137417037039995,-0.0134012456983327,-0.0260919276624918,-0.0045474241487681,0.0162627808749675,0.0098187625408172,0.0070521011948585,-0.0182542335242033,-0.0225861873477697
3684,-0.0116545548662543,-0.019522950053215,-0.007382970303297,-0.0030838102102279,-0.0162280350923538,0.0177529733628034,-0.0280638709664344,-0.0065456787124276,-0.0270167402923107,-0.0352473929524421,0.025241469964385,-0.0089307464659214,-0.0117096239700913,-0.0161113068461418,-0.0164282135665416,-0.0085836015641689,-0.0151086905971169,-0.0130942817777395,-0.0129549009725451,-0.0131802605465054,0.0015293363248929,0.0066606756299734,-0.0316416323184967,0.0145096480846405,-0.0106445923447608,0.0045275818556547,-4.3404288589954376e-05,-0.019755920395255,-0.0132822077721357,0.031278096139431,0.0482209026813507,0.0074665816500782,-0.0162280369549989,-0.017793646082282,-0.0051718815229833,-0.0058725830167531,0.0182779412716627,-0.0177936591207981,-0.0098585486412048,0.0031715719960629,-0.0131574813276529,-0.0029800408519804,-0.0008375154575332,-0.0186081565916538,-0.0308259893208742,-0.0271384362131357,-0.0100376214832067,-0.0014533657813444,0.0532286316156387,0.0045656245201826,-0.0045946277678012,-0.010375102981925,0.0157942697405815,-0.005462999921292,0.0073298001661896,-0.0110079804435372,0.0026302116457372,-0.0072064255364239,-0.0342523977160453,-0.0129548981785774,0.0019954293966293,-0.0129549019038677,-0.0122483139857649,0.0608901605010032,0.0196693111211061,-0.0187736377120018,-0.0205663535743951,-0.0095349997282028,-0.0255611427128314,-0.0089306915178895,-0.0153546016663312,-0.0152369402348995,-0.0017329107504338,-0.0071387640200555,-0.0057009533047676,-0.0351940467953681,-0.0254495572298765,-0.0351940505206584,-0.0231144186109304,0.0136835426092147,-0.0094082355499267,0.0002732910215854,0.0054651070386171,-0.0207804460078477,0.01609892770648,-0.0134188411757349,-0.0282154306769371,-0.0039895316585898,-0.0174439623951911,-0.0164215564727783,0.0482209101319313,-0.0118895824998617,-0.0094783920794725,-0.0145226903259754,-0.0037694317288696,-0.0260956920683383,-0.0269220564514398,0.0307398736476898,0.0336625054478645,-0.0045946277678012,-0.0041408953256905,-0.0201342143118381
3685,-0.0300350040197372,0.0003994703292846,-0.0141379637643694,0.0177095644176006,-0.0216509699821472,-0.000765305943787,-0.0312741473317146,-0.0241137817502021,-0.0318418405950069,0.0081579312682151,-0.0032364502549171,-0.0149511247873306,-0.0161821041256189,-0.0147909130901098,-0.0125063806772232,0.0412607416510582,-0.0090086916461586,-0.0054386118426918,0.006042193621397,-0.0275056734681129,0.010451759211719,0.0041110096499323,0.0087190335616469,0.0156425088644027,-0.0132921151816844,0.0315182283520698,0.0134028447791934,-0.0415557995438575,-0.0038821517955511,0.0119050070643424,0.0192088168114423,0.0298674404621124,-0.0216509662568569,0.0018253156449645,-0.0204062797129154,0.0269948951900005,-0.0094505082815885,0.0018253321759402,-0.0203390978276729,-0.0129832811653614,-0.0129349548369646,0.0034803580492734,0.0559218190610408,-0.0165419019758701,0.0199909377843141,-0.0094316555187106,-0.026463359594345,-0.0240347739309072,0.0209517367184162,0.0110573759302496,0.0214964170008897,-0.0171174127608537,0.0110740093514323,0.0057152532972395,0.0171716995537281,0.0009155526058748,0.0006882008165121,0.0045384354889392,0.0162989292293787,0.0060421908274292,0.0070020765997469,0.006042193621397,-0.0073177050799131,0.0059981066733598,0.0189040061086416,0.0062166526913642,0.0115308156237006,0.0016883253119885,-0.0008937233360484,-0.0149511396884918,-0.0189696811139583,0.015666676685214,0.0087928734719753,-0.014601431787014,-0.0055009294301271,0.0014210074441507,0.008287938311696,0.001421004650183,-0.0201472416520118,0.0158976558595895,0.0099535780027508,-0.0114625105634331,0.0320081897079944,0.0025497009046375,0.0168557986617088,0.006232289597392,-0.0514381378889083,0.014826257713139,-0.0162626262754201,0.0011586237233132,0.0192088205367326,0.0305812675505876,-0.0005963081493973,-0.0011122606229037,-0.0184835195541381,-0.0199392512440681,-0.0090054050087928,0.009371330961585,0.0252374969422817,0.0214964170008897,-0.0119910314679145,-0.0316486284136772
3686,-0.0226363763213157,-0.0960480570793151,-0.026976553723216,-0.0084968283772468,-0.006989739369601,0.0065786363556981,-0.0302834492176771,-0.0355657525360584,-0.0098799867555499,-0.000109486747533,-0.0180634446442127,-0.0215728897601366,-0.0024756037164479,-0.0564922764897346,-0.0481238886713981,-0.0061744628474116,0.0021488277707248,-0.0247594751417636,-0.0201043784618377,-0.037152212113142,-0.0100817894563078,-0.0070045851171016,-0.0150325838476419,-0.0443771108984947,-0.0258891079574823,0.0412135124206543,-0.0008513639331795,-0.0441682338714599,-0.0156984142959117,-0.0179387424141168,0.0178481899201869,0.0114698354154825,-0.0069897533394396,-0.022030672058463,-0.0016977339982986,-0.0150577872991561,-0.0116132888942956,-0.0220306627452373,-0.04999316111207,-0.0267337914556264,-0.0065815895795822,-0.0606947615742683,-0.0076257744804024,-0.0263040103018283,0.0041251247748732,-0.1001017615199089,-0.0156701989471912,-0.0191659219563007,0.0188393965363502,-0.0034037695731967,-0.0008850549347698,-0.0301815681159496,0.0152704715728759,0.0058552520349621,0.0155890919268131,0.0041821934282779,-0.0084969326853752,-0.0032897619530558,0.0016479422338306,-0.0201043784618377,0.0043939668685197,-0.0201043803244829,-0.0068759061396121,-0.0254786945879459,0.0073886434547603,-0.0063303336501121,-0.0121028330177068,-0.0174325983971357,-0.0236884281039237,-0.0215728878974914,-0.0351427011191844,-0.0385537259280681,-0.0096382610499858,0.0070939301513135,-0.0158342029899358,-0.0059058279730379,-0.0105710662901401,-0.0059058065526187,-0.0132462065666913,-0.0347666330635547,-0.0157121513038873,0.000483504962176,0.0299531519412994,-0.0233842600136995,0.0109991431236267,-0.0201929956674575,-0.0560524053871631,0.0023750124964863,-0.0076470412313938,-0.0165247619152069,0.0178481936454772,-0.0072414856404066,-0.0041324105113744,-0.0085847927257418,-0.0108450716361403,-0.00966861192137,-0.0140694584697484,-0.0215486958622932,0.0149242291226983,-0.0008850549347698,-0.0058970684185624,-0.0362035408616066
3687,-0.0243930481374263,-0.0087700802832841,-0.0104343555867671,-0.0086162742227315,0.0122370710596442,0.011916160583496,-0.0368986800312995,-0.0262803006917238,-0.0063832588493824,-0.0190805066376924,0.0027843387797474,-0.0009780384134501,-0.0176290087401866,-0.0086895003914833,-0.0189163740724325,-0.0090597048401832,-0.033561322838068,-0.0149958655238151,-0.0159004069864749,-0.0292336400598287,-0.024799283593893,-0.0023910989984869,0.0015532518737018,-0.0084889037534594,-0.0132987592369318,0.003983577247709,-0.0144221410155296,-0.0413833521306514,-0.0159472376108169,-0.0039785979315638,0.0111820353195071,0.0109862238168716,0.0122370701283216,0.0011148313060402,-0.018375314772129,-0.0258771441876888,0.0035836407914757,0.001114826882258,-0.010957796126604,-0.0148254903033375,-0.0276619158685207,-0.0097203301265835,-0.011370625346899,-0.0047486675903201,-0.018193757161498,-0.0080689201131463,-0.0189418978989124,-0.0211664550006389,0.0130115896463394,-0.0105595588684082,-0.0055146412923932,-0.004825385287404,-0.0055310381576418,-0.0133699243888258,-0.0044793784618377,-0.017536487430334,-0.006649331189692,-0.010104059241712,-0.0185642186552286,-0.0159004125744104,-0.0134665705263614,-0.0159004107117652,-0.0205120351165533,0.014752697199583,-0.0062122023664414,0.0001814952120184,-0.0151116773486137,-0.0072774277068674,0.0204472765326499,-0.0009780310792848,0.0044125840067863,-0.076282188296318,0.0010846442310139,-0.0135342739522457,0.0019731950014829,-0.0117491260170936,-0.0196737106889486,-0.0117490952834486,-0.0441570729017257,-0.0064667370170354,-0.0167888589203357,0.0113685894757509,0.0072586662136018,0.004572220146656,-0.0088241389021277,-0.0157254263758659,-0.0520954206585884,-0.0159975811839103,-0.0260041877627372,0.0024143978953361,0.0111820371821522,-0.0034759538248181,-0.0129252094775438,-0.0204606521874666,-0.0110821351408958,-0.0219407137483358,-0.0148559659719467,-0.00232435320504,-0.0073931394144892,-0.0055146412923932,-0.0086211478337645,-0.0282816980034112
3688,-0.0185444969683885,-0.0096827447414398,-0.0177052840590477,0.0250562615692615,-0.0117231551557779,0.0363563783466815,-0.030915642157197,-0.0170973166823387,-0.0270910300314426,0.0152095407247543,-0.004292388446629,-0.0137041797861456,-0.0186465885490179,-0.0161384530365467,-0.0262647587805986,0.003079354763031,-0.0057291593402624,-0.0228861607611179,-0.0207740291953086,-0.0215410627424716,-0.0300658885389566,-0.007819702848792,-0.0429803505539894,-0.0145248174667358,-0.014255179092288,0.0753428265452385,-0.0224575586616992,-0.0246019978076219,-0.013761356472969,-0.0103823617100715,0.0809065848588943,0.039070289582014,-0.0117231402546167,-0.0115930624306201,-0.0116321230307221,-0.0250318981707096,-0.000316584482789,-0.0115930689498782,-0.0172191690653562,-0.0112593863159418,-0.0075779007747769,-0.0156648661941289,0.0046850321814417,-0.0190904419869184,-0.103632166981697,-0.0113107990473508,-0.015639204531908,-0.0126350568607449,0.0870738700032234,-0.0117407841607928,-0.0185377821326255,-0.0218003988265991,-0.0164170768111944,-0.0050672707147896,-0.0146145448088645,0.02627226524055,-0.0095359701663255,-0.0147597901523113,-0.1052049845457077,-0.0207740254700183,0.0324254669249057,-0.0207740254700183,0.0107672438025474,0.0064473249949514,-0.0237785242497921,-0.033979345113039,0.0120346788316965,-0.0065188417211174,-0.0227581821382045,-0.0137041779235005,-0.0180108305066823,-0.0996729955077171,0.0053657460957765,-0.0134935621172189,-0.0036703469231724,-0.0978520065546035,0.0078478893265128,-0.0978520065546035,-0.0061145722866058,-0.0133716315031051,-0.0244244467467069,0.0114644095301628,0.0625643283128738,-0.0177576355636119,-0.010164407081902,-0.0191694516688585,-0.0326320268213748,-0.0355967096984386,-0.0152185466140508,-0.0133410282433032,0.0809065848588943,-0.0017085438594222,-0.0050023305229842,0.0101832738146185,-0.0147286644205451,-0.0295545347034931,-0.0125767886638641,-0.011800056323409,-0.0142713291570544,-0.0185377821326255,-0.0141051327809691,-0.0294859074056148
3689,-0.0152969332411885,-0.0038884184323251,-0.0073141707107424,-0.023846436291933,0.0092919860035181,0.0061851907521486,-0.0177155677229166,-0.0060559548437595,-0.0144972056150436,-0.0225811637938022,0.0255334079265594,-0.0027965737972408,-0.0267820227891206,-0.0084636574611067,-0.0229247696697711,-0.0164355263113975,-0.0194199346005916,-0.0191333536058664,-0.0169378630816936,-0.0113363973796367,-0.0075708390213549,0.0033354174811393,-0.0357831455767154,0.0101471487432718,-0.0035699601285159,-0.0131847988814115,-0.0144956316798925,-0.0050665172748267,-0.0211313161998987,0.0320332311093807,0.0020231266971677,-0.0082534980028867,0.0092919887974858,-0.0100352149456739,-0.0234534535557031,-0.0060536274686455,0.0080751404166221,-0.010035216808319,-0.0048215859569609,-0.0105886226519942,-0.0210036877542734,0.0037632961757481,-0.0194105915725231,0.0219443347305059,-0.0208207480609416,-0.0100507494062185,-0.0197799708694219,-0.0144265461713075,0.0017008542781695,-0.0160921514034271,0.0038816432934254,8.100527338683605e-05,-0.0112544223666191,-0.0092885000631213,-0.0115516800433397,-0.0108382878825068,-0.0016360429581254,-0.010646354407072,-0.021509051322937,-0.0169378574937582,0.0030824502464383,-0.0169378574937582,-0.0082878926768898,0.0645212084054946,-0.0080684507265686,-0.0274540763348341,-0.026250921189785,-0.0094752423465251,-0.0180728379637002,-0.0027965772897005,0.0442126952111721,0.025438692420721,-0.007389104925096,-0.0262896418571472,-0.0042746756225824,-0.0159301292151212,-0.0241780541837215,-0.0159301608800888,-0.024686312302947,0.0091256788000464,0.0065732328221201,0.0084297833964228,-0.0121768321841955,-0.014402026310563,-0.0038600859697908,-0.0159341096878051,0.0074077071622014,-0.0136946327984333,-0.0311694350093603,0.0191215965896844,0.0020231294911354,-0.0061938911676406,-0.0088592199608683,-0.0160049349069595,-0.0164173152297735,-0.0412445962429046,-0.0128728849813342,0.0291761271655559,-0.0005660932511091,0.0038816432934254,-0.0253169294446706,-0.022632947191596
3690,-0.02102005854249,-0.027080725878477,-0.0176788605749607,0.0148875005543231,-0.0063903676345944,0.0138317141681909,-0.0308484211564064,-0.0276714749634265,-0.0254853256046772,0.0067899911664426,0.001571568660438,-0.0025472233537584,-0.0164747275412082,-0.0102970823645591,-0.0252618361264467,-0.0092675480991601,-0.0098664546385407,-0.0233216006308794,-0.0060538202524185,-0.0300568770617246,-0.0183953959494829,-0.0037150639109313,-0.0014650728553533,-0.0129080070182681,-0.0236562732607126,0.0664165914058685,-0.0133532956242561,-0.03838512301445,-0.0269816853106021,0.0008590619545429,0.0332784317433834,0.0318010300397872,-0.0063903294503688,-0.0176527388393878,-0.0156598258763551,-0.0131778409704566,-0.0083159981295466,-0.0176527388393878,-0.015473186969757,-0.017563596367836,-0.0226485058665275,-0.0208957977592945,-0.0070119365118443,-0.0335346050560474,-0.0098402947187423,-0.0250072721391916,-0.0149510996416211,-0.0187779702246189,0.036329373717308,-0.0203668009489774,0.0012283500982448,-0.0130721693858504,0.0001489934511482,0.0040520811453461,0.02014721930027,0.0077969953417778,-0.0072169043123722,5.880231037735939e-05,-0.0176222007721662,-0.006053821183741,0.0042864056304097,-0.0060538207180798,-0.0080823739990592,0.0190794896334409,0.0065545770339667,0.0047543989494442,0.0040633617900311,-0.0179448090493679,-0.0186817273497581,-0.0025471928529441,-0.0436273887753486,-0.0047925189137458,0.0039362367242574,-0.0118404002860188,0.0012932473327964,-0.0262389369308948,-0.0005597120616585,-0.0262389332056045,-0.0297770258039236,-0.0118014393374323,-0.0176382940262556,0.0026816260069608,0.0497771278023719,-0.0164057575166225,0.0140619371086359,-0.0053591709583997,-0.0502612143754959,-0.0190839264541864,-0.0353773459792137,-0.0240337047725915,0.0332784317433834,-0.0129639497026801,-0.0049936277791857,-0.0041515287011861,-0.0088035147637128,-0.044165976345539,-0.0140738300979137,-0.0020662369206547,0.0115135945379734,0.0012283500982448,-0.0290572717785835,-0.0299579091370105
3691,-0.0195249747484922,0.0136227430775761,-0.0166800878942012,0.016596108675003,-0.0118793360888957,0.0012239585630595,-0.019887838512659,-0.0097773242741823,-0.0248380303382873,0.0079542649909853,-0.0001601171679794,-0.0031161783263087,0.0023760348558425,0.004844699986279,0.000138150062412,0.0081511540338397,-0.0113930562511086,-0.0183247327804565,-0.0128327822312712,-0.0141894975677132,-0.0291358586400747,0.0021343119442462,-0.0167638398706913,0.0054672351107001,-0.0081785973161458,-0.0114519223570823,-0.0170443542301654,-0.0134909367188811,0.0005870634922757,0.0098666502162814,0.0119686843827366,-0.0201243162155151,-0.0118793407455086,0.0039817146025598,0.001166209578514,-0.0145941721275448,-0.0095600169152021,0.0039817155338823,-0.0082278940826654,-0.0095173846930265,-0.006384452804923,0.0101086739450693,0.0130337048321962,-0.0039621884934604,0.0016984741669148,0.0151605419814586,-0.0227532591670751,-0.0121099483221769,0.0122038200497627,-0.0170078501105308,0.0158043280243873,-0.0134525392204523,0.0017196885310113,-0.0079761557281017,-0.007120210211724,-0.0084265321493148,0.001198305748403,-0.0093128150328993,0.0034927749074995,-0.0128327794373035,-0.0098821176216006,-0.0128327775746583,-0.0149566186591982,0.0105435485020279,-0.0081588216125965,-0.0099601577967405,0.0157351400703191,0.0021241658832877,0.0090136341750621,-0.0031161732040345,0.0015556635335087,-0.0770890861749649,-0.0167853534221649,0.009009638801217,-0.0085207754746079,0.0003092499100603,0.0130580477416515,0.0003092510160058,-0.0121252406388521,0.0099684372544288,-0.0151567803695797,-0.0042270137928426,-0.0176027789711952,0.0024475080426782,-0.0095132933929562,-0.0125249922275543,-0.0094682723283767,-0.0098827043548226,-0.003359003458172,-0.001209306763485,0.0119686890393495,0.0066005792468786,-0.0062788026407361,-0.0035442882217466,-0.0199786573648452,0.0009097427828237,-0.0097430646419525,0.0100582921877503,-0.0069621517322957,0.0158043280243873,5.203858017921448e-05,-0.0241472609341144
3692,-0.0099779777228832,-0.0033180322498083,-0.0049738301895558,0.0145141556859016,-0.0091252382844686,-0.0087144896388053,-0.0155504029244184,-0.0043239588849246,-0.0186587795615196,0.0096551422029733,-0.0027848505415022,0.0049523236230015,-0.0005365232937037,-7.685227319598198e-05,-0.0054218359291553,2.2167805582284927e-05,-0.0065611079335212,-0.0096983229741454,0.0209991112351417,-0.0118116624653339,-0.0344269126653671,-0.0024472242221236,-0.0253797192126512,0.0145221073180437,-0.0107052791863679,0.0078032547608017,-0.019728859886527,-2.286396920681e-06,-0.0132007356733083,0.0153862489387393,-0.0110226487740874,0.0015081702731549,-0.0091252485290169,-0.0181640796363353,-0.0013639505486935,-0.0225768741220235,-0.0091673890128731,-0.018164038658142,-0.0022507291287183,-0.0120099149644374,-0.0141234248876571,0.0082366485148668,-0.0015923329629004,0.0019483484793454,0.0163759794086217,-0.0061783147975802,-0.0170364454388618,-0.0045948531478643,-0.013129798695445,-0.0225985441356897,0.0161492936313152,0.0008819825015962,0.0097854705527424,-0.0036665298976004,-0.0025050383992493,-0.0065560834482312,-0.0069290027022361,-0.0081350849941372,0.0169808343052864,0.0209991168230772,-0.0126234581694006,0.0209991093724966,-0.0161813702434301,0.0193342696875333,0.0047788703814148,-0.022875914350152,0.0138284787535667,-0.0109214922413229,-0.0347616821527481,0.0049523003399372,0.0055231489241123,-0.0783724635839462,-0.0016376043204218,0.0033385776914656,0.0021840131375938,0.0104302205145359,0.0110572474077343,0.0104301450774073,-0.0143613182008266,0.016043646261096,-0.0157299786806106,-0.0064960159361362,0.0022257843520492,-0.0174069218337535,0.0045502167195081,0.0218750648200511,0.013594789430499,-0.0077078845351934,-0.018507482483983,0.0046093114651739,-0.01102264970541,0.0039307125844061,-0.0099229337647557,-0.0051818722859025,-0.014657225459814,-0.0313262492418289,-0.018512200564146,0.0167928803712129,0.0137316174805164,0.0161492936313152,-0.0215375144034624,-0.0207626298069953
3693,-0.0213761273771524,-0.0240421127527952,-0.0173676926642656,0.0023326657246798,0.0198515616357326,0.0288160629570484,-0.0338765196502208,-0.0295230504125356,-0.0225970894098281,-0.0009408425539731,0.0146311689168214,-0.0001131535973399,-0.0334151126444339,-0.0092320442199707,-0.0251148752868175,0.002684602048248,0.0121673429384827,-0.0169528480619192,-0.0270883850753307,-0.034077238291502,-0.0113188391551375,-0.0081711653620004,-0.0183807220309972,0.0031075889710336,-0.025125166401267,0.0607369914650917,-0.0145587641745805,-0.0369808077812194,0.002123728627339,0.0227189809083938,0.0365611761808395,0.0400461517274379,0.0198515597730875,-0.0177325401455163,-0.0332338698208332,0.0024109554942697,0.0008484788122586,-0.0177325382828712,-0.0189199447631835,-0.0238975547254085,0.0115244220942258,-0.0068484214134514,0.0133541952818632,-0.0094811590388417,-0.0397830866277217,-0.0253984183073043,-0.0174644663929939,-0.0305797383189201,0.0395477227866649,-0.0150576774030923,-0.0200684033334255,-0.0180313102900981,-0.0090145133435726,0.0026138867251574,0.0104676559567451,-0.0008390576113015,-0.0053366580978035,0.0002555839600972,-0.0445335879921913,-0.0270883776247501,-0.0029111169278621,-0.0270883776247501,-0.0130560984835028,0.0482971705496311,0.0045026112347841,0.0113897956907749,-0.0065955454483628,-0.0068878387100994,-0.0304063633084297,-0.0001131811877712,0.0021060099825263,0.0067026987671852,0.0100697316229343,-0.0337045118212699,0.0087383333593606,-0.0376144647598266,-0.0100053064525127,-0.0376143269240856,0.0188530515879392,0.001472795382142,-0.0031107286922633,0.0234640818089246,0.0553236529231071,-0.024627985432744,0.0062544788233935,-0.0275406874716281,-0.0421141646802425,-0.0229371506720781,0.0177248157560825,-0.0039768302813172,0.0365611761808395,0.0008275838918052,-0.0016951304860413,-0.0120487585663795,-0.0088850241154432,0.0170179922133684,-0.0106740836054086,0.0235555097460746,0.0057905237190425,-0.0200684033334255,0.0116088250651955,-0.032904602587223
3694,-0.0216627791523933,-0.0134572125971317,-0.0145945698022842,-0.0294270422309637,0.0077889338135719,0.0038350261747837,-0.0078034289181232,-0.0309006068855524,-0.0194106325507164,-0.0101510733366012,0.0129109732806682,-0.007864499464631,-0.0042706453241407,-0.013065056875348,-0.0193669367581605,0.0025035995058715,-0.0023529273457825,-0.0208055265247821,-0.0201811455190181,-0.031489934772253,-0.021235816180706,0.0124424900859594,-0.0044822832569479,-0.0024395734071731,-0.0199865996837615,0.032294575124979,-0.0134409219026565,-0.0368349254131317,-0.0221349876374006,0.0065857898443937,-0.0008741776691749,0.0112823508679866,0.007788929156959,-0.0020481464453041,0.0008560946444049,-0.0087640406563878,0.0014119229745119,-0.0020481166429817,-0.0137187168002128,-0.0258289482444524,-0.0070399912074208,-0.0075045814737677,0.0093891555443406,-0.0030177650041878,-0.0054114805534482,-0.0156844072043895,-0.0178423821926116,-0.0057449396699666,-0.0007207781309261,-0.0143454819917678,0.02516495808959,-0.0150624113157391,-0.0031016853172332,-0.000683236925397,0.0021783772390335,0.0005286447703838,0.0081840306520462,-0.0022101004142314,-0.0059115206822752,-0.0201811529695987,0.0077840005978941,-0.0201811455190181,-0.0056225382722914,0.0296038761734962,-0.0069044139236211,0.007730615325272,-0.0299510397017002,-0.0087575893849134,0.0058602271601557,-0.0078645097091794,0.0012471443042159,-0.0456721484661102,-0.0045815692283213,0.0034939628094434,-0.0050021731294691,-0.0047205402515828,-0.0236325431615114,-0.0047205495648086,-0.0039631468243896,-0.0034234919585287,-0.0105438791215419,0.0061162686906754,0.0236834827810525,-0.0035264124162495,-0.004023334942758,-0.0216327272355556,-0.0407875478267669,-0.0119448518380522,-0.0219845380634069,-0.0058662127703428,-0.000874177145306,0.0004312093369662,0.0025652479380369,-0.0144477328285574,-0.0109781380742788,-0.0382146127521991,-0.0056053316220641,0.0071948505938053,-0.0090730236843228,0.02516495808959,-0.0226111970841884,-0.0360511392354965
3695,-0.0104184141382575,-0.0052306046709418,-0.0098237413913011,0.0019079067278653,0.0105845741927623,0.0192505326122045,-0.0025562057271599,-0.0193495973944664,-0.0460704453289508,0.0022091078571975,-0.0041440436616539,-0.0379178375005722,0.00574441999197,-0.0218010023236274,0.003263650694862,-0.0146078281104564,0.01045239623636,-0.0023277215659618,-0.0103647699579596,-0.0210117436945438,-0.0144930956885218,0.014299594797194,0.0053866854868829,0.00183667964302,-0.0029100002720952,0.0119274100288748,-0.0198776423931121,-0.0300915241241455,-0.0005238006124272,-0.0009885439649224,0.024339348077774,-0.0106590576469898,0.0105845890939235,0.0036709574051201,0.0056566381826996,-0.0098349312320351,-0.005604616831988,0.0036709732376039,-0.0132790878415107,-0.0103596877306699,0.0153385633602738,-0.0006127841770648,-0.0162581708282232,0.0059954179450869,-0.0250147804617881,-0.0086817368865013,-0.0055327326990664,-0.0071307057514786,0.0219052862375974,-0.0205817576497793,0.0369928628206253,-0.0171364583075046,0.0061891456134617,-0.0108378184959292,-0.0089701432734727,0.0012309384765103,0.0138560710474848,-0.009634431451559,-0.0268243700265884,-0.0103647634387016,-0.0021440098062157,-0.0103647634387016,-0.0096183558925986,-0.012429803609848,0.0015060121659189,0.0080409971997141,7.045082747936249e-05,0.0006979333702474,0.0117618385702371,-0.0379178375005722,0.0093931648880243,0.0141164595261216,-0.0081943459808826,0.0083047347143292,-0.0329700671136379,-0.0222890544682741,-0.000762163719628,-0.0222890563309192,0.0224697440862655,0.0023252293467521,-0.0012764423154294,0.0179241150617599,0.0036271600984036,0.003215990262106,-0.0127567108720541,-0.0102758761495351,-0.0425198338925838,-0.0276249460875988,0.0149704404175281,0.0054151099175214,0.0243393443524837,-0.0091255055740475,-0.0025607044808566,-0.0047612437047064,-0.0009141504997387,0.0106090866029262,-0.0102153550833463,0.0003266199491918,-0.0055391970090568,0.0369928628206253,0.0065238382667303,-0.0242438316345214
3696,-0.0091478461399674,-0.0007497454062104,0.0052178809419274,-0.0395185425877571,-0.0029951157048344,0.0103290267288684,-0.0329077318310737,-0.0106036886572837,-0.0285907797515392,-0.0324591100215911,-0.0033103050664067,0.013419235125184,5.512492498382926e-05,0.0142129519954323,0.0078190760686993,0.0177206564694643,-0.0024603335186839,-0.0028614373877644,-0.008010484278202,-0.0198421701788902,0.0122263366356492,0.0116108432412147,-0.0145526891574263,-0.0046978322789072,-0.0246803630143404,-0.0259993001818656,0.0094089452177286,-0.0126844840124249,0.0020524163264781,-0.008971850387752,0.0225254110991954,-0.0154824517667293,-0.0029951229225844,-0.0028424186166375,-0.0018534744158387,0.0232165977358818,0.0115009984001517,-0.0028424402698874,0.0118528790771961,-0.0089115668088197,-0.0035705531481653,-0.0051169181242585,0.0344563759863376,-0.0270931124687194,0.0367726348340511,0.009024579077959,-0.007473514880985,-0.0036736433394253,0.0260775331407785,0.0025966567918658,0.0159317813813686,0.0159113984555006,0.0140931103378534,0.0062974421307444,0.0320644825696945,-0.011829636991024,0.0084635987877845,0.0061747562140226,0.034214973449707,-0.0080104805529117,0.0050582271069288,-0.0080104814842343,-0.0102121494710445,-0.0036746449768543,0.0224116817116737,0.0384935550391674,-0.0393281877040863,0.0053632413037121,-0.007905563339591,0.0134190786629915,-0.0252686254680156,0.0574324466288089,-0.0003677946515381,0.002748315455392,0.0064882207661867,0.0224190820008516,-0.0336761884391307,0.0224190540611743,-0.0223507024347782,0.0016336988192051,0.0051234350539743,0.0024984353221952,-0.0242857001721858,-0.0055275917984545,0.0155678279697895,-0.0078931339085102,-0.0116465352475643,0.0183754004538059,-0.0020548123866319,-0.0199117884039878,0.0225254148244857,0.0028987335972487,0.0002149713691323,-0.020366983488202,-0.0016197310760617,-0.0005544258747249,-0.0139246257022023,-0.0075946766883134,0.0179353896528482,0.0159317813813686,0.0172093231230974,-0.0311458632349967
3697,-0.0095892753452062,-0.011583587154746,-0.0079230405390262,-0.0006461581215262,0.0001014427471091,0.0086832521483302,-0.0200060456991195,-0.0105227911844849,-0.034229788929224,-0.0112120956182479,-0.0028228152077645,-0.026333350688219,-0.0150283947587013,-0.0227947123348712,-0.0084322374314069,-0.0020056376233696,-0.0146407037973403,-0.0030827498994767,-0.0234964415431022,-0.0175872296094894,0.0014216714771464,-0.0007200927939265,-0.0067150993272662,0.0067746611312031,-0.0125738736242055,-0.005429504904896,-0.0062739392742514,-0.0171793140470981,-0.0101173147559165,0.0087740560993552,0.0162271875888109,-0.0009497978026047,0.0001014284353004,-0.015548157505691,-0.0165557228028774,0.0033858492970466,-0.0047537093050777,-0.0155481789261102,-0.0146447485312819,-0.005469927098602,-0.0139525476843118,-0.0020905954297631,0.0074716792441904,-0.0177758485078811,-0.0365166887640953,-0.0191370118409395,-0.0095155742019414,-0.0151931773871183,0.018556049093604,-0.0031797215342521,0.0098807057365775,-0.0106899375095963,0.0042695994488894,-0.0028707776218652,0.0139275817200541,-0.0009273142786696,-0.0037780557759106,-0.0055395178496837,-0.0379387997090816,-0.0234964434057474,0.0088674696162343,-0.0234964434057474,-0.0067464183084666,0.011402990669012,0.0119013376533985,0.0015474054962396,-0.0062134456820786,-0.0129025224596261,-0.0090999733656644,-0.026333350688219,-0.013852585107088,0.0168320946395397,-0.001235548290424,-0.0144090317189693,-0.0205790866166353,-0.0316603109240531,-0.0071432702243328,-0.0316603109240531,-0.0279077570885419,0.0075114429928362,-0.0061858310364186,0.0037603327073156,-0.0026471270248293,-0.0154048604890704,0.0113110560923814,-0.0241045132279396,-0.0223435703665018,-0.0156482700258493,-0.0082718059420585,-0.0171471610665321,0.0162271931767463,-0.0082046054303646,-0.0106014655902981,-0.0055403490550816,-0.0051577007398009,-0.0046829739585518,-0.025554122403264,0.0093042803928256,0.0184801891446113,0.0098807057365775,0.0009456149418838,-0.0268336590379476
3698,0.0153980106115341,0.0313952341675758,0.0244295168668031,-0.0061325896531343,0.0154981072992086,0.0106625407934188,0.0361330434679985,0.0166895687580108,0.0436526089906692,0.0100585119798779,0.02767825871706,0.0172068271785974,0.018087662756443,0.0280064567923545,0.0386923365294933,0.0075049176812171,-0.0161566995084285,0.0466476343572139,0.024056326597929,0.0135711720213294,0.0066630248911678,0.0374500565230846,0.0345938764512538,0.0196016076952219,0.0228779148310422,0.0391541048884391,0.0033716280013322,0.0101651446893811,0.0239390023052692,0.0302861034870147,0.0018213589210063,0.0253081433475017,0.015498099848628,0.016251241788268,-0.0004344100598245,0.0094445776194334,0.0006510012317448,0.0162512566894292,0.0200611166656017,0.0189272183924913,0.008148405700922,0.0269873663783073,-0.007594708353281,0.0105055347084999,0.013773170299828,0.0355840064585208,0.0135437054559588,0.0023736683651804,-0.0024156626313924,0.001437745639123,0.0896051675081253,0.0272038057446479,0.000967722327914,-0.0148860057815909,-0.0596084669232368,0.0107143698260188,0.0352792367339134,-0.0176174975931644,0.0128272185102105,0.0240563303232193,0.0031602084636688,0.024056326597929,-0.0007107957499101,0.0475829094648361,-0.0205587558448314,-0.094483345746994,-0.0028490871191024,0.0241176187992095,-0.0028280627448111,0.0172068271785974,-0.0021174075081944,0.0292112249881029,0.0286283120512962,0.0023259064182639,0.0181091856211423,0.0113330837339162,-0.0012433949159458,0.0113330837339162,-0.0020162826403975,0.0200151335448026,0.0149283492937684,0.0172537267208099,0.0333322808146476,0.0109743159264326,-0.0188954733312129,0.0249717310070991,0.0141292512416839,-0.001861602300778,0.0048893368802964,0.0117975929751992,0.0018213193397969,0.008556492626667,0.0036124719772487,-0.0007485908572562,0.0181365106254816,0.0144426003098487,0.0123334778472781,0.0291388593614101,-0.0017530191689729,0.0896051675081253,0.0102912783622741,-0.0010197479277849
3699,-0.0007248857291415,-0.018350176513195,-0.0269227176904678,-0.0121592339128255,-0.0247070547193288,-0.0150594003498554,-0.0219152085483074,-0.0037843906320631,-0.0302299074828624,-0.0047628413885831,-0.0068457331508398,-0.0145418224856257,-0.0220355354249477,-0.0142592322081327,-0.0102621046826243,-0.0224738921970129,-0.0198586266487836,-0.0073060104623436,-0.0221907570958137,-0.0126478932797908,9.875540854409336e-05,0.0048777656629681,-0.0140018286183476,-0.000443598255515,-0.013445203192532,0.0181824211031198,-0.0033022612333297,0.0032807672396302,-0.0310697797685861,-0.0002049128815997,-0.0056033176369965,0.0032783991191536,-0.0247070547193288,-0.0454199016094207,-0.0280632730573415,-0.0114043345674872,0.0026662079617381,-0.045419905334711,-0.0330957621335983,-0.0087532512843608,-0.0162712782621383,-0.0089119998738169,-0.022622849792242,-0.0067442040890455,-0.0098869409412145,-0.0212959125638008,-0.0028268825262784,-0.0335339941084384,-0.004756303038448,-0.0014371059369295,0.008469677530229,-0.0381379052996635,-0.0108292903751134,-0.010632824152708,-0.0129318507388234,0.0026630072388798,0.0006898059509694,-0.0133082764223217,-0.0079956334084272,-0.022190760821104,0.0035257290583103,-0.022190760821104,-0.0076550291851162,-0.0084114726632833,-0.0079248221591115,-0.0291788689792156,-0.0137686431407928,-0.0318745784461498,-0.0567278712987899,-0.0145418187603354,0.0051079792901873,0.002716589719057,-0.0102804470807313,-0.0253885816782712,-0.0093805445358157,-0.0100818695500493,-0.0116417445242404,-0.0100818704813718,-0.0256296209990978,-0.0017402241937816,-0.0103155989199876,-0.0201477818191051,0.015969069674611,-0.0467476695775985,-0.0061316504143178,-0.0220576748251914,0.0140294590964913,-0.0023266850039362,-0.0232379361987113,-0.0086296908557415,-0.0056033176369965,-0.0182744357734918,-0.0083269225433468,-0.0094058234244585,0.0003679802175611,-0.0327375680208206,-0.0144522422924637,-0.0005140344146639,0.0002215595450252,0.008469677530229,-0.0113456230610609,-0.0240913424640893
3700,-0.0149128707125782,-0.0130806192755699,0.0226198900490999,-0.0063406256958842,-0.0046266778372228,-0.0021418577525764,-0.0224580857902765,-0.0074704717844724,-0.0297833420336246,0.008656489662826,0.0259676985442638,-0.0148485340178012,0.0107367010787129,-0.0059244344010949,0.008914690464735,-0.0073849912732839,-0.0027930522337555,0.0192891117185354,-0.0110040325671434,-0.0131107345223426,-0.0195510536432266,0.0177114643156528,0.0019297497346997,0.0099407248198986,-0.0094475727528333,0.0189551711082458,-0.0156013900414109,-0.0103066628798842,-0.0124405892565846,0.0271710529923439,-0.0011676910798996,0.0219924878329038,-0.0046266741119325,0.0081121549010276,0.0092377588152885,-0.0147169576957821,0.02151495590806,0.0081121865659952,0.0166701637208461,-0.0085839247331023,0.0017222443129867,0.0006170335691422,-0.0094607798382639,-0.0089347586035728,-0.0041425162926316,-0.0130214747041463,-0.0203991252928972,0.0111525617539882,-0.0021679475903511,-0.0185605939477682,0.0169486626982688,0.0279637183994054,-0.0115285273641347,-0.0144718931987881,-0.003115305211395,0.0049784081056714,0.0152926445007324,-0.0105287879705429,-0.0050609586760401,-0.0110040325671434,0.0082492362707853,-0.0110040362924337,-0.0002998728305101,0.0423234775662422,-0.0134594663977622,0.0267326422035694,-0.0030025707092136,-0.0008627119241282,0.0289765149354934,-0.0148485349491238,-0.0053170043975114,-0.0214277748018503,0.0245909616351127,0.0107161402702331,-0.0073788976296782,-0.0079741766676306,0.0012762058759108,-0.0079741738736629,0.0020216160919517,0.0030513673555105,-0.0114201102405786,-0.0021287999115884,0.0202934127300977,0.0118105132132768,-0.0194755923002958,-0.011013988405466,-0.0042182928882539,-0.0163019858300685,-0.0028350176289677,-0.0048288889229297,-0.0011676920112222,-0.0063395723700523,-0.0052735251374542,-0.0005777983460575,-0.018440218642354,-0.0095489248633384,-0.0155241265892982,0.0277167558670043,-0.027070490643382,0.0169486626982688,0.0022003450430929,-0.0190361775457859
3701,0.0250513032078742,0.0257879365235567,0.0263548977673053,0.005364722572267,0.0316326990723609,0.0056008631363511,-0.0014323014765977,0.0025406288914382,0.0512725003063678,0.0218247100710868,0.0094760647043585,0.0147172948345541,0.0468968972563743,0.0391381718218326,0.0525551214814186,-0.0150553351268172,0.0066077494993805,0.0560154356062412,0.0079215392470359,-0.009817998856306,0.0113984495401382,0.0396019779145717,0.0318499319255352,0.0216305796056985,-0.0105180479586124,0.0210552308708429,0.0135106910020113,0.0072074234485626,0.010679030790925,0.0145241999998688,-0.0207392051815986,0.008029768243432,0.0316326990723609,0.0079977186396718,0.0219929683953523,-0.0088489819318056,0.0262828413397073,0.0079977232962846,0.0286765228956937,-0.006478639319539,0.0248544812202453,0.0242802742868661,-0.0189428478479385,-0.0192753765732049,0.0070627275854349,0.0372916497290134,0.0192711167037487,0.0324848666787147,-0.0253979004919528,0.016260527074337,0.0586342588067054,0.0299566332250833,-0.0109742023050785,-0.0104187168180942,-0.0412666797637939,0.025234056636691,0.0381279438734054,-0.0196936465799808,0.0082755433395504,0.0079215383157134,0.0272387415170669,0.0079215383157134,0.020268652588129,-0.0274239461869001,-0.0324297808110713,-0.0693975985050201,0.0119742732495069,0.0106650060042738,0.0115098031237721,0.0147173507139086,-0.0318929329514503,-0.0096154268831014,0.0148282535374164,0.0233445800840854,0.0103714587166905,0.0147948181256651,0.0167552754282951,0.0147948255762457,0.0176740065217018,0.0116173531860113,-0.0117329601198434,0.0214449167251586,0.011688070371747,0.0071579804643988,-0.0193699747323989,0.0082149300724267,0.0089438185095787,0.0096036363393068,0.0194742828607559,-0.0171264018863439,-0.0207391995936632,-0.0125193456187844,0.0069048982113599,0.0188656337559223,0.0189094562083482,0.0217160396277904,-0.0034353018272668,0.0145260244607925,-0.0205695629119873,0.0586342588067054,0.0257020033895969,-0.0049147033132612
3702,-0.0144891524687409,-0.0011624796316027,-0.0204091016203165,-0.0224211085587739,-0.0068902177736163,-0.0022094578016549,-0.0289805382490158,-0.0210727006196975,-0.025700569152832,-0.0108268167823553,-0.0099390195682644,-0.0223552361130714,-0.0248511414974927,-0.0229751877486705,-0.0287366490811109,-0.0215181596577167,-0.0246736798435449,-0.0253761373460292,-0.0140442717820405,-0.0258018486201763,-0.0352223291993141,0.0013926244573667,-0.0238793548196554,0.0140138957649469,-0.0168876275420188,0.0353053919970989,-0.0216875486075878,-0.0287680998444557,-0.006354437675327,0.0019071616698056,0.0012253525201231,0.0153246317058801,-0.0068902145139873,-0.005605318583548,-0.0216037482023239,-0.0368922092020511,-0.0146135473623871,-0.0056052971631288,-0.0195361617952585,-0.0122532844543457,-0.0285648070275783,0.0072474866174161,-0.0294789560139179,-0.0187400914728641,0.0015931316884234,-0.0141039527952671,-0.0090548936277627,-0.0181661192327737,0.0014466874999925,-0.0234313998371362,0.0133366044610738,-0.0197716001421213,-0.0027399780228734,-0.0082541648298501,0.01555363740772,0.0023365635424852,-0.003237934783101,-0.0049308678135275,0.0017323181964457,-0.0140442689880728,0.0087742581963539,-0.0140442727133631,-0.0054074353538453,-0.0155619364231824,0.009950746782124,0.0282868407666683,-0.0226054899394512,-0.0029569792095571,-0.0153053663671016,-0.0223552342504262,-0.021219789981842,-0.0790923982858657,-0.0055744466371834,-0.0237971972674131,-0.0139487702399492,-0.0011239203158766,-0.0204290971159935,-0.0011238872539252,-0.0448706410825252,0.0111940111964941,-0.0288027208298444,-0.0040309661999344,0.0303297955542802,-0.0111591517925262,0.0003301253309473,-0.0131483767181634,-0.0383020117878913,-0.0135163171216845,-0.0357634425163269,-0.0123065700754523,0.001225352869369,-0.0150994164869189,-0.0092518106102943,-0.0109750954434275,-0.0021356423385441,-0.0356442406773567,-0.0163127519190311,0.004944980610162,0.0031459694728255,0.0133366044610738,-0.0227856468409299,-0.0297373700886964
3703,-0.0192337371408939,0.0056227636523544,-0.0048496602103114,-0.0161313209682703,-0.0025977431796491,0.0024120374582707,-0.031807292252779,-0.0102470768615603,-0.0298590771853923,-0.0026281024329364,0.0091143241152167,-0.0193326994776725,0.0077994498424232,-0.009032922796905,0.0121808499097824,0.0043723904527723,0.0086187524721026,0.0104607352986931,0.0004960381775163,-0.0163876917213201,-0.0022044056095182,0.0128727536648511,-0.0310266409069299,0.013455961830914,-0.0057275262661278,0.0469722673296928,0.0069619845598936,-0.0234807655215263,-0.0267587080597877,0.0163955129683017,0.0091304816305637,0.0335626453161239,-0.002597777172923,-0.0144975688308477,0.004343872424215,-0.0023377414327114,0.0007401430048048,-0.0144975427538156,-0.011279447004199,-0.0016884878277778,-0.0046039004810154,0.0099068563431501,0.0078464280813932,-0.005694099701941,0.010263392701745,0.0007763924077153,-0.0164396911859512,-0.0046714418567717,0.0098114348948001,0.0039911433123052,0.0281431712210178,-0.0154361985623836,0.0105747543275356,0.0148720499128103,0.0277241207659244,0.0059593138284981,0.0085579538717865,0.0073069976642727,0.0095848944038152,0.0004960290389135,0.0103839468210935,0.0004960352089256,-0.0057724392972886,0.0245364792644977,0.0146994180977344,0.0151292691007256,-0.0183041207492351,-0.0157077498733997,-0.0104092583060264,-0.0193326976150274,0.0065018660388886,-0.0294571798294782,0.0156402103602886,0.0110510345548391,-0.0073248948901891,0.0039276671595871,-0.0144528113305568,0.0039276662282645,-0.008401982486248,0.0159614402800798,-0.0044738533906638,-0.0012716656783595,0.0452425144612789,-0.011010187678039,0.0192474871873855,9.404394222656264e-05,-0.0301999114453792,0.0161205679178237,-0.0208531524986028,-0.0005382852978073,0.0091304806992411,0.0035866661928594,0.0079937176778912,-0.0097006671130657,-0.010462462902069,-0.0352673903107643,-0.0069654397666454,0.0181492324918508,0.019354872405529,0.0281431712210178,-0.0178341139107942,-0.0268717594444751
3704,0.006981034297496,0.0029022714588791,0.0224806331098079,-0.0131675349548459,0.0198749583214521,0.0199853517115116,0.0294739939272403,0.0025414242409169,0.0091185523197054,0.0067649483680725,0.0211361125111579,-0.0020154751837253,0.0382477678358554,0.0204168409109115,0.0498262606561183,-0.0134226586669683,-0.0016483063809573,0.0427062697708606,-0.0052302335388958,0.0031159110367298,-0.0024135306011885,0.0405641943216323,0.0291669555008411,0.0042005721479654,0.0092598684132099,0.0032696619164198,-0.0026818746700882,-0.0099746007472276,-0.010861437767744,0.0164315998554229,0.0182638298720121,-0.0072955572977662,0.0198749564588069,-0.0172981806099414,0.0267365053296089,-0.0129329711198806,0.0215093046426773,-0.0172981806099414,0.0225506573915481,0.0091277193278074,0.014915207400918,0.0088053196668624,-0.0201945006847381,-0.0029199051205068,-0.0246542859822511,0.0159302502870559,0.0071004531346261,0.026090707629919,0.0150626525282859,0.0030632072594016,0.0632071420550346,0.0176086258143186,0.0185179617255926,0.0018402459099888,-0.0088228769600391,0.0030752872116863,0.0380730479955673,0.0090528111904859,-0.0238761864602565,-0.0052302218973636,0.0019019457977265,-0.0052302246913313,0.0024237376637756,0.0039088139310479,0.0121157523244619,0.0102724246680736,-0.0051723392680287,-0.0092767365276813,-0.0141175501048564,-0.0020154598169028,-0.0130894314497709,-0.0243162643164396,0.0098539199680089,0.0248896982520818,-0.0047580180689692,-0.0139590436592698,0.0016997212078422,-0.0139590483158826,0.0038664788007736,0.0086999796330928,-0.010168245062232,0.0224496275186538,-0.0030820118263363,-0.0153901986777782,-0.0034850814845412,-0.0040984493680298,-0.0133277028799057,-0.0128824561834335,0.0078368345275521,-0.0115796104073524,0.0182638317346572,-0.0136220827698707,0.0177192743867635,0.0023697910364717,0.0148952044546604,0.0084689678624272,0.0206391010433435,0.0134137067943811,0.0052991211414337,0.0632071420550346,0.0179733633995056,0.0047223353758454
3705,-0.0133185200393199,-0.0240480899810791,-0.007467062678188,0.0126288011670112,0.0028961417265236,0.0089810322970151,-0.025133891031146,-0.023076768964529,-0.0135201569646596,-0.0033810455352067,-0.0065291635692119,-0.0143435625359416,-0.0414787530899047,-0.0224933940917253,-0.0275922063738107,-0.0029992209747433,-0.0380867645144462,-0.0099072232842445,-0.0284556988626718,-0.0285922698676586,-0.0262397807091474,-0.0032399566844105,-0.0077498005703091,-0.0156184853985905,-0.0234663039445877,0.0174959655851125,-0.015043924562633,-0.0266268551349639,0.0036587661597877,-0.0097274221479892,0.014156786724925,0.0186465438455343,0.0028961366042494,-0.0035103682894259,-0.042636327445507,-0.0234972946345806,-0.0052586067467927,-0.0035103866830468,-0.0147752268239855,-0.0188159216195344,-0.0216645747423172,-0.018321281298995,-0.0068467408418655,-0.0272576343268156,-0.0041188672184944,-0.0261006746441125,-0.0091810980811715,-0.032010544091463,0.0152300130575895,-0.0133485365658998,-0.0008473565103486,-0.003376624546945,-0.0276801511645317,-0.020956976339221,-0.0234610512852668,-0.0095558837056159,-0.0059690959751605,-0.0130068277940154,-0.0043343212455511,-0.0284556970000267,-0.0168446600437164,-0.0284557044506073,-0.0237103607505559,-0.0026805019006133,-0.018622949719429,-0.0052914367988705,0.0039842659607529,0.002902150619775,-0.0143348546698689,-0.0143435671925544,-0.0379982888698577,-0.0678059309720993,0.0084837060421705,-0.0443880334496498,-0.0067246495746076,-0.0037549110129475,-0.002830182434991,-0.0037549091503024,-0.0348067060112953,-0.0169734023511409,-0.0255846958607435,0.0058612404391169,0.0197378657758235,-0.0129321385174989,-0.0212005637586116,-0.0288385637104511,-0.0330386087298393,-0.0105816861614584,-0.0168127734214067,-0.0182408653199672,0.0141567895188927,-0.0022577794734388,-0.0127272848039865,-0.014585449360311,-0.0040036803111433,-0.0127848424017429,-0.0105539476498961,-0.0105036096647381,-0.0226693227887153,-0.0008473565103486,-0.0035302808973938,-0.0330592207610607
3706,-0.018398854881525,-0.0318412892520427,-0.005881518125534,0.0292016640305519,-0.0018757473444566,0.0007053207955323,-0.0236744955182075,-0.0107853952795267,-0.0318439416587352,0.011539657600224,-0.014227395877242,-0.0299582816660404,-0.0211064629256725,-0.0261945724487304,-0.0082942824810743,0.0085446871817111,0.0146549632772803,0.0025031650438904,-0.0239652730524539,-0.014680222608149,0.0025102712679654,-0.0019236163934692,0.0033771637827157,-0.0695224851369857,-0.0033054105006158,0.0290139522403478,0.016898913308978,-0.0189091432839632,-0.0094155091792345,-0.0410068854689598,0.0038341700565069,0.0104937879368662,-0.0018757468787953,-0.0047346502542495,-0.0224260296672582,-0.0036793895997107,-0.006539053749293,-0.0047345887869596,-0.0159038193523883,-0.003854778362438,0.011564752086997,-0.0433862805366516,0.0084496336057782,-0.00555563531816,0.0294532533735036,-0.0179576966911554,-0.0160743109881877,-0.0212649125605821,0.0043619344942271,0.013027686625719,0.0051966691389679,-0.0124079156666994,-0.0065922960638999,0.0017792902654036,0.0123935332521796,-0.0051132207736372,-0.0016858940944075,-0.0006593447178602,0.0248504243791103,-0.0239652693271636,-0.0207262635231018,-0.0239652730524539,-0.0257057696580886,-0.0156988985836505,0.0078113335184752,0.0145418383181095,0.0199011713266372,-0.0079525122418999,0.0106139741837978,-0.0299582779407501,-0.0045329178683459,-0.0312551222741603,0.0057258959859609,-0.0234551671892404,-0.0213060081005096,0.0112076383084058,0.0099310874938964,0.0112076280638575,0.0172141268849372,-0.043247777968645,-0.0034690434113144,-0.0011192865204066,0.0240802988409996,-0.0035029486753046,0.0070888018235564,-0.0250268634408712,-0.0249589756131172,0.022821694612503,0.0156121952459216,0.0052533349953591,0.0038341707549989,0.0103884683921933,-0.0026884938124567,-0.0104062426835298,-0.0135927842929959,0.008975570090115,-0.0151392724364995,-0.0516181178390979,0.0075721303001046,0.0051966691389679,0.0093257641419768,-0.0258991047739982
3707,-0.0132213942706584,-0.0069241384044289,-0.0014266539365053,-0.0359522700309753,0.0010424109641462,-0.0080294096842408,-0.0083645051345229,-0.0232455767691135,-0.0222740713506937,-0.0244551189243793,-0.0169686935842037,-0.0046972371637821,-0.0229480843991041,-0.0077700074762105,-0.0113553078845143,-0.005083586089313,-0.0133194644004106,-0.0042520291171967,-0.0258808173239231,-0.0248622000217437,-0.0088374903425574,0.0039457813836634,-0.0110216755419969,0.0064873099327087,-0.0064771655015647,0.0039183911867439,-0.0034964748192578,-0.0289556365460157,-0.0117083927616477,-0.0054124081507325,-0.0168416798114776,0.005554549396038,0.0010424103820696,-0.0019475744338706,-0.0234418679028749,-0.0125515144318342,-0.0101889697834849,-0.0019475328736007,-0.0037871315144002,-0.0174020491540431,-0.0196167863905429,0.0019870123360306,-0.0135114602744579,0.0108879609033465,0.0114941801875829,-0.0119419358670711,-0.0090083666145801,-0.0173545181751251,-0.0188514962792396,-0.0042966995388269,0.0161962918937206,0.0020885930862277,-0.0028004581108689,-0.0052283247932791,0.011512485332787,-0.0003410401986911,-0.0003711632452905,-0.0039733620360493,0.0137010524049401,-0.0258808210492134,0.0141238290816545,-0.0258808154612779,-0.0011248793452978,-0.0331378579139709,0.0097571983933448,0.0126667488366365,-0.0355423726141452,-0.0015468758065253,-0.0087905758991837,-0.0046972539275884,0.0153764057904481,-0.0270730480551719,0.0053284270688891,-0.0252068750560283,-0.0029380747582763,0.0128929447382688,-0.0285761877894401,0.0128929428756237,-0.0288015641272068,0.0053058201447129,-0.0015208220575004,-0.0025532506406307,0.0039909929037094,-0.0081723034381866,0.0049575110897421,-0.0245772209018468,-0.036743514239788,0.0037622035015374,-0.0287474785000085,0.0135333351790905,-0.0168416798114776,0.0025978228077292,-0.006623656488955,-0.011002174578607,-0.0045325090177357,-0.0346744731068611,-0.0162422191351652,-0.0058282469399273,0.0074361069127917,0.0161962918937206,-0.0195461586117744,-0.0285549908876419
3708,-0.0104175256565213,-0.0130030512809753,0.0073444498702883,-0.0255883932113647,-0.0022060100454837,0.0070469952188432,-0.0345043949782848,-0.0138691291213035,-0.0283133499324321,-0.0146153531968593,-0.0191761367022991,-0.02276605181396,-0.0172753892838954,-0.0227767582982778,-0.0150518612936139,-0.0169259626418352,-0.0054832668974995,0.0040506185032427,-0.0088858418166637,-0.0232270658016204,-0.0182998366653919,0.0005881458055227,-0.0076489080674946,-0.0029726799111813,-0.0178810507059097,0.033709567040205,-0.0061732716858386,-0.0060641062445938,0.0075030578300356,-0.0099576273933053,0.0145648382604122,0.0408657938241958,-0.00220601959154,-0.0123882889747619,-0.0160392485558986,-0.0303849466145038,-0.0057050571776926,-0.0123884007334709,-0.0026122129056602,-0.0195125564932823,-0.0053671551868319,-0.0021556294523179,-0.0282029882073402,-0.0029938830994069,0.0052603557705879,-0.0210128352046012,-0.0135024357587099,-0.0090298457071185,0.0156503301113843,-0.0035433922894299,0.0012314869090914,0.0089499773457646,-0.0111516900360584,-0.0065098577179014,-0.0034123272635042,0.0072035696357488,-0.0012395882513374,-0.0121750868856906,0.0038520661182701,-0.0088858446106314,0.017379967495799,-0.008885839022696,-0.0012753773480653,-0.0384409949183464,-0.0097554754465818,-0.020131854340434,-0.0259906835854053,0.0057330667041242,-0.0479688644409179,-0.0227660611271858,0.0068223811686038,-0.0660051479935646,0.0249467603862285,-0.0160794500261545,-0.0078833131119608,0.0008147998596541,-0.0224956609308719,0.0008148089982569,-0.011105416342616,-0.0013540394138544,-0.0193342249840497,0.0027590557001531,0.0402163714170455,-0.0240481067448854,-0.0033177305012941,-0.0087754894047975,0.0008853144827298,-0.0004563172697089,-0.0083974208682775,0.00338836456649,0.0145648391917347,-0.0062952227890491,-0.0061662402004003,-0.0083395177498459,-0.0126661732792854,-0.013858113437891,-0.0168274864554405,-0.0100117493420839,-0.0037773970980197,0.0012314869090914,-0.0020385859534144,-0.0326624624431133
3709,-0.0142411831766366,-0.0177305154502391,-0.0041595897637307,0.0143087496981024,0.0010170952882617,0.0039585931226611,-0.0229185260832309,-0.003251671558246,-0.0265911072492599,-0.0162641443312168,-0.0163630880415439,-0.0067143933847546,-0.0272995010018348,-0.0084134405478835,-0.0097492802888154,-0.0228449571877717,-0.0361527651548385,-0.0013248757459223,-0.0219172947108745,-0.0096454415470361,0.0064539005979895,0.001194865675643,-0.0161798372864723,-0.0010750669753178,-0.0137500958517193,-0.028773033991456,0.0111133893951773,-0.0057757589966058,-0.0046229409053921,-0.0077087664976716,0.0077314600348472,-0.0046427017077803,0.0010170906316488,-0.034605249762535,-0.03008290566504,-0.0137203130871057,-0.0110659599304199,-0.0346052423119545,-0.0084691047668457,-0.0034357740078121,-0.0283418633043766,-0.0119642866775393,-0.0183252748101949,-0.0099739246070384,0.0078743835911154,-0.0173932220786809,-0.0172018520534038,-0.0213501621037721,0.0083931228145957,0.0117629598826169,0.0129192760214209,-0.003137907013297,-0.0161049142479896,-0.0164678320288658,-0.0060301618650555,-0.0216226503252983,-0.0029704642947763,-0.0079772686585783,0.0091168973594903,-0.0219172947108745,-0.0201009325683116,-0.0219172947108745,-0.0260543152689933,-0.0244406331330537,-0.0035063021350651,0.0117439664900302,0.0051762666553258,-0.0145531231537461,-0.0682896897196769,-0.0067143733613193,-0.0042438972741365,-0.0195614006370306,-0.0002708293031901,-0.030101291835308,-0.0046723922714591,0.007992279715836,-0.0038854898884892,0.0079922713339328,-0.0423579365015029,-0.0064596137963235,-0.0100805973634123,0.001744823064655,-0.0181703958660364,-0.045594573020935,-0.0105416933074593,-0.0228102728724479,0.0001072862651199,0.0168990045785903,-0.030074093490839,-0.0119282873347401,0.0077314646914601,-0.0202881470322608,-0.0117562524974346,-0.0159059055149555,-0.0136363850906491,-0.0290253050625324,-0.013342005200684,-0.0073787155561149,-0.0088195111602544,0.0129192760214209,-0.0144917434081435,-0.0209696386009454
3710,-0.0142001993954181,-0.0108015807345509,-0.0109185986220836,-0.0216218307614326,-0.0348677448928356,-0.0159206315875053,-0.0303274244070053,-0.0230374746024608,-0.0267382077872753,-0.000947343185544,0.0015771463513374,-0.0032399308402091,-0.038038782775402,-0.0099748680368065,-0.0207216441631317,-0.0195807144045829,-0.0142744174227118,-0.0040629366412758,-0.0234221965074539,-0.0285692829638719,-0.0046399561688303,0.0094444500282406,-0.0120796477422118,0.0067051132209599,-0.0175419524312019,0.0696024000644683,0.0131352040916681,-0.0253511779010295,-0.0054038851521909,0.0078193936496973,-0.0069283661432564,0.0507200807332992,-0.0348677523434162,0.0107961148023605,-0.0418737903237342,-0.0288750752806663,-0.0009492426179349,0.0107961129397153,-0.0184714552015066,-0.0181707758456468,-0.0113465124741196,0.0002202789764851,-0.0303249433636665,-0.0069923382252454,-0.0009846538305282,-0.015929389744997,-0.0100990422070026,-0.0370239131152629,-0.0068137850612401,0.0138795226812362,0.0210949387401342,-0.0124121122062206,-0.0207300297915935,-0.0079440437257289,-0.018240462988615,0.0147793237119913,0.0050039188936352,-0.0192961879074573,-0.0145353879779577,-0.0234222002327442,0.0158696509897708,-0.0234222039580345,-0.0012647998519241,0.0057517681270837,-0.0210401527583599,-0.0537324100732803,-0.0233521349728107,0.0102053396403789,0.0031959721818566,-0.003239921061322,-0.0064225266687572,-0.0735110193490982,0.0217133350670337,-0.0409915298223495,0.0099808489903807,-0.0376627743244171,-0.0188335739076137,-0.037662573158741,-0.018961451947689,0.0048608449287712,-0.0165801867842674,-0.0204257443547248,0.0676214545965194,0.0026485132984817,-0.0067469123750925,-0.0229982659220695,-0.0332325845956802,0.008018528111279,-0.0219690278172492,0.0010500466451048,-0.0069283661432564,-0.0083179054781794,-0.0056707598268985,-0.0082028750330209,-0.0067290784791111,-0.0317738503217697,-0.0170083530247211,0.0092270597815513,-0.003643958363682,0.0210949387401342,-0.0151345077902078,-0.0345150828361511
3711,-0.0051216902211308,-0.0234128013253211,-0.0005165845504961,-0.0304146502166986,0.0043167970143258,-0.0013105042744427,-0.0121971815824508,-0.0107119064778089,-0.0123571492731571,-0.0143149411305785,0.0035849497653543,-0.0079456120729446,0.0014900017995387,-0.0126233687624335,-0.0149106290191411,-0.0120092527940869,-0.0108821289613842,-0.0143737941980361,-0.0213103406131267,-0.0163146629929542,-0.0183966346085071,0.0225937962532043,-0.0034547480754554,-0.0058055291883647,-0.0069032870233058,-0.0005787349073216,-0.0051453253254294,-0.0123451612889766,-0.0153904305770993,0.0043286066502332,-0.0072806840762495,-0.0073063825257122,0.0043167946860194,-0.0007373860571533,0.0026782311033457,-0.0230410173535347,-0.016453742980957,-0.0007373027037829,0.00227638380602,-0.0133377220481634,-0.0143648833036422,-0.010774303227663,-0.0172145999968051,0.0081512620672583,0.0240544863045215,-0.0234030708670616,-0.0069009764119982,0.0019910316914319,-0.0107701998203992,-0.0061657540500164,0.075168952345848,0.0119417449459433,0.0009351088665425,-0.0062646605074405,-0.0090840095654129,0.0113715343177318,0.0166978482156991,-0.0112131610512733,0.0258874408900737,-0.0213103406131267,0.0326159298419952,-0.0213103387504816,0.0152155682444572,0.0051419353112578,-0.0102460477501153,-0.0289776884019374,-0.0272326357662677,-0.0099486876279115,0.010296132415533,-0.0079456092789769,0.0164997391402721,-0.0625798851251602,-0.0044159698300063,0.0058750980533659,-0.0105711733922362,0.0228651911020278,-0.0183855388313531,0.0228651799261569,-0.017933277413249,-0.0042907744646072,-0.0120869129896163,0.0034627197310328,-0.0074482304044067,-0.0008842018432915,-0.0050804326310753,-0.021679263561964,-0.0091186584904789,0.0050042392686009,-0.0231761075556278,0.0083760032430291,-0.0072806812822818,-0.0040437006391584,-0.0036869337782263,0.0024570790119469,-0.0030264048837125,-0.0251593217253685,-0.0093741454184055,0.0049833310768008,-0.0031293360516428,0.075168952345848,-0.0257378704845905,-0.0171997509896755
3712,-0.0088992845267057,-0.0102293817326426,-0.0126367099583148,0.0189063213765621,-0.0150391086935997,-0.0017765798838809,-0.0315060019493103,-0.0096165938302874,-0.0168040208518505,0.0110609028488397,-0.0108984019607305,-0.0145960859954357,0.014729706570506,-0.013347553089261,0.0056387335062026,-0.0079670567065477,-0.0062981210649013,-0.007992741651833,-0.0046953251585364,-0.0171428490430116,-0.0098012508824467,0.0120847206562757,-0.0198635533452034,0.0063353134319186,-0.0107014710083603,-0.0125155206769704,-0.0034305485896766,-0.0091782035306096,-0.0134374564513564,5.82344364374876e-05,0.013484701514244,-0.026228753849864,-0.0150391086935997,-0.0288920141756534,0.0151478424668312,-0.0074570132419466,-0.0039604725316166,-0.0288920123130083,-0.0128018083050847,-0.0090819038450717,-0.005001800134778,0.0002820356748998,-0.0021964381448924,0.0008257296867668,0.0207666903734207,-0.0156885683536529,-0.0079401051625609,-0.0009783669374883,0.0150235034525394,-0.007818205282092,0.0283259525895118,-0.0177899524569511,0.0154726039618253,-0.001881901291199,0.0203474760055542,-0.0002855898928828,0.0088999401777982,-0.0038736541755497,0.0221962668001651,-0.0046953274868428,-0.0006479348521679,-0.0046953265555202,-0.0087638143450021,-0.0217517036944627,0.0107092577964067,0.0280684009194374,0.0148732988163828,-0.0194116774946451,-0.0271232575178146,-0.0145960804075002,0.0206136796623468,-0.0162061061710119,-0.0172601416707038,0.0219994094222784,-0.0179953686892986,0.0141358813270926,0.0126380417495965,0.0141358934342861,-0.0226693768054246,0.0078891674056649,-0.0071473596617579,-0.0100753074511885,-0.0188776738941669,-0.024155406281352,0.0026142192073166,-0.0048764552921056,-0.0076120793819427,0.0074487570673227,-0.0012947164941579,0.0009091347455978,0.0134847043082118,-0.005508532281965,-0.0031249586027115,-0.0018381585832685,-0.0047103869728744,0.0038301558233797,-0.0174338184297084,0.0008479114621877,0.0050899656489491,0.0283259525895118,0.0121405962854623,-0.0274645276367664
3713,-0.0132649382576346,0.0054169110953807,-0.0040778536349534,0.0073185046203434,-0.0192372184246778,-0.008998935110867,-0.0184074658900499,-0.0231600850820541,-0.0321275517344474,0.0054823281243443,0.0174088757485151,0.0090118031948804,-0.0382068455219268,0.0041931960731744,-0.0142456255853176,-0.0091465217992663,-0.0077955271117389,-0.0018119970336556,-0.0136491106823086,-0.0246287677437067,-0.0099696805700659,0.0131614804267883,0.009069500491023,0.0205342881381511,-0.0126082152128219,0.0503597036004066,0.0081258090212941,-0.0222978312522172,-0.0112789347767829,0.028000658378005,0.000979276956059,0.0413758866488933,-0.0192372146993875,-0.0045967423357069,-0.0411780253052711,-0.0205123927444219,-9.254319593310356e-05,-0.0045967465266585,-0.0077407378703355,-0.0166494343429803,-0.0077660423703491,0.0141731640323996,-0.0112878773361444,-0.0075299348682165,0.0452812053263187,0.0008690683171153,-0.0069557884708046,-0.0304824188351631,0.0015693989116698,0.0062591675668954,0.0321852155029773,-0.0021576299332082,-0.016224255785346,-0.0051804007962346,-0.0097034927457571,0.0084457462653517,0.0091534908860921,-0.0142069067806005,0.0452925488352775,-0.0136491097509861,-0.0014399217907339,-0.0136491060256958,-0.0112269381061196,0.0445909984409809,-0.0111116711050271,-0.0373230651021003,0.0021462030708789,-0.0039683058857917,-0.0056250160560011,0.0090117938816547,-0.0034127000253647,-0.0624746978282928,0.0222993120551109,-0.0410209707915782,0.0185615830123424,0.0289134755730628,-0.0010270469356328,0.0289135836064815,-0.0146499313414096,0.0187937095761299,-0.019274067133665,-0.0142224924638867,0.0526563785970211,-0.0059091765433549,-0.0022731758654117,-0.0137310596182942,-0.0362575724720954,0.0209719091653823,-0.0144350584596395,-0.005443025380373,0.000979279866442,-0.003936814609915,-0.0043422300368547,-0.004945860709995,-0.0090715195983648,-0.0196790099143981,-0.015305389650166,0.0287584327161312,0.0008252739207819,0.0321852155029773,-0.0102352490648627,-0.0314312353730201
3714,-0.001113656675443,-0.0119298575446009,-0.0210255775600671,-0.0194199848920106,0.0019532951992005,-0.0194412358105182,-0.0358392894268035,-0.0061059421859681,-0.0112008024007081,-0.0084551721811294,0.0016416818834841,-0.0056072901934385,-0.0149067295715212,-0.0109929582104086,-0.0164148714393377,-0.0100629087537527,-0.0254488345235586,-0.014245493337512,-0.0210934691131114,-0.0160789247602224,-0.0208995155990123,0.0036838185042142,-0.005705289542675,-0.0024297207128256,-0.0142679931595921,0.021910997107625,-0.0020274524576961,0.0041792439296841,-0.0155188040807843,0.0053519736975431,-0.0390100330114364,0.0111510185524821,0.0019532989244908,-0.009292148053646,-0.0192135572433471,-0.0258518941700458,0.0011950731277465,-0.00929213501513,-0.0237222407013177,-0.0122539168223738,-0.0219252854585647,-0.0060005979612469,-0.0140612479299306,0.0123449126258492,0.0263473354279994,-0.0139068718999624,-0.0036433949135243,-0.0291494540870189,-0.0428927391767501,-0.0048927413299679,0.006315731909126,-0.0220616161823272,0.007585019338876,-0.0116285169497132,-0.0163001660257577,0.0171841513365507,-0.0009196406463161,-0.0136017985641956,0.026142643764615,-0.0210934709757566,0.0333329029381275,-0.0210934728384017,0.0133146625012159,0.007375068962574,-0.0007488448172807,-0.0412735342979431,-0.0204869639128446,-0.0077019990421831,-0.0131675256416201,-0.0056072901934385,0.0329488068819046,-0.0800773054361343,-0.0039264056831598,-0.0118257571011781,-0.0022678794339299,0.0200604572892189,-0.0145321935415267,0.0200604684650897,-0.0335435345768928,0.0024968083016574,-0.0108322026208043,-0.0074027702212333,0.0183279085904359,-0.0134917832911014,-0.003163956105709,-0.0208928324282169,0.0137756615877151,0.0082722222432494,-0.0290994904935359,0.0160161256790161,-0.0390100292861461,-0.000420897238655,-0.00965934433043,0.0026162420399487,-0.0031391107477247,-0.0338678881525993,-0.0136764757335186,0.0035039852373301,0.010794498026371,0.006315731909126,-0.0167990885674953,-0.024933572858572
3715,-0.0052810246124863,-0.0023544621653854,-0.0167288370430469,-0.0039681950584053,-0.001594433793798,0.0067463191226124,-0.0373823940753936,-0.0103374822065234,-0.0422323457896709,-0.012788051739335,-0.0046881893649697,-0.0273789260536432,-0.0017604555469006,-0.0154664861038327,5.342508666217327e-05,-0.0068042930215597,-0.0040368596091866,-0.0104142492637038,-0.0160009302198886,-0.0209564119577407,-0.0209043957293033,0.0211294367909431,-0.0266319960355758,0.0193202905356884,-0.0204186793416738,-0.0185376070439815,-0.0223610233515501,-0.0106453606858849,-0.0007355134002864,0.0100663052871823,0.0149080958217382,-0.0240094792097806,-0.0015944286715239,0.0032781346235424,-0.0040152370929718,-0.0107159744948148,-0.0054970113560557,0.0032780840992927,-0.0163513738662004,-0.0114446524530649,0.004761672578752,0.0109596578404307,-0.0045672534033656,-0.0155025580897927,-0.0221214331686496,-0.0097833164036273,-0.0054150326177477,-0.0170434545725584,0.0149945970624685,-0.0220081768929958,0.0564673840999603,-0.0200635250657796,-0.0145673509687185,-0.0177123118191957,-0.022144615650177,-0.0080425813794136,0.0183484815061092,-0.0228859372437,-0.0226128324866294,-0.0160009283572435,-0.0011218960862606,-0.0160009302198886,-0.0116689335554838,-0.015627846121788,-0.0248871985822916,-0.0379624366760253,-0.0072748982347548,-0.0015243422240018,0.0225352887064218,-0.0273789260536432,-0.0101519133895635,-0.012450810521841,-0.0169963426887989,0.0007847966044209,-0.0270248409360647,-0.0179198049008846,-0.008485896512866,-0.0179198011755943,-0.0010608489392325,0.0112451212480664,-0.0119006587192416,0.002634281758219,-0.020902831107378,0.0069050178863108,-0.0200692303478717,-0.0157622434198856,-0.006072957534343,-0.0213456340134143,0.0150271896272897,-0.0064216563478112,0.0149080948904156,-0.0040462706238031,-0.0101234773173928,-0.0094175413250923,0.0019880558829754,0.0232261531054973,-0.0195303484797477,0.0139160510152578,-0.0220121629536151,0.0564673840999603,0.0169228557497262,-0.0250600166618824
3716,-0.0165601670742034,-0.0156521499156951,0.0031851944513618,-0.0034628494177013,-0.0147175332531332,-0.0039785006083548,-0.0248057376593351,-0.0160868670791387,-0.0140500077977776,-0.0042699854820966,-0.0105447471141815,-0.0260294415056705,-0.0154029661789536,-0.0214375257492065,-0.0006929960800334,0.013856079429388,-0.0062312139198184,0.0109300278127193,-0.0264263600111007,-0.0205332580953836,0.0057887556031346,0.0056854160502552,0.0069780051708221,-0.0217601116746664,-0.0152337197214365,0.0113756833598017,0.0062125083059072,-0.0219749771058559,-0.0100183254107832,-0.0207767207175493,0.0056214532814919,0.0083098271861672,-0.014717536047101,-0.0268002152442932,-0.0172556675970554,0.0116048566997051,-0.0024686763063073,-0.0268002152442932,-0.0062000770121812,-0.0138339363038539,0.0064699109643697,-0.0200986675918102,0.0192953124642372,-0.0096655655652284,-0.0005122227594256,-0.0152122527360916,-0.0160252526402473,-0.0099888714030385,0.0058247428387403,0.0040295287035405,0.0158065073192119,-0.0019959392957389,-0.0077254055067896,-0.010025568306446,-0.022006057202816,-0.0057228552177548,0.0049014901742339,-0.009422505274415,-0.0033218613825738,-0.0264263600111007,-0.0064936522394418,-0.026426363736391,-0.0136534888297319,-0.0219805296510458,-0.0062749171629548,-0.015179993584752,-0.006010961253196,-0.0172669440507888,-0.0334624573588371,-0.0260294415056705,-0.0107058025896549,0.0154206557199358,0.0089525151997804,-0.0211682915687561,-0.0188084095716476,-0.012379728257656,-0.0066537884995341,-0.012379728257656,0.0077192890457808,-0.0162646174430847,0.0076755369082093,-0.00883693061769,0.0111646177247166,-0.0306576304137706,-0.0128095187246799,-0.0266938563436269,-0.023012563586235,0.0030456616077572,0.0091001903638243,0.0010619459208101,0.0056214518845081,0.0104968016967177,-0.0016228555468842,-0.0103507619351148,-0.012403106316924,0.0066033578477799,-0.0058572385460138,-0.0249863322824239,-0.0044981949031353,0.0158065073192119,0.0077914339490234,-0.0251185968518257
3717,-0.0175527818500995,-0.0115378517657518,-0.0117756268009543,-0.0533678494393825,-0.0040960535407066,-0.0039049284532666,-0.0174028910696506,-0.0228565465658903,-0.0269490629434585,-0.0135728474706411,0.0127372369170188,-0.0158091410994529,-0.0282140187919139,-0.0170964263379573,-0.0183814167976379,0.0008714608848094,-0.0225865207612514,-0.0073689594864845,-0.0026932908222079,-0.0268475729972124,-0.0045067584142088,-0.0027353437617421,-0.0306017491966485,0.0025234268978238,-0.0198197327554225,0.0588771775364875,-0.0077116359025239,-0.0230132639408111,-0.0032475627958774,0.0160541031509637,-0.00532619189471,0.0335917249321937,-0.0040960740298032,-0.0180260129272937,-0.0291944146156311,-0.0016189164016395,-0.0028487464878708,-0.0180259980261325,-0.017418859526515,-0.0228110216557979,-0.0223097614943981,-0.0003890399821102,0.0046491287648677,-0.0128975789994001,-0.0168804042041301,-0.0170515775680542,-0.017172772437334,-0.0262880213558673,-0.0061003481969237,-0.0020343819633126,-0.0023695093113929,-0.014822032302618,-0.0094303488731384,-0.0044294828549027,0.0064072702080011,0.0114456284791231,-0.0053504863753914,-0.0065701147541403,-0.0144833046942949,-0.0026932952459901,0.0199018064886331,-0.002693292684853,0.0016898652538657,0.0400105379521846,-0.000625588116236,-0.0095147741958498,-0.0490285754203796,-0.0065295663662254,-0.0373770035803318,-0.0158091466873884,-0.0113092428073287,-0.0135065633803606,0.0118818497285246,-0.0300653800368309,-0.004522381350398,-0.0085585266351699,-0.0365507714450359,-0.0085585191845893,-0.0383744016289711,0.0043210820294916,-0.0097609516233205,-0.0028046399820595,0.0530771277844905,-0.0219665858894586,0.0044709620997309,-0.0021477788686752,-0.0220010541379451,-0.0034228437580168,-0.0221844390034675,-0.0096133984625339,-0.00532619189471,0.0009002056904137,-0.0093596307560801,-0.0142663698643445,-0.0126150622963905,-0.0159072838723659,-0.0143551491200923,0.0178957041352987,0.0056883180513978,-0.0023695093113929,-0.0090294685214757,-0.0316380485892295
3718,-0.0167535655200481,-0.0090088862925767,-0.0196341648697853,-0.0188535116612911,-0.0155404843389987,-0.0110668204724788,-0.0166650675237178,-0.0197486598044633,-0.0356744676828384,-0.010739779099822,-0.0194034706801176,-0.0035748109221458,-0.0117050539702177,-0.0016085362294688,-0.0072894105687737,-0.0043232478201389,-0.007611759006977,-0.0162208937108516,0.0018576466245576,-0.0236246287822723,-0.0039948634803295,0.0001639768015593,-0.0388264246284961,0.0103786243125796,-0.0067347576841712,-0.0100487787276506,-0.0110563971102237,-0.0271029658615589,-0.0156091954559087,-0.0020240554586052,-0.0055806618183851,-0.0210161656141281,-0.015540475025773,-0.0358972772955894,-0.0136823086068034,0.0051565133035182,-0.0126091903075575,-0.0358972735702991,-0.0152300894260406,-0.0148501675575971,-0.001870322972536,0.0012179758632555,0.0002193576656281,0.0084296334534883,0.0046202884986996,-0.0108374245464801,-0.0148998610675334,-0.0158016830682754,-0.0042725936509668,-0.0154904657974839,0.0106851132586598,-0.0204304605722427,-0.0085401283577084,-0.0108108855783939,-0.0179498419165611,0.0005783642409369,-0.0002294827718287,-0.0125898458063602,0.0067139863967895,0.0018576455768197,0.0156688652932643,0.0018576455768197,7.68713653087616e-05,-0.0317404493689537,-0.0105289909988641,-0.0237077604979276,-0.0183434262871742,-0.0223902612924575,-0.0491783693432807,-0.0035747895017266,0.0200494900345802,0.0424206107854843,-0.0195668786764144,-0.0122031569480896,-0.0085179032757878,0.0036724656820297,-0.0133522413671016,0.0036725203972309,-0.0037805391475558,0.0058022853918373,0.0089366678148508,-0.0144363399595022,-0.0160814207047224,-0.0347424857318401,-0.0117589263245463,0.0017300258623436,-0.031670793890953,-0.0020642119925469,-0.0031154460739344,0.0095939319580793,-0.0055806580930948,-0.0014423672109842,-0.0057849483564496,-0.0064778081141412,-0.0116971507668495,-0.0063805133104324,-0.0117414249107241,-0.0022219985257834,-0.0073983655311167,0.0106851132586598,-0.0006287173600867,-0.0328332409262657
3719,-0.0200643874704837,0.0047875242307782,-0.0209161397069692,0.0099780326709151,-0.0021663019433617,-0.0041681993752717,-0.0296387765556573,-0.0297232214361429,-0.0428540036082267,0.0056533687748014,0.0007643836433999,-0.0337858349084854,-0.043011013418436,-0.0265695266425609,-0.0253705121576786,0.0061046052724123,0.0161714609712362,-0.0090111335739493,-0.0207621455192565,-0.032492846250534,0.0110628148540854,0.0043454943224787,-0.0152217354625463,0.0154611840844154,-0.0081032086163759,0.0309782698750495,0.0211069956421852,-0.0349559299647808,-0.0107118254527449,0.0174651518464088,-0.0073246392421424,0.021157830953598,-0.0021663059014827,0.0094771720468997,-0.050413392484188,0.0078111551702022,-0.0062181744724512,0.0094771701842546,-0.0297617949545383,-0.0234647169709205,-0.0014047867152839,0.0120930653065443,0.0090534314513206,0.0209389235824346,0.0622200891375541,-0.0096622426062822,-0.0149970538914203,-0.042070135474205,-0.0085232444107532,0.0118360668420791,0.0161847341805696,-0.0224377028644084,-0.0235841888934373,0.0117566017434,0.0139167821034789,0.0156636349856853,0.0014813200104981,-0.0057068886235356,0.0542220696806907,-0.0207621492445468,0.0240492802113294,-0.0207621492445468,0.0059436270967125,0.0151286460459232,-0.0079305218532681,-0.0375233478844165,0.003969797398895,0.0043898993171751,0.0114035475999116,-0.0337858311831951,0.0454996898770332,0.0205794125795364,0.0031981375068426,-0.0467327088117599,-0.0211497284471988,0.0323313288390636,0.0028013326227664,0.0323313847184181,0.0002616723068058,0.0135152749717235,0.0142745804041624,-0.0019804870244115,0.0310040209442377,0.0056749172508716,0.0176778715103864,-0.0214721392840147,-0.0447900965809822,0.0349038355052471,-0.0143577009439468,0.0272749811410903,-0.0073246378451585,0.0123340561985969,0.0011515867663547,0.0060391589067876,-0.0132108833640813,-0.030455607920885,-0.01515235286206,0.0187764354050159,0.0108029842376708,0.0161847341805696,-0.0175671074539423,-0.0361523702740669
3720,-0.012201564386487,0.000543987378478,-0.0149152427911758,-0.0234014838933944,0.0185247771441936,0.0512612611055374,-0.0347423329949379,-0.0179681777954101,-0.0429169833660125,-0.0276920329779386,-0.007558777462691,-0.0116938138380646,-0.0260559078305959,-0.0061878785490989,-0.0097716692835092,0.0181852187961339,-0.006503134034574,-0.0141994878649711,-0.0206884741783142,-0.0265459921211004,-0.0024004336446523,-0.0014882409013807,-0.0150277577340602,0.0009760400280356,-0.0292379297316074,-0.0360825285315513,-0.0033160930033773,-0.0122418086975812,-0.0013435581931844,-0.0011790411081165,0.0837264209985733,-0.027001891285181,0.0185247734189033,0.0092171188443899,-0.0266887061297893,0.0121635068207979,0.0208802781999111,0.0092171179130673,-0.0126202329993247,-0.0207769609987735,-0.0100813601166009,-0.0027472847141325,0.0349077992141246,-0.0192653946578502,0.0134739009663462,-0.0008093048818409,-0.0116846365854144,-0.0214222520589828,0.0915814265608787,-0.0031385822221636,-0.0222017709165811,-0.0147708542644977,-0.0215769074857234,0.007269543595612,0.0361489951610565,-0.0121492724865674,-0.0056880302727222,0.0058556664735078,0.0138678457587957,-0.0206884890794754,0.0026285662315785,-0.0206884797662496,-0.0123513592407107,0.0004376992583274,0.003614607732743,0.0455969907343387,-0.0262436177581548,0.0133048379793763,0.0097171794623136,-0.0116937775164842,-0.0123487133532762,0.0117095969617366,-0.017861645668745,-0.0282431580126285,-0.0158193595707416,0.0165061764419078,-0.0231183674186468,0.0165061801671981,-0.0291495434939861,-0.0030150769744068,-0.0004196430090814,0.0312953628599643,-0.0347459241747856,0.00368188531138,0.0151517018675804,-0.0221631713211536,-0.0091641703620553,0.0047474154271185,-0.0112532116472721,-0.0128442421555519,0.0837264358997345,0.0061797644011676,-0.0024505250621587,-0.0172697678208351,-0.0112064070999622,-0.0234259460121393,-0.0177065469324588,-0.0014107146998867,-0.0015021841973066,-0.0222017709165811,0.0115618640556931,-0.0393823310732841
3721,-0.0176590289920568,-0.0032680528238415,-0.0126106506213545,0.0013145981356501,-0.0154424598440527,-0.006268645171076,-0.0315047465264797,-0.022881319746375,-0.0393881723284721,-0.0028483518399298,-0.0186948366463184,-0.0201514661312103,-0.0287414826452732,-0.0172213409096002,-0.0192212089896202,-0.0195855684578418,-0.0104928780347108,-0.0058007058687508,-0.0063088862225413,-0.0285128392279148,0.0104100285097956,0.0035513383336365,-0.0323910191655159,0.0011595677351579,-0.0185900852084159,0.0307237096130847,-0.0009531881660223,-0.0244221091270446,-0.0267803519964218,-0.0124506596475839,0.0006022733869031,0.0316603444516658,-0.0154424626380205,-0.0117229977622628,-0.0340442769229412,8.781347423791885e-05,-0.0058164820075035,-0.0117229986935853,-0.0201366320252418,-0.0203335396945476,-0.0197686105966568,-0.0012677290942519,-0.0212520640343427,-0.0133983809500932,-0.0020355565939098,-0.0115371029824018,-0.0155643988400697,-0.0316382199525833,-0.000105901970528,-0.0025114470627158,0.0113802636042237,-0.0121212340891361,-0.0147460009902715,0.0061390800401568,0.0126689039170742,0.011410360224545,-0.0017112387577071,-0.0066731963306665,-0.0049427920021116,-0.0063088834285736,0.022685432806611,-0.0063088950701057,0.002884560264647,-0.0363300405442714,-0.0087439995259046,-0.0238550379872322,-0.0048590833321213,-0.0118737462908029,-0.0087816193699836,-0.02015146240592,-0.0110995676368474,0.0690640211105346,0.0120741454884409,-0.0287332199513912,-0.0084485644474625,-0.0105927232652902,-0.0049454448744654,-0.0105926878750324,-0.0374445468187332,-3.27238958561793e-05,0.0016776714473962,-0.0093278782442212,0.033621821552515,-0.0085801258683204,0.0105904694646596,-0.0068068103864789,-0.0298133119940757,0.0018743802793323,-0.0328281410038471,-0.0053393621928989,0.0006022794987075,-0.0140581540763378,-0.0012766835279762,0.0005720086628571,-0.0148257315158844,-0.0408515781164169,-0.0137762762606143,-0.0111382016912102,0.0039114877581596,0.0113802636042237,-0.0177624635398387,-0.0365261919796466
3722,0.0014290453400462,0.0082513187080621,-0.0177885945886373,-0.0011530229821801,0.0111623238772153,0.0198675841093063,-0.0302916318178176,0.0068592214956879,-0.0360394828021526,0.00152123067528,-0.0135180428624153,-0.0191518906503915,-0.0319395773112773,-0.019430348649621,-0.0290251970291137,0.0350945107638835,0.0027620987966656,-0.0185584984719753,-0.0227005667984485,-0.0046475287526845,0.0201989188790321,-0.0068420162424445,-0.0192572139203548,0.033103559166193,-0.0160142760723829,0.0487645864486694,0.0113461911678314,0.0193926524370908,-0.007108783815056,0.0177987664937973,0.02805389277637,0.0246020853519439,0.0111623257398605,0.0104217715561389,-0.0397015362977981,0.0411619171500206,-0.0099502075463533,0.0104217138141393,-0.0203599613159894,-0.0017367809778079,-0.0089445849880576,0.0212749317288398,0.052078615874052,-0.0221291147172451,0.0153078446164727,-0.0103366635739803,-0.0024942159652709,-0.0349436700344085,0.0302014835178852,0.0066944193094968,-0.0022361292503774,-0.0062728086486458,-0.0015393430367112,0.0084793623536825,0.0309320576488971,0.0194175168871879,-0.0095971012488007,0.0025219060480594,0.0123017923906445,-0.0227005649358034,0.0220844596624374,-0.0227005612105131,0.0029355902224779,-0.006597539409995,0.0143155241385102,0.0380926132202148,-0.0073044141754508,0.006072049960494,0.0147372987121343,-0.0191518943756818,-0.0254400055855512,0.0797541290521621,0.0049054017290472,-0.0318880826234817,-0.0130440769717097,0.0082236789166927,-0.0059769665822386,0.0082236779853701,-0.0176042523235082,0.0271809380501508,0.017328318208456,0.0147134670987725,0.0363983809947967,0.007492427714169,0.0130205787718296,-0.0230059884488582,0.0303458459675312,0.0151309063658118,-0.0152318906038999,-0.0065376935526728,0.0280538965016603,0.0245923493057489,-0.0016724060988053,0.0004632276250049,-0.0055688228458166,-0.0243590399622917,-0.0160891041159629,0.0205975286662578,0.0107439793646335,-0.0022361292503774,-0.0120104877278208,-0.0235832631587982
3723,0.0168924145400524,0.0410715788602829,0.0023021632805466,0.0279167182743549,0.0208997465670108,0.0137081183493137,0.0087604504078626,0.0146846696734428,0.0370399728417396,0.0096076494082808,-0.0094552682712674,0.0216811969876289,0.0231437217444181,0.0300898682326078,0.0172928385436534,0.0040139853954315,-0.0112539585679769,0.0121221467852592,0.0196962244808673,0.0054822280071675,0.0128691932186484,0.0275726187974214,0.0216416139155626,0.0180369429290294,0.004525645636022,-0.0277273170650005,0.0176008976995944,0.0186046548187732,0.0230687875300645,0.0002371980808675,0.0045114145614206,-0.0158890057355165,0.0208997428417205,0.0141234090551733,0.0076643279753625,0.0058735581114888,-0.0034352596849203,0.0141234435141086,0.0074250837787985,0.0028797665145248,0.0079628471285104,0.0307273529469966,-0.0039045577868819,0.0117479041218757,0.0212527140974998,0.0427159741520881,0.0048448322340846,0.0011790692806243,-0.0019124196842312,0.0161259397864341,0.0632249861955642,0.0130285341292619,0.0044308397918939,0.0004576935898512,-0.0247709061950445,0.0033973301760852,0.0248313546180725,0.0011082650162279,0.0225208792835474,0.019696220755577,0.0112678874284029,0.0196962151676416,0.009312336333096,-0.050512358546257,-0.0146292001008987,-0.0445765107870101,0.0255518890917301,0.0255471877753734,-0.0089203333482146,0.0216811876744031,0.0122604863718152,-0.0061427280306816,-0.0055216597393155,0.0186652354896068,0.0125951822847127,0.0206615012139081,0.0208412446081638,0.0206615030765533,-0.0035120290704071,0.0168277807533741,0.0098505560308694,0.0216015316545963,-0.0261434912681579,0.0057759904302656,-0.0051041012629866,0.0203579179942607,0.0336370021104812,0.0182572603225708,0.0078454483300447,0.0130190989002585,0.0045112995430827,0.0084508191794157,0.0113388495519757,0.0136975618079304,0.0071025085635483,0.0112097151577472,0.0216129682958126,-0.0015390058979392,-0.005061057396233,0.0632249861955642,0.0107528194785118,0.00807492621243
3724,-0.0172105990350246,0.0003153081052005,-0.009186627343297,0.0047545083798468,0.0020531986374408,0.0434648133814334,-0.0404412001371383,-0.0088072577491402,-0.0461932234466075,-0.0030906365718692,-0.0052047269418835,-0.023939000442624,-0.0034961807541549,-0.0143262892961502,-0.0075451540760695,0.0345244817435741,-0.007819777354598,-0.0110983327031135,-0.0258732475340366,-0.0181103553622961,3.989017568528652e-05,-0.0171322301030159,-0.0162127763032913,-0.0462137758731842,-0.0302299484610557,0.0019176797941327,0.009154456667602,-0.0110998908057808,-0.0153411328792572,-0.0235235597938299,0.0837744623422622,0.0010153698967769,0.0020531555637717,-0.0177641250193119,-0.0006119947647675,0.0192789137363433,-0.0036972435191273,-0.0177641231566667,-0.0090076681226491,-0.0080103389918804,-0.00910962279886,-0.0232398547232151,0.051360473036766,-0.0487001053988933,0.0567845180630683,0.0100119579583406,-0.0177231393754482,-0.0056000375188887,0.0911875963211059,0.0008954512886703,-0.0205596648156642,-0.0110758487135171,0.010205615311861,0.006861874833703,0.0079035414382815,-0.0088688153773546,-0.0190591979771852,0.0010516080074012,0.0552830174565315,-0.0258732568472623,-0.0064690550789237,-0.025873253121972,-0.0171722769737243,0.0300475135445594,0.0061569265089929,-0.0042522074654698,0.0003022527089342,-0.0122772557660937,-0.0197689495980739,-0.0239390078932046,-0.059359036386013,0.0046314522624015,-0.0047825183719396,0.0015906047774478,-0.0210694707930088,0.0393932685256004,-0.0012668371200561,0.0393932722508907,-0.0145657220855355,-0.0204417686909437,-0.0079387063160538,0.0199223812669515,-0.0018829540349543,-0.0200958233326673,0.0111664393916726,-0.0259374640882015,-0.0097974799573421,0.0260569378733634,-0.0044750580564141,-0.0308559313416481,0.0837744772434234,0.0149407889693975,-0.0049542682245373,-0.0115557760000228,-0.01320038177073,-0.0127042420208454,-0.0117289489135146,-0.0273410398513078,0.0159820485860109,-0.0205596648156642,-0.0028496433515101,-0.0280806347727775
3725,-0.0099330460652709,0.0147285480052232,-0.0223590452224016,-0.0418442264199256,6.84778206050396e-05,0.0166664309799671,-0.0318858698010444,-0.0090713128447532,-0.0363627225160598,-0.0248737577348947,-0.0040867920033633,-0.0057889502495527,-0.00674419850111,0.0018426874885335,8.827191777527332e-05,0.0121548753231763,0.0019915350712835,-0.0091892657801508,-0.0089860940352082,-0.0180383697152137,0.0068517993204295,0.0017572070937603,-0.018897857517004,0.0018605475779622,-0.0195927321910858,0.02891256660223,0.0083808917552232,-0.0065072928555309,-0.0207334011793136,-0.0050608734600245,0.0340732857584953,0.0065870489925146,6.845127791166306e-05,-0.0220754295587539,-0.0086164092645049,0.0089463498443365,0.0016642278060317,-0.0220754314213991,-0.0208215713500976,-0.0115157030522823,-0.0075895213522017,0.0040700109675526,0.0227670017629861,-0.0078777782618999,0.0131775457412004,0.0165450684726238,-0.0101027470082044,-0.0215201992541551,0.0377483516931533,0.0069878194481134,-6.94907212164253e-05,-0.0328628905117511,0.007396831177175,-0.0245157554745674,0.010117208585143,-0.0059102680534124,-0.0011833793250843,-0.0189792048186063,0.0137123744934797,-0.0089860893785953,-0.0053174630738794,-0.0089860931038856,-0.0186564363539218,0.0021883584558963,0.0200394988059997,0.0400186702609062,-0.0428182333707809,-0.0141611732542514,-0.0324882008135318,-0.0057889171876013,0.006878649815917,0.0065783727914094,-0.008120940066874,-0.0048749046400189,-0.0039259186014533,0.0102869682013988,-0.0375817939639091,0.0102869654074311,-0.0104173989966511,0.0061424071900546,0.00280123623088,0.0061959042213857,0.0204456355422735,-0.0239888206124305,-0.0121608711779117,-0.0090564219281077,0.0002164146862924,0.0156810507178306,-0.0177642330527305,-0.0056526325643062,0.0340732857584953,0.0023945784196257,-0.0222810376435518,-0.0257366895675659,-0.0067591192200779,-0.0323726572096347,-0.0369893871247768,-0.0044251112267374,0.0005703705828636,-6.948881491553038e-05,-0.0117512736469507,-0.0330681055784225
3726,-0.0251622293144464,0.0048316717147827,-0.0004541111993603,-0.0143543183803558,-0.0132998600602149,-0.0101143941283226,-0.0050166444852948,-0.0239290222525596,-0.0174089558422565,0.0020174521487206,0.0195474531501531,-0.0133784497156739,-0.0212681703269481,-0.0069085452705621,-0.0006645169924013,-0.008411287330091,-0.0105782896280288,0.0115080121904611,-0.0175667274743318,-0.0245972909033298,0.0137218069285154,0.0049039968289434,0.0145323202013969,0.0059804264456033,-0.0081291683018207,0.0345461703836917,0.0009897639974951,-0.033141154795885,-3.970274701714516e-05,0.0208874642848968,-0.0078668743371963,0.0269709564745426,-0.0132998591288924,-0.0117880897596478,-0.027390569448471,0.0065090870484709,0.0026007574051618,-0.0117880338802933,-0.0075514707714319,-0.0203227791935205,-0.0014847799902781,0.005265349522233,-0.0126381292939186,0.0030746054835617,-0.0007168084266595,0.0011639816220849,-0.0252231433987617,-0.0227449405938386,-0.0081060016527771,-0.0007461267523467,0.0134274130687117,-0.0038980208337306,-0.0070246141403913,-0.0271036513149738,-0.0193810146301984,-0.0067512178793549,0.0036543537862598,-0.021508926525712,-0.0015989982057362,-0.0175667218863964,-0.0126550123095512,-0.0175667200237512,-0.0184510797262191,0.0508923903107643,0.001674503320828,0.0011703264899551,-0.012317038141191,-0.0054167732596397,-0.0183108411729335,-0.0133784497156739,0.0002473932690918,0.077486053109169,0.0163436941802501,-0.0282878000289201,-0.0033481558784842,-0.0057036685757339,-0.0105439042672514,-0.0057036578655242,-0.0041657648980617,0.007633214816451,0.0122001217678189,-0.0111161665990948,0.0355155542492866,-0.0165262222290039,-0.0215345621109008,-0.0173208341002464,-0.0320976302027702,-0.0042979693971574,0.0031866752542555,0.0082654170691967,-0.0078668734058737,-0.0035101603716611,-0.0191677194088697,-0.015888575464487,-0.018815129995346,0.0051239836029708,-0.0249609984457492,0.0198862794786691,-0.0073804622516036,0.0134274130687117,0.0035559819079935,-0.0303337797522544
3727,-0.0229089651256799,-0.0130858439952135,-0.0129228802397847,-0.0081301648169755,-0.0338562801480293,-0.0305307731032371,-0.0320134311914444,-0.0172360651195049,-0.0187621619552373,-0.0022684398572891,0.0187677405774593,-0.0487517118453979,-0.0237339064478874,-0.0410169139504432,-0.0171997621655464,-0.0091959200799465,-0.0429680161178112,-0.0038997996598482,-0.0320670381188392,-0.0229555610567331,-0.0018604140495881,0.01002798974514,0.0115892402827739,-0.0113740526139736,-0.0146438041701912,0.0077140117064118,-0.0036202669143676,-0.0215397849678993,-0.004952301736921,0.0062253070063889,-0.0280457809567451,0.0006066504865884,-0.0338562801480293,-0.030445497483015,-0.0271057039499282,-0.0039508370682597,-0.001917309127748,-0.0304455012083053,-0.0228760950267314,-0.0174606647342443,-0.0244255736470222,-0.0144105404615402,-0.009891596622765,0.0046868440695106,-0.0166272204369306,-0.0224812142550945,-0.0244076550006866,-0.0198375396430492,-0.0295948404818773,-0.0046275970526039,0.0305195227265357,-0.0172875896096229,-0.0180376265197992,-0.0216693878173828,-0.0245229136198759,-0.0082176579162478,0.0056516681797802,-0.0108930971473455,-0.0198966190218925,-0.0320670381188392,-0.0065251197665929,-0.0320670418441295,-0.0144866565242409,0.0440652221441268,-0.0102862091735005,-0.0040873084217309,-0.0074877557344734,-0.0174791868776083,-0.0477209538221359,-0.0487517081201076,0.0159019045531749,0.0113667882978916,-0.0047510229051113,-0.0292563214898109,-0.0381729491055011,-0.0290852151811122,-0.0069655389524996,-0.0290852151811122,-0.0392171889543533,-0.0100543620064854,0.0053492528386414,-0.0309982113540172,0.0071058338508009,-0.0374959632754325,-0.0196489188820123,-0.0324737094342708,-0.0170574188232421,-0.011837501078844,-0.0170710124075412,0.0123503301292657,-0.0280457809567451,-0.0016830693930387,-0.0113408882170915,-0.0123551618307828,-0.0203340388834476,-0.0041122292168438,-0.0080987513065338,0.0034132946748286,-0.0142949130386114,0.0305195227265357,-0.0048220828175544,-0.0304652862250804
3728,-0.0130407782271504,0.0050873341970145,-0.0265331603586673,0.0003001293807756,0.0057395622134208,0.0021371627226471,-0.0201676916331052,-0.0083586061373353,-0.0156297162175178,0.0015632568392902,0.000603049993515,-0.0036615012213587,-0.0419383160769939,-0.007491007912904,-0.0284133683890104,-0.0124652022495865,0.004841424524784,-0.0236377697438001,-0.0199255757033824,-0.0143420128151774,-0.0199720226228237,-0.0018059681169688,-0.0259101055562496,0.0207912512123584,-0.0095775462687015,0.0257365554571151,-0.140008270740509,-0.0082057975232601,-0.0121603561565279,0.0133990533649921,-0.002421791665256,0.0019379863515496,0.005739564076066,-0.0307761505246162,-0.0472620725631713,-0.0232628881931304,-0.01401206292212,-0.0307761467993259,-0.0229334514588117,-0.0101547203958034,-0.0008185326587408,0.0153960427269339,-0.0143932923674583,0.0067074443213641,-0.8641419410705566,-0.0046323616988956,-0.0166442934423685,-0.0376372411847114,-0.003621945856139,-0.0072093023918569,0.0102864988148212,-0.0220984444022178,-0.0340610370039939,-0.0011539093684405,0.0005366414552554,-0.0046727280132472,-0.0015932107344269,-0.0062502864748239,-0.8343090415000916,-0.0199255757033824,-0.0097339916974306,-0.0199255794286727,-0.0163295902311801,0.0136840865015983,-0.0168414842337369,-0.0038484544493258,-0.0025637478101998,-0.0182437915354967,-0.053367231041193,-0.0036614956334233,0.0166600029915571,-0.0655681118369102,-0.0130417356267571,-0.0490479245781898,-0.0045789876021444,-0.7777161002159119,-0.0038962680846452,-0.7777159214019775,0.0066546779125928,0.0111424922943115,-0.0130361830815672,0.0050272648222744,0.0143322953954339,-0.0373975075781345,-0.0036357906647026,-0.0200538039207458,0.000192793784663,-0.346027672290802,-0.0077061057090759,0.0071876556612551,-0.0024217911995947,-0.0039772856980562,-0.0023708511143922,-0.0112249758094549,-0.011893518269062,-0.0148125849664211,-0.0093954773619771,0.0194565020501613,-0.0146766556426882,0.0102864988148212,-0.0159848202019929,-0.02269790135324
3729,-0.0173404458910226,-0.0135562336072325,8.263508789241314e-05,-0.0048961974680423,-0.0080793127417564,0.0033750617876648,-0.0170976314693689,-0.0194034297019243,-0.0132989846169948,0.0065916688181459,0.0193401798605918,-0.0021660565398633,0.0067368298768997,-0.0045533184893429,0.0080329859629273,0.0035164123401045,0.0037397828418761,0.0091872746124863,-0.0050251232460141,-0.0208107475191354,-0.0053272591903805,0.0357864163815975,-0.0140455644577741,0.0131692504510283,-0.0190340541303157,0.0355884656310081,-0.002425436861813,-0.0269397813826799,0.0156701561063528,0.0200918372720479,0.0145893488079309,0.024407522752881,-0.0080793146044015,0.0091311838477849,0.0088874865323305,-0.0010893451981246,0.0055469456128776,0.0091311885043978,-0.0058118063025176,-0.0140415383502841,0.0152927711606025,0.0005631323438137,0.0086875632405281,-0.0262457430362701,-0.0016925421077758,-0.017200119793415,-0.0158870890736579,-0.0001617474481463,0.0152372438460588,-0.0040588667616248,0.0720415338873863,-0.0117565095424652,0.0131626361981034,-0.0049774460494518,0.0122673958539962,0.0107152229174971,0.0327556282281875,0.0049566137604415,-0.0006468526553362,-0.0050251274369657,0.0191331878304481,-0.0050251209177076,0.0073270169086754,0.0235707759857177,0.0196202490478754,0.0546284168958663,-0.0050028534606099,0.0151629988104105,0.0019841906614601,-0.0021660751663148,-0.0364378541707992,-0.0154779497534036,0.0126763563603162,0.0068547599948942,0.00417917734012,-0.0033882784191519,-0.0005453985650092,-0.0033882877323776,0.011845551431179,0.0111020728945732,-0.0098091289401054,-0.0025174303445965,0.033648781478405,0.0051846010610461,-0.0036140016745775,-0.0047302534803748,-0.0319438949227333,0.0004503102973103,0.0196493063122034,-0.018736058846116,0.0145893488079309,-0.002107050968334,0.0060283443890511,0.0036118007265031,-0.0110147083178162,0.0222947522997856,-0.0029573312494903,0.0201661847531795,0.0032495618797838,0.0720415338873863,0.020269313827157,-0.0191536284983158
3730,0.0009169576223939,0.0001457836478948,-0.0170880015939474,-0.011521060951054,-0.016917698085308,-0.011402228847146,-0.0228128843009471,-0.0042234119027853,-0.0138363596051931,-0.0043589468114078,0.0120239686220884,0.0029229230713099,-0.0077873039990663,0.0039938865229487,0.0064578861929476,-0.0306052621454,0.0117226932197809,0.0005427305586636,0.0006520522292703,-0.0150711070746183,-0.0180383026599884,0.0093185389414429,-0.0193641707301139,0.0162011142820119,-0.0144741833209991,-0.0231352262198925,-0.0160240214318037,0.0023173252120614,-0.0052202907390892,0.0218544155359268,-0.0060330377891659,-0.0208673067390918,-0.0169176999479532,-0.0013660013210028,-0.0173899196088314,-0.0320893228054046,0.0038160111289471,-0.001366006443277,-0.0193912740796804,-0.0100707039237022,0.0127934338524937,0.0067777773365378,-0.0381480380892753,-0.0093765659257769,-0.0182666163891553,-0.0019348839996382,-0.0023002917878329,-0.0267679821699857,-0.0055813430808484,-0.0101529862731695,0.0185284577310085,-0.021814614534378,-0.0039985021576285,0.0007229857728816,-0.0012696378398686,0.0103214690461754,0.0094897672533988,-0.002700253855437,-0.015114601701498,0.0006520597962662,0.0286191180348396,0.0006520533934235,0.0099857663735747,0.0257472191005945,-0.0017539566615596,-0.0032557733356952,-0.0100524658337235,-0.0028303337749093,0.0054543181322515,0.0029229200445115,-0.0017655460396781,-0.0489332117140293,-0.0137240979820489,-0.0101169999688863,-0.0021634337026625,-0.010033537633717,-0.0031721061095595,-0.0100335357710719,0.0182424914091825,0.0121577056124806,-0.0227919910103082,-0.0142924003303051,-0.022818524390459,0.0004266189644113,-0.0012713519390672,0.000728718296159,0.0108641786500811,-0.0129325576126575,0.0107407979667186,-0.0118918465450406,-0.0060330387204885,-0.024272184818983,0.002408250933513,0.003673531115055,-0.0014390450669452,0.0060452716425061,-0.0052799335680902,0.0208860486745834,-0.0002192406682297,0.0185284577310085,0.0055177211761474,-0.0278683584183454
3731,-0.0120786232873797,-0.0027509948704391,-0.0031407992355525,0.0005064941942691,-0.0099134808406233,-0.007157003507018,-0.0443883948028087,-0.0224560908973217,-0.0009016706608235,0.000797645538114,-0.0102466838434338,-0.0073318500071763,-0.0182415395975112,-0.0074521796777844,0.0005236555589362,0.0122186709195375,-0.0142047330737113,0.0033654337748885,-0.0011213618563488,-0.0295063350349664,0.0057613868266344,-0.0060090189799666,-0.0112836929038167,-0.008603454567492,-0.0328713953495025,-0.0018094787374138,-0.0020565546583384,-0.0228206552565097,-0.0089157205075025,-0.0117089534178376,-0.0025570739526301,-0.0006190397543832,-0.0099134817719459,-0.0227544009685516,-0.0190983470529317,0.0154702048748731,-0.0059874458238482,-0.0227544009685516,-0.0073426058515906,-0.0194963067770004,-0.0158214587718248,-0.0059644356369972,0.021066952496767,-0.0478740856051445,-0.0127637051045894,-0.0018088310025632,-0.0092518292367458,-0.0185604095458984,-0.0023254207335412,-0.0033443544525653,-0.0076452395878732,-0.0084476238116621,-0.005633610766381,-0.00450706994161,0.0299560781568288,-0.0018202378414571,-0.007042714394629,-0.0017943354323506,-0.0121502811089158,-0.0011213677935302,-0.0001500591170042,-0.0011213613906875,-0.0076424730941653,-0.0174669660627841,0.0156783405691385,0.0330262444913387,-0.0006844606250524,-0.0188356786966323,-0.0136691965162754,-0.0073318462818861,-0.0559878721833229,0.0410479232668876,0.0020685894414782,-0.0219281576573848,-0.0051028421148657,-0.0117245279252529,-0.0001788239460438,-0.0117245269939303,-0.0364987552165985,-0.005777274724096,-0.006843464449048,-0.0095588415861129,8.17199470475316e-05,-0.0170184653252363,0.0120576862245798,-0.0009518349543213,-0.0290772281587123,-0.0037135852035135,-0.0049695908091962,-0.0322782658040523,-0.0025570844300091,-0.0006961403414607,-0.0137365674600005,-0.0054567176848649,-0.0074090608395636,0.0130747770890593,-0.0233286470174789,-0.0121420705690979,0.0107887340709567,-0.0076452395878732,0.0109598580747842,-0.0295692570507526
3732,-0.0203366857022047,0.0031295786611735,0.0070366286672651,-0.0214200280606746,-0.0129239335656166,-0.0200936198234558,-0.0181534178555011,-0.0078959995880723,-0.0230071060359478,-0.0070117777213454,0.0177198518067598,-0.0281816162168979,-0.0121554778888821,-0.0199952721595764,0.0006125308573246,0.0185828544199466,-0.0175032392144203,0.0065334886312484,-0.017379492521286,-0.012247153557837,-0.0110228918492794,0.0011284066131338,0.0016743391752243,0.0148867228999733,-0.0034459251910448,0.0065815388225018,-0.00999441370368,-0.0154065517708659,-0.0121303685009479,0.0285744965076446,-0.0257237628102302,-0.0017805881798267,-0.0129239298403263,-0.0076284985989332,-0.0069750789552927,0.0115098850801587,-0.0053356019780039,-0.0076284995302557,0.0012466851621866,-0.0055698822252452,-0.0180403627455234,0.0079364608973264,0.0275807324796915,0.0077349129132926,-0.0014769749250262,-0.0059003666974604,-0.0215652789920568,0.0059333983808755,-0.0266707502305507,-0.0150515800341963,0.0095895361155271,0.0005582496523857,-0.0236022025346755,-0.0005945150624029,-0.0013458367902785,0.0031382038723677,-0.0020711100660264,-0.0019966387189924,-0.0043167662806808,-0.0173794981092214,0.013837712816894,-0.0173794962465763,-0.0022320533171296,0.0526096746325492,-0.0161554254591465,0.0017490237951278,-0.0209835171699523,-0.0073270462453365,-0.0123507343232631,-0.0281816087663173,0.017995037138462,0.0117957927286624,0.0043174615129828,-0.0148123875260353,-0.0225214790552854,-0.0108763463795185,-0.0143582895398139,-0.0108763463795185,-0.0241452604532241,0.0091694118455052,0.0103484150022268,-0.0167787950485944,0.004601664841175,-0.010554889217019,-0.0053711384534835,-0.0175772160291671,-0.0126460753381252,-0.0113761555403471,-0.0249756183475255,0.0133211370557546,-0.0257237665355205,0.0162570439279079,-4.2853644117712975e-06,-0.007619172334671,-0.017656847834587,-0.0284760873764753,-0.0004260782152414,0.0276854131370782,-0.0155729027464985,0.0095895361155271,-0.0210447832942008,-0.0258958619087934
3733,0.0011988615151494,-0.0005873572081327,-0.0295520480722188,0.0138347055763006,0.0014611429069191,0.0073522832244634,-0.0416581481695175,-0.0139734279364347,-0.0184444617480039,-0.0042110499925911,-0.0033045907039195,-0.0235716868191957,-0.0016441566403955,-0.0201217290014028,-0.0087992865592241,-0.007947277277708,0.0013009549584239,-0.0235288888216018,-0.06991957873106,-0.0250812768936157,0.000878567341715,0.0050611887127161,0.0094785410910844,0.0193026736378669,-0.0276305060833692,-0.0203350931406021,-0.005368105135858,-0.0114776073023676,-0.0132359052076935,0.0111080380156636,0.0153622198849916,-0.035651609301567,0.0014611495425924,-0.0225491300225257,0.0003885180922225,-0.0002505159936845,-0.0009378306567668,-0.0225491300225257,-0.0265716351568698,-0.0102264545857906,0.0023028091527521,0.0146712083369493,-0.0021474137902259,-0.0233152639120817,-0.0171029437333345,-0.0129155265167355,0.0065894126892089,-0.0095235034823417,0.0168496780097484,-0.0021996784489601,0.0121803600341081,-0.038079485297203,-0.0137051865458488,-0.0016126440605148,0.0013847453519701,-0.0047237961553037,0.0044191777706146,-0.0135929295793175,-0.014682731591165,-0.06991957873106,-0.0002963107544928,-0.0699195638298988,-0.0111254593357443,-0.0024642380885779,-0.0175083670765161,-0.0361682027578353,0.0070517994463443,-0.0178324654698371,-0.0102678583934903,-0.0235716868191957,-0.0148894609883427,0.0174194313585758,-0.0340921394526958,0.0024922252632677,-0.027451779693365,-0.0077959643676877,0.0023771470878273,-0.0077958907932043,-0.0093093151226639,0.0135265067219734,-0.0075261574238538,0.0026212350931018,-0.0278915576636791,-0.0267868600785732,0.0013768018689006,-0.0710740685462951,-0.016409832984209,-0.0091313431039452,0.0117887957021594,-0.0133727164939045,0.0153622198849916,-0.0085608446970582,-0.0063599068671464,-0.0059636076912283,0.0144935110583901,0.0201708879321813,-0.0189690254628658,0.0181038230657577,-0.005175014026463,0.0121803600341081,0.0197914075106382,-0.0286935418844223
3734,-0.007718929555267,0.004056554287672,-0.0083078611642122,-0.0023734390269964,-0.0036502929870039,0.0045137545093894,-0.031240627169609,-0.0159071702510118,-0.012079931795597,-0.0153279639780521,-0.0138960368931293,-0.0078175161033868,-0.0307376030832529,-0.0080976225435733,-0.0161443464457988,0.0224776491522789,-0.0113309724256396,-0.016963891685009,-0.0472036674618721,-0.0238696094602346,-0.009816100820899,0.0010543551761657,-0.0093237785622477,0.0077300169505178,-0.0217640865594148,-0.0227189771831035,-0.0150226959958672,-0.013762985356152,-0.0133860390633344,0.0048259729519486,0.0132613088935613,-0.0262454859912395,-0.00365029159002,-0.0248167403042316,-0.0266017243266105,0.0166984982788562,-0.0120981624349951,-0.0248167403042316,-0.0044167772866785,-0.0164789501577615,-0.0141297951340675,0.0095662744715809,0.0395076796412467,-0.0138086033985018,-0.0164530407637357,-0.0013583040563389,-0.0063230087980628,-0.0049946689978241,0.0140991620719432,-0.0137552293017506,0.0149559918791055,-0.0052916021086275,-0.020504392683506,-0.0008858004584908,0.0025718994438648,-0.0157642513513565,-0.0020196314435452,-0.007096083369106,-0.0144277904182672,-0.0472036562860012,-0.0192442759871482,-0.0472036674618721,-0.0251105464994907,-0.017690259963274,-0.0066023883409798,-0.0255285408347845,-0.0069860415533185,-0.0152080003172159,-0.0349233113229274,-0.0078175170347094,-0.0058278301730751,0.0096949264407157,-0.0165392570197582,-0.0324094593524932,-0.0125568658113479,-0.0095017757266759,-0.0100867822766304,-0.0095017701387405,-0.0259013120085001,0.0079680159687995,0.0008623726898804,-0.0002585075271781,-0.0255461297929286,-0.0332241654396057,0.0066689616069197,-0.04742381721735,-0.0132131837308406,-0.0151614341884851,-0.0157383475452661,-0.0057927905581891,0.0132613079622387,0.0143165439367294,-0.0055562555789947,-0.0173105970025062,-0.0023203380405902,-0.0170118883252143,-0.0145226381719112,0.0037640589289367,0.0034607341513037,0.0149559918791055,-0.007615718524903,-0.0297674462199211
3735,-0.0101162064820528,-0.0034955157898366,-0.0036326888948678,-0.0208022948354482,-0.0057966583408415,-0.0059923641383647,-0.035658024251461,-0.0112624010071158,-0.0210672169923782,-0.0223372019827365,-0.003289972199127,-0.0308066066354513,0.0190048329532146,-0.0264469180256128,0.0017784412484616,0.0184110384434461,0.0026653697714209,-0.0101801743730902,-0.0600498765707016,-0.0199024770408868,-0.0219990611076354,0.0082161556929349,-0.016897264868021,0.0123506439849734,-0.0190636701881885,-0.0386083647608757,-0.0262918807566165,-0.0157296564429998,-0.0069927363656461,0.0116348825395107,-0.0069794636219739,-0.0353762656450271,-0.0057966606691479,-0.0153949540108442,0.0258384589105844,0.0066716847941279,-0.0045371344313025,-0.0153949493542313,-0.0048012482002377,-0.0064839823171496,-0.0016182684339582,0.007077595219016,0.0363843478262424,-0.0201069321483373,-0.0360021814703941,-0.0159808360040187,-0.0071373400278389,0.0146335046738386,-0.0071593699976801,-0.0234835185110569,0.0218210965394973,-0.0059787621721625,-0.0024181744083762,0.0029720165766775,0.0058821639977395,-0.0156805776059627,0.0062052803114056,-0.0087346201762557,-0.0374819040298461,-0.0600498914718627,-0.0085367104038596,-0.0600498765707016,-0.018466705456376,-0.0043947603553533,-0.0163424294441938,-0.0164654459804296,-0.0223190076649189,-0.0083470754325389,-0.0207719877362251,-0.0308066066354513,-0.0081956507638096,-0.0103161409497261,-0.0181310940533876,0.0302353743463754,-0.0329628437757492,-0.0306288339197635,-0.0195161383599042,-0.0306288264691829,-0.0121145928278565,0.0104093626141548,-0.0083276368677616,-0.0054080337285995,-0.0395783670246601,-0.0253959707915782,-0.0012975397985428,-0.0610068812966346,-0.0213357582688331,-0.0310372058302164,-0.00270830350928,-0.0139692034572362,-0.0069794654846191,0.006269491277635,0.0002028569579124,-0.0194470155984163,-0.0025350553914904,-0.0007273397641256,-0.0115432059392333,0.0116709973663091,-0.0112532973289489,0.0218210965394973,0.0035801166668534,-0.0284792520105838
3736,-0.0060909036546945,-0.0107899401336908,-0.0053434167057275,-0.1246069967746734,0.0011631553061306,0.014745008200407,-0.0316891632974147,0.0013334909453988,-0.0373767428100109,-0.055397629737854,-0.0041096308268606,-0.0259051099419593,-0.0064084338955581,-0.0251639708876609,-0.0126090086996555,0.0086882580071687,-0.0075263641774654,-0.0107072610408067,-0.0613032840192317,-0.0075293937698006,-0.0081322221085429,0.0055363974533975,-0.0225246995687484,0.0061677698977291,-0.0148356389254331,0.0151489544659852,-0.0069855717010796,-0.006743302103132,-0.0076094800606369,0.0054204324260354,0.0278672371059656,0.0039242962375283,0.0011631546076387,0.0026380682829767,-0.0012181766796857,0.0045684883370995,0.014045943506062,0.0026381302159279,-0.0094819087535142,0.0078460732474923,-0.0130255222320556,-0.0017650792142376,0.0251921489834785,-0.0316164642572402,-0.0066701164469122,-0.0210254397243261,-0.0034099775366485,-0.0037596286274492,0.0307390484958887,-0.0117243388667702,-0.0037268071901053,-0.0068626813590526,-0.0058993021957576,0.0137501806020736,-0.0021866559982299,-0.0081726238131523,0.000117945310194,-0.0075719072483479,-0.0079802209511399,-0.0613032951951026,0.0081836320459842,-0.0613032951951026,-0.0081058191135525,-0.002398682758212,-0.0200856477022171,-0.0722406953573226,-0.1106459274888038,0.0097229657694697,-0.0133759891614317,-0.0259051136672496,-0.0301358364522457,0.0019848495721817,-0.0003040704177692,0.000182035844773,-0.0202671699225902,-0.0102882012724876,-0.0851276591420173,-0.0102881975471973,-0.0281308982521295,0.0060168141499161,-0.0112823974341154,0.0067818695679306,0.0110180340707302,-0.0133366491645574,0.0150320585817098,-0.0607223585247993,-0.0085960226133465,-0.0054712011478841,-0.0236574728041887,-0.0271260142326354,0.0278672315180301,-0.0054896054789423,0.0055554504506289,-0.0421644896268844,0.0041049658320844,-0.0373845919966697,-0.0067477906122803,0.0038260896690189,0.0104868803173303,-0.0037268071901053,-0.0063582574948668,-0.0204718671739101
3737,-0.003808103967458,0.0450006611645221,-0.002848083153367,-0.0300062112510204,0.0103779258206486,0.0074321394786238,0.0118068512529134,-0.0173655860126018,-0.0016218516975641,-0.0081210602074861,0.0182503722608089,-0.0032675093971192,0.0126581201329827,0.0134909516200423,0.015305021777749,-0.0038442704826593,0.0020499965175986,0.0137849161401391,-0.0120784426108002,-0.023175872862339,-0.0394446402788162,0.0357365123927593,-0.001846550963819,0.0249313581734895,0.0011133250081911,0.0055603571236133,-0.0162112787365913,-0.0252320915460586,0.0021298415958881,0.0200778003782033,0.0034966534003615,0.0021301754750311,0.0103779304772615,-0.0111549105495214,0.0024243595544248,-0.0438011363148689,0.0194577686488628,-0.0111548965796828,-0.0042940629646182,-0.0156143000349402,0.0112878372892737,0.0335791707038879,-0.0209532994776964,0.0062209130264818,-0.0359920598566532,0.0401403605937957,-0.0047985669225454,-0.0041991369798779,-0.000927060842514,-0.0044514210894703,0.0654405951499939,-0.0058434447273612,0.0089575322344899,0.0002670440007932,-0.0103049734607338,-0.0017763230716809,0.0316794328391552,-0.0022651483304798,-0.0285827331244945,-0.0120784733444452,-0.0006611801800318,-0.0120785217732191,-0.0102544296532869,0.0050797276198863,-0.0011384387034922,-0.0126054342836141,-0.0235786754637956,0.0022505805827677,-0.0352167747914791,-0.003267512191087,0.0008772809524089,-0.1797829419374466,0.0011554113589227,0.0090595968067646,-0.002847233088687,-0.0117315389215946,-0.0158925224095582,-0.0117314765229821,0.0051565966568887,0.0268082600086927,-0.0283940099179744,0.0116387959569692,0.0033164827618747,-0.0226360149681568,-0.0040511111728847,-0.009563592262566,-0.0302660278975963,-0.0165820159018039,0.0026096240617334,0.0034890617243945,0.0034966361708939,0.0020848582498729,0.0093271695077419,-0.012783033773303,-0.0035894666798412,0.0005211625248193,0.0036500243004411,0.0180678181350231,0.0009727017022669,0.0654405951499939,0.0063311671838164,-0.0334977507591247
3738,-0.0093402238562703,-0.0120036378502845,-0.0203814879059791,0.0177223924547433,0.0109575930982828,0.0012818794930353,-0.0365877784788608,-0.011646763421595,-0.0358459427952766,0.0114218220114707,-0.0114714074879884,-0.0271174404770135,-0.0232839621603488,-0.0229970403015613,-0.0184593889862298,-0.0169741325080394,-0.0218161288648843,-0.0142149776220321,-0.0281693693250417,-0.0218553338199853,-0.0188395921140909,0.013685468584299,-0.0356423445045948,-0.0063226614147424,-0.0197434071451425,0.0067979907616972,-0.0079628741368651,-0.0139147611334919,0.0090111931785941,-0.0058755031786859,-0.0042662117630243,-0.0079229604452848,0.0109576117247343,-0.0046116365119814,-0.0228855162858963,-0.0190404318273067,-0.0105052161961793,-0.0046115973964333,-0.0242622103542089,-0.0103921126574277,-0.0153809171169996,-0.0062558506615459,-0.0136329140514135,-0.0208795107901096,0.0247550830245018,-0.016502134501934,-0.0067285611294209,-0.0234336256980896,-0.004889746196568,-0.0152058638632297,0.0374518521130085,-0.0270156823098659,-0.0217243004590272,-0.0064131971448659,-0.0024818377569317,0.0040179546922445,0.0094961086288094,-0.005117448978126,0.02611730620265,-0.0281693674623966,0.0039281751960515,-0.0281693749129772,-0.0089014042168855,-0.0218466762453317,-0.0132526019588112,-0.0127590149641036,0.0132107958197593,0.004777843132615,-0.0196749456226825,-0.0271174348890781,-0.0086757913231849,-0.0330954939126968,-0.0140677671879529,-0.0229661799967288,-0.0222450699657201,0.0237723756581544,0.0094932783395051,0.0237723737955093,-0.028534147888422,-0.0075667845085263,-0.023438062518835,0.0043793679215013,0.0037426021881401,-0.0150622203946113,-0.0005204321932978,-0.0289636850357055,-0.0126710012555122,0.0075236363336443,-0.0135920597240328,-0.0198152773082256,-0.0042662099003791,-0.0174990631639957,-0.0030768152792006,-0.0019141529919579,0.0011173959355801,-0.0118709690868854,-0.0103025147691369,-0.0084953876212239,-0.0093789063394069,0.0374518521130085,-0.0016953982412815,-0.032626949250698
3739,-0.004962938837707,-0.0058599915355443,-0.0190403573215007,-0.0017590411007404,-0.0279053281992673,-0.0050836913287639,-0.0312029644846916,-0.0140877766534686,-0.0343828797340393,-0.0066355168819427,-0.0135801015421748,-0.0115241389721632,-0.0131082367151975,-0.0090061919763684,-0.0034429954830557,0.0104553811252117,-0.0017764916410669,-0.0081791700795292,-0.0464539900422096,-0.0219976790249347,-0.0086395153775811,0.0014629736542701,-0.0308216903358697,0.0194190442562103,-0.0203459206968545,0.0022788257338106,-0.012655527330935,-0.0106457024812698,-0.0140719041228294,0.0088101141154766,0.0175697393715381,-0.0178840085864067,-0.0279053188860416,-0.0196316801011562,-0.0187525749206542,0.0084348674863576,-0.0087459282949566,-0.0196316763758659,-0.0203824527561664,-0.0125611741095781,-0.0061255260370671,0.0092640090733766,0.0226238761097192,-0.0197532940655946,-0.0075719659216701,-0.0125431036576628,-0.000640973157715,-0.0196739993989467,0.0188092235475778,-0.0142783662304282,0.0125159174203872,-0.0223278533667325,-0.0081356624141335,0.0022605401463806,0.0024227127432823,-0.0030072988010942,-0.0008294259896501,-0.0084938136860728,-0.0057563427835702,-0.0464539937674999,-0.0093042440712451,-0.0464539974927902,-0.0188059452921152,-0.0181173533201217,-0.0068795382976531,-0.0275875199586153,-0.0073743797838687,-0.0142587106674909,-0.0214684773236513,-0.011524143628776,-0.0109072979539632,0.0124780647456645,-0.0158261377364397,-0.0123201897367835,-0.0137002300471067,-0.0103994831442832,-0.0097314240410923,-0.0103994878008961,-0.0143139958381652,0.0147496443241834,-0.0063689313828945,-0.0168073941022157,-0.006000755354762,-0.0256286077201366,0.0053236167877912,-0.047319546341896,-0.0147609990090131,-0.0076417759992182,-0.0087174493819475,-0.0143587663769721,0.0175697319209575,0.0022898155730217,-0.002588483504951,-0.0142126902937889,0.0014334167353808,-0.012196428142488,-0.0142036397010087,0.0106718447059392,0.0045327148400247,0.0125159174203872,-0.0036330339498817,-0.0319670177996158
3740,-0.0159799382090568,-0.0031855972483754,-0.0031553781591355,-0.0090329330414533,-0.0353678651154041,-0.0015006274916231,-0.0332026556134223,-0.0147204827517271,-0.0224832221865654,-0.0200094301253557,-0.0099740400910377,-0.0168631412088871,-0.0013751258375123,-0.0206459816545248,-0.0102562122046947,0.0402074567973613,0.0011919257231056,-0.0136324074119329,-0.015134947374463,-0.0210387147963047,0.0080595789477229,0.0087097790092229,0.0071442555636167,0.0179305411875247,-0.0195268727838993,0.0018355620559304,0.0077615426853299,-0.0221402235329151,-0.0061974329873919,0.0043783914297819,0.0320179462432861,-0.0036459630355238,-0.0353678613901138,-0.031936727464199,0.0080672800540924,0.0242400094866752,0.0113082807511091,-0.031936727464199,-0.003830729285255,-0.0077610537409782,-0.0054654525592923,0.0064096134155988,0.055393561720848,-0.0348419696092605,-0.0057342466898262,-0.0162570476531982,-0.0120551604777574,0.0052487896755337,0.0363578535616397,0.0099105769768357,0.005701458081603,-0.0051171178929507,0.0165642108768224,0.0142572335898876,0.040876880288124,0.0038669179193675,0.0047265756875276,0.0106288595125079,-0.0076896864920854,-0.0151349436491727,0.0242838021367788,-0.0151349492371082,0.0025242194533348,-0.0191099513322114,0.0245524551719427,0.0373523533344268,-0.0165794324129819,-0.0109801981598138,-0.0564098954200744,-0.0168631393462419,-0.0429832711815834,0.0028667971491813,-0.0040124226361513,0.0054298751056194,-0.0150490049272775,-0.0179726779460906,-0.0164099112153053,-0.0179726816713809,-0.022190436720848,0.0169089306145906,5.7981436839327216e-05,-0.0199543330818414,-0.001364865573123,-0.0378749966621398,0.0247935317456722,-0.0152559773996472,-0.0306931585073471,0.0039674304425716,-0.0064972192049026,-0.0166256707161664,0.0320179536938667,0.023275101557374,0.0047437017783522,-0.0035643666051328,-0.0073988353833556,-0.0114659406244754,-0.010094785131514,0.004124135710299,0.0242832005023956,0.005701458081603,0.0107261762022972,-0.0277246795594692
3741,-0.012036602012813,-0.0003152936697006,-0.0241435263305902,-0.0045166490599513,-0.0097699631005525,0.0176483765244483,-0.0370458140969276,-0.0158302225172519,-0.0133370496332645,-0.0225346311926841,-0.0096081253141164,-0.003620596602559,-0.0143477395176887,-0.0120304878801107,-0.0081005292013287,0.0088476054370403,-0.0235824417322874,-0.009790152311325,-0.0350830480456352,-0.0237713661044836,0.0016391421668231,0.0124986991286277,0.0155297964811325,0.0191384255886077,-0.0221905652433633,-0.0364373922348022,0.0060199070721864,-0.0199337769299745,-0.0100997779518365,0.0079693291336297,0.0431381799280643,-0.0181339364498853,-0.0097699603065848,-0.0155449695885181,-0.0207207314670085,0.005443372298032,-0.0015484597533941,-0.0155449602752923,-0.0303434357047081,-0.0108614433556795,-0.0141343427821993,0.0092361699789762,0.0205900520086288,-0.0308689754456281,0.0173610914498567,-0.0122568905353546,-0.0087542366236448,-0.0333391204476356,0.0476932004094123,0.0027476062532514,0.027690602466464,-0.0299337431788444,0.0095290001481771,-0.0084230871871113,0.0064139431342482,-0.0115117244422435,0.0080488482490181,-0.0057170167565345,0.0153982741758227,-0.0350830405950546,0.0030842940323054,-0.0350830480456352,-0.0110089546069502,-0.0213859397917985,0.0108684804290533,0.0181865319609642,-0.0099238073453307,-0.0120646525174379,-0.0084991035982966,-0.0036205982323735,-0.0267179049551486,0.0013398686423897,-0.0159081406891345,-0.0109449662268161,-0.006094304844737,0.0042364657856523,-0.0109357656911015,0.0042364839464426,-0.0339458733797073,0.0189340785145759,-0.0109100909903645,0.0028041421901434,-0.0296674221754074,-0.0177801772952079,-0.0013642095727846,-0.0357057340443134,-0.0262785255908966,0.0065263751894235,-0.0114681683480739,-0.0232720300555229,0.0431381799280643,-0.002116804011166,-0.0053237550891935,-0.0097789075225591,-0.0046247602440416,-0.0057269101962447,-0.0164557006210088,0.0059729507192969,0.0078162597492337,0.027690602466464,0.0059102494269609,-0.0312467701733112
3742,-0.0272536128759384,0.0024765245616436,-0.0247906893491745,0.0253618769347667,-0.0129424761980772,0.0068045649677515,-0.0344799757003784,-0.0248167738318443,-0.0198847353458404,0.0031548931729048,-0.0131759839132428,-0.0152491526678204,-0.0063281189650297,-0.0177314542233943,-0.0142758842557668,0.0249632969498634,-0.0143089927732944,-0.0168389212340116,-0.0295625925064086,-0.0292196702212095,-0.0041512427851557,0.000625273794867,-0.008441767655313,0.0219377055764198,-0.0216626450419425,0.0018277990166097,-0.0064394176006317,-0.0295329596847295,0.0057936776429414,0.0066565298475325,0.0268666185438632,-0.00016451603733,-0.0129424706101417,-0.0403965339064598,-0.0070424983277916,0.0175292454659938,-0.0029614204540848,-0.0403965339064598,-0.0275212991982698,-0.0226440578699111,-0.0072613433003425,0.0161658972501754,0.0312397480010986,-0.0178234633058309,0.002353865886107,-0.012263273820281,-0.0275462009012699,-0.0194644220173358,0.0294593982398509,-0.0097731538116931,0.0005674536805599,-0.0317276269197464,-0.0021075801923871,-0.0037272195331752,0.007716464344412,-0.0169081464409828,-0.0002409994340268,-0.0040661199018359,0.0017991687636822,-0.0295625962316989,-0.0240627378225326,-0.0295625906437635,-0.0275482907891273,-0.0229417979717254,-0.0029710126109421,0.0116301607340574,0.0182566326111555,-0.0139086917042732,-0.0737600773572921,-0.015249153599143,-0.0215702392160892,0.0236318167299032,-0.0135229676961898,-0.0002030702162301,-0.0120761068537831,-0.0038708830252289,0.0086073875427246,-0.0038708690553903,-0.0210487358272075,0.0173346158117055,0.0071419207379221,-0.0043921191245317,0.0014773807488381,-0.050944410264492,-0.0010906979441642,-0.0306873545050621,-0.0326376222074031,-0.0041906544938683,0.0015289923176169,0.0019897972233593,0.0268666204065084,0.0214582495391368,-0.0041420292109251,-0.0130278673022985,-0.0251360107213258,0.0101109445095062,-0.0114808902144432,0.0109795853495597,-0.0039585218764841,0.0005674536805599,0.0148421488702297,-0.0318627692759037
3743,-0.0187522917985916,-0.0140281515195965,-0.0227531567215919,0.0105324648320674,-0.0167928021401166,0.0082875760272145,-0.0338876992464065,-0.0178878903388977,-0.011176879517734,0.0028593833558261,5.0640199333429337e-05,-0.0040152077563107,-0.017850786447525,-0.0130916982889175,-0.0172254666686058,-0.0049531669355928,-0.0444468706846237,-0.0188497491180896,-0.014381586574018,-0.0231418311595916,0.0198425352573394,0.004752354696393,1.8479302525520325e-05,0.0023332017008215,-0.0194333381950855,0.0187157075852155,0.0208215378224849,-0.0194939635694026,0.0068369782529771,0.0042862007394433,0.0310329049825668,0.0015839715488255,-0.0167927835136652,-0.0253056567162275,-0.0181664023548364,0.0037773346994072,0.0027217944152653,-0.0253056455403566,-0.0240641813725233,-0.0154586974531412,-0.0325855202972888,-0.0048132915981113,-0.0049556251615285,-0.0248949490487575,0.0082506397739052,-0.0184478256851434,-0.0177738033235073,-0.0256933309137821,0.0338427945971488,0.0175288338214159,0.0065157720819115,-0.0262170396745204,-0.0062208240851759,-0.0119460513815283,0.0099200382828712,-0.0025463548954576,0.0002905637957155,-0.0049766562879085,0.0034020524471998,-0.0143815819174051,-0.0079551469534635,-0.014381586574018,-0.0161902364343404,0.0037402804009616,0.0001077380147762,0.0206566900014877,0.004479014314711,-0.0061791241168975,-0.0470791161060333,-0.0040151979774236,-0.0273355245590209,0.0262569840997457,-0.0096832364797592,-0.0145681034773588,-0.0028663577977567,-0.0108167761936783,0.0010202699340879,-0.0108167836442589,-0.0646565333008766,0.0012034226674586,-0.0022920432966202,-0.004326909314841,0.0130487717688083,-0.0299000758677721,-0.0026804986409842,-0.0153836915269494,-0.024298932403326,0.0181799978017807,-0.0211186595261096,-0.0129202613607048,0.0310329105705022,-0.0058535961434245,-0.0118155889213085,-0.0090208584442734,-0.0181027203798294,-0.001477587968111,-0.016495194286108,0.0041693532839417,-0.0047899987548589,0.0065157720819115,0.0099307969212532,-0.0301769040524959
3744,-0.0135760772973299,-0.0001815613359212,-0.0349233597517013,0.0046605672687292,-0.0168709605932235,-0.005323105957359,-0.0350796952843666,-0.016428243368864,-0.0163768157362937,9.285751730203629e-06,-0.0008922289125621,-0.0046849441714584,-0.0323500856757164,-0.010131973773241,-0.0287279542535543,0.0060148146003484,-0.0237576328217983,-0.0338674299418926,-0.0344230271875858,-0.023664092645049,0.0088902320712804,-0.0019508043769747,0.0105455163866281,0.0108164474368095,-0.0213900655508041,-0.0052829328924417,0.0010472813155502,-0.0135183166712522,-0.0058667948469519,0.0070679811760783,0.006853730417788,-0.0234460737556219,-0.0168709568679332,-0.0398756712675094,-0.0343459174036979,0.0135347303003072,-0.0012384438887238,-0.0398756638169288,-0.028791818767786,-0.0171228609979152,-0.0155987255275249,0.0085735945031046,0.0114577356725931,-0.0103785712271928,-0.0076841590926051,-0.0071375798434019,-0.0135337747633457,-0.0313748568296432,0.0071821399033069,0.0018270293949171,-0.0045646419748663,-0.0333219468593597,-0.0121457120403647,-0.0106248650699853,0.0040015489794313,-0.0043422202579677,-0.0040012546814978,-0.0064015053212642,-0.0077486159279942,-0.0344230309128761,-0.0012871356448158,-0.0344230271875858,-0.0100039904937148,0.0095771765336394,0.0021261521615087,0.0147135695442557,0.0016820029122754,-0.0189801827073097,-0.0628854185342788,-0.0046849390491843,-0.0009417337714694,0.0436413399875164,-0.0306907687336206,-0.0337685346603393,-0.0103827267885208,-0.0107206478714942,-0.0002411459572613,-0.0107206432148814,-0.03134086728096,0.0093070119619369,0.0067315218038856,-0.0115049928426742,-0.0145453102886676,-0.0475103519856929,-0.0028125667013227,-0.0351698361337184,-0.0139765422791242,-0.0029669578652828,-0.0085388263687491,0.0013745694886893,0.0068537322804331,0.0063234074041247,-0.0102633060887455,-0.0076383841224014,-0.0120224896818399,-0.0024035773240029,-0.0168963521718978,0.0110468491911888,-0.0010095435427501,-0.0045646419748663,0.0059071900323033,-0.0283379536122083
3745,-0.0101181995123624,-0.0049898196011781,-0.0343792699277401,0.0319549068808555,-0.0433539524674415,-0.0127011090517044,-0.0334061011672019,-0.0195346511900424,-0.0340102687478065,-0.0092953387647867,-0.0102781318128108,-0.0072496146894991,-0.0262264627963304,-0.0112952925264835,-0.0239330194890499,0.0153776193037629,0.0327682942152023,-0.0351188480854034,-0.0252206921577453,-0.0247216876596212,0.0207759365439414,0.0115770865231752,0.0106886178255081,0.0083581814542412,-0.0138316033408045,-0.0357731655240058,0.0213958006352186,-0.0271804425865411,-0.0002101929858326,-0.003548284759745,0.0195878762751817,-0.0408752299845218,-0.0433539561927318,-0.0532735958695411,-0.0274858772754669,0.0212560556828975,0.0153735363855957,-0.0532735623419284,-0.0274727866053581,-0.0060579949058592,0.0309245362877845,0.0018034215318039,0.02810431830585,-0.0278965048491954,0.0432329326868057,-0.0120911430567502,-0.0001430662814527,-0.0299875475466251,0.0215548370033502,0.0146878622472286,0.0035244985483586,-0.0319755747914314,-0.0101674236357212,0.0164254996925592,0.0372478477656841,-0.0177981406450271,0.0126542728394269,0.0112557811662554,0.0398981198668479,-0.0252206996083259,-0.0206578206270933,-0.0252206958830356,-0.0262712370604276,-0.0237868577241897,0.0119298631325364,0.0451556555926799,0.0196143314242362,-0.0162997208535671,-0.0951537489891052,-0.0072495369240641,-0.0219710581004619,0.0556908883154392,-0.0374159812927246,-0.0260375402867794,-0.018349228426814,0.0139718893915414,0.0090305190533399,0.0139719108119606,0.033021580427885,0.0043020471930503,-0.0007642433047294,-0.0293329060077667,-0.0442762523889541,-0.0619678795337677,0.0199488867074251,-0.025825647637248,-0.0485262870788574,0.0274414755403995,0.0380077138543129,-0.0180565528571605,0.0195878706872463,0.0045849634334445,0.0114602101966738,-0.0108976615592837,0.0017231446690857,0.0297850631177425,-0.0079930983483791,-0.0031924427021294,0.0085278563201427,0.0035244985483586,0.0397122167050838,-0.0315110124647617
3746,-0.0156599096953868,0.0094289230182766,-0.0305839497596025,0.0375037528574466,-0.0024796640500426,0.0157865341752767,-0.0364947542548179,-0.0109779741615057,-0.0310820303857326,-0.0083129033446311,-0.0279447063803672,-0.0171839278191328,-0.0467119887471199,-0.0145486555993556,-0.0171224381774663,0.0137882782146334,-0.003636373905465,-0.0133848218247294,-0.013530733063817,-0.0183943249285221,0.0001147571019828,0.0153155215084552,0.0053521343506872,0.0036318006459623,-0.0073296492919325,-0.0415668785572052,0.0059863962233066,-0.0266188252717256,0.0002464177086949,-0.0216171443462371,0.0342264175415039,-0.0280827693641185,-0.0024796738289296,-0.0245119780302047,-0.0654848963022232,0.0072765480726957,-0.0101966233924031,-0.0245120543986558,-0.0341980755329132,0.001652781618759,-0.0034101123455911,0.0033188369125127,0.020740833133459,-0.0229357331991195,0.0411830209195613,0.0031420495361089,-0.0104596922174096,-0.0592239126563072,0.0377500355243682,-0.0012148059904575,0.044622004032135,-0.0214314982295036,-0.0068605691194534,0.0077250804752111,0.0233766492456197,-0.0218641944229602,0.0112572386860847,0.0068968785926699,0.0394239276647567,-0.0135307256132364,-0.0211104582995176,-0.0135307284072041,-0.0284999459981918,-0.0584653988480567,0.01995918340981,0.0184212159365415,0.0253472309559583,-0.0078678447753191,-0.0468043982982635,-0.0171839259564876,-0.0183191131800413,0.0146295353770256,-0.0191399492323398,-0.0555117204785347,-0.0195652022957801,0.0262003391981124,0.012086721137166,0.0262002609670162,-0.0119091672822833,0.0096877142786979,-0.0056574987247586,0.0048846472054719,-0.0374059379100799,-0.0317059382796287,0.0180308688431978,-0.0134723773226141,-0.0391158573329448,0.0147370724007487,-0.0023598964326083,-0.0122644323855638,0.0342264249920845,0.0057412520982325,0.0038097454234957,-0.0105617335066199,-0.0029718889854848,-0.0058119264431297,-0.0105536105111241,-0.022211629897356,0.023768562823534,0.044622004032135,0.0042346762493252,-0.027607224881649
3747,-0.027844063937664,-0.0079572945833206,-0.0119940405711531,0.0186409540474414,0.0028984518721699,0.0133774941787123,-0.0312484595924615,-0.0298003200441598,-0.02100096270442,-0.0029381562490016,0.0024579493328928,-0.0055864271707832,-0.0174989569932222,-0.0091504836454987,-0.0152156893163919,0.0117681929841637,0.0036488659679889,-0.0197788570076227,-0.0121194794774055,-0.0313930474221706,-0.0095340693369507,0.0103467227891087,0.0219359211623668,0.0067342584952712,-0.0128136090934276,-0.0275547560304403,-0.0092735197395086,-0.0510627143085002,-0.0268466938287019,0.0094019854441285,0.0234514828771352,-0.0371645204722881,0.0028984546661376,-0.0461494214832782,-0.0189412552863359,0.0036242129281163,0.0066538262180984,-0.0461494140326976,-0.0075748292729258,-0.0123891429975628,0.0042737331241369,0.0029590942431241,0.0163383465260267,-0.0152825387194752,0.0175346434116363,-0.0128610897809267,-0.0188279673457145,-0.0127469971776008,0.0263368487358093,-0.0119578633457422,0.0143252816051244,-0.0021404933650046,-0.0020899623632431,0.0006402119761332,0.0132724316790699,-0.0118213817477226,0.0081718070432543,-0.0006173430010676,0.018499556928873,-0.0121194841340184,-0.0072189653292298,-0.0121194794774055,-0.0167275685817003,0.0071002165786921,0.0074876104481518,0.0256371013820171,0.0118927899748086,-0.03077526204288,-0.0570104122161865,-0.0055864201858639,-0.0158406198024749,0.0114540010690689,-0.0222274363040924,-0.0168272014707326,-0.0158704072237014,0.0156244076788425,0.0061249947175383,0.0156244095414876,0.0017850475851446,0.0076328068971633,-0.0002503434661775,0.0069186640903353,-0.0369846075773239,-0.0450082197785377,0.0027513927780091,-0.0121718663722276,-0.0698494166135788,-0.0071236621588468,-0.0001408484531566,-0.0033091381192207,0.0234514791518449,0.0074902987107634,0.0014857087517157,-0.0065614152699708,-0.0096582174301147,-0.0094603719189763,-0.0115134790539741,0.0097341202199459,0.0037420697044581,0.0143252816051244,0.0041636386886239,-0.0335197784006595
3748,-0.013714900240302,-0.0055861589498817,-0.0308907274156808,0.0065713305957615,-0.0316727980971336,-0.0397542715072631,-0.0413108207285404,-0.0194010622799396,-0.0262000672519207,-0.0215565469115972,-0.0050444896332919,-0.0296530500054359,-0.0284975059330463,-0.0307743661105632,-0.0248573161661624,0.018173698335886,-0.0135542619973421,-0.0245828889310359,-0.0132890101522207,-0.0268153548240661,-0.0051805861294269,0.0044309748336672,0.0058059776201844,0.0198097899556159,-0.0250149574130773,-0.0408267043530941,0.0026487070135772,-0.0261576138436794,-0.00339508918114,0.0141197144985198,-0.0466585606336593,-0.0330408848822116,-0.0316727943718433,-0.050159141421318,-0.0311067998409271,0.0015650307759642,-0.0070576565340161,-0.0501591153442859,-0.0341026224195957,-0.0112968264147639,-0.0086513645946979,0.0110888127237558,0.0292199831455945,-0.0345043390989303,0.010874668136239,-0.0224491730332374,-0.008665544912219,-0.0328248776495456,-0.0498208105564117,0.0054731424897909,0.0193362832069396,-0.0336873345077037,-0.0029534604400396,-0.0049120187759399,0.0016767815686762,-0.0156676769256591,0.0019832570105791,-0.0037308628670871,0.0107133546844124,-0.013289013877511,-0.0047245100140571,-0.0132890110835433,-0.016563544049859,-0.00150693859905,0.006643084809184,0.0017959587275981,-0.000745783559978,-0.0221773087978363,-0.0922499969601631,-0.0296530537307262,-0.0370628833770751,-0.0403849482536315,-0.0298603903502225,-0.0290878266096115,-0.0314042828977108,0.0020653153769671,-0.0062256115488708,0.0020651472732424,-0.0150527209043502,0.0171540547162294,-0.0136259049177169,-0.0346594676375389,-0.0400056391954422,-0.0618213787674903,0.0032821770291775,-0.0126934554427862,-0.0372259318828582,0.0063581224530935,-0.0074734925292432,-0.0209793746471405,-0.0466585531830787,0.0074583832174539,-0.0050537050701677,-0.0103451525792479,-0.0038688010536134,-0.0070724003016948,-0.0144251398742198,0.0157044678926467,0.0095420237630605,0.0193362832069396,-0.0023012163583189,-0.0308968015015125
3749,-0.0274768806993961,-0.0139369871467351,-0.0328793078660965,-0.0038133969064801,-0.0019829655066132,-0.0291808471083641,-0.0437965020537376,-0.0270310956984758,-0.0296685062348842,-0.0241801254451274,-0.00480422610417,-0.0190105605870485,-0.0311960913240909,-0.0188766624778509,-0.0188019014894962,-0.0011197016574442,-0.0005697867600247,-0.0279640145599842,-0.0250489078462123,-0.0322315692901611,-0.00223906384781,0.0094531904906034,0.0182131696492433,-0.0046172714792191,-0.0235303342342376,-0.0740895345807075,-0.0033912728540599,-0.0443831905722618,-0.0017731213010847,-0.0066756457090377,-0.0520451590418815,-0.0659139603376388,-0.0019829769153147,-0.0226358994841575,-0.0373773723840713,-0.0073250913992524,0.009441546164453,-0.0226358938962221,-0.0295651424676179,-0.0143149234354496,0.006573136895895,-0.0068860659375786,0.0066014183685183,-0.0289488900452852,-0.0243933796882629,-0.0171885527670383,-0.0213420614600181,-0.0368340276181697,-0.0552321225404739,0.0064041912555694,0.0070055909454822,-0.0295053273439407,-0.0017954772338271,-0.0018028254853561,0.0185780636966228,-0.0265945382416248,0.0078557962551712,-0.0003683227114379,-0.0228387229144573,-0.025048904120922,-0.009803706780076,-0.0250489003956317,-0.0195795819163322,-0.0073732193559408,0.0172140039503574,0.0351099334657192,-0.006292363628745,-0.0050066458061337,-0.0366882532835006,-0.0190105661749839,-0.0248134471476078,-0.0280480906367301,-0.0446412563323974,-0.0349006466567516,-0.0313700325787067,-0.0120652699843049,-0.0083506219089031,-0.0120654413476586,-0.0053506204858422,-0.0010682607535272,-0.0153546649962663,-0.0157514438033103,-0.0755638033151626,-0.0289426390081644,0.0066709755919873,-0.0243295617401599,-0.0575424805283546,-0.0092478301376104,0.0108669539913535,-0.0205945130437612,-0.0520451515913009,-0.006640953477472,-0.0013566850684583,-0.0151000907644629,-0.0121346022933721,0.0075061074458062,-0.0173060186207294,-0.0040130885317921,0.0117815192788839,0.0070055909454822,0.0233518276363611,-0.0344842933118343
3750,-0.0228585768491029,-0.0273798499256372,-0.0004955038893967,0.0233898218721151,-0.0283905323594808,-0.0112527189776301,-0.0319906920194625,-0.0118210576474666,-0.0301640108227729,-0.00384839810431,0.0039783781394362,-0.028640454635024,-0.0290301404893398,-0.0284366998821496,-0.0072679338045418,0.0199683103710412,-0.0302302688360214,0.0118188699707388,-0.0399593114852905,-0.0174624528735876,0.0074619250372052,0.0025251107290387,-0.0194716304540634,-0.0030655392911285,-0.0053769163787364,0.0045174737460911,0.0024691594298928,-0.0224211886525154,2.25752592086792e-06,0.0088871186599135,0.0032441630028188,0.0141930924728512,-0.028390534222126,-0.0126364398747682,-0.030939208343625,0.0235403962433338,-0.0021990067325532,-0.0126363849267363,-0.0158101674169302,-0.0088767865672707,-0.0220313929021358,-0.0156155368313193,0.0302200876176357,0.0128872767090797,-0.0021985473576933,-0.0333050899207592,-0.0242986418306827,-0.0210602041333913,0.0030115619301795,-0.0043976972810924,0.0092543149366974,-0.0100506125018,-0.0100674657151103,-0.0080116800963878,-4.9345195293426514e-05,-0.0105670113116502,-0.0018757821526378,-0.004542171023786,-0.0087491441518068,-0.0399593077600002,-0.0094056706875562,-0.0399593077600002,-0.0184653885662555,0.0220977496355772,0.0039429245516657,0.0060730203986167,0.0124457431957125,-0.0031314603984355,-0.0258024856448173,-0.0286404527723789,0.032987043261528,0.0574119016528129,0.0118405064567923,-0.0344609320163726,-0.0160288922488689,-0.0246448572725057,0.0023648778442293,-0.0246448516845703,-0.0415997058153152,-0.0042611849494278,0.0208105854690074,-0.0182737465947866,0.014943704009056,-0.0228221770375967,-0.0004125523846596,-0.0407084487378597,-0.0194356050342321,5.130236968398094e-05,-0.0200516022741794,0.0213695224374532,0.0032441588118672,0.019116373732686,-0.0069838222116231,-0.0083404267206788,-0.0169576108455657,-0.015875656157732,-0.0129625089466571,0.0052366554737091,0.0039244508370757,0.0092543149366974,-0.0043314029462635,-0.0223081316798925
3751,-0.0094558671116828,0.0060065425932407,-0.0073582758195698,-0.0405199341475963,0.0055296919308602,0.015970055013895,-0.0242753010243177,-0.019621480256319,-0.0250897221267223,-0.0127460304647684,-0.0024317754432559,0.0004397951997816,-0.0246252566576004,-0.0029817447066307,-0.0229271985590457,-0.0063658137805759,0.0014886176213622,-0.0252614226192235,-0.0317876860499382,-0.0254734307527542,0.019220208749175,0.0158377345651388,-0.012160962447524,0.0351468026638031,-0.0197061374783515,0.0130553962662816,0.0007452873978763,-0.0205265879631042,-0.005730609409511,0.019949946552515,0.0256352927535772,-0.0110418982803821,0.0055296872742474,-0.0313312970101833,-0.0205743238329887,0.0209984611719846,-0.0005104755982756,-0.0313313007354736,0.0022462813649326,-0.0162330493330955,0.008968143723905,0.0209535285830497,0.0058455071412026,-0.016198182478547,0.0180658921599388,-0.0057671898975968,-0.0059471484273672,-0.0047999359667301,0.0281286314129829,-0.0048319743946194,0.0313763096928596,0.0053398003801703,-0.0169733650982379,-0.0073334299959242,-0.0088901966810226,0.0052755568176507,0.0140366666018962,-0.0090639041736722,0.0186734832823276,-0.0317876897752285,0.0148786036297678,-0.0317876823246479,2.874573692679405e-05,-0.0042193885892629,-0.0105210291221737,-0.0044078156352043,-0.0366900935769081,-0.0111958626657724,-0.0569347068667411,0.0004398147575557,-0.0111938575282692,0.1278257668018341,-0.0107959229499101,-0.0257850401103496,-0.0066246259957551,0.0158318318426609,-0.0252918656915426,0.0158318318426609,0.0107635846361517,0.0235061701387166,0.0113711552694439,0.0099085215479135,-0.0030169477686285,-0.0397863164544105,-0.009696090593934,-0.0312707051634788,-0.0271900966763496,0.0055340882390737,0.0084987850859761,-0.0136495903134346,0.025635290890932,-0.0129713099449872,0.0006188718834891,-0.0121985105797648,-0.004931341856718,-0.0006207837723195,-0.0112073849886655,0.0246661882847547,-0.0106093883514404,0.0313763096928596,0.0081494059413671,-0.0346005633473396
3752,-0.0178337283432483,0.0105924494564533,-0.0426746010780334,0.01680807210505,-0.0440082140266895,-0.0151765868067741,-0.0363726168870925,-0.0220342241227626,-0.030789028853178,-0.0011085651349276,-0.0181065797805786,-0.0158636923879385,-0.013560889288783,-0.0150923300534486,-0.0236662849783897,0.0150995310395956,-0.0061231115832924,-0.0386092662811279,-0.0207172352820634,-0.0267167445272207,0.0010869966354221,-0.0014282626798376,-0.0153168905526399,0.0230911765247583,-0.0233769603073596,-0.0066597843542695,-0.005571718327701,-0.0261420104652643,0.0070501239970326,0.0034667854197323,0.0140071827918291,-0.0351570583879947,-0.0440082065761089,-0.0210103299468755,-0.0159579254686832,0.0157630369067192,-0.0051657436415553,-0.0210103243589401,-0.0349816270172596,-0.0146765755489468,-0.0033665997907519,0.0183414444327354,0.0240630935877561,-0.0349523462355136,-0.0026550209149718,-0.0023024529218673,-0.0124365277588367,-0.0265037529170513,0.0153646972030401,-0.0083249090239405,0.0082148928195238,-0.0436698421835899,0.0065202470868825,-0.0008796543115749,0.0360691025853157,-0.0093959467485547,-0.0028516892343759,0.0070065991021692,-0.002804237883538,-0.0207172371447086,-0.0137143470346927,-0.0207172390073537,-0.0207250043749809,-0.0247453264892101,0.0248054973781108,0.0790837407112121,0.0092662954702973,-0.0038153594359755,-0.0397628620266914,-0.0158636905252933,-0.0388423055410385,0.0436721816658973,-0.0411631539463996,-0.0098630310967564,-0.0239838529378175,-0.0154019305482506,0.0032952250912785,-0.0154019324108958,-0.0189115758985281,0.0207528602331876,-0.0029661166481673,-0.0300216190516948,-0.0233498085290193,-0.0263301339000463,0.0084059014916419,-0.0212017968297004,-0.0376868098974227,-0.0035977642983198,0.0108166513964533,-0.0206044521182775,0.0140071818605065,0.005167156457901,-0.0071329390630126,-0.0109159080311656,-0.0107427723705768,0.0217569563537836,-0.0183822773396968,0.0068108490668237,0.0068431580439209,0.0082148928195238,0.0209549386054277,-0.0321420170366764
3753,-0.0403646677732467,-0.0172233879566192,-0.1476406753063202,-0.013314077630639,-0.0091973412781953,0.0052594877779483,-0.0431713052093982,-0.0235317125916481,-0.0226805228739976,-0.0236935093998909,-0.0657357797026634,-0.204798087477684,-0.0232107564806938,-0.1559291929006576,-0.0231643710285425,0.0263531636446714,0.0187697187066078,-0.2407291978597641,-0.0372737273573875,-0.0264639016240835,0.0192883480340242,0.002372823189944,-0.0041919983923435,-0.0005693000275641,-0.0168403126299381,-0.2200506627559662,0.0211307723075151,-0.0351466983556747,-0.0283012650907039,-0.0431494228541851,0.0203943643718957,-0.4848232269287109,-0.0091973450034856,-0.0581268966197967,-0.0316476561129093,0.0229199007153511,-0.0241014696657657,-0.0581268966197967,-0.0391532033681869,-0.0203096214681863,0.0054232729598879,-0.0070894905366003,0.0438552722334861,-0.0156269576400518,0.0211177505552768,-0.0357423797249794,-0.0438835248351097,-0.0391402542591095,0.0230095516890287,0.0217319149523973,0.0224012359976768,-0.0295333918184041,0.0051983799785375,0.0092772478237748,0.019672030583024,-0.0180972889065742,0.0006849563214927,0.0031703291460871,0.0217611957341432,-0.0372737348079681,-0.0040489500388503,-0.0372737422585487,-0.0160072948783636,-0.1362126767635345,0.0167731083929538,0.0113499648869037,-0.017306450754404,-0.0321166031062603,-0.099969208240509,-0.2047981023788452,-0.0022453228011727,0.0084233367815613,-0.2942315638065338,-0.0235093999654054,-0.287321001291275,0.0149269755929708,-0.017775110900402,0.0149269886314868,0.0161344930529594,0.0004094016039744,0.0067343274131417,-0.0035370821133255,-0.3446514904499054,-0.0713289231061935,0.0155734904110431,-0.0362893305718898,-0.0378183722496032,0.0268922969698905,-0.0122913131490349,-0.0061767185106873,0.0203943587839603,0.0146958800032734,0.0052128415554761,-0.0163302775472402,-0.0455636419355869,-0.036720085889101,-0.0131279435008764,-0.044414784759283,0.0211164653301239,0.0224012359976768,-0.0188614204525947,-0.03230532258749
3754,-0.0263864062726497,0.0254884324967861,0.0180987566709518,0.0146298911422491,-0.0183691270649433,-0.0060293590649962,-0.0201429408043622,-0.0214898493140935,-0.0273959562182426,-0.0101970257237553,0.0067000864073634,-0.0001649770420044,-0.0205961503088474,0.0050079645588994,-0.0038138292729854,0.0094879772514104,0.005915408488363,0.0018711979500949,-0.0047263824380934,-0.0227544158697128,-0.0293275155127048,0.0118637653067708,-0.0139959258958697,0.0150657314807176,-0.0129191372543573,-0.0213476493954658,-0.0067889112979173,-0.0437769591808319,0.003940719179809,0.0131766712293028,0.0087752528488636,0.0055212480947375,-0.018369123339653,0.0148122170940041,-0.011520829051733,-0.026262791827321,0.0037195496261119,0.014812215231359,0.0191682446748018,-0.0061574773862957,0.0005007817526347,0.0205452013760805,0.0152519764378666,-0.04029381275177,0.0270289219915866,0.0205352287739515,-0.0198465548455715,0.0090256668627262,0.0103275487199425,-0.0032426733523607,0.0161637924611568,0.0219072289764881,-0.0044797202572226,0.0087165534496307,0.0212863758206367,-0.0140383392572402,0.0095830271020531,0.0048117917031049,0.0324445888400077,-0.0047263829037547,-0.0029108528979122,-0.0047263815067708,-0.0139500247314572,0.0161899756640195,0.0104189161211252,0.0116422027349472,0.0075299823656678,0.0138915386050939,0.0135933319106698,-0.0001649791374802,-0.0488744117319583,-0.1236298531293869,0.013626673258841,-0.019608274102211,0.0027870817575603,0.0287033356726169,0.0013783294707536,0.0287033282220363,-0.0036375327035784,0.0171022452414035,-0.0403200984001159,-0.0140952207148075,-0.0094964364543557,0.0131389889866113,0.0165462829172611,-0.0054715764708817,-0.0567769408226013,0.0104517536237835,-0.0052616656757891,-0.0372066460549831,0.0087752556428313,-0.0045696552842855,0.005775548517704,-0.0064654322341084,-0.0086015071719884,-0.0127172172069549,-0.0087842866778373,0.0123554160818457,0.0140327317640185,0.0161637924611568,0.0006147514795884,-0.0260253045707941
3755,-0.0190484076738357,-0.004276449792087,0.0025021731853485,-0.0080080600455403,-0.0035973065532743,0.0010834756540134,-0.0247329659759998,-0.0086960894986987,-0.0261547602713108,0.0113123832270503,0.0063198981806635,-0.0078407954424619,-0.0106283463537693,-0.0038397959433496,0.0001565936254337,0.0126607790589332,-0.0098988078534603,0.0069629922509193,0.0030679190531373,-0.0151856038719415,0.0042331111617386,0.0025565507821738,0.0110431257635355,-0.0017251734388992,-0.0081449449062347,0.0513338074088096,0.0047891265712678,-0.0120634101331233,-0.0160161554813385,0.0068205846473574,0.0054354956373572,0.0298339296132326,-0.003597310045734,-0.0021783225238323,-0.0143349962309002,0.0081189107149839,-0.0084525980055332,-0.0021783269476145,-0.0012177503667771,-0.0096969800069928,-0.0115352235734462,-0.0039344620890915,0.0157224480062723,0.0054304217919707,-0.0135710295289754,-0.0022400226444005,-0.0216325372457504,-0.0088779833167791,0.0071294563822448,0.0036965233739465,0.0158229973167181,0.0030947919003665,-0.0043794275261461,-0.0025413625407963,-0.0024702684022486,0.0100897476077079,-0.0004171200562268,-0.0018531930400058,-0.0173594057559967,0.003067915327847,0.0100750559940934,0.0030679181218147,-0.0040723686106503,0.0266455821692943,-0.000850515672937,0.0074049923568964,-0.007645403034985,-0.0060425507836043,-0.0024037647526711,-0.0078407917171716,0.01165322214365,0.006746026687324,0.0177694726735353,-0.0128437727689743,-0.0004705235478468,-0.020953819155693,-0.0036851607728749,-0.0209538228809833,-0.0084746098145842,0.0014255109708756,0.0115450210869312,-0.0019303316948935,0.0439838096499443,-0.0010572569444775,-0.0038140956312417,0.0030699728522449,-0.0045243934728205,-0.0030656019225716,-0.0222602766007184,0.0155121330171823,0.0054354956373572,0.0137293105944991,-0.00031544448575,-0.0050307153724133,-0.0170380920171737,-0.0339508056640625,-0.0062652882188558,0.005248952191323,-0.0018470337381586,0.0158229973167181,-0.0245747566223144,-0.0295998975634574
3756,-0.0045462301932275,0.0112288678064942,-0.0238332673907279,0.0480488501489162,-0.0149568058550357,-0.0016375230625271,-0.0224009845405817,0.0024887891486287,-0.0213028490543365,0.0230053830891847,-0.0152271799743175,-0.013961880467832,-0.0135411089286208,-0.0089261354878544,-0.0064843376167118,-0.0060675246641039,-0.0125657012686133,-0.0135008757933974,-0.0362065136432647,-0.0062943366356194,0.018741637468338,0.0085445996373891,0.0004880549386143,0.0114150308072566,0.0030527613125741,-0.0187555160373449,0.0303821600973606,-0.0019991770386695,-0.0144159793853759,-0.0022338554263114,0.011297408491373,-0.0147686880081892,-0.0149568067863583,-0.020644411444664,-0.0189186446368694,-0.0050809909589588,-0.01692446321249,-0.020644411444664,-0.0237180106341838,0.0038865671958774,-0.0155865838751196,0.010674625635147,-0.0030635334551334,0.0137302223592996,0.0156764592975378,0.004724184051156,-0.0059155947528779,-0.0306173730641603,0.0125130955129861,0.0306206811219453,0.0329715497791767,-0.0269890986382961,-0.0033226737286895,-0.007399464957416,0.0223958678543567,-0.0047447406686842,0.0048394156619906,-0.0024282182566821,0.0132235717028379,-0.0362065136432647,-0.0092825340107083,-0.0362065136432647,-0.0135901309549808,-0.0251782722771167,0.0102261817082762,0.0428590662777423,0.0424872823059558,-0.0161088239401578,-0.0200816933065652,-0.0139618776738643,0.0355365686118602,-0.0339336097240448,-0.0162783935666084,-0.0124150961637496,-0.0144963916391134,0.0004760316805914,0.0346976444125175,0.0004760520532727,-0.0274734031409025,0.0098717659711837,0.0003607198596,-0.0086401905864477,-0.0180477481335401,-0.0235051847994327,0.0013790733646601,-0.0373318269848823,0.0022700496483594,0.032426469027996,-0.0167814753949642,0.008931940421462,0.0112974075600504,-0.0030830495525151,-0.0080149080604314,0.0040991026908159,-0.002131174551323,-0.0161722060292959,-0.0198070518672466,-0.0007447514217346,-0.0012817848473787,0.0329715497791767,-0.0080058099702,-0.023145668208599
3757,0.0097678899765014,-0.0094006573781371,0.0192443300038576,-0.005928932223469,0.0187298506498336,0.0090599097311496,0.006748838815838,0.0057727759703993,-0.0007643811404705,-0.0035498728975653,0.0061252508312463,0.01237980928272,0.010416392236948,0.0208930131047964,0.0300027150660753,-0.0037781468126922,0.0143683720380067,0.027779484167695,-0.0985583066940307,0.0001162460539489,0.0054075503721833,0.0402647815644741,-0.0137446885928511,0.021799124777317,0.0069638327695429,-0.0531288236379623,-0.0013580846134573,9.196111932396889e-06,0.0214886255562305,0.016892010346055,0.0015441132709383,-0.0396263375878334,0.0187298525124788,-0.0165207609534263,0.0017487318255007,0.0031390185467898,0.0143889859318733,-0.0165206957608461,0.0216634422540664,0.0070216944441199,0.0250336825847625,0.011206317692995,-0.0084875207394361,0.0100689278915524,-0.0066524115391075,-0.0003546383231878,0.00819699652493,0.0127947954460978,-0.0032348369713872,4.624761641025543e-05,0.0738461017608642,0.0223393589258193,0.0077895373106002,0.001372970524244,0.014847875572741,-0.0023145519662648,0.0386265441775321,0.009949211962521,-0.0010772035457193,-0.0985583066940307,0.0116697615012526,-0.0985583066940307,0.006765017285943,-0.0176468715071678,0.023894228041172,0.0439984276890754,-7.381429895758629e-06,0.0098293423652648,-0.0539245679974556,0.0123798055574297,0.0106957275420427,0.0193880572915077,-0.0066395322792232,-0.0036038476973772,-0.0025571235455572,0.0104853864759206,0.0060840812511742,0.0104853911325335,0.01944075897336,0.0138004310429096,0.0094148525968194,0.0152527997270226,-0.0552324876189231,-0.0465069375932216,0.0087648797780275,-0.1005684658885002,0.0018817824311554,0.0017083785496652,0.0258818082511425,0.0089372200891375,0.0015442850999534,-0.0006801611743867,0.0106046516448259,0.0060319667682051,0.0138992676511406,0.0278844516724348,-0.0028220610693097,0.0178603157401084,0.011151073500514,0.0738461017608642,0.0302323922514915,-0.004973595496267
3758,-0.0139558408409357,-0.0070954635739326,-0.0160174425691366,-0.0139919454231858,0.0005137420957908,0.012937250547111,-0.0290788896381855,-0.0138336960226297,-0.0287688616663217,-0.0261610709130764,-0.0168523527681827,0.0011109060142189,-0.0267555322498083,-0.0002526834141463,-0.01095387712121,0.0069856494665145,-0.0027408597525209,-0.0202931202948093,-0.0241033751517534,-0.0198596697300672,-0.0130998631939291,0.0019940477795898,-0.0038029244169592,0.0040062409825623,-0.0100125130265951,-0.0548154786229133,-0.0057152286171913,-0.0242898538708686,-0.0099507737904787,0.0001456248573958,0.02419114112854,-0.0471893735229969,0.0005137445405125,-0.066237024962902,-0.0286864228546619,-0.0108730811625719,-0.0164825432002544,-0.066237024962902,-0.0091734528541564,-0.0056492779403924,0.0013750684447586,-0.0005580491852015,0.0039242515340447,-0.0033228246029466,-0.0041242972947657,-0.0088568571954965,-0.0104437042027711,-0.0206354893743991,0.0262640230357646,-0.0016263937577605,0.0209522638469934,-0.0090652927756309,-0.0018204199150204,-0.004964932333678,-0.0002948511391878,-0.0297159068286418,0.0015192821156233,-0.0047261365689337,-0.0043633384630084,-0.0241033788770437,-0.0257550347596406,-0.0241033732891082,-0.0286944340914487,-0.0253244191408157,0.0085844583809375,0.0031764227896928,-0.0149443475529551,-0.0313714332878589,-0.1146947890520095,0.0011109006591141,0.0003379602276254,-0.0536135695874691,-0.0272069852799177,-0.0305245500057935,-0.010844805277884,-0.0024182219058275,-0.0160806868225336,-0.0024182337801903,0.000546510447748,0.0066639566794037,-0.00542877567932,0.0062982672825455,-0.0554590933024883,-0.0779424682259559,6.322046101558954e-05,-0.0233351178467273,-0.0324394926428794,-0.0037399935536086,0.0034560803323984,0.0072623235173523,0.0241911392658948,0.0099043101072311,-0.0038735421840101,-0.0234165340662002,-0.0034908992238342,0.0024548820219933,-0.0121345464140176,-0.0036832084879279,0.0091501548886299,0.0209522638469934,0.0019107710104435,-0.0248839352279901
3759,-0.0126803498715162,0.0187775623053312,-0.0154418339952826,0.0425101928412914,-0.035111553966999,-0.0137949455529451,-0.0298876389861106,-0.0088709890842437,-0.0155645096674561,0.0140362037345767,5.729077383875847e-05,-0.0294233374297618,-0.0236885640770196,-0.02135506644845,-0.0105290319770574,0.0112650450319051,-0.0235040448606014,-0.005821977276355,-0.0128182787448167,-0.0168537683784961,0.019081549718976,0.0007028960972093,-0.0395208969712257,0.0163502395153045,-0.0107456650584936,-0.0180301666259765,0.0040523624047636,-0.0132267149165272,-0.0095609705895185,0.0066850241273641,0.0061576734296977,-0.0120337344706058,-0.0351115390658378,-0.0019398974254727,-0.0299567338079214,0.0311260819435119,3.3020973205566406e-05,-0.001939786830917,-0.0202378742396831,-0.0079265348613262,-0.0194817893207073,0.0161174144595861,0.0216626040637493,-0.0012406888417899,-0.001804003957659,0.0051668374799191,-0.0135090164840221,-0.0310833528637886,0.0070494217798113,-0.0013365158811211,-0.0039285281673073,-0.01648486033082,-0.0170248113572597,-0.0071673998609185,0.0051705166697502,-0.0105052758008241,-0.0015346310101449,-0.005635380744934,-0.0056783193722367,-0.0128182787448167,-0.0144186411052942,-0.0128182778134942,-0.01885343529284,0.0061025321483612,-0.0058786049485206,0.004236601293087,0.0337590314447879,-0.005308486521244,0.0138709638267755,-0.0294233355671167,0.011337524279952,0.1032206416130065,-0.0093622226268053,-0.0274594146758317,-0.0256679710000753,-0.018798666074872,0.0242573805153369,-0.0187986548990011,-0.0368795022368431,0.0123177710920572,0.0217376090586185,-0.023999897763133,-0.0155024137347936,0.002830582903698,-0.0013595684431493,-0.0135730486363172,-0.00981305539608,0.0058518559671938,-0.0172659531235694,0.0072109950706362,0.0061576757580041,0.0097527606412768,-0.0070572244003415,-0.0029368735849857,-0.0079070422798395,-0.0108490008860826,-0.0130601935088634,0.0097355740144848,-0.0067695397883653,-0.0039285281673073,0.0010732545051723,-0.0261657536029815
3760,-0.0256632305681705,0.0107994256541132,0.0070258420892059,0.0383362397551536,-0.0030912072397768,0.0197588223963975,-0.0335777066648006,-0.017967652529478,-0.0399939715862274,0.0151588786393404,0.0068125305697321,-0.0425298996269702,-0.0057632061652839,-0.0309465266764163,-0.0114487335085868,0.0278236474841833,0.0087770540267229,-0.0082832258194684,-0.0034365684259682,-0.0225918944925069,0.0080597763881087,0.0012060275766998,-0.0476414933800697,0.0169008541852235,-0.0187952369451522,0.0047378265298902,0.0058562727645039,-0.0243708472698926,-0.0065693901851773,0.0203116871416568,0.0411036685109138,-0.0026963176205754,-0.0030912153888493,-0.0121767781674861,0.0063709025271236,0.0299697946757078,-0.006400978192687,-0.0121767409145832,0.0043969922699034,-0.0168943721801042,0.0075413435697555,0.0097257504239678,0.046704676002264,-0.0230516083538532,0.0268819537013769,-0.0031790491193532,-0.0272628478705883,0.0145636871457099,0.0449646078050136,-0.0046410495415329,0.0088800555095076,0.0061541441828012,0.0244035348296165,0.0073956493288278,0.0240882225334644,0.0026635606773197,0.0016521969810128,0.010525376535952,0.0216712094843387,-0.0034365681931376,0.0046348981559276,-0.0034365670289844,-0.0064778653904795,0.0282664187252521,0.0350117906928062,0.0290170181542634,0.0279429964721202,-0.0115465791895985,-0.0008932761847972,-0.0425298959016799,-0.0200246311724185,0.0618710219860076,0.0014132005162537,0.0002600676380097,-0.0348049327731132,0.0075287027284502,0.0206816866993904,0.0075287334620952,0.0078963702544569,0.0199416819959878,0.0081363804638385,0.007259021513164,0.002184638287872,-0.008120872080326,0.0224194023758173,-0.0038648480549454,-0.0242915973067283,0.017018312588334,0.0135528594255447,-0.0117004103958606,0.0411036685109138,0.0141519755125045,0.0015831042546778,0.004540572874248,-0.0251771286129951,0.014479212462902,-0.0089756650850176,0.0158326346427202,0.0346134975552558,0.0088800555095076,0.0103435385972261,-0.0271304994821548
3761,-0.0113532841205596,-0.0038629048503935,-0.0053637218661606,-0.0100024724379181,-0.0241990219801664,-0.0012089572846889,-0.0324724912643432,-0.0076387678273022,-0.0132991643622517,-0.0235082861036062,-0.019390445202589,0.0127021251246333,-0.0056844875216484,0.0065856054425239,0.0044841459020972,0.003876555012539,-0.0270929969847202,-0.0038001481443643,-0.0398252420127391,-0.0158304534852504,0.0058936020359396,0.0048760799691081,-0.0154671277850866,0.0120604839175939,-0.0170389451086521,-0.0541989281773567,-0.0053725875914096,-0.0104331392794847,-0.0245914012193679,-0.0049024918116629,0.0160611774772405,-0.0305813048034906,-0.0241990089416503,-0.0262830518186092,-0.0069422479718923,0.0137332892045378,-0.0163840632885694,-0.0262830480933189,-0.0044574914500117,-0.0070229331031441,-0.0194416362792253,0.004188721999526,0.0125308185815811,-0.0148580325767397,-0.0137056289240717,-0.0048829414881765,-0.0120657291263341,-0.0110881943255662,0.0177506990730762,-0.0050912010483443,0.0255518313497304,-0.0052522621117532,0.0153669035062193,-0.0078807901591062,-0.008839227259159,-0.0183181818574666,0.0013037389144301,-0.0038795610889792,-0.019256442785263,-0.0398252345621585,-0.0034614142496138,-0.0398252345621585,-0.0127868577837944,-0.0363193303346633,0.0096203302964568,-0.0058678518980741,-0.012214588932693,-0.0239817108958959,-0.0220120511949062,0.0127021484076976,-0.0122537277638912,0.0585726760327816,-0.0123963132500648,-0.0035729836672544,0.0048052407801151,-0.0273148380219936,-0.012528452090919,-0.0273147523403167,-0.0293672457337379,0.012770714238286,0.0075786835514009,-0.0105642043054103,-0.0449831187725067,-0.0281459856778383,-0.0026017716154456,-0.0389831662178039,-0.0091746682301163,-0.0101714730262756,-0.0231253914535045,-0.0049614980816841,0.0160611774772405,0.0010524664539843,-0.0032871083822101,-0.0132589787244796,-0.0087813101708889,-0.0236854068934917,-0.0060171643272042,-0.0036299596540629,0.0125777758657932,0.0255518313497304,-0.0147049035876989,-0.0241807270795106
3762,-0.0264604706317186,-0.0047164680436253,-0.0188544727861881,-0.0202429108321666,0.0026812136638909,0.012156032025814,-0.0244265031069517,-0.0293016992509365,-0.0127888955175876,-0.0303361248224973,0.0091318748891353,-0.0194494873285293,-0.0155387036502361,-0.0218078419566154,-0.0137659590691328,0.0077694044448435,-0.0091011514887213,-0.0153629146516323,-0.0384391248226165,-0.0312161594629287,0.0017936928197741,0.0208199024200439,-0.020330537110567,0.0188315548002719,-0.0194116979837417,-0.0688910633325576,0.003685547504574,-0.0383290797472,-0.002511880826205,0.0170026998966932,0.0216437727212905,-0.0447787046432495,0.0026812071446329,-0.0283676404505968,-0.0227020718157291,0.0118366489186882,0.0030914852395653,-0.0283676460385322,-0.0208264701068401,-0.0233382731676101,0.0019779873546212,0.0070665064267814,0.0144956894218921,-0.0223428849130868,0.0478654988110065,-0.0182069800794124,-0.0243752747774124,-0.0276070721447467,0.0235822685062885,-0.0078381225466728,0.0394650995731353,-0.012751217931509,-0.0044745523482561,-0.1072638779878616,-0.067674733698368,-0.0254668220877647,0.0179086327552795,-0.0958225056529045,0.0453047305345535,-0.0384391210973262,-0.0039533120580017,-0.0384391248226165,-0.012454729527235,0.0177448168396949,-0.0047328723594546,-0.0040155611932277,-0.0199978128075599,-0.0124567970633506,-0.0427677631378173,-0.019449483603239,-0.0294165220111608,0.0470716431736946,-0.0266757011413574,-0.0166037548333406,-0.0259846821427345,0.031260322779417,-0.0181044153869152,0.0312603302299976,-0.0067768436856567,0.0142552061006426,0.0008381777442991,0.0064606005325913,-0.0631352290511131,-0.0356961302459239,-0.0953392833471298,-0.0392029136419296,-0.0449494309723377,0.0169294867664575,0.0050274231471121,-0.0098608694970607,0.0216437689960002,0.0043955990113317,-0.0761331841349601,-0.0159583240747451,-0.0200006738305091,0.0058717085048556,-0.1001049727201461,0.0189608074724674,-0.0505733229219913,0.0394650995731353,0.0126774106174707,-0.0320582538843154
3763,-0.0219584107398986,-0.0171934776008129,-0.0267048776149749,-0.0205753501504659,-0.006103535182774,0.0023068666923791,-0.0352111756801605,-0.0256907232105731,-0.026767561212182,-0.008622458204627,0.0103709399700164,-0.009806896559894,-0.0309916660189628,-0.014612890779972,-0.0287789441645145,0.0117382891476154,-0.0109510719776153,-0.0287226028740406,-0.0222221389412879,-0.0295472629368305,-0.0020386760588735,0.0116332629695534,-0.0119536183774471,0.0091687478125095,-0.0215313732624053,0.0200451910495758,0.0013402081094682,-0.0374036692082881,-0.0006045293994247,0.0152069088071584,0.0105331130325794,-0.0152201717719435,-0.0061035398393869,0.0019894998986274,-0.0346572324633598,0.0086424527689814,0.0122077390551567,0.0019895585719496,-0.0214881878346204,-0.0145684909075498,0.0003673874307423,-0.0018477516714483,0.0219251736998558,-0.0357491485774517,0.0322032943367958,-0.0235381163656711,-0.0160691142082214,-0.023856246843934,0.0112325269728899,-0.0067453533411026,0.0089188143610954,-0.0197090432047843,-0.0015480713918805,-0.006378820631653,-0.0033902844879776,-0.0038956173229962,0.0094320122152566,-0.0059104138053953,0.0306568685919046,-0.0222221370786428,-0.0038163214921951,-0.0222221389412879,-0.0143798319622874,0.0245587565004825,0.0099575016647577,-0.0104066077619791,-0.0218327827751636,0.0059175710193812,0.0052120191976428,-0.009806890040636,-0.0391101874411106,0.0219148993492126,-0.0225167889147996,-0.0364151820540428,-0.0164287406951189,0.0182819664478302,-0.0170228518545627,0.0182819664478302,-0.0099514592438936,0.0091248108074069,-0.0090211667120456,-0.0021338900551199,-0.0012341476976871,-0.0001639802358113,0.00320092192851,-0.021394494920969,-0.0528418645262718,0.0106060290709137,0.0034954198636114,-0.025691982358694,0.0105331167578697,8.368212729692459e-05,-0.0025191674940288,-0.0159323569387197,-0.012662936002016,0.0011375905014574,-0.0126595953479409,0.0161699391901493,0.0161020196974277,0.0089188143610954,0.0156756155192852,-0.0329203866422176
3764,-0.0145520512014627,8.959602564573288e-05,-0.0119656445458531,0.0240521039813756,-0.0409590452909469,-0.012869631871581,-0.0217829067260026,-0.0118682822212576,-0.0341357737779617,0.0079143922775983,0.0072460155934095,-0.0300239417701959,-0.0061247828416526,-0.0216768644750118,-0.0112265795469284,-0.0175114888697862,-0.0165918674319982,-0.0145470425486564,-0.064559668302536,-0.0171018466353416,0.0137662086635828,0.0083930697292089,-0.0113028679043054,-0.0046978928148746,-0.0094934981316328,0.0086456183344125,0.0130282370373606,-0.0091689731925725,-0.0009496656712144,0.0064603965729475,0.0140280053019523,-0.0042818710207939,-0.0409590452909469,-0.0026022684760391,-0.0047310423105955,-0.0026138620451092,-0.0004812288098037,-0.00260227965191,-0.011433096602559,-0.0131534067913889,-0.0193118937313556,-0.0026653462555259,-0.0052495347335934,-0.0061971098184585,0.0109503269195556,-0.0042787850834429,-0.0153489494696259,-0.0039566094055771,0.0159595664590597,0.0137422354891896,0.0196012519299983,-0.0112190628424286,0.0064839976839721,-0.0102774677798151,0.0152688575908541,0.002055128570646,0.0037760993000119,-0.0105121321976184,0.0090195424854755,-0.0645596608519554,0.0029887233395129,-0.064559668302536,-0.008544972166419,0.0267235860228538,0.0127078555524349,0.0152240274474024,0.0167267397046089,0.0007599032251164,-0.003387868637219,-0.0300239380449056,0.0172622762620449,0.0174895972013473,-0.0086994254961609,-0.0025257728993892,-0.0257439743727445,-0.0064392052590847,0.010870105586946,-0.0064391922205686,-0.0396697781980037,0.0043745702132582,-0.0126357022672891,-0.0269187334924936,0.0029591333586722,-0.0136896055191755,0.0009819120168685,-0.0655378401279449,-0.0058114905841648,0.0165652818977832,-0.0176814086735248,-0.0164977516978979,0.014028001576662,-0.0200352482497692,-0.0128631293773651,-0.0010763481259346,-0.0160106979310512,-0.0131032606586813,-0.0264120623469352,0.0040752468630671,0.0078941006213426,0.0196012519299983,-0.0010514315217733,-0.0319928750395774
3765,-0.0307481735944747,-0.0067841792479157,-0.0185285564512014,-0.0096950875595211,0.008642379194498,0.0038280449807643,-0.0214911606162786,-0.025061834603548,-0.0245482120662927,-0.0135579658672213,0.0097612543031573,-0.0082138236612081,-0.0141610447317361,-0.0073935762047767,-0.0061870906502008,-0.0161799304187297,-0.0172370914369821,-0.0075838225893676,-0.0205252394080162,-0.0271150916814804,-0.0038825147785246,0.0005144964670762,-0.0012351125478744,0.0059894239529967,-0.0103374579921364,-0.0124798752367496,0.0003849363420158,-0.0393682233989238,0.0091019915416836,0.0144529789686203,0.0003026215999852,-0.0151742622256279,0.0086423801258206,-0.0008421880775131,-0.021182756870985,-0.011275514960289,-0.0021284567192196,-0.000842141569592,-0.0203096978366374,-0.0184811297804117,-0.0085205063223838,-0.0002261493937112,-0.0142010226845741,0.0012837047688663,0.0206217262893915,-0.0077408319339156,-0.029899675399065,-0.0228623580187559,0.001157351071015,-0.0042839078232645,0.0037818069104105,-0.0200314298272132,0.0105946222320199,0.0066047054715454,0.0124049158766865,-0.0082725686952471,-0.0003532678238116,0.0109227756038308,0.0179914217442274,-0.0205252282321453,0.0060767256654798,-0.0205252319574356,-0.007988323457539,0.0339263379573822,0.0194169301539659,0.0107047026976943,-0.0127269150689244,0.0066225379705429,-0.007811521179974,-0.0082138208672404,0.0146738365292549,0.0042427256703376,-0.0138707039877772,-0.0155530842021107,-0.0108059663325548,0.0136028761044144,-0.0117514859884977,0.0136028788983821,-0.0226976498961448,0.0094696767628192,-0.0051470347680151,0.0051645217463374,-0.015355696901679,-0.0060772555880248,0.016741294413805,-0.0193546414375305,-0.0447729080915451,0.0048085628077387,0.0012454045936465,-0.0005466854199767,0.0003026198828592,-0.0133327906951308,0.0028028793167322,-0.0095551200211048,-0.0248161703348159,0.0116275316104292,0.0007537705823779,0.0136295957490801,0.0236509833484888,0.0037818069104105,0.0119650987908244,-0.0323978625237941
3766,-0.0090896338224411,-0.0071907476522028,0.0014809836866334,-0.0043504829518496,0.0028550275601446,-0.002050488255918,-0.0175072960555553,-0.0060611101798713,-0.0111229792237281,-0.0067587010562419,-0.0106330532580614,0.0097414990887045,-0.0180870126932859,0.004753281828016,-0.0013606704305857,-0.0080645075067877,-0.0169634763151407,-0.0001907323021441,-0.0178035497665405,-0.0122533421963453,-0.001208997098729,0.0071521149948239,0.0045126127079129,0.0087812170386314,-0.0171408653259277,-0.0260736122727394,-0.0040887994691729,-0.0085699539631605,0.0058311964385211,0.0012653241865336,-0.0053291264921426,-0.020521193742752,0.0028550256974995,-0.0005191367818042,-0.0169679224491119,-0.00640583736822,-0.0025120074860751,-0.000519138528034,0.0013351378729566,-0.0065522138029336,-0.0031818270217627,0.0003279547672718,-0.0052325315773487,-0.0347599722445011,0.0057345093227922,-0.007890404202044,-0.0119588756933808,-0.0093411868438124,-0.0047946306876838,-0.0045668254606425,0.0182979069650173,0.0016232207417488,0.00582682993263,-0.0020299749448895,0.0001084273681044,0.0023134690709412,0.0064761312678456,0.0004844076465815,0.0059868963435292,-0.0178035460412502,0.019084284082055,-0.0178035497665405,0.0053154528141021,-0.0273836553096771,0.0123443361371755,-0.0077003156766295,-0.0059127919375896,0.0036700335331261,0.0006093406118452,0.0097415037453174,-0.0466522425413131,0.0208663772791624,-0.0054449052549898,-0.0215748846530914,0.0024294380564242,0.0070534218102693,-0.0020568708423525,0.0070534166879951,-0.0182222537696361,0.0080760829150676,-0.0152143938466906,-0.0006755722570233,-0.0261217318475246,-0.002714954316616,0.0080235209316015,-0.0172679387032985,-0.0063605830073356,-0.0025270255282521,0.0062570832669734,-0.029216531664133,-0.0053291264921426,-0.0155465230345726,-0.0015432590153068,0.0019167037680745,-0.0094118099659681,0.0210033934563398,-0.0041579436510801,7.118028588593006e-05,0.0196448750793933,0.0182979069650173,0.0192394237965345,-0.0180902332067489
3767,-0.006394556723535,0.0275242999196052,0.0134769845753908,-0.0257585979998111,0.0198364220559597,0.0023543979041278,0.0468012019991874,-0.0034233070909976,0.0033831475302577,-0.0148776806890964,0.0109313111752271,0.0181385669857263,0.0060892086476087,0.0327172875404357,0.032919455319643,-0.0107284616678953,0.0215721428394317,0.0272003002464771,-0.0123960841447114,0.0043692477047443,-0.0198500901460647,0.0413696467876434,-0.0052872188389301,0.0113217858597636,0.0076208263635635,-0.0312359519302845,-0.0113838892430067,-0.0136757614091038,0.0017735296860337,0.0064547671936452,-0.0164758916944265,-0.0261445939540863,0.0198364183306694,-0.0051084998995065,-0.0046654692851006,-0.0167851448059082,0.0135959107428789,-0.0051084626466035,0.0158013422042131,0.0047640372067689,0.0315811894834041,0.0185985267162323,-0.0135241709649562,-0.007410573773086,0.0151550397276878,0.0383172929286956,-0.0059280400164425,-0.0036701178178191,-0.0216765329241752,-0.017615508288145,0.0708204060792923,0.0142446905374526,0.0076963873580098,0.0054336390458047,-0.0187631156295537,-0.0025108349509537,0.0408037155866622,0.0019394769333302,0.0155532984063029,-0.0123960794880986,0.0174107812345027,-0.0123960822820663,0.0127956736832857,-0.0207072217017412,0.0020166710019111,-0.0275354236364364,-0.0226351395249366,0.004609836731106,-0.020014189183712,0.0181385688483715,-0.0267233066260814,-0.0323418602347373,-0.0001585334539413,-0.0044393274001777,0.0051880097016692,0.0145643884316086,-0.0129615440964698,0.0145643856376409,0.0382349342107772,0.0147584844380617,-0.017377533018589,0.0145972101017832,-0.035740178078413,-0.0120062744244933,-0.0010446277447044,-0.0118283983319997,-0.0152856204658746,-0.0060838116332888,0.0171537604182958,-0.019775228574872,-0.0164758972823619,-0.0153409447520971,0.0209981817752122,0.0012199580669403,0.0009967840742319,0.0082283969968557,0.0128433648496866,0.0027801247779279,0.0080312425270676,0.0708204060792923,0.011211784556508,0.0029670963995158
3768,-0.0228650532662868,-0.0207740105688571,-0.0078762006014585,0.0035885425750166,0.0059294262900948,0.0091317147016525,-0.031461164355278,-0.0213598031550645,-0.0301238503307104,0.0016310671344399,-0.0066463714465498,-0.0154968090355396,-0.0345820114016532,-0.01972590200603,-0.024194037541747,0.0217257272452116,0.002290308009833,-0.0077632251195609,-0.0385965481400489,-0.0258159954100847,-0.0058240694925189,0.0158146657049655,-0.0479501672089099,0.0136766619980335,-0.0076178153976798,0.0186915900558233,-0.0134567841887474,-0.0277078337967395,0.0058038495481014,0.0034397221170365,0.0111605115234851,0.0134693104773759,0.0059294244274497,-0.0133622251451015,-0.0399687625467777,0.0242550056427717,0.0198126398026943,-0.0133622614666819,-0.0134106455370783,-0.0163931157439947,0.0162206273525953,-0.0019026508089154,0.0317139513790607,0.0025492068380117,0.020647695288062,-0.0301826708018779,-0.0206566117703914,-0.0248658452183008,0.012224281206727,-0.0220447722822427,0.007881480269134,-0.0004206943558529,0.0006883982568979,-0.0099653331562876,-0.0117837572470307,0.0006563868373632,0.0139146856963634,-0.0091262822970747,0.0191825795918703,-0.0385965518653392,0.0043154349550604,-0.0385965555906295,-0.0086780358105897,-0.0202872119843959,0.0126372259110212,-0.0039588809013366,-0.0008718145545572,0.0085186129435896,-0.0399451553821563,-0.0154968053102493,0.0165505856275558,0.0682459846138954,0.0049507743678987,-0.0398161821067333,-0.0118693262338638,0.0145001849159598,-0.0005963570438325,0.0145001942291855,0.0084683243185281,0.009850388392806,0.0162934772670269,0.0075865862891077,0.013395925052464,-0.0262518133968114,-0.005035949870944,-0.038512572646141,-0.0340979173779487,-0.0008333544246852,0.0167862456291914,0.0151798920705914,0.0111605012789368,0.0201304517686367,9.513297118246555e-05,-0.0061707706190645,-0.0191751830279827,0.0056658601388335,-0.0163590647280216,0.0020152758806943,0.0113425487652421,0.007881480269134,0.0286114700138568,-0.0346304923295974
3769,-0.0075502838008105,-0.0162086561322212,0.0142045877873897,-0.0087985759600996,0.0034273646306246,0.0051561389118433,-0.0104645863175392,-0.0177565608173608,-0.0112530281767249,-0.3282342255115509,0.0105048790574073,0.0111212069168686,-0.0058566629886627,0.0020493052434176,-0.0028558857738971,-0.0100958943367004,-0.1220173314213752,-0.0021872115321457,-0.0259522516280412,-0.0222778506577014,0.0196649022400379,0.0127569632604718,-0.0092198904603719,0.0222476292401552,-0.0100700911134481,-0.0062158955261111,0.0148701630532741,-0.0242950674146413,-0.0019658938981592,0.0248713493347167,0.0070886462926864,-0.0068883504718542,0.0034273625351488,-0.0303659066557884,-0.0022000079043209,0.0029298437293618,0.0071807806380093,-0.0303659066557884,0.0174637921154499,-0.0107742976397275,-0.0508155934512615,0.0049179550260305,-0.0095254043117165,-0.0014551316853612,0.0171057600528001,-0.018857080489397,-0.0032283905893564,0.0058913072571158,0.0073446664027869,0.0127360876649618,0.0212471429258584,0.0257462002336978,0.0101835709065198,-0.101375363767147,-0.1143927872180938,-0.5832340121269226,0.0089950682595372,-0.0251710396260023,0.0165211409330368,-0.0259522553533315,-0.8710364699363708,-0.0259522534906864,-0.7928484082221985,0.0200124476104974,0.0078747402876615,-0.0066864714026451,-0.00928820297122,-0.0102115850895643,-0.0587066039443016,0.0111211948096752,-0.0025026160292327,0.0493938103318214,0.006209016777575,-0.0060601672157645,0.0052891308441758,0.0124181834980845,-0.3285259902477264,0.0124181807041168,-0.0315626338124275,0.0174247808754444,0.007507415022701,0.0040624486282467,-0.0100716948509216,-0.0398214161396026,-0.0760774910449981,-0.0267663691192865,-0.0313152149319648,0.0191187188029289,-0.0150772435590624,0.0026894668117165,0.0070886397734284,-0.007766643539071,-0.0520218759775161,-0.5986008644104004,0.0041745156049728,-0.0108478171750903,-0.0094491904601454,0.0266673676669597,-0.0264580193907022,0.0212471429258584,0.0015337823424488,-0.0290679186582565
3770,-0.0129150478169322,-0.0234494116157293,-0.0250029899179935,-0.0044332072138786,-0.0291693489998579,-0.0051478203386068,-0.0339282490313053,-0.0150426840409636,-0.0395604148507118,0.0015504409093409,0.002181545831263,-0.0069904522970318,-0.0467108711600303,-0.0132820475846529,-0.0373776704072952,0.0118446527048945,0.0029503952246159,-0.0348142459988594,-0.0216809716075658,-0.0212022364139556,0.0116444714367389,0.0133650582283735,-0.0245048031210899,0.0047709234058856,-0.0080478489398956,0.0059282947331666,0.0073299054056406,-0.0211587976664304,0.0140078626573085,0.0057184230536222,0.0182408168911933,-0.018860725685954,-0.029169350862503,-0.0207549221813678,-0.0492829643189907,0.0172398015856742,0.0134978396818041,-0.0207549594342708,-0.0176044013351202,-0.0053382548503577,0.0129847098141908,-0.0063870199955999,0.0110450666397809,-0.0112337339669466,0.0172318164259195,-0.0270178318023681,-0.0073065627366304,-0.029846716672182,0.0198383703827857,0.0022107195109128,0.0111244721338152,-0.0114084398373961,-0.0231832358986139,0.0060942247509956,0.0127881811931729,0.0180442836135625,0.0125714307650923,-0.0026520804967731,0.0134853571653366,-0.0216809678822755,0.0390089601278305,-0.0216809660196304,0.0171205904334783,0.0043925959616899,-0.0043279603123664,0.0037626661360263,-0.0074151093140244,0.0039251870475709,-0.0482789501547813,-0.0069904383271932,-0.0070303743705153,0.0565374568104743,-0.0225103683769702,-0.0527200959622859,-0.0134218428283929,-0.0024909116327762,-0.0015928701031953,-0.0024910224601626,-0.0029443481471389,0.0005184850888326,0.0103413555771112,-0.0173998139798641,-0.0092159118503332,-0.0289977490901947,0.0069486717693507,-0.0233687218278646,-0.036194697022438,0.0132855754345655,0.020757969468832,0.0061107454821467,0.018240813165903,0.0138442106544971,0.0055737420916557,0.0072770221158862,-0.0059655150398612,0.0253940820693969,-0.0123718585819005,0.0071289543993771,0.0019132681190967,0.0111244721338152,0.035251572728157,-0.0301770940423011
3771,-0.0163224209100008,-0.0125697599723935,-0.0203275606036186,-0.0001060725189745,-0.0117727387696504,-0.0050459592603147,-0.0249587818980216,-0.0239503048360347,-0.0267467387020587,-0.0038348732050508,-0.0088902581483125,-0.0197339653968811,-0.0268608536571264,-0.0158922839909791,-0.0134614771232008,-0.0161940511316061,-0.041796900331974,-0.0129094021394848,0.0168637745082378,-0.0296274218708276,-0.0047022681683301,0.0075412392616271,-0.0157461781054735,-0.0035981500986963,-0.0242584180086851,-0.0114756403490901,-0.0060270405374467,-0.0230589155107736,-0.0245397835969924,-0.0110224429517984,0.0020299018360674,-0.0225766580551862,-0.0117727406322956,-0.0321957767009735,-0.0338773727416992,-0.0079883262515068,-0.0097108976915478,-0.0321957729756832,-0.0202436409890651,-0.0248753111809492,-0.0341154411435127,-0.0084296707063913,-0.0099052675068378,-0.0159317348152399,-0.001880275667645,-0.0148394610732793,-0.0155214630067348,-0.0291331857442855,0.0023233839310705,-0.0092511586844921,0.0263075791299343,-0.0181905515491962,-0.0293264351785182,-0.0140173938125371,-0.0111971525475382,-0.0082966061308979,0.001377198845148,-0.0111108561977744,-0.0034799331333488,0.0168637726455926,-0.0056871185079216,0.0168637726455926,-0.01453029923141,-0.0169092379510402,-0.0200667865574359,-0.0115973129868507,-0.002360489917919,-0.0248489789664745,-0.0372473262250423,-0.0197339598089456,-0.0060599097050726,0.0157289821654558,-0.0188232082873582,-0.0332462340593338,-0.0230719167739152,-0.0081215407699346,-0.0027088015340268,-0.0081215389072895,-0.0560917258262634,-0.009102682583034,-0.012135786935687,-0.0087026162073016,-0.019842879846692,-0.0259040053933858,-0.0125978225842118,0.0170655604451894,-0.0215379670262336,-0.0043727122247219,-0.0381394363939762,-0.0178345404565334,0.0020299046300351,-0.0192978791892528,-0.0091465190052986,-0.0105859963223338,-0.0123080313205719,-0.0341824442148208,-0.0094872443005442,-0.0087839988991618,-0.0200280714780092,0.0263075791299343,-0.018400078639388,-0.0368819124996662
3772,-0.0133903976529836,-0.0020774139557033,-0.0111667001619935,-0.0035810689441859,-0.0164052918553352,-0.0057492572814226,-0.0181319545954465,-0.0096992971375584,-0.015897586941719,0.0025703064166009,0.0060649719089269,-0.0074260840192437,-0.02604865655303,-0.0042609488591551,-0.0060105761513113,-0.0101169059053063,-0.0158746317028999,-0.0012222446966916,-0.0451995879411697,-0.0153133003041148,0.0132324574515223,0.0061012445949018,-0.0230522267520427,0.0090514440089464,-0.0075467717833817,0.0036612276453524,-0.0024200738407671,-0.0162605978548526,-0.0199220944195985,0.0146831162273883,0.0050824452191591,-7.207063026726246e-05,-0.0164052825421094,-0.012196528725326,-0.0296082720160484,0.0130777172744274,-0.0016154006589204,-0.0121964951977133,-0.0136190680786967,-0.008278171531856,-0.0178085695952177,0.0034947232343256,-0.0019808709621429,0.0114964693784713,-0.019103430211544,-0.0037158716004341,-0.0146972741931676,-0.0222187992185354,0.005055034533143,-0.0036706021055579,0.0143026234582066,-0.0161558780819177,-0.0112091731280088,-0.0045400303788483,0.0151786021888256,-0.0011847792193293,0.0028088220860809,0.001955236075446,-0.0198758374899625,-0.0451995953917503,0.0052027194760739,-0.04519959166646,-0.0045226356014609,0.0189650934189558,0.0121183739975094,0.0278870593756437,-0.0038907760754227,-0.0118948239833116,-0.0087984381243586,-0.0074260868132114,0.0249866638332605,0.0829282030463218,-0.0035879409406334,-0.0321995057165622,-0.0055007711052894,-0.020935870707035,-0.001270294887945,-0.020935870707035,-0.0276469457894563,0.0053374897688627,0.0176109559834003,-0.0110947480425238,0.0031905986834317,-0.016902120783925,0.0067543978802859,-0.0450233034789562,-0.011030375957489,-0.0051763048395514,-0.0242511257529258,0.0110563524067401,0.0050824438221752,-0.0063792876899242,-0.0054434868507087,-0.0049285697750747,-0.007473555393517,-0.0271098054945468,-0.0107676051557064,0.0141444317996501,0.0059997322969138,0.0143026234582066,-0.0136146889999508,-0.0237673278898
3773,-0.0040642954409122,-0.0023805897217243,-0.0227722488343715,0.00307881180197,-0.0020324136130511,-0.0008768281550146,-0.0158143155276775,-0.0002908471506088,-0.0176202487200498,0.0065691312775015,0.0167588554322719,-0.0084909442812204,-0.0027216742746531,-0.0047423057258129,-0.001435674377717,-0.0131438300013542,-0.0064473245292901,-0.0133615424856543,0.0035315523855388,-0.0094133103266358,0.0049399361014366,0.0086530074477195,-0.0001306291669607,0.0061468938365578,-0.0180427487939596,-0.02038050070405,-0.0013250685296952,0.0063289692625403,-0.0106880348175764,0.0181974470615386,0.0017479660455137,-0.0278476178646087,-0.002032418269664,-0.0100655667483806,-0.0105119459331035,0.0011834781616926,-0.0113821122795343,-0.0100655695423483,-0.0199887119233608,-0.0090128602460026,-0.0098599940538406,0.00333325820975,-0.0049687884747982,-0.0191890224814414,0.0079798400402069,-0.0020422406960278,-0.0102507285773754,-0.0272489245980978,0.0015372396446764,-0.0037128685507923,0.0331828221678733,-0.0219741761684417,0.0111092086881399,-0.0103409495204687,0.0100670810788869,-0.0052035385742783,0.0060895970091223,-0.0052174725569784,0.009226688183844,0.0035315512213855,-0.0025846161879599,0.003531553549692,-0.0086329132318496,0.0415267162024974,0.0150093249976634,0.038587749004364,0.0052959406748414,-0.0103410743176937,-0.0109617132693529,-0.0084909461438655,-0.0165240205824375,0.0435321927070617,-0.0221221391111612,-0.0026185603346675,-0.0151887163519859,0.0084142796695232,0.007638122420758,0.0084142852574586,-0.014807753264904,0.0080880559980869,-0.0067489743232727,-0.0020806929096579,-0.0274263583123683,-0.0069563658908009,-0.005009664222598,0.0036020101979374,0.0222483649849891,0.0007545505650341,-0.0142300929874181,-0.0205195676535367,0.0017479669768363,-0.0177654456347227,-0.0079431990161538,-0.0045183822512626,-0.0076086483895778,-0.0116397123783826,-0.0162599328905344,0.0179135594516992,0.0012379805557429,0.0331828221678733,-0.0152557007968425,-0.0215937793254852
3774,-0.0067084673792123,-0.0125746019184589,-0.012606737203896,0.0025052269920706,-0.0065442798659205,0.0015772699844092,-0.0371372625231742,-0.0174055974930524,-0.0266139153391122,4.21241857111454e-05,-0.0171616077423095,0.0041540749371051,-0.0194506477564573,0.000264145550318,-0.0112887863069772,0.017828594893217,-0.0204372256994247,-0.0145460264757275,-0.020085759460926,-0.0264717657119035,-0.0075220419093966,0.0037234728224575,-0.0093863271176815,-0.0012784235877916,-0.0324795395135879,-0.0105466302484273,0.0047818971797823,-0.019438637420535,-0.0146811986342072,-0.0039773699827492,0.010378111153841,-0.0153643200173974,-0.0065442835912108,-0.0210153963416814,-0.0218049082905054,-0.0067791766487061,-0.0087594036012887,-0.0210153944790363,-0.009100442752242,-0.0117380395531654,-0.0191283859312534,-0.0077216625213623,0.0262755770236253,-0.0463678315281868,0.0061024548485875,-0.0115624908357858,-0.0006624152883887,-0.0196410398930311,0.0118127707391977,0.0106835160404443,0.0240386798977851,-0.0074634728953242,-0.0030941083095967,0.0011539733968675,0.0176672153174877,-0.0105219800025224,-0.0009413466323167,-0.0023131854832172,0.0082577168941497,-0.0200857650488615,-0.011284046806395,-0.0200857669115066,-0.0179381556808948,-0.0255174897611141,0.0063157663680613,-0.0029075369238853,0.0008243883494287,-0.0156219750642776,-0.016571307554841,0.0041540721431374,-0.0590395554900169,-0.0764982402324676,-0.012422477826476,-0.0196078661829233,-0.0038164034485816,0.0088240318000316,0.0002441448159515,0.0088240206241607,-0.0437337979674339,0.0008504422730766,-0.0234749671071767,-0.0035103661939501,-0.0187842436134815,-0.0199174210429191,0.0128366434946656,-0.0198784470558166,-0.0262428410351276,0.0119974398985505,-0.0118071995675563,-0.032141700387001,0.0103781130164861,0.0047061536461114,-0.0078578935936093,-0.013087454251945,0.0071253981441259,-0.0008412459865212,-0.0171092711389064,-0.0072147930040955,0.0131398709490895,0.0240386798977851,0.0066005662083625,-0.0331557504832744
3775,-0.0191893186420202,-0.003479633713141,-0.0049312710762023,-0.0069928057491779,-0.0031071440316736,0.0043552508577704,-0.0253511182963848,-0.0237512607127428,-0.0212205201387405,-0.0099670812487602,-0.0281668156385421,-0.0240417495369911,-0.0174680911004543,-0.0179273784160614,-0.0093476399779319,0.0022546101827174,-0.0158417746424675,-0.0056441882625222,-0.0342962257564067,-0.0268827565014362,-0.0050683990120887,-0.0095757506787776,-0.0120177771896123,-0.0333798602223396,-0.0140870669856667,-0.0062730382196605,-0.0003916108980774,-0.0350209474563598,-0.0245823189616203,-0.0303133651614189,0.0127281229943037,-0.0101833380758762,-0.0031071500852704,-0.0257601421326398,-0.0189699009060859,-0.0053164102137088,-0.0135558117181062,-0.0257600210607051,-0.0066838096827268,-0.013664623722434,-0.013766273856163,-0.0137062976136803,0.000577088445425,-0.0084632094949483,0.012787727639079,-0.0004538260400295,-0.0131226135417819,-0.0122793223708868,0.0146529469639062,0.000571358774323,-0.0044576157815754,-0.00216716947034,-5.519948899745941e-06,-0.0052502322942018,0.003838594071567,-0.0185917280614376,-0.0111273499205708,-0.0067724925465881,0.0141891743987798,-0.0342962220311164,-0.0233992524445056,-0.0342962220311164,-0.026693008840084,-0.0453954897820949,0.0080703552812337,-0.0093920361250638,-0.009822929278016,-0.0261886604130268,-0.0078165829181671,-0.0240417569875717,-0.004734069108963,-0.0233118943870067,-0.0055903457105159,-0.0201174356043338,-0.0207510814070701,0.0129385478794574,-0.0134619167074561,0.0129385003820061,-0.0278815180063247,-0.0144848655909299,-0.0053872414864599,-0.0007712709484621,-0.0066531933844089,-0.0231558308005332,0.0060593923553824,-0.0344688259065151,-0.0450851693749427,0.0074564702808856,-0.0087897535413503,-0.0008664003689773,0.0127281276509165,0.0038711708039045,-0.0112553415820002,-0.0224057212471961,-0.0053587346337735,-0.0037448990624397,-0.018191797658801,-0.0369880124926567,0.013914824463427,-0.0044576157815754,0.0012230216525495,-0.030107133090496
3776,-0.010947797447443,-0.005495237186551,-0.022111278027296,-0.0027533154934644,0.0113865546882152,0.0177431032061576,-0.0302162487059831,-0.0042434111237525,-0.035880871117115,-0.0014841831289231,-0.0218364261090755,-0.0186611600220203,-0.0149895474314689,-0.0172629561275243,-0.0114962663501501,0.0061735515482723,-0.015521278604865,-0.0128887481987476,-0.0461670830845832,-0.012677863240242,-0.0152054820209741,-0.0068623223342001,-0.0083736944943666,0.0070689944550395,-0.0019573518075048,-0.0088516557589173,0.0099399294704198,-0.0135926622897386,-0.01350924000144,-0.008382317610085,0.024976760149002,-0.010006601922214,0.0113865574821829,0.004092008806765,-0.0208948329091072,-0.0188404526561498,-0.0125279016792774,0.0040920642204582,-0.0249793529510498,0.0016953339800238,-0.0232545956969261,0.0012666803086176,0.0121095459908247,0.0013097408227622,0.0423510298132896,-0.0129874963313341,-0.009505221620202,-0.0281165018677711,0.0266124568879604,0.0079556154087185,-0.0026792334392666,-0.0234430711716413,-0.0131484037265181,0.0022193854674696,0.0176344104111194,-0.0140888933092355,-0.0102737545967102,-0.0042489846237003,0.0431880913674831,-0.0461670830845832,-0.0186860393732786,-0.0461670905351638,-0.0237023644149303,-0.032878927886486,-0.0061568291857838,-0.0032565724104642,-0.0038732434622943,-0.0020034464541822,0.0153277711942791,-0.0186611618846654,0.0182856917381286,-0.1026103794574737,-0.0135790593922138,-0.013293158262968,-0.0176836848258972,0.0363485813140869,-0.0036078514531254,0.036348570138216,-0.040165290236473,0.0040787113830447,-0.0166123416274786,0.0133178830146789,-0.0104915704578161,-0.0012827012687921,0.0083366986364126,-0.0475045517086982,-0.0156360734254121,0.0254171732813119,-0.0274682492017745,0.0020463855471462,0.0249767582863569,0.0043150270357728,-0.0072564226575195,-0.017793595790863,-0.0034487203229218,-0.0276040695607662,-0.0156938135623931,-0.0056685409508645,-0.0006395217496901,-0.0026792334392666,-0.0133186876773834,-0.0272491537034511
3777,0.0118716582655906,0.0171801149845123,0.0419366285204887,-0.0451661050319671,-0.0007737025152891,-0.0081322500482201,0.0329214185476303,0.0107960980385541,0.0023347185924649,-0.0126820094883441,-0.0081730401143431,-0.007065384183079,0.0200369283556938,0.010409252718091,0.0327411107718944,-0.0158945433795452,0.0092757167294621,0.045451745390892,0.0095006255432963,0.0063410550355911,-6.75455667078495e-05,0.0298799388110637,0.0029223370365798,0.0176371410489082,0.0035703862085938,-0.0077093401923775,0.0062791430391371,0.0136387152597308,-0.0102105699479579,0.0102022588253021,-0.0149705093353986,0.0051617426797747,-0.0007737111882306,-0.0137093057855963,0.0135228540748357,-0.014534899033606,-0.0120040383189916,-0.0137093039229512,0.0348975956439971,0.0030703861266374,0.0137762539088726,0.0195580702275037,-0.0125466082245111,0.0035167513415217,-0.0015630556736141,0.0153963770717382,0.004293278325349,0.0237131901085376,-0.0184554774314165,0.0105281695723533,0.0803518891334533,0.0471838228404521,0.0013810488162562,0.0038298794534057,-0.0107308337464928,-0.0028709694743156,0.0272960737347602,-0.0052328151650726,0.0009745788993313,0.009500621818006,0.0018628595862537,0.0095006255432963,-0.0010557716013863,-0.0337684713304042,-0.0086809331551194,-0.0348349884152412,-0.0354959554970264,-0.0070627606473863,-0.0163849648088216,-0.0070653776638209,0.0024359989911317,-0.0457297563552856,0.0289422180503606,0.009417132474482,-0.0053625218570232,0.003461102489382,-0.0237816143780946,0.0034610880538821,0.006341797299683,0.0154424672946333,-0.0134708620607852,-0.0029094316996634,-0.0046552121639251,-0.0108939306810498,-0.0001518568024039,0.0098412875086069,0.0268588364124298,0.007675452157855,0.0048861601389944,-0.0132126258686184,-0.0149705037474632,-0.018520887941122,0.0097092017531394,-0.0123636033385992,0.0070560765452682,0.0021389131434261,0.0010391367832198,0.0068235229700803,0.0006200734060257,0.0803518891334533,0.002937760669738,-0.0027946904301643
3778,-0.0150189604610204,-0.0180693380534648,-0.0157904587686061,0.0029648744966834,-0.0038068802095949,-0.0019678741227835,-0.0289452038705348,-0.0983264371752739,-0.0375087447464466,0.0048418827354907,-0.0321653895080089,-0.0210955217480659,-0.060082871466875,-0.0187918003648519,-0.0282500386238098,0.0027573434635996,-0.0291560068726539,-0.006128657143563,-0.0251915734261274,-0.1033666729927063,-0.006705954670906,-0.0148929180577397,0.0151509419083595,-6.386684253811836e-05,-0.0829853639006614,0.0402519553899765,0.0174681786447763,-0.0623098462820053,-0.022136190906167,-0.0130224097520113,0.0010543774114921,0.016302965581417,-0.003806879511103,-0.0214423090219497,-0.0718930959701538,-0.0255820397287607,-0.0142088923603296,-0.0214422512799501,-0.022451052442193,-0.1216816157102584,-0.0267018843442201,-0.0095919258892536,0.0024221483618021,-0.0181762725114822,0.0343750417232513,-0.0235935822129249,-0.0096725597977638,-0.0509198158979415,0.0024367237929254,0.0246105790138244,-0.0105564519762992,-0.0082969479262828,-0.0509368777275085,-0.0106298672035336,-0.0054386383853852,-0.004765395540744,-0.0187320746481418,-0.0169300585985183,0.0358400642871856,-0.0251915734261274,-0.0194383896887302,-0.0251915678381919,-0.02585762552917,-0.0451323837041854,-0.0273354090750217,-0.0147827919572591,-0.0025240478571504,-0.0210187975317239,-0.0123152025043964,-0.0210955254733562,-0.0199361704289913,-0.1151320561766624,0.0041909050196409,-0.072638913989067,-0.0152709484100341,0.0309177078306674,-0.0062293242663145,0.0309177041053771,-0.0478054657578468,-0.0121220313012599,-0.0244060531258583,-0.0041625625453889,0.0296187810599803,-0.0206158831715583,-0.0091423131525516,-0.0255365427583456,-0.0321304723620414,0.0285552646964788,-0.0241158138960599,-0.0124444477260112,0.0010543690295889,3.9422884583473206e-05,-0.0160802267491817,-0.0183805078268051,-0.0038269415963441,-0.0200899485498666,-0.0228852350264787,-0.0136619852855801,-0.0228923242539167,-0.0105564519762992,-0.0084885442629456,-0.1102547198534011
3779,-0.0093595581129193,0.0122316377237439,-0.0025148191489279,-0.2144845724105835,0.0029708882793784,0.0097226398065686,-0.0075544235296547,-0.009145907126367,-0.0100389709696173,-0.072084441781044,-0.0047980737872421,-0.0067914901301264,-0.0221443343907594,-0.0013207286829128,-0.002665676176548,-0.0046507422812283,-0.0243723206222057,0.0036886972375214,0.0043448405340313,-0.0131262652575969,0.0106750875711441,0.0010789026273414,-0.0040873615071177,0.0077677541412413,-0.0068135112524032,0.0153531264513731,0.0082006230950355,-0.0204391833394765,-0.0058035207912325,0.0039483793079853,0.0154312066733837,0.0090900566428899,0.0029708857182413,-0.0134163107722997,-0.0246730744838714,0.0076019298285245,-0.002092013368383,-0.0134163089096546,-0.0044221775606274,-0.0017346905078738,-0.0191666297614574,0.0087355179712176,0.0073771215975284,-0.0144620183855295,0.0251656528562307,0.0091117192059755,-0.0071398285217583,-0.013158781453967,0.0159739255905151,0.0030867813620716,0.0097872000187635,-0.0052093043923377,-0.0124239875003695,-0.0065104244276881,0.00871969666332,-0.0114910285919904,-0.0023521999828517,0.0005068171303719,0.0250725708901882,0.0043448414653539,0.0194198414683341,0.0043448405340313,0.0058654947206377,-0.0023215436376631,0.0072934357449412,0.0259104967117309,-0.1831596791744232,-0.0065772868692874,-0.0230295099318027,-0.0067914901301264,-0.010025137104094,0.0430691130459308,0.0049901236779987,-0.0291108228266239,-0.0028237104415893,0.0179855152964591,-0.1347943544387817,0.0179855171591043,-0.03355722874403,0.0070183938369154,-0.0035243504680693,0.0066016996279358,0.0146247539669275,-0.0138086788356304,0.001876154448837,0.0047494191676378,-0.0258076265454292,0.0138527071103453,-0.0174487214535474,-0.0203624032437801,0.0154312048107385,-0.0134448278695344,-0.0078148785978555,-0.0676222220063209,-0.0006733237532898,-0.0129866190254688,-0.0124912038445472,0.0034209045115858,0.0025445530191063,0.0097872000187635,-0.0044086705893278,-0.0217981282621622
3780,-0.0289290323853492,-0.0146804023534059,-0.0182770192623138,0.0229083187878131,-0.0161787532269954,0.0006095729768276,-0.02782535366714,-0.0269306823611259,-0.0350827723741531,0.0077231465838849,-0.0134794544428586,-0.0101780472323298,-0.0149109028279781,-0.0103719998151063,-0.0153577793389558,0.0097743645310401,-0.024413738399744,-0.0123608196154236,-0.026553388684988,-0.0297158416360616,0.0075428579002618,0.0087555162608623,-0.008189108222723,0.0007154039340093,-0.0099271200597286,0.03641964122653,0.0123343700543046,-0.0432303510606288,-0.0173197388648986,-0.0049692271277308,0.0160334147512912,0.0228830017149448,-0.0161787569522857,-0.0117439618334174,-0.0165101438760757,0.0098808221518993,-0.0038915807381272,-0.0117439581081271,-0.0206479225307703,-0.0170687194913625,-0.0266869105398654,-0.0060314410366117,0.0143849523738026,0.0097710620611906,0.039833415299654,-0.0174153335392475,-0.0248894803225994,-0.019045578315854,0.0178903192281723,0.0059135043993592,0.0225156843662261,-0.0220364425331354,-0.0123470406979322,-0.0099276574328541,1.929077552631497e-05,-0.0097059598192572,0.0025067399255931,-0.0165413748472929,0.0353760346770286,-0.0265533924102783,-0.0163380503654479,-0.026553388684988,-0.0232559703290462,-0.0275901369750499,-0.011965756304562,-0.0320562273263931,0.0128592513501644,-0.010388852097094,-0.0094048930332064,-0.0101780351251363,0.0235332436859607,0.0216990131884813,0.0009423089213669,-0.0114704202860593,-0.0032105876598507,0.0172765962779521,0.0045912759378552,0.0172764342278242,-0.0484681390225887,-0.0011648945510387,0.0123701449483633,-0.0079351179301738,0.0326151438057422,-0.0140176881104707,-0.0011392666492611,-0.0271872468292713,-0.0498444363474845,0.0209049116820096,-0.0309305526316165,0.0167947337031364,0.0160334184765815,0.0122203957289457,-0.0123748965561389,-0.0128212627023458,-0.0145668108016252,-0.0296859815716743,-0.024167601019144,-0.0043835379183292,-0.0033861887641251,0.0225156843662261,-0.0103145260363817,-0.0333688482642173
3781,-0.0146438181400299,-0.0188090577721595,-0.015872336924076,0.0120248515158891,0.0042203902266919,0.0010129783768206,-0.0173468869179487,-0.0180186666548252,-0.0157249253243207,0.0071299923583865,-0.0105509478598833,-0.0114708840847015,-0.0219341479241848,-0.014101312495768,-0.0123186912387609,-0.0041547333821654,0.0057926317676901,-0.0072171548381447,0.0118782920762896,-0.0218890644609928,-0.0031633467879146,-0.0029629978816956,-0.01202311553061,-0.0088436286896467,-0.0063493130728602,-0.0041573955677449,0.0013045617379248,-0.0251516588032245,-0.0051210541278123,-0.0094083007425069,0.0002556371036916,-0.0052174776792526,0.0042204014025628,-0.0268602669239044,-0.0299911946058273,-0.0055677369236946,-0.0049081179313361,-0.0268602650612592,-0.0195191986858844,-0.0119135994464159,0.0017989070620387,-0.0146194091066718,-0.0031916757579892,0.0014375757891684,0.0132780382409691,-0.018198287114501,-0.0106280893087387,-0.0289966315031051,-0.0001780709717422,-0.0009217687183991,0.002439945936203,-0.0135457813739776,-0.0017820270732045,0.0060732094570994,0.0099720386788249,-0.0029999879188835,-0.0034938401076942,-0.0012786765582859,0.0138724958524107,0.0118782892823219,-0.0005417172797024,0.0118782902136445,-0.009007011540234,-0.010028762742877,0.0080530829727649,-0.0159111898392438,0.0097848987206816,-0.0132711231708526,-0.0409383215010166,-0.0114708859473466,0.0052760862745344,-0.0109152421355247,-0.0073505202308297,-0.0248873308300972,-0.0103764627128839,0.0127924885600805,0.0074487174861133,0.0127924904227256,-0.0065546641126275,-0.0067286137491464,-0.0020277476869523,0.001608267892152,-0.0047653391957283,-0.0253444649279117,0.0145872058346867,0.012718983925879,-0.0308340117335319,0.0079970750957727,0.0070590293034911,0.0059343418106436,0.0002556353574618,0.0008166414336301,-0.0023257015272974,-0.0042909067124128,-0.0058187572285532,0.0109271723777055,-0.0126126697286963,-0.0117304101586341,0.0171442069113254,0.002439945936203,0.0111201191321015,-0.0314423292875289
3782,-0.0161788836121559,-0.0064849429763853,0.0003344865981489,0.0025422414764761,-0.0095655275508761,-0.0101853748783469,-0.0232790298759937,-0.0107384426519274,-0.0402260012924671,0.0023389293346554,0.0028434246778488,-0.0445719957351684,-0.0102655328810215,-0.0324061512947082,-0.0031328650657087,-0.0053771799430251,-0.0157713498920202,0.0064082271419465,-0.0255027897655963,-0.0171928573399782,-0.019021913409233,0.0007676547393202,0.0191076770424842,0.0064096413552761,-0.0127136232331395,0.0245314948260784,0.0074260402470827,-0.0117744039744138,-0.015996016561985,0.0141529068350791,-0.0126484613865613,0.0130944531410932,-0.0095655303448438,-0.0184521600604057,-0.0111412517726421,-0.0289499629288911,-0.0176474936306476,-0.0184521600604057,-0.0091459900140762,-0.0115934703499078,-0.0181146711111068,0.002023764885962,-0.0066342670470476,-0.000979000236839,0.0172601845115423,-0.0180200543254613,-0.0177618339657783,-0.0050166137516498,-0.0129735190421342,0.0058608991093933,0.0224948599934577,-0.0045265494845807,-0.0061910352669656,-0.0046280995011329,-0.0075018336065113,-0.0068754088133573,-0.0020191785879433,-0.0073586883954703,0.0111520374193787,-0.0255027823150157,-0.0137915136292576,-0.0255027823150157,-0.0210827495902776,0.0238930620253086,-0.0039060246199369,-0.0228528827428817,-0.0012151681585237,-0.0154865551739931,-0.0257711261510849,-0.0445719957351684,0.0038131054025143,-0.1061488389968872,0.0090263336896896,-0.0129107292741537,-0.0324306190013885,-0.0039554419927299,-0.0035171010531485,-0.0039554596878588,-0.0217372849583625,0.0080632856115698,-0.0199766177684068,-0.0087865972891449,0.0223753824830055,-0.0228716842830181,-0.0005930091720074,-0.0254498552531003,-0.0063036023639142,0.0085093714296817,-0.0252972748130559,0.0024224515073001,-0.0126484595239162,-0.0001999308587983,-0.0053402855992317,-0.014680752530694,-0.0137461209669709,-0.0289243962615728,-0.0103908479213714,0.0127655053511261,0.0037532709538936,0.0224948599934577,-0.0247364435344934,-0.0288494993001222
3783,-0.0222527272999286,-0.0149712665006518,-0.0058161108754575,0.021640658378601,-0.0222056843340396,-0.006711907684803,-0.0328848883509635,-0.0186070725321769,-0.0368307493627071,0.0053872736170887,-0.0134838037192821,-0.029243279248476,-0.025685578584671,-0.0218548513948917,-0.0093965679407119,0.0114199612289667,-0.0175508819520473,-0.0007110135629773,-0.0269048754125833,-0.0243053901940584,-0.0036563840694725,-0.0031657773070037,0.0205831211060285,-0.0193464159965515,-0.016552098095417,-0.0011985938763245,0.0027732492890208,-0.0304621066898107,0.0023060673847794,-0.0169393848627805,0.0093954298645257,-0.0012778127565979,-0.0222056861966848,-0.0145445186644792,-0.0282263234257698,0.0024968688376247,-0.0082527725026011,-0.0145445168018341,-0.0116998655721545,-0.0104533322155475,-0.0040457542054355,-0.020622394979,0.0181178897619247,-0.0197480954229831,0.005841564387083,-0.01352434232831,-0.0191312879323959,-0.0183141902089118,0.0101842172443866,-0.0008412841707468,0.0059740422293543,-0.0074086701497435,-0.0155938528478145,-0.0098120896145701,-0.0156942177563905,-0.0099073564633727,-0.004395097028464,-0.0087645705789327,0.0025416808202862,-0.0269048735499382,-0.0121637117117643,-0.0269048791378736,-0.0203324295580387,-0.011380510404706,-0.0087332809343934,-0.0108748469501733,0.0150198899209499,-0.0039318306371569,-0.0263931713998317,-0.029243279248476,-0.024381835013628,-0.0073632597923278,-0.0002126670442521,-0.0309025757014751,-0.0234209205955266,-0.010613921098411,0.0093759968876838,-0.0106139164417982,-0.0096066119149327,-0.0157282315194606,-0.0025562334340065,-0.0150349177420139,-0.0006569201941601,-0.0207347590476274,-0.0093605145812034,-0.027114313095808,-0.0372065119445323,1.781596802175045e-05,0.0053370133973658,-0.0071428292430937,0.0093954317271709,0.0070100822485983,-0.0066642868332564,-0.0089280698448419,-0.0126881748437881,0.0071360603906214,-0.0109944753348827,-0.0199007615447044,-0.0050949514843523,0.0059740422293543,0.0083027547225356,-0.0337235257029533
3784,-0.0240735337138175,-0.0142391826957464,-0.0171706080436706,0.0032309531234204,-0.0115380734205245,0.0011182324960827,-0.030164536088705,-0.0153172565624117,-0.0342957004904747,0.0070280218496918,-0.0154391760006546,-0.0117793548852205,-0.019694386050105,-0.0115302875638008,-0.0128706842660903,0.0151963979005813,-0.0228151157498359,-0.0072193890810012,-0.0369109213352203,-0.0174680799245834,0.00377226062119,0.0017859668005257,-0.0032008639536798,-0.0030004633590579,-0.0111338160932064,0.0407198816537857,0.0219558011740446,-0.0295170098543167,-0.0384942926466465,-0.0089102303609251,0.0136299356818199,0.0223226118832826,-0.0115380752831697,-0.0342683531343936,-0.0251192525029182,-0.0016724024899303,-0.0063717709854245,-0.034268345683813,-0.0216665342450141,-0.0050035892054438,-0.0290864594280719,-0.0084702698513865,0.0279411021620035,-0.0087279304862022,0.0309240408241748,-0.0158757343888282,-0.0206137225031852,-0.0264585111290216,0.0153473988175392,0.0231529902666807,0.0155028458684682,-0.0197533592581748,-0.0130442045629024,0.0019575387705117,0.0024435031227767,-0.0114636216312646,-0.0050344858318567,-0.008027552627027,0.0278090629726648,-0.0369109250605106,-0.0268752016127109,-0.0369109213352203,-0.0273778047412633,-0.0218204949051141,-0.0124488770961761,-0.0329983122646808,-0.0008492532651871,-0.0319345630705356,-0.0304756425321102,-0.0117793576791882,0.0049325637519359,-0.066097505390644,0.0037863375619053,-0.0194141194224357,-0.0039925249293446,0.0148584144189953,-0.0042248759418725,0.014858404174447,-0.0478008203208446,-0.0034941716585308,-0.0085993483662605,-0.005933869164437,0.0363367050886154,-0.0350824445486068,0.0054095853120088,-0.0373034253716468,-0.0369228050112724,0.0307040549814701,-0.0387409515678882,-0.0066016279160976,0.0136299291625618,0.0066158678382635,-0.004948248155415,-0.0192995872348546,-0.0132952332496643,-0.0443199425935745,-0.0114654507488012,-0.0082352450117468,0.0009091142565011,0.0155028458684682,-0.0228861980140209,-0.0224990770220756
3785,-0.0162488520145416,-0.0126031339168548,-0.0128413951024413,-0.0150595623999834,-0.0070649711415171,0.0062430249527096,-0.0224439520388841,-0.0176753010600805,-0.025784408673644,-0.0116882622241973,-0.0178794134408235,-0.0249906592071056,-0.0215219184756279,-0.0217173490673303,-0.0138065284118056,-0.004142771475017,-0.01889518648386,-0.0052170408889651,-0.013498580083251,-0.0232111010700464,0.0093932934105396,-0.0036260604392737,0.0136479418724775,-0.0006443788297474,-0.0134071009233593,0.005945605225861,0.0104887010529637,-0.0180311445146799,-0.0245568789541721,-0.0085992105305194,0.01917539909482,0.00460114935413,-0.0070649581030011,-0.0303411856293678,-0.0267779435962438,-0.006123864557594,-0.0068464805372059,-0.0303411800414323,-0.0179234538227319,-0.019399881362915,-0.021932877600193,-0.0068779019638895,-0.0043097985908389,0.0044988743029534,-0.0043921982869505,-0.017971271649003,-0.0167596638202667,-0.0190731696784496,0.0208911299705505,0.0172368846833705,0.0034930370748043,-0.0132828680798411,0.0014641871675848,-0.0032641217112541,0.0135267805308103,-0.0112280771136283,-0.0075381826609373,-0.0013534795725718,-0.0019442434422671,-0.0134985810145735,-0.0093980208039283,-0.0134985782206058,-0.0172494035214185,-0.0254819765686988,0.0191806331276893,0.003636984154582,-0.0157304350286722,-0.0245054773986339,-0.0296967849135398,-0.0249906629323959,0.0139935296028852,-0.0211148355156183,-0.0033198541495949,-0.0258386507630348,-0.0193655285984277,-0.0003555036382749,-0.0149889476597309,-0.0003554862341843,-0.0396942272782325,0.0008924116846174,-0.0005720173940062,-0.0010319796856492,0.0051663303747773,-0.0284165106713771,0.0134216202422976,-0.0139560867100954,-0.0134155303239822,0.0091210715472698,-0.0224316362291574,0.0081603387370705,0.0191753953695297,0.0003317527007311,-0.0106016211211681,-0.0168634559959173,-0.0131214801222085,-0.0203920379281044,-0.0184062458574771,-0.0114514017477631,0.021304216235876,0.0034930370748043,-0.0069501399993896,-0.0319944806396961
3786,-0.0859792828559875,-0.0147275533527135,-0.0198810100555419,0.0207526832818985,-0.0026454562321305,0.0160477552562952,-0.0295844450592994,-0.0515931509435176,-0.0277608856558799,-0.0033448950853198,-0.0181917883455753,-0.0174189284443855,-0.0239610504359006,-0.01659682020545,-0.0163036324083805,0.0050154058262705,-0.0150249227881431,-0.0096301790326833,-0.030625807121396,-0.0391835384070873,0.0027887187898159,-0.0058601167984306,-0.0124641228467226,-0.0082543659955263,-0.014716618694365,0.0187211781740188,0.0093290032818913,-0.0870745927095413,-0.007670784369111,-0.0069195041432976,0.0339342504739761,0.0152555834501981,-0.0026454459875822,-0.0032776058651506,-0.028577771037817,-0.0015477982815355,-0.0138188861310482,-0.0032776119187474,-0.0253579728305339,-0.0414494685828685,-0.0241475868970155,-0.0112141827121376,0.0051143821328878,-0.0197145733982324,0.0320183411240577,-0.0185904894024133,-0.1079872101545333,-0.0266781486570835,0.0371978692710399,0.0051209721714258,0.004928614012897,-0.0238164607435464,0.0028721252456307,0.0169548746198415,0.0514027625322341,-0.0418944507837295,-0.0092336069792509,0.015975646674633,0.0275405161082744,-0.030625807121396,-0.0307378210127353,-0.0306258052587509,-0.034362681210041,-0.0244030710309743,0.026907242834568,0.0381540805101394,0.0098560936748981,-0.0040733078494668,0.0016088818665593,-0.0174189247190952,-0.0228010267019271,0.0042524673044681,-0.0010576746426522,-0.023877715691924,-0.0088407024741172,0.0151826795190572,-0.0015061625745147,0.0151826702058315,-0.044866893440485,-0.0028973966836929,-0.005100714508444,0.0055476212874054,0.0211797542870044,-0.006575608626008,0.0348332971334457,-0.0313222967088222,-0.0110497483983635,0.018193794414401,-0.0200382880866527,-0.0089611606672406,0.033934261649847,0.0015766741707921,-0.0018921613227576,-0.0204505752772092,-0.0819065123796463,-0.010304014198482,-0.0096519533544778,-0.0094256307929754,0.0315371379256248,0.004928614012897,-0.0040601845830678,-0.0285979360342025
3787,0.0237672254443168,0.0069404537789523,0.0142811499536037,0.0058161537162959,0.0197201184928417,0.0178532246500253,0.0084424931555986,0.0288915038108825,0.0250105336308479,0.0164255201816558,0.0598568618297576,0.0146006690338253,0.0099093848839402,0.0171214789152145,0.012294540181756,-0.0081394519656896,0.0249006953090429,0.0158856604248285,0.0108625888824462,0.0211558528244495,0.0018393219215795,0.0434392727911472,0.0010623345151543,0.0225490890443325,0.0239527244120836,0.0217604842036962,-0.0044445027597248,0.0205160193145275,0.0141681097447872,0.0544628091156482,0.014220998622477,0.0017889740411192,0.0197201184928417,-0.003056107321754,0.0060781589709222,-0.0028479604516178,0.02678008005023,-0.0030560989398509,0.0162284187972545,0.0239724107086658,0.026293821632862,0.0157085098326206,-0.0158708058297634,0.0253299474716186,-0.0080913864076137,0.0088986288756132,0.0163173638284206,0.0128140076994895,0.008728077635169,-0.0029706980567425,0.0686712935566902,0.0177982188761234,0.0160650741308927,0.0149233341217041,0.0203382354229688,0.0104849264025688,0.0415821895003318,0.0165850333869457,-0.0038831124547868,0.0108625842258334,0.0052762338891625,0.0108625832945108,0.0095954574644565,0.1000704541802406,0.0252777300775051,0.0207903031259775,0.0084831258282065,0.0062071527354419,-0.011407752521336,0.0146006755530834,0.0331952571868896,0.0141386492177844,0.0078356377780437,0.0016850307583808,0.0088883861899375,0.0056151389144361,0.0109680471941828,0.0056151458993554,0.0235789455473423,0.0202131699770689,0.0114360004663467,0.0224353391677141,0.0098405424505472,-0.0040522702038288,0.0198512189090251,0.0117726158350706,0.0319676026701927,-0.0055399239063262,0.0262075588107109,0.0208375006914138,0.0142210209742188,-0.0010306811891496,0.0191695876419544,0.0097011411562561,0.0224651899188756,0.0308139324188232,0.0131881479173898,0.0527799949049949,0.0226344875991344,0.0686712935566902,0.0248398426920175,0.0233463775366544
3788,-0.0069044660776853,-0.0012503950856626,-0.0096498737111687,0.027971988543868,2.167932689189911e-05,0.0184623766690492,-0.0333470776677131,0.005791385192424,-0.0376290045678615,-0.0093112457543611,-0.0197203308343887,-0.016042623668909,-0.0088220257312059,-0.0158867575228214,-0.017983790487051,0.0457698069512844,0.0002535580424591,-0.0198804922401905,-0.0205187611281871,-0.0038330210372805,0.009545573964715,-0.024973202496767,-0.0566914975643157,-0.0092510357499122,-0.0068405736237764,-0.0103931594640016,0.0021112703252583,-0.0011073327623307,-0.010548273101449,-0.0153890857473015,0.0367875508964061,-0.0034400189761072,2.167350612580776e-05,0.0052887694910168,0.0011588986963033,0.0379874445497989,-0.0084633463993668,0.0052887606434524,-0.0084649994969367,0.0118874609470367,-0.0145116727799177,-0.0110306572169065,0.0649996921420097,-0.0302429813891649,0.0022357208654284,-0.0034945416264235,-0.0055261375382542,0.0023685991764068,0.0409699715673923,-0.0026717579457908,-0.0354972891509532,-0.0125526692718267,-0.0015729875303804,0.0159359220415353,0.0307770818471908,-0.0135625340044498,-0.0266461614519357,0.0080079790204763,-0.0013962623197585,-0.0205187685787677,-0.0165112316608428,-0.0205187667161226,-0.0251860581338405,-0.0055971662513911,0.0045265140943229,0.0180071890354156,0.0146359978243708,0.00332533987239,9.98438335955143e-05,-0.0160426311194896,-0.0343450307846069,0.0613479055464267,-0.0092880995944142,-0.0010926485992968,-0.0139204282313585,-0.0055475840345025,0.0035566943697631,-0.0055475495755672,-0.0158908516168594,-0.0060688946396112,0.0118436198681592,0.0072833662852644,-0.0087201772257685,0.0001422455534338,0.0210594311356544,-0.0215554609894752,-0.006858816370368,0.0104323849081993,-0.0173629876226186,-0.0138179417699575,0.0367875471711158,0.0256074257194995,-0.0035670660436153,-0.0121963694691658,-0.0039850203320384,-0.0298006907105445,-0.0120816715061664,-0.0144832078367471,0.0118558080866932,-0.0354972891509532,-0.0171006303280591,-0.0230558812618255
3789,-0.0256117600947618,-0.007411615923047,-0.0327773764729499,0.0082263750955462,-0.0144172823056578,-0.005173219833523,-0.0301463659852743,-0.0363319739699363,-0.0348107442259788,-0.0034335921518504,0.0114126820117235,-0.0306516475975513,-0.0461648255586624,-0.0290749501436948,-0.0370787307620048,0.0158046595752239,-0.0207090936601161,-0.0311536490917205,-0.0480586029589176,-0.0382228717207908,-0.0023978825192898,0.0072786677628755,-0.0016526486724615,0.0229497589170932,-0.0222803689539432,-0.0217209048569202,0.0002160456206183,-0.0458432212471962,-0.0024231502320617,0.0255312547087669,0.0053321383893489,-0.0328836478292942,-0.0144172757863998,-0.0293158832937479,-0.0567434877157211,0.0059844977222383,0.0090744905173778,-0.0293158814311027,-0.030629813671112,-0.0253263860940933,-0.0096388133242726,0.0118140056729316,0.0205171648412942,-0.022549569606781,0.0038210065104067,-0.0226720906794071,-0.0181413982063531,-0.0421145148575305,0.0057606715708971,-0.0011616090778261,0.0068257013335824,-0.0197294447571039,-0.0248149931430816,0.000676390947774,0.014118910767138,-0.0090550137683749,0.0043259970843791,0.0038596140220761,0.0022112042643129,-0.0480585992336273,-0.0007134740008041,-0.0480586029589176,-0.0111301774159073,0.0341997891664505,0.001807510619983,0.0248153991997241,0.0040330640040338,-0.01255539432168,-0.0417200289666652,-0.0306516513228416,-0.0238678809255361,-0.001309173181653,-0.0315101817250251,-0.0541886091232299,-0.0369078814983367,-0.0041596335358917,0.0024978029541671,-0.0041596652008593,-0.0290334876626729,0.015774356201291,-0.0053685819730162,-0.0105846617370843,-0.0352034643292427,-0.0381033569574356,0.0059032412245869,-0.049216840416193,-0.0622038766741752,0.0017579144332557,-0.0008391286246478,-0.0096995942294597,0.0053321397863328,0.0099937245249748,-0.0001362678594887,-0.0071021961048245,-0.0143402777612209,0.0062690349295735,-0.0067457957193255,0.0304910540580749,0.0007120249792933,0.0068257013335824,0.017448540776968,-0.0389725416898727
3790,-0.0255001299083232,0.0195749830454587,-0.010674281977117,0.0082302959635853,-0.0224155820906162,0.0006479951553046,-0.0338741242885589,-0.0298069231212139,-0.0294311940670013,0.0069088102318346,0.0052118301391601,-0.0133608197793364,-0.0178629234433174,-0.0059079234488308,-0.0011710012331604,0.0122789582237601,0.0030324507970362,0.0032429713755846,0.0110051473602652,-0.0340292602777481,-0.0074266199953854,0.0066411988809704,-0.0497098267078399,0.0194684714078903,-0.0303739160299301,0.011703498661518,-0.0006074021803215,-0.0395498424768447,-0.0039316173642873,0.0174582693725824,0.0232381932437419,0.0179280191659927,-0.0224155820906162,-0.0054721450433135,-0.0225785952061414,0.003975324332714,0.0029335785657167,-0.0054720984771847,-0.016930166631937,-0.0240677222609519,0.000496785796713,0.017833899706602,0.0300205051898956,-0.0424808971583843,-0.000974063295871,0.0114253778010606,-0.0228760167956352,-0.0294000506401062,0.0258405227214097,-0.0052981143817305,0.0140353068709373,-0.0180824901908636,0.0038389628753066,-0.0004839650355279,0.0194722823798656,-0.0027365987189114,0.0047148303128778,-0.0024306448176503,-0.0046594128943979,0.0110051603987813,4.86583448946476e-05,0.0110051576048135,-0.0097747528925538,0.0165311656892299,0.015665354207158,0.0123699158430099,0.0059625324793159,-0.0064239078201353,0.0055365706793963,-0.0133608030155301,-0.0445210821926593,-0.0215623807162046,0.0077300062403082,-0.0184868071228265,-0.0052702915854752,-0.0157676320523023,0.0060208002105355,-0.0157676339149475,-0.005452380515635,0.0209836177527904,-0.0194390285760164,-0.0117443185299634,0.0169889479875564,0.0004439206095412,0.0118093453347682,0.0096480194479227,-0.0453241318464279,0.0067701037041842,0.0050400681793689,-0.0364888533949852,0.0232381876558065,-0.0046783066354691,-0.0061580203473567,-0.0039360863156616,-0.0160830561071634,0.006253395229578,-0.0198723599314689,0.0184829998761415,0.0177668593823909,0.0140353068709373,0.0092286681756377,-0.034037061035633
3791,-0.0161485318094491,-0.0095789395272731,-0.0175659172236919,-0.0060525732114911,-0.0150043861940503,-0.0067572798579931,-0.0343881845474243,-0.0213889423757791,-0.0233820527791976,0.0031885129865258,-0.0022985180839896,-0.0342219620943069,-0.0216746423393487,-0.0296174325048923,-0.0125884395092725,0.0023515704087913,-0.0011721458286046,-0.0026305331848561,-0.0055231442674994,-0.0286479592323303,-0.0146892303600907,0.0056110271252691,-0.0227424744516611,0.0042980830185115,-0.0301394611597061,0.013955658301711,-0.0037898342125117,-0.023569555953145,-0.0080675669014453,0.0042706653475761,0.0029231812804937,0.0132261663675308,-0.0150043861940503,-0.0244963001459836,-0.0266525875777006,-0.0087960921227931,-0.0103030111640691,-0.0244962945580482,-0.0273686908185482,-0.0211624093353748,-0.0050888136029243,-0.0050884992815554,0.0085304239764809,-0.0308038908988237,0.0148969963192939,-0.0196502804756164,-0.0155556555837392,-0.0307258814573287,0.0023974988143891,-0.0094098607078194,0.0272456109523773,-0.0255841873586177,-0.0042466986924409,-0.0008399547077715,0.0139130521565675,0.0048740096390247,0.0040014730766415,-0.0018896925030276,0.014819492585957,-0.0055231307633221,0.0143353380262851,-0.0055231368169188,0.0005904524587094,-0.0009487885981798,0.0103723434731364,0.0004969555884599,-0.0038905127439647,-0.0151505367830395,-0.0361748225986957,-0.0342219583690166,-0.0326694771647453,-0.0370828881859779,-3.032386302947998e-05,-0.0252343639731407,-0.0237791836261749,0.0049599399790167,0.0004779020091518,0.0049599418416619,-0.0100608747452497,0.0031659547239542,-0.016616728156805,-0.0112886549904942,0.0157348029315471,-0.0261166524142026,0.0109084453433752,-0.0048044868744909,-0.0230365302413702,0.0055714924819767,-0.0021444121375679,-0.022359786555171,0.0029231791850179,-0.0056172376498579,-0.0066443099640309,0.0002552919322624,-0.0106426998972892,0.0036510049831122,-0.0156901609152555,0.0030948743224143,0.0141007602214813,0.0272456109523773,-0.0005562608130276,-0.0317658521234989
3792,-0.0124208163470029,-0.0109186209738254,-0.0201488751918077,-0.0090091414749622,-0.0237019881606102,-0.0095577295869588,-0.0262449234724044,-0.0266373455524444,-0.0236620660871267,-0.0054491991177201,0.0041702603921294,-0.0176310148090124,-0.0117757506668567,-0.014278975315392,0.0017471692990511,0.0205794535577297,-0.0158129371702671,0.0077176429331302,-0.0022695627994835,-0.031410276889801,0.0009098695591092,0.0159307830035686,-0.0388520881533622,0.0060782697983086,-0.02393564209342,-0.0068834819830954,-0.0104112196713685,-0.0336909480392932,0.0167405717074871,0.0076291114091873,0.0028728779871016,0.0088476706296205,-0.0237019918859004,0.0179086085408926,-0.022728681564331,0.0226046442985534,0.0012528207153081,0.0179086048156023,-0.0315542221069335,-0.0197673738002777,-0.0072125690057873,-0.0037466350477188,0.0304560661315917,-0.0254747197031974,-0.0073456652462482,-0.0158036537468433,-0.0068381996825337,-0.0350201018154621,0.0032964625861495,-0.0135319922119379,0.0331405885517597,-0.0328951030969619,0.01078387722373,-0.0013159397058188,0.0185919590294361,-0.0048120068386197,0.0130766900256276,0.00468235835433,-0.0062388880178332,-0.0022695036605,0.0048942021094262,-0.0022695194929838,-0.004439203068614,0.0040719807147979,0.0242406763136386,0.0214454270899295,-0.0074162036180496,0.0186261441558599,0.0205999054014682,-0.0176310129463672,-0.0330065339803695,0.0587615296244621,-0.0009334655478596,-0.0150787560269236,-0.0101568168029189,-0.0111457211896777,-0.0040815584361553,-0.0111457258462905,-0.0263999793678522,0.0072205518372356,0.0067734904587268,-0.0158979073166847,0.0020964108407497,0.0156714972108602,0.0135242110118269,-0.0008142741862684,-0.0432032346725463,-0.0055402237921953,0.0017152328509837,-0.0117420740425586,0.0028728768229484,0.0113277696073055,-0.002344119362533,-0.0053009204566478,4.514021566137672e-05,0.0150768011808395,-0.0102298241108655,0.0068003670312464,0.0234000794589519,0.0331405885517597,0.0176019798964262,-0.030680289492011
3793,-0.0188178978860378,-0.0144093967974185,-0.0251266006380319,0.0177838988602161,-0.0178491380065679,0.0116298384964466,-0.0276490934193134,-0.0241179522126913,-0.0358446426689624,0.006351483054459,-0.0159537643194198,-0.0273574255406856,-0.0202898439019918,-0.0242681726813316,-0.0208226777613163,0.0200354885309934,-0.0117934523150324,-0.0167773570865392,-0.0145380934700369,-0.0257505103945732,-0.0167378224432468,-0.0130021506920456,-0.0413134321570396,-0.0069905901327729,0.0038835504092276,0.0404981970787048,-0.010940933600068,-0.0470912307500839,-0.0311003737151622,-0.0049518356099724,0.0414365269243717,0.0113767748698592,-0.0178491380065679,-0.0460004657506942,-0.0238960180431604,0.0032419979106634,-0.0109995501115918,-0.0460004657506942,-0.0286876931786537,-0.0010212175548076,-0.0237684976309537,-0.0121295219287276,0.0330695435404777,0.0021466864272952,-0.0139331761747598,-0.0194659456610679,-0.0049276640638709,-0.0257313400506973,0.0456860139966011,-0.0107877254486083,-0.0106482058763504,-0.0286252684891223,0.0080372039228677,0.0076364958658814,0.0605131313204765,-0.0098407864570617,-0.0159351043403148,0.0194341335445642,-0.0164205804467201,-0.0145380860194563,-0.031769786030054,-0.0145380944013595,-0.0343935340642929,-0.0126944994553923,0.0406487435102462,0.1119509860873222,0.0096429921686649,-0.0375923886895179,-0.046878270804882,-0.0273574218153953,0.0204250216484069,-0.0372754819691181,-0.0081135900691151,-0.0196423158049583,-0.0210945568978786,-0.020340884104371,0.0012840845156461,-0.0203408822417259,-0.0376205518841743,-0.004222753457725,-0.0039055154193192,-0.0051193521358072,0.0284646470099687,-0.0416023060679435,0.0238582622259855,-0.0155881270766258,-0.0763837173581123,-0.0055655250325798,-0.0208587255328893,0.0026586027815937,0.041436530649662,0.0137148555368185,-0.0072724241763353,-0.0192691292613744,-0.0004520660731941,-0.0181186012923717,-0.0146581456065177,-0.0092490892857313,0.0179808475077152,-0.0106482058763504,-0.010913947597146,-0.0359554290771484
3794,-0.0330742932856082,-0.0051081562414765,-0.0109898392111063,-0.0384750217199325,0.0034744436852633,0.0174269340932369,-0.0190376490354537,-0.025157406926155,-0.0403147339820861,-0.0285536311566829,-0.0192584358155727,0.0027512684464454,-0.0009282944374717,0.0047359676100313,-0.0009960578754544,0.0200611073523759,-0.033898651599884,-0.0109182260930538,-0.0272040162235498,-0.0243302639573812,-0.0299472417682409,-0.0023517217487096,-0.046797439455986,-0.0046802819706499,-0.0085938172414898,-0.0110114747658371,-0.0198105350136756,-0.0467931404709816,-0.0115400794893503,-0.0131331104785203,0.0319798476994037,-0.0083608534187078,0.0034744502045214,-0.0243438761681318,0.0042717866599559,-0.0001015057787299,-0.0109292101114988,-0.0243438817560672,-0.008016537874937,-0.0100863547995686,-0.0268823020160198,-0.006044159643352,0.0349885262548923,-0.0247663427144289,0.007778063416481,-0.0011601038277149,-0.0279067177325487,-0.0010236576199531,0.0351340696215629,-0.0276668071746826,0.0087422253564,-0.0178371332585811,0.0013976206537336,-0.0107217403128743,-0.0018062812741845,-0.0242605526000261,-0.0063897953368723,-0.0117055084556341,0.0042119491845369,-0.0272040180861949,-0.0200604330748319,-0.0272040180861949,-0.0265088267624378,-0.0303066279739141,-0.0065156160853803,-0.0063805095851421,-0.0378369987010955,-0.0149973426014184,-0.0305919405072927,0.0027512740343809,-0.0240765698254108,-0.0365374498069286,-0.0097960839048028,0.005966052878648,0.0004988675937056,-0.0008627331699244,-0.0329886674880981,-0.0008627707138657,-0.0517616346478462,-0.0026292004622519,-0.0179028660058975,0.0086171794682741,-0.0101776141673326,-0.0257976595312356,-0.0062371306121349,-0.0284509565681219,-0.0611543580889701,-0.0090398108586668,-0.0206119362264871,-0.0225445702672004,0.031979851424694,0.0059292297810316,-0.0121994484215974,-0.0293797403573989,-0.0209737494587898,-0.0085399728268384,-0.0164947658777236,-0.013680687174201,-0.0052687767893075,0.0087422253564,-0.0002210396341979,-0.0292383059859275
3795,-0.0081153763458132,0.0012456830590963,-0.0301259793341159,0.0448105558753013,-0.0047093839384615,0.0043132826685905,-0.0311959125101566,-0.0020635591354221,-0.0334273502230644,0.0099219027906656,0.012562932446599,-0.0154630159959197,-0.0107011161744594,-0.011037821881473,-0.0092527363449335,0.0169610530138015,0.0051504103466868,-0.0137973697856068,-0.0213403645902872,-0.0097013115882873,-0.0154576664790511,-0.0059253266081213,0.0084268236532807,0.0057708197273314,-0.0061181923374533,0.0158668905496597,0.0015233990270644,-0.0151490280404686,0.00188226881437,0.0183583088219165,0.0136521505191922,0.0022747535258531,-0.0047093830071389,-0.0336481407284736,-0.0149118145927786,-0.0087830368429422,-0.0011859998339787,-0.0336481407284736,-0.0323090553283691,0.0092994859442114,0.0044185193255543,0.0038547744043171,0.0279809851199388,-0.0266345888376235,0.0185053385794162,-0.0036505050957202,-0.0023944545537233,-0.0283761005848646,0.015230193734169,0.0002927075256593,-0.0085672447457909,-0.0406915582716465,-0.0093514379113912,0.0024165750946849,0.0075237406417727,-0.0049914526753127,-0.0049207992851734,-0.0066683860495686,0.0142473774030804,-0.0213403590023517,-0.0163108818233013,-0.021340362727642,-0.0234299432486295,0.0489899292588233,-0.0096799694001674,-0.0101707279682159,0.031574111431837,-0.0134008955210447,-0.05643842369318,-0.0154630178585648,-0.0256989523768425,-0.0661486089229583,-0.0142704751342535,-0.0080114845186471,-0.0117601742967963,0.0048742345534265,0.0178484506905078,0.0048742638900876,-0.0011548094917088,0.0064950380474328,-0.01970936357975,-0.0011181299341842,0.0116536049172282,-0.0390339717268943,0.0026945187710225,-0.0221965424716472,-0.0270460899919271,0.0055339182727038,0.0153294391930103,-0.0211415812373161,0.0136521495878696,0.0034057386219501,-0.0045478520914912,-0.0053418562747538,0.002381109399721,0.0217040162533521,-0.0142428101971745,0.0195300988852977,-0.0038037658669054,-0.0085672447457909,0.0164612997323274,-0.0246176924556493
3796,-0.0117903482168912,0.0117755960673093,-0.0297964792698621,0.0357698537409305,-0.0018688858253881,0.0196814686059951,-0.0307251717895269,-0.0033798648510128,-0.0381457656621933,-0.0040306155569851,-0.0050283139571547,-0.026970449835062,-0.00891007296741,-0.022243371233344,-0.0200261380523443,0.0515819862484931,0.0644543915987014,-0.0235106628388166,-0.0361546985805034,-0.0091163991019129,0.0127111738547682,-0.0125853596255183,-0.0041010342538356,0.0197818744927644,0.0050835460424423,0.0404611229896545,0.0213072542101144,-0.0236392300575971,0.0074996147304773,0.0120825571939349,0.0394963361322879,0.0112145124003291,-0.0018688872223719,-0.0144329695031046,-0.0054274178110063,0.0299044772982597,-0.0058420416899025,-0.0144330663606524,-0.0305113643407821,0.0160276666283607,0.0332697555422782,0.0120699545368552,0.0714225694537162,-0.0256389118731021,0.0326597318053245,-0.0023975209333002,-0.0020261488389223,-0.015931436792016,0.0432163551449775,0.0197842791676521,-0.0076801311224699,-0.0404389686882495,0.011402491480112,0.0274527128785848,0.0247357841581106,0.0115935392677783,-0.0054053557105362,0.0027475780807435,0.0264479480683803,-0.036154706031084,0.0199447404593229,-0.0361547097563743,0.0007881456986069,0.0036351028829813,0.0097455643117427,-0.0302056781947612,0.0115326652303338,-0.0011317940661683,-0.0332231931388378,-0.0269704554229974,-0.0279070511460304,-0.00525414198637,-0.0135011197999119,-0.0031501748599112,-0.0199050083756446,0.0129453325644135,0.0018504285253584,0.0129453614354133,0.0666419863700866,0.0205034706741571,0.0029198629781603,0.0080002937465906,0.029945446178317,-0.0252002812922,0.0293790102005004,-0.0377670750021934,-0.0476645529270172,0.0275049339979887,0.0378032848238945,-0.0105952266603708,0.0394963398575782,0.0328564867377281,0.0053013144060969,0.001834008609876,0.0007120575755834,0.0214953869581222,-0.006725852843374,0.0096348281949758,0.0304678380489349,-0.0076801311224699,0.0148129472509026,-0.0257424749433994
3797,-0.0011407971614971,-0.0013694460503757,0.0065613957121968,0.0146029815077781,-0.0020518251694738,0.0026797531172633,-0.0404071249067783,-0.0024445343296974,-0.0117306495085358,0.0068386197090148,0.0211584083735942,-0.0109700644388794,-0.0040268474258482,-0.0107748797163367,0.0018081655725836,0.0126181952655315,-0.0065633133053779,0.0096463644877076,-0.003152689198032,-0.0107525084167718,-0.0085333082824945,0.0091380300000309,-0.0268046427518129,0.0230348855257034,-0.013330103829503,0.0146167194470763,-0.0029764950741082,-0.0034132336732,0.0146390460431575,0.0264932699501514,0.0092446031048893,0.0169066339731216,-0.0020518288947641,-0.0051105935126543,-0.0051950681954622,0.0027957705315202,0.0198136679828166,-0.0051105236634612,0.0005347219412215,-0.0020806083921343,0.0032591675408184,0.0117664812132716,0.0134635707363486,-0.0046483548358082,-0.0005063010612502,-0.0100411372259259,-0.0025295852683484,-0.0016403383342549,0.0094356220215559,-0.0075489035807549,0.0009733730694279,0.0050544957630336,0.0042934329248964,0.0009616194292902,0.0202245917171239,0.0028950246050953,0.008438779041171,0.0068022888153791,-0.0014414152828976,-0.0031526917591691,0.003263774793595,-0.003152692457661,-0.0012153349816799,0.0401589311659336,0.0166606605052948,0.0401564501225948,0.0104993637651205,0.0034940312616527,-0.0058456561528146,-0.0109700616449117,0.0044795405119657,-0.0173187237232923,0.0134706581011414,-0.0057495501823723,-0.0046378336846828,-0.0046055391430854,0.0074992822483181,-0.0046055549755692,-0.0128985485062003,0.0188565198332071,0.0047909310087561,-0.0006847847253084,0.0167438052594661,-0.0059048063121736,0.0075618773698806,-0.0030897730030119,-0.0009369702311232,0.0017565918387845,0.0191592574119567,0.0079093351960182,0.0092446040362119,0.012060647830367,-7.574656046926975e-05,0.0021210184786468,0.0011334113078191,0.0354515761137008,-0.0053468057885766,0.0297068208456039,0.0083354506641626,0.0009733730694279,0.0339980870485305,-0.0098515953868627
3798,-0.0065249796025455,0.0001097838394343,0.002959104720503,-0.0126760769635438,-0.0166142024099826,-0.010342163965106,-0.0078808963298797,-0.0182779151946306,-0.0105381850153207,-0.0055784629657864,0.0065623535774648,0.0009908401407301,-0.0061322781257331,0.0023938710801303,0.0100668398663401,-0.0152254588901996,-0.0047112517058849,0.0119089661166071,-0.0437657758593559,-0.0202640015631914,-0.0330600775778293,0.0215810369700193,-0.0650699585676193,0.014013479463756,0.0030034054070711,-0.0118365976959466,-0.0219419710338115,-0.0305967479944229,-0.0168581698089838,0.0120512004941701,-0.0041080331429839,-0.0102376053109765,-0.0166142079979181,-0.0452853254973888,-0.0085288528352975,-0.0268484875559806,-0.001685329247266,-0.0452853292226791,-0.0010785984341055,-0.0059143044054508,0.0050447061657905,0.0090865949168801,-0.0197384655475616,0.0213868655264377,-0.0161967612802982,-0.002347391564399,0.0012119300663471,-0.006711546331644,-0.0041623646393418,-0.0250843930989503,0.0498861372470855,-0.0027384459972381,-0.0056313695386052,-0.0104297399520874,-0.0002027682494372,-0.0045296591706573,0.0193326976150274,-0.0088404044508934,-0.0181834977120161,-0.0437657721340656,-0.0006121838232502,-0.0437657684087753,-0.0067410110495984,0.0096576288342475,0.000633206567727,0.0105120819061994,-0.01081785839051,-0.0300864838063716,-0.0511796884238719,0.0009908254723995,0.0376208759844303,-0.0697541534900665,0.0003983447095379,-0.0109331151470541,-0.0015312858158722,-0.0213448647409677,-0.007081463932991,-0.0213448647409677,-0.0031907025258988,0.0102529833093285,-0.0109118893742561,-0.0134092476218938,-0.0117382798343896,-0.0482899472117424,-0.0061698886565864,-0.0446054488420486,-0.0447369515895843,-0.0123705510050058,0.0095747131854295,0.0150340339168906,-0.0041080322116613,-0.0053317351266741,-0.0041108792647719,-0.0077503914944827,0.0076581686735153,0.0150058669969439,-0.0168768558651208,0.0149643253535032,-0.0032193614169955,0.0498861372470855,0.014098254032433,-0.0243075508624315
3799,-0.0137385101988911,-0.0061217476613819,-0.0321413688361644,-0.0043977983295917,-0.004093874245882,-0.0150944804772734,-0.0367852263152599,-0.0211610309779644,-0.0187198035418987,-0.0213297344744205,-0.0061490992084145,-0.0152587881311774,-0.023225262761116,-0.0152413696050643,-0.017119800671935,0.0048666098155081,-0.0162050444632768,-0.021244553849101,-0.0247763805091381,-0.027128854766488,-0.0106695722788572,0.00926682818681,-0.0112028773874044,-0.0035648066550493,-0.0075126104056835,-0.0247174613177776,0.007403249386698,-0.0321395583450794,-0.0338881239295005,-0.0068583250977098,-0.0236262828111648,-0.0262001845985651,-0.0040938612073659,-0.0342767313122749,-0.0245457626879215,-0.0098993889987468,-0.0024851933121681,-0.0342767313122749,-0.0320292450487613,-0.0097697246819734,-0.0098928641527891,-0.0062969392165541,0.0098706549033522,0.0017751310952007,0.0396149307489395,-0.0099507719278335,-0.0064814635552465,-0.0272641889750957,-0.0245632864534854,0.0012150048278272,0.0224300771951675,-0.0411406122148036,-0.0182944424450397,-0.0102791395038366,-0.0062200059182941,-0.0152601702138781,0.0054034595377743,-0.009192582219839,0.0380151271820068,-0.0247763842344284,-0.0099414605647325,-0.0247763749212026,-0.0197758227586746,-0.0083160027861595,-0.0090189296752214,-0.0033531333319842,-0.0104890707880258,-0.0314977318048477,-0.021132718771696,-0.0152587899938225,0.01827023178339,-0.0549280047416687,-0.0295256804674863,-0.0253327935934066,-0.0177263990044593,0.0257082898169755,-0.0142405591905117,0.0257082879543304,-0.0199393332004547,-0.0061941375024616,-0.006883131340146,-0.0103071322664618,-0.0256464555859565,-0.0290839150547981,-0.0070661730132997,-0.0251821763813495,-0.0466576069593429,0.0202562902122735,-0.0124813457950949,0.006339534651488,-0.0236262865364551,0.005201750434935,-0.0058516701683402,-0.0167135931551456,-0.0027581290341913,-0.0169904567301273,-0.0135745462030172,-0.0068185133859515,-0.0094761336222291,0.0224300771951675,-0.0029522143304347,-0.0352781228721141
3800,0.0082676764577627,0.0064451452344655,0.0181659050285816,0.0061900378204882,0.0034856821876019,0.0012450844515115,0.0463197827339172,0.0027221750933676,-0.0054010599851608,0.0101480036973953,0.0206579193472862,-0.0008497674716636,-0.0040366766043007,0.0071969255805015,0.0090049542486667,-0.0171911716461181,0.0315243378281593,0.0164538640528917,-0.0124600287526845,0.0025448836386203,-0.0078435651957988,0.0468553192913532,0.0091923903673887,0.0121739776805043,0.0235165264457464,0.0047490573488175,-0.0011313373688608,-0.0092586055397987,-0.0014013212639838,0.009666652418673,-0.0023565501905977,-0.0032649328932166,0.0034856731072068,-0.0011827920097857,-0.0097273141145706,-0.0194433256983757,0.0289357416331768,-0.0011827885173261,0.0180797334760427,0.0106950774788856,0.032709214836359,0.0105884447693824,-0.0245360061526298,0.0119228204712271,0.0016559653449803,0.0097922692075371,0.010644257068634,-0.0001598079688847,-0.0062742009758949,-0.00073114677798,0.0658970922231674,0.0275899730622768,-0.0051881875842809,0.0042827576398849,-0.0004146787687204,0.0080899586901068,0.0452524051070213,-0.0022411560639739,0.0010008162353187,-0.0124600296840071,0.0066848094575107,-0.01246003434062,0.0002714602742344,-0.0059669977053999,-0.0010583875700831,-0.0135364728048443,0.0076387664303183,0.0011679665185511,0.0027125091291964,-0.000849763280712,0.0010545577388256,-0.032459519803524,0.0111560858786106,-0.0130891297012567,-0.0030089900828897,-0.0009795412188395,0.0079877525568008,-0.0009795440128073,0.0416175872087478,0.0099890353158116,-0.0120195019990205,0.0050326054915785,-0.0007227181922644,-0.0011913091875612,0.003484352491796,-0.0128854298964142,-0.0181111730635166,-0.0011567359324544,0.0212867110967636,-0.0029667932540178,-0.0023565455339848,-0.0124933486804366,0.0155115667730569,0.0030258502811193,0.0133149567991495,0.0096237249672412,-0.0062137087807059,0.0106770237907767,0.0030281527433544,0.0658970922231674,0.0171214789152145,-0.012505592778325
3801,-0.0147356512024998,-0.0135148186236619,-0.0251277536153793,0.0030535790137946,-0.000472116167657,-0.0009316026116721,-0.0294427778571844,-0.0065430300310254,-0.0190361272543668,-0.013507667928934,-0.0107073783874511,-0.0058360672555863,-0.0416533350944519,-0.0102523993700742,-0.0202670246362686,0.0029171667993068,0.0044900798238813,-0.0124910986050963,-0.0252632088959217,-0.0104187633842229,-0.0128008015453815,0.0093079963698983,-0.0121123008430004,-0.0045523941516876,-0.0032351561821997,-0.0217266157269477,0.0016712134238332,-0.0198616925626993,-0.0090433666482567,-0.0162564255297184,-0.0016950705321505,-0.0155692994594573,-0.0004721112200058,-0.0149198081344366,-0.0530920475721359,-0.007042340002954,0.0065287463366985,-0.0149198099970817,-0.0280539561063051,0.0025078118778765,0.0094207255169749,-0.0087094400078058,0.017011571675539,-0.0062064407393336,0.0163688156753778,-0.0137695353478193,-0.0116881756111979,-0.0446410551667213,-0.002098620403558,-0.0014811240835115,0.0080346586182713,-0.0218238495290279,-0.0325375795364379,-0.0154109569266438,-0.0068705952726304,-0.0122740063816308,0.0087450314313173,-0.0172585733234882,0.0130299562588334,-0.0252632051706314,-0.0065134894102811,-0.0252632033079862,-0.0129715790972113,-0.0254699848592281,-0.0129223950207233,0.0008212905377149,-0.0034457999281585,-0.0079505005851387,-0.0127257220447063,-0.0058360677212476,0.012019520625472,-0.054149929434061,-0.0159610658884048,-0.0488402619957923,-0.0084421634674072,0.004875867627561,-0.0072939824312925,0.0048758531920611,0.0051710689440369,-0.0098791234195232,-0.0135013684630393,-0.0003474000259302,-0.0207389090210199,-0.0154249537736177,-0.0149712618440389,-0.0258618406951427,-0.0284166298806667,0.008102104999125,0.0108465561643242,-0.0101587446406483,-0.0016950696008279,-0.0024259928613901,-0.0086322324350476,-0.0109457606449723,-0.0092257354408502,0.0067969746887683,-0.0228791870176792,-0.0126351946964859,-0.0190153885632753,0.0080346586182713,0.0182670466601848,-0.0171394608914852
3802,-0.0221866182982921,-0.0070666931569576,-0.0027610594406723,-0.0810005217790603,-0.0085658617317676,0.0045396671630442,-0.0357143729925155,-0.0276923719793558,-0.0306684076786041,-0.0325328856706619,-0.0199968591332435,0.0051512382924556,0.0123422462493181,0.0022644414566457,0.0009543327614665,0.0103582963347435,-0.0204405151307582,-0.000477825757116,-0.0260200276970863,-0.030837558209896,-0.0236489679664373,0.0005074257496744,-0.0308065004646778,0.0069811479188501,-0.0160163827240467,0.0174100380390882,-0.0106572303920984,-0.0420360565185546,0.0039764763787388,-0.0013051368296146,0.0182674881070852,0.0210398472845554,-0.0085658673197031,-0.0072456933557987,0.0157127827405929,-0.0154926981776952,-0.0090902484953403,-0.0072456919588148,-0.005934040993452,-0.0150937791913747,-0.0182806476950645,-0.0012006254401057,0.0115061327815055,-0.0106058707460761,-0.0173376053571701,-0.0084690619260072,-0.0148700783029198,3.979075700044632e-05,0.0202441159635782,-0.006283245049417,0.0077706510201096,-0.0094377920031547,0.0345628187060356,-0.0043432875536382,0.0105046154931187,-0.0139356553554534,-0.002361987484619,-0.0024086304474622,-0.0162843279540538,-0.026020023971796,-0.0084059378132224,-0.0260200258344411,-0.0160707551985979,-0.0373324751853942,0.0257027223706245,-0.0093002505600452,-0.0715733468532562,0.0003548326785676,-0.0155505156144499,0.0051512150093913,-0.008858754299581,-0.0921654850244522,0.0083440989255905,0.0232513844966888,0.0087380576878786,-0.0133659746497869,-0.0552459433674812,-0.0133659802377223,-0.0377870686352252,0.0112269641831517,-0.0128008788451552,-0.0032493532635271,0.0193376280367374,-0.0136713096871972,0.0154915358871221,-0.0265867821872234,-0.0575078129768371,-0.005188281647861,-0.0129539743065834,-0.0007915538153611,0.0182674899697303,0.0101733403280377,-0.0092984298244118,-0.0354239419102668,-0.0098932515829801,-0.0041383793577551,-0.0169166717678308,-0.0074822981841862,0.032565951347351,0.0077706510201096,0.0037296051159501,-0.0332467630505561
3803,-0.015853988006711,-0.008770671673119,-0.0005023519042879,0.0146605838090181,-0.0062882904894649,0.0091668795794248,-0.0237150564789772,-0.015524499118328,-0.0417401976883411,0.0080060735344886,-0.0275572016835212,-0.0216940026730299,-0.0130070280283689,-0.0144367087632417,-0.0066960724070668,0.0245434530079364,-0.0112237902358174,-0.0029225514736026,-0.0300256460905075,-0.0188509710133075,-0.0227584578096866,-0.0171873774379491,-0.0178956370800733,-0.000856228522025,-0.0013295009266585,0.029522132128477,-0.0066332840360701,-0.0313977785408496,-0.0122320763766765,-0.0122584318742156,0.0255394540727138,0.0111096268519759,-0.0062882807105779,-0.0151920765638351,-0.0048334947787225,-0.0022056996822357,-0.0173493903130292,-0.0151920672506093,-0.0031774991657584,-0.001027057878673,-0.0177524611353874,-0.0070638009347021,0.0404114201664924,-0.010352686047554,0.0149592235684394,-0.0105486987158656,-0.0088587794452905,-0.0011919909156858,0.0292166657745838,-0.010192128829658,-0.0221705809235572,-0.0090457145124673,-0.0027407149318605,0.0031502335332334,0.0059342859312891,-0.0027134758420288,-0.0177278257906436,-0.0022174646146595,0.0135399037972092,-0.0300256423652172,-0.0142418183386325,-0.0300256460905075,-0.0205357931554317,-0.0390355698764324,0.0022665583528578,-0.0334984622895717,0.0072503271512687,-0.0114486571401357,-0.0182271674275398,-0.0216940008103847,0.0030559133738279,-0.0686552375555038,0.0043701063841581,-0.0119047239422798,-0.0148647334426641,0.0059120673686265,0.0019910240080207,0.0059120040386915,-0.0253735482692718,-0.0029130792245268,-0.0166930705308914,-0.0007765187183395,0.0240028500556945,-0.0175654347985982,0.0178212281316518,-0.0319069474935531,-0.0480978228151798,0.0025340933352708,-0.0163758546113967,-0.0118385041132569,0.0255394503474235,0.011652504093945,-0.0077168811112642,-0.01202611066401,-0.0044071329757571,-0.0164810437709093,-0.0131475515663623,-0.0158044304698705,0.0181044861674308,-0.0221705809235572,-0.0096687711775302,-0.02825678139925
3804,-0.0195108242332935,-0.1432466059923172,0.0022799344733357,-0.0026379320770502,0.0043482785113155,0.0017139133997261,-0.0299981106072664,-0.019887339323759,-0.0368824005126953,-0.0072038327343761,0.0002822689712047,-0.0301078539341688,-0.0236960723996162,-0.0264073051512241,-0.0094614466652274,0.011968370527029,0.0091992868110537,0.0063607189804315,-0.0274062417447567,-0.024213595315814,-0.0036202436313033,0.0090971384197473,-0.0078103747218847,-0.1067178547382354,-0.0068902438506484,-0.0082502961158752,0.0094365254044532,-0.0330424457788467,-0.0045888093300163,-0.0285527240484952,0.001562038087286,0.0139120733365416,0.0043483031913638,0.0101569006219506,-0.0264988094568252,-0.0040933499112725,-0.0048190956003963,0.0101569835096597,-0.0087596550583839,-0.0109354108572006,0.0041838083416223,-0.126848965883255,0.0186674259603023,0.0103527447208762,0.0106373243033885,-0.1222588941454887,-0.015568939037621,-0.018770920112729,0.0014525735750794,0.0073913726955652,0.0299218688160181,0.0020884238183498,-0.0120889255777001,-0.0051167402416467,0.0111170886084437,-0.0174717921763658,0.0065767392516136,-0.00874500349164,0.0092699248343706,-0.0274062491953372,-0.0180229991674423,-0.0274062454700469,-0.0218950398266315,0.0097241764888167,0.0035254647955298,0.0126380557194352,-0.0036611780524253,0.001756215468049,0.0280301515012979,-0.0301078539341688,0.0295144878327846,-0.0464824214577674,0.0130718210712075,-0.0268410891294479,-0.0194741673767566,0.0046568745747208,-0.0048559103161096,0.0046568731777369,0.0015807799063622,-0.1054108813405036,0.0012124022468924,0.0018444566521793,0.0025017978623509,0.0089367590844631,0.0008667937945574,-0.0281279236078262,-0.0416117943823337,0.0145955458283424,0.0047976244240999,0.0134928207844495,0.0015620392514392,0.0095023550093173,-0.0073779337108135,-0.0158194545656442,-0.0092934733256697,0.001933796564117,-0.0235268622636795,-0.0492883771657943,4.518486093729734e-06,0.0299218688160181,0.0031867106445133,-0.029541403055191
3805,-0.0196471139788627,-0.0172859858721494,-0.0160232055932283,0.0195872820913791,-0.0251894444227218,0.0047611389309167,-0.0310222879052162,-0.0146804302930831,-0.0231164395809173,0.0043501215986907,-0.0043428326025605,-0.0177681930363178,-0.0275939665734767,-0.0194077435880899,-0.0188982933759689,-0.0100596621632575,0.0048151584342122,-0.0181972291320562,-0.0120040522888302,-0.0206888318061828,0.0054872874170541,-0.0001126699498854,-0.0049326070584356,-0.0042762039229273,-0.0216068420559167,-0.0058291456662118,-0.0005753538571298,-0.0195555929094553,-0.0055526373907923,-0.0046914033591747,0.0351502001285553,-0.0164735000580549,-0.0251894481480121,-0.0362761281430721,-0.0287463720887899,0.0029571233317255,-0.0032172971405088,-0.0362761281430721,-0.0146562550216913,-0.0143150351941585,0.0034636873751878,-0.0105981212109327,-0.0011188858188688,-0.0291882883757352,-0.0018860113341361,-0.0201552733778953,-0.0212245397269725,-0.0220074653625488,0.0380551628768444,-0.0044217333197593,0.0046421876177191,-0.012267243117094,-0.011887521483004,0.0051797991618514,0.0225938148796558,0.0004490116552915,-0.0004111470188945,-0.0004893830046057,-0.0043095257133245,-0.0120040494948625,0.0101484078913927,-0.0120040494948625,-0.002664886880666,0.0001133196055889,0.0052050398662686,0.0156565867364406,0.0135488389059901,-0.0196449346840381,-0.0490529537200927,-0.0177681930363178,-0.0268507953733205,0.0523628666996955,-0.0150033999234437,-0.0310285910964012,-0.0197918638586998,-0.0147184319794178,0.009918157942593,-0.0147184431552886,-0.0070087690837681,-0.0052546262741088,-0.0086894333362579,-0.0115587757900357,-0.0132464608177542,-0.0370513945817947,0.0118716871365904,-0.0126431211829185,-0.0182090532034635,-0.0017854798352345,0.0124315274879336,-0.0244113989174366,0.0351502001285553,-0.0161598790436983,-0.0027158283628523,0.0022182797547429,-0.0173245724290609,0.0198734793812036,-0.0150769418105483,-0.0029833908192813,0.0071671535260975,0.0046421876177191,0.0175191611051559,-0.0246264971792697
3806,-0.0053650992922484,-0.0161670260131359,-0.0050414842553436,-0.0428917557001113,-0.0096087288111448,0.0048803472891449,-0.0255871806293725,0.001197523670271,-0.0187971591949462,-0.0083165317773818,0.0246594287455081,0.0194954313337802,0.0116413487121462,0.0126722641289234,-0.0021123555488884,-0.0161392856389284,-0.0259524043649435,-0.0140954414382576,0.0023479012306779,-0.0069593181833624,-0.0090814195573329,0.0160295665264129,-0.0580135099589824,-0.001131574390456,-0.0135201914235949,0.0314631834626197,-0.0024923693854361,-0.0005264551145955,-0.0079953903332352,0.0115504562854766,0.0194885171949863,0.0006246222183108,-0.0096087353304028,-0.0177733991295099,0.0130698708817362,-0.0111628845334053,0.0159313268959522,-0.0177734307944774,0.0043585272505879,0.0023473473265767,-0.0183985717594623,-0.0075395931489765,-0.0069902623072266,-0.0317771434783935,0.0258579030632972,-0.0083260787650942,-0.0055466867052018,0.0072381235659122,0.0212539490312337,-0.0113274604082107,0.0176948849111795,0.0022255091462284,0.0331410318613052,-0.0133818387985229,-0.0094270901754498,0.0034867948852479,0.0109534058719873,-0.0076872454956173,0.0252088997513055,0.0023479051887989,0.0052874437533319,0.0023479035589843,-0.0055631520226597,0.0480481497943401,0.020881313830614,-0.0133013296872377,-0.0364608094096183,-0.0082560162991285,-0.0325086414813995,0.019495453685522,-0.0309183299541473,-0.0071417838335037,-0.0048132347874343,0.0173042621463537,0.0101061351597309,0.014488598331809,-0.0249344483017921,0.0144885974004864,-0.0301165506243705,0.0071620875969529,-0.0205393824726343,-0.0032373627182096,0.0117493737488985,-0.0203037317842245,-0.0012753489427268,0.0028903763741254,0.0025203640107065,0.0142035437747836,-0.0231801010668277,-0.0328881368041038,0.0194885171949863,-0.0243705827742815,-0.0071929572150111,-0.0149577325209975,-0.0030280372593551,-0.0254346765577793,-0.0118769314140081,0.0138251408934593,0.0240203626453876,0.0176948849111795,-0.0072946762666106,-0.0221238955855369
3807,-0.0070857051759958,-0.0015542254550382,0.0041508553549647,-0.0241488069295883,-0.0027949472423642,-0.0001050441060215,-0.0175341852009296,-0.0217384956777095,-0.0306412801146507,0.0044849710538983,-0.0126783363521099,0.0098740775138139,0.0074814362451434,0.012796550989151,0.0058697960339486,-0.0095571745187044,-0.0186795331537723,-0.0006495143752545,-0.0160450171679258,-0.027799779549241,0.0105041060596704,0.0144964810460805,-0.0003196783363819,0.0072300005704164,-0.025172933936119,0.0213450379669666,0.00341396802105,-0.0218329578638076,-0.0089350678026676,-0.0067646764218807,0.0040636453777551,0.0015783351846039,-0.0027949616778641,-0.0322946012020111,0.0071794427931308,0.0015735982451587,-0.002215779852122,-0.0322946012020111,0.0086170136928558,-0.0189924091100692,-0.00718007190153,0.0030663213692605,-0.0053024631924927,-0.0295025426894426,0.0119094001129269,0.0038183135911822,-0.004224557429552,0.0041339602321386,0.0042853872291743,0.001390153192915,0.0308782681822776,0.0093648759648203,0.03579568490386,-0.0176996849477291,-0.0212208367884159,0.0089762285351753,0.011743064969778,-0.0111197177320718,0.015242445282638,-0.0160450208932161,0.0120231639593839,-0.0160450190305709,-0.0003064859192818,-0.0383772142231464,0.0227224342525005,-0.0127701768651604,-0.0190500933676958,-0.0161517038941383,-0.056627407670021,0.0098740579560399,-0.0363949164748191,0.0463595688343048,0.0040500098839402,0.0102996435016393,0.0047694761306047,0.0147483916953206,-0.0088542848825454,0.0147483954206109,-0.0147284194827079,0.0140149779617786,-0.0065413718111813,-0.0022928221151232,0.0089460620656609,-0.0391973443329334,-0.0091897761449217,-0.0150925563648343,-0.0258424375206232,0.006929138675332,-0.0122798588126897,-0.0262071676552295,0.0040636463090777,-0.0179366879165172,-0.00621984526515,-0.0058628283441066,-0.0002203757176175,-0.0114074302837252,-0.0123987384140491,-0.0092617832124233,0.0215860605239868,0.0308782681822776,-0.0028185653500258,-0.0349694713950157
3808,-0.0009672697633504,0.0081984316930174,0.0019998177886009,-0.0049641318619251,-0.002578483428806,0.0126208458095788,-0.0178089085966348,0.0030045160092413,-0.0311228930950164,0.0044113411568105,0.0107653122395277,-0.0054863989353179,-0.0180755034089088,-0.0017474896740168,-0.0107940463349223,0.0278514251112937,-0.0525232143700122,-0.0012109908275306,-0.0356427989900112,-0.0069781900383532,0.0162316597998142,0.0116973258554935,-0.0033531729131937,0.0177903771400451,-0.004826842341572,0.0379576161503791,0.0105717750266194,0.0139473648741841,-0.0049549136310815,0.0188445821404457,0.0277185011655092,0.027832418680191,-0.0025784813333302,-0.0280103329569101,-0.018786558881402,0.0271922573447227,0.0115945553407073,-0.0280103329569101,0.0001841597259044,-0.0071171224117279,-0.0317613370716571,0.0141724506393074,0.0357129648327827,0.014917192980647,0.0100010391324758,0.0017723974306136,-0.005821868777275,-0.0077080652117729,0.0290468819439411,0.0093790516257286,0.0091223279014229,0.0062065403908491,0.013692794367671,-0.0227708350867033,-0.0189041793346405,0.0132450070232152,0.0059140203520655,-0.0073967049829661,0.0098323225975036,-0.0356428027153015,0.0153862619772553,-0.0356428027153015,-0.0003972575068473,0.0199083797633647,0.0160564333200454,0.0088782608509063,-0.0070860739797353,-0.0109182018786668,-0.0484325066208839,-0.0054863858968019,0.0256691463291645,0.0456593781709671,0.0157495029270648,-0.0185363087803125,0.0002162508608307,0.0061387694440782,-0.003469179617241,0.0061387731693685,-0.0582619495689868,0.0205953624099493,0.0247622095048427,0.0044549033045768,0.0330469906330108,-0.0374772250652313,-0.0127243176102638,-0.0360118709504604,0.0304484199732542,0.0123554384335875,-0.0310490112751722,0.0234233140945434,0.027718499302864,0.0258335750550031,-0.0094890519976615,-0.0018434334779158,-0.0063508325256407,-0.0245600380003452,-0.0099428659304976,0.0160836484283208,0.0080750863999128,0.0091223279014229,-0.0018731472082436,-0.0278754830360412
3809,0.0191948283463716,0.0374276265501976,0.040270559489727,0.0393529832363128,0.0312157627195119,0.0181704927235841,0.0131059829145669,0.0015764494892209,-0.0079122427850961,0.0230785645544528,0.0117349475622177,0.0191508829593658,0.0311294756829738,0.0366603024303913,0.0396088771522045,-0.0141504863277077,-0.0023546686861664,0.0371904000639915,0.0004594870842993,-0.0069721732288599,0.0107330922037363,0.0441549234092235,0.0206135995686054,0.0281501449644565,-0.0002071934286504,0.0096730403602123,0.0112628582864999,-0.0036683119833469,0.0165041461586952,0.0166630186140537,0.0049911839887499,0.0082519305869936,0.0312157608568668,-0.0158090777695179,0.0281631536781787,-0.0115395644679665,0.0153188034892082,-0.0158090777695179,0.043606374412775,0.0044021676294505,0.0127030704170465,0.0328487679362297,-0.0334834642708301,-0.012359969317913,0.0100587671622633,0.0445187613368034,0.0188676454126834,0.0393992699682712,0.0015943422913551,0.0132312253117561,0.0811108499765396,0.0473288483917713,0.0170957818627357,-0.0082586724311113,-0.0145550454035401,0.0024149948731064,0.0401987209916114,-0.0060431859456002,0.011858670040965,0.0004594952333718,-0.0126382382586598,0.0004594990168698,-0.0124175213277339,-0.0132719296962022,0.005495733115822,-0.0108130145817995,0.0363905392587184,0.0025806636549532,-0.0407159700989723,0.0191508792340755,-0.0276625417172908,-0.0003127017989754,0.0265754386782646,0.0277915094047784,0.0147725185379385,0.0187846757471561,0.0282917395234107,0.0187846757471561,0.0019226777367293,0.0296031720936298,-0.0032247460912913,0.0265147313475608,0.0055482136085629,-0.0231700651347637,-0.0088899563997983,0.0012812335044145,-0.0058155208826065,0.0104851713404059,0.013194783590734,-0.0095652798190712,0.004991153255105,-0.0136407827958464,0.0067650256678462,0.0050453287549316,0.0254430845379829,0.0202512554824352,-0.0025421150494366,0.0163177940994501,0.0037089739926159,0.0811108499765396,0.0213559344410896,-0.0129187349230051
3810,-0.0061902897432446,-0.0058409972116351,-0.0083779925480484,0.0036959808785468,0.0036641166079789,0.0183669254183769,-0.0252382531762123,0.0023793471045792,-0.0273049436509609,0.0057256435975432,-0.0231503136456012,0.010095621459186,-0.0090518230572342,0.0088746361434459,0.0040518371388316,0.0190005227923393,-0.0285365283489227,0.0072915330529212,-0.0011040844256058,-0.0077397325076162,-0.0334691256284713,-0.0067257676273584,-0.1648241579532623,-0.0011346223764121,-0.0047485455870628,0.0678572282195091,-0.028855837881565,0.0024928729981184,-0.012969946488738,-0.0064227059483528,0.0333855673670768,0.0486207604408264,0.0036641014739871,-0.0155032705515623,-0.0129465069621801,0.0045317937619984,0.0004355711862444,-0.0155032007023692,-0.0129741989076137,0.0011801882646977,-0.0294342078268528,-0.0051299361512064,0.0353399775922298,0.0001026568934321,0.0049115847796201,-9.890785440802574e-05,-0.0057835043407976,-0.0198811329901218,0.0361821576952934,-0.0376949496567249,0.0115450099110603,-0.0186602137982845,0.0055642328225076,-0.0012363428249955,0.0069723147898912,0.0106573570519685,-0.0153433103114366,-0.0070785665884613,0.0046673035249114,-0.0011040807003155,0.0010414991993457,-0.0011040773242712,-0.0144485654309391,-0.0135116167366504,0.0045416634529829,-0.0123885311186313,-0.0023796916939318,-0.0096593471243977,-0.0196000449359416,0.0100956428796052,0.0178247466683387,-0.0305258110165596,0.0202612243592739,-0.0082430057227611,0.019261434674263,0.006280651781708,-0.0049664983525872,0.0062806559726595,-0.0549579635262489,0.0012359048705548,-0.0003904243931174,0.0095018558204174,0.0640183463692665,-0.0151920579373836,0.0109661677852272,-0.0012499138247221,0.0064387321472167,0.0067198970355093,-0.0231121964752674,0.0017353100702166,0.0333855636417865,0.0097819659858942,-0.0150534724816679,-0.0093955937772989,-0.0062898732721805,-0.0261713601648807,-0.0261630490422248,-0.0072489716112613,0.0140579240396618,0.0115450099110603,-0.0061830906197428,-0.0347917154431343
3811,-0.0237977169454097,-0.0136563619598746,-0.0291325375437736,0.015726450830698,-0.0009156302548944,0.0159234385937452,-0.0274801515042781,-0.0066006304696202,-0.0356381572782993,0.0045311404392123,-0.0105906520038843,-0.0161402933299541,-0.0209959000349044,-0.0184332896023988,-0.0262187011539936,0.0328193679451942,-0.0313960202038288,-0.0169779360294342,-0.0130753917619585,-0.0121131744235754,0.0191555619239807,0.003321454161778,-0.0076755620539188,0.0058554457500576,-0.0047558918595314,0.0738697052001953,0.0118982447311282,-0.0160420835018157,-0.0228335633873939,0.0059670535847544,0.034000925719738,0.0452683307230472,-0.0009156330488622,-0.0372617170214653,-0.0283332876861095,0.0345438607037067,-0.0162594821304082,-0.0372617207467556,-0.0345229879021644,-0.0044000041671097,-0.0341856852173805,-0.0023959903046488,0.0438916832208633,-0.004233930259943,0.0317926481366157,-0.0236898306757211,-0.0258028730750083,-0.0296628177165985,0.0375043600797653,0.0079030292108654,0.0277850814163684,-0.0314772203564643,-0.000553298741579,0.0060652527026832,0.0275861360132694,0.0021898546256124,-0.0027252091094851,0.0063390228897333,0.0324314199388027,-0.0130753926932811,-0.0044036111794412,-0.0130753871053457,-0.0174043383449316,-0.0103792008012533,0.0115772392600774,0.0201417692005634,0.004576307721436,-0.0297531094402074,-0.0396501794457435,-0.0161402132362127,-3.966991789638996e-05,0.0752481073141098,0.0049759605899453,-0.018672427162528,-0.0041625420562922,0.0252041723579168,-0.0028671785257756,0.0252041742205619,-0.0591399371623992,0.0074140084907412,0.0221004113554954,0.0052114375866949,0.0641386285424232,-0.0340319462120533,0.0161353982985019,-0.0142937880009412,-0.0121988728642463,0.0209656916558742,-0.0327421650290489,0.0103478105738759,0.034000925719738,0.0265146344900131,-0.0031307265162467,-0.009944848716259,-0.0210535787045955,-0.0224691964685916,-0.0082132015377283,0.0037992193829268,0.0141135351732373,0.0277850814163684,-0.0145554598420858,-0.0253099184483289
3812,-0.0110825551673769,-0.0013964627869427,-0.0241178423166275,0.0415186174213886,-0.016772624105215,0.0190520677715539,-0.0278870556503534,-0.0084823500365018,-0.0425844267010688,0.0163799151778221,-0.0207378976047039,-0.0152544267475605,-0.0085525400936603,-0.0111586637794971,-0.0197330769151449,0.0157727263867855,-0.0060228682123124,-0.0277819242328405,-0.016418170183897,-0.0165581200271844,2.6639550924301147e-05,0.0030444213189184,-0.0094679780304431,0.0052673574537038,-0.0185238476842641,0.0325977019965648,0.0082256477326154,-0.0139650683850049,-0.0051460014656186,-0.0118170073255896,0.0571121200919151,-0.0011005504056811,-0.016772624105215,-0.0036905519664287,-0.0099574150517582,0.0002915372606366,0.0056095942854881,-0.0036905445158481,-0.0172993224114179,-0.0045162993483245,-0.0089878840371966,0.0009802646236494,0.0277620423585176,-0.0375654250383377,0.0281255841255188,-0.0060254768468439,-0.0078241704031825,-0.011402016505599,0.062425673007965,0.0109499963000416,-0.0096592120826244,-0.0185874588787555,0.014268709346652,0.0170900058001279,0.0237232334911823,0.0021903393790125,0.0003011487424373,0.0119580030441284,0.031996015459299,-0.0164181720465421,-0.0079708583652973,-0.0164181739091873,-0.0179833322763443,-0.0424612574279308,0.0172006078064441,0.0017531365156173,0.0293711274862289,0.0020513974595814,-0.0093704462051391,-0.0152544230222702,-0.0446875914931297,-0.0332782976329326,-0.0158238746225833,-0.0039027128368616,-0.0169491432607173,0.0249113105237483,0.0196992810815572,0.0249113533645868,-0.0203437767922878,0.0091656148433685,-0.017777819186449,-0.0022284211590886,0.0135377859696745,-0.0077095939777791,0.0248542055487632,-0.0169042721390724,-0.018277883529663,0.0224204752594232,-0.0153975207358598,-0.0295664519071578,0.0571121126413345,0.0015245201066136,0.0109845772385597,-0.0020057265646755,-0.0037717735394835,-0.0249798819422721,0.0018295273184776,-0.0119832931086421,0.0284030176699161,-0.0096592120826244,0.0016865357756614,-0.030183894559741
3813,0.0030921208672225,0.0025787760969251,-0.0089003760367631,0.0197006687521934,0.0037854907568544,0.0216793678700923,-0.0254181586205959,0.011123988777399,-0.041783183813095,0.0075022364035248,0.0144066317006945,-0.008672690950334,-0.0333978757262229,-0.0039879772812128,-0.0217870194464921,0.0115493852645158,0.0017669077496975,-0.0158589575439691,-0.0238722804933786,-0.0013558000791817,0.0058581284247338,-0.0057712895795702,-0.0705353468656539,0.0150081468746066,-0.0188779793679714,0.0270594079047441,0.0045192376710474,0.0248596854507923,-0.0030034477822482,0.0225258152931928,0.0389100760221481,0.018081646412611,0.0037854954134672,-0.0098500028252601,-0.0281657855957746,0.0103116482496261,0.0137636186555027,-0.0098500018939375,-0.0052998382598161,0.0013496612664312,-0.0024194060824811,0.0049209473654627,0.026959815993905,-0.0402220860123634,-0.0071082524955272,-0.0017986858729273,-0.0004511224105954,-0.012113619595766,0.0424410551786422,0.0023766816593706,-0.0312947034835815,-0.0091241933405399,-0.0154641773551702,0.0096373073756694,0.0403033420443534,0.0234376154839992,-0.0059509263373911,0.0156802013516426,-0.0099455825984478,-0.0238722879439592,0.0366796255111694,-0.023872286081314,0.0124315433204174,0.0453343391418457,0.0158567354083061,0.0842116624116897,0.0118111735209822,-0.0002597153652459,-0.0209394618868827,-0.0086727114394307,-0.0514620244503021,0.0141477193683385,0.0007730177603662,-0.0367261320352554,-0.0060678021982312,-0.0110664051026105,0.0110181458294391,-0.0110663883388042,-0.0065877782180905,0.0070227291435003,-0.0095258029177784,0.0113520165905356,0.0195059217512607,-0.0171104073524475,0.0127993412315845,-0.0247909910976886,0.0370583571493625,0.0143223758786916,-0.0060529578477144,-0.0338649302721023,0.0389100685715675,-0.0043841670267283,0.0045999153517186,0.0119696948677301,-0.0060466094873845,-0.016768055036664,-0.0037049525417387,0.0228236056864261,-0.0005076830275356,-0.0312947034835815,0.0028311177156865,-0.0296112261712551
3814,-0.0247606113553047,-0.0191396921873092,-0.0103685604408383,-0.0096845654770731,-0.0034605055116117,-0.0009535775752738,-0.0402937084436416,-0.0260529071092605,-0.0178173780441284,0.0060899639502167,0.0059613455086946,-0.0066341697238385,-0.0384496338665485,-0.0172133427113294,-0.0288828276097774,0.0147901605814695,-0.0135360760614275,-0.0178024675697088,-0.0033858639653772,-0.0301445387303829,-0.0022466639056801,0.0048984079621732,-0.0465950556099414,0.0036749157588928,-0.0102678053081035,0.0345362946391105,-0.0079936860129237,-0.0370725356042385,-0.016846090555191,0.0043042134493589,0.0036572581157088,0.0154435243457555,-0.0034604861866682,-0.0103714317083358,-0.0352663248777389,0.0198319479823112,0.0043162698857486,-0.0103714317083358,-0.0111287105828523,-0.0184127520769834,-0.0145262163132429,-0.0062974141910672,0.0244583804160356,0.0166906807571649,0.0083234049379825,-0.0246083922684192,-0.0199731439352035,-0.0207227673381567,0.0038503240793943,-0.0144724315032362,0.000813887338154,-0.0073083871975541,-0.0348564162850379,0.0001526972628198,0.0157768055796623,-0.0014030679594725,0.0025227628648281,0.0019377602729946,0.008942162618041,-0.0033858614042401,-0.0060587520711123,-0.0033858651295304,-0.0131589639931917,0.0133445160463452,-0.0116007514297962,0.0219184625893831,-0.009170931763947,-0.0099767744541168,-0.0053304792381823,-0.0066341627389192,0.0450537912547588,0.0476709753274917,0.0012393876677379,-0.0414784476161003,-0.0029185148887336,0.0065053831785917,-0.006337197497487,0.006505390163511,-0.0246387608349323,-0.0052610803395509,0.0222559086978435,-0.0033456468954682,0.0270239021629095,-0.0060385479591786,0.0026043911930173,-0.0034972745925188,-0.0457070879638195,0.0026109996251761,-0.0178861189633607,0.0252263881266117,0.0036572623066604,0.0157821681350469,-0.0007364672492258,-0.0122983083128929,-0.016298871487379,-0.0176432374864816,-0.006643998902291,0.0071562035009264,-0.0156259704381227,0.000813887338154,-0.0038975263014435,-0.0351597033441066
3815,0.0025527053512632,0.0081013720482587,-0.0136327594518661,0.0077717201784253,-0.0127640068531036,2.800906077027321e-05,-0.0329884216189384,0.0082478011026978,-0.0417292974889278,0.0022550416179001,0.0027608997188508,-0.0335414484143257,-0.0244505405426025,-0.0252358540892601,-0.0220555905252695,0.0536750443279743,0.0108555257320404,-0.0043023778125643,-0.0275701191276311,-0.0038640953134745,0.0182046741247177,0.0167384222149848,-0.0094189550727605,0.0341165922582149,-0.0206257570534944,0.045655895024538,0.0225901380181312,0.0138453803956508,-0.0188736300915479,0.0198135580867528,0.0151369664818048,0.0468631610274314,-0.0127640040591359,0.0052522802725434,-0.0282575897872447,0.0358910523355007,0.0170760173350572,0.0052521959878504,-0.0232241656631231,0.0093947285786271,-0.0006719001103192,0.0155884902924299,0.0728982836008071,-0.0554778240621089,0.0344356261193752,-0.0106570199131965,0.004492649808526,-0.0190910063683986,0.0162388365715742,0.019428975880146,0.0101951425895094,-0.0177535992115736,0.0045337518677115,0.0284883677959442,0.0427586883306503,0.0144148478284478,0.0126383770257234,0.0219383183866739,0.0319507010281086,-0.0275701284408569,0.0166781656444072,-0.0275701265782117,-0.0025957240723073,-0.0002109054476022,0.0248530246317386,0.0200410149991512,0.0004364890046417,0.0013092278968542,0.0162751302123069,-0.0335414484143257,-0.0767058506608009,0.0202750228345394,0.0140280928462743,-0.0230713728815317,-0.0173800531774759,0.0186183042824268,-0.0011080835247412,0.018618332222104,-0.0060027251020073,0.0233716182410717,0.0011536848032847,-0.0079881511628627,0.0469575077295303,0.0046125431545078,0.041102360934019,-0.0284562446177005,0.0095556434243917,0.0317329205572605,-0.0153603153303265,-0.0303319972008466,0.0151369776576757,0.0284751486033201,0.0196261312812566,-0.00212516146712,0.0020667328499257,-0.0338227003812789,0.0040088258683681,0.0215830188244581,0.0350823551416397,0.0101951425895094,-0.0028536394238471,-0.0256221015006303
3816,-0.0043932842090725,-0.0173594169318676,-0.0155742820352315,-0.0263101514428854,-0.0099693071097135,-0.0069990875199437,-0.0209284257143735,-0.0031393126118928,-0.0351647287607193,-0.0123553164303302,-0.0110614020377397,-0.013900713995099,-0.0150827215984463,-0.0126279350370168,-0.0162173192948102,0.0189923848956823,-0.0122724035754799,-0.0122003331780433,-0.0012515856651589,-0.0116750113666057,0.0111679825931787,-0.0024275300092995,-0.0013031531125307,-0.0065931836143136,0.0019334661774337,0.0275370888411998,-0.0025249188765883,-0.0051455912180244,-0.0265340916812419,-0.0064545050263404,-0.0025477237068116,0.0137370210140943,-0.0099693071097135,-0.023286897689104,-0.0204999223351478,0.028940450400114,-0.0101426467299461,-0.0232868939638137,-0.017591543495655,-0.0015421072021126,-0.0178548283874988,-0.0125974789261817,0.0319545790553092,0.0217726211994886,0.0022828301880508,-0.0180943310260772,-0.0023150769993662,-0.0238478500396013,-0.0028960437048226,-0.0055764755234122,0.0035822400823235,-0.0116821900010108,0.0179869160056114,0.0124969109892845,0.0151260495185852,0.0027679190970957,-0.005786548834294,0.0089656161144375,0.0032510142773389,-0.0012515827547758,0.0041773160919547,-0.0012515906710177,-0.010589376091957,-0.0112220328301191,0.0199960265308618,-0.0150699652731418,-0.0266722105443477,-0.0230238623917102,-0.0180610679090023,-0.0139007102698087,0.0439958199858665,0.0885849595069885,0.0005083527648821,-0.0127746630460023,-0.0096413297578692,0.0005700950277969,-0.0223255790770053,0.0005700996844097,-0.0241990722715854,-0.0006255083717405,0.0273431800305843,-0.009040537290275,0.0208798758685588,-0.0188125073909759,0.0248881876468658,-0.001181942760013,-0.0067320298403501,-0.0019642347469925,-0.0245018117129802,0.0244715586304664,-0.0025477237068116,0.0178089216351509,0.0036437725648283,-0.0152760175988078,-0.0011804172536358,-0.0317631810903549,-0.0007367706857621,-0.0075048166327178,0.0358536913990974,0.0035822400823235,-0.0183033291250467,-0.0310956500470638
3817,-0.00425261631608,0.0060558980330824,-0.0105199506506323,0.0091705312952399,0.0087243039160966,0.0111010624095797,-0.0242325402796268,0.003201367566362,-0.0355233252048492,0.007429112214595,0.0286357495933771,-0.0058694682084023,-0.0114522734656929,-0.0012602924834936,-0.0082949567586183,0.0069561088457703,-0.0209475941956043,-0.0079395333305001,-0.0066542415879666,-0.0071086501702666,0.017327407374978,0.0089453421533107,-0.0055027911439538,0.0096605075523257,-0.0073669580742716,0.0329881981015205,0.0139507316052913,0.0075160250999033,-0.0374458134174346,0.0304124150425195,0.0138752460479736,0.022099070250988,0.0087243085727095,-0.0330511704087257,-0.0126755377277731,0.012209378182888,0.0047055552713572,-0.0330510362982749,-0.0105292256921529,-0.002335580298677,-0.0178058072924613,0.0100353667512536,0.0147894546389579,-0.0085241543129086,0.0095956623554229,0.0030155971180647,-0.0073414267972111,-0.0183113850653171,0.0148236770182847,0.0135129988193511,0.0110716950148344,-0.011464680545032,0.0043539581820368,0.0047598434612154,0.00281339045614,0.008381525054574,0.0054861474782228,0.0048947110772132,0.0096864523366093,-0.0066542467102408,0.0082289269194006,-0.0066542448475956,-0.0055904006585478,0.0672689527273178,0.0017645270563662,-0.0030676461756229,0.0057014650665223,-0.0355475209653377,-0.0145170027390122,-0.0058694160543382,0.000640009122435,0.0336932241916656,0.0060121435672044,-0.0083522051572799,-0.0005818421486765,0.0088217770680785,0.0043111089617013,0.0088217733427882,-0.0257165189832448,0.014208048582077,0.0031591800507158,0.0092414291575551,0.0289128944277763,-0.0246455334126949,0.0066473931074142,-0.0068955402821302,0.0195361822843551,0.0166023392230272,-0.0279391631484031,-0.0048749553970992,0.0138752441853284,0.0018396895611658,0.0062696770764887,-0.0010137148201465,-0.0054624020121991,-0.033287838101387,0.0032607382163405,0.0298707224428653,0.0086030401289463,0.0110716950148344,-0.0181172862648963,-0.0269945226609706
3818,-0.0041650859639048,-0.0064093288965523,-0.0214056186378002,-0.0086679365485906,-0.002649753820151,0.0058597894385457,-0.0297475829720497,-0.0073515539988875,-0.0327943414449691,-0.0016182323452085,0.0296510905027389,-0.0101980110630393,-0.0127626499161124,-0.0074929040856659,-0.0206754375249147,-0.0107142562046647,-0.0154832489788532,-0.0301014576107263,-0.0338906459510326,-0.0173823628574609,0.0081683713942766,0.0223823897540569,-0.0397496186196804,0.0067254388704895,-0.0069052423350512,0.0276972353458404,0.004575353115797,0.001492170151323,-0.0113281477242708,0.0224171243607997,0.0156906060874462,-0.010462187230587,-0.0026497549843043,-0.019702348858118,-0.0119914971292018,0.0002352862502448,0.0238072127103805,-0.0197023525834083,-0.0107046840712428,-0.0134828947484493,-0.0071652089245617,0.0005129515193402,-0.0106138540431857,0.0125887840986251,0.0014316021697595,-0.0086563341319561,-0.004289015661925,-0.0101310480386018,0.0169017575681209,0.0023264167830348,0.0205818116664886,-0.0136131141334772,0.0030460157431662,-0.0073558324947953,0.0002900991239584,0.0138786369934678,0.0177759081125259,-0.0021968386135995,0.0026761968620121,-0.0338906496763229,0.0224039126187562,-0.0338906459510326,0.0028064823709428,0.0591246448457241,0.0096202222630381,0.0025044623762369,-0.0106563717126846,-0.0101188160479068,-0.0228225011378526,-0.0101980092003941,0.0335287302732467,0.0266732051968574,-0.0197078473865985,-0.0129108484834432,-0.0161405485123395,0.0017262486508116,-0.0075783687643706,0.0017262656474485,-0.019077243283391,0.0083711994811892,0.00684405118227,0.000364633713616,0.0048020919784903,-0.0246690809726715,0.0009286449057981,-0.0341988615691661,0.0105860289186239,0.0123762227594852,-0.0090512288734316,0.0135308261960744,0.015690604224801,-0.0038220456335693,-0.0006841244758106,-0.001756717567332,-0.0062486319802701,-0.0147965736687183,-0.0083878152072429,0.0228582099080085,0.0085443947464227,0.0205818116664886,0.0086232218891382,-0.0388352237641811
3819,-0.0077149467542767,-0.0034697870723903,-0.0098786875605583,-0.0022776275873184,-0.0151744987815618,-0.0016524873208254,-0.0212749987840652,0.004688081331551,-0.0357810370624065,-0.009481057524681,-0.0080048013478517,0.0003402177244424,-0.0140685886144638,-3.709283191710711e-05,-0.0127881951630115,0.0243219882249832,-0.0100849475711584,-0.0109126735478639,-0.0226995050907135,-0.0046630837023258,-0.0100172329694032,0.0145605634897947,-0.0253737531602382,0.0065388511866331,0.0028791988734155,0.0595768429338932,0.0093758674338459,0.0057448996230959,-0.106423482298851,0.0002023531123995,0.0133186001330614,0.0451583191752433,-0.0151744969189167,-0.0925217866897583,-0.0118029657751321,-0.0032100870739668,-0.0060804327949881,-0.0925218015909195,-0.0090371267870068,0.0017466724384576,-0.0090613970533013,0.001016313675791,0.0370753444731235,0.0077396924607455,0.0272806398570537,-0.0046812663786113,-0.0105811115354299,-0.0128644835203886,0.014162877574563,0.012096669524908,0.032996017485857,-0.0118738114833831,0.0009258731734007,0.0047193877398967,0.0017570499330759,-0.0019423413323238,0.0097633898258209,-0.0039964895695447,0.027145892381668,-0.0226995050907135,-0.0106847789138555,-0.0226995032280683,-0.0227727945894002,-0.0141551112756133,-0.0045515988022089,-0.0130058825016021,-0.0095535516738891,-0.1039276123046875,-0.0145251899957656,0.0003402119036763,0.0240098554641008,-0.0885122343897819,0.0150257237255573,-0.010613564401865,0.0098211057484149,0.018549870699644,-0.0147660207003355,0.0185498744249343,-0.0226163156330585,0.006839427165687,-0.0066523500718176,-0.0094682108610868,0.0557965710759162,-0.0579059533774852,0.0024337423965334,-0.0225644838064908,0.0118236821144819,0.0247798524796962,-0.021202627569437,0.0092244269326329,0.0133186019957065,0.0195039566606283,0.0069536701776087,-0.0172356180846691,-0.0125807393342256,-0.0305747985839843,-0.0051512764766812,0.0001598694361746,0.003458701306954,0.032996017485857,-0.010407050140202,-0.0302758775651454
3820,-0.0207950063049793,-0.0054909116588532,0.0106005873531103,0.0148128252476453,-0.0197582449764013,0.0033497135154902,-0.0272870156913995,-0.0256412494927644,-0.0257834941148757,0.0043192543089389,0.0131466537714004,-0.0148930232971906,-0.0214629899710416,-0.0143390223383903,-0.0054937931708991,0.0097784167155623,-0.0205827970057725,-0.0006991941481828,-0.0052072163671255,-0.0286618005484342,-0.0015482378657907,0.0185070764273405,-0.0053795161657035,0.0013769206125289,-0.0082892207428812,-0.0056333118118345,0.0041058878414332,-0.0429979041218757,-0.0232308357954025,0.0092052118852734,0.0260167624801397,-0.0083301942795515,-0.0197582505643367,-0.0343041904270648,-0.016926322132349,-0.0020194258540868,0.0234841741621494,-0.034304179251194,0.0079043321311473,-0.0113995037972927,-0.0026962240226566,0.0022356482222676,0.0120987081900238,-0.0024606506340205,0.0015699558425694,-0.0103822415694594,-0.0120505783706903,-0.0053170621395111,0.0288441479206085,0.0067185582593083,0.0155137255787849,0.0156951360404491,-0.0021527940407395,-0.0069984551519155,0.0060400180518627,-0.0068110791034996,0.0154035529121756,-0.0020478887017816,0.0002302232896909,-0.005207217298448,-0.009541155770421,-0.005207217298448,-0.0172598622739315,0.022127017378807,0.0083575444296002,0.0197750926017761,0.008897066116333,-0.0271637365221977,-0.0128717608749866,-0.0148930260911583,-0.0003011028748005,-0.0298920851200819,0.0066902320832014,-0.0232405290007591,-0.0133871501311659,-0.0062688346952199,0.0059893848374485,-0.0062688514590263,-0.0242421850562095,0.0062954537570476,0.0016613672487437,-0.0092061841860413,-0.0061984020285308,-0.02079489082098,-0.0001152317854575,-0.0051758387126028,-0.0604243427515029,0.0063715572468936,0.0104118939489126,0.0086485892534255,0.0260167606174945,0.0106490245088934,-0.0021010828204452,-0.0085294777527451,-0.0054625337943434,0.0211692806333303,-0.0109908748418092,0.0094800889492034,0.0050875418819487,0.0155137255787849,0.0352061167359352,-0.0338311418890953
3821,-0.0088889580219984,0.0147941336035728,-0.0028089545667171,0.01168804615736,0.0014591445215046,0.007995206862688,-0.0223611760884523,0.0131066758185625,-0.03969082608819,0.0163186192512512,-0.012592414394021,-0.0251567307859659,-0.0113003440201282,-0.0190849527716636,-0.0119282500818371,0.0299046449363231,-0.0182861387729644,0.0002927649766206,0.0099266059696674,0.0028375110123306,0.0091473590582609,0.0002732172142714,-0.0452879481017589,0.0350210666656494,0.0105376746505498,0.0824668034911155,0.0005119384732097,0.0083964215591549,-0.0120409158989787,0.0142020639032125,0.0190620068460702,0.0608921870589256,0.0014591081999242,-0.0122051993384957,-0.0100871585309505,0.0287391897290945,-0.0034169871360063,-0.0122051984071731,-0.0105617120862007,0.0111989462748169,-0.0168711673468351,0.0266870185732841,0.0480747371912002,0.0070640165358781,0.0094341458752751,-0.0045002829283475,-0.0132625987753272,-0.0107607496902346,0.020957626402378,0.0007445731898769,-0.0016210186295211,-0.0075420383363962,0.0070104720070958,0.0025799614377319,0.0111143253743648,-0.0216802917420864,-0.002858851570636,0.0043786191381514,0.0156462583690881,0.0099266041070222,-0.069234475493431,0.0099266078323125,-0.0606047883629798,-0.0170918963849544,0.0114327557384967,0.0124964080750942,0.0089793847873806,-0.0063184490427374,-0.0192663613706827,-0.0251567289233207,0.0249300748109817,0.0454366952180862,0.0271432977169752,-0.0079913390800356,-0.0066718910820782,0.0211218129843473,0.0008331446442753,0.0211218185722827,-0.0276451744139194,0.0303850322961807,0.0166324581950902,0.0015585629735141,0.0781798362731933,-0.0098570510745048,0.0092420168220996,0.0096296500414609,0.016630332916975,0.0154815036803483,-0.0225954260677099,0.0108538791537284,0.0190620012581348,0.0212851259857416,0.0012944149784743,-0.0356627665460109,-0.0138450060039758,-0.0294699929654598,-0.0044155344367027,0.0191258657723665,0.0136736175045371,-0.0016210186295211,-0.0090790186077356,-0.0252275969833135
3822,-0.008901928551495,-0.0071924412623047,-0.0353308841586113,0.0086298789829015,0.0025409865193068,0.0078260479494929,-0.0307640992105007,-0.0056202951818704,-0.0338563993573188,-0.0025345392059534,-0.0093284891918301,-0.0441237278282642,-0.0122534362599253,-0.0386516079306602,-0.0276626963168382,0.0102884415537118,-0.0275245457887649,-0.029466263949871,-0.0074629043228924,-0.0119479605928063,-0.01472027041018,-0.018859514966607,-0.0183771103620529,0.0020096888765692,0.0047902786172926,0.0260542258620262,-0.0002850798773579,-0.02291701734066,0.00147011061199,0.0027707470580935,0.0127752143889665,-0.0076823150739073,0.0025409872177988,-0.0194952990859746,-0.014031684026122,-0.0076686795800924,-0.0137729384005069,-0.0194952990859746,-0.0378358177840709,0.0098979789763689,-0.0228184983134269,-0.0043988022953271,0.0193973928689956,-0.0051907878369092,0.0181646272540092,-0.0213957987725734,-0.0008280964102596,-0.0262836292386055,0.0145158600062131,-0.0051260609179735,-0.0234789550304412,-0.0388696976006031,0.0062050390988588,-0.0100577622652053,0.0006805890006944,-0.0028945608064532,-0.0192161556333303,-0.0072787459939718,0.0132076004520058,-0.0074628992006182,-0.0123423840850591,-0.0074629001319408,-0.020741356536746,0.0057040881365537,0.0054720621556043,0.0003364756703376,-0.0011867978610098,-0.008772593922913,-0.0330684930086135,-0.0441237241029739,0.0093967597931623,-0.0479846447706222,-0.0232481397688388,-0.0075534023344516,-0.0399438664317131,0.0041074310429394,-0.0045010303147137,0.0041074147447943,-0.0372466146945953,0.0038822279311716,-0.0103681832551956,0.0044865198433399,0.0094793234020471,-0.0214382875710725,-0.0010973052121698,-0.0084870075806975,-0.0404576286673545,0.0068518021143972,-0.0111381709575653,-0.0053496230393648,0.0127752181142568,0.0023829280398786,-0.0157837588340044,-0.0134824542328715,0.0022754555102437,0.0016033132560551,-0.0169582236558198,0.0010564173571765,0.0067072203382849,-0.0234789550304412,-0.0003316623624414,-0.0286299958825111
3823,-0.0010980742517858,0.0196830313652753,-0.0096109919250011,-0.0048380494117736,-0.0137972403317689,-0.0027167480438947,-0.0232379399240016,-0.0058461935259401,-0.0143065229058265,-0.0064388373866677,0.0145142162218689,0.0027295171748846,-0.035707950592041,0.0062687713652849,-0.0025769774802029,0.0077254436910152,-0.0126468120142817,0.0034416283015161,-0.0259338803589344,-0.0144363725557923,0.0083879549056291,0.0033368454314768,-0.022096948698163,0.0186293330043554,-0.0177027024328708,-0.0009819455444812,0.004093071911484,-0.007136158645153,-0.0176752693951129,0.023386962711811,0.0102708507329225,0.0042119869031012,-0.0137972319498658,-0.0223702527582645,-0.0456517711281776,0.0128874704241752,0.0062960674986243,-0.0223702527582645,-0.01137410197407,-0.0038062906824052,-0.015081756748259,0.0189049933105707,0.0230697002261877,-0.0310448165982961,-0.0011758304899558,0.0157059095799922,0.0011022493708878,-0.0391389206051826,0.0105629544705152,0.0019556749612092,-0.0002621706807985,-0.0086383763700723,-0.0318273790180683,-0.0051014525815844,0.0023363479413092,-0.010695680975914,-5.4928939789533615e-05,-0.0088145323097705,-0.0008033272461034,-0.0259338822215795,-0.0159092266112566,-0.0259338859468698,-0.0209191553294658,0.0406841859221458,-0.0127652212977409,-0.0172817930579185,-0.0060906680300831,-0.016099065542221,-0.0258249342441558,0.0027295455802232,-0.0334832407534122,0.0325519330799579,0.0026117474772036,-0.044974323362112,0.0024955738335847,-0.0046019051223993,-0.0067753992043435,-0.0046019139699637,-0.0259680915623903,0.0131256068125367,-0.0071427994407713,-0.0092860804870724,-0.0001368910307064,-0.0250408202409744,0.0026567429304122,-0.0265361852943897,-0.0069559910334646,0.007460965309292,-0.0194319710135459,-0.0287650432437658,0.0102708507329225,-0.0054081161506474,-0.0074553368613123,-0.0152404466643929,0.0065021906048059,-0.023888424038887,-0.0172416009008884,0.0247999913990497,-0.0066516902297735,-0.0002621706807985,-0.0078649371862411,-0.0263167805969715
3824,-0.0108498223125934,-0.0007295506075024,-0.0213887672871351,0.0201366394758224,-0.006356886588037,0.0041077961213886,-0.0251790508627891,-0.0059468057006597,-0.0413730666041374,-0.0135318310931324,-0.0203890353441238,-0.0163944493979215,0.0037289324682205,-0.0076890802010893,-0.0025235656648874,0.0319842360913753,-0.0186707507818937,-0.0135723818093538,-0.0123322485014796,-0.0129017047584056,-0.0368161015212535,-0.0164304431527853,-0.1020630523562431,-0.0101558864116668,-0.0072922622784972,0.0295673739165067,-0.025491239503026,-0.0150774996727705,0.0017076251097023,-0.0150408614426851,0.0161593332886695,0.0004613138735294,-0.0063568847253918,-0.0013459341134876,0.0039092740043997,0.0049163261428475,-0.0144848460331559,-0.0013459683395922,-0.0199814848601818,0.0025143045932054,-0.0199985019862651,-0.012138657271862,0.0460777878761291,-0.0260930638760328,0.0040177251212298,0.0021346183493733,-0.0062612565234303,-0.0125253004953265,0.0183653347194194,-0.0377601087093353,-0.0149394581094384,-0.029337765648961,0.004013167694211,0.0017719579627737,0.0076438398100435,-0.0095897782593965,-0.0179097298532724,-0.0042126234620809,-0.0003550376277416,-0.012332247570157,-0.017129136249423,-0.0123322457075119,-0.0252590663731098,-0.0179885681718587,-0.0044233347289264,-0.0120013440027832,-0.0026074554771184,0.0004967636778019,-0.0003540916368365,-0.0163944512605667,-0.0273971315473318,-0.0382995903491973,-0.0113089941442012,0.0108203841373324,-0.0145652377977967,-0.0086213443428277,-0.0117275081574916,-0.0086213489994406,-0.0387803204357624,-0.0072475597262382,-0.0142198391258716,-0.0029699904844164,0.017228988930583,-0.0016103734960779,0.0063485666178166,-0.0129064684733748,-0.0237111672759056,-0.005345850251615,-0.0100231766700744,-0.020574752241373,0.0161593332886695,0.0150513993576169,-0.0089174248278141,-0.0196462273597717,-0.0025901987683027,0.0011360328644514,-0.0128657482564449,-0.0190755724906921,0.0023189620114862,-0.0149394581094384,0.0021493087988346,-0.0310159958899021
3825,-0.0355582796037197,0.0002896306104958,-0.0027350110467523,-0.0021198289468884,-0.0031018257141113,0.0008250894024968,-0.0255855862051248,-0.0378508754074573,-0.0394257456064224,-0.0008192503591999,-0.0017693312838673,-0.0161179788410663,-0.0174181051552295,-0.0097959954291582,-0.0082611879333853,0.0014076745137572,-0.0303131975233554,0.0004658885300159,-0.0320770479738712,-0.0342382006347179,-0.0179404113441705,-0.0069673038087785,-0.0237946324050426,0.0040144459344446,-0.0051798466593027,0.054887905716896,-0.0110067324712872,-0.0787470936775207,-0.0109403617680072,0.0122832106426358,0.0046049337834119,0.0405835732817649,-0.0031018299050629,-0.0316900424659252,-0.0118866339325904,-0.0045067989267408,-0.0040005384944379,-0.0316900424659252,-0.0080199018120765,-0.0045444178394973,-0.0257792416960001,0.0007111707236617,0.0117531828582286,-0.0236792676150798,-0.0031394301913678,-0.0047154449857771,-0.0191920511424541,-0.0088238362222909,0.0051042279228568,-0.0191473793238401,-0.0071970173157751,-0.0133631657809019,-0.0045529007911682,-0.0083732130005955,0.0102183884009718,-0.0041648428887128,-0.0097265727818012,-0.0065829446539282,-0.0087308771908283,-0.0320770516991615,-0.0055471519008278,-0.0320770516991615,-0.0147470217198133,0.0132154049351811,0.0043498133309185,0.0012801233679056,-0.0088632144033908,-0.021598657593131,-0.0328048877418041,-0.0161179453134536,-0.0176435708999633,-0.0099143646657466,0.0176991857588291,-0.0167086850851774,-0.0025133858434855,-0.0175735279917716,-0.0105721680447459,-0.0175735279917716,-0.050262875854969,0.0049239406362175,-0.017401585355401,-0.0013092857552692,0.0542868301272392,-0.033368993550539,0.0055630262941122,-0.0327545553445816,-0.1119758859276771,-0.0092918537557125,-0.0147031862288713,-0.0246606599539518,0.0046049337834119,-0.0080831963568925,-0.0152448080480098,-0.012468316592276,-0.0021830005571246,0.0003236541524529,-0.0191415641456842,0.0077256569638848,0.0066385655663907,-0.0071970173157751,0.0052104196511209,-0.0273128896951675
3826,-0.0191392339766025,-0.00952351372689,0.0022632994223386,0.0156436301767826,-0.0083207180723547,0.0099194543436169,-0.0287799648940563,-0.0293491091579198,-0.0344711616635322,0.0080436412245035,-0.0046799825504422,-0.0160386841744184,-0.0022531477734446,-0.0117593025788664,-0.0005628964863717,0.0227134674787521,0.0178467407822608,0.007296023890376,-0.0263632517307996,-0.0334726125001907,0.0091349994763731,-0.0008398183854296,-0.022003635764122,0.0013940272619947,-0.0220964271575212,0.0222001429647207,0.0036066428292542,-0.0373808182775974,0.0131139997392892,0.0057712430134415,0.027644358575344,0.0323379337787628,-0.0083207143470644,0.0141962822526693,-0.0002608014619909,0.0260636452585458,-0.015504278242588,0.0141962924972176,-0.0061068879440426,-0.0220571774989366,0.0062327487394213,-0.004988394677639,0.0354660600423812,-0.0174367576837539,0.0173140112310647,-0.0136577244848012,-0.0136400256305933,-0.0032326101791113,0.0294530522078275,-0.0017847521230578,0.0157786458730697,-0.005400612950325,0.0140254367142915,0.0121941156685352,0.0421595312654972,0.0045041386038064,0.0001675654784776,0.0121069718152284,0.0173052940517663,-0.0263632480055093,0.0102160917595028,-0.0263632554560899,-0.0031247131992131,0.0010014120489358,0.0281535685062408,0.0567668378353118,0.0114239966496825,0.0136309238150715,0.010160518810153,-0.0160386972129344,-0.0139715317636728,0.0553117170929908,0.0187092795968055,0.0012296722270548,-0.0033967678900808,0.0092131961137056,0.0092479931190609,0.0092131625860929,0.0065139178186655,0.0045805727131664,0.0095118787139654,0.0002358613419346,0.0308634024113416,0.0055908942595124,0.0197142791002988,-0.0251690410077571,-0.0469030067324638,0.0108395647257566,0.0097897127270698,-0.00720467697829,0.0276443641632795,0.0128579968586564,0.001543999183923,0.0020301020704209,-0.0073753325268626,0.0145553927868604,-0.0088178729638457,0.00321144470945,0.0196176040917634,0.0157786458730697,0.0042622927576303,-0.0357104539871215
3827,-0.0150185246020555,-0.026358712464571,0.0030462807044386,0.0071103973314166,0.0043853563256561,0.0048045357689261,-0.0301564764231443,-0.038494024425745,-0.033167116343975,0.0048875245265662,-0.0046795271337032,-0.0160555131733417,0.0042971605435013,-0.0166808441281318,-0.0052957730367779,0.0015884656459093,-0.0041178208775818,-0.0043392912484705,-0.0241135694086551,-0.0416850410401821,-0.0208694394677877,0.0112841958180069,-0.019971152767539,-0.0139914080500602,-0.0206160824745893,0.0043219486251473,-0.0013023864012211,-0.0585299432277679,-0.0037303199060261,-0.0098462011665105,0.008473290130496,0.0117187025025486,0.0043853963725268,-0.0077620549127459,0.0144317932426929,-0.0162076968699693,-0.0173097606748342,-0.0077620241791009,-0.0008742595091462,-0.015542896464467,-0.0082563972100615,-0.0253195017576217,0.0082557462155818,-0.0160073898732662,0.0223945584148168,-0.0244617499411106,0.001830069348216,0.0154020152986049,0.0083735547959804,-0.0092588877305388,0.0479697212576866,-0.0029668435454368,0.0092481262981891,0.006421472877264,0.0192209519445896,-0.0052485018968582,0.0079580433666706,0.0029666330665349,0.0213746130466461,-0.0241135731339454,-0.0039245570078492,-0.0241135731339454,-0.0132100842893123,-0.0043085608631372,0.0083932168781757,0.0135527374222874,0.0057899211533367,-0.0072011752054095,-0.0078830085694789,-0.0160555243492126,-0.0106637943536043,-0.0699651539325714,0.0065797879360616,0.0125573249533772,-0.0077284756116569,0.0134893730282783,0.0052872630767524,0.0134893720969557,-0.01721728220582,-0.0123577713966369,-0.018097348511219,0.0030241091735661,0.0115757640451192,-0.0115898959338665,0.0106554450467228,-0.0242571756243705,-0.085292175412178,0.0093296449631452,-0.0077893552370369,-0.0120621491223573,0.0084732845425605,-0.0036486457102,0.0012518886942416,-0.0065519781783223,0.01716173812747,-0.0015895969700068,-0.0086719058454036,-0.0129760280251502,0.0103647280484437,0.0479697212576866,-0.0062056258320808,-0.0410564541816711
3828,-0.0278874989598989,-0.0169077459722757,-0.003503318876028,0.0376029685139656,0.0076220114715397,0.0015572587726637,-0.0338683053851127,-0.0201437510550022,-0.0331509262323379,0.0141050927340984,0.0031546859536319,-0.0393082648515701,-0.0109771089628338,-0.0338523723185062,-0.0131371961906552,0.017999418079853,-0.0045255934819579,-0.003789281938225,-0.0222681164741516,-0.0245157815515995,-0.0029560776893049,-0.000234895851463,-0.0088444519788026,-0.0086006503552198,-0.0081962402909994,0.0109514240175485,0.0050171678885817,-0.036213681101799,-0.0147406831383705,0.0028886892832815,-0.0010804014746099,0.0100536616519093,0.0076220352202653,-0.0080272536724805,-0.0096769789233803,0.0051926905289292,0.00282329833135,-0.0080272406339645,-0.0117351645603775,-0.0125146396458148,-0.0039948928169906,-0.0140007231384515,0.0237951837480068,0.0015387460589408,0.0180662497878074,-0.0231421031057834,-0.0270530246198177,-0.0072947265580296,-0.0009442013688385,-0.0008469180902466,-0.0002032972115557,-0.0049667051061987,0.0023152348585426,-0.0025226478464901,-0.0222074463963508,-0.0099301300942897,-0.0024999417364597,-0.0141354706138372,0.0171195212751626,-0.0222681183367967,-0.0162643417716026,-0.0222681201994419,-0.0217424016445875,0.0199703872203826,-0.0086029917001724,-0.0717088654637336,0.0280397776514291,-0.0067244656383991,-0.0088755004107952,-0.0393082648515701,0.0134054813534021,-0.0101196691393852,0.005156282801181,-0.0091907326132059,-0.0284285731613636,0.012131935916841,0.0185930877923965,0.012131942436099,-0.005030280444771,-0.0028468491509556,0.0063227559439837,0.0028083233628422,0.0128391897305846,-0.0118457684293389,0.0036666439846158,-0.0228147506713867,-0.0409313216805458,0.0115114320069551,-0.0097048515453934,0.0105203855782747,-0.0010803991463035,0.0137026570737361,-0.0045935860835015,-0.0061363922432065,-0.0208614971488714,-0.0206468701362609,-0.014969072304666,-0.0002863532863557,0.0150684369727969,-0.0002032965567195,-0.0071190544404089,-0.0299253538250923
