bucket_idx,0,1,2,3,4,5,6,7,8,9,10,11,14,15,16,17,19,20,21,22,23,26,27,28,29,30,33,34,35,36,37,39,40,41,42,43,44,47,48,50,51,52,53,55,56,58,59,60,61,62,63,64,66,67,68,69,70,72,73,74,76,77,78,81,82,83,84,85,86,87,88,90,93,94,95,96,97,98,99,101,102,103,104,105,107,108,109,110,111,112,113,114,115,116,118,119,120,122,123,124,125,126
3448,0.007292592667164434,0.005841275397599913,0.0076127415518101385,0.03810252927591464,0.0068950409030331195,0.006985250712400379,0.007085773094348239,0.002868683925623163,0.005874226476461898,0.007340579584705336,0.0032691746804443694,0.004514166638144439,0.005188873510861612,0.00522122824957061,0.005851360770927241,0.0047618625793337905,0.004635510840647528,0.003121211803063577,0.002608191940471414,0.006224602736344066,0.004457503430465191,0.0030905072754286154,0.01108013826327627,0.0022152255648653345,0.0019604208781622123,0.004735426285856348,0.008924365307258804,0.003129657731306078,0.006200628856032572,0.00463139138250353,0.011321840429201434,0.014992068911226614,0.015403605340634717,0.004065926740283438,0.009086257757360598,0.0017378100910881505,0.00337602085137185,0.00328563222438655,0.0033235325749980536,0.0029296896442608704,0.004116742455532513,0.0027019441888194665,0.0028135089652715274,0.003909431792502818,0.005078588729868133,0.008093569202259496,0.004136360279115803,0.003401016078502986,0.0038561496796462916,0.004163752870390936,0.004480351384096976,0.002160392991958374,0.004543391845970135,0.005547220958417577,0.0054929363102062,0.0019955702871286085,0.011243753746341819,0.0036864156165623977,0.0033898236487650358,0.0035300661728993195,0.0031513709848057583,0.005566921254916837,0.00379694830818499,0.004294902738572409,0.006233750480270223,0.0033281640687654475,0.003904437054189282,0.00243047543425728,0.002242213877567064,0.004631474757700344,0.004888966452092269,0.003790669231792029,0.004206595174607938,0.00707764263901114,0.0029143313081376305,0.0038743213325753765,0.0056796372125966655,0.014610824118494613,0.003931628913294492,0.005372808538000812,0.003958420416852932,0.00523521537076984,0.004611229370777199,0.0023955084321576553,0.00359953843919403,0.003851800886618743,0.0031851826333342713,0.005189543508953339,0.002392501612630252,0.004568709872413394,0.004846225278414459,0.013143144586021921,0.0018900126352229185,0.005665543346864049,0.008287604542305791,0.004437274518399178,0.0023201894566394054,0.0036681048639518174,0.002019792675904864,0.004382138911328852,0.009667289500582734,0.00731700159137113
3449,0.005712330402941853,0.004699941984604129,0.0077522729033664235,0.01860570343269097,0.00558006181055554,0.006746709998972148,0.005229338353750262,0.0028967130158046826,0.006047482952217935,0.007635750205829896,0.003573390608771093,0.004133452679760366,0.005734678486485586,0.005090334265564322,0.005503002495545349,0.003861163949114419,0.004336816126008208,0.004123025417527056,0.003107090923002844,0.009510062652589723,0.004030838102059891,0.003203945771619313,0.010008513500388868,0.002033457346065802,0.0017052909795939254,0.00458154714129515,0.008759402528095976,0.002664123391712304,0.006064511753635018,0.003898462611267062,0.008029232194626564,0.016212278872299486,0.014589018759487017,0.003896872711476041,0.008439512060668982,0.0013224906613179919,0.004719447626023332,0.0027681091871477642,0.003526653345029999,0.004056038807379774,0.004015851123342928,0.002916006982593832,0.0024158064246353967,0.006046258567787607,0.004264857840467872,0.008320872535035632,0.0027923611622891944,0.0041832800900793695,0.00319322059265168,0.004943275049966612,0.004858134139959841,0.002182738404997179,0.004197967503201249,0.005694508643315714,0.006006865425858498,0.0023022725182474434,0.01029466981459591,0.004965809539660531,0.0034590644858131458,0.0050583131065097525,0.003531978247582435,0.005654822538679926,0.004664441971674798,0.004303111828550899,0.006487307464744723,0.004079281089314842,0.003853066813697265,0.002465540383814874,0.0023004723323582464,0.00522039824077119,0.004491021400054015,0.004169727298464837,0.004162869041889484,0.009358588111686644,0.002794438114220464,0.0035875277818146816,0.006202531582005146,0.014730547874968147,0.003744037015656021,0.004577634292147272,0.003836076871076128,0.007589162787469938,0.004509658423704626,0.00227192507783379,0.0036244328485069235,0.005402817224024195,0.0033060372064317584,0.0033491429623656987,0.002372663718934861,0.00653814494033891,0.0051007728076361844,0.01003257167112604,0.0021821742663461615,0.004334824351715922,0.008663893740967243,0.00540376834772948,0.002017306618953064,0.002820977132058149,0.00199470436125142,0.004041794655959902,0.009140420452928375,0.008386429148159657
3450,0.008056560698074292,0.006621315756253128,0.0073958620389995575,0.014360342576460919,0.004487279496304716,0.008378886475301417,0.012794930511867914,0.003114798100770584,0.007053558330612569,0.007970673818722263,0.00363939048411579,0.004204866462913649,0.004602844767074179,0.0042535703902204375,0.008216316652087882,0.00415155980766809,0.007932765475924497,0.0050583416876544725,0.0022390501070981917,0.006886267964301064,0.004203642374440397,0.002988952456524327,0.009260863720528024,0.0031269862920984067,0.001607695024329587,0.0047010583569855975,0.007833587187551854,0.0029948989239305507,0.008953969772757201,0.003564295934234756,0.006734657331491605,0.016580890797637526,0.017792108020224174,0.0031332464473943834,0.007083519606784419,0.0015414003472216302,0.005177150693620593,0.0031366126865022648,0.005415700869143549,0.0036130639422260816,0.004134943989066955,0.0038310908468056574,0.002893084201378852,0.004633079415259424,0.004328497890906161,0.009991590219727458,0.0032570532142493884,0.005165235499851817,0.003858078214837316,0.004849250629528809,0.0027730358430444416,0.0028480960167692423,0.004996707946896184,0.00715123846755944,0.01274679775400683,0.0027292424886634654,0.010438965537784159,0.004339184809600837,0.004622436030980456,0.004762342035366186,0.003963741666179352,0.005608510622508986,0.005732938546750514,0.0038177366772925913,0.004927044297540707,0.006591225653444126,0.0035335157210725477,0.0038262875192640764,0.0027249322321666715,0.006782303852550573,0.008066206876250653,0.006318590556384841,0.004633232523629766,0.008348246737935633,0.0029682380758793998,0.004001116548817421,0.008713504802712156,0.016883800073559274,0.0040154795429542265,0.004100895916179629,0.004755051167506016,0.006570212114093008,0.004486972954181831,0.003346803866563762,0.0031994012612286266,0.0059321843326355485,0.003867787856281096,0.00389367837415737,0.002072045045990724,0.005477113592952236,0.005060480373354707,0.011115845883766197,0.0022439042200543846,0.004562303469822647,0.010054164147006505,0.005839452163894575,0.0022099772947630587,0.00390471038282337,0.002392026507147882,0.004299530031652432,0.011066880107827463,0.006158790391624916
3451,0.009432701172200245,0.0059784898919693595,0.007242133345175738,0.010897836269138596,0.0031366893853197494,0.010497406939500154,0.010788827698834939,0.0026183035667304475,0.00619337720767553,0.0059981481115884494,0.004588849984972265,0.0051530043463849035,0.007102820119996505,0.006863742936252669,0.009298623545587881,0.005030109138412959,0.0080913592451944,0.005845026880007043,0.0030307362073608286,0.006199919071188946,0.0038138809376877057,0.005545260186696969,0.010341451760336547,0.0021534977044725357,0.0019025052618736327,0.005743392457659118,0.010404428146887478,0.0029943125138971022,0.00840730881448498,0.004199519965406655,0.007505607613378672,0.01427618479691092,0.016823339537545747,0.004233999461624894,0.00783310324623705,0.0016897047152131042,0.005119165048501472,0.0028336193727076754,0.005170205449446482,0.003955002155063345,0.004727949174611795,0.003701674594266175,0.002524421224907414,0.005933270918357657,0.0042594654896288935,0.009415768152427466,0.0033476027919445805,0.005883121194615183,0.0040908249762472895,0.005451092692626041,0.004452359478308751,0.0035376191178431177,0.0035687023797389894,0.00646295134967392,0.0143364060917553,0.0025615559170259223,0.010642963424777165,0.003950174132508933,0.00548580573832418,0.004536133928582301,0.005189228172381335,0.0058147440612076225,0.005815886131871388,0.004383040132712373,0.0059548833119244474,0.00944781147675491,0.00373501893626557,0.0038723555328393517,0.0030314479645555756,0.00618290339857151,0.0077338656572325665,0.0071195816223061465,0.004963696869958412,0.010621891964965793,0.0035044745867733734,0.003978050865924937,0.007910952139049325,0.018164647314738068,0.004503117321060637,0.004632096328271326,0.004384572588918345,0.006287513613843974,0.004468875485880054,0.0029585801341797777,0.003661017876799337,0.005452918736652138,0.003583144379160804,0.0045290456724806916,0.0022363824332356183,0.00558979815355059,0.004868110945299703,0.010533367087269905,0.0023606277413241914,0.004099118577210406,0.012295102601285616,0.0067117255371512115,0.0022002657741198683,0.0037637452945449945,0.0028223649670397278,0.005237293329328425,0.010135909148621829,0.006340938023064784
3452,0.011204902846917436,0.00785441164340299,0.008298504849592195,0.014744674293312993,0.004017321333506952,0.008497525274637463,0.007841846417385176,0.003148445167781325,0.00425795562691536,0.009207213315682635,0.004578803073518836,0.005588285317214,0.0045119119173573224,0.004225533673119199,0.010785784623303069,0.0052445325880394345,0.006823873890145858,0.005391700244748128,0.002249040831089204,0.009415334987751666,0.004055544324497417,0.010285890656465246,0.009878015377839918,0.002137606216098131,0.0019343756675520682,0.0029278997103153867,0.008799318140795452,0.0025047420595587246,0.00702661606647966,0.004131623900732579,0.008290544630292005,0.015737576219309064,0.015128984332910675,0.004866188462141303,0.005297569230730832,0.0015984989155977804,0.003316829156640742,0.0024840136433155703,0.004838009058855328,0.006182199412114923,0.0028525233668112195,0.0035258348738493772,0.0025528737144127085,0.005157112243568721,0.0053859166417808794,0.009947819546943798,0.003706465378186465,0.0029245927530294072,0.002834924026552968,0.011861997885702597,0.004001562397082758,0.002594665529061501,0.005158835962516361,0.0048849865763715,0.016643757013591328,0.002429099570189357,0.011200233720084054,0.0038013245962970755,0.003911916754891459,0.002818143009876519,0.0035851770565425893,0.006053279966649821,0.00548897361749892,0.004390202471917305,0.0076481849594262396,0.0050587551287896125,0.005729422612076524,0.005426528581261367,0.00273860069436261,0.006283000399922765,0.005802611424260155,0.007364708974887352,0.005756864540137931,0.01070777277083044,0.0031177952754376046,0.003931703303458358,0.008956945275413243,0.013796755725033883,0.003908839957478884,0.004759639273714486,0.003956512712257723,0.006564869326171854,0.004174426107901246,0.008759270401872207,0.003006604505564384,0.005271831259496954,0.004428725675186744,0.004120192109625824,0.002501371941377095,0.00594537418645519,0.004815904759654923,0.008479471924353436,0.002863472495666576,0.005572566505675508,0.008329395982182963,0.006624097125462859,0.002636127505317997,0.005384487082063248,0.003383506158252568,0.005031381539597764,0.0046323910988224255,0.0075858650796792266
3453,0.012457089560897791,0.005910737104380093,0.008770859842227982,0.03193354224673884,0.0048929890497706775,0.008512094307810837,0.007590992033941364,0.0035426413930009734,0.004272619329956008,0.005475397331961393,0.0037483972458370227,0.005078804553304275,0.008601300322925316,0.004452595421095544,0.012894667250567789,0.005577450497056107,0.0035782676546137144,0.006173051964041618,0.002569633156975557,0.009350187917620533,0.004471209802550622,0.0039570461077429635,0.009557316239203098,0.0024358010231153057,0.002218051187945812,0.003545124793571721,0.007356924878762372,0.003373495250332509,0.007960935313800849,0.003966915775585928,0.009604330512522729,0.013793967771686753,0.014871960583632061,0.004534364413966085,0.010554985443604763,0.0013943490788591655,0.0031687908809917642,0.0026078396868666883,0.005098970035764946,0.004277408687740775,0.005618721764917308,0.0029136062456129757,0.0023028080729781708,0.0054052558876903625,0.004506379977715879,0.007015060002435343,0.004685246134159971,0.004726731093794016,0.0036232980095314924,0.007600074761224279,0.0035204735717553233,0.002731370232976384,0.004533800806892338,0.011142901145825704,0.0065876706773566425,0.0020863231605024613,0.009688492366228601,0.0036853643816009774,0.005104639573262886,0.003423942759130797,0.0046954919361153645,0.007119585882327624,0.0055638265090767434,0.00376484964284701,0.008469588696518244,0.004222738508528607,0.0042223946958492705,0.0034117982518260806,0.0028650090015042208,0.006007158096501275,0.0037354466256484175,0.005549049485363664,0.005372297263358829,0.006822158570605777,0.0034680483297106182,0.004086768818331742,0.012025845442703945,0.011709565364758496,0.004826461992616065,0.004409215250577652,0.00455645031799118,0.006005255753593839,0.004001039963281303,0.008793820647902583,0.003180674155345615,0.004655619144667422,0.004771550472075427,0.0031276700397464183,0.0036184427168282256,0.00602520657448529,0.005820765494770576,0.009763414591419514,0.0017820794793568706,0.003275614151875856,0.010483469509677556,0.006060079508050865,0.0025740853135254376,0.00558377299985033,0.0028285052748133724,0.004777094055618024,0.011524961273742222,0.008575719349939885
3454,0.00843327831512731,0.0049866752508516635,0.006998826562730173,0.011417162773612526,0.004702781457195899,0.008010515239590918,0.0069619978139081225,0.0032551939730191244,0.0053735864347086255,0.008363562355604821,0.0038209350820845294,0.004863023373290531,0.009281991572830816,0.005358294140044663,0.0072517564113605115,0.004616321135263791,0.0036276336895120754,0.004455897281124659,0.0027398717976642364,0.006340172674968549,0.004001191389656717,0.0030959958589385056,0.012704196007065294,0.0032088388407342716,0.0017191024026341232,0.003323553527316234,0.005740197118195138,0.0038369820858703695,0.009749296673520827,0.0032040749506373873,0.011344342106569144,0.013644073945705782,0.01907855090214432,0.0052371364377436485,0.009754371664777122,0.0011991646440273312,0.004450235004678836,0.002133241557596349,0.0047870344097725144,0.004523070615402281,0.004612933950263493,0.002598717118060479,0.0028642531103275203,0.004795303209470166,0.005311869013739229,0.009369305449412679,0.003303550016087941,0.005595575179426193,0.0030843180296330967,0.010523426196196069,0.003599100397829471,0.002579981021185522,0.004160407203597341,0.004940666423998897,0.004462890529685543,0.0030535183692885597,0.00874981588331779,0.0039903733373891906,0.004187455746527898,0.003320674438350366,0.0038439691091775646,0.006004643821949781,0.00473515104558833,0.004581707418595689,0.005701932416154554,0.005117688046461988,0.0043349268950637196,0.0029646349445143576,0.0023528491731628696,0.005095573090101395,0.004869757480200393,0.005691081773094569,0.00649503285453153,0.014705146092752325,0.0031968461111077737,0.0056528328723310034,0.00921023391320751,0.014233071573118159,0.0037835956864410818,0.004244417842331272,0.0038237232413393424,0.005895157129326291,0.0037662382021444434,0.0018534211257687757,0.003275334832426657,0.006869350086648407,0.00380355218015943,0.0038561623531096676,0.00271845822004563,0.007667406740218964,0.0052451052479033375,0.008274880883629012,0.002953381826745845,0.004617376223937068,0.010224376512282583,0.006177799313680714,0.0024557271594588706,0.005704014505100283,0.0028033472960217114,0.004514555941052742,0.011492945388955941,0.005106224357345865
3455,0.013155204205587096,0.004754502608778381,0.01017116588449509,0.011446391233997833,0.004158106338354371,0.009384285675347517,0.008144972213730502,0.0032421997796489702,0.006562420994453373,0.007774964035459539,0.003613049407636606,0.0040741416977388605,0.007831917311109625,0.005056332126027393,0.007023680594393979,0.00549029549896974,0.006220125951225731,0.0048799296434420165,0.0020825370851705657,0.007407665738082458,0.004007890291364812,0.0037240513425381904,0.012210946976207827,0.002732060577619416,0.0019896011125988,0.004035958712622687,0.006037090207140094,0.0034553751011315295,0.0071899004040147044,0.005036099366953103,0.009623739179533377,0.017124748833468578,0.01792043452829525,0.002531634780343488,0.006117054843473131,0.0013984883862392028,0.0037347236665120328,0.0022408511120105288,0.005311152671300388,0.003714778908351694,0.0035876338973482263,0.003916690088387969,0.004101786914473171,0.004823214456707431,0.004532640427211169,0.005508324268567001,0.0035522074025600525,0.004457924059104615,0.0029651184124470592,0.010567406872671815,0.003953839499327062,0.0019887661392197827,0.0037847653069697186,0.006978326558648388,0.005579394940478547,0.002069265841744315,0.011545449129545695,0.003488100356423037,0.0038676362721663414,0.004214214108005846,0.003346197046160049,0.006021966529238244,0.004105390779014539,0.005054621193240429,0.004806657661345387,0.004414971520964628,0.0036140539584030465,0.003618302847866548,0.002327792000101187,0.009526959916612461,0.0046242642904995735,0.004657251044462816,0.006274432420926471,0.00718035216120716,0.0035362963694372477,0.005899614862908281,0.01447747431998495,0.013750689750576032,0.003542216241787406,0.0039565553752631205,0.0042769863665231365,0.008917952952393537,0.003956281169792019,0.002295363948911163,0.00333679765275466,0.004940521659992201,0.004207023712086926,0.004021973504649013,0.002598741844268578,0.00571445872202932,0.005828446591378063,0.013035109286598116,0.0020515925636664855,0.006035166108014065,0.011491522646747784,0.006450542297280047,0.0024278776866217167,0.004098966469824436,0.0020956153197849966,0.005022466279472948,0.010639376845411552,0.006378912302404195
3456,0.009450735073790814,0.005719483830870627,0.007408882114280663,0.011643088876416803,0.004321094045751575,0.009406371382540624,0.0071870449910979885,0.0031291719985705626,0.00664017904845215,0.008108906777527906,0.0037948319083891467,0.003956350985160779,0.004947888325681864,0.004168347445268177,0.007072720984420733,0.005706231148951218,0.004637746358211499,0.0033811422986473006,0.001968873521259937,0.008430828804550141,0.004195030305857222,0.003213141516681618,0.012746418953387231,0.0031148026629328044,0.001623867537884898,0.003750782557485985,0.009255266472345624,0.0032810032448965494,0.008155370513871968,0.004521378717832803,0.006802379366488388,0.01697631796734402,0.01685632830793789,0.0025419413543564277,0.008275516970190164,0.001250443853703369,0.004081274566333221,0.0032949510505342274,0.005010952003668268,0.003543261532875728,0.0039355468982342386,0.0037581662488719468,0.003228819109802334,0.004536690333687746,0.004363978225107572,0.006721824032514769,0.0032380884777908066,0.0045305448080913075,0.0030512869390991277,0.010619959874312168,0.002714462396053119,0.00220493386886473,0.006404628076787096,0.00681613262364956,0.005328366796409811,0.0025318808859538184,0.008807305895672489,0.0033070271460921676,0.003953267931041348,0.0038608744526848465,0.003754793117467578,0.0061536992654049934,0.004469549689071893,0.003874106259217187,0.004520226419245078,0.0037984538688585106,0.0036896074589037485,0.0028442162750915946,0.0023550904849181844,0.0078388681470572,0.003914013105626497,0.005343420675360434,0.005571754163665834,0.005766610323721807,0.0029746978124836803,0.0057581773476651985,0.00998822716162108,0.015815404154672343,0.003565102641384112,0.005250640315210518,0.004144529309489951,0.010732754506080584,0.005091757150767987,0.002239737837639164,0.0031759932246963234,0.004701685490866428,0.003921132362391704,0.004315321539219632,0.00215112311265393,0.005027004185552281,0.004823393425451845,0.010820449735646658,0.0025438873503779444,0.005631334322485473,0.010500730705991354,0.005745776648062223,0.00210375691816022,0.004615023908787631,0.0021873995272246424,0.005161293993283845,0.01039911648332517,0.004666814638878184
3457,0.007825700156410854,0.005629207925669958,0.008962989757237505,0.014422222548237218,0.00512500818414645,0.008325274067399278,0.00670348627679125,0.004184414290850147,0.005769043863510252,0.006522264521467582,0.003428672006275128,0.003302249006717285,0.008653325677216384,0.00556249364991099,0.012686172823579435,0.004274334430223303,0.004595664592734847,0.004195356184846434,0.002274961533472379,0.006136999770914269,0.004117903459541927,0.0029228936527804163,0.009988656748406254,0.002532734904883726,0.001850929667611164,0.0035091915129869186,0.007580684601013354,0.003056975468855935,0.006711232689653177,0.003288268680494946,0.006009626064410525,0.014152319335141113,0.014601488941320951,0.0025446775248482395,0.00769447441185671,0.001633596329070977,0.003569002899399897,0.0021918952900648026,0.0035064059500490275,0.0029559261465272944,0.004017227518598595,0.0034843765091638877,0.0024490534433681222,0.0048319450127406755,0.004704799485652049,0.006925980463192294,0.004021338858240697,0.0044949483112671764,0.0029071973187861622,0.006395361304360969,0.004025352204199813,0.0019958932688809864,0.004599612078408063,0.00619932995747572,0.0058816161478685135,0.0023881867330384325,0.01356587997071011,0.004126754552619787,0.0031832639668319556,0.0034252471035691153,0.003920291679315126,0.005849817270952272,0.0063532425513105695,0.0037251139672950786,0.005909324071848567,0.0042483894856174785,0.0036026540798054004,0.002581829192342394,0.0024705970105117396,0.0040136690941549825,0.003428223795256552,0.0047831689510409395,0.004038098003848848,0.008596760255515699,0.002647043210057931,0.0035473678814227257,0.007382658129974358,0.015779503114098405,0.0035502160711666977,0.004619705349531268,0.005350808437451284,0.007530474951146359,0.004265028892914922,0.0024085881596828396,0.004065071353915125,0.005977143849660336,0.003106269635512079,0.004391166625028888,0.0025346809841516535,0.005099505427109092,0.003920899359646549,0.012937031706538355,0.002227644389149453,0.005845226273017007,0.009731757220304388,0.004680684767662461,0.002696591851066047,0.0034818765375003113,0.0021017827415489698,0.005127061646924186,0.012066425009616969,0.00579068280822025
3458,0.01009561565464188,0.005756978595756043,0.007240513713054225,0.014785127064426248,0.005069992124746312,0.007592438633223642,0.005160310723953499,0.0028038300099637614,0.005241115421491792,0.006718786355938115,0.0039674533259130675,0.004536999124930732,0.005799351616454933,0.004850295926364269,0.017783382003126364,0.004230556058888875,0.005398017556863782,0.005005737990827009,0.0018669783418894202,0.005391968148586707,0.004247003391995775,0.00773990664465943,0.010098063363766717,0.0031009123129734978,0.0017476904904599278,0.0038940116800397283,0.00554815302561515,0.0032292468512854044,0.006231160869328522,0.0033642442956266735,0.007503487464863578,0.01625411095949259,0.01656006900107362,0.002592098100397467,0.008757123717947698,0.002276053654215409,0.003739658062535652,0.0018934839135662726,0.0031896124859057567,0.0025549068576529465,0.0025301730078479464,0.0032920905184438947,0.002682900750687216,0.00706864764022481,0.004619807791102416,0.009992618846166536,0.004111982825386368,0.004238254928718609,0.0029446915901892314,0.007940569667308075,0.0044197607914583225,0.0024432968153998828,0.005322004938482172,0.0051477072687889395,0.0131577745464974,0.0024465291624313156,0.010922978517717383,0.004025957301635015,0.0033613524204956845,0.0036969744180103663,0.003893021053235902,0.005497767194317546,0.00501208659919559,0.004057999884940128,0.004879372739405141,0.0036184733099037035,0.00422310855518446,0.0022450114909933197,0.003625413791520219,0.0070482918137569,0.004771852522718683,0.007104882041724379,0.0035666438731552616,0.008910001414080541,0.0027263797735860877,0.003798067881825915,0.00793694284962521,0.016925527199898566,0.003675231586908352,0.004375817163770261,0.004244096830605874,0.006153628477034434,0.005653137444150435,0.002503425137675917,0.003683683229082667,0.006298526284752709,0.003273674073090583,0.004307675852942038,0.0023367590477694133,0.005223406917264384,0.004601050621647683,0.008892782245526974,0.0029469193222927017,0.005075710350879871,0.007062899014100653,0.00434096071077968,0.0032572103115390432,0.002887763698515127,0.0025677720861870756,0.006156110781403643,0.01206554361012059,0.004842954007646976
3459,0.00718849139670994,0.004807907672963051,0.009268680414980541,0.006755712891570036,0.005357973793451781,0.0074958049533437356,0.0067512093218736625,0.0027568220425728224,0.0052237976658611315,0.0060223460610597974,0.0038559187480536362,0.0037538656797512643,0.004583114399033551,0.00430211457604109,0.008667879074300937,0.005993430364852564,0.002466608530997259,0.00586791826006969,0.002542852491218299,0.007713864499160536,0.004735137972415235,0.011094549450167038,0.010765930710918515,0.005765567077643746,0.0023691461364690265,0.002990642904579161,0.01019245334423318,0.003426151496419259,0.005591057126682814,0.004184053715690149,0.005830846732691289,0.017237637613999084,0.018024922818411417,0.0030101919337544533,0.004540711533991567,0.002452190983381176,0.00418435904723589,0.002522639259954492,0.005772638402914169,0.003098076589481152,0.003584348431832586,0.0034385390704763747,0.002846070877351486,0.0076140585924448665,0.004768375323067062,0.01059864599399754,0.004996835978960631,0.005172319457717795,0.0030731401890016193,0.01040297749872045,0.004804919046191343,0.0029198657834856676,0.0031472868460950157,0.005433014522598284,0.014374224602904802,0.002963207278260166,0.012171685841119986,0.0032164284139472163,0.0037490779996357383,0.0037674538948442764,0.003547958897282352,0.005819459115397456,0.004456472380235329,0.004302634611390135,0.01004819955482062,0.003814248975966823,0.005505755050160742,0.0027178654685185784,0.003103708434821182,0.006800134926712489,0.005425934279527808,0.005929491340358414,0.0038513922272098563,0.0058071963857498085,0.0030312476432423534,0.004666553999564448,0.010765961015012945,0.013956312438146415,0.004123561873532292,0.007008076676109975,0.00398040221643289,0.0077385329587184425,0.0037002129831860174,0.007138518640925136,0.004378956317044545,0.004721838478406851,0.003171066046133237,0.0036648763277285596,0.0026612502913198003,0.010263159788352716,0.0057577936907244305,0.010767828616302074,0.002222182459488122,0.005510079817811273,0.007679043844136911,0.005417390791492093,0.0032911151827973925,0.0031846181710574813,0.0027521773583862206,0.007075815066724362,0.010539142151529486,0.008496575085195227
3460,0.00972214966995669,0.004463873949906408,0.009306598758301162,0.0075349281580640425,0.006075079927164183,0.008679151545600184,0.006568872469531041,0.002260801767658208,0.005055946896385563,0.006759481118186046,0.0037731021957848783,0.00420805519317723,0.00634506659515016,0.004947835004760935,0.006741136873278277,0.005585231220796822,0.0030986677233269836,0.006768119929728349,0.002501983263811795,0.0071164048715045836,0.004658841525968735,0.007858980776927439,0.01270559286672539,0.0049606507760659,0.0021375238362922864,0.004765413548180953,0.005911124302846153,0.002993199336869733,0.0054048492584713856,0.0035652515564354274,0.00706497730741535,0.01275866068880557,0.014477783195695872,0.00417806090228105,0.006913347445341209,0.0034610668791311685,0.0032827828418263458,0.0029770505261548334,0.0037172996937414405,0.0034210136320512795,0.004069561234804549,0.003032183024773925,0.0031045234252273838,0.006688442413760385,0.004593316261175947,0.011490974118406246,0.004082296350715359,0.004553747918699036,0.003094710204180068,0.00465873147012155,0.0025793368889661518,0.002575046114068564,0.0035628895045744778,0.006674492571317755,0.016640834548579474,0.0030858937488220392,0.010248404215290606,0.002770002776985168,0.0037280238536937923,0.004173540895683003,0.003099040981487744,0.006535714744733984,0.00463866120231373,0.0035495649012171077,0.007155226637076278,0.0036332956944843202,0.003540366959448062,0.0023383247894357673,0.0035625483024745185,0.00707894683363392,0.005005987122110173,0.004427391793251954,0.004095793040699953,0.00728712386963367,0.0030355051933655644,0.0037845379157631755,0.007521682962011683,0.012779484518931095,0.004041181413515978,0.005248545816475652,0.004069721434301429,0.010099849872493216,0.005716973019076313,0.002270537548690606,0.004412113516360046,0.004964677025124085,0.005663476279803348,0.0035018532116091196,0.0031965792296238956,0.0076090565303526675,0.004989951776457654,0.009473966739115249,0.0024512474434157613,0.0057293335403736205,0.008976216873648522,0.0076651042426269,0.003582887214485613,0.004072461249413583,0.0021866966561084203,0.008716598984480605,0.011189642150851026,0.008567402484840501
3461,0.007713787277617761,0.003934148176483597,0.00734606798570882,0.008771951779742323,0.0064839294689626814,0.006547258781644726,0.005933434012070467,0.002151403502752233,0.004582574630153886,0.00691757611996661,0.003596709856936017,0.004219846964059068,0.006330937228124967,0.0045458795643814436,0.005628401403440493,0.00545016038063713,0.002877377205182691,0.004400331561587588,0.0024972976610301545,0.005016110454074881,0.0043380005288818505,0.009722068042338536,0.013238957140292941,0.006574591791801556,0.002065185128586301,0.005432028312176641,0.005449057835447743,0.003347071512121435,0.0062014350067625245,0.003113155631466845,0.005934550143164894,0.014881916232315688,0.016723222277616266,0.004505080016022682,0.007812924681185898,0.0022729196778824277,0.0034007615168693234,0.0026329311978092653,0.0030421748662518623,0.0027608526823734284,0.0028032642934746766,0.0027257931321331003,0.002795455875878265,0.0037298728319279995,0.00404876535959026,0.006848610125304489,0.0030159628111040013,0.004938266203156048,0.0032202330551373073,0.0066478576095380035,0.0029390818671606637,0.0017237261248223125,0.0039789873612894105,0.005250317332731921,0.01572828144021252,0.00246954647216854,0.008339691442174712,0.0027705374805773505,0.004203362533058733,0.0037714823245962427,0.0033787807412825046,0.007178145508417621,0.0046644633679498795,0.003852867121203551,0.006098240309555214,0.003554067555302141,0.004227566721164528,0.0025495548702869643,0.0024792385721585037,0.005940819446945053,0.004185953259021636,0.005020476019582884,0.0039403188408269315,0.008755678632132901,0.0025928200328984696,0.0037054407592417202,0.005301580858563546,0.01557387749342959,0.004247797899609859,0.006114815884641883,0.0034227851597356984,0.00734071022594218,0.004426471575758749,0.002076592023586896,0.0032114109325114518,0.004424199042852543,0.004764551865330451,0.0035708229227050755,0.002168477652127843,0.00611386431850561,0.005369056066861682,0.012932995043331253,0.002992011799398041,0.004740871322206838,0.011638514475195113,0.005186221581562191,0.0033312843172892763,0.0038901949404323037,0.002161515425487217,0.006148877535309843,0.010805888784793166,0.00541933487641672
3462,0.012558252458117739,0.007658203648351416,0.0077373856290239625,0.00872184290776435,0.004370990153874718,0.005255499498828458,0.008734844347095028,0.0033039521926090513,0.0054470981204491715,0.0074138058846871,0.004471171650927298,0.003799119660080934,0.008165152398351833,0.005281450656393463,0.008163887767681765,0.004468426973651149,0.005299037229301897,0.00410751451830965,0.0037327452748706818,0.00985978384721345,0.004329932406872375,0.009056475570592292,0.017425758503442516,0.0037259596809538927,0.002832204374839134,0.0037614385266750176,0.008539717355813142,0.003286555887810556,0.007157670398786721,0.0051650481471585685,0.009689341879796013,0.014362292652519787,0.016112092041155338,0.002300492929440474,0.009730256933165449,0.002220676767566113,0.003292984017658971,0.002427412817716782,0.004974962362770291,0.0037124156003876673,0.004011682265748128,0.0042885983610733945,0.002540853799691338,0.005128738514045961,0.00508122089345906,0.007470379599799216,0.0033832965959282564,0.004100017773188324,0.0035501946707216557,0.006467170628749095,0.003488404427986953,0.0017004313245506863,0.0037895275236726907,0.0075173433904807225,0.013623631323432655,0.0025093829633393958,0.013588800261953393,0.003694724694032599,0.004548384545729042,0.004899874842216228,0.003510819877624013,0.006389148523455438,0.004389974551654426,0.002429461180438872,0.006633940408280429,0.003030322488646982,0.0035228904339952346,0.004522194436497953,0.003209323201304752,0.00761474082152788,0.005195848678951823,0.004442690346408742,0.004144588883380396,0.005630993568960001,0.0032278888413579776,0.0038993492838381855,0.009227560993076188,0.014977058947770476,0.004065213746396164,0.0036655659108801213,0.0042939639890373195,0.006862738556351937,0.00373109056860249,0.0029765251198218905,0.004159895055675226,0.005764499334689654,0.003528547494109277,0.0037044908093225733,0.002861347582519377,0.005553308302165266,0.004326731962156087,0.01171157584350278,0.001756033603530703,0.006452331488590507,0.009449460794362655,0.006890077148898936,0.0023342628089790805,0.003864204937110241,0.00259342681354452,0.006778256068570818,0.009983693556317556,0.004143180879714151
3463,0.010992622211060015,0.007355186646394871,0.0066894778127095465,0.008084604087259941,0.010801952220564036,0.007117433664080749,0.009220371410490761,0.0029525631217053156,0.005437710593467436,0.006078605492672833,0.0051480276171004214,0.0053010512865629906,0.004951711461575247,0.004983375719974415,0.007980767419818329,0.0048346649008694864,0.006113242792545052,0.0054650316748480095,0.0030759997264285304,0.007949400996394797,0.00493094432126954,0.006057361426787589,0.009769718726703793,0.002997209953723992,0.0022798181910698248,0.003961188450805144,0.00623062135736406,0.0037232930603835744,0.005651482504436954,0.003296157949792925,0.00569717532187286,0.013542728962923327,0.014700412946986898,0.002658347377744977,0.004377905508875506,0.003876546331572358,0.0037238361736769724,0.002966161749679189,0.004777715864756343,0.0032072886291772116,0.002960595266245572,0.003022204168184102,0.0032323164855080273,0.004721123397123323,0.004807463035903811,0.006860535163021701,0.00333065256171604,0.005671744555716836,0.0034992269070553603,0.009150007564513023,0.003390322382532508,0.0022281772146519356,0.004577599851438328,0.006041747417043635,0.014930578382423237,0.0029182864196645813,0.009489295626072055,0.00326273125770829,0.00438318918664048,0.003684010114132704,0.004303505651699933,0.006063432292898662,0.00581084849445895,0.0033717249048972023,0.006236468080250849,0.003105102049587016,0.003649185114008111,0.0039167591038297405,0.0029159212034840926,0.006675677221698791,0.005240856577261717,0.005877418084703769,0.00434858922302889,0.006720087160109412,0.0030527626205828083,0.0038056695962119568,0.00743983726411378,0.01902495976486937,0.003973155024647199,0.004010481543189577,0.004627368424927173,0.00811385353901539,0.004454953638044961,0.002111910185163703,0.003668513276095655,0.006566873502710012,0.003954410996501649,0.0036103809653224832,0.0030955542755982937,0.0058234992093257635,0.005049551060102433,0.010552633946311557,0.0028906265704458306,0.005066385892750482,0.011902529390195845,0.005280119140294133,0.0023183457247142555,0.004008574791468661,0.002777037897981596,0.0058248809087547695,0.009656320323008278,0.0070718391530644725
3464,0.012918705260864237,0.008493235877786852,0.009275443240349958,0.008149790043284514,0.0064857530104469475,0.00701984386097345,0.013039433604050417,0.0034480760927199433,0.007060505530165033,0.007114149646451461,0.005244246548106949,0.004864786616798585,0.004444085278774638,0.005769996244663654,0.010511184346279958,0.0051647004512442255,0.006566985294498907,0.0075071966870714855,0.0028777215127079037,0.007670328461469813,0.004996071377481029,0.00790311994365929,0.014717896334567061,0.003426410203434342,0.0022782386637563955,0.005245407637534297,0.008069220093279374,0.005152120384307918,0.006354462513068712,0.004126234255314494,0.0076952078699548876,0.010110478539556803,0.016453120584096696,0.002823477136334165,0.008692949940316294,0.002788822712064738,0.005155586565246069,0.002925233988530791,0.004922448880497205,0.0027881524277883927,0.0037496044101358837,0.0032377078191147715,0.0030664383410284896,0.005666779963284483,0.006049827024835592,0.007138408508774599,0.0032404078599408835,0.005458732610356506,0.003909567890134937,0.009418424801190801,0.0035232175592590596,0.0023263480828163213,0.003675273226634997,0.004417919570483549,0.013865963356553263,0.002772691006622569,0.015115479958994682,0.0032262295760724868,0.005110749092342462,0.004224701796825782,0.004609332168920058,0.005692139013499707,0.004532702805941789,0.0040528323734352854,0.009741893575522895,0.003628267395421573,0.004857738618890785,0.0031883663208527794,0.003312854102896532,0.011166106522514934,0.007488811759288209,0.005567996425224665,0.003727119068316899,0.008676964006031525,0.0037339330145646455,0.0047441344181858676,0.005596836256818814,0.013898030514536029,0.003981475442662871,0.005311874570247586,0.004100691933685134,0.009221892657510127,0.004041740565576787,0.002648095514106186,0.003677727249993386,0.006021820813034687,0.003550187689845834,0.0035112929703014976,0.0030848396220740874,0.008280479653891807,0.00546182624819714,0.010512126235675677,0.0026210784320548556,0.0049562184361041615,0.009417323767117283,0.0056869671121107445,0.0032518155892558684,0.0037132358791136565,0.0023867818711463987,0.008074985391852819,0.013310932375493328,0.007207425889955444
3465,0.010186516414998532,0.007097461858266718,0.009820249308113625,0.01214211286819642,0.005845851667306073,0.006721543650436452,0.009492641592355798,0.0029067761852767404,0.006359445559512363,0.007821143052545373,0.004364933981696957,0.005290154779115998,0.00879472364252117,0.005022271910377547,0.010433107331030316,0.00541846230798437,0.0037872058670062065,0.0052779452570563355,0.00262223039167531,0.005934998973239363,0.004648603712704908,0.002994485312951708,0.01316629480293384,0.002622491284778154,0.001818404087544288,0.004866141519237897,0.009030945645335861,0.0038176553769466858,0.0062255840377081866,0.004264252599432003,0.009035170897837444,0.013088190294367526,0.015097353370319517,0.0025047437356026745,0.008488778183261015,0.0012351217303221778,0.004040808795829796,0.002152385042049503,0.00612436891920051,0.002405438489035708,0.003489522371831983,0.0030388845274587403,0.0025149674090046733,0.004766273670692489,0.004469904631135741,0.007829129386409192,0.004241313770668697,0.007193972868224992,0.003958911697975381,0.005744905904301017,0.0027125776018448885,0.0034529635349213436,0.0034924581630605338,0.006533503565791862,0.015624845817856054,0.00405248430583413,0.010789247158340325,0.003310785563218206,0.004570846662969836,0.004300793082297692,0.004040084466206535,0.006570437443255062,0.00511035099787363,0.004550743956470681,0.011075348965208084,0.0038579358621067907,0.003444520261748454,0.0025835225594623154,0.0023324838330727677,0.007997598014427296,0.008039219617979812,0.006444799978884937,0.003667201557358626,0.010161066695098048,0.002617453118488023,0.004251758416816225,0.006845115375172087,0.016372292317635297,0.004652400768168296,0.004467989439115594,0.00444000763238664,0.008845510785485459,0.006301817833997246,0.0021279341044511584,0.004274438522472169,0.006025954963838268,0.0039470971680921575,0.004218435574489326,0.0036984220859300103,0.0061137939448745494,0.004487688962552264,0.009226176170680068,0.001996757840273732,0.00631017489970733,0.008437713248126361,0.00589223509171243,0.002625359828944405,0.004587062785377596,0.002742318316480095,0.006942059004585478,0.013494236772451191,0.0086740536791975
3466,0.008532085229431646,0.007050271586721043,0.007432706526783561,0.009583890168259323,0.005471909590842765,0.008226731720244384,0.008327345043861118,0.0037001621889020874,0.0065410349144866,0.007501397525501497,0.004161393771380414,0.005697867577980876,0.008910666039904609,0.004713664713911452,0.008655862249751078,0.0053145024658905,0.0036780927629973532,0.004110979463287824,0.0029657076827221507,0.005429727573854315,0.004709552587203845,0.0029975898130359434,0.012581993450963991,0.0035861489975557432,0.0019999713220180955,0.0038731090111744073,0.008292101211303743,0.004493472662261515,0.004893732737148431,0.004205200244304028,0.007243435184932565,0.012382942454070608,0.015494404857696067,0.0024235490788282396,0.005703872362293646,0.0014254043855921768,0.0038472521968286847,0.0018013835518643692,0.004020535712966507,0.00274261481398259,0.003130218409931532,0.0031737357375872456,0.0022613300636520404,0.009076278634571833,0.0042966484596286296,0.008653872418950017,0.004142730757262838,0.008043038292767781,0.003497077756084895,0.005076661763625259,0.002604396222978271,0.0021429966111188446,0.005010228990428733,0.006094305077797043,0.013276167595002896,0.0027045886315170643,0.008814947815971034,0.004441460753798391,0.004629594802413525,0.004675627212973748,0.004273214436322455,0.005324504789969458,0.006455420962775456,0.004220633391339407,0.008090857333701016,0.0035598253653257605,0.004048515426836808,0.0034389855545826223,0.002628791318056828,0.0065848096809623755,0.0069968926653899925,0.006734153991736296,0.0038505258623528367,0.009568940119206644,0.0029190952357367812,0.004240646418571776,0.007273545253327906,0.016241741404012248,0.004035258684375073,0.0037271663676332503,0.004608973641388075,0.008222186865171625,0.004651657536274597,0.0023949683764745,0.004358958612646916,0.006841502531857876,0.0038564407172820745,0.0038172876663302366,0.002443469953097788,0.0046133446559423795,0.004608396167292004,0.011748341506182251,0.002101088108278885,0.004756347241068831,0.00848427397537313,0.005244227912276695,0.002289207227953236,0.003522587186750748,0.002228204811186622,0.0058811283688280725,0.01150573488622526,0.007433765558396851
3467,0.0063315441852472756,0.005885136059093256,0.005398883231598693,0.008931128034885417,0.011796473859139614,0.008873497485882825,0.00862345328528799,0.0048487349986456405,0.0041010008248693304,0.012349019700460344,0.0037069240686885886,0.004399793489403,0.0043151970055109404,0.005568252649081551,0.012842551445700325,0.005486688357668995,0.00357004065909636,0.00462917998350592,0.0026820120033444407,0.006903971946855513,0.004511626093838906,0.003961502588133174,0.008353831729399639,0.004864344343819299,0.001767181622035782,0.004482073782195255,0.007753220415757938,0.0029766755104554017,0.004887304622149718,0.010056648375643715,0.00820437679401088,0.01498044271224045,0.017671826747942525,0.00215801621184594,0.0032792854346705086,0.0012440815280731054,0.00310523882603698,0.0035154735620907557,0.006295574929203256,0.0040614849567070154,0.003398085976472654,0.0032186089480264915,0.0029178149002211558,0.005521938994693568,0.004549938792363341,0.008277953436657215,0.004746066712633228,0.012061350367698054,0.0036982753292245743,0.005069652618683361,0.003233791761919846,0.0024625033574387336,0.003549750395717078,0.004953042232673087,0.015358065691028853,0.0022079966848405374,0.00988568524114563,0.005241634245132379,0.004757120917152693,0.0031704260382382277,0.003982621637973906,0.0075928642980782205,0.004551187121524809,0.005084964419371871,0.004337709330059841,0.011863941877066754,0.0035147556887974974,0.004569664495183473,0.0024130036514215516,0.005492029534378413,0.010844477119936736,0.007815482860324442,0.005405303169692748,0.004657673195442156,0.002017680098747746,0.00663855667114588,0.014868015552127458,0.014124906176467278,0.005029500911710518,0.004482887134293854,0.003579115271081583,0.015276212859847642,0.008088588334552824,0.004047996906577959,0.003575519157262553,0.0040624223363392616,0.005620657278776926,0.004073306769740624,0.0025688850169607817,0.0087444694867566,0.0035892862938794448,0.007046260199213563,0.002183494928713125,0.0040696676124415436,0.00922741625156226,0.0050636177791307715,0.004717464130110055,0.004363737376542696,0.0019599358911218047,0.008326214196285606,0.004620962839346375,0.008793427675780074
3468,0.010147772683774153,0.0051919368353983975,0.008263451317403041,0.010732034151711011,0.014204190621513449,0.00895267583106635,0.010199158723007968,0.005199280645886783,0.004933889682173959,0.007522710197498532,0.0036088705280388116,0.004694884174482842,0.007647370873952631,0.004857536465345569,0.009154311635246022,0.005262497004717303,0.005743180879144725,0.004029885404558104,0.007470167945839192,0.009163575423921438,0.00495278084641015,0.003627199606148741,0.011001990582421893,0.006544432452439301,0.0025005467941027824,0.005248640809578164,0.008731974143296179,0.0031455797450664646,0.008124868010882198,0.009505680384857754,0.00535547035986537,0.012533571155109722,0.013255016052944067,0.002770961743398663,0.006832767323946508,0.001486947325632281,0.003692261028187513,0.003182473810339395,0.0034772238265373063,0.002731182945300775,0.0033362939328635583,0.003517968752467182,0.002171214794376933,0.0050280786048326285,0.0054396465022272505,0.011091200917440966,0.005845045462741845,0.00990620417247387,0.0032857945950796313,0.007331893505869256,0.002769597668740956,0.0019243482842186315,0.0031581683646446854,0.01014172390338007,0.01572636688913423,0.002559271381467055,0.00808079029317079,0.002944012520572164,0.006070771138051266,0.0024609825838313205,0.004017594623797339,0.004843262785753062,0.0050586520182854585,0.005528669215137909,0.004370354563646077,0.004244645445262371,0.004269964525056057,0.00250945078338637,0.002329761313473332,0.007886179650093207,0.005700989940118,0.0048751965049816225,0.00544414402718025,0.006864804682436879,0.0019505181099980652,0.00632338571466267,0.006228708768096796,0.01049793403563286,0.0038313745794617948,0.004119971803628097,0.00416424062489259,0.007867237264695097,0.008304705566464878,0.002967860586627371,0.004094967075809246,0.003981103175514579,0.006884030443131263,0.0049458513061669835,0.0031022920304065106,0.005496557779346057,0.00476341414772519,0.014797538867101336,0.0021967287634568917,0.004457670387023307,0.008222901386809487,0.007639396466607406,0.0019638934991876014,0.004098117262960796,0.0019247119783511717,0.007141391423509952,0.013057267806723885,0.009622350288065271
3469,0.006569109892413658,0.0045491902933910075,0.007163758734270372,0.012576437178120427,0.007063825721941859,0.009416248395247013,0.008441094129918525,0.0026230268319821465,0.004946109739777502,0.0080098253065815,0.00425014650942176,0.004656226134993095,0.008500902199579212,0.004708212442585426,0.01138412321267774,0.0038638774447380623,0.0035871195539156427,0.004349049707717028,0.002189366224919645,0.008156023833337883,0.0038916944391289986,0.0038281278020484443,0.008339549615863692,0.0065556484486365505,0.0017272603250749986,0.0034435009720481073,0.007967288085718973,0.002638141259418955,0.006261942550863693,0.009943008126945164,0.007492384661450896,0.011673461320348757,0.017894654125341365,0.003389237821211603,0.0064019410224675066,0.0010759667623016723,0.0038677321598197725,0.002664127603306311,0.002815100084617073,0.0031600632675769097,0.003800019944721358,0.0032085709414168308,0.002060612476389015,0.006298590728587576,0.004382535708724701,0.0096676007358081,0.003933348906891271,0.011692481640679797,0.0033235789205107256,0.010201334751066425,0.0026666917092056327,0.0024866640283010863,0.00394367173651659,0.00590619023359071,0.013808201977146724,0.0022845507718120663,0.008414805558516458,0.0037570450603884773,0.004352910771532082,0.003367313376730402,0.0033594818461929214,0.0056509495463689195,0.005246402792602894,0.004495454124404533,0.005137549786113358,0.00364284271078443,0.004240228122935157,0.002463265811802326,0.002885123159941908,0.006905148929273755,0.004916370607582207,0.0062258015941446965,0.006534922648824803,0.007271187438657846,0.002167926619739194,0.0044341028134890085,0.005821930446408639,0.016604942044211004,0.004052578649029569,0.005260017622865594,0.0032550223423931336,0.007132239101146635,0.00642061619778932,0.0031709893215600246,0.002841399760116276,0.00431416384992427,0.007097989596529978,0.0039990316608239625,0.002392436105913348,0.005180921771209891,0.004612503592665392,0.009088558380286556,0.0022299491661341942,0.003946113175273095,0.00995925106582951,0.005484175636095655,0.002248480438426275,0.004466529925275076,0.0019233350418212585,0.0053753508313457155,0.011181880624644036,0.007917678853277217
3470,0.00994718015930112,0.0040926847276949166,0.009853264216717098,0.011474286521747873,0.006613896977848797,0.006855665647573363,0.007533679946863669,0.0029300076276720004,0.005855909650914912,0.006469169349979956,0.0035606758244941094,0.005112141020624821,0.007412195718548819,0.003477839306807822,0.005516573618791329,0.004133546640650936,0.0035586319770068036,0.00364701739192179,0.004528391521213985,0.006140411346100021,0.0032991119155363945,0.009618085786875327,0.014299248916163663,0.0030529784492050126,0.0017738193223878513,0.003389471732040065,0.005580193201027605,0.0030357564146016023,0.004720745275148115,0.004851001812874979,0.006480245065900222,0.014113173248392431,0.018547542858468182,0.002427800520183518,0.006060646192802594,0.0010643713598456777,0.003221500184179337,0.0028546363620979213,0.0024910392840980814,0.0032606984535323794,0.0032409637591866883,0.003450848761183349,0.0017341089675263581,0.004890456108024875,0.003744204507474875,0.006131881409396336,0.0032234860393185586,0.004318136722788849,0.0031719940048401444,0.007731467422000966,0.0038659357819548555,0.002121881056281564,0.005072894340819729,0.007356746914532573,0.014048869347770866,0.001565742770927766,0.008247083107765897,0.0025921395605108524,0.003141805085027281,0.002550427716352028,0.0034730370971040154,0.00479148164469215,0.003953972898780868,0.0030780718756373703,0.00482200541592759,0.004319221284048455,0.002859863798381114,0.002184459253552209,0.0026883059301760293,0.004823993015679594,0.006185465655781643,0.005198942395349013,0.004097159853912363,0.004641996309831878,0.0016527162140368798,0.006616482245646439,0.005511717049975929,0.013354817421334703,0.003444025195656212,0.004923418403119245,0.004446236185341529,0.005483606463620893,0.005409065863103833,0.0037854097532914154,0.0030761218954885,0.005220624482656087,0.007494791298346543,0.0035280747542906304,0.0026505558580504516,0.004030826494038869,0.004916887946118961,0.016003373625807737,0.0016783003588697284,0.0031464548644335923,0.011705610470597453,0.004925681991552004,0.0018152958358945875,0.004268472506594617,0.0021077229139097537,0.005662722595975638,0.016306676514867013,0.008759735738251572
3471,0.00898133549044098,0.004027266203498227,0.008223895278370343,0.010409959821553485,0.0033976852313950257,0.00432212744989548,0.0069045336930096055,0.004098320625460367,0.005961792836638762,0.007528433149673644,0.0024442508646494816,0.004954888266367299,0.00967765780988768,0.00383042441540224,0.004187218810700053,0.004629314154590541,0.0037813622452080686,0.0043059181073696355,0.0017011830963025174,0.00565292023974272,0.0034109635599967785,0.007699424238055299,0.021225652064843555,0.001916734218193519,0.0021275695397848728,0.003548671576295263,0.005814600674597392,0.0026408709612251832,0.0055228975349692335,0.0033332532089054585,0.005826431590313962,0.01592138392185709,0.0168536015212229,0.003009632904634856,0.005228878324559474,0.000764351349618186,0.0032298890844458484,0.0033102951798346914,0.0030503723891328986,0.0034730787178589213,0.0038433498660504235,0.004591418712934455,0.0023593543898831845,0.006984983485100129,0.0036582119521649556,0.012950472877433384,0.002873840381753758,0.003733951502992145,0.0034680287478082304,0.00576062297330519,0.0017166787681048177,0.001392091140521525,0.0069216125053727685,0.006875058057369413,0.013478050225157726,0.001528929858018876,0.010619182118806962,0.002451789542975895,0.0036712609615894695,0.002996250304805971,0.003331333518573016,0.004806602270903192,0.002814776894730869,0.0026860398819385017,0.004620088029416452,0.003970507611313397,0.002891614570797901,0.0020340124517834973,0.004708523080910589,0.004282991481806916,0.004937852756071713,0.004791832770860256,0.0035510532221844646,0.006410011936523786,0.0018162370104905516,0.006711408357265758,0.0057277854653325815,0.020189162496023014,0.003377436926092072,0.005601745018053713,0.0027409055629248735,0.006323082889982855,0.0043300676709835525,0.002323401434979023,0.0029388629591085686,0.0065157778515001815,0.004409491170573792,0.0034876051156801685,0.00243347335300937,0.004969163921995252,0.0047959940709071175,0.01575722402602621,0.001999549292706644,0.0027484216736028536,0.01047388244774491,0.005989238914950362,0.0015547414415468346,0.003860627657061719,0.0031450370279112114,0.005439323764131308,0.01133656602609098,0.006098007763943923
3472,0.008185047714335312,0.0046873278964586285,0.007161652861137796,0.011577701961962837,0.003568012049383988,0.004789500790455122,0.007214052520843199,0.005078262994521265,0.0042888062307764,0.005795726133524475,0.003325455111139455,0.004427642249040582,0.011069427375014452,0.0031857366472546594,0.004985626404380451,0.0036663802647415567,0.004498967082682623,0.0034163466475458366,0.002107010836647652,0.0067176527631451185,0.0038904116841607804,0.006439322051779028,0.01139239685497899,0.002797690957810988,0.00268492651260807,0.004675993222444542,0.007257537239029145,0.002497599277612819,0.006002728548841067,0.0033682493409526453,0.006870755846068617,0.017156553266403928,0.013025387224960418,0.002152824079388141,0.005192569098503214,0.000640686212484946,0.0029924262620452243,0.0031726218243494928,0.0027928861135138854,0.003281717014913343,0.003688580641600889,0.002910667806413054,0.0027703689145324017,0.00673773697959598,0.0034721359879548944,0.018298067860629125,0.00447721677233058,0.0025147301641453776,0.003625423150685191,0.007414269233490341,0.0040942728914989575,0.0015499112498968332,0.004253526605858326,0.005923830273579279,0.00618740066026469,0.002809308995887503,0.012079862821177975,0.003405350722372391,0.00400845999636013,0.0039871098274481655,0.0037634387250906113,0.0056439203466449005,0.0033923684174754225,0.0029106407556904906,0.0041538432123407465,0.0040584710204113065,0.005032831722237674,0.0027695109580174546,0.006047125830856976,0.00398026700336059,0.0037546480944414583,0.00528668057931853,0.00269821562732019,0.008394830347500767,0.002521340713246389,0.0060265316915643396,0.012013709881904991,0.01406813627365125,0.003167768797184303,0.006032074980443547,0.0039001993418825787,0.007865319226258787,0.004882526859114332,0.0027180172698062356,0.002461826673616189,0.006367258417776906,0.0038106264346767275,0.0038105320167584073,0.0021406080306716428,0.00540790246200206,0.005368846704529742,0.014210303492884728,0.002070332688855619,0.0063797765362483575,0.015286024894821825,0.004958847234286693,0.0018340642863360695,0.003259428107218285,0.002712316127124277,0.0055383944941683,0.00963605743512925,0.005188921981926219
3473,0.00710250724602094,0.0043250404012534155,0.004861634057831076,0.0063968776670144814,0.0036306147875616378,0.003939539022469802,0.007537857379792315,0.0047507529321742445,0.005547087376243059,0.005655495137305097,0.002643004587871077,0.00581098837575506,0.005420085948578218,0.0029195302591943704,0.00733535447997313,0.0053591801616706064,0.0042345512365327236,0.005407399708973053,0.006168588021710164,0.007762502730457335,0.0036213247845165147,0.0075404923549103825,0.01120893153368907,0.0030384262126508447,0.001782896493913891,0.0035042004418907482,0.007975780150344116,0.0025766138553582198,0.010224600811317434,0.0037201411153353586,0.0060982896368894,0.017879842352083047,0.014187007950366579,0.002141774584723614,0.0025618174719089903,0.0007591592099997556,0.004266379687602252,0.0026708904941229105,0.0020125101455490744,0.004590848481511391,0.0026951178215185844,0.0020600165756507467,0.0034607326888606697,0.006872442533262512,0.0035828574346480307,0.008030178182774824,0.003038945669672999,0.004237037440550493,0.003393331373936726,0.005799242507787216,0.0021291910272306347,0.002308294730442531,0.0055971101645048826,0.0045079762498206125,0.0069362922595492425,0.0022835404146508823,0.009079260587051557,0.0028245627900817644,0.005409430753718958,0.0043181707720992765,0.0033220401621542306,0.005187152728132737,0.0038202886454381723,0.002912752222376078,0.0036455540183676343,0.004543602906701479,0.0052760182837091486,0.0030201961849722035,0.00609780524790892,0.004767295899384334,0.005325539397153334,0.009389502915400425,0.005561026110018007,0.007239966534837004,0.002755131258209882,0.006537811175074525,0.010396189687472725,0.015229088642697935,0.004018803341173579,0.005645343654999367,0.004426883112472739,0.005828315403634512,0.005468775156957438,0.0027477026249466117,0.00288774907454284,0.0047161603325030265,0.003720942673090028,0.0034247811280079914,0.0015736309149284086,0.004915586960374202,0.0033795506717796053,0.0076663059174249286,0.0021723362049272344,0.0034338555939530885,0.008420631377861566,0.005246969462366923,0.002039328979526479,0.0031600230040723792,0.0027132310131429594,0.004988918627972878,0.005741698404207654,0.006838309548911985
3474,0.008691512210679323,0.005374606736293584,0.009556623593017857,0.016598653626749504,0.003703386414918444,0.006000911321445824,0.008172643113318561,0.00510923757815521,0.0044980792669715285,0.006391590410206366,0.0030240488804991624,0.006200862245759687,0.006440248605153352,0.004232060265049839,0.010500282777954653,0.0058198980216494925,0.003776654975079511,0.00334797606348324,0.0019904224084987387,0.009528650394764237,0.003928338110181222,0.008896664929973742,0.012296876381061585,0.002879012048762521,0.0019362628481723705,0.004982855353651042,0.00821389527425547,0.002399908580348472,0.004860163943733676,0.005317225225329665,0.007729642854211826,0.018836779960925747,0.015121379893468673,0.0039703056398541405,0.006026129908302849,0.0008270164807935405,0.0053899412329323415,0.002874162275647849,0.0034887886977611913,0.0031782556134070292,0.004456763414009362,0.002487470042140648,0.002846040434612917,0.007012626988275798,0.0037359385404220694,0.009391737924469845,0.0044550215736445615,0.006194093812551818,0.0028591444453535614,0.005961158996764975,0.003298735822897414,0.002204225355285934,0.003231181187982704,0.012315393135569501,0.006245318878689401,0.0015588758020480462,0.010369562458702674,0.003232315371354269,0.0033433113178536283,0.006435634151747104,0.00370654486990788,0.005383635864303324,0.004969346309069614,0.00367100467520247,0.004232768340958948,0.003150447332961655,0.004456871905952947,0.002060699288842538,0.0028806760982435266,0.005907020131112467,0.004974846656249576,0.007062974656105814,0.004464988111442175,0.007326352748704632,0.0035131964542151773,0.007084460682962249,0.005286678611402398,0.012261830685773831,0.003232430606356058,0.0049337969633266,0.004180800090163096,0.007915210594106895,0.004277371170071898,0.0033825878297148427,0.0028937273501305305,0.005115859364264204,0.003468681538278367,0.004577036023125917,0.002100212321020036,0.004425431940298501,0.0064301456351652745,0.009766400753253255,0.0019475688075776165,0.004036209840542036,0.007021863644718563,0.006990674182023349,0.003757840736261212,0.002875292492697259,0.002159413023409671,0.00619646277552906,0.013556484534242439,0.005270193935146016
3475,0.007498394126789948,0.0060773410885266495,0.007391516163876025,0.014050600319798188,0.005248130656553542,0.00630917429761478,0.007673525878535132,0.002919023995636546,0.004973542278566333,0.010990692033945896,0.0026790071908412583,0.0053072333353167125,0.0075266805935008665,0.0029466648520602387,0.00436624384061692,0.005042043088915143,0.004279676726785769,0.0025330637122960723,0.0018885917625335318,0.010303073234521365,0.0030165897647178508,0.007440889445697991,0.012490788429628965,0.002265943270127797,0.001880616839780181,0.005401065001581114,0.008326753337975466,0.0025740684754070172,0.006096547024753444,0.00351047986562141,0.007464346700964136,0.015442261132523328,0.01913956705551766,0.0023823612962988747,0.006930688005833015,0.0007656424522020465,0.0029256685723350858,0.003013759782632955,0.0034313053241529327,0.0037155908080541123,0.003890535928856442,0.0028864380315441326,0.0018448491676548405,0.005669781712504239,0.0032727102266485314,0.007873246324405288,0.0031374397972584317,0.004012145185891268,0.002676581014747812,0.007671946783568677,0.0027169453444599967,0.0019537064703153088,0.00282913925152525,0.005908808775649667,0.005927046264297586,0.001721057187319507,0.011088076829918352,0.002659650776234396,0.002787959873630734,0.002947112145116163,0.003084591826029044,0.006841729996549878,0.005493060335026949,0.0038144925672790606,0.003659963996687218,0.004244199781693681,0.003270673309381975,0.0026825942973196493,0.002437142028523436,0.006326809943776652,0.004884632008963937,0.007215842633721932,0.0038424337364108938,0.005236065272104969,0.0020469382409612643,0.006246148624311002,0.009984840758442191,0.016518167915937496,0.0035454275062048583,0.004266956198358324,0.005439873002659868,0.007960144555892288,0.0048798531630826645,0.002045292244640653,0.0028437058171564625,0.003746240736935738,0.0034374969788117937,0.004922492389815993,0.0018662072776714593,0.005178011879754111,0.006539473553724781,0.011544332689686451,0.0021119847330380906,0.0034741712968804953,0.007604860783372535,0.009514264651662501,0.002512913344761584,0.005407158797118387,0.0020219994878336468,0.005788484942741658,0.011257707761483635,0.005418077457244301
3476,0.01233041046971444,0.0035896453525910304,0.006962919852025546,0.01358088746679954,0.005057025566176925,0.004587487979108309,0.006994237917759577,0.003205306322851268,0.005077079621275413,0.00515777814408649,0.0021696687852851447,0.004835354078613454,0.004945035916840526,0.0035094492218987255,0.008836784703116036,0.00383264818698033,0.003712942551814144,0.0049843827775108525,0.0024053943862600564,0.00753524717315828,0.004781570982602899,0.00799643450132449,0.008771861689151507,0.003087441205181071,0.001657623229562519,0.006127249007390598,0.005601417631601495,0.0025553380986991225,0.009442565555221959,0.0029492182692449054,0.007115559648500434,0.016107238863417712,0.01492562599672901,0.002615872338496416,0.005409494560485687,0.0008026274880452216,0.0031348391988815874,0.0026283406046159097,0.0026507058261039593,0.003767626668277809,0.0029883249756805525,0.0022005192721798413,0.0021354535880378635,0.006746797422933917,0.0035630407157098893,0.005694886567139801,0.00293532847401872,0.005216767756655174,0.00351195148030338,0.005866290010186996,0.00438339824621789,0.0019668184514642344,0.00357428780495841,0.005992308976211982,0.004706380995910584,0.0015572664017681661,0.007641440770184117,0.0032355035727099045,0.0030269277421296663,0.003998486076298882,0.004029350764470335,0.0063280839963013895,0.004526793779107954,0.0037440097161823,0.003537124596716903,0.005626900305162714,0.0031530876017447865,0.0024989381882844853,0.002978798451901187,0.0051473249048313,0.0039368379445579756,0.0053820140791884085,0.0038272051266069547,0.006826719254041677,0.002342317248410889,0.00728760079378351,0.01050903871579226,0.013286380144489197,0.003917926015836664,0.004499426388440651,0.0067964777833089745,0.007632532724345479,0.004631942058209653,0.0021026490966896154,0.003128752211294796,0.005685974926334511,0.004118154835414488,0.00422251882080309,0.0017847567856307763,0.004887830782714343,0.0047884471909921495,0.013444852203476954,0.0020939772643849856,0.004035405457720291,0.0077560658459442065,0.005308593858796563,0.002253069262189911,0.0030764361300593423,0.002322320467926116,0.003593525963284076,0.010249495647434655,0.004415539081506491
3477,0.011268346968649976,0.0076073728193859925,0.008003919851608728,0.017057605779336637,0.004985273781730111,0.008731733150589975,0.008303333012135341,0.0034634969723795982,0.005972650359512137,0.006582132111979793,0.002195492060000379,0.004700536105871199,0.004594838497898485,0.0031072497563987135,0.011197016612596325,0.003590873770253694,0.006554232150185252,0.0038341017228795808,0.0028357761779737485,0.006622804002950187,0.006228558328670554,0.007610144502943882,0.012770316610548848,0.0024025902447704943,0.0020282009241137954,0.003453324901822,0.007729387026974062,0.002639985185853266,0.007593602258665535,0.004121536785860195,0.007804867663484434,0.015532805211341582,0.0188095810004782,0.0022599104307255416,0.004617253665586441,0.0011465774431559,0.003535338433218267,0.003287793325669714,0.002754135975651165,0.003669769579439256,0.003566815551501489,0.002916574668131657,0.0029914858011548277,0.005982548802201312,0.003430309411283116,0.005160703860668711,0.004542457577135941,0.0032478557974186585,0.004451270210967091,0.006077958826512558,0.005417357898629609,0.0024238344839698192,0.004820586588729673,0.005628961561105773,0.01737902005323189,0.0025823713037190646,0.011985479632685082,0.0037195940642311878,0.002663622903995906,0.00276938174837101,0.004776441344312113,0.005036199068145886,0.0031462723518421174,0.005921983763992774,0.0053715509301902,0.003810862504730403,0.003423326985718387,0.0022379307712170012,0.0025169785726498364,0.006207589209398995,0.008796001493453528,0.009649175486457566,0.005272106851159403,0.011365290302535885,0.0025448930793587256,0.007167528446458633,0.005970625042620138,0.0111903943151188,0.0036291475162771314,0.0053918930028724775,0.004884361668796558,0.006227039295746898,0.004191298139862597,0.0051112878822869665,0.003214278730010935,0.0034266213589617548,0.005526118353044609,0.0036267322651204904,0.002189215834049332,0.0047158199359607165,0.004037694066391552,0.01167888237797404,0.0018923973331059698,0.0037407583013161685,0.007327253827816499,0.006603932825530934,0.002259753610678904,0.0035634080056786044,0.0022950871818998744,0.004051186840721525,0.01125523385913423,0.004367376891248135
3478,0.007426066127529603,0.006121675934724024,0.006771396151420297,0.020636593682763615,0.006995902304459029,0.005612402757208413,0.008663740379235164,0.0038131737784270394,0.005991103965327356,0.0051916119952357806,0.0025649844059740276,0.0037836608837568224,0.007973825236069978,0.0033040170997702327,0.0065871112622199095,0.004944786097953341,0.005845706580018706,0.004119676846011862,0.0022235329310957316,0.007191755782969904,0.00397814353484004,0.006541348573000479,0.00815084036987982,0.0025330010158794536,0.0017979234702850523,0.004286060330068848,0.006857172923506615,0.0029658652283072896,0.007739092916518249,0.0029330265489881093,0.00898733051621964,0.015037225995429896,0.015488468658753486,0.0022949218703727644,0.004323739960157491,0.0009459764945537935,0.0041701883485200575,0.0019142888158065255,0.003680469576445658,0.002634147106215689,0.002890872646805958,0.0022353337153594405,0.0023029370529953964,0.00771888161243906,0.0036923874629890513,0.0030826065971526354,0.003225305322559065,0.00491022515243367,0.0030941380007647712,0.007307986681212977,0.004171461121319918,0.0021676659465413297,0.0054898187514158606,0.005557017340078622,0.013169285926057608,0.0024237368441484496,0.010400086143672074,0.003196347179585747,0.005156079916827554,0.003875207267335765,0.0029873813591771645,0.005785349694238206,0.0034170307125205366,0.0034144455981028076,0.007592086591312954,0.0042801102415780615,0.003516039493863167,0.002635586791418273,0.0024417754362040544,0.0059941433394896035,0.0030754675632327626,0.0050818212374142985,0.0035413656944115663,0.008908686558507588,0.002210613331588947,0.004263516213272168,0.007474919397453495,0.011309334420123492,0.003796697079238842,0.00506021046604588,0.0036818824897815626,0.005667159258885913,0.0030220454622344097,0.0020471673678783857,0.0037753093621056134,0.004563652188529651,0.0032064236515215658,0.003366560943069282,0.0026852734704299382,0.007003244358167878,0.0045795905267306,0.013777136895767041,0.0027535274597426662,0.0027331854598155957,0.006626492011945313,0.005362432062700272,0.0021672408636264403,0.004288938847965808,0.002697731823199389,0.003765731102066065,0.009774588868109984,0.00552490297475975
3479,0.009073218402240346,0.00487196075322478,0.007142020415067481,0.019625632444673434,0.006234466829125399,0.004102950385832846,0.009263448696438498,0.004640873727063,0.005256451899659591,0.0064337494909581525,0.0023409968230127184,0.005568228115918968,0.008593656089018525,0.003466715890978634,0.009047560387255118,0.004830802427219055,0.004748329452815829,0.0035876885400055896,0.002036510922569117,0.006605431682952592,0.0046883733960445696,0.00506559248326783,0.007876993384510766,0.0034950587606875313,0.0021111375932234672,0.004377670333714583,0.006407276502451275,0.0027072887813010273,0.007498231722674243,0.0028779321533485345,0.0067609009992770025,0.016824017533856674,0.015586505444927151,0.002151363460545591,0.005222951461805995,0.0011100718955717418,0.0041017432083492655,0.0029331973667527495,0.003185420845744133,0.0029184628156915878,0.00248969450229705,0.0022152470829040352,0.002322570522229352,0.00800647499152663,0.003506880741370566,0.003476408519067037,0.0029421940733000635,0.0037616128965496233,0.0033528014567216187,0.006215101223019442,0.004236551810446712,0.001700975314020475,0.004532475034148479,0.0054264626585033,0.01320763339467688,0.0024142833200890895,0.009111779015290604,0.0035823234160146174,0.004543151724716696,0.0037950777206321898,0.004314659918918639,0.006096990894934223,0.005315719262266452,0.004551899982365192,0.006349117512168185,0.0042896560809465595,0.0031764947604773362,0.0026965366529830186,0.0022828051618077405,0.005892606542571305,0.0035375716454352484,0.006160297806172677,0.003883684579923653,0.008556909894560134,0.002398652528467287,0.0036617064530231193,0.006869821337309046,0.016716133370963043,0.0035680262501250103,0.003416515884880867,0.005978042698175092,0.005749496014022783,0.003882001165081611,0.0021332877729937786,0.003604583407892712,0.00442340497809463,0.0034372633682159684,0.003492925168730361,0.002010766363730044,0.004633702024624078,0.00474475966638493,0.011752778710957494,0.0019236415272702856,0.003336540282268066,0.009276428603475792,0.004535547521291981,0.002351069422756104,0.003272449557559896,0.002747157404404229,0.004238606803998658,0.009515743389254386,0.0057914955077791675
3480,0.008497698006685178,0.005325737783366085,0.0067903224688751936,0.019047236435435478,0.006519294967403558,0.005307914224780212,0.00862138336760071,0.004055648504890043,0.00471218864054747,0.0057647012400499,0.0025846405267821657,0.0037965159362743617,0.008870217007627806,0.0033783668394983275,0.005838571289337412,0.00396848392712678,0.004670073958595613,0.0032221138555836647,0.0027765202541486554,0.007159231372742017,0.00435321911018289,0.0055050031972004145,0.00714507165634729,0.0028654843627060798,0.0018291410177646464,0.002312753831278615,0.007634620368758578,0.003201515375666755,0.008229624007838745,0.00371977289554143,0.012348731649542624,0.01317401156009188,0.015080545541551678,0.0020635285434901004,0.004208391837743703,0.0013348932682346805,0.0039609174458035655,0.0026488809921072416,0.003933584018169312,0.002763466125343048,0.0028839897495131395,0.00321152268208978,0.0020650620499375965,0.006510272866742931,0.0038872104297132584,0.0034599386971769274,0.003575142009103815,0.0033588173894728785,0.003040900608186878,0.005985750823307117,0.004866476081264682,0.0020285873641502053,0.004268449495089868,0.005702802695713554,0.013665762614334097,0.00232264143237227,0.01159082024839182,0.0029526344536047206,0.003697803301953308,0.004938611039466637,0.004417379716723269,0.00581885725662401,0.003201634292983238,0.0030233482979086295,0.0039863976920771396,0.004748297375262611,0.004466462680799588,0.0024647377595144668,0.00225076188778219,0.004239512181344891,0.0041992491668882284,0.004841392545966229,0.0047466418539669685,0.0077501584280326215,0.003179380338932473,0.0035894170417846783,0.007367195118990589,0.014619587119851871,0.0037803555037735173,0.004115758073568326,0.004838726312821769,0.006984656234741865,0.0032538687129776765,0.0018373708333079652,0.004400965539669497,0.006160274931437711,0.0029075055478643827,0.003210280387431317,0.00195165692973513,0.004573844126059384,0.004626419109278285,0.013466876540869192,0.00202757280953353,0.0060815125337355625,0.007127177756424977,0.005506099798241504,0.0036484288517727457,0.003485987790980941,0.002004883799442668,0.0035145105180182526,0.010592776956076053,0.005728014519546509
3481,0.008405597180207895,0.006118235991470416,0.006555650164554894,0.023065804833337266,0.0044954362255808554,0.004776316077132936,0.00742277512350714,0.005352045790046458,0.004882975976438305,0.005993740557742527,0.00310910602834382,0.010031717319423854,0.006872747858334517,0.0033137503140724138,0.007892450175045711,0.0046565179001532035,0.004847972716620243,0.0035100036755376643,0.002359179174803637,0.005673198939292257,0.004837427457706118,0.004633798724733773,0.00783391157150043,0.003003580141291699,0.0019890061544968894,0.004276697596188281,0.006596762504074677,0.0030409687873917653,0.007904504449349363,0.00324285322613578,0.008126752835696381,0.012177294642381884,0.015453982670774975,0.002008373553499856,0.0048724295917958425,0.0014520022488081967,0.004105790697567983,0.002371879234528808,0.0047682862116107325,0.0042127100489280055,0.0033277421721821885,0.002569209201838587,0.003016395912286855,0.007151715924754804,0.0034515069038196064,0.010337476341687947,0.0034749530195467998,0.0038802827689962,0.003236485736946517,0.006913460639873455,0.004111547285433536,0.001774716574647026,0.0034162354214466177,0.0059353606962312035,0.01391067581847351,0.0019832658153810592,0.009867154685404602,0.002908635335945406,0.003926653062768145,0.0027253373496759605,0.0035815200146953733,0.00615357522016958,0.004503877012427738,0.003701239898437029,0.010907574845479209,0.003440052508021129,0.004032256599216187,0.00261705985374513,0.00205155999211124,0.004959072824439589,0.003612455078475048,0.005467240328570886,0.0038681948721594815,0.00880256806189715,0.0033086409757744103,0.004204421987720155,0.00587672899036769,0.01569462922851728,0.0038605526223355214,0.003504869037089562,0.0055303681553640245,0.006302122506766556,0.003940019566457061,0.002668344794459001,0.003698407869040836,0.004793931491248439,0.003219943956505853,0.0032760828537202378,0.0020841323919804193,0.004396933866723844,0.004970123301709932,0.011880558166585667,0.002142716334159118,0.0050983555320312495,0.009026308353454962,0.005258248738016028,0.0036157262407591406,0.003255140858528382,0.001719552254815884,0.0037159700848593304,0.011566395312786304,0.005630080806812063
3482,0.007507182635947487,0.00672555264650189,0.007024184817551077,0.010382682400370732,0.00456585083487158,0.004684799181869319,0.007666239402661706,0.004144585196204784,0.005137312735590188,0.006903467436873282,0.0024795958246063114,0.005412319249810941,0.005473900970475798,0.003670748439124667,0.005253699642397089,0.005260120126776301,0.002533582472349342,0.0029683190483255685,0.0029421834904639903,0.005598372900703957,0.0036905490102623006,0.007326321252057884,0.005818608656592863,0.003268833720799427,0.0020147042337465295,0.003895147527178061,0.008373220767979833,0.0026162679505675928,0.005235489805582611,0.004232152166533248,0.00926224605593606,0.012093622268090447,0.015293556114609853,0.0018960989398680193,0.004633991013840226,0.0011985872631468332,0.004584079150311231,0.0026049659043346106,0.003800917271178986,0.003268623541126224,0.0025210290382105946,0.002877276996094821,0.0027469374721746584,0.007417448610333424,0.0031905520360719893,0.007988557404566067,0.0031767812221717507,0.004754688409825614,0.0028935826298576647,0.007862338571713996,0.003641423985460138,0.0020171045440591836,0.003288109129867666,0.006180235081212008,0.013614721083855573,0.002140536951011496,0.011698492275793249,0.0029603149154724196,0.0063209041159983295,0.0034394549374548956,0.004176375487564195,0.005513324769694727,0.004318464882215878,0.0037553449657425687,0.004031519215206197,0.003604318069913105,0.004320892405431116,0.0024463705572677547,0.0024525431382654444,0.005909370955597143,0.004409820870029757,0.006025299673973857,0.0039371163566876335,0.006667766863498554,0.0037185191407515983,0.003629104738352226,0.006029305364084104,0.013191885010421801,0.00392242424550887,0.003441097355581837,0.004791541028503662,0.005124495068765984,0.003204436440283688,0.0028039374486492283,0.0025546549177587114,0.004660259087870152,0.0028360309336914343,0.0033748222473130867,0.0018379836182016037,0.005010813001595278,0.004218566231540637,0.011998962118552258,0.002235179620683007,0.005098757658013728,0.006966238055541204,0.00459065116022682,0.00282572872478471,0.00314777762845535,0.0020061338283611386,0.004131804047387054,0.014281519228863525,0.005482567820587188
3483,0.009598299735988093,0.0060854154223519,0.00943012641812943,0.008767966420087267,0.0041847576936341535,0.005860381961097448,0.0069448880958428005,0.004217496079084659,0.004732024479824534,0.006606651267855851,0.004487929775092277,0.004804918071635753,0.005992474198843528,0.004474067138696015,0.0065725136977179185,0.0052607651654532055,0.004144025116612621,0.0040849790140630995,0.0035058375217411016,0.006002993621193542,0.005837490445949542,0.007649114226945986,0.009497986684592065,0.00239089956633208,0.001643941234152601,0.006129440084235297,0.00954628462474966,0.0034322394616207634,0.00790045113060473,0.003949223716987405,0.008804387311513107,0.012203339759807787,0.01503822793627027,0.0025297631709378585,0.0052029072590772125,0.0013913145391326448,0.005757987750032341,0.0025173637595385916,0.00503992225722229,0.003270707655027819,0.003316293352534916,0.003553823970757567,0.002534398759230209,0.007079217661375369,0.0031099701811803607,0.007696134115079686,0.004464402739997811,0.005191604916764759,0.003292570157883847,0.007938828658913962,0.002767533408177617,0.0029211845365481252,0.003944447132694381,0.007350280097536689,0.014533673758467055,0.0021903257054278033,0.013492453727698655,0.002875425765921327,0.003773737095944042,0.0040512038176417145,0.003678598917138511,0.005766402053826612,0.005157616726237783,0.0037891928759214433,0.006806711156385653,0.0036856980767834705,0.0038287647642907823,0.0025904602417967733,0.002679719905901803,0.009227582881424626,0.004945643077534983,0.005439114415691165,0.0037025870354646306,0.007711266307223828,0.003115716187826004,0.0037885908889819645,0.006665480752290062,0.014775233201935993,0.0042241944838279566,0.00405161513132737,0.005364658227316,0.0052223829399419145,0.00524920623083602,0.00346554333380874,0.003946695256706786,0.003154223810997875,0.003113622462105369,0.0040640978838628345,0.0024401135115227584,0.005918871962136188,0.005087468436259524,0.01661111600305368,0.0027044123327191892,0.005965924104361463,0.008094248720117018,0.00599174306861879,0.0035249504912180235,0.004416200571264835,0.002815614011167475,0.004841595633387413,0.011283873846072408,0.009138766737918266
3484,0.00708640541011968,0.006412679869147354,0.007325984749407307,0.015776776405044952,0.006597539840222566,0.006215691763523082,0.007702793673510566,0.0026742921289852556,0.0064022674733722916,0.006528491626385093,0.004054456043275878,0.003673282315111225,0.008542618926729854,0.004512238830504067,0.007123151280769053,0.003983424926779933,0.004912726387397708,0.0032541301840144045,0.002336507693220095,0.008752660829306431,0.003740891101189249,0.00276078069340097,0.01484823158719052,0.0025221905951240135,0.001595230777216284,0.004677807954328189,0.005573926404225802,0.003513843787401628,0.009297146693397079,0.003396188109066056,0.010088508986312654,0.013291531131144995,0.021706182386477063,0.0016866675132882723,0.005903542944992691,0.0012115290713508955,0.0026758744280460313,0.002319603462884202,0.005312547118784943,0.0031410306356974634,0.0023812822894137883,0.0022918040817216188,0.0023872841241880296,0.005214638298630815,0.003146038391315772,0.004054609729615919,0.0030962950173874567,0.006157935659216114,0.0034094358723969526,0.006628474290576754,0.0030089060313583703,0.0021416036923693725,0.003076834477918947,0.006617835076645698,0.012551703419920842,0.002153870038445994,0.010393587943208027,0.003283381836451476,0.0034605977439222417,0.006856263070129647,0.004572085187219864,0.006317885584079599,0.0059303184530932985,0.006003543596081751,0.007930895600375427,0.004226595871822325,0.0046910301041690194,0.004239980829269193,0.0028856367414114015,0.005063884683543551,0.0035269941016941725,0.006792987384417246,0.003849763231875139,0.008448637977870353,0.0025771456639155504,0.003659472642568835,0.006339829130651495,0.013768164979291434,0.004793827242101568,0.004157626461720177,0.005583269565470739,0.006363195623169648,0.004577921710279688,0.0022447950872446893,0.0031984825600525346,0.004511888345557752,0.0032385830802137473,0.005183526432567105,0.002499383934847625,0.005290097154688293,0.003976546984475733,0.013982951367859845,0.0023555390147127512,0.004486199769276396,0.011655161319993576,0.004049106890193244,0.002439913274490369,0.004231701215324655,0.0026009047002211517,0.003545143935581012,0.010443740957358618,0.005799844694394581
3485,0.010071940833716526,0.004102405163273563,0.008505151743056192,0.009246166270324725,0.004359031282207874,0.006423051276687392,0.006025051109007755,0.0035662085740710355,0.004981900510100486,0.007361187262699155,0.0032408036263463402,0.003377187754874761,0.00817078871006973,0.003380720495581228,0.010813973441370106,0.004129105008906035,0.005801963205331761,0.0039311323600125635,0.0032367917764936634,0.005757417892777822,0.005341237229065246,0.003945914950227127,0.013812287620958855,0.003823631249286356,0.0019185498519457057,0.004426561367503463,0.006773672081956743,0.004488466375794044,0.007895842144814933,0.003658831641078668,0.009396590974999902,0.014957699315491308,0.016179343084672858,0.0018008711541328986,0.006589840893994354,0.0014302597782000397,0.002914765377516034,0.0028079814757769384,0.005171072001907608,0.00299084935661942,0.003017789097430132,0.0032035908596293487,0.0035472257303314184,0.004764770506528434,0.0035194373355525313,0.010520899306204328,0.003650323586483031,0.004667407791587456,0.004391130301523704,0.0058219853673675045,0.0032592620187791104,0.0022810402336759772,0.004485130294566923,0.007500638994071503,0.015493397171627982,0.002112888451018863,0.010492694592604178,0.0035372570612255527,0.003632626761247925,0.00603130039782857,0.0036005281157651735,0.005134314971234791,0.005585537915986547,0.004840527996512025,0.00576578091437679,0.005780600341936936,0.0033973069242146446,0.004385299054680318,0.0031342861749448538,0.0054644800503254485,0.0041380443901190755,0.006987641878739544,0.0039251158915448526,0.009513256314319271,0.002370729677000915,0.0035508660501316126,0.00813556746597327,0.020386745888424058,0.005145029395925908,0.004488595740690663,0.005064319261885387,0.006010007899183612,0.0043207229440578795,0.0021811698264464986,0.0033781972942397887,0.00527095574110524,0.004273764230270619,0.005109800849554947,0.0020585398975289967,0.0053967287770176385,0.005451660441870561,0.01257590908239103,0.002377901820717385,0.004747374299876738,0.01278319686845143,0.0054386014158736735,0.002443148019481748,0.004991533292555793,0.002174605280954303,0.005275909828094194,0.01162971313591333,0.006517745071904402
3486,0.009724923487941163,0.004390344843330753,0.007571730609723204,0.015697252912309577,0.0053417702337837,0.006803999288797913,0.0074777011945695035,0.0040221052045268145,0.0049119705638777135,0.007319830541099613,0.0033103158330310763,0.002528656540994847,0.008851585034739515,0.0035121341832826405,0.016550712047137622,0.004563103417186283,0.004923139055013015,0.0031304641465561443,0.00416840312064122,0.0050235489024073755,0.00551363484160921,0.0038643120157939186,0.012997583394873578,0.0035002468444516087,0.0016055270123014936,0.004488804162307937,0.008323567421662707,0.0030476079997560023,0.007572430532750851,0.004175859638821572,0.008742158782354915,0.015513253673229116,0.013359459182014541,0.0016496886849131109,0.0066999074968694455,0.0013341244149096246,0.0031651899677348464,0.003733268872448892,0.0050532029140418705,0.0032818415869014256,0.003258596360474294,0.0033817240006238586,0.00440282461080871,0.004953200413203349,0.0035646056045302026,0.003991540848255632,0.0033576291779687257,0.0038422611647192344,0.0034323808331043052,0.005612860482739109,0.003105698387790249,0.0028237933501849767,0.0042159855339626365,0.006597901894147753,0.015820778854503028,0.001878104690534775,0.011231431424142825,0.0037332595781580553,0.004736186705239462,0.006316695075682826,0.003768601147076981,0.0054575406194762475,0.005032360515433963,0.0040017871624745465,0.004512933020753674,0.00355905858143479,0.00411956663358959,0.004564081039049216,0.001991592803976445,0.0053134176373284435,0.00409947520539456,0.006626515345663934,0.003657800211131847,0.008553199576475368,0.0023619105286892743,0.0041056187995155285,0.006917964009229296,0.015323859536882508,0.004444528419572699,0.004383563586321614,0.004527703838315169,0.00554310765833342,0.0033838488921710923,0.0017518406007382063,0.0036271892681789086,0.006310801486585485,0.00473787883634782,0.004722065151704361,0.0025192978729827726,0.006494717060384238,0.004999194572124643,0.013895764737716516,0.002297888763813734,0.004224141564595944,0.010533661215084944,0.004389790881610804,0.0030168675050414495,0.004614210803303786,0.0021235686754319393,0.004345064759716175,0.010347957861434637,0.006531436148121674
3487,0.009127203667047135,0.006569734819989918,0.007113851442915786,0.012486790929201847,0.004503577351557125,0.0051674362956574986,0.008286139920171959,0.0027414654712246407,0.0040008095032211515,0.005943053646252968,0.003937893469670962,0.0030136180405107857,0.008315681739792758,0.0036451994054992644,0.013743534485769739,0.005473539219604447,0.004350461623550206,0.0036464967979578573,0.002215711575595449,0.006066519536416105,0.0050776925099653225,0.00363633531591425,0.014414758703145087,0.0032202085435544562,0.002673044243000385,0.003062937683490949,0.006540627597672934,0.003281875822278428,0.009848487744499887,0.003268888330842504,0.011267025990184044,0.013928073206902408,0.01365355377452654,0.0016897230261525985,0.007873786051690462,0.0013470601298589313,0.0029487118356846956,0.003468435493562744,0.005844147741405406,0.0032067173444353704,0.0038614214984502133,0.00470687810910409,0.002509035063502617,0.004372463117354385,0.003192586875502167,0.008738970571370307,0.006515308294469604,0.0033959351545036665,0.00398537753367037,0.005718449158692446,0.0030053854249697956,0.0015574206281646873,0.008388216679036475,0.005039484273518,0.01403126744559465,0.003009593149869875,0.009838482343608661,0.0059284163974924215,0.004430994077122724,0.004526938822857845,0.005773279296073389,0.005196129397237045,0.004763327517977641,0.005453929232573261,0.010709984276801601,0.008813303983710307,0.004270116846869138,0.004155442926156393,0.002619359971504913,0.005224299580474713,0.003699784786937969,0.006735658798078833,0.005547554037434974,0.010186368959893983,0.0030859734509600706,0.0037074896348422734,0.006558484563829491,0.018708071542065503,0.004347484847558123,0.004430931518640602,0.005116051744439255,0.005187781856718201,0.006427067298749992,0.002619516040268331,0.0038129732575034655,0.006185409071855615,0.004776252026244101,0.0038543502657478047,0.002403829399499531,0.0061265599170846315,0.005545044631923597,0.019365804037521497,0.0020018154986755528,0.004270637172271164,0.010751885720576487,0.005083077972328476,0.0029517565754449875,0.004645991415038331,0.0021173879935846435,0.003785074973753405,0.012284876935651227,0.008293411127434341
3488,0.010148051153264623,0.00629699621598396,0.007149646459876463,0.017871523157651864,0.005127960848829818,0.005321192624969158,0.007781795591664624,0.0048904366655863245,0.004529781268749931,0.008412836671711799,0.00330351226198499,0.0025462168934168032,0.009337742345100486,0.004038526946540996,0.01394555274550781,0.00930898281522269,0.004331091183236093,0.0035670105160558662,0.0021441863202981636,0.007095353919128194,0.0038832753966771103,0.0039761037749097864,0.013938705536385251,0.0027799266200472825,0.0023870815853777173,0.0028310106913333197,0.0063289758454654664,0.0035556723354532084,0.010334586805715862,0.003810461169254082,0.014071895373368731,0.01526680309915117,0.016381040107342128,0.0020587711584793213,0.00792184643872059,0.0014709515987576562,0.0028516136512061023,0.004029109125964855,0.004821583069737001,0.002750098119113443,0.004058864709827263,0.003281009187476933,0.0027241624340629644,0.006601638214258819,0.0028100809263857185,0.009867834386580707,0.003406409990644393,0.004815036053315523,0.004772325182991853,0.004969545937244553,0.0026620318214561505,0.0020997900923472347,0.005741312771822116,0.006267592003006297,0.013382190983065857,0.0032747425153686737,0.010245998155973286,0.004258746073191217,0.004866085895081241,0.0052637690616785865,0.007549420493535378,0.007137446979586172,0.003129080256557255,0.004440278490036994,0.01208806882501617,0.0045310435582546285,0.0033164129886905634,0.0039107974806396805,0.002466309751582468,0.005303251723166898,0.004473820930672202,0.006494047489284796,0.006002274711407779,0.011470238780737056,0.0030995941324833834,0.003662535956992421,0.007493031370765836,0.01265464158635995,0.0038761285060247915,0.005175466641042395,0.00898484984752525,0.00675102027810672,0.005867360542269271,0.0028190923409987865,0.005398708181427428,0.005193700796269857,0.0044375552512738664,0.005834044582653952,0.0020869305426348297,0.0048664678074521565,0.004535416198337614,0.016926837015634136,0.0021070238915401915,0.004344306422115197,0.010951831220217235,0.0046569972783856205,0.002875838948051031,0.0037259500818012277,0.002773131121244871,0.0035439288647641375,0.010668630280522702,0.008647151143045715
3489,0.01028218969982761,0.005441527690228942,0.006172033903060994,0.010496601354685565,0.0034881602363886475,0.0038114722789527895,0.007976765733430018,0.004172347846376109,0.004429161820280129,0.005425480340585237,0.0035266761123020902,0.004848348088944099,0.0066343857525422165,0.0033808259787625103,0.012520649246866399,0.007829602724698907,0.007464982026278198,0.004194497671867719,0.002963154252009294,0.010273405073318783,0.003004138347157933,0.006957279287029055,0.00823977712645027,0.0023554398789996187,0.001873911278453325,0.004554478050234476,0.006041962697702122,0.0030231639137046633,0.007362416366521797,0.0041591016546362195,0.00724329645218779,0.014101852824758105,0.0152447477755052,0.001965006221574935,0.003879165641303945,0.0015949860108003758,0.003058925173677714,0.0018974294299007393,0.004403164792762898,0.0032314997101325535,0.002857330108791745,0.0024212968842580737,0.0018651663618660178,0.005814175928505198,0.005501501029812794,0.004171530366624887,0.004889894853118569,0.0054600734359880315,0.003613788217120111,0.006739177248014888,0.003096418471339177,0.0024911484909517726,0.0035523639775194233,0.005329061381314629,0.015435875379048013,0.0023238975489894686,0.009343858850388768,0.0032375201781049954,0.005246005712296984,0.003319499924108939,0.0053423174860432986,0.005507244371025079,0.004481243682864518,0.00483928592110822,0.0075098285874206005,0.0031713598485101717,0.004397709859552863,0.004481799481465195,0.002817003140424715,0.004456287255192389,0.005336641959900531,0.008601868523070861,0.00443988213884326,0.010425804417108272,0.0030116774184942427,0.004231433235724625,0.0052391168725904515,0.016254000903997777,0.004155382057897326,0.003814567424098797,0.005603666226358363,0.00611996620296462,0.003801353707073566,0.0028065709767831773,0.003986062501829424,0.003942203945255783,0.0041695035541568495,0.002635654608147211,0.0020657722755315707,0.004567916265935612,0.003611171823968965,0.009922363662668977,0.0022189709805071193,0.003386014333203718,0.009392525490454245,0.005401969198084464,0.0027606665932609414,0.003647221810405801,0.0021106197686313138,0.0035514777220531715,0.01277951245878615,0.0061523349260938056
3490,0.008649410100532776,0.004822788309400779,0.00986707316628277,0.027440461179520554,0.0054432356733025355,0.006773157895892609,0.0076949610811294505,0.0043701528536844525,0.004735176675995584,0.007519355058819383,0.0034670991816569646,0.0036623635757896426,0.007940136349584133,0.004053341083093588,0.016768358088199105,0.006362086729474621,0.004793534177747477,0.004395871731743306,0.002428657531977176,0.01040096765972007,0.003591128832744371,0.007896025721380097,0.008228380957259682,0.0026545029162137216,0.002284507993111478,0.003930514257730754,0.006459128982955009,0.002285235548395957,0.006825046049934609,0.003247365801546863,0.011650428940214225,0.015603616803324965,0.011689039562248305,0.0017442864386118513,0.004373229805860665,0.0010836371632039533,0.0041214803785786834,0.00273802659554073,0.004191170547214175,0.0038471807051547275,0.0033427373492918525,0.0027954784662253362,0.0018353420314420864,0.005862929191100001,0.005045187488293396,0.004043092540229641,0.004364975232954382,0.005406319734530689,0.0035669887332260273,0.00575230409752733,0.003529008904996575,0.002732860417366196,0.004907383548696231,0.005733817415230037,0.01397942641543371,0.002248560734881422,0.014982654976470024,0.0032334586698780097,0.0031216811060992638,0.003274687839562895,0.006405553761321851,0.005823513443975797,0.007662443333198923,0.003504746170385101,0.008310147607583267,0.0037319141438523864,0.0031317471719739753,0.004091152667100528,0.002030109765727739,0.006534614243575703,0.003296234879792984,0.00770982078709526,0.004095147225455038,0.008449773838951522,0.0032305494319781864,0.004519455336955802,0.0038083761262986747,0.011617966533777956,0.00416998698580896,0.0050707386353217405,0.0042461069766084915,0.00855677756122147,0.0034543624800908615,0.00213829854703953,0.004262313069613627,0.007183472511622847,0.004123088488953145,0.0038992901088179695,0.003125890354706726,0.0038997977846703348,0.006183566119606306,0.012793466279500423,0.0021375790393313226,0.0038791886192964128,0.008866365166680516,0.005468567055529203,0.0033386823078221098,0.0034379722329950313,0.002550774838573661,0.0034730442819842526,0.01783988518204935,0.008213366917208784
3491,0.00794263836979515,0.00510740181639115,0.0060896176378694745,0.012328289230681308,0.004185839138471118,0.006628882062565221,0.008332976336680524,0.0024568610397854036,0.004118540844721825,0.007533893569234897,0.003169502535985639,0.004393246673097397,0.00461152291888514,0.0035494175886850825,0.008055332025886132,0.005739896944495779,0.004806210010688113,0.004873792450721071,0.0025525439261621804,0.006775327945983935,0.0035845707380634012,0.007492130862425644,0.011029287980462257,0.0021628913594843426,0.0013564812833675222,0.004248834071269223,0.006452754092012875,0.0022263023285879723,0.005210287809173028,0.003078679273468177,0.009546357587582517,0.013174768748643305,0.013078703313727381,0.0025505751612275875,0.004379398819755296,0.0008936026389557926,0.004112594342004815,0.001972733949169781,0.0031196425051190206,0.004073554523199742,0.0027978802589486373,0.002864374227589501,0.0028145899066731243,0.005270627382670959,0.003527231533626192,0.005126571880755991,0.0032621726016686388,0.004513622704012434,0.0029455692790987856,0.008656260612158512,0.0034625136505282215,0.001921660885297667,0.0032928513397611396,0.004846046901138452,0.005322550208109446,0.0021087439369664716,0.009278111445783919,0.003408664427732852,0.0053343897936492446,0.0030007716717789265,0.0035262751830626472,0.006652759173992062,0.00504869892273583,0.00379152786895403,0.006036381182092037,0.0041511040073520435,0.005258153211221598,0.00457759808161782,0.002450783978236294,0.0037233677777589397,0.004637437502404618,0.009723709687351138,0.005719997362859046,0.010854326520935364,0.002864376005286658,0.002907784809586919,0.007462620474850863,0.015449596889526174,0.0036735483380842078,0.0042079881578785585,0.005313760689541024,0.0046986112254436335,0.005988744131674907,0.002227581561089039,0.004106056680114237,0.0037287327032471847,0.005181770034781781,0.003977846144006526,0.0022349793915583316,0.005436183265040575,0.0041828822250428695,0.004963552831922861,0.002447988922756167,0.003231005616476396,0.01020271256908827,0.005950944792661523,0.002726813076381385,0.002991999057770446,0.0030842063692580264,0.0048789550727424405,0.007368365791870163,0.003850200258517407
3492,0.013312412862180698,0.006860363363816617,0.005939890369019203,0.03374697428043461,0.004279485608766883,0.008433356014791747,0.010006439096721794,0.003451534251680106,0.004812132019273335,0.006355154296650094,0.002517639973144654,0.004970704016394006,0.0043044688219823265,0.0034204565552045686,0.014132839562015801,0.003554236372113313,0.004339660144142844,0.005189977672063007,0.0029344375416463105,0.008110910691783001,0.00425938967067853,0.007338342109437042,0.012695886894957107,0.0023311827909761706,0.0017624562528295203,0.0028527088864884233,0.008705848133526659,0.002539851041485023,0.00419707139321078,0.0034798375925473445,0.009323423287685099,0.0038268953378853693,0.015028717440991624,0.0033362200182173803,0.0026576397458848763,0.000842505337642335,0.0034333759982961855,0.0018892519913808479,0.0024010668535187456,0.006987059149238115,0.002905915173488645,0.003434302697229686,0.003948712047029624,0.003718493175782381,0.004866319594421243,0.009304626841036355,0.004987436091766469,0.005669877389222901,0.0030909927027372563,0.005800914034087548,0.003050081194700256,0.002437140393777072,0.007931173302090892,0.007816320010856047,0.007329034850826353,0.0031466819543072744,0.009910725238731995,0.011201844341522358,0.006822803525820492,0.0038422968667353005,0.00406145264516106,0.0055489468799885455,0.0057796185129008045,0.002850787739224713,0.0071566105762716666,0.0030337332402316825,0.006849847456725272,0.007144964064134662,0.0029399050198682664,0.004955006902648675,0.007694196341220396,0.007856249778164114,0.005577308125893255,0.00562969900607396,0.0020758958749342335,0.0034645499540358195,0.006708997792671325,0.01403200156443961,0.0033760220434697038,0.005592702367194134,0.0052195554214831885,0.00533997295217749,0.005416810534559447,0.003070002565029986,0.0022297015562481363,0.004986065195977465,0.004063111713882148,0.004079223823072081,0.0017836225068525685,0.004280114720651651,0.005455704202391937,0.00841319880168974,0.002038678103896827,0.004170698622631776,0.007881842820075216,0.005110721273579462,0.0016273314771532064,0.0038999480698180006,0.0022072070894598125,0.004633185826588726,0.004073422111201776,0.0037691558222689167
3493,0.007723483089918704,0.0061759826120034965,0.008136476590914661,0.0330485060203832,0.009312751503282517,0.010380598479120226,0.01023085779710083,0.00345581435502597,0.0048849216236905085,0.007336154384957322,0.0020121516802180444,0.0036197662615219174,0.00619606277745604,0.003253903954592317,0.0083126602647199,0.003351035985567411,0.003454560589165309,0.004637200957439527,0.0021373355724098844,0.01018119163672378,0.00282066609316956,0.007077496628919418,0.007875112592945661,0.0025293848537047236,0.0014544564757958307,0.004497716068936943,0.007536072120249068,0.0028194072271538937,0.006714830114510837,0.0051226904842203245,0.009018292754965044,0.0060217699964765815,0.015732190786189166,0.001991325114740456,0.006066104374824028,0.0029031144393638977,0.003866938737767755,0.0017775484110270894,0.001793098206650907,0.0031055946211896645,0.002493756843059896,0.002585755689138258,0.003811540763553441,0.005421740258047624,0.005057143211863546,0.007569415147230907,0.0112683067960738,0.0034904964853503845,0.0031349097042775997,0.004099486754626538,0.002633085654360736,0.0017572198364818007,0.006089105915107698,0.008880827294135247,0.004472235491187871,0.0019183560161019986,0.010398725970483148,0.007071242815479687,0.006938685147655287,0.0024456576736767662,0.0039438145383658115,0.005772905894570241,0.005576433899370723,0.0036843828224683993,0.006294266484202489,0.003810158101923941,0.0054915526270464445,0.002785601003941018,0.002494022098730008,0.0062971203701116295,0.006949647695201229,0.005689361040034183,0.005277435231699818,0.0039900640474145104,0.001986866004467418,0.003691909475464101,0.0067743512010844005,0.01075144286717458,0.0032555561279336174,0.007540523091330779,0.0043951707079468195,0.004669668362424687,0.005843286937355036,0.0028783043589388118,0.0028148322475498376,0.006929107049295063,0.0035787952780666657,0.0028453255194553734,0.0019997949434906364,0.0065564480754655464,0.004497544831668067,0.013122739773220812,0.0024203770812650776,0.004099391027533755,0.005579936863837747,0.005753534716816361,0.0016441408045205293,0.0038410245623085653,0.002977223488944925,0.003854115320166076,0.012887573023292796,0.00367777972592054
3494,0.008217480826914468,0.0050050913642341955,0.006634145375406531,0.022348725714935687,0.011509966643747304,0.007249600389514095,0.009083696064883533,0.0028543982397612683,0.0043636252305401585,0.010107288233973916,0.0023322277542506954,0.004011627639737533,0.005787862909458974,0.003806435383187491,0.008652887545828053,0.005174145847958619,0.0037460160203705564,0.003800041209668114,0.0024291520504239987,0.010152339867603898,0.0029343291403251177,0.004643868547523399,0.008976227821922457,0.002788649019729715,0.001357554883685629,0.0026300960503923896,0.007638136010539433,0.0026059948609383874,0.006709837210360615,0.004392350278352896,0.015453575352292009,0.008567242262210818,0.016484830044853828,0.003931436202660275,0.005708162578631153,0.0009097564075001909,0.003935793964628411,0.0019748117376304805,0.002743417197681922,0.004878607592295331,0.002766744748952325,0.0023250780606179776,0.004019513023046288,0.0054440717195861086,0.005006476272234613,0.006761841057544486,0.012529223054433825,0.004590295372024238,0.0032605173029865604,0.005471533511804248,0.0030216578181316385,0.0018563507100246431,0.007633028906150358,0.005389562793128534,0.006214462021943293,0.002230063164008147,0.009056130830982638,0.005267678629660641,0.0050399159139671865,0.002892373787591373,0.004551813409479609,0.005984521506529322,0.0060828683426206315,0.004494331682994648,0.006460536595862842,0.003389277470509409,0.005327061548698024,0.0023126066006240306,0.0022144121258576566,0.005397774123169653,0.003971007921551121,0.006353544818300084,0.004643718587079737,0.0048773436751333235,0.0020068974971430573,0.003563601329020732,0.005295172451050565,0.013842424082804212,0.003526639942735751,0.007109155557548056,0.003915968815873759,0.004460451252413567,0.006456260012108339,0.002950097606457598,0.0036262051978010815,0.004968255234874546,0.0038540581560078395,0.0037914556924506246,0.002287640760797737,0.006010981574649224,0.004607915017772315,0.009760679089673001,0.0023168274430513374,0.004773836637098448,0.007169492587734284,0.005272985583628349,0.0019028982902639091,0.004362301927573539,0.0021475033800973905,0.004086078090706092,0.01059569817074528,0.004329061592266654
3495,0.010310214560594163,0.003925165330659877,0.008262404168890422,0.017066399742551665,0.015748177888545194,0.009305466299651094,0.01142896989582236,0.004178641343295615,0.006142844267018314,0.005278486641479034,0.0024391943975735405,0.005021911665602084,0.007188012465465292,0.004089789971347707,0.009097735473904085,0.003655849763834132,0.005375856168271167,0.0049356639337462095,0.0022229352995384623,0.009162265542778679,0.0036475503701830325,0.0038985199371740476,0.011594352375255254,0.0025877040629718657,0.0015581799083479336,0.006162957823039591,0.007490551427785983,0.00235910528009171,0.004962828780905595,0.0033755010541808056,0.009654400865332596,0.0047105889247194424,0.016315488133633902,0.006124994934944672,0.004996425279385815,0.0011171348050770366,0.004123651313489232,0.013678047645358009,0.002213324904343852,0.003892404488255468,0.0025783172381477273,0.002014540771451959,0.00377139552412032,0.005669331667959071,0.00501068058897258,0.008882647475795683,0.008716678494118883,0.007539377446325469,0.0032331835128773913,0.006826029383237159,0.006366469219924144,0.0014836288040573815,0.007124640007582378,0.0059838755224828795,0.005758430732198654,0.001896672467450938,0.009158163855480052,0.005488902671653108,0.004378099869442353,0.002633610952363658,0.0033163836706666546,0.005723193461269016,0.004873535228977644,0.00392845628509211,0.006849369700747291,0.0037296961878166474,0.003374921107282743,0.002695610497616253,0.0021737071272872727,0.005503945542464694,0.007288989928729748,0.006578644148302684,0.00429837645767998,0.008263756628311669,0.0031038627386119804,0.006611556024866378,0.006081282841686852,0.01108073784421793,0.0037426512784875807,0.007312628820259116,0.0050269965937659354,0.006569036078363146,0.00790116047120571,0.01355973838306749,0.0033069155999730987,0.0047695069564187105,0.003310198483642401,0.004052939842741468,0.0018144764647233453,0.005893018913489496,0.004186461415929455,0.011868386194192145,0.002494560177541916,0.00657373700979242,0.006593600515624214,0.005670731783521407,0.008164871516379518,0.0037513945031306256,0.0023544624587361843,0.006555021221589987,0.009042519602227342,0.004222571129581426
3496,0.00983332775535909,0.0038256660607834535,0.0072305142383274675,0.020339731998725845,0.013378041526467026,0.0047845399147098755,0.00873484390299329,0.004633250686093329,0.007608951942244737,0.008189251970340792,0.002513673136431448,0.0033701103606532078,0.006455437091528138,0.004022652317363945,0.005779992759898792,0.0033509903752249317,0.004199693161315732,0.004390873255618263,0.002872644840285555,0.007472535250192515,0.0029382421285996437,0.0028177306992238868,0.012483316891759655,0.0027212053499548394,0.001649396612456815,0.003768528104525269,0.006297640367177852,0.002696355294985117,0.0054306817914566265,0.0035061298801722716,0.008973631839422994,0.004634630063260359,0.0156608841581146,0.0024442648916783907,0.005591768676519537,0.001226057742401761,0.002950692619509975,0.019504623776947134,0.0020793027072320384,0.0038311260153770115,0.0030422299580300585,0.0021098460503020176,0.002911478545307604,0.00425929913300299,0.004002649584178534,0.007887101786043415,0.004154537936570962,0.004280034970270028,0.0029246660615654925,0.006037910442488254,0.003545005300065169,0.0022750185415980726,0.00543231031592433,0.005840744190132189,0.0057257652823691245,0.0024315343721316453,0.008378510016089922,0.005003373172102637,0.004948637306966942,0.0026304876014708553,0.002361341839208442,0.005550373146532944,0.004426964621926876,0.003533710344498125,0.005338742512461354,0.003154231318489189,0.0030890864195792654,0.0020968504469538285,0.0029027481222000727,0.005963753107652929,0.003468949314929255,0.004200554003383995,0.004291403652205975,0.00805468323184336,0.002296530398495429,0.0034165110128309313,0.007308225085750408,0.013949552135970749,0.0034552440119341114,0.005604448441590907,0.003488241567222105,0.004768962803152703,0.004298794834472714,0.005799369043663669,0.0032153714994828616,0.005338178340397967,0.0035574978094221202,0.003766893227786513,0.002127322647382733,0.0044141727336987945,0.004090148640616418,0.014622787682983735,0.0015209813735386382,0.0055945995834474176,0.0065208109465287635,0.005488377132564349,0.0022310993498632138,0.003811097475700605,0.002309055763722666,0.004026286971698878,0.007774086532696388,0.004144257111750524
3497,0.008584074042466935,0.0035961112613220095,0.007326708066357071,0.02350967877488807,0.005257455719028035,0.004380067666651177,0.006962313580957333,0.003619441501676901,0.004619723215515077,0.0078147303298826,0.00253717712184698,0.0035111978323794633,0.0072897179915760195,0.003338009362594089,0.005299357419419911,0.003941145671227436,0.0037387898309773552,0.0034837430467015776,0.002523132855265376,0.0054626831304363495,0.003160920256124515,0.002540830703828858,0.012324800065389052,0.0032388489311052375,0.001624283542236573,0.0056784239830506055,0.006140018468227199,0.003012619961652131,0.006892101495432056,0.0030794423366045497,0.01145670406723728,0.0048479966672558454,0.013938627406804975,0.002256684392351538,0.008646716747596796,0.0009853280702481135,0.0026144173054454558,0.003290830248696375,0.0038868925766904774,0.0036168532682942494,0.0026999426724151412,0.0019378855166069374,0.00273490608189585,0.005656212490321268,0.003950325157721498,0.006126909965231804,0.003402584775979915,0.004161025685824096,0.003654515756888835,0.00501530286139739,0.0036056650328998075,0.0016597631794567234,0.003660634579615557,0.005431664214936384,0.005981233515956594,0.0013686406708140954,0.010566307172414297,0.0037587888013014105,0.005610919118476057,0.0031226732663349765,0.003383878283271213,0.0064869905207886065,0.004552014482508902,0.004462735511495206,0.005348958388481373,0.006707196652325566,0.0038632192697174396,0.0026353844111058145,0.0027426406127307435,0.005170159642954327,0.0039956662503859465,0.004866590059694409,0.005015181779645113,0.008214501428847144,0.002295734424681354,0.0035158629694259647,0.007892014401715705,0.016520312992656782,0.0032105562886334572,0.004678066427423895,0.005235033141961457,0.008220659933126798,0.003706326876011897,0.004456702096371209,0.003164418152068991,0.005293212013987063,0.003722682547376049,0.006079398088744011,0.0017958297671675828,0.0054803044909100705,0.003626513455799268,0.01451730809100836,0.0029382702070317062,0.0039926635964935425,0.014952824497326211,0.004742528002191766,0.001707767246496329,0.0048077816478867596,0.0020460484771227384,0.003049046082819707,0.008852226218176402,0.006008157659981823
3498,0.007108828267243906,0.003891056501506148,0.007410089637287728,0.021869040794908822,0.003067917121864786,0.004738897049352182,0.005951400004422749,0.004092409894054108,0.004143905897914053,0.005290462760483359,0.0028868033711160193,0.0029600627138800075,0.008578884791987425,0.0026104460476324893,0.004906538128248445,0.0035008320326948136,0.004111463826696882,0.003704580222255345,0.002658665641343496,0.00916858013162578,0.003156942639749109,0.0031089303700106855,0.011691880371264275,0.0024876747714802044,0.0017843459311064017,0.003975764374773687,0.007631516720641499,0.0028867703939545386,0.00539813112544633,0.0034812626856569446,0.0075392363805203266,0.005978018188655882,0.0171855801162203,0.002345229953322465,0.00736910987005132,0.0010381025455555605,0.002069666286243542,0.004263877855045339,0.002640087397601167,0.003562770331337249,0.0029470020238581154,0.0020836049285767005,0.0034716529469447587,0.006847410177837367,0.003922793365349591,0.014269189809650026,0.0029445779140768037,0.002894777661073761,0.0054617169227580455,0.007192581890649692,0.004250964569276529,0.001715135462136117,0.00438874979826701,0.005592340859884616,0.007183165549256557,0.0020252130544588035,0.010821540662160935,0.003289745070167303,0.005569964259342641,0.0032774553293244695,0.005260833257774973,0.006783302521420866,0.004400900367229857,0.005254153611567859,0.0061767674425779835,0.004051368252400765,0.0050747040622524785,0.0032577332269712374,0.00282238340993196,0.004194255206870408,0.0037899785782986263,0.0038500338869099054,0.004937283641979716,0.007391425574572799,0.0019314768768608972,0.00321835141917815,0.004809740886981482,0.014497841483458038,0.004365898661574102,0.00658488536493598,0.004257641261564414,0.0078333053731644,0.004043249305258633,0.002438950786509528,0.003380449051667051,0.004409309436811609,0.0035351183850342045,0.006388590093049504,0.0016995560990585674,0.004897454117713558,0.004372804883459468,0.013948635507406437,0.0021891759816270945,0.0029484063548746806,0.011857031775921066,0.005004397150665256,0.0029061124678804555,0.004055506803404985,0.0020639904923970636,0.0030865206848574834,0.012911059817618888,0.010946517395732476
3499,0.00746387093942572,0.004223071707157395,0.007338719273854824,0.022420825985448724,0.004126293941971645,0.0062375681710540075,0.007514632099248607,0.004032719992796453,0.004134102376969186,0.0064434041567410375,0.002638899129240848,0.00300418108960161,0.006412363972831454,0.0038940284916785277,0.006722732510262287,0.004076593516411185,0.0041806262176501295,0.004678193319553832,0.002661588333671144,0.00988594562494231,0.002964615439757895,0.0029721170448018513,0.007623010634803497,0.004362116583152947,0.001954687273940685,0.0032302981942865087,0.007503020694785488,0.003210634917246191,0.005580592778831556,0.0028598132360296426,0.0055358339971251225,0.005337077392894788,0.016359218388061515,0.0023456097172849517,0.007880867137353424,0.0006654959690903251,0.0022694830584483543,0.0025308789386582486,0.0033535026446596863,0.002769574902402468,0.003986591233125056,0.0022900441577515087,0.0033016608516582098,0.006888018997691091,0.0036153337284030433,0.01380081575822195,0.0027820884424197465,0.004473474923822298,0.003585958229285844,0.005511474010813398,0.0019474368939840277,0.0016135603474413385,0.00444791783329226,0.005380112210785855,0.006054506377549453,0.0020935143577643233,0.011303673908230208,0.0021686097331133736,0.003931079058650182,0.005833318204658614,0.0035313841335654094,0.005957132949020509,0.005115252651505746,0.004527034754858595,0.005889750933822738,0.006046144244906509,0.005112692083065779,0.004148677305386199,0.0022405505890426536,0.004200259945707912,0.003844404024741658,0.009930298649722374,0.005116288094459055,0.00919240282638826,0.0021190826979962307,0.0037345484285203957,0.00859525925047961,0.015517180654978781,0.003521819835318863,0.004215471646704675,0.004457526429285739,0.005849840614208262,0.006295345365379947,0.0021265220681252724,0.00397079655301184,0.005329183084685111,0.004425271959509451,0.005646993176931065,0.0028597431628092527,0.00517453547904664,0.0043330340979245395,0.014648096714619458,0.0033805679356602053,0.002732573696992258,0.009513702269835958,0.005189241449443858,0.002802863629264365,0.004032646285372314,0.0020397181123181667,0.0032234679724589604,0.009635976912700442,0.005979081871049591
3500,0.01640963604221177,0.003711449703275136,0.006383310518012668,0.01730603423099717,0.0035271407334159927,0.007338411509961014,0.00833757461558407,0.0035828879153824325,0.004425752603246859,0.006118387181361415,0.0022532176122961327,0.003480181735829106,0.007357661393139774,0.0043418901081849716,0.006365281422521914,0.00590225818727323,0.004155220525710255,0.0037279687740033787,0.0026463643630521383,0.008089883659363774,0.002857373995066632,0.0031371330834618367,0.00944565562144836,0.00234512681102973,0.0023308745174835757,0.0032109369048002375,0.011220797698493212,0.003003184167092049,0.005730372845678864,0.0026421956237422323,0.006100612245789111,0.006148522225147321,0.014505445765981319,0.002375675561259945,0.01177105572037393,0.0006979104249581571,0.0018729899556219345,0.0034100769279615446,0.004019203758149444,0.002837715180813771,0.004139534109477209,0.0024348058839333757,0.0027769790621824343,0.009076493227832659,0.003966294817324675,0.009158276380164252,0.0028699280616434966,0.0024469366979225564,0.004409260012945744,0.0059128040763296395,0.004856235493555664,0.0020131468008492887,0.004242146372215364,0.005251855464450972,0.006629029928739385,0.0029870042830957635,0.013364629412430707,0.0021468248761886,0.0049638381032566115,0.0037875350460500018,0.004050410399408951,0.006732014106293738,0.003276693354799543,0.004199789615242749,0.010110996742734569,0.0037803856409713075,0.005482048575127819,0.0037286158109080363,0.0018463720807218717,0.003831139469648602,0.003198971722525718,0.005961097148674365,0.00538498872041916,0.007776177882764347,0.0029443718012998952,0.0033318057232223806,0.007088237599052666,0.013886682811700255,0.004282827993198331,0.0046819462537567675,0.0031294395746051763,0.005314498882972265,0.005297595575996252,0.0019001342226106193,0.00476292573255425,0.005081159510838673,0.004136955408211652,0.006825257033071123,0.0019403897815244286,0.004263353522258,0.005204091319455823,0.013199743874506122,0.0028368530488258404,0.00688674009977574,0.010537941714476078,0.005039208964626975,0.002039529665745382,0.003266497996555317,0.0018641733421242536,0.004052123189177598,0.010328783381893492,0.007047080438467854
3501,0.005885026425388123,0.00431983144997728,0.006131683024359764,0.010391384899331467,0.005924976727392813,0.006314006808642507,0.008527649317235365,0.005529242059383264,0.004320077074581079,0.0075787026471683385,0.002241114640152766,0.004389357989180958,0.0054402581194523325,0.0032434624025689234,0.008316595093789103,0.005097224066139681,0.008464833859322904,0.004316124530166686,0.0030156104650466585,0.00832949885473232,0.0030078647976829564,0.003423450405690103,0.00801957564435323,0.001845060654568599,0.002160896116687846,0.0038617230793921995,0.007069680862555019,0.003171762290481273,0.004701851637961181,0.0035121086055851735,0.004159293698497757,0.005442415248692871,0.016839032834083906,0.003343971091974628,0.003285958945449612,0.0008352677901576652,0.002877242708447443,0.003054093388191589,0.0031598819456294383,0.004333082470552535,0.0027098981340735614,0.002762209896759627,0.003550078500408885,0.006044643523744948,0.005496736179199773,0.006363201497814828,0.002859935009932313,0.004790222977782669,0.0027668769410724115,0.010119656383543294,0.002247240955046573,0.0016736717255574965,0.003456307881475097,0.005392261831372431,0.0069320151524717485,0.002326679852778061,0.01575201394582381,0.004033202952493609,0.005528887672527347,0.0039062789604921225,0.0033071815166992096,0.0051828094904585635,0.004527245637123181,0.0029422956488655977,0.005012702348767379,0.0028987744224040772,0.0034770375582169177,0.0029067491084490468,0.002415884723293634,0.0038539795168588773,0.0045728464294748535,0.007029382556854058,0.004270481201517255,0.007323339643399886,0.002849313665096816,0.003958380921203949,0.0050994480475201834,0.01427991499713797,0.004564662259034405,0.0049124503121929786,0.003693860433385869,0.0064683805699195535,0.004698792579234092,0.0024922266605873046,0.0029147028213733044,0.0042491660317405195,0.004469453401940578,0.004618944192998049,0.0016145010766214155,0.006109653172977314,0.0032120166504431176,0.006964833823843587,0.001991675338130516,0.0036062884604123975,0.008563481601682094,0.004596950306164109,0.0022171072461338796,0.0034609342145589233,0.0018954144741906735,0.004263277252742123,0.011591289453714848,0.006898605788215632
3502,0.008801367084011484,0.006952509683387719,0.008181932190205372,0.011130140541573085,0.004444657685596014,0.00614177249844322,0.007509450242753021,0.0038961155407152338,0.004057261031034599,0.007357122749962587,0.003370511945634736,0.0058827536674616035,0.009997427442740877,0.00475207966781366,0.007973595172737186,0.005147425394679647,0.0040452611960319655,0.004819892774350231,0.003634062043827074,0.008400415204588278,0.004003743495876462,0.0037903398170972455,0.011495435968079854,0.0020466625082218044,0.0018083855794112868,0.004103200919210733,0.013792845170174255,0.0024866698218650343,0.006470739507100068,0.004354755515055001,0.009567887584934532,0.013864740894390945,0.015280067632573951,0.0027464642235109846,0.006121493998130767,0.0009889794115614868,0.004044427037500805,0.0022240652209315173,0.003691977967271757,0.0035157543131789553,0.005863265906873582,0.003711694604105366,0.0021604358405165874,0.008847046348612482,0.004338472184657547,0.006706432358328354,0.006105354425498593,0.004674772467906402,0.003250793765959803,0.0082983766280264,0.00274387748675675,0.0018111693131693406,0.00387676684532282,0.008401158882862705,0.01456248466584128,0.0024639859914468423,0.01464911347493284,0.005458889365290611,0.003967706976886049,0.00402756068824211,0.0057512488546336855,0.006792448670332098,0.004439144060861052,0.0024932477536891316,0.008512736803809505,0.003435005838069079,0.0036816789962541134,0.002963453776196897,0.0020808906465630338,0.0171905156637476,0.004183150636664511,0.007434967786227605,0.0052961258299473735,0.010423560651407898,0.004016458779935231,0.004714816613844806,0.006917963377865443,0.0158726160156576,0.0039167572440505505,0.0055247940073887185,0.005074569374158188,0.0055574439587341914,0.0033238276477612063,0.002473188022247509,0.004054873443812901,0.005166584907548433,0.006546346931433899,0.004558352325758618,0.0020058344932703948,0.005840658029243679,0.0048457165151068165,0.01179056886664219,0.001986562372210824,0.004435533016929649,0.008167261851474737,0.007576806350508439,0.002292703375032401,0.005896227676836203,0.002627178343693753,0.003491853654217369,0.012377499441550218,0.008592907198082155
3503,0.009641890462386981,0.005649204061503067,0.00878240420718435,0.014949846351454724,0.007640323908564389,0.004834784451689277,0.0072992292180878065,0.0026834816432936446,0.0039081218371362835,0.009730244364868667,0.0035219055746040016,0.003909617715655759,0.011070790549670306,0.0036702709517381776,0.004758329506960405,0.0056231926772571765,0.004493197644313662,0.004021330281281605,0.002162345549278631,0.009681207489898183,0.0033312598582109915,0.00632400813862434,0.010018480718425978,0.0018216556994816613,0.0019446158797518408,0.002892697743481387,0.007413699637938072,0.002899419248759075,0.006903494248669085,0.004156804122306147,0.011276064428429074,0.017054250584590907,0.01834719747836701,0.003253171783008619,0.0070670885367085205,0.00115346656060581,0.003296220697017445,0.0018402385444463898,0.003169126443675741,0.002761305781406831,0.0034805022454642686,0.003434570235779837,0.002090658811004109,0.005174128150019894,0.0037032769139713016,0.0043058415036422056,0.004780796541480968,0.003670816502051478,0.0033089567066539897,0.005413984838211062,0.0021930118276892395,0.0018506587300022438,0.0027398370168530434,0.006746378094811601,0.015646842120179513,0.002222954853525659,0.009474567296062494,0.006133469514360481,0.005584075251667929,0.0042834429139222505,0.0035326973879977667,0.006044951490986903,0.006396134346812069,0.003266457949424237,0.0065390347016902935,0.0045714924905217265,0.0042744832684730085,0.004097751191786995,0.0024168232358853883,0.007256762232189297,0.00444007587808915,0.00741871268286305,0.004171844162013,0.007849577341817258,0.0029550407877684767,0.0054528678152313825,0.0060684825877404544,0.01747557748621075,0.00382111434506319,0.006547219960402333,0.004190186054224125,0.007407810626904447,0.0035948552682437533,0.0021227040069169176,0.002876629887530894,0.003066052253275088,0.004895270484312337,0.0044951323316500605,0.0019759929872107816,0.00611101995984991,0.00446561006736854,0.013499882523221977,0.0018999067842008642,0.004433845473207062,0.009521040324923577,0.008358673008867883,0.0018038123550473423,0.007019455173559705,0.00202760488487746,0.003593447113603412,0.011998134256582723,0.0056523573134721426
3504,0.009178601757115655,0.005505733752997154,0.008366352344518633,0.018048877146893613,0.004595164265649527,0.004899243354910866,0.006686726564465313,0.004326794901256744,0.004856268271380699,0.00782939674310812,0.004781603292539498,0.004931783661963511,0.007481823939577808,0.0034831490342156603,0.0066270903284408305,0.004851942261369567,0.004678111787430997,0.0041784635013067525,0.0023087823061431726,0.007434383918447436,0.003023917278628281,0.0031398051622428327,0.015269740539388373,0.0028351383310490095,0.0022682326532744365,0.003600838320387396,0.005818799509692314,0.0036695538829176933,0.005388747473621069,0.002871806321078324,0.008282470974234514,0.014984591065069691,0.017825711071090038,0.002344933994373235,0.006703603683425133,0.0016129258947998406,0.002136191677181143,0.002474593023018753,0.0028570306075957007,0.003077160542740856,0.00374868580745524,0.003650879923605659,0.0022138615817791363,0.00539976405814983,0.0044595173534981575,0.0077077231844627945,0.0040358718685482055,0.002490326520357283,0.0036158566946376904,0.004707253372985378,0.0032716212150607576,0.0016758005283927183,0.004531287007440189,0.007272485595774851,0.007169882896118887,0.00229514796209381,0.011672793865046667,0.005079877294289187,0.00292653340017841,0.003053153567088078,0.0035286565388882754,0.0055130361767405,0.004914854773359241,0.0030941242285794407,0.006821211616671348,0.0031163518353658102,0.0029990581472720272,0.0037640330549352096,0.0024211283463674133,0.005133975816989268,0.004271435252950759,0.0052975221915836125,0.004021738482612473,0.007920725243511452,0.0029289089677216737,0.004907900217513549,0.007179675966609231,0.013838726756844678,0.0042574776614982945,0.003230900007711103,0.0034290768393331313,0.006242206221477846,0.003772783667297149,0.00210038269599579,0.0027422295897764847,0.00491931580240044,0.005107662944501357,0.0039833298736247184,0.002557324243067329,0.004507395884244501,0.003968246866670784,0.01630959868500201,0.0017827398914433091,0.004488784216231531,0.009634574158454352,0.005045657837100409,0.002199463092105152,0.00646212800789902,0.0022381805931938675,0.0028184785027296007,0.010780094434014655,0.005576499677489182
3505,0.011986899822036422,0.005251509756308008,0.008032113447885235,0.011581673920720422,0.004624816770285754,0.0039502928614796535,0.008706043758360878,0.005015284106872657,0.004750802456840453,0.007300347767273197,0.003788205998038612,0.004122844621064992,0.011483657884748526,0.003692806939551828,0.007218297477842455,0.004789218032113185,0.004492632182253838,0.004456244019467518,0.0023019436131272992,0.007927099929743104,0.003044644001890203,0.003388884676839751,0.007900669158454622,0.0024411634209363943,0.0024329531369760744,0.004319681227130888,0.007453475296920836,0.004190962057481372,0.005320931655798444,0.0037963626346661328,0.006949537955802039,0.018968649847193875,0.014700690727980838,0.002181674482746558,0.0056402294296161335,0.0017680704956633364,0.002445677634373484,0.002205546569893835,0.002915616258247478,0.0032165823624964985,0.003237381409491572,0.004611587545683079,0.002901192345973637,0.005797165320467557,0.004458112573711679,0.0077508177898925595,0.0032504204913384005,0.0038466703661049224,0.003033691185005198,0.007283590754361975,0.0032400226443731923,0.0019711140582446846,0.004708798613860301,0.0068677268785466315,0.006486771870246622,0.001979966449872214,0.0137971083542278,0.004712605056790119,0.0038679727067411542,0.003204353785671518,0.004521069250923392,0.007140227542489741,0.004955023167061614,0.0028245813138522377,0.005514534955167674,0.0031395219533309924,0.003018072412316185,0.004309519126691075,0.0023170779116836785,0.005748042358174048,0.00480984804432757,0.0062444325628598675,0.004516700887144841,0.012131226486906182,0.0030047062261621326,0.00465014551307324,0.006087298904791762,0.014949305511751776,0.003754742181709814,0.006296037153010423,0.003209516562370907,0.006254889958711509,0.004347286080253542,0.0019436727668860382,0.0029538487919900706,0.0050650618199724615,0.005396656550755662,0.005092193330169337,0.0017529447321742654,0.00547487784324773,0.00434667417792569,0.014433364158813125,0.0017304830178392063,0.0038801985574409685,0.009682789476855266,0.005122501234829814,0.002153523058062856,0.0050898257275578665,0.0019713491353748835,0.00394136590454151,0.011048512919428181,0.006070617205193109
3506,0.007365506550638972,0.006622822597149494,0.0077629429589559035,0.020436312826459274,0.004125723353094574,0.00670104932256751,0.01315298148441115,0.006087802917077422,0.004771263378402545,0.00689618411197686,0.00310840884798676,0.003575711113169781,0.008122443536666865,0.0033164900858617284,0.007217055512566927,0.005080636135169634,0.005283219229615329,0.0055287945966914255,0.0016736151628560958,0.00772296609789989,0.0044347727784534545,0.002910581532644437,0.010566768716307798,0.002341552105917236,0.00228585075196742,0.003585427506310313,0.009868765136442866,0.0026843191775584364,0.007173617909850587,0.003103446949859485,0.008606530583790274,0.01261637224398801,0.013519640803963284,0.0017724965353228697,0.007742519870067071,0.00148220464795411,0.002732826809734897,0.0024362790888173727,0.0033528925641012845,0.0026945873032125536,0.003487522841729819,0.0033956170076985905,0.003225103681797312,0.006727305693844306,0.004137481611249151,0.004346881414348566,0.003340439687143368,0.0038382093761268683,0.0034062284378042988,0.005742936592698044,0.0038056976400714826,0.0024232516939332468,0.0039804233695449305,0.005622938424391369,0.005589136812400321,0.0022523727150610415,0.011890671232900987,0.00549526011414187,0.0031918999373532642,0.004375511748750236,0.005784754744006192,0.005512037105037174,0.0049002978542932165,0.003074156756638868,0.007345512899908016,0.0057577357085204705,0.004727068257734123,0.0033309318132062255,0.002046590302545094,0.0054385980986701755,0.003632655288660515,0.0056466131420397974,0.004032987275243746,0.008320251076374092,0.0029344490893395813,0.004243909778922382,0.0055362447477746435,0.012585038260135609,0.0035151557934248933,0.005285432700738023,0.004330928185250283,0.007263234749738209,0.003762910642321932,0.001763866290080085,0.003942442443780869,0.006782927108790362,0.005082464533294708,0.004216124710748243,0.002263880956946734,0.007151987518305877,0.0047347331487605174,0.013767340810943676,0.0024278148877157307,0.002879121717355172,0.010594064379020612,0.004974003077407537,0.0024928558803269146,0.005323690518796243,0.0027484419134082886,0.0030411491246434327,0.010161620839177538,0.005645512068794157
3507,0.00862863903350628,0.0056583418160568765,0.007551498886901033,0.017980965954955914,0.0045194893921839865,0.004976542070768425,0.010390982779714286,0.003335896582782435,0.004647158403648762,0.0054585138365235005,0.0033915962467118105,0.004549033913802293,0.010295408592725878,0.003267709761865013,0.004140700860048336,0.004762477810759258,0.0035529789899759194,0.00482500675656386,0.0017634935490805196,0.006873488633739511,0.00473978838014586,0.0028648569572500265,0.008294572294916178,0.003080812731624593,0.0021348942987207357,0.0036370493210289697,0.006492627010616274,0.002676776435746915,0.00851443087113466,0.0035188873128350804,0.007366781865941539,0.0118332285452768,0.01428664896386875,0.002094436609000894,0.01084222422566458,0.0010525728416197852,0.002296757029738402,0.002180767930206986,0.003538320883180306,0.0032347243954126857,0.003345548543030356,0.0034548496686403808,0.00264011916073655,0.00825333127527749,0.0031152379629387312,0.008435568098582128,0.0038065441116603566,0.0049338810747276115,0.0029728610537197242,0.005193810442880388,0.003990321912026805,0.0023843336186473297,0.003970180426551462,0.005287725216974023,0.006402895308918304,0.002585466025501887,0.008328695332449093,0.004693389875532014,0.004319062692642456,0.0052062520976758975,0.00413023026797574,0.005184174044485359,0.00454714004040015,0.004019476918624328,0.012877450489422695,0.003726662447785592,0.004656828524574089,0.004635764157944298,0.0018550436221340578,0.004914511078777393,0.0029810672958790266,0.006668974514166593,0.0038004064357371613,0.0091803522066343,0.002582083850638416,0.004955521059323768,0.005592910602342049,0.012844720609188493,0.004992591839398894,0.004999652150990344,0.0035677525018713834,0.00711797764491614,0.0037690169002245833,0.0017791077335442306,0.0037993956082519186,0.004491444257764593,0.005636440615630202,0.0033625896513640352,0.0021395975362867134,0.0074809637497179424,0.004932052583172657,0.016445285760958068,0.001855305969658143,0.00345003212248289,0.010839923775258577,0.004912639591226102,0.002638661674742719,0.0037900510231926366,0.00223505298562698,0.002903219288010492,0.010646150141533323,0.006286609954451846
3508,0.008640881323662813,0.0065756796867515845,0.007188133617959839,0.013697548985557834,0.00481273055452345,0.005425103565033089,0.00938824258000205,0.0048942631625180965,0.004719589359065983,0.005092003980972821,0.0033140805509083186,0.004633846208788031,0.008873048267964683,0.0035163075939767512,0.009333656350174961,0.0043043669722091496,0.003865618625627811,0.00452974412044741,0.00176686815807259,0.014878450304585341,0.004706005558752396,0.0034677596173102857,0.009105353765783534,0.0022893185812080425,0.0023369265503511336,0.0023536349157679444,0.006709378199765868,0.0028309936953187283,0.007353938851972689,0.0030570198289772885,0.004540503930309573,0.013689435543435654,0.017292938180243817,0.0019755894640215003,0.005909399070979485,0.001173825425725733,0.0026240448296171556,0.0022049558770573813,0.003065440265782889,0.0026656653107602836,0.004472619986002086,0.004401695762905632,0.0037821277984294447,0.007967962034516758,0.003479901740151427,0.008452984100718534,0.00380397694533632,0.003243517977111431,0.004114044394529099,0.006369707847084179,0.003964164750926464,0.00398301550998853,0.0035469532602279952,0.005730089926652334,0.006754475958254013,0.0023244861455546228,0.014069175253507402,0.004762799940439955,0.006697282796709598,0.003333647662867922,0.005438655631945918,0.005133673048017421,0.004907489260582438,0.003924874076667005,0.005776038336288142,0.004031496492334034,0.0070536258422552595,0.004528652646180637,0.0017753609797239896,0.004550725522555859,0.0042487734911554375,0.006019688942436958,0.004473685380099815,0.008436282114132151,0.0026559486634245657,0.0031285335317742117,0.007676812769672194,0.011844673839583892,0.003913607979023229,0.004381146749069808,0.005837387342349684,0.005351766324116578,0.0043837286348829925,0.001898159002764577,0.003067120467313006,0.0034442019234608655,0.0031698933472828635,0.003543692838973275,0.0019762450983350143,0.004476256151563938,0.004316005027147814,0.014250260233650747,0.0024474860927610038,0.0032229739343578603,0.011386577217384942,0.004816597687687614,0.002038019434816402,0.0029617251689951557,0.0024870727039957644,0.003616947799977879,0.00987427060515625,0.005608128447889307
3509,0.009665817963250296,0.005779894340192024,0.006021301038293024,0.007410906636042381,0.007549257498786863,0.00573764614220601,0.006375748994373405,0.003393822876162582,0.00505660393342932,0.005623364150473782,0.0036969300947734137,0.005120089386087588,0.004915963019491742,0.0024974233292504484,0.006455414208604478,0.003954283185655458,0.003105102500697909,0.004835080940984151,0.0028864055881431833,0.00469152814546021,0.0037054351655183395,0.0037982611961496103,0.010048939055241091,0.005257512957350452,0.0019905024258378722,0.0035407479249096353,0.007078474124946287,0.002204538876843465,0.004433783545929242,0.0035653649204539293,0.0050463319398657116,0.014148108641662492,0.016306564673365987,0.003228857286418064,0.004180918636855172,0.0009109164290813596,0.0032071176558208406,0.0024749445811552647,0.0023842380877275074,0.0034333757559592043,0.0023745584324689414,0.0028811525385183862,0.0031033798225064916,0.006614064936174019,0.003913388179592677,0.004795043178509048,0.0035759014488328422,0.006094413040671186,0.002586511376093039,0.005582596976562577,0.00796592789023472,0.003366522320295984,0.003356847073965156,0.005359057648608743,0.007125092961367501,0.0019359323656097246,0.009408839847448678,0.003930508047439614,0.004301231303412085,0.003467899338169687,0.005183984589157924,0.005230803323863261,0.0036295563165229063,0.0035361488080047853,0.006492250262917914,0.0033272797268677112,0.003891305950189831,0.002504919159530077,0.0019230228309534308,0.0051953821372165065,0.003907748739110509,0.006304822602282233,0.005895231832880202,0.004648834331957854,0.002909383545633517,0.0032016010781102727,0.006222718375992878,0.01597216594052688,0.004163387157947808,0.005327377753461986,0.003513865978742961,0.0065963404612075895,0.003958058662433534,0.00202858214196153,0.0041453666915692005,0.004757219990850671,0.003230972338435902,0.00356898288687051,0.0015900995425495717,0.004668100510566317,0.004405306361228213,0.006844819626813071,0.0021912516026520216,0.0040091230419983664,0.008904164845155473,0.005564622202151822,0.0020226400254902263,0.0037583583820447663,0.0019871287326951323,0.0036150602267992858,0.0046513549141998225,0.004840927161305011
3510,0.010770318018892599,0.005430361999686943,0.00872230228795347,0.014541491455373985,0.005869548770575057,0.005801070753491739,0.007155838085467314,0.00458058256093908,0.005460814314790762,0.007365102592451512,0.003438550635229489,0.005660854381173502,0.005639091394050811,0.004114365553727738,0.009565126373641842,0.004128627608733385,0.0038001783222811115,0.00450317167552866,0.0022672648725089034,0.009744355764095181,0.0038786070726461674,0.0034807375830241422,0.010873515456841135,0.004216614101342231,0.0018551804272504116,0.0045750634684993095,0.009878937516196847,0.0024870476058415202,0.005870880485070161,0.0038151461754113566,0.007326497229220211,0.013651048247058225,0.014128548921924486,0.0022110863473455496,0.00626538022104572,0.0009724123015067035,0.0036136591833388987,0.0022715912033176343,0.003430168790264574,0.003712263987402513,0.0031528148948214802,0.0024972567553207697,0.0021838201823353195,0.0062471397707240025,0.004787812685209094,0.005908082899655242,0.00400639451246553,0.005173505406016703,0.003079709223697363,0.005740024600683649,0.002524229351791317,0.002130706401343989,0.0032330438777463354,0.00477835968092269,0.005793144825488092,0.0017261986847454615,0.009622327680054683,0.0034761155994774066,0.005347403813229573,0.003937182617744973,0.0031282871503749347,0.005870140323876159,0.005011600199991857,0.004016916500565199,0.0076820125259432085,0.003374743915230355,0.00450609661085964,0.002909379460088693,0.002830345228985572,0.005715218787540473,0.0048130643167903124,0.0037193840378678938,0.0042823965477028015,0.005535490830840436,0.003124053026872348,0.0030812130055777954,0.006457515786197598,0.011277113147418184,0.00363937388453568,0.004452880990681906,0.0044038356051989466,0.007541655299566952,0.004822655352943905,0.002560624505079469,0.0047332112527022395,0.005641855757970357,0.0041757832498965815,0.0035727904269986163,0.0019602275832953263,0.006080206109524937,0.005710349605949228,0.011967917264943994,0.0018788332528061856,0.004017898427183888,0.007587906047523248,0.006351972075390523,0.0016859341860096678,0.0032376743013214685,0.0018732188486900244,0.0031339633680546133,0.011925821785131196,0.003309794711172667
3511,0.007687386061487163,0.00684751570369937,0.0071216663773746415,0.012606001470755138,0.004714422171108795,0.005807553680019634,0.009134387185214613,0.003819908437635374,0.005097120729301767,0.009905170139682187,0.004120823477063404,0.005145801419885618,0.006695603262791557,0.003213720277124183,0.008731248869361318,0.004509409850010775,0.0027188472397416527,0.004242568203708323,0.0019549409411967747,0.012008408858178865,0.004496862730991397,0.002284510042674165,0.009120298868172897,0.002594699595148836,0.0017163647010201048,0.0038640765092314007,0.009380609334154036,0.002643922473315468,0.00664185673828522,0.0030329833095006373,0.007898944287775865,0.012922099971823808,0.020646875683787595,0.002692941112301943,0.006861749344056807,0.0010717666436287463,0.0037449810703508034,0.0030977727256474128,0.00421431039202169,0.0032409565430184346,0.0028489392864988385,0.003249466501234956,0.0021894343655198267,0.006002827787070319,0.0031192566444435575,0.006761754188267984,0.0029065210273424083,0.003868571239120554,0.0038614982027418386,0.012757624893610974,0.0025272680950533294,0.0015095816631356823,0.0037884448405624024,0.006480419318817729,0.005239197333280267,0.0031469522297095038,0.008958006277730109,0.0036026771152093216,0.003207824500322355,0.0028102793389454227,0.0035311544621794127,0.006678997315087719,0.005932358139783166,0.003700069036162974,0.005417548273127739,0.005655122882000279,0.0036538542906601724,0.004933957721657516,0.0022094747956589457,0.006059035795631983,0.0054645717441993485,0.004784790967467027,0.004500007608088543,0.009077762280830744,0.002931379615087073,0.003704230114526492,0.006978203908519171,0.021483727863741038,0.0031525738527992063,0.005127013490462257,0.004319967155788225,0.007736806184977217,0.004196736339182758,0.001862232862134376,0.0036670745143686555,0.004430255134775117,0.0038116834781645485,0.0034810537461839467,0.0022486814899525484,0.007408844885889254,0.004916242394104812,0.009371089242076828,0.0025596671831044624,0.003906293546767007,0.010107148848137916,0.005904480087747525,0.001998115345293186,0.005534433655200221,0.0022539814302962547,0.0034581213480416296,0.011854340165485578,0.0038909380067066613
3512,0.010859587300326455,0.005263519997641078,0.00806934810338831,0.010841045203041138,0.003658960375491688,0.007872757745797597,0.008260167288191287,0.004725900436716756,0.006491583653894051,0.005226447281446043,0.0024098866872152686,0.002304631711221532,0.0065461778201319236,0.004021434206086745,0.004553368780070008,0.003049549253480148,0.003916506435093542,0.005072580301001857,0.0021088702231206622,0.007530883006332446,0.004640659822171979,0.0031553401977261484,0.008592032516075897,0.0026323069079723085,0.001692466650023348,0.003104344515074622,0.007161692944663677,0.0032471128588127643,0.005625561527669141,0.0024978159226026514,0.008458511382840097,0.011646170021762199,0.014989369227662454,0.002370236097098589,0.0057852418529147,0.001562213230138397,0.004037525406341039,0.001802779233657301,0.0030841725034950144,0.003030956362477759,0.00326707801197498,0.0029752860451390944,0.0020083252212616328,0.006408049372788642,0.0038018293175714987,0.006933734339836247,0.0031211378671509183,0.0031446781883663908,0.0031651968079406657,0.005701850835838645,0.00228306048644835,0.0022639812967540393,0.0035170642290272263,0.006283486533982715,0.005454449297172454,0.001988290433474656,0.010786000344722903,0.0030806022135396374,0.0052919151424528086,0.003285091727162746,0.004319129106535178,0.006578345233200837,0.0046789821867975895,0.0041817914911179924,0.0060406453700727865,0.0036783255788253935,0.004399679997793833,0.00464491573400271,0.0022296197107741817,0.004794442602384231,0.0041807442683642095,0.0059463879550395275,0.003582078925821433,0.009563943763999081,0.002815311364371823,0.003117068502434728,0.007308699229543198,0.012082426346310914,0.003147204365552184,0.004798610036983257,0.004421794437119023,0.006614463154259736,0.0032376691005549375,0.002091444739193081,0.003337430180372046,0.0034601024247109835,0.003938237938803202,0.0036168949783522276,0.002092128542184758,0.004148613616779852,0.005036640900746826,0.013437125951461812,0.0022638501091825987,0.005247843823015896,0.01030837997695488,0.005106012840743621,0.0018621541000998173,0.004922935623700735,0.001822006862811015,0.00395507032180399,0.010823672907963083,0.0047769155254165025
3513,0.009188567995872702,0.005149230961396743,0.008452412055941902,0.00810472642334468,0.00520378003064012,0.009277965299672942,0.008837029021471219,0.003609292651903369,0.005679577447004467,0.007322181500311584,0.003177155750051858,0.004249706636186603,0.0039506286818836,0.003363699988739622,0.007842788220136405,0.004253293116818962,0.004038666778982724,0.0037026978291718996,0.0026131765568554997,0.00787147602453368,0.003602129984734349,0.0031229688598326537,0.0100253449659086,0.0025669384403434114,0.001709561233862768,0.004510395690843454,0.007669257859681281,0.0030448421450136372,0.006400304997208579,0.0028942152380479593,0.006536394392557605,0.014970610886953452,0.016089249413184674,0.0033676907606088064,0.0059550664320510574,0.0015192508917552714,0.004993919734883896,0.0019318615226695424,0.0040257021966622515,0.004727871205019641,0.0032182687623152385,0.0027143623362001416,0.0029879367408035483,0.006949930923385353,0.004193058187722873,0.007737523407389961,0.003362959788737125,0.004849437021364466,0.0029236383734523607,0.006704295934410136,0.003080901980040701,0.0019759027433767,0.00548044724033432,0.005653911594894688,0.005364695222764637,0.0025346745212264732,0.01057693540258697,0.0031054609324618968,0.00506582706809516,0.0027755574625022545,0.0036977924293824945,0.0060854355416243245,0.004563358194277208,0.002952075045445276,0.004658830412097733,0.0035608026441818867,0.003585835014184562,0.00398364544865548,0.001951159502011518,0.004525989881247467,0.003633596655667739,0.004334320767781152,0.0037195608844960574,0.005717844127651046,0.0027418600621454663,0.0032296657465469914,0.0051235563671986235,0.014774265184209734,0.0037211956291044457,0.005199252939194103,0.004086104606160404,0.005250623239889911,0.004097557237459947,0.0020473745613897366,0.0043209309495763,0.0030916872360975197,0.003906600065343199,0.0044847229514013275,0.0017192972921569215,0.004953761273829666,0.004590073338374418,0.011148369049880043,0.0024921114838143184,0.004214276429863033,0.00987444954429936,0.004239702269544809,0.002445365766838964,0.004295243897302774,0.002165502830901679,0.0037474461593139646,0.011304440681235157,0.00622746851814971
3514,0.00723932613523191,0.004761436417180205,0.007605135023162143,0.008413297734934001,0.007268645104523925,0.005026989246007463,0.008189881915714963,0.0029263006768582935,0.007997042556042269,0.006670626250226914,0.003220396228490688,0.004424067958618512,0.004687116415028986,0.003917939491420254,0.008953944647085993,0.004472019488811277,0.003484209993585704,0.0036580690124996384,0.0028126018995537675,0.008727753026290952,0.004673269649272333,0.003586798608131721,0.010693849762442276,0.0041677346550993595,0.00179123216353026,0.0037258005782048673,0.0096147144311261,0.002432533922047321,0.006521027292529169,0.003475880532709715,0.008269967491011977,0.014743465820126587,0.015790853379712456,0.003138659921380226,0.006707705352550874,0.001319644076174096,0.00434142464864208,0.0029258124051574105,0.0028377669403459537,0.0031453706238586247,0.0032795417210410463,0.0029786896232152963,0.002559849073414533,0.006894493598217204,0.0041896027515284035,0.007261283445678588,0.004315284160904726,0.004312315408763787,0.0026220743094306186,0.006288765246560684,0.003893802889379019,0.002087650526143762,0.003088999925374901,0.005455262601214364,0.005537434002194996,0.001945700706036842,0.012128129362946436,0.0029431022908349867,0.00463196788511392,0.0034690272013105016,0.0030929344138881177,0.00622828936344089,0.0036576864266040154,0.003062273065032318,0.00669648260247045,0.0036892774123467786,0.003484150263098823,0.002483060150279206,0.002592268233982484,0.005608677659998732,0.0045573834601788585,0.006783654949274218,0.004015394879182941,0.0071555632355215625,0.002991607900708998,0.003922401249658197,0.0043911816453696805,0.01338325390929781,0.0036818838336547272,0.004216838713206925,0.004587948910756653,0.0072203048353448995,0.002781494586893599,0.0018595493823178252,0.0024539538340327205,0.0043545837187197204,0.0034119919691750766,0.003869199006168748,0.0026553163507679937,0.005288449007784913,0.0064640991908743155,0.010970283089690098,0.001894001851689471,0.0056962553604235485,0.00834163936338544,0.0049306393108414105,0.0023172194782220983,0.00360620259145144,0.0023776884340172373,0.004015476850720657,0.012208157113702737,0.004880645088451103
3515,0.007879403673239542,0.005679044937793456,0.0066780959256607375,0.011204871952192821,0.006482547378248275,0.005342657089861673,0.0077208975518282975,0.0030802900980240037,0.005209932484072549,0.00899410495339629,0.003161120329629079,0.003927746384708235,0.004770580244425191,0.003968577940073316,0.005142271127557481,0.004827225690563464,0.003604727789071132,0.0027849330369067544,0.0024991376645087456,0.00985843314112503,0.004518064747716062,0.0028424474227088715,0.006778900755419673,0.002389905681896896,0.0018033244293543498,0.004438123511995178,0.01296172928413778,0.0027100784488099795,0.005907532930386708,0.0030016404265578228,0.010103363799039842,0.013060828991942951,0.015456004532005605,0.002397064526029269,0.005824697728991431,0.0006786089943544531,0.002674171113845866,0.002183153958240046,0.0029264940510880764,0.003480091412611511,0.003303076049139948,0.002970046630309579,0.002075568429109543,0.005966532731776216,0.0031520193014086474,0.007133576438940688,0.0026820284458879246,0.003818301616523713,0.002870612105861627,0.005287047315915713,0.0026495492123636945,0.0018979334711738435,0.00322454636807066,0.005960119764820471,0.006192672418487493,0.0026751750928610102,0.010049590087061841,0.0023333250224373153,0.0035709186127632687,0.004826111047116277,0.003159350286486698,0.006527102926610558,0.005021646197021814,0.0036311074825970285,0.0060463249997560605,0.0042459220478485125,0.003908704415950167,0.0027992000100213387,0.002300288796808827,0.003216876569875733,0.0041490619228470894,0.0048011882867889715,0.0034707270607692627,0.0065196515642551335,0.0022763601052962056,0.0042840207752227,0.005078702039277034,0.013140841056617298,0.0037371658364356215,0.00416932330516828,0.004254829844479077,0.006520603216128671,0.003189962026929632,0.0022377080354927656,0.002338395033896841,0.0036079152561151774,0.003784491595481757,0.004152827591693768,0.0019551725506715503,0.007330068478952308,0.004461833238377434,0.010394305798500961,0.002261378280641488,0.007967896169900488,0.008051576757623274,0.004650278532421063,0.002013448042171291,0.0037153818227405253,0.0020420424185553245,0.0036119440850380393,0.009531074997050396,0.004386869840041439
3516,0.007483365675239708,0.003692366325746567,0.006808979185584825,0.0059679039386047565,0.004247317622730579,0.005092364266878542,0.006363430124291448,0.003254982630870475,0.005099886934900689,0.005284919258641985,0.0035054041631304577,0.005441889042177131,0.0049434240741714226,0.003800081833547567,0.005794942601125719,0.0038792149995327788,0.0037671912382673638,0.0031438824904970325,0.0026271967761514643,0.00653153776530009,0.004823788381902835,0.002780396954603865,0.01348266395561538,0.006756429547978224,0.001956928666052642,0.0046253329385116514,0.006867826998638519,0.00240345520217194,0.005807389353093506,0.0038109223943201026,0.008717707816348149,0.015203160252361576,0.017106175779545884,0.0025912746138030264,0.0056107652413833475,0.0006423555726534029,0.0022642495970084256,0.002611016050375325,0.0026079584945560273,0.0035771226149247325,0.004355089982075387,0.0020821373595105524,0.0023068236374340924,0.007897961752247593,0.004095199611880209,0.007150538205815254,0.004061365148994063,0.005820824987545354,0.0028297328136103594,0.007372754162289393,0.004420977026795913,0.0018451623067442695,0.004730881702350288,0.005728472513914243,0.005460029575111337,0.001749309480294017,0.009268135897265968,0.0034624743304903817,0.004376656068239882,0.003842121794065284,0.00427434513695758,0.005770949081693811,0.006603775236967098,0.00316718082669781,0.0075523376302641795,0.004132069408288581,0.004156886626259771,0.002473103443091604,0.002412065671210575,0.005538774001128617,0.004533931462459529,0.005837960138924037,0.003640080774864321,0.0076919943952990155,0.0023042397704409424,0.004370562959001206,0.006356183153911742,0.014513560554117207,0.004703185427089968,0.004326720113858043,0.005004940447497093,0.006371448134538009,0.0035451652225657075,0.0025280343270200046,0.00209126301049212,0.003509083218875189,0.0038897392126564156,0.004303474006214828,0.0013941845342639167,0.004342828094645529,0.0040584380457334476,0.010277455673499296,0.002523551667045683,0.0037050464718951103,0.009417657516674276,0.005277657131842158,0.0022176670456712346,0.0032888717435429695,0.0018741818010896724,0.0033647762341929306,0.011811015835534644,0.006484155877727469
3517,0.00987033909990521,0.004736198073138395,0.00793853450278981,0.012831159669243057,0.004851654393422876,0.005608340411434194,0.008839828409200882,0.0041071286942218925,0.00519704974312769,0.007873129631936667,0.0026974877045978945,0.004000898517047208,0.005208413131512037,0.004074571569539417,0.006236811744030409,0.0032660838077338966,0.0036811023205251727,0.0038796256389876027,0.0026266076360225723,0.006940425598499847,0.003233652402754621,0.003306483344580232,0.010397685429170323,0.002975342887584659,0.0016701159749272988,0.003252053744856853,0.008777169549410168,0.002284341260434091,0.007277943692089015,0.0037882902560041234,0.012178794876749997,0.014696315350802425,0.014427915577264241,0.0020210657166950907,0.004589927020457638,0.00059017124569256,0.002463946675308627,0.002182709700366777,0.0031772992852454403,0.0033428371774550858,0.003504294785151776,0.0027161867869257283,0.0023913572460598424,0.005906095663130074,0.003868070179256949,0.006738942548188892,0.0050675695646369735,0.00412912581480468,0.003210674449556057,0.006479398998538718,0.003334707137159204,0.001953676047526554,0.006156838531390304,0.006470322143229626,0.005783902456189375,0.0020517404249018887,0.010133364446867198,0.0035882193499837006,0.0034205187906513244,0.00365427785261322,0.004842470071243226,0.005821544679244031,0.0045704516471998975,0.004772262266694664,0.00716167433485835,0.004543470686449411,0.003314424223702037,0.002331206414840889,0.0030824790051179594,0.005876548314635566,0.0033955761129905956,0.004444047108242838,0.0031363264375070055,0.005353442564381624,0.0026465489477685428,0.003630967028475192,0.005631213134666821,0.013872182685220167,0.004256525546271362,0.004323475512931636,0.0067032818475456744,0.005337312056193752,0.003587216321562769,0.0022887400137964592,0.002662429152027988,0.005376875238886286,0.00317724230763572,0.00427877552064392,0.0017760927353656286,0.0039440096608020095,0.00461568824138021,0.011681710802868448,0.001713797504770892,0.005334248753267069,0.008380253082512135,0.005770019269511601,0.0030497288585065213,0.004921387286588792,0.002438298658829803,0.005403540045156526,0.010120786634941271,0.009578982039310046
3518,0.009624541695023938,0.003985118726539535,0.007712773937584428,0.010928288016250298,0.003977661926959655,0.005243894961419578,0.004447461606489768,0.002740725965828011,0.005112977299684812,0.006665649599410078,0.0026803352105581836,0.00505948720526159,0.005862150202667329,0.003032414458378275,0.005915190906697424,0.0041673794882205175,0.0032322382514838326,0.002903960347048998,0.0022821387323905115,0.006007327384312095,0.0028620653814667805,0.002614401678210667,0.010778343278138251,0.0027064353626674886,0.0020436277367057083,0.003675261165390322,0.007789706706551742,0.002205447098115196,0.006032348904164046,0.00317344201998549,0.0066900457173912934,0.012011086769474403,0.01690476200863105,0.002427792205436066,0.00547449572798277,0.0007474669558094791,0.0024652931767357228,0.002624494938022089,0.002659215125063554,0.002391587823601374,0.00432607688740294,0.001897921932353091,0.002621240575625012,0.00628630157834349,0.003007471234653537,0.006702038415522887,0.0025384459149909587,0.004137776808863001,0.0034364378496520936,0.00489512840044973,0.0016397687069168079,0.0019448973048759365,0.00570596649641822,0.005114239346290142,0.006292914325143903,0.0019979965143107096,0.008387040108977414,0.004258491200013959,0.0034034088351588515,0.004249780749861904,0.003019495737474119,0.005358787556188177,0.004787176966889629,0.005038895998523645,0.00659192278569109,0.004313623430659468,0.003855396892033593,0.0033934451223699485,0.0024345000122933972,0.003546410243603024,0.0035955954472918703,0.007332764644595522,0.0028027608581236963,0.005965309445596584,0.0027341122798311968,0.003974967787846633,0.008010425768662646,0.015480371445634055,0.004154803517824469,0.004306118015263744,0.005601667137033805,0.007226058032684587,0.0033522728467369678,0.00198794817639202,0.0016549759945807933,0.005473321176344842,0.0033032255117079815,0.004370058858453109,0.0026524139688156785,0.006819355472109166,0.004809909516510334,0.010977188791579894,0.002320043302669804,0.0038213192075605773,0.012259562643782482,0.004779141003639109,0.002179629025478274,0.0032564872405823684,0.002049424071388126,0.002889219697832668,0.011149893365501847,0.005933346609395597
3519,0.009018249154122249,0.005617659606054352,0.0066324175701461315,0.019811323617475805,0.003842733242580254,0.004428835934057098,0.00904974077548584,0.0057425296696243765,0.005668806462620123,0.006039057927871997,0.0024376311270016314,0.00395535457350623,0.009528140971360307,0.003074287292784699,0.004726923247768402,0.004517699779412543,0.007492843027851682,0.00404957144856282,0.0025907057082920106,0.006810785119407912,0.006163877278927521,0.002947872397634029,0.010363181342142997,0.002503671481442635,0.0016826065974607902,0.002352529472006264,0.0077465270577643745,0.002969907374626638,0.01387902269411011,0.003082714493499613,0.007896394663566236,0.014051851201375708,0.018590465522824798,0.0019192369277068145,0.006802106186988208,0.001043898061294933,0.0027048236696950896,0.0027903997830210137,0.005985543069096781,0.002683831586990026,0.003998857994818135,0.002829177243519605,0.0023787399493524187,0.007692656174147706,0.0037135805121111527,0.01459706087536301,0.003688030927327642,0.00587811185319712,0.003175173589273359,0.004587832847097261,0.007658939665055978,0.0017472455900142945,0.003869029509200346,0.010245233782184589,0.014349231706598992,0.0024877504753260883,0.012158880454432086,0.0055833471244963314,0.003973942348056315,0.0034239457924553907,0.005394682918301103,0.0051251038360995045,0.004453422647983299,0.005087701496284439,0.005244835555006912,0.007009214976418664,0.004178859408060485,0.0043884547615495656,0.002660323062596289,0.0043756462893342766,0.004537217383685485,0.00778768759839571,0.004557103718509134,0.008496620478753117,0.0019603044416347947,0.0037892937806664343,0.006365430419334528,0.018879015604163368,0.0034165907489193655,0.004237704431876438,0.005694120669928931,0.005076162952433112,0.0055765530829242176,0.002111808633582687,0.0021496816274264165,0.00511786897715481,0.003010497232186009,0.0037387968733826778,0.0019866336115250995,0.006913521376228891,0.005102404374199704,0.012014745773591282,0.0022875493394110815,0.003767172823768055,0.012842005186443609,0.005158059519944386,0.0022923761627652224,0.0030977627575129655,0.0016672002302335254,0.0036882312428699188,0.00949268183113625,0.007170663738636127
3520,0.009697672294362459,0.00521095691895766,0.005611999529909915,0.018050528348196496,0.0038090482210037507,0.006341266481107606,0.006887955235218489,0.003039896379196064,0.007484662710055079,0.005932210485497947,0.0025147037737040467,0.0032510963084504086,0.008387949491663682,0.002983193702217023,0.006608430410965207,0.0036035482054216257,0.007638111678335862,0.0036926202392588998,0.0026953312367168965,0.005870259743819078,0.004744745611166907,0.0023326086867558908,0.006371176437920938,0.0025115764607849585,0.0021778755148619973,0.0022556893123025904,0.007186829917811186,0.00293182850206912,0.010403314159968695,0.004178935156932869,0.009062793900958684,0.015265782208697475,0.017484944845098268,0.002084415369171204,0.007534826792679701,0.0015089632248290808,0.0024039157897312287,0.0031208514802526267,0.0032938328509550525,0.002882243597106556,0.003922873516986426,0.002718674171763168,0.0021192653281622773,0.007786647273987314,0.0037148258023944705,0.015368591639093626,0.003368893602192752,0.0043305452806226856,0.004221860540406036,0.00545945040055819,0.006217299155688351,0.0021768079384108475,0.003935029097010378,0.008807503555821893,0.013259071720735384,0.0022712614816424418,0.014266880396486258,0.005074421535494857,0.004000465453363084,0.0042474579312700555,0.00686300480268508,0.005611963763908541,0.004203369835643708,0.006519557459930072,0.007081015258986515,0.008961204585824585,0.004178859408060485,0.00465342958066698,0.0035217139250700424,0.00628356394806741,0.004700641598000746,0.007493719924436427,0.0044469929868747,0.008004721558443253,0.002395596600774841,0.0035862340002901544,0.008567332374467648,0.016200081952124377,0.0037234709379040634,0.00463606047062986,0.005814255975424918,0.008824646760673098,0.005836949374392269,0.001763654813932477,0.002492499677082762,0.00721436524453467,0.00231094958332782,0.00448755634511467,0.0016264451340523432,0.005471623007967192,0.005201436674344098,0.013386822091792164,0.00203649356189121,0.003194063802670451,0.012842005186443609,0.0053168805120143055,0.0025358042320811564,0.003872043847797777,0.0020989633768235916,0.003644573600719486,0.010936735243857442,0.006339625064197698
3521,0.007300595374077254,0.008425199640964725,0.00841465637047974,0.024000833777735358,0.003846651164345915,0.005690185727781966,0.007612701324578404,0.003578207239349393,0.004066952192514003,0.0071312817426552365,0.0028953809450566995,0.0038421307882747116,0.008229810377544932,0.0030386092030685917,0.006160809624124577,0.0059715494157056345,0.006265170872391653,0.003906505889662381,0.002912655850789564,0.005930589151867555,0.005659588332522798,0.003404710002457157,0.00764311233409241,0.0024424103921447224,0.002349268457086051,0.0020787895612661266,0.009556859536888632,0.0027357381640225917,0.009382279540170074,0.0040330779704668045,0.008184565002803441,0.013271623365381032,0.0161063451465859,0.002140554893704014,0.009343736807467945,0.0012746851190569594,0.0028510391898310594,0.0025290105736602256,0.004225625674729244,0.0034859853173123735,0.004300738143798272,0.0037262855246801632,0.0028621550207177603,0.008353025049301887,0.0036744718520343852,0.00864406054450553,0.003489645519206619,0.004971677403065934,0.0041195355720513565,0.007201316480493388,0.006937157825131655,0.00390286120424736,0.0035213990171870176,0.006486381274331193,0.015141378254456052,0.003093065046182254,0.013705808686088854,0.004397208457790033,0.00428376465940136,0.004774053825568702,0.0054067668554387376,0.005307435791757546,0.004792194536025112,0.005714434813997,0.006391745737042408,0.01429600439240805,0.004178859408060485,0.004772843033321281,0.0032817788329369975,0.006502759416161235,0.004659311734644454,0.006563937937308306,0.009393485020321161,0.007993057488534397,0.0027820303708845015,0.005794198059617546,0.0075271359396939935,0.016666899221027678,0.0037415206653674685,0.0060502587752033436,0.00838852503170936,0.008139312883648268,0.0038124490186937105,0.0026299085149165636,0.0039704151951870485,0.005631280389025707,0.0030428825632890246,0.004614917029111863,0.0017487204354834343,0.011239287875261917,0.004598298496816144,0.015611202422783845,0.002989543911125751,0.00705744609719134,0.014067612240500576,0.004660167229734607,0.0028989734802241252,0.004341358799344502,0.0026743325487930793,0.0031338637436992708,0.01120382824365608,0.005363550638712719
3522,0.007588692027351693,0.00487662799793124,0.009073468522766703,0.021657581956951544,0.0034590167837482877,0.007016435002775471,0.009060128708370809,0.0025979310334831767,0.004348904518928558,0.005605032127371098,0.0028020671960236596,0.003601174486543685,0.007133650423650643,0.003235209727248382,0.010279884202543336,0.0036961769112256147,0.005221177409277202,0.00490659907003475,0.002679156697708771,0.005768923698805362,0.005313379132184284,0.002707210073227814,0.008998722004541666,0.0025652783113500614,0.002669044013021714,0.003351379318946269,0.008318377346757453,0.0030202910030703734,0.009141710037095942,0.004279779462026016,0.007949427376601337,0.020421731606425502,0.01887131618332269,0.0021908172819236327,0.008571629359687008,0.0012390575102105693,0.0031328208098511646,0.0027012954068792454,0.004558054332806623,0.004302914863724551,0.0030633615482006044,0.003620570664270258,0.0032052206626472877,0.0056480781689598174,0.005608112015853112,0.007844108789465221,0.0044501486468751855,0.0037019178210133214,0.0029654198866061166,0.006405777493841435,0.008503203774147271,0.002378040416038379,0.003901549330700969,0.007020635580495091,0.013216135969956444,0.00295723056622646,0.012815489419178594,0.0038119851863837573,0.006128521579083517,0.004882088803577081,0.004112220135997738,0.0058887862066634294,0.003776748348573353,0.004841688097187627,0.0080419998311261,0.00682701642007165,0.004444294654133821,0.003837706538141024,0.003184771863357995,0.004688604702794658,0.004246249460966853,0.004978278045116212,0.00806731360216685,0.00923773732660386,0.0025353313203287904,0.004118263174672141,0.006580290912483252,0.017770527322724564,0.0039526234048300225,0.0061921873116743565,0.007988338310115816,0.005621635998884673,0.003823791654216077,0.002136617453742331,0.004459090686840226,0.007835097857779166,0.003405613886369376,0.0048357665471411414,0.0022264374550301875,0.011401614664495506,0.00494287414776105,0.014623148550342876,0.0021624871057760674,0.006732440612674468,0.010992698659684533,0.004704608770001857,0.0026029502615933695,0.005109530846251644,0.0032406234659068302,0.003426645426779878,0.010895353444423002,0.005259245296614954
3523,0.00790148138334059,0.007452718545050433,0.008812600523123569,0.02305552182261153,0.003072804753060295,0.008657295792799322,0.008588019941766015,0.004525567823836249,0.0035319847632981883,0.006096246967647973,0.0031674979576420768,0.003048659150140251,0.008555352930734261,0.0037600972860207774,0.0076031177593925536,0.005852285612653654,0.005937297623005786,0.006829753353099427,0.003054947711295762,0.005854955644761705,0.00361595022800073,0.003053075113853333,0.007821434683924924,0.0028245094210354055,0.002750295657939599,0.0033188452486618506,0.008010298043761405,0.003371560961991301,0.00983251646732736,0.004096038309985316,0.0081990732150787,0.015610601648305635,0.016229194685336557,0.00165478964262829,0.006054188054591398,0.001286497904785831,0.002996385328071396,0.003119104078688126,0.004235669508676406,0.004517376151579792,0.0031322250737500132,0.004454934141312419,0.004145407752522536,0.005875710331127217,0.003837759388892449,0.00598338469070176,0.004620995306727828,0.004636009906304977,0.00331160702810386,0.005743137310484376,0.006960768408874061,0.0015954504543290089,0.004328092434361356,0.005938582835737229,0.013793303800755235,0.002523121868588691,0.013277255233134258,0.0036661537798054664,0.006093830105626279,0.006717931012701348,0.005644770705598912,0.005873362411159573,0.01262659675707935,0.004670480384762279,0.005884464557473363,0.005464060064931962,0.0047774624260850124,0.00616312308691806,0.0028944800369301404,0.0067906878444234904,0.00694063311833686,0.006177810308537017,0.007432832069154813,0.007656694638196598,0.00313920063022191,0.004305639328495486,0.006945917188451575,0.014846849722643607,0.003890456026038865,0.004413093917457799,0.005712863888385932,0.006005195979563864,0.004665193183420382,0.0021995868460376843,0.0029548231128101793,0.006794887848193526,0.004291518403120681,0.004017037735228047,0.002791021398760747,0.006871793040183202,0.00489361362685445,0.015225525191300125,0.002142081417525416,0.009006069975318222,0.011203965800600053,0.006828028737412097,0.0024617065589527397,0.00427698967142242,0.0037896017170675296,0.004109931967468403,0.011495870120281367,0.005566514034162713
3524,0.008838906967668519,0.00636371418586024,0.0065194116177302785,0.007736115963978473,0.004358261719460684,0.006649239030794724,0.008854731132988939,0.003888444219628063,0.004626797929250428,0.005126564894575202,0.004509188479098309,0.005995630472022768,0.0068043610939784865,0.004108589304829852,0.014333521050093853,0.004697285194170574,0.006564255267160631,0.005398313848074006,0.002722496892015129,0.005503851877538795,0.003765834423624973,0.0032029165893481997,0.007115529381308905,0.0034496094822225065,0.001821515069493661,0.00423644433586038,0.006517916410529383,0.0025935067480299737,0.009975001101165112,0.002400811964502185,0.007978902291562564,0.017861937870265323,0.01667575335437894,0.0016205607385000793,0.007187388967538494,0.0010686163922914394,0.004093318824559606,0.003619811007744694,0.004554644239769549,0.002796931782975681,0.004393331242070626,0.0023461178368780434,0.0027296456677308495,0.006601280087709469,0.004114149575276876,0.00942523306822754,0.003798998394593145,0.0037905166977195703,0.0036525875075908688,0.007950167744142632,0.004533244939379573,0.0016766042663730982,0.002742153091099074,0.005507770513942999,0.015622869574554978,0.002307835127892877,0.016239280049078843,0.004151224378497606,0.004381029634028327,0.004074701288297945,0.004568762518460287,0.007190226565465353,0.004967175320686701,0.004541458587838406,0.005577994163925705,0.005930072241083916,0.00559359581656362,0.005356936747012614,0.002686564866663149,0.00777019275479634,0.010351732944981507,0.00523819757110757,0.005149713829976271,0.00954756952729621,0.003091660364919082,0.003754690424698266,0.007954982337813611,0.021524390038445796,0.003609352107345402,0.00391765325245012,0.0047899257809981294,0.005956799649164227,0.004956041020358628,0.001876530814024399,0.003056557223699561,0.003956682547080266,0.0033735839623289057,0.0035898861768671143,0.002573408679772385,0.005940767439808608,0.0034016886990758965,0.010174529619709948,0.0024580566493243635,0.0035641009217181694,0.013742027916342443,0.006670487271598534,0.00332370466184727,0.003499943823722404,0.0022651289316590086,0.0038940275900987164,0.012775608019939272,0.005559484986827256
3525,0.008671586613704648,0.00955006965015309,0.005996447985131661,0.013731461428840425,0.003680034761398141,0.00679322112530726,0.006722755239882108,0.004976390855173873,0.004808646879429188,0.004353008432380812,0.0025132610145533873,0.004062012025984645,0.010020014555156194,0.004092120154819852,0.007374275628173417,0.006405177957004642,0.006131739275824744,0.0040678757102770744,0.0021283726512310716,0.006238166839888026,0.0034762006876587087,0.003813051493034164,0.011721910450973934,0.002848218961806567,0.003148728219877436,0.0038841748922913127,0.008696725768536202,0.0031110441459354485,0.00848277902556783,0.0046035593078922995,0.007858364551350671,0.018707808886877265,0.017597262225263664,0.0020964561726800747,0.00825243442979187,0.0011999499392899452,0.002882346961602694,0.00227077448203512,0.003925869715000254,0.0028390190642294936,0.0037175479490150994,0.0032338624613970626,0.0020376688046690886,0.006138297577783412,0.0033663743889269394,0.0068135899920737505,0.0034586198984424355,0.005358411116581086,0.00407905702331067,0.01035278479135011,0.006554709265635802,0.0016981468774959492,0.002399551109591786,0.006486542698324379,0.014631734274827534,0.002122484437021172,0.01083014079623111,0.0047910035761756665,0.003244225056190176,0.005139237357515814,0.004025246911680742,0.006028173723043726,0.004651138321675116,0.004630483195483382,0.005717146231969203,0.009512187348713183,0.003372060571789626,0.0036858920057198825,0.0027361872220735377,0.007075471866137624,0.007981182892991332,0.004368324204012297,0.0034498432912899043,0.009007972400727688,0.0023338619001341478,0.003973172378241292,0.004477874130523918,0.014719932766675221,0.004358110791848645,0.004034487714049448,0.003715191622461694,0.005239113320405908,0.0037515406029020653,0.0022479966149718898,0.0035152406681480657,0.004874837212587837,0.0036379417119296693,0.003512303377041569,0.004639391865495158,0.006673058531712591,0.005644887287675609,0.01804632711453332,0.002377048336049012,0.003503120960855551,0.010000840120358847,0.005260699646456658,0.0030628500569228946,0.005206480098184769,0.002603413150298815,0.00271843988173341,0.011055782481963993,0.00577803108806261
3526,0.00752502732921318,0.007937749927656387,0.0065670682216879385,0.013182176962687706,0.0040291544164692385,0.008155382416791396,0.01089651925474347,0.0027296181157725127,0.005063977523515196,0.0055319488258799895,0.003682037980022078,0.004193252666407119,0.009525574200009705,0.0032400175464040925,0.006276483314646664,0.004273868277203255,0.0065044156592271585,0.0050439359386006775,0.0026980802913582173,0.005764275508233576,0.0038929130219370308,0.0030791527653050497,0.0094159356654963,0.0036914124434200193,0.0015914445391020805,0.003778584945949236,0.007635304098446241,0.0027091414079860225,0.007848508486577276,0.00602871689899282,0.008267388079768977,0.014541330597978592,0.014624079645559592,0.0013981646698063292,0.006079909650576264,0.001025112864607373,0.003119260956237495,0.003200979736311405,0.004468014251444054,0.00270983065468412,0.002569241484266532,0.0027073037260137477,0.0022419700493495997,0.006736061562223565,0.0038855620319700897,0.0038831428754509106,0.004860139954887112,0.004638837795700021,0.0036765132478274406,0.0036918181902156812,0.006293950146585781,0.002183322299790365,0.0037922308922859094,0.005711797104962931,0.019484967915955078,0.0019915968022304023,0.01167161205884605,0.005230703096343235,0.0036095912459181375,0.003943407455945163,0.0040978028139114706,0.006198145609709246,0.0045197100605330635,0.003973907477786424,0.004888058583041311,0.004408383250272007,0.0035262460036774,0.0040017934311090365,0.002213685138768433,0.005928678353197728,0.005572434575564158,0.005256997659128948,0.005155243934682954,0.007820253733047658,0.0028023117176432704,0.005947425241162545,0.006078765239495977,0.025236090443109566,0.003675382107289695,0.0043321075338247405,0.007609245190490506,0.006766310887184799,0.004890273048380556,0.002888532005115567,0.002659754964881908,0.004049319079267247,0.0036598114083678693,0.003930664420012514,0.0024010297133181934,0.005851052911988466,0.0037461194979419134,0.01152266697092337,0.002865528150015991,0.004851042674527429,0.016325011606771318,0.005729302991358387,0.0023428822436847513,0.0031913316156156313,0.001986304273847958,0.003769682530694627,0.010211432704438923,0.005508111060348641
3527,0.012574807510335016,0.007255899945235956,0.006110132968504312,0.018252577777143574,0.005589488551703845,0.006617741768096294,0.007738834361680983,0.0030946610261140092,0.004836352891139746,0.00824133358454441,0.0034220055024132942,0.0030617738000614,0.007830802777355038,0.004358287976774371,0.010340829498147077,0.004786156739790582,0.005724073924906247,0.0035994135583215935,0.001964947490586344,0.005991074155081068,0.004619693241922919,0.003641787613529594,0.012854411688860827,0.0034733167683366787,0.0018167741004078372,0.003758800344847702,0.007904145287524365,0.0028514661946800533,0.007847527723098742,0.005198346390470442,0.007551189038734517,0.016237452403386168,0.018508317137819672,0.0018087144547376515,0.0052612891455328355,0.0011464410888850508,0.004453581932254988,0.003777529348585449,0.004172828906748842,0.003432610512238445,0.0036488659799144793,0.003303993326791056,0.0027570503855610905,0.0067787624385154495,0.003148836812476242,0.00862459273851684,0.00503821794602072,0.005281281042487413,0.004321519479804728,0.0053131538812482455,0.004532122083838424,0.0019533463798399884,0.005772056522276333,0.007033307820918538,0.015620316303562249,0.00221104727255197,0.01363644184236805,0.004167553681250333,0.0033440688659681357,0.004482549824015601,0.0033160924656773193,0.006973245883031538,0.004424605608004674,0.004178839468993068,0.006266154100282348,0.004384731978865273,0.0040436918274593964,0.004241980960444238,0.0023894178795762504,0.0054259405173267316,0.006026873855259737,0.004898648458601108,0.004131760295658971,0.007601100641429492,0.003136775163098105,0.005738912254994401,0.005252901819939121,0.01976818869871061,0.004243019148364402,0.004305575259791692,0.004029013546796221,0.007162815886602628,0.004196298132379068,0.0032533280090476973,0.0029144516295407062,0.00595188761002934,0.0025041460735876113,0.004368773901248216,0.002158281644690537,0.005491181543739248,0.004792497227249111,0.01816403404692891,0.002374768011662259,0.003015085547281577,0.009070902448400014,0.004398181736594365,0.0025459158611252134,0.003870583208357212,0.0028541639809189032,0.003700033105850867,0.012163928113819073,0.005293457346536178
3528,0.007904383806524777,0.006657079580981393,0.006984395102804514,0.008109799950071236,0.0033668274617933308,0.005651708423794117,0.007807815726049375,0.0034514836925697815,0.0046558141613016624,0.0055267938964379875,0.0030541223360511655,0.0044944001860069485,0.004957056564353762,0.003213433318147285,0.008392826406557054,0.006068336496973155,0.005791937365956707,0.004853112740102999,0.0028664119029800333,0.005313198601908921,0.0049999459346480556,0.002661813399435692,0.00983890973271242,0.003164787062285677,0.0015672319713577287,0.004097745978539574,0.007214035497638627,0.002441640730259819,0.0073635947053058,0.0035623118208967844,0.008211101787549281,0.017498204676104065,0.018247764396077892,0.002526417572941034,0.00522503054605563,0.001009135905822425,0.0037316159346554344,0.002302549611024139,0.0038182231201032103,0.0031131818772123284,0.0042015088905312265,0.003098417963376498,0.002572912285618156,0.004976311031661012,0.004722762462028122,0.008110485592484158,0.0036874629404652676,0.00552115593908259,0.003588018293367356,0.007993510825814143,0.00398288875003436,0.002985850433607717,0.004041494397738028,0.0056591159328095424,0.019719762394482844,0.00259358243615953,0.010499128518698097,0.0053822123597362685,0.004269148409876782,0.005160595314146977,0.005014124097478168,0.00819862306725052,0.0048150303670653,0.005649503028105543,0.005760808119940815,0.0031034436099497452,0.004109819550247236,0.005650064821085766,0.0027995161181522455,0.005044705122031923,0.005972156630926561,0.004983865552160429,0.004422217266506469,0.01181487545912162,0.0029388281223781346,0.0038014211576714793,0.006772883754537103,0.015185858747252647,0.0037945754761174,0.00425835727844996,0.003987006214847844,0.005130993006073946,0.0035705460552068005,0.00198237814781494,0.004511974843404961,0.003885873759915936,0.003633290522656724,0.0039154848435407116,0.0015762417113436324,0.0049918986357412555,0.00519699964356513,0.01393797685454685,0.0024405832576174023,0.003808302678041948,0.010271999622944342,0.006322339307545398,0.002097782919996851,0.005256161704873689,0.0023123055430667523,0.004286167380129103,0.011144284742927692,0.004939128831246297
3529,0.008169197426117115,0.005262866143894579,0.00647049155414488,0.009017260645371132,0.0038299642141430756,0.005577244201693601,0.007719106412934926,0.0033304579645885416,0.004962289650760175,0.0063250174209259795,0.002041578450918577,0.0042329665522263145,0.0043326491259743265,0.003598114797047423,0.011056662657506874,0.0052019054709456294,0.00437830868431032,0.003959621120557861,0.002842111150572554,0.013584209606971915,0.0035237424731334693,0.004025449441411368,0.00828793277490948,0.0024726508423451453,0.0014851072780013908,0.00466346281371366,0.008294542434345319,0.0019712680819171037,0.0072906503076739255,0.0035460916816575827,0.008390944447347993,0.018094207435726532,0.015619198335364811,0.002826601773649971,0.0036594066086938354,0.0011434974413174195,0.0032346782073870532,0.004414557972218748,0.004241899769269682,0.004817368454172672,0.0031000880963986165,0.004503856822895898,0.0028402955578633203,0.006670762770398743,0.004802386960390825,0.007902626558317308,0.005187173999785687,0.00375715819947233,0.003359325155820374,0.006458886005262903,0.004160726427416662,0.002257228209587097,0.003220870389522604,0.004311955518707361,0.015064040182886944,0.0033321382388032394,0.011243665103280433,0.004284342330179167,0.0036402514534756006,0.004434104116576125,0.005008306623741695,0.005621561889495367,0.005240794016912288,0.0033653935397038918,0.007841149554471467,0.005022288408709743,0.005654062639934751,0.005412552566387043,0.003175216937987152,0.004918884535802063,0.004296743299792707,0.007719222726880303,0.0041791544480422336,0.006921959099400553,0.0032396109301285167,0.003429583194215958,0.006435241908558957,0.014411185916161124,0.0043050233125671656,0.005991986900806567,0.0051802862184048195,0.00530891552388356,0.0039706116493847905,0.0022329741342476317,0.0029208014119692944,0.003958724095453166,0.0048672623740996165,0.0036595335983013264,0.001815679989467658,0.005882141694190345,0.004573895995179019,0.008901267738144912,0.0022540114610781975,0.004136108144836066,0.009920990432303926,0.006358766648314401,0.002382702479091985,0.004275777631940429,0.002243467704136146,0.004363937376153265,0.003996649343684297,0.004271230115796818
3530,0.015123654076032231,0.00483103286459146,0.006537996767049846,0.016696996906005786,0.004734191960332955,0.006488942794664232,0.008913595504468819,0.0038413047672100813,0.004495256492492486,0.004929581516913193,0.0025682315119302745,0.003469465255075058,0.007387822532749991,0.0038859940835670294,0.010436642703136507,0.00514105810508587,0.004044246043371022,0.005064891199447032,0.0027170377158476635,0.012872805818676723,0.003913114330635887,0.008689304697962775,0.008278064882512454,0.0031638589698377976,0.0020036596097361753,0.002256987250640944,0.007897760738314396,0.002347382879018099,0.008072974555077278,0.0036804886206304325,0.011100886568462762,0.015994912918921994,0.01673218135274793,0.0021906006530248456,0.006864157239028877,0.002065739799225982,0.003175301123860241,0.002597742380949256,0.0036772359420727914,0.005150103106903592,0.003935896342628199,0.0017556479638769086,0.0023196887858691756,0.0065802532092515105,0.00389966447331332,0.011356603125044693,0.004584200846191733,0.004662297229514862,0.003297614254909102,0.007110676911817263,0.0037815361279110176,0.0019709951246734752,0.0036333957897156603,0.006299721815691898,0.006551253675751423,0.0025658488829195646,0.01038119443206893,0.0028584471061282846,0.0045509773820871634,0.0031129114242045646,0.0033371965690829593,0.006133394500449487,0.004576758200458796,0.004264449436367044,0.009029893653309485,0.0037673294956378444,0.004308258261856422,0.0030274898352644374,0.0021920226987840854,0.007364984327950122,0.003946485749226339,0.0054268349896220355,0.003768493579068262,0.0060761873683177975,0.002470047893784574,0.002840142484809962,0.006343190768363014,0.011760262617627746,0.004814250566531222,0.004865341312162377,0.004218140513041601,0.0056331596985323504,0.004151303207543328,0.001991437288563632,0.003306732023478269,0.006879283576226627,0.004113590126349667,0.0033503360667169672,0.0025471504058762347,0.0039316859300284075,0.005099600585989685,0.019476756926174833,0.0025459311517922315,0.00508270084630355,0.008646160552982144,0.00603376458612111,0.007683732956135631,0.003655025355380353,0.002057942219753393,0.0037548677673306897,0.013167610088486957,0.008998279532111263
3531,0.011528866454087182,0.004956300836475131,0.007100967330950724,0.013203647355640592,0.003747786558933303,0.006299245728688914,0.010472006892904426,0.002233463875077743,0.004647407500262209,0.006885916288470137,0.0021064767759496465,0.0034797315293625137,0.007710938406027901,0.003264787697948918,0.006711206917054844,0.005498287528189094,0.004850384804495858,0.00468146621017644,0.0016232590472560996,0.008626534658451169,0.0029878730184784022,0.002810666987555167,0.007963144731654343,0.0024384802476919423,0.0014992442496608105,0.0023095779010963284,0.007998207904637974,0.00249687279988258,0.00774001677544317,0.0028423370615589527,0.007372109569785905,0.016646492472047802,0.018917535599085673,0.002836512100837254,0.0062803230475516275,0.0018829418359721333,0.003978064415945087,0.0023121147923926442,0.0035399788329205065,0.004814136114438922,0.0024364745739034817,0.0030216153451529614,0.001892674334339269,0.008320486331666174,0.004415207556170076,0.011016317306393873,0.0027417510628387058,0.0038646588096462845,0.0032817767291497754,0.006914618281984593,0.00253794142017199,0.001643369809658777,0.003226563372539788,0.006459189402388505,0.013113531928377099,0.0025555664996888606,0.0089401934068805,0.00273057925749493,0.0038602470210214812,0.002490092300655877,0.0036220708507835623,0.005901487854226101,0.0038338620475505112,0.002795308405588942,0.0063618984363617865,0.00519123934044976,0.003858059986534759,0.004160972660738913,0.00216594966826976,0.004165941323953043,0.007483281751140656,0.004297322010650591,0.0034801624242710365,0.009542535654427788,0.0021953898419759346,0.003278822034444761,0.006357792212858077,0.013500948310890139,0.004620399289189434,0.005417357582402235,0.003662010090136243,0.0060789411868602235,0.003666852096574063,0.001841294368669596,0.003416069603732848,0.004030502798897771,0.0039670992355608685,0.004161943439691883,0.002010892880382425,0.005529698641260402,0.004079707692967812,0.014429271827150736,0.0023746572839783184,0.0038420241850869595,0.011311843172469686,0.006446706060086957,0.00862802005150546,0.005046581566168414,0.0019709978251735804,0.004393268353248397,0.009714443434552635,0.005104155875006964
3532,0.01110217071783003,0.005745425908770557,0.007170252725899825,0.008123309277824016,0.003036083508418137,0.010568704844509582,0.008818526392239562,0.002963063092410385,0.006298022804901282,0.007894393249307099,0.0019492917906724666,0.004351504948512953,0.0045252237382239335,0.003934335116246812,0.012659005496117214,0.004788715211485032,0.0060062299304472246,0.0036631367292821286,0.0022355679726818838,0.008289105164479213,0.0033545799829829814,0.002856121170147334,0.011157143535270043,0.0051324122046402685,0.0014707163675585972,0.003201595636182812,0.006579378474549798,0.002470036280517983,0.007410020796957258,0.0029863872450774935,0.006867393090713527,0.016742827510385205,0.019140501754149646,0.0022571876065852407,0.0035746796443027165,0.003270995148372608,0.004312988250907733,0.0016600734580046804,0.0034588742968550174,0.0036859361964666805,0.0030762665913039037,0.0021225123314129145,0.0026944896814909097,0.007648621497502734,0.0045619078622714665,0.010600432041026734,0.0035887721540708915,0.0067119025524020656,0.0034571072869155274,0.006378919361475342,0.0038636558855281054,0.003051186588202029,0.009543252823777873,0.005663070471415945,0.013323203836442065,0.002243851750479387,0.01121706804890943,0.003988589600572477,0.004888614994227881,0.0031482704897502645,0.004379299060399835,0.004716326169959421,0.004263549122148657,0.002576510813376303,0.005625789098911177,0.004586771198173767,0.0033033760242151544,0.0027522464849407745,0.0022337287109152667,0.005987782607205214,0.008204217316184722,0.010563251999014336,0.005266833300702275,0.01005537084203828,0.002195798929815031,0.0033848524869433314,0.007160549171778591,0.013862826859422776,0.004153154416683917,0.004504884764383757,0.0037060267242624086,0.008494042480144457,0.004417635676847467,0.0033216412240315812,0.0031332729057207934,0.006406912376242998,0.004595040266751736,0.004260059467539224,0.0018268138084944839,0.005082075824331796,0.004996367454264761,0.010922912869573968,0.0029548697035368804,0.006227166842794544,0.009998348940813568,0.005794819433188065,0.0046810591818777884,0.0036592175308575187,0.0022017820227071103,0.005034002210320315,0.010563641791010318,0.008642464875624666
3533,0.009563632506721058,0.004230837462883432,0.008660747867036061,0.02034763244409301,0.0035378572192171485,0.006235011364434802,0.006173310580332322,0.00380441171252542,0.00662806123985859,0.006980163758720896,0.0017882416367858936,0.004400709935684354,0.00625131473043361,0.003982118690712495,0.0074363690198757035,0.004629088547220096,0.005366819451783586,0.003602437010797765,0.002063951914222597,0.008933077441152019,0.0026279452115077363,0.003636110903781448,0.01816243904558458,0.0026315427272339716,0.0018082747374202287,0.0034817176144760244,0.009938451453897683,0.0027507183199119126,0.005253319618250409,0.00405250014448406,0.005985370667367812,0.01461378699942664,0.01533195854108131,0.0026523736727512596,0.005609040420157181,0.0010808636497820962,0.0044029545954235695,0.002133032077884686,0.003351149322250299,0.004357679971050258,0.0028008248930790885,0.004008711433508278,0.0027953426095494844,0.0077559848045201645,0.003274533926812359,0.008772839847997179,0.004169238764663085,0.0033859847892970607,0.003145552207354716,0.005609581648850687,0.004096866056608564,0.0034223767532680226,0.004536243552639773,0.00575637862768879,0.015191909033969896,0.0026461089422023638,0.009790798942782689,0.003131596958205294,0.004467568614900842,0.0023684031783786415,0.003077156105818684,0.005481634678146019,0.003617114771791478,0.0029376189641756954,0.011127451646596915,0.004164861185318087,0.002926827175836616,0.0030867412373782057,0.0022793985028464773,0.004831929972659994,0.004074553479323441,0.005417832732630915,0.004127166886236681,0.007749246355301654,0.0020667305331586307,0.004528949774149626,0.00709938603941681,0.01389506391172382,0.003586347623529147,0.004509345012141191,0.005143878369774019,0.00948548065025209,0.0034058260799269945,0.002342944261732526,0.0030940187077352034,0.005428606819924709,0.00398750135474607,0.0031502110846932303,0.003444807209343337,0.004980647927898106,0.0042440166228319065,0.01317800324281877,0.0019363451900900046,0.00445588383103027,0.008935738649576693,0.005555117524436243,0.0024680227791051717,0.005097097429643848,0.0017055757148669271,0.003475576025472258,0.010242144585330988,0.009026230389893404
3534,0.007717598279744937,0.00410098978005293,0.007314512734719307,0.012430745687385046,0.0046146255580262795,0.007829695366694237,0.00777403152113152,0.0030405222098989215,0.004436223958185966,0.008110392558407224,0.002523069620752265,0.005048456909000526,0.006386183239250256,0.00341593108787036,0.006111032310552624,0.003724208058750175,0.0055869621732689495,0.003235817646631799,0.001977039412452788,0.0071781973226148,0.0033634816665805705,0.002532602546769885,0.0077560100033562855,0.0032579294550011467,0.0016519856794913615,0.003514637921759588,0.006897970048486737,0.002504972361228815,0.008144730271811748,0.002566598898638954,0.007943684882832215,0.01428444989352465,0.017750157674795684,0.0019723375864936885,0.005154626143534797,0.0007366916128933116,0.0032205249527380297,0.0025140185327626966,0.003065665689229891,0.003327442029254925,0.0036538391958246307,0.002029269567464758,0.002379906098040912,0.006801868611053693,0.004224277368285234,0.009303941864635144,0.0024876778610192275,0.004437574408862016,0.004616671509651747,0.006122216567871505,0.0025705006769547217,0.0018984841527573445,0.0035632314632056223,0.006459035750536917,0.014090213657641522,0.0013012053088643863,0.007860336273055752,0.004027483489020857,0.0027434516295537924,0.005318490619231748,0.0031247113647298566,0.00574428799289883,0.00406997108593298,0.0020278399984509873,0.006838004448920455,0.004463285604285304,0.004545256927162094,0.002698659779369773,0.003018852957951205,0.0031495814989886298,0.0038543916028949206,0.004481018061578155,0.0037116708720113805,0.007263427251756378,0.002406367066426016,0.003302220261861494,0.009093795392462432,0.016032775562223857,0.00490770208717612,0.00363256610965788,0.004392238288456025,0.007019129694520127,0.004337116105095363,0.0016971373449146045,0.003389962291584265,0.004016381445327935,0.004266197844410297,0.0042184545026572465,0.0027944729191014457,0.004917521850509998,0.004582676189154055,0.01168176663977679,0.002199098264656314,0.003891201907910122,0.011149174419332348,0.004263687099596705,0.0021439165559926665,0.0030715499834362025,0.0019947271822477507,0.0038565226313389328,0.011289308245397195,0.004223661883060563
3535,0.00801541719584644,0.004478780050032311,0.007816130885783359,0.015377219495152614,0.0035479790299428483,0.007451796109844756,0.007752140698402829,0.0028160877073615154,0.004174703504605583,0.004818493052130333,0.002614441425554584,0.00466998281975783,0.009021106833229547,0.002796493972334809,0.00861804061135906,0.0029859038147830204,0.004961897075225138,0.0028999204817669053,0.0027266614957197686,0.006146470510648038,0.003459662137894054,0.0028691195115693848,0.00872189082686133,0.002705683499400577,0.0018122368105687918,0.0035751155792672754,0.007205009926935325,0.002451509516432573,0.008253333565129162,0.0034006381272404145,0.00761704167379582,0.016042020309242323,0.017090674195349844,0.0025645912317969243,0.0053385694797972155,0.0008135475537876159,0.0028136379510804903,0.0027036770104082847,0.003165361844240436,0.0035621499705192996,0.003997373666963555,0.0025004235259020167,0.002558632809914106,0.006610585209840187,0.0039407169400893045,0.010411780718557135,0.0034217135855425847,0.0037385466171599648,0.0032504090860486392,0.00804654322126174,0.0029878649442718515,0.0023730197917976644,0.004612864226245618,0.005030120910497198,0.01367037079187925,0.0016458365042417477,0.01054517667987411,0.004216819317969483,0.003268378245145084,0.00347937841383631,0.003860849061583972,0.005421894139652644,0.0050501482969996635,0.0039056340961936865,0.006027802199542566,0.007758673754338959,0.004585839227523814,0.0025976734428770675,0.002335251216787908,0.0038651290844189676,0.004270592909422248,0.0074539291202397615,0.0031352517736715517,0.005033513227577207,0.002595299028945558,0.003312943796560656,0.007267336674507413,0.011855958914069474,0.004264487970239676,0.003823128229501249,0.004749977034777886,0.008425763407022679,0.003993634359110083,0.0022582655164969413,0.002462934464778644,0.005394702687530346,0.0036131287515527187,0.0050360868714443095,0.0017186771170152287,0.004359406102597717,0.004881402344659565,0.01396427081162056,0.0020531610317570718,0.0033889998640624433,0.007859135100602896,0.004343564822700326,0.0018068886937951053,0.002834622420354335,0.0025892408981573584,0.0041133982529227555,0.009794052389903713,0.007060057987457459
3536,0.00805267102451958,0.005184945685345358,0.007701062116629349,0.006935589505835708,0.004252089136466579,0.008802011533015242,0.007922951423884222,0.0024191617548454986,0.004670359784714712,0.006913779465699767,0.002771309187302923,0.004137988910140381,0.0052956180549822264,0.003945690884478004,0.008348523913915894,0.0035498292097789898,0.00510087625423325,0.0035242637632514513,0.0019856805619958887,0.008696129383108236,0.003913124830111317,0.0031136875953435375,0.013551053472344277,0.006418037924351243,0.0019827902969025025,0.004221792412936311,0.007935868689296792,0.002456884577681364,0.00825991907910829,0.003065601953487941,0.008482985305396037,0.016047892532795163,0.01562679946223264,0.002410976637128789,0.0064808424982049735,0.0008470988088565607,0.0036196231351173784,0.0021286826951649237,0.003139001279653303,0.0031168763978226418,0.0032798157920222535,0.0027678673046659585,0.0025176839425964247,0.007389507372353479,0.0038627636406866114,0.006243595976606051,0.002960419214893153,0.003996002220196789,0.0038074310180151475,0.007084747386931543,0.004439695730529181,0.0021963460376231924,0.0030286040400250244,0.005764128600235879,0.014327524307625879,0.0025745612224606076,0.010861835650890344,0.002748238435414228,0.0032892640748768604,0.00357222365611391,0.003504070286389985,0.00522508155490282,0.006287476417464474,0.0029363932650507637,0.0058716676551720534,0.006423334185979452,0.0052330882121042295,0.0028928605862751484,0.002350356813512649,0.006698701124286687,0.003729898985318852,0.005481817066964043,0.004062574348905303,0.005836735730792526,0.002311791134904268,0.004300519393714797,0.008552817620417524,0.014945983817735677,0.003986804259590103,0.0038905354241928957,0.00575669630692588,0.007194262464300292,0.003260016195477099,0.002309701305063083,0.004493794875685781,0.0036042611280793506,0.003936347443789347,0.004714867034651807,0.0026265221607799437,0.004641607421765705,0.00455626033393447,0.010676380699692008,0.0018980539445413423,0.003483750681867024,0.0066799933140074845,0.004897136551757876,0.0029186499716945635,0.003100513896702905,0.0017682845695537832,0.003733326032266003,0.010299865618939016,0.008098199415936532
3537,0.007279921031154188,0.004886206945550231,0.011545641131873336,0.015971084649257634,0.005421977083672346,0.00726492844403932,0.008526956778080762,0.00238270418959601,0.004715804835975793,0.01116915609917889,0.0025295913464899703,0.0037999236286256548,0.005317304826546544,0.0038141340983026926,0.008665227316884084,0.004050548691790067,0.005372584520155089,0.0037881176870443265,0.002429182758134035,0.009446412125193919,0.003722892203510405,0.002930784605409063,0.013497818542130054,0.0034781058230386047,0.0015838446689790426,0.0059877608414322025,0.007722518478333978,0.0022182099319818186,0.007577482055209351,0.00372819636999601,0.009584296384015076,0.015930912017656278,0.017793492611956604,0.0033593037657461064,0.00573300489824816,0.0008781294568355862,0.0035191568500950393,0.002018073791542352,0.0026035850991469075,0.004237617867009866,0.0033853306272253647,0.0025477068208998193,0.0026136731758710074,0.008395434269337376,0.004282692334417965,0.007840696681365073,0.003184419478235256,0.0032959541743910934,0.0037148392427858133,0.005226666620186868,0.0030834746788573385,0.0020438162005834786,0.002664878647895516,0.005835979266951061,0.013174606816153579,0.0014221107204093757,0.012613170451296968,0.002571531993974918,0.003748859638741258,0.0049168533704350365,0.003551003340837131,0.005353708904551579,0.00602661927337355,0.0037256816448060694,0.005838797966871131,0.005632340289990056,0.003641896741688423,0.0022170726974663373,0.0020543557028997704,0.006757627121823049,0.0036312416558419358,0.005258707242724242,0.004066694249774844,0.007950907400382087,0.0029517373397021417,0.004943771317107189,0.00667393452244789,0.015757628951139937,0.004626795596712083,0.0058270025013519855,0.004248216270554203,0.005651210926622858,0.002958083515123379,0.0027886357837798147,0.003106180955515618,0.004555242191849442,0.0028488773653296763,0.0038801609531841797,0.002344535273212043,0.004763704958197181,0.004534800469824679,0.015787327531751192,0.00185910534727344,0.0029704602326893308,0.007067729847075384,0.005433064441837318,0.0027238218150901308,0.0037459113196403318,0.0016144467349191772,0.0038728528261331584,0.009910130328559237,0.009397089628096269
3538,0.008234342509911056,0.0039263418184477365,0.007366811067224247,0.01820407929736601,0.008254556406979455,0.007700810460570209,0.007733678949042132,0.0031502924149431266,0.00468248020042446,0.006441470040175023,0.0023477953097500864,0.003186831615859856,0.00861931855518814,0.005694708093346881,0.005283163493613564,0.004740025657536155,0.006879601243498647,0.005007568108005434,0.0019337121241794466,0.005856709708898419,0.0031201975892323256,0.0031121354283978075,0.015459787933808419,0.0019473981472531955,0.001407911932245347,0.003910602858070766,0.006176694451513983,0.0028164788814499823,0.0086832462497797,0.0033743999280617465,0.005760334371847911,0.014129007738785277,0.015303519227509686,0.0016517049183764254,0.005152666156532875,0.000754304454405061,0.003843183013265343,0.0021529432855999777,0.002377954222347614,0.004068012603684534,0.0025972962785687876,0.0026453781853763413,0.002140066101534707,0.006945988232379086,0.0028552967725333574,0.010480433496494327,0.003615783313920743,0.003778015776121619,0.0032009143930962596,0.008024336446724345,0.002973893922085721,0.0018687915761734946,0.0054016041456222625,0.0058354354443620375,0.007311018251020988,0.0016986660440904042,0.008375957851771696,0.004508166874702919,0.0030186884660971937,0.004288671753083211,0.0040046975003534165,0.005844837844587775,0.00413315190654383,0.004318919171702658,0.005372074473580516,0.005928491977919844,0.0036078160808018945,0.002755414715594401,0.0023209318445677114,0.003146929296860633,0.004973783741597131,0.006151839920161875,0.0044499714100819454,0.007808664655912785,0.0019204446768260807,0.004031884388233561,0.007957667325360976,0.017651851397354493,0.004199583378642248,0.0038680580802483927,0.0045921327690535705,0.007333806670727345,0.003638543571597776,0.002789690033483533,0.0035289912623805877,0.004458106631263991,0.0036909749704228975,0.0042619539086247325,0.0024640940169772993,0.006276174112511334,0.004063496061499409,0.015905494295282707,0.0019791474118618043,0.0034787658056598778,0.007151043909580075,0.005347296425651033,0.0020970675645921354,0.00397588493204005,0.002197104280043142,0.003009647271788717,0.009909570394069665,0.005855140365364211
3539,0.007854126210639556,0.003757603385943447,0.007847276582222331,0.014898104384030475,0.004748635796593687,0.007768043616355594,0.007005600497891904,0.0031239369003173453,0.004474780324376125,0.005482403966234989,0.0032191878430801327,0.004285198685330194,0.009442749350563173,0.0033417265893398197,0.006263922701496481,0.004905009619926219,0.00830359802267033,0.002804075975929691,0.0019617410799199694,0.006315209527362931,0.0029954585244126673,0.0031358585872250087,0.011973408577837153,0.002512046276161982,0.0017754387819715633,0.0033974534238292403,0.008977504538884929,0.0023840641619847346,0.013109720192246748,0.0032476456626836228,0.008017289314205946,0.013516722162221774,0.015264955765319716,0.002021447135838271,0.005271152879805011,0.0008004732483689466,0.004040722860877427,0.002900024954017276,0.0029030292661032697,0.0031241920721854725,0.003819958116304144,0.0033016215826598906,0.0021598942003644072,0.008337999882760148,0.003462753646222797,0.011227813659389203,0.004193904161658158,0.006113747228259203,0.0031585955541012286,0.004966283489841939,0.0015407806900735936,0.0016487265874944917,0.004067978103425259,0.005143173475864753,0.011993529670339549,0.0017459893528417433,0.009672401512382165,0.005210091029432553,0.002973880297762402,0.005344661125193311,0.003915094708443399,0.005863078053535549,0.005503680090935478,0.003102617266896352,0.0063403154470018435,0.005802105603351347,0.0034556736136610346,0.004820948672015948,0.0026213065882307357,0.004830137982388646,0.005529840577497294,0.004585320922008332,0.0045712331239704486,0.008280597613621642,0.0024803403688368696,0.003600654262617109,0.006730264524025669,0.014313781775645582,0.004819633216138278,0.004827211828688201,0.004982932848075376,0.0069788777923346515,0.0064183191100834645,0.0018987233041719352,0.004173159560620691,0.004508935732244452,0.004073626315656591,0.0032038886425890894,0.0018452384924978018,0.005509968506176041,0.004171033873026573,0.011387809027290648,0.0026877959209293985,0.004337400879321356,0.013374195285130465,0.00494051961901417,0.0022401045406384534,0.0042406607297194605,0.0023135548048187336,0.0036648643182320586,0.009575549353876842,0.006034908932072248
3540,0.007579749828768969,0.004359547343825253,0.009358076926441646,0.014972494844972161,0.0039974445747539755,0.008225338409096537,0.010373366818351201,0.0031408847732481674,0.0042190988559913925,0.005083289432924132,0.002614279235485594,0.003061157828140149,0.01204082780724429,0.0035277834122048627,0.008882941924108649,0.004137568540589782,0.005137273678849562,0.003292688622207913,0.0022925281168033372,0.006887289029895111,0.004208468815891918,0.0025061950286858386,0.007928177762023102,0.00241579531777004,0.0021373762503451945,0.002286134647770799,0.006131229293780387,0.0021739203342447454,0.01090205050566903,0.0030479641918808994,0.00881353435461283,0.014042067642945279,0.013411130947667894,0.0020548275438977007,0.005332851537281417,0.0012277333716200977,0.004615969026245384,0.002674032615768904,0.002435190155289447,0.0029704042273361207,0.0029239126166590076,0.0031590813357441614,0.0034168627927262476,0.006977119449187347,0.0030443663018981525,0.008457689353425227,0.003682354959616656,0.0037836518088866108,0.003206335320097664,0.006231004112497872,0.003987904785987165,0.002292347540102128,0.003920241852255069,0.006908940926336355,0.011441063814439371,0.001889378427215204,0.01569657496052927,0.0053474011630390075,0.002911282998948108,0.00703953566121651,0.004209452025930867,0.005466012355533517,0.004790387095614304,0.0035630281972439596,0.0059503255150283076,0.007484698562425744,0.004161343685441143,0.004976739171595703,0.0020940866794645512,0.004455697342967269,0.006935478071451767,0.004790151078171856,0.005046057625413775,0.007798322500738184,0.002531849893895667,0.003938321397553942,0.006518394910542422,0.015370629112406374,0.003927135346380573,0.0049014456252506845,0.005593069945845481,0.007050339311521722,0.004865353066655454,0.0015808229027303082,0.003148407934732556,0.008084143314113248,0.0030609206111951908,0.00363703540813051,0.001447620086232409,0.004965359136610966,0.00416549458819603,0.01520928077578963,0.0026984847987010807,0.00425869485244293,0.01432501966016836,0.004609826843364477,0.002162724346758555,0.004316671681866307,0.002703559351478766,0.0035805554070397682,0.011481724478631444,0.007013243230465725
3541,0.006894108369365235,0.0037758547502698995,0.0081865696295512,0.008062379738196526,0.003742210587909717,0.0075978691109414125,0.008510658301541334,0.0031365273410481963,0.004917382286496339,0.004901638229820783,0.0033797426642059045,0.003261128220662263,0.008513560113094018,0.003438513219433369,0.01077283548175675,0.003984234296083519,0.00556595820598885,0.0027838026263262137,0.0021438264896873564,0.007353400326954662,0.004695218951091276,0.003526556082723028,0.009275321091094652,0.002275052490205948,0.002429335937683308,0.004767325099649466,0.00990398654212311,0.002260446147880883,0.009681357488711805,0.0035934271973070385,0.010337409836625653,0.013993362894462277,0.014970116589506666,0.0023220112621511885,0.006052276965721062,0.0008506392573122916,0.003725412768842926,0.0026420117115029413,0.0036266589274271473,0.0030612884039454493,0.003811381907995353,0.0034341588417848654,0.002358892268137136,0.006846184682906677,0.0046690564969936125,0.0072062322717540315,0.0035427713268754864,0.0050477931192790424,0.003695796847183151,0.00661967188093946,0.003965440400825752,0.001924750133347415,0.0035080344530938326,0.004968888795753957,0.01184404162456031,0.0030316218701505406,0.011404780250386964,0.00493318651270022,0.0050595484095440285,0.0031328349626059218,0.004163845868801275,0.005588817889289004,0.005481721018631207,0.009073303270002978,0.008136429139100903,0.009263341008124468,0.005952808172137803,0.00459569186394271,0.002248982190744301,0.005580401887455627,0.007419908788893452,0.007202554834146598,0.004837883367783262,0.00735220471830418,0.0022334472477761433,0.004123109943611795,0.005982231323797133,0.015494493752614281,0.005059593198833056,0.004117066968977898,0.005132089415649323,0.007118661563016908,0.004866414183752111,0.0018303860104188707,0.0035460131819748416,0.0036415711314406792,0.004115104829919261,0.004422437062654072,0.0018226391559615063,0.006137752093238062,0.005218651022455416,0.014176572854476868,0.002053036015677757,0.0040350572657882645,0.012504328157623118,0.0054161100051112005,0.0017784139829554557,0.004372176484403451,0.00304735149735423,0.003351002867006644,0.01112854513182568,0.00624529116562098
3542,0.007662036696745924,0.006379305581945314,0.008176476414365535,0.007215032988835705,0.004084424550952448,0.010776168622909022,0.006683874767543547,0.003472718443834874,0.0053278693414636775,0.007050739727600633,0.0034290255780421303,0.004037891107128288,0.0059339398986027634,0.003635128759987572,0.01006583971041394,0.0048419533384043405,0.004985997378193867,0.0033280385654076024,0.001626369661940331,0.0077302096588289446,0.003948461089179676,0.004759827356100623,0.009475929791607338,0.00257648030773593,0.002294723603560821,0.005214739074573213,0.010425348188773493,0.002332493783027265,0.010130949573212785,0.003426870872907667,0.00810511629039963,0.015319022829854928,0.015585952130583825,0.002203534814843115,0.007160455373420119,0.0009686040304877165,0.003971282745179001,0.0027635315080966807,0.003676439358521068,0.0030476068800556924,0.0034559831390299912,0.0031631190062396423,0.0024887681348974124,0.005033891715442697,0.005180825783892073,0.003342814621277922,0.0048716966793191695,0.00407961686074487,0.0038710969883285055,0.005308592302999045,0.004478514661913278,0.002311661848156472,0.0035468332452991613,0.005692850035412909,0.011927212877491152,0.0026789878078435276,0.01593231449784002,0.005097777995754064,0.002756909299505644,0.0036502499767514275,0.004111803427421569,0.005462807930280953,0.004305275162717632,0.004783673372901022,0.006368975303714946,0.005984531692620482,0.003114211867421633,0.0034219839605067453,0.002774640242596979,0.006441359187207714,0.005666668694614848,0.008032357325474996,0.003945236576629999,0.007777125113709757,0.003033888177368719,0.0048281836504681435,0.005302411588537473,0.016997163393444783,0.00605807886910373,0.0035011422634223643,0.004663140596652217,0.006976936982119007,0.004128294863628458,0.0030421300318283296,0.003948908397972601,0.003452549593909989,0.003373415090519543,0.004253665821723318,0.0013989768165398513,0.005141121343084171,0.004611696879502661,0.013201906437893271,0.0022280916975499403,0.0037646599127802677,0.010209154380768934,0.006299576601397085,0.0024471978307199385,0.004081755859237927,0.004014563955598745,0.003929460152690827,0.010005638347997297,0.007316712752340694
3543,0.007352778269347245,0.006747790590059859,0.007007765664423481,0.00791407834227882,0.004175295587669614,0.010597272405517564,0.009015571126496353,0.0027840160747014866,0.0061010349365231255,0.006680715747546309,0.003483877280566339,0.004504909420324431,0.005986658136607077,0.0035679615592004946,0.010710627477064638,0.004966521530034116,0.004425751193725086,0.0037900905985518364,0.0021922380566601327,0.007259156848197599,0.004081863811376357,0.002669705144874339,0.01064567302289306,0.002402202111310778,0.0017214081769464534,0.004896350364122167,0.006934214628402166,0.00186984002390096,0.00801005236560128,0.004668575437485325,0.012659165390618957,0.014293737387471115,0.015444915068235157,0.00366416181914633,0.006697205730140683,0.0010408746125353707,0.00466085787911401,0.002535036387784172,0.003452527985703007,0.0029728395226707497,0.0036609095469599725,0.002506012887169403,0.002521074674211725,0.0070576990387642684,0.004420342391261585,0.00728197521730475,0.005056992370828353,0.004167171712908035,0.003700062677284828,0.009432915920056502,0.0030104262268378186,0.002357831859016916,0.0028193820093740216,0.0063238175423546705,0.012714424398013797,0.0017153851364855599,0.011289130183579644,0.0041138538248455606,0.003887758050078637,0.0053421217398448234,0.0034986207399229424,0.006130972466628027,0.005423002553529961,0.00481232410244444,0.004776610098694204,0.0046771582333136625,0.003044184872487857,0.0035998278059349623,0.0026591547396217184,0.008524329445407248,0.007126727670663025,0.007491361706264028,0.004437808412146801,0.008156603538834396,0.0028872804394815665,0.003937973276426586,0.007417673354614668,0.01948383192999533,0.004335937119840283,0.004591609450941524,0.004419178754169668,0.010054349427961181,0.004492039634264095,0.0021094373769639653,0.0028550044746191976,0.0033158337942473383,0.003669611700426776,0.0031487734014670555,0.0020694635159578686,0.00396151813886102,0.005192770716307803,0.014734996449123641,0.003069586844634361,0.004840842440999927,0.010040287823518096,0.0066509408664535115,0.0027424204814348045,0.004815887647558269,0.002677325256352568,0.00466539086677487,0.010143343098733706,0.0067047965178256745
3544,0.007615309304221371,0.007369638770546711,0.007517347970423758,0.012115253602412316,0.0038338881512997125,0.008272158197176195,0.00810296701327951,0.003961092412260097,0.005433512169873329,0.008546414098508467,0.003444566881085765,0.003560061598309959,0.008580757829464781,0.004485255902571638,0.008377996021525676,0.004257842464781441,0.005975981676122839,0.004092850612494307,0.0021155023064187433,0.005650909736014302,0.003721805163018847,0.004231271280721228,0.011605602003540752,0.0025944353186390166,0.0017705045028398971,0.004103629567972142,0.008457477787177637,0.002696345493702544,0.010339855325783805,0.003754588279187062,0.012632357295261801,0.014022329240241,0.015252313910547719,0.0019924710807992267,0.007545958102889573,0.0006389662867791729,0.004711777377364944,0.0019389554379802918,0.005406913287450329,0.0025512278062582157,0.0038061096132544357,0.0034490592547928548,0.002525840400901336,0.0060925748274942345,0.0035723530812735165,0.00918266574197691,0.0037387806685064157,0.007255504461587693,0.003758438439203795,0.008329566309793396,0.0038697699707242804,0.0035194935000767403,0.003870444525053656,0.006414693605557683,0.01238812181849008,0.0017228158673851077,0.01362884794640163,0.007113485252817545,0.005081887166939035,0.007146235311682148,0.0034218857434366707,0.005462153904005916,0.004990526026131721,0.004611658959350186,0.005776898988096066,0.004197599283983009,0.0029993173433759154,0.003350542766781635,0.002506283916285495,0.0072226352053276835,0.0053608668247783296,0.005134562349585717,0.003758408832500694,0.007361788176269615,0.002377119045074483,0.004998542365890699,0.006874872180291563,0.017935545474817596,0.0040175548892171405,0.00359953210965418,0.0040891250475048185,0.006036098167592975,0.0034916581563631042,0.0021068076072694795,0.0028665154074262737,0.004484426709649258,0.003824672304483686,0.0036344528955904957,0.003066840287689927,0.004552518264604575,0.004899659379788627,0.016384809597916092,0.0021925169004711935,0.004950052367432878,0.00823595882458108,0.006207529951466612,0.0020269760154723814,0.004438270582448508,0.0020912598621542363,0.004749853951773101,0.009824063591908698,0.005847929017883815
3545,0.010018675853808497,0.006901922068445998,0.007079369163432331,0.010733444014906121,0.004683139348654958,0.0073654389637662744,0.009214286868619227,0.0032089351288250483,0.004376291434627192,0.004594804023927059,0.004215790491583494,0.004170700672559693,0.005952007766997386,0.004540494980060155,0.008165381112004926,0.004616137478646253,0.006403298829271287,0.003734856878742377,0.0020989555988967165,0.006286778633128797,0.005571588920441021,0.0026586485575246055,0.008039672199013236,0.0028410941152134904,0.0014323125949905998,0.00392112204795574,0.010503619286488158,0.0035029813961714924,0.008292953598479758,0.0039920345776906065,0.00620080525077601,0.017474499987487836,0.017243660709529266,0.0024731746060540818,0.007640608348424067,0.0007127035144109414,0.003992906287857467,0.002341678045974995,0.005649884844207912,0.0037743091947677015,0.004910063900726518,0.0032919546943256097,0.002286859854320561,0.007293490111460241,0.004705839021714962,0.00741147155874507,0.0032734843909188517,0.005815968612244689,0.0035582662144503212,0.007099220322699829,0.002845996311381247,0.0023121069760367527,0.0045876702871936945,0.006163425412745879,0.012328483823930538,0.0020446849835396444,0.01001544679166346,0.005334139596628704,0.00421065644943325,0.004300390217858814,0.004046107812225773,0.006321603703416298,0.006283215049976126,0.006758705245432138,0.004809385156420573,0.003408547098443023,0.0028220693038527164,0.004606883625777103,0.0021993599936392205,0.004821442685551567,0.005889392445277367,0.007377019909589237,0.004844052357316753,0.009044796889870976,0.002942490067850879,0.0033086261229106797,0.007075195815947822,0.018607356178767815,0.0036680689054833086,0.0038861836799290424,0.005563291684136281,0.00725323338939274,0.005073058453463778,0.0019055771166213407,0.004048565317357936,0.003496836872610153,0.0038746697296614748,0.003922139979657292,0.0018176384407533786,0.0061489482750927285,0.0038553579349024794,0.01191106352133548,0.0034212530952160932,0.004836407066151391,0.009832786511928687,0.006043114051047658,0.0021293974371954837,0.0034014833886116314,0.0025203152239007044,0.00420996841081583,0.012452173441768773,0.006367304441323949
3546,0.008401670330560856,0.007225043219088039,0.006770136970973985,0.0112758725488996,0.0043688299905641275,0.007673453150800569,0.01179980087117446,0.0028124138282408333,0.004493163434634046,0.007226972294516529,0.004133958371281178,0.0032759539000890465,0.008147226196595459,0.003628145495410953,0.012114312445508549,0.004734653874944676,0.005677394741082904,0.003391872903063261,0.002112008932095151,0.006347994850624888,0.004181936672313759,0.004532924572554883,0.008665057014291088,0.0028001739929805424,0.0019900055672762134,0.002938694557160424,0.0055417469036356205,0.0021688250279770444,0.009032811467795119,0.004242940912286204,0.010624898742613284,0.016937234031823154,0.01959465476921385,0.002092756071729907,0.006843348353117729,0.0008397951740332363,0.005190537547689619,0.0018434185273273425,0.005221595454296457,0.0041133252808439455,0.004235085190304199,0.004156520950069097,0.0027732321324864737,0.005579616308357378,0.003972334319390802,0.00871944204406693,0.004539622988178019,0.005642031101228048,0.0032310787142004627,0.006848678610026822,0.004962104079452799,0.0024792019690361277,0.0034029534180017207,0.006664868237603445,0.017079752977297823,0.002889572119861926,0.011871640600327487,0.006846786660297116,0.004365850817548666,0.005107112737667542,0.004560279913873873,0.00561586701662442,0.005328701304934398,0.004186457426654568,0.0057685208164276235,0.005385841879990524,0.0031125272627875915,0.004356918654427537,0.002357211553306298,0.008971775056005982,0.004794142789523314,0.006962695411677772,0.004509021122825239,0.008124887264325016,0.0029196329077871876,0.0038958544702506204,0.006824181912788143,0.021567391937738434,0.004294524439219639,0.004556842378629501,0.004677217624122647,0.006424971002998828,0.004291996964952434,0.001985234692028322,0.00440131979209578,0.004336981631593378,0.0035483245842236064,0.0032774631802977715,0.0020674668087730034,0.006544595468011206,0.0040711911892470625,0.013498425095506937,0.002621295763718918,0.006588836914772461,0.008730976687949244,0.0054692780218053684,0.002595745666945482,0.005632951456810135,0.003952716232456549,0.00499961835638272,0.013893813297779032,0.007807823973051119
3547,0.009508010055421122,0.005563934627084835,0.006653312752795188,0.013483863567762443,0.005568678761346013,0.00852149502887405,0.009864671581358292,0.003896653300986421,0.004684920900235573,0.006562011101601471,0.0032540156626752804,0.0033109730627877425,0.011039344720095599,0.003842655224318544,0.008105355052789118,0.003886619102140943,0.004522961199362337,0.004048612877944683,0.001964672594541724,0.006183031835269107,0.0036608628196956494,0.004589680428738479,0.009327836046558272,0.002807884533822388,0.0021044648932041624,0.0030956591906283436,0.006301152705535652,0.002767576025300096,0.008487832728784034,0.004253866458020236,0.007712522632689298,0.01289677681919953,0.01589641836543192,0.0019749147326742797,0.0074119206509957875,0.001040000001224532,0.0039053827723421605,0.0024211208826316463,0.005123607697581296,0.0029694127402367042,0.004087945720998187,0.003292676600715097,0.0020230680169609056,0.008603086474340842,0.0032849507244864426,0.011253993852360011,0.00388873165618089,0.00514576261546369,0.0036826841678604632,0.00545078240572723,0.003984844962630218,0.0017342635192633933,0.0035002701267620967,0.006516667688572191,0.01412003164836261,0.0025532603688591753,0.010560005244946989,0.006276662394019998,0.0034206294961568297,0.006438191599664129,0.004050326664813702,0.005603048098179946,0.0046620545112500255,0.0055193322441460186,0.004996017723979729,0.0034578354497404097,0.0031645356829919074,0.004537301031404703,0.0023866320694532982,0.007252556042153995,0.005031253912254924,0.003808096237126185,0.004507007312359389,0.008217805696034822,0.0027979121150923593,0.004275602502452075,0.006198373944638293,0.019377422624567615,0.004497909032535265,0.004361374036509442,0.004247460563168697,0.007011772460036855,0.005519105758358995,0.0030793051744984613,0.003734077080436977,0.004743034242438574,0.004062371155256851,0.0039768615277763365,0.002375795621027709,0.006641014716564616,0.003803205472292564,0.010817209078558572,0.003921115030150918,0.004602393627176333,0.010667459710821088,0.005344441901810471,0.0020411802571481596,0.005193837938435286,0.0025106642758656404,0.004919597312919367,0.01322428724431537,0.004800034636902651
3548,0.008357932673036203,0.00629406219139491,0.006929345026368136,0.01156691507090653,0.00547856079209284,0.00876510403155842,0.008553351072447856,0.003029046863043687,0.005603951110665888,0.005262645046212182,0.00371029528402917,0.005337546128542583,0.008846449842260701,0.0032442873736821766,0.010371967985719915,0.005694359801037758,0.0042833434326598726,0.0044802955211971016,0.0021872351867832057,0.005251330979114129,0.004556759436912709,0.0036531296072819966,0.010434214702297745,0.0033821033549673554,0.0019976756044926608,0.003201055419387499,0.005398117289372209,0.002568190677725878,0.008228705070929026,0.0039344593031150335,0.00982658038830666,0.015344229241757773,0.01628154922599377,0.0021124778814330457,0.006063727621299557,0.0008896552928697478,0.004940421961267942,0.002409478335043415,0.005687726998240778,0.0027946154815184634,0.003167526181530432,0.003987202044691485,0.0021687710868776534,0.009462022984643288,0.004592199360420528,0.01026157682974862,0.0037290223375992223,0.005393117670378848,0.0038799788757248005,0.006577735149715379,0.005072418988354046,0.0019674466324954014,0.0035497214799364804,0.0063758034188968115,0.015050958375814775,0.0024512450178106305,0.010554105844536959,0.004932694136395671,0.003987682241227197,0.005705095017503102,0.0035365107679768406,0.005638033413405592,0.00589625025931121,0.004513880890849042,0.005996680310022864,0.003839850261310648,0.00385906362026716,0.005001922132733704,0.0028600167039169347,0.005163252115353754,0.005653519602774861,0.005373170910297898,0.0040893431503355535,0.00867262397662243,0.0032348668886060363,0.004498760473121129,0.007097349799086557,0.018018849722649097,0.00395023870194537,0.003907651689858867,0.003724695223421859,0.007583954131709104,0.0066687514979919486,0.0028854345876203062,0.004267351307970163,0.005893525271471386,0.0034527845387645785,0.002621678073787896,0.0023214323954623144,0.004229009767019108,0.005370901152859523,0.008546731093931398,0.0033246250347484315,0.005450995038052364,0.012432707193925724,0.005783587235423414,0.0027271048945634513,0.0043910486079909595,0.0032547213297805205,0.004946066430353793,0.010763745481681554,0.005756398281202902
3549,0.011310762002022618,0.006813480995072362,0.005010084782360054,0.007361742421270477,0.006730598938950893,0.0066397276802526335,0.0075302191036198465,0.0037175227834178107,0.0038387929833571138,0.0075097282816205925,0.002836340762878453,0.003413780524135824,0.004096021823925502,0.003364523159690453,0.01783502031045694,0.004823322719824339,0.00266385265622978,0.0056017972880827265,0.0027421133626499713,0.00914829804073872,0.004915276581588962,0.0037721825743702083,0.008382602082372579,0.0020211249532886555,0.0013288300146956692,0.0038560018601229563,0.011728406820672674,0.0023848422208542688,0.006000318440138548,0.00363330202239857,0.005688557141681634,0.015132496614290399,0.016482635911225948,0.0030648006560209783,0.004009231633558773,0.0012518286704235571,0.004548043646106911,0.0020877808714265408,0.006499278625307197,0.004580454838433872,0.002357619045775972,0.002587416254436893,0.002454786478740024,0.005819271486182711,0.0043425343355967,0.011608566249470537,0.0035621318405906492,0.006790014840655661,0.0030546968544979,0.009141120544205121,0.0034355914620364247,0.0022577989025997936,0.004238689563577846,0.005199860975751606,0.012609457043908428,0.002432892239249486,0.008611437317654593,0.003782971074805867,0.004294690245864029,0.0029722614139461785,0.003549734288521346,0.005981288782737172,0.004498174332979076,0.00366532114582981,0.005263393389751957,0.004014797231181625,0.00632181224304814,0.002551596683473573,0.002886674613247934,0.003961125922214889,0.004351882402790668,0.009277339529516303,0.00469600127677625,0.0068816091690831315,0.0023378163207793735,0.003777769894648003,0.005792680025159661,0.013287553829651234,0.005382804686647832,0.004827384291090237,0.0039260551521786225,0.006644192603603334,0.0032178812771319126,0.0023882567696937164,0.0023223308763172515,0.004562132944266487,0.005007559846010272,0.004651605039871556,0.0014543416170272356,0.005532946405383731,0.004500738419149473,0.010561435740326225,0.003043670999064909,0.005383320742496626,0.006750919437245159,0.0049541426663311525,0.006000463358579559,0.0034869668050360215,0.002569647633739474,0.005104602079635066,0.0048825267830678795,0.006446988464316274
3550,0.011267852789325405,0.005309707213472169,0.00848321475407097,0.014506446924785242,0.00468463302158237,0.00600439733851562,0.008250952267054662,0.004508619099540948,0.004950551360762218,0.005921261647384726,0.0028677342301613447,0.0037704231824513506,0.005579891017381054,0.004042859002699403,0.018306921971083818,0.004932678813976295,0.0033840698915856295,0.005201896912629802,0.00220254599178251,0.008960926733449056,0.00476404318340344,0.0031478211988996063,0.009852348670414788,0.0030918530543790923,0.0014242191662791816,0.0037533140363458298,0.011561925345883238,0.002390315237400573,0.007184186564056511,0.003079629426291651,0.0064616527973535755,0.0052100528819309525,0.015834556872854823,0.0017425027964593403,0.005831408894447431,0.001105128687439703,0.004003021262761433,0.001983760840040006,0.004616878892619932,0.003705779523686968,0.004488853934812236,0.0025804357641756735,0.0023536863629965554,0.0054925416320818305,0.004786933855447621,0.00992265444598606,0.004069720396172634,0.005268302454338145,0.0031983898543384444,0.005721036494989498,0.002962457701929917,0.0026792524564585936,0.003485761145833469,0.011310804599036944,0.014696891144080055,0.0024137065704568543,0.009054733795817428,0.004016496659852983,0.005671714470068045,0.004033262801355953,0.004091668696973563,0.006568859998563788,0.004338428306575078,0.004474550514481263,0.009545924998184708,0.00337273007538413,0.003665945098375087,0.0028510787409840323,0.002895367454711605,0.004996140924542372,0.006775914375984555,0.007161961829730183,0.005616096625748695,0.007091846178375661,0.002363899033044272,0.0038530022071549077,0.00623137372129192,0.014336282604930552,0.004396855111157067,0.006309106344903239,0.004303146032130571,0.00502314283166057,0.0038021714566586085,0.0025208260525009575,0.003290172652980136,0.006224049304182928,0.004449188484676685,0.00433925523151678,0.0019808432691391696,0.0051199764215105305,0.0045167503007458535,0.009824037347440862,0.003237998097744619,0.005883661149724795,0.00950388574935187,0.007200536128462671,0.007755193110273964,0.004479153638930359,0.002075588785405086,0.004561451660416278,0.011911240177369985,0.003750044105500322
3551,0.012636950951544617,0.00607171342274611,0.008541628177015075,0.016887241363971617,0.007046415569589662,0.007452755312404453,0.007324308680218172,0.0023504541949977,0.005307900775597408,0.010490606876676772,0.0023872979529521872,0.004006861879056741,0.00508589088915959,0.003966328241821838,0.006780315979515255,0.006662779924191739,0.002649601057066953,0.003943158744326887,0.0022082187514176586,0.010346040344964032,0.004258444798760012,0.002585345062086963,0.016871955509424663,0.004474217911781919,0.0013555804776467504,0.003043173931440216,0.009987896791877914,0.002565484482243365,0.011869646631477925,0.006031791390788355,0.007187770927079969,0.016783547254038307,0.01772895837139176,0.002844709089095054,0.009914562451239966,0.0009835601881826189,0.003253943131462267,0.0031410676381025023,0.002349120903670894,0.0024147352575275846,0.0030573049678598763,0.003696614353065938,0.0018638004954935668,0.0064769866803486885,0.004066502824964952,0.007990520304343385,0.0028748076713023575,0.0036647007469593185,0.0028013536488737637,0.0053827704539690146,0.001845452444559717,0.0021121566675546895,0.0032842328559813277,0.008271436427725763,0.005777584612389674,0.002619964925303467,0.009055967194845393,0.0028688795766601952,0.0036465811647237406,0.00246685933944118,0.003596753487422571,0.006905292324431922,0.0039703414850993865,0.0041742333107073586,0.005581373661162871,0.004535610992523154,0.0055710516563266515,0.0019744199478617212,0.0034993553680004673,0.005362986512825031,0.003727268140791852,0.006474510440857803,0.0037647343614406127,0.005947569493166889,0.0016754383093614315,0.004257409329165024,0.007127935819062707,0.017042540180218863,0.004862190835729978,0.005036700036035226,0.0035221820040864855,0.0052923208392254934,0.0031409320421234704,0.002989463946371496,0.004235903054624533,0.0036946106494469833,0.0052220828325795195,0.005684375640765403,0.0024323355903173908,0.006289128228794017,0.003917816305058759,0.011422426332306107,0.0024127238040642643,0.005111118269114662,0.011132145576047494,0.006679036532972917,0.001728510430159098,0.004968205001913631,0.001908643872044739,0.002856424142410381,0.011322121784282874,0.004306048243651551
3552,0.012714054732550117,0.0050268030951353924,0.008038882162324767,0.013157112791655023,0.006965445401410495,0.005583574111355947,0.009266668598521698,0.0032224356814644223,0.004350726275991986,0.006382199698735477,0.0025925540759717007,0.00283704592456526,0.008781270067731734,0.0032241556709447054,0.0049547847304871806,0.003488405371942407,0.0033900983924380025,0.0038258895575215644,0.0025325588927492264,0.00923874189080647,0.003885840988927305,0.0026661367599986174,0.021190259152539758,0.0019050673443031193,0.0018424160457996784,0.002986835061416516,0.00532887186208471,0.0028857724359830188,0.005965277656707143,0.0026834852778291536,0.006820681555350129,0.004624333077315642,0.014777716901862192,0.002472128042171762,0.005860366635943332,0.0011591833416424058,0.002748556629396547,0.002704382812419718,0.0029346063752698475,0.003210464544419222,0.0038136004250040314,0.0031989328172635023,0.002072770855832947,0.006259565469083246,0.0043106874564315155,0.007126171494939977,0.0031417962100589053,0.00512884250099432,0.00486910913833804,0.006439507622306536,0.001555828301604431,0.0016876553400963863,0.0056032620936140596,0.006663258836437754,0.005580348081516544,0.0022805333807506883,0.010474179054903639,0.003700084868809765,0.003504199523529032,0.0029720138015857963,0.003782832513802996,0.0054782637272838604,0.0026608156605001762,0.004548923189792893,0.004627760653282405,0.005122480966968415,0.0032703126256570436,0.0019248084598737347,0.002678714161020587,0.0051335000582878225,0.004581605901771349,0.005056017375726528,0.0028133491397475357,0.006298362883017964,0.002624950364095794,0.003586401799338923,0.00759426962253212,0.013979446435779171,0.00358872477034909,0.005136256507926696,0.005995074861977232,0.005643372220118629,0.004055886380901114,0.0023392037788171737,0.003408385446152843,0.005087108974635651,0.004493032907799086,0.00363924039398917,0.0021058578960125407,0.004417582852466856,0.004456896267549788,0.013974952597873869,0.002465296429407709,0.00384573630616434,0.011705180862270214,0.006330669278139082,0.001496424513900392,0.0042154085837237815,0.0015139973262143676,0.0032986773724500915,0.010492589142972639,0.004579941582969091
3553,0.011989566188904822,0.005357304444309385,0.009524186782606673,0.013830076239221075,0.005935144713527001,0.0037386696746728757,0.007806863481130419,0.00463897308364323,0.0044617994188991044,0.011694270414527976,0.0020036030837934683,0.0020655272946820077,0.008925143371271739,0.0026069844544768907,0.0054262168394401105,0.0040008168454344385,0.003652703274680068,0.003837938811879487,0.0024370276123290963,0.00771215818609407,0.0038303410733714124,0.003372386886320824,0.018400720163646606,0.001447014099425272,0.0016061090655027628,0.0030576274493154336,0.00568539048014223,0.0025580900890507462,0.007360994626200865,0.0033646601465348145,0.0068776886764366765,0.0047427455150089995,0.017639744564903713,0.0024668784657405508,0.005404525778691115,0.0008821933842438211,0.0022975924126127953,0.0024693128855180755,0.002380000300443759,0.003036256670927392,0.0037020906217442133,0.003396201662224535,0.0024990457803833466,0.005043715144476505,0.0032332314093355776,0.008978908841303913,0.002610973858119503,0.004649146103724854,0.003597717954390484,0.005798389369011847,0.0030243743173918383,0.001743418294690608,0.005058073337433763,0.006996973963833767,0.004933213934735917,0.002136339170725507,0.013201798972921928,0.003384210504118114,0.0035405612780813906,0.003009584316469281,0.003310185843255946,0.0068107255082775426,0.0030332901800697136,0.0034742224945372123,0.004635479550700538,0.004866332739737213,0.0030336152533001256,0.0025233918862787546,0.0018064650542710097,0.004817185873738971,0.004052062800270604,0.006116793137997022,0.004144466565350996,0.006876558320079273,0.0018415125833386506,0.0036132788615519107,0.010178797611575566,0.016107278770476775,0.003700363825852578,0.005512683996965066,0.0038886406411307935,0.006235173146997433,0.0036414116540310886,0.002149523790992677,0.0025916350319330926,0.004692699840225309,0.004563251199809711,0.004050208625536703,0.0016189732427357001,0.003334035404189847,0.004020785443657112,0.014634989139909137,0.002328436218290928,0.003692605572516279,0.010437005354897048,0.004852737111555613,0.0013432574751244268,0.00578068491264484,0.0034044583014219134,0.0027085997253103334,0.01033068360543162,0.004276427469155966
3554,0.006857352485666045,0.004153299778376942,0.006602230318907211,0.015104382123053373,0.005519977743751609,0.004688173352348911,0.008393585374246972,0.004093030656957538,0.004505764913536426,0.0077046506118522646,0.002335764581290065,0.0023842983321680907,0.006074223692048866,0.0031013753288424415,0.005530092548783481,0.0037566687407744733,0.004012990876407041,0.005027556766400328,0.0014417557185888998,0.008642230588359582,0.004331963490791118,0.003021954994092525,0.01601202256913976,0.002521474955177822,0.0020517490678515675,0.0017154360365201073,0.008257251230381676,0.0020578890036922017,0.009249111475451197,0.002444345557400954,0.004630443474388392,0.005759610011889456,0.016107980941955254,0.0023139090940754313,0.005194249773377901,0.0008439833008315471,0.0024339388749258246,0.0028004558247267065,0.003274783427929913,0.0037243535636746067,0.004074395591138399,0.002379930269771187,0.0028744850793908125,0.006673629502026288,0.0032166974515869407,0.014994661675837972,0.004661324913005963,0.003097054763633293,0.004016658427684277,0.007175205211876103,0.0040511110742747465,0.0016582513691500934,0.0034892775329066583,0.006705823083999825,0.00661943483414239,0.0024606633576535093,0.012436719097209668,0.004563966067101953,0.004246668873764253,0.0058979170225698175,0.0056738587860439525,0.005840898204183911,0.0026471229003226966,0.005337209623115081,0.004053114142299316,0.003882572488088502,0.004431405653686696,0.0041550138017080246,0.0024399428876792422,0.0032251449491971238,0.003794041613808912,0.008392044523335996,0.002911419554341033,0.00810693828132798,0.0020947638349638653,0.0031941193075565744,0.006735006588212139,0.014990745321348328,0.00383739072416461,0.004693025237427905,0.003382280368629865,0.005172437201151463,0.004661823712248585,0.0021565304333919125,0.003456113360580022,0.005963327230154946,0.0043371884498719215,0.004078780713377829,0.00180232223691445,0.0047605641204461835,0.005605016700271947,0.019094576071032068,0.002070633355864406,0.0031472524348746676,0.013090363190755891,0.003957351989325412,0.002033569152880063,0.0028220090245453192,0.001883528607528155,0.0029936834954686115,0.012385424163305759,0.00585968001928341
3555,0.007945062899108762,0.00602815566725203,0.007834785028816365,0.015649157951888263,0.006052398053949698,0.00450905925320562,0.009880576521194133,0.005172400460177912,0.003737424227949313,0.007393627717383676,0.0028673685617499685,0.002142706851922534,0.005750589783925473,0.0031009298006022044,0.008353234263543575,0.007600936604664739,0.004224079277684774,0.003768537811883542,0.002402762862729469,0.014249759023232368,0.005065689074792518,0.002982193896829481,0.008189861053616892,0.0025583737360757686,0.0018494390595023321,0.004288844883003364,0.006777303652806539,0.002261562161105451,0.009311058474023878,0.002520166897679667,0.007262077134650448,0.005433363374490089,0.014967472670259826,0.0022195249540505565,0.0058708565891318,0.001493436331663948,0.0028486457109210754,0.0030394123521405394,0.003967859808615021,0.004087209100890655,0.004280263949976087,0.0021265558529716664,0.0033393608092132034,0.0064403528116061684,0.0035325398372265983,0.009271553111087634,0.0036793959480760407,0.003401731184634005,0.0036294434018441448,0.005149074653618845,0.004069928733675972,0.0022673722358182253,0.003916365112540602,0.007673083815667031,0.007369042982825904,0.0030209764622300375,0.012498447800234914,0.004024024553344941,0.004622395594491018,0.0031394594312066128,0.005385868743575872,0.006210011334769441,0.002837120261245501,0.004130092656350638,0.014790710032261544,0.006160234682487477,0.004538503662091264,0.003662209716225056,0.0023550393043633754,0.0036592381223500927,0.004111621674929952,0.0038142173283197954,0.009261658229153277,0.00862995717681005,0.002220363687020186,0.0038125200890594462,0.005603125178476408,0.020388006688676262,0.0028222755813511503,0.004676216145854614,0.00811756052360055,0.005623494074360701,0.0031079849761531755,0.0027073522846059487,0.003975278484711131,0.005222139514966069,0.004258380526893139,0.003840242205062581,0.0017786795607090543,0.014234398415110261,0.0043986011255878294,0.020626254728421885,0.0020445786300553933,0.006118587713760696,0.010566295786999608,0.004348322242432439,0.002753201189265387,0.0037225819015778883,0.002675696190698627,0.003331358898611052,0.011143679300513321,0.005409456611892146
3556,0.006222905859694361,0.00448504981484994,0.007041078572554081,0.011136979580476691,0.0032020951668835303,0.005563419296407102,0.00837211252245498,0.0030062303018337302,0.004460401346505621,0.00610088732196973,0.0023993611599420236,0.0035912527909686765,0.006504396301819271,0.0031779277963972083,0.007555590602052727,0.00423471693334709,0.003791912317069642,0.0037947211698959706,0.0028221870086680145,0.00646495215416453,0.0034815035798444376,0.0028560167926474775,0.00846776246770185,0.0028089151986921243,0.002363573566991101,0.005789613628837329,0.007853478725513313,0.002118913036853273,0.0104657477471921,0.0026778936498140357,0.00657248608382137,0.005429903359858864,0.01229890889364541,0.002613465818301901,0.005646197839681368,0.000755674813074063,0.0030873625691948845,0.002684523733186953,0.00348149601396095,0.003473274534924833,0.004071214558398558,0.0025203699568873404,0.0024357059968344087,0.005920031079320413,0.0035214138770148845,0.007291545828267671,0.0033551739465419715,0.00438920037875705,0.003322601926565587,0.005509892627263968,0.0043522355662845135,0.0018712757704863617,0.0026479731503356117,0.005991452056483326,0.0062946019135399385,0.0023668687678513184,0.009681367016147515,0.005511887842027787,0.004000811093398517,0.003376888423261558,0.005139443758285986,0.00556732645524554,0.0032949279895827465,0.003897256945342722,0.005815788174266544,0.007945332711786766,0.0061054249274681595,0.004393248871016032,0.00230464700947437,0.004306281375304856,0.004200170938812573,0.0055649624137998534,0.004928416271768753,0.010773267997677192,0.002253833561943693,0.003952308141421122,0.008108434480131935,0.013600685911117964,0.0042801314001319,0.004135661570221914,0.004602366279634901,0.006204561577891005,0.004624288447694456,0.001981941488510826,0.0033163994427953584,0.004832732569351232,0.003944571321168074,0.004249993551180368,0.0017340601420254404,0.004545968601661779,0.004866330121195709,0.01490603767527192,0.0021611716814416678,0.005161599718892973,0.011774687404040057,0.005364677415060945,0.0025287393580713086,0.0034486433287715394,0.002985954390910796,0.003009681530371727,0.010573808388103973,0.005433862232301716
3557,0.0070806148341685336,0.004177753263706135,0.0073786145359178166,0.016550303009394265,0.003594512897757471,0.00717733192537688,0.00943415074060033,0.0029347296978825994,0.005098913253021571,0.005481833025176293,0.0031123541916029903,0.002435863061790911,0.005932910076569107,0.0033682124425269524,0.0047020260986772875,0.00471863174595351,0.003152494896678088,0.0039263505455420615,0.0019727113773717973,0.006976188985206654,0.003187077972102329,0.003472972457111028,0.010254790444654554,0.002304353413991509,0.001889034377301736,0.004738263556145328,0.007563840948296357,0.0023043237987452276,0.007663371916710217,0.002667908306158424,0.007033350138101343,0.006465877599690616,0.01520489946836087,0.002614999100928244,0.005291291085102508,0.0008328409992714053,0.0032543364476874974,0.0028087350121259107,0.003129062003823505,0.003035903733509056,0.003703265639185829,0.0030210496081870763,0.0024618282983936194,0.007289792400534037,0.0035299717679843374,0.007325470837361551,0.004416335542527399,0.004845459265375734,0.0032746332161778828,0.006811978977636241,0.002902344230215938,0.0022287968810555682,0.0022911081687741123,0.005567544145194367,0.005593277633526599,0.0017689473310255523,0.009683636684544195,0.005371959163016387,0.0041612336424509825,0.0029713675176429224,0.00520160603726342,0.0053316420433928285,0.0037247017210626492,0.0038302648992575026,0.005550659903588344,0.005397708996795568,0.0036247916558047153,0.003909645662316213,0.002522957807032488,0.005083963847894377,0.0027721909844675196,0.0033672935988813303,0.005143884360123705,0.0084647820599645,0.0023438015235956945,0.00495086021980725,0.006840566183045889,0.013696016509900679,0.003856374190283207,0.004595162389984687,0.004440436257765596,0.006439756393446966,0.003910387438642991,0.0020626669111715,0.0028088252149281426,0.006074068747065896,0.0037836103223594223,0.003921384486511852,0.0020123359495877436,0.0039652486314296475,0.008045819396342321,0.015352515852487564,0.002024474997863693,0.0033999572900487436,0.009259244107561742,0.005263437343365204,0.0022505375153993082,0.003151408745053989,0.0025981067068404566,0.0029084629390185818,0.011012221227363337,0.004665424545030179
3558,0.0068110502607963645,0.003678437721331039,0.007577540645795862,0.0158291734846811,0.004353569964255863,0.005987676642440065,0.0073620525725378244,0.0037946159293483677,0.006380724786419083,0.007047366439945871,0.0023696927524821973,0.00245710398450506,0.005644510933280492,0.0034320614401780213,0.005845668642021753,0.005535425806921777,0.004275729957007215,0.0029460190634461847,0.001634753556275418,0.006614907294717208,0.003041620856527007,0.002700152405423279,0.010232876009996577,0.004979480651436858,0.0017542957367762393,0.003636075368795179,0.006440154544809338,0.003152986539085177,0.00832719050910765,0.002547862502471829,0.007267776676237334,0.005795605117635405,0.014195776796634764,0.0029095413660735195,0.004588655962876315,0.0007188352635587969,0.003105026790359689,0.0028461193619969184,0.003720393768123551,0.0030618705236884463,0.004213961841286846,0.0024359781564543526,0.0019754941093516054,0.006324035213710769,0.003344888297467171,0.0039023313811718825,0.0028758304591915904,0.0045853627153455145,0.0023960961139688724,0.007517481894384261,0.002942909900271639,0.0018107340504615748,0.004574848031050302,0.004960836950248651,0.005954947763165401,0.0018130071723020755,0.010433738583082755,0.004930559071990989,0.0047126791080673676,0.006027483357678036,0.0034541747794888944,0.005005876803041208,0.004069001316845504,0.00435078110551631,0.005059264809429183,0.005497128055267229,0.004426448457179766,0.0034352651025162024,0.0039120777597689785,0.004601249382380004,0.004819629326411997,0.005368151965028361,0.0054066893656940125,0.007484299132719186,0.002170329230401874,0.0038533223068171344,0.0077635728632759705,0.014358403348476365,0.0035568815500467126,0.004272111117616876,0.004451649300527441,0.005886703930294383,0.003006218766023851,0.001998152435954915,0.002913121088953413,0.004244992769047447,0.0036491928751638744,0.0051024911711820865,0.002230270682608041,0.008039170861630189,0.005143097549959872,0.018104045395936418,0.0017971239488234236,0.0029669228296494384,0.009111507515374128,0.00512660289132035,0.0018630682218846015,0.0037910188536351033,0.0020232948694683373,0.002444450138431466,0.01098610938003617,0.005167609102773393
3559,0.008175508738998553,0.006008579570464417,0.007467978825017664,0.0079316677082954,0.004280881992756203,0.006779950571110319,0.011429421596678587,0.005000632221105223,0.004423271887531159,0.004317303682945186,0.003977792667386104,0.005157725710083807,0.007045279402583977,0.0035828928137599733,0.00879367461945097,0.004869768540720597,0.010506235150585458,0.004902886762851999,0.0027050519904152277,0.006791537190008388,0.004781769325419118,0.0036896484246711084,0.009428471548422317,0.004259178658231159,0.0026600608682816797,0.004682716477615846,0.008525418606995846,0.0024333167006958694,0.008255809208279084,0.004292842782850372,0.007791213935046404,0.017043958346073904,0.013591013846686744,0.0015720094413874351,0.008029022355867567,0.0007463099534415411,0.0037027774793011226,0.003447836029888862,0.0051192548310619035,0.003178591402698287,0.00452138716186281,0.004266463924790084,0.0022537797787778747,0.007556071473996994,0.006239083670856893,0.010628153012228504,0.004811111249578603,0.005508636176029907,0.002706005072806823,0.006231118047691735,0.005445932121920069,0.0027089534459193644,0.0038051806527971423,0.007035261105993866,0.01386209728180437,0.001765873831896082,0.012845531299629967,0.005061398876331079,0.004713990836942237,0.005197023083362913,0.004044206652434101,0.005294525584619372,0.008575546517098333,0.0043997684341280305,0.006353211501763885,0.005135151570043727,0.004109650509392164,0.0044329918736331405,0.0025886788519156366,0.005848862245070432,0.0054059252633798455,0.005655408038731569,0.004176650584663398,0.009111279718126905,0.0030539157823492894,0.0046544638529039005,0.007992981645459031,0.02133912436546464,0.005305914683051533,0.003895832084447342,0.005163953621150112,0.005575259710068017,0.004236228710592807,0.0022085380327849353,0.003703217492351524,0.0041698321249518215,0.0038433716882065342,0.0030710798359174195,0.0019894570226236708,0.005804248122505574,0.005383249417961082,0.011505939303717863,0.003068173418886936,0.003276944568144992,0.011718713430593587,0.004508480277593005,0.002141223287119182,0.00385198009910376,0.0022106284940457944,0.005473124763207024,0.011513215225732655,0.0052455881687358714
3560,0.007851064658948987,0.004324426038713752,0.007092681995485856,0.015604221706940022,0.0054374442305851495,0.01163712551686176,0.006941302313115095,0.00487229650292873,0.003982918935561261,0.0072385588469507,0.0024977548662582214,0.004501050444319637,0.008737136307386062,0.0031450027698628324,0.0077227849982386965,0.006910822723299098,0.005241713558037529,0.003934985146635913,0.0018243735856908717,0.006283814302780656,0.003161272681583546,0.003448398424772382,0.010318986202345327,0.004321210775933067,0.0016511901677251101,0.0025664307119573917,0.007784348253284151,0.002298294464775269,0.010184323404705566,0.004931709569404174,0.008101221271101732,0.018142837865581133,0.013895028267714712,0.0019015904614568804,0.005508518638361123,0.0011412492742184119,0.0028106072271460044,0.0030296626803087436,0.0032595534440974776,0.003670686604537505,0.0034560800329968503,0.002533517201140861,0.0025197213065036336,0.006880906201427856,0.0027471436312155495,0.006395474066702366,0.0029557817816913885,0.005179731436919687,0.003218676822548445,0.004826123887389722,0.0044313619080592745,0.002284016113676659,0.004373883236292064,0.0071606359255803,0.01425811889388507,0.0018976583393602294,0.014449908599479122,0.005928925977617477,0.004004829718452344,0.003245616191806845,0.006923824196503598,0.006469007503098021,0.007335596643312796,0.006069584746025302,0.005637505641724605,0.005221451633696127,0.003016105462052007,0.004947960175669621,0.002499762915661558,0.004933574398777373,0.0044620874385818896,0.005405929960013417,0.0038247262365739268,0.0075543627178377695,0.002095143733691966,0.006618194817330101,0.005400564925247051,0.0184273907208299,0.004529158029712539,0.003941218125927371,0.0029911148777183373,0.007129010187396182,0.0037247105873108926,0.002014618200028641,0.0036902154206969206,0.005639657284902683,0.0036372471743325793,0.004149854527306639,0.002361538844639912,0.005808040670575775,0.00542943550633635,0.013758295312670595,0.00228405494027586,0.003149913042851477,0.010528809886649278,0.006189673558581615,0.002087354236653337,0.005443868284101308,0.002304680020299007,0.002522492978104215,0.010123008686880836,0.00681712381329332
3561,0.007829399953722784,0.007330860905003262,0.007405032314510386,0.012265663801639494,0.005177556324997371,0.0089601111026182,0.011830877664299176,0.0031654821938586143,0.004816011206907303,0.0039471374693857446,0.0031767174872010073,0.005126640458854313,0.007214368390218055,0.003152504883332044,0.006270408814257132,0.005529878686216136,0.007625689678880618,0.0036117942970368567,0.0016803042417491637,0.005959807104154107,0.006310925833769103,0.0035694264178530175,0.008680409271828622,0.005302954234631475,0.0022429351976872834,0.002964298051147121,0.005987863759473256,0.002551096254276655,0.01213748272279112,0.004751006703174113,0.00783551581272121,0.018698431060848893,0.015751782209732848,0.0021091909788919136,0.006275750382107362,0.0011831725906607568,0.0025123295979122304,0.003303848364611713,0.0036247124110456814,0.0029479695464893095,0.0037577585879034073,0.0030272612707582013,0.0027982028752576425,0.006846397509071637,0.004038512041065989,0.006812265819873784,0.004290247383246732,0.005188923054693468,0.0036681072626910216,0.0052080555540187715,0.0025389330812916186,0.002583248159194911,0.0058817643907786874,0.007004377380775286,0.013374305142771409,0.0035043361306675174,0.014352418165601363,0.0044956766859651455,0.003546770114783938,0.004968547852141182,0.004036386588554069,0.00801128091277936,0.006257921925397336,0.0037870380960250854,0.0050739537238465955,0.007152465212407579,0.003630710626453847,0.004439669154050014,0.0028747493204492073,0.004580159402692939,0.0036801248424025994,0.004825695880718998,0.0039002733477934257,0.009661997319291035,0.002422387307049052,0.0040047576527071456,0.004398904099328869,0.025900515347622926,0.0045427151958456384,0.005500501010192677,0.005503992393265807,0.005915322821381271,0.005754975088632176,0.002670498614760623,0.002414471421039478,0.004759862352111139,0.004200875915540206,0.00443912809049777,0.0023938162843266044,0.007401414285608119,0.0060040987227333465,0.012572881078568465,0.0023835090381151007,0.004320571949162189,0.01132947889193424,0.00491943510285323,0.0026257700215359414,0.0042877703073489325,0.002227375271161658,0.003394621224735362,0.008789967868566272,0.005658160519864679
3562,0.008150158354068175,0.006368461475346942,0.006660925569443143,0.013047304339971038,0.0048857878288395456,0.006350203124491692,0.007579631194966052,0.004409591882219838,0.0050982632561836294,0.014355057745766314,0.0030805261016369047,0.004277383890079402,0.009538018509316886,0.0037258440584554547,0.0074273621898229775,0.004534077006295863,0.005155865748056269,0.003964132356122134,0.0019131243704337986,0.006467133484196335,0.0036801960423568014,0.0032923180025216585,0.011659990012828924,0.0025178047936007465,0.0017880525258599054,0.0026804966361678416,0.008593006528131638,0.0030733383485301784,0.010645965598569097,0.005009401830182406,0.012833205106369986,0.015155847800111005,0.01399761153210358,0.0018407017125767445,0.006223570599051704,0.0010587946150107236,0.0028017809227772537,0.0025739436874801717,0.0038768400010956664,0.0033269534488352764,0.003892590060353263,0.0038742844999476783,0.003083197412481715,0.006308546633240288,0.0026729326336752475,0.005123755208292321,0.003817292387435782,0.003981774206320826,0.0035621662287907336,0.008408087397196297,0.008538773970857968,0.002036276132380745,0.004681346720454006,0.00659855643180499,0.012147835739964507,0.002263563144734837,0.010182895444779395,0.0055753369082704686,0.0031619975116472508,0.003965126776303905,0.006660299296710778,0.0061046870524581465,0.005616471184107772,0.004622957774801288,0.005966684531131619,0.010460034381014036,0.004118930682298282,0.004765650742157431,0.0020157616217848584,0.005382046990186233,0.0048246687071383815,0.0054330180104611514,0.003706325041289076,0.009330334917555439,0.002480205565367599,0.004208053018058756,0.005824078056083569,0.018150147456588203,0.0050054571371707865,0.005571655940762411,0.0034094120237968665,0.004926417875501408,0.003884036296656321,0.002344995588674275,0.00298581063504282,0.00636973743126726,0.0036809016123490563,0.003438418120520373,0.0024537925806823197,0.00962008677896535,0.005797851031922442,0.014956740222366444,0.002134957317238453,0.0033286902257508035,0.014940277614000675,0.0053664684524783145,0.0021955835561451404,0.004937713306070488,0.0025548732689980877,0.0032032523164829433,0.008112777150138433,0.006212123182505677
3563,0.008182472121013522,0.006422526325346313,0.00833937539802861,0.012703681090059314,0.004199942699285679,0.010187821514016706,0.008412084771236221,0.003970793982838557,0.00398133549666785,0.0049325425362944765,0.0025680406396929385,0.005178758816076102,0.00861415599340122,0.00295331252474515,0.01095262005117048,0.006223110756552025,0.004800856924487394,0.003587013291937271,0.0024125866902170072,0.005703997526200381,0.004399878525925233,0.003744849233586497,0.017425482580070775,0.0033638888765763096,0.0021254341983517333,0.0041396814420075695,0.008222793482300844,0.0031074448355022646,0.01367388920564926,0.004775719529543208,0.010211588329878393,0.01559919817154061,0.014117802265322396,0.0016197973232211565,0.005829460247960702,0.001051833797278568,0.0031032213733600254,0.0025759277869027166,0.004652001296833613,0.0032346373287845936,0.003477852990459497,0.0035817705048331342,0.0024954873239797512,0.006406762934965703,0.0030693721804050294,0.009112763836291135,0.004671229103279519,0.005063178213363341,0.004216507665519789,0.006434982108319209,0.007594262738667698,0.002092592827317116,0.004506331797044706,0.0068205261574771055,0.012943671550833764,0.0020772495489320164,0.012806102974128077,0.005403318279898901,0.002919374803822372,0.004223310217498492,0.008494190491017304,0.006550614702502171,0.006876544612606349,0.004406573532539407,0.004987574611806799,0.0145852861278853,0.0043295038242362124,0.004116990460997782,0.002557301674510461,0.006511726490205623,0.004407783945025221,0.0066493525006553825,0.004708763280752785,0.009060003513341205,0.0024968086248341576,0.0033967168364702764,0.005549150965897387,0.019633352397550742,0.00434195375034857,0.006630324024868614,0.004912599876598287,0.004475367126702039,0.004111743102579623,0.001874247767734637,0.003353632966841983,0.004337699704559148,0.004180535533761842,0.004639819434789921,0.002014749778232659,0.007200833796114094,0.006031582879753889,0.012612625731762705,0.0022306054628770957,0.003581687276885984,0.014139634464248136,0.005564208680950118,0.0020455546800801933,0.0060317895840615665,0.002307327900147618,0.0033766719726836467,0.009476632269703333,0.005298761495290502
3564,0.007592088110022784,0.005955517718931963,0.006989533871406695,0.007853234250156837,0.003638473913696228,0.007627138060566851,0.010669251465534914,0.004243133377447833,0.004424987109574267,0.007709640757160844,0.002325756765354442,0.0042341158030229815,0.0061211418544515495,0.003027533572557794,0.008105639558688826,0.004929673794443996,0.002613846856636719,0.005227789072075194,0.002670873604975008,0.005618890820734991,0.0032129041436962467,0.002985906607107645,0.015929021677744237,0.002371888171666465,0.0018565729009344788,0.00570225089971246,0.009734271776107464,0.0032065114103788372,0.007483834381194704,0.0033676683229239388,0.006525767846616825,0.017250334837028605,0.024097068506422892,0.0027256978867756746,0.0029808843515368015,0.001055451798205119,0.005305214803496327,0.0022170983057908807,0.003790680763881614,0.0032377088540987632,0.0024211671558538148,0.0020444244901132174,0.0023420768344931046,0.0060220576450259015,0.009188153536049076,0.005960234874961174,0.003282040319322446,0.003180648262515839,0.0025980237897176794,0.007155149189694926,0.003028158292661813,0.0017024069916671738,0.004303895264260258,0.005711902741587211,0.013072981003040047,0.0036207349584236738,0.01123327637487977,0.005672263868143466,0.005627354514039355,0.004376337115783518,0.005508755144563869,0.005505416720641051,0.004405383563293282,0.0041386357788023,0.006528352531057933,0.007365634813770945,0.004229351922028927,0.006314789203207889,0.0025375758279610637,0.00465061491645786,0.004147865835762963,0.007194403918531588,0.0038529967419009253,0.0049532670299588894,0.002332178502158085,0.005422987561166518,0.005834932721893591,0.013981372744191324,0.0037685877176224223,0.003995832932353354,0.003681016822370491,0.005693792273109907,0.004888401960449028,0.0019230347549489407,0.004560154680079827,0.00395316931246792,0.004359933238827392,0.004264421805180037,0.0015661894870832329,0.006094572195045067,0.0034992844513184627,0.009213838364671267,0.0017171723206788473,0.004320775319776543,0.0132158344655537,0.006478516973557764,0.00249581955973999,0.003935675621603175,0.0024080565065832033,0.004421933730152754,0.012913457879465913,0.005299349514982742
3565,0.008800938756068487,0.004885539625530296,0.007023753216181958,0.02272965986740449,0.004298141807686218,0.007516973016406959,0.008670098616336835,0.004653410396463509,0.006112321631736111,0.006832349061002276,0.0026870134209161164,0.004274019792277512,0.007126784816863677,0.004677347337834137,0.007022304826205894,0.006610430535732294,0.003769970460170312,0.0035041699422423203,0.0015525617025656277,0.009795556053283725,0.005057759106921576,0.0037812758010046547,0.014947645856871774,0.002770470365214687,0.0018687202285141028,0.003819527451589224,0.007265823802051045,0.0023775046473926897,0.008337584377390845,0.002685817934224065,0.012351463545431134,0.021053746782016537,0.017734180316272406,0.001891195285266832,0.005327716710171473,0.0012356259282528318,0.003555927079948617,0.00262717846770417,0.005775820827018814,0.004147683455702831,0.004081501924971177,0.002111589487441431,0.001857521591704749,0.006910292586262457,0.005383234530481841,0.004840258496047587,0.004155163392703183,0.0046637707680232945,0.0030379344814020735,0.006827747622580031,0.004538479865817698,0.0023658722330918416,0.0034052934728904527,0.006459320839227776,0.01720360311035182,0.0025543935260841032,0.01011878870089042,0.005332875023886991,0.0032240276908840518,0.004746253832557137,0.005026942563492067,0.006948918069805531,0.005677417142930283,0.004333823376378771,0.007108741951721123,0.004880140968431024,0.0037544264263394246,0.003641959902829202,0.0022361803063274317,0.007734223160809844,0.005115147598193689,0.005550065049718474,0.0048172799054603515,0.004102392193731843,0.0035451264612836194,0.0052862211423031855,0.004958539886619858,0.012259500369469049,0.003551748291406002,0.003868669002980437,0.004975841815432669,0.006216592292692522,0.0031740004569646677,0.0018710196456753598,0.004139528661594835,0.006443135011655152,0.0032994094299959764,0.0042253722731154545,0.002963211493549032,0.010502176104776068,0.0049260073475161275,0.021091139593148286,0.002271465719677118,0.003985848626310928,0.007872719158837064,0.007665926945611203,0.0026179957436316026,0.004584117353541086,0.0026539777386605117,0.0025250134654769088,0.011064033762903921,0.005139618345064802
3566,0.007053884092492398,0.005650023616587786,0.006841651886922998,0.014732534997170876,0.0051910093162319424,0.006456904530615678,0.009488696136747271,0.002795228330302167,0.00420033130081275,0.0060798931407640006,0.002836042004652172,0.0035615404667071835,0.006320867383869588,0.004503722696642609,0.006692955767715072,0.005183863451120397,0.0028484333925669044,0.0033918113799374654,0.0018907195164301529,0.007972973441400933,0.0039833110103189165,0.0029705890299831397,0.012132856554588442,0.002366430530074212,0.0022846006215206114,0.003978014295424988,0.003894135277394277,0.002234635792436591,0.009798600033598975,0.0029587746016999364,0.009633299246215851,0.015038381572235998,0.018092538257514182,0.0024255882200401773,0.00573900108580738,0.0010327587942928229,0.004962643767284383,0.004281141714194973,0.003441120974411857,0.0030867749093289767,0.0031939353521621026,0.0023570597580912685,0.002109634205890301,0.0052902499372196425,0.00498044434837769,0.003876664966747128,0.00439557930084081,0.004194297335535363,0.0031385188799793657,0.005943143723664236,0.006604284337105755,0.0017112354766567783,0.0031211889020328573,0.006036377759708221,0.015940316946374627,0.0021422632014063215,0.00844312926437304,0.004827685491337553,0.004861057604271172,0.004581413343310991,0.003785333878533982,0.00631348730716158,0.006213072991648462,0.002979886259783567,0.006887553884985051,0.004035033301250727,0.004483194807666368,0.005111651046981186,0.002427850630966324,0.005695048690531337,0.004709635474718151,0.007163284220756228,0.004593332054542057,0.011213187913523248,0.0026301677062925744,0.0048714292312960475,0.004300531734064371,0.01666826244315348,0.004629937922672438,0.0057512923066105615,0.0048264757726160165,0.007431956892324253,0.004669839723601162,0.0018871383074179123,0.003131696034375236,0.002927073178477217,0.0041553273537718455,0.004312534272964515,0.001880590800016988,0.006749327999795535,0.004491964352985557,0.012692330685666173,0.0023313097464060396,0.004746285217657432,0.00960709264760554,0.005785542825657602,0.0024509949996153494,0.004084127788464158,0.0015974724633999067,0.003685046914523155,0.009934443887440069,0.0052119825755431275
3567,0.009054031348377026,0.006298828598967284,0.007205630116051404,0.007621748231895661,0.004156962377974955,0.007056445780009144,0.007369834664736869,0.00444008565516506,0.005986151286136118,0.007074180448558851,0.0024338091870139186,0.0028511018543040676,0.005553242090167878,0.002754474876425991,0.009073164346331382,0.003659542165186776,0.004166441828607677,0.003364683651495857,0.0025257692616774065,0.01078472591759501,0.0041539125979023865,0.00403795001692326,0.010564040960072428,0.0026184593716652546,0.0021379056158157533,0.002489445857771668,0.005462314891783621,0.0027236835731286432,0.008027995654011433,0.0037416541891497866,0.007903615781099362,0.016519743481232748,0.01766531139697633,0.00199949163977675,0.005457018865242106,0.0011695344953741858,0.003357573578714662,0.0035759677195873877,0.002727567587426633,0.003213079585544351,0.003344580015485078,0.0023548903028640135,0.0023412623938710705,0.006176796010463323,0.0034570953870289617,0.004708017373747657,0.003707059631424983,0.0037678207797501827,0.0037079883434431387,0.006468734870069591,0.0038839301968510483,0.001773412404008872,0.004008222090848697,0.007168980885738227,0.015129452564739932,0.001779309452288645,0.009065174230303672,0.004017752850225066,0.0033672109138024944,0.0029235836048204754,0.004109336267005315,0.005982757628719527,0.004178836402552202,0.002994029126475621,0.004362075630370867,0.003680306236723192,0.003326844317239951,0.0050230592787682115,0.0031893432069108325,0.008205991098420655,0.004000616804003779,0.007055885933161117,0.0036705704922532067,0.006802848116195128,0.002473093918446174,0.004750255477268439,0.008002686752822286,0.014731126443792588,0.00380552599023539,0.0062716152540559,0.0031662910111871223,0.005539596171159829,0.0038749590211279005,0.0018367767307335913,0.0028810390204030774,0.005239374186745488,0.0035695548514904428,0.004133511727710972,0.0029594164169102024,0.0052432999608284896,0.004937729757707682,0.014958046177999455,0.002004298636883687,0.002580319141190338,0.007426318759481121,0.004732067543554575,0.0021470731185121456,0.004657685979258709,0.0026671728868225583,0.0035909498487071323,0.011630030430543774,0.006113613231611356
3568,0.010047807134268012,0.005204211356525889,0.007874022207956018,0.014903428252940297,0.004135425930851776,0.0072289092749177174,0.0072814402005589975,0.003781890480889077,0.005680237703153991,0.005990129888314291,0.003636285488232466,0.0026928448998164807,0.007221383855484047,0.002339825488137132,0.009747697336569813,0.004324644731114523,0.0051629672255473135,0.0039611784571985005,0.0023716124203457586,0.007769159562327582,0.004905483704391304,0.004033788130971262,0.011031015280691276,0.002911786249051104,0.002487145382635084,0.0030251511154498166,0.006716461152786187,0.0035272996217817925,0.008324566446658143,0.0033319061226741694,0.009813783811561552,0.015660707165016073,0.01816487573331783,0.002086027602536872,0.005766151338524533,0.0009741576951978801,0.002467718133406036,0.00307826927880727,0.0037061296574313475,0.0038213928460963933,0.003958835700387555,0.0023359269669131423,0.001857803400885504,0.006255630106752523,0.0040207969028906235,0.007612180200837913,0.0028674903590778004,0.005260220513794573,0.003453156729791209,0.0055549500312291646,0.0029638950125670015,0.0019246300094591462,0.004903439436917332,0.006858337860550661,0.014772735414294537,0.0017571594430423158,0.009067962130753417,0.005187563303588528,0.003155577634409424,0.0038433650890068766,0.004299579129949239,0.0066346755553002,0.005295348555477546,0.003096567725524228,0.00474347674411361,0.004251410367786483,0.003300685641921594,0.0051274313662490615,0.0024367238254666733,0.0071925075116922935,0.00413790426130733,0.008678393977307486,0.003918821399975687,0.006164345065241745,0.0024124184929626984,0.004882675685774534,0.0076372197089682676,0.015333905370655803,0.0038870629757570786,0.004464673575089083,0.00429770039886012,0.006588969515655329,0.004208992870207761,0.0017017120915073913,0.0028337160156724772,0.004665317074179478,0.0038240453777714043,0.0031501858485506536,0.002325675091625737,0.005740406672032981,0.004647513356054553,0.01746114170403095,0.00165736475884215,0.0034870127110363447,0.010031072715383034,0.0042627834448318806,0.0023567199493066122,0.0032875997766685307,0.001820083112898246,0.005903454641020037,0.011501563193747628,0.0050067876266091365
3569,0.007072127106939387,0.005363140166708298,0.005986888870177689,0.01324338492531114,0.004077484966962887,0.006233236456410339,0.010245338302768173,0.0036873820819926266,0.004455032370419433,0.007010727098338343,0.0032664728305353678,0.002357723529174382,0.006330433384787893,0.003089671509401975,0.005897841396053262,0.0038166281761495154,0.002735260262869322,0.004885285757404662,0.0021943132056128647,0.007832098937792648,0.0031814320870715597,0.003192550869065675,0.009848449537677138,0.002700339583005081,0.002194341940703537,0.004375090403075423,0.00786405891473029,0.002805045276489952,0.009003740621025299,0.0032352488362365744,0.00730737297850005,0.0147988315331435,0.01351183705364816,0.00206827798343804,0.00554126806737234,0.0012707507732553568,0.0025666301656612394,0.0030249972139245857,0.0037922130865333595,0.003080512745560521,0.004347679919725977,0.0022365509322320384,0.0027473535847891274,0.005731026022361322,0.004498731983224343,0.004704462279449461,0.005452923601933139,0.003931908603237506,0.0032493710228692426,0.005579908588487646,0.006547808943628578,0.001932728918076879,0.003385273788570467,0.005024526624515019,0.01403463092568978,0.0032561359016992793,0.009539787621748154,0.003561375448206359,0.004085285787788666,0.002778813770800331,0.006779235229557401,0.006962089080632521,0.0054801199587605634,0.0024623352085589704,0.012887681865019238,0.005208660761784857,0.005106508180368846,0.003499655747698633,0.0035606226873515254,0.0037998139039711106,0.0034346138507827953,0.004248073516130132,0.0041584674031897575,0.009880290242962195,0.0024906219277389618,0.003755642433550069,0.0068867434546481645,0.011825443115583084,0.004136268202442533,0.004261371367569436,0.0036979229933445873,0.005407644201656141,0.003598788711207622,0.002000661309640616,0.0034925037498155617,0.004745213209289172,0.004688302512952583,0.0034536130786417493,0.0021828936670647454,0.004884154067574174,0.004856241831159292,0.018685071387606455,0.0020514112350762184,0.004174625255628462,0.01104093827029495,0.005323059702595936,0.0023082310217589458,0.0035172908302406086,0.0018424932813353235,0.002894456141568163,0.010783621710770417,0.004382723031810955
3570,0.00681808346661207,0.0043725155889380515,0.006078044527106061,0.010737513173493973,0.0032340490747710103,0.005600364671215759,0.008830071578509015,0.004245075428194815,0.006222506802433527,0.006235982947736957,0.0030394352354227217,0.004380426619500805,0.005817343322776856,0.0025496278050224155,0.007067844453751346,0.005155836634987626,0.003208326081404358,0.003025754338108673,0.0023840975404534393,0.00702817034294214,0.0024924456904631305,0.0028789565558524823,0.009722594345169778,0.002475693099409369,0.002043198204062418,0.0031799679200123095,0.006968014148050078,0.0036612788337206026,0.007691155714336913,0.0022915841203495443,0.00617284042781377,0.012775107426155213,0.017282084769918923,0.0031827502989838765,0.003842401218909563,0.001427699703597403,0.003285219566930506,0.003756846374956457,0.0036086592343775583,0.003714995241758811,0.0026463854689850515,0.0021879638106344023,0.0030440612244565985,0.007009061866880106,0.0060269253705841465,0.005477415529273817,0.004052812738576837,0.005694345263887768,0.002761565814749436,0.00930423709245142,0.004809856063508184,0.001903554112029805,0.006632287150308229,0.005162313441962346,0.00525990811510531,0.0025022936142653695,0.008187854287836908,0.004242589770673857,0.003255280551596793,0.004332744593421164,0.004456956458658921,0.006197182956016295,0.005102411808001363,0.0035324968497098598,0.00499146581087605,0.005588734334425442,0.004411439525475692,0.004299266771597246,0.00233391609963716,0.004402373926324924,0.004358450444192381,0.008398282106973685,0.006051243718419992,0.007210886746893187,0.0027660386747298854,0.0030411230950125228,0.005680128970779171,0.01608426335639547,0.0036155892247409795,0.0050475327495011595,0.005436316208268818,0.005302133806943642,0.004907688001127483,0.0019136415218263497,0.0029181330807511994,0.005133702896471792,0.00429515499471128,0.0032252475710825164,0.0016833291287296282,0.005939332827018701,0.004784884506273916,0.0173462321184253,0.0023487914653537896,0.0033515932224681263,0.009163869633021904,0.004277541817314117,0.00224495392950842,0.003638745777250374,0.0019323549646885234,0.0030488988647884817,0.015507921465371994,0.006294335701848224
3571,0.009224496321107554,0.006248087400422808,0.006686156912212437,0.017768516361368655,0.004166565824399478,0.0059050455091462055,0.007373695329302119,0.0034610218474954817,0.005205683715918048,0.00481395556680123,0.002204214737740442,0.00417824046532578,0.007561703551478925,0.006427316691302592,0.006663907657908492,0.006515401302058083,0.0037167360456022446,0.0036180966582195864,0.002440409522041142,0.007774413623879499,0.002683927494153026,0.004885816977859031,0.010030487763153711,0.0019732912718198954,0.0020609120052532686,0.003605401060703746,0.01325081992464937,0.0026767624000580263,0.008767666356081087,0.003809984581429999,0.008955190504476913,0.016060016133837493,0.013583607919011883,0.0026449983996705093,0.0038200815972211717,0.0012631493701357136,0.0039623550424434,0.0036095759058574718,0.003964745413519164,0.0028256629584882866,0.004559638238534234,0.0027230523208712936,0.002024646300204864,0.006009042442636086,0.003075262149130659,0.007933627549432611,0.004147071903934033,0.00604314901251102,0.0034000672959224776,0.005409019814449435,0.004388971417544241,0.0018889882107532125,0.0034654992569217876,0.01076068394953982,0.005857016569142962,0.0025208055773986277,0.011672832304886496,0.003998679565353007,0.0031455413630866185,0.0031390844683454673,0.004655567433889952,0.006395891118357678,0.004102804888139438,0.003802589030342786,0.005834897247295808,0.0038170789028062514,0.004072566050788915,0.0022063168937603603,0.002740198962260839,0.008514050085034202,0.007217279345100594,0.003791379503047379,0.005486924111908157,0.0041244614339907976,0.0031817042571555118,0.003429675029814174,0.006700155312899574,0.01357110592951241,0.003048605881406522,0.003432877918714691,0.004152900963600855,0.004835945587888129,0.005411748427758612,0.0021597523307887016,0.0033912395075127344,0.004948504387800318,0.006573937443679364,0.003240061180547244,0.0023673880685972384,0.007522499304128592,0.005775371857907955,0.01709252636628485,0.001811305015048041,0.004146049201299691,0.006894127064532879,0.005651998802670227,0.0027399677776277056,0.003988679111412624,0.002652961513809786,0.003841542326598669,0.012855864916703699,0.004611109751611396
3572,0.008947677907537767,0.0037735753648459355,0.0070735922922912,0.01594333306453166,0.0038584697281730824,0.0057488253423011075,0.007604488922279959,0.0035780607999781797,0.0038510249542046382,0.007260139344689515,0.002056044475764782,0.004049879044471771,0.006092639258688359,0.0030976105047944486,0.005467572467133197,0.005508524590338227,0.0037795350356027283,0.002771708692491746,0.001940387116926441,0.008741338195006366,0.002482668086798575,0.002182965962153352,0.015148578984040047,0.0021387982654163117,0.0017328650720263136,0.0044563392154144815,0.005192887499571738,0.002943882381611944,0.008700896698239731,0.00236166008530647,0.0065742537512993564,0.018177316324382825,0.01694670493536153,0.002803825917449145,0.007377266614026903,0.001383920484274176,0.0027721862308748746,0.0028207209838073634,0.00318563370609524,0.0028887684730099644,0.0040276383621545946,0.002653274891844822,0.0020333172906632363,0.006252201890782163,0.005082594518145395,0.008425772912744444,0.004803423310627296,0.003296627474121633,0.004020125756728337,0.005506718596340526,0.006559945083867756,0.001749817516410769,0.004911684446938876,0.005617904539559206,0.004988678625707707,0.001970369445513751,0.008225975865585648,0.0028575751438770485,0.0028568532782247053,0.003420877358298241,0.0030393945725199698,0.00619055971945824,0.004485643956396109,0.0034065510503119285,0.005907088679547369,0.0035459701080558376,0.00531851490849376,0.0035562458094528008,0.0030830982516534176,0.003959713957662259,0.003296413178309962,0.006077864110045407,0.004414407099537362,0.008784808583967416,0.0024669620917513457,0.003784233712438162,0.006881657068369473,0.01477676386953716,0.003705078348238688,0.0048811590886754415,0.0038249210671974405,0.006513481609934654,0.004690531583208975,0.002204643939273081,0.0032347658522261413,0.003580693524840001,0.006159930505567863,0.0037980193652306705,0.001891798276983396,0.00790264340509948,0.0039021443324693886,0.018739524354924774,0.0022167818483303505,0.004554726852021711,0.010982048570230347,0.00481149574156022,0.002685171657396006,0.0034057898536413818,0.0014600163325673805,0.0031029926040109785,0.011333342816665388,0.006187400255696898
3573,0.00815582877114555,0.0044699812452896615,0.008111241459750299,0.009105435648636433,0.0035800568061575473,0.005154060693623023,0.007861628161814937,0.00407853727740824,0.00562584266855928,0.004713674630081878,0.002394107639144199,0.003553583288224938,0.005176457351591019,0.0021353432957571627,0.007293496497639717,0.003230249396786357,0.007146730037247196,0.0031151294806768433,0.002418243275186052,0.005895493286720735,0.0031694391420725603,0.0026214580455424805,0.009996603654433174,0.0025627232247679675,0.002486107720864885,0.0041267583518010695,0.007329760180826064,0.0023513400708090235,0.008953977429957079,0.0026914150339750337,0.0065120616367905625,0.01539227286725555,0.014318159824239939,0.0023102507179215094,0.004149803274876234,0.0009016913511773362,0.00333500796051708,0.002433302879391674,0.0027710025391886337,0.0033048757780888153,0.003562976335841684,0.0035779697853655945,0.004979635824615556,0.006108992633056994,0.004634908295428018,0.0074661134541060764,0.005296059728390015,0.0037056252594219272,0.0036621296483860884,0.006339766416086779,0.004325294426934436,0.0021932771393487088,0.004083734539952013,0.005472295155704897,0.004942168911731148,0.0019046521673768023,0.012808168137717272,0.002425112166367809,0.005082020705199439,0.002874493891817844,0.00535356287236329,0.005205735325784656,0.0032974957631066396,0.00298035138547517,0.005940199536301,0.0039321334452979305,0.004427333191511368,0.002629345937309352,0.003129187750438935,0.005144785268703389,0.004334894960926981,0.005913368152960983,0.008181205658623432,0.006779240562189602,0.002855042280521494,0.0031060995139909914,0.005242116073149415,0.013070353026801389,0.0032060548329000834,0.004964395172060215,0.0031676058362399384,0.006560659012864551,0.0066082805448958535,0.00207519874541928,0.0036563191232237137,0.0038614375276104372,0.003241846175906693,0.003656529596257842,0.0015481488362487287,0.005086465955663503,0.004356692904912452,0.014947789881021148,0.0020479852787674857,0.00355593284969385,0.011031292271697581,0.005985805866356799,0.002485846228428475,0.003134720173165515,0.00258188505612723,0.004106947325421502,0.010170127928922763,0.0068405654251746445
3574,0.009715875903735481,0.004080790564466666,0.008964661384216605,0.016858746589248488,0.004195658440931569,0.006690970296770119,0.00824355800333941,0.003989235238862949,0.005222206084619425,0.007206651096464715,0.001817991495530229,0.002671249834593785,0.007342100200235857,0.0035001906650058956,0.006146289637206131,0.006162349011783624,0.0052027136321094415,0.003879404400713702,0.002428295128323503,0.009277998497287013,0.003084294947050422,0.0038272738982518327,0.008007215940179214,0.0025397362985375704,0.002008042387224757,0.003792043497826593,0.00971208604703084,0.0025809710728982825,0.007716893715967086,0.0033147702647807454,0.00874070887453703,0.017092613824240918,0.01919126096642868,0.0020464802920717126,0.00468750790659142,0.0010313261280233512,0.004592566028461145,0.0028480810716084892,0.0021875412222513136,0.003418026372656086,0.004152012464338611,0.0037611765360435036,0.002455014380756444,0.00668289681647877,0.003385221683550376,0.008839872554865923,0.002732936568437696,0.0059307470421903945,0.0027191417654320697,0.005416049125222876,0.003804025120083489,0.002450956250324321,0.003638755055679065,0.0053182572931530885,0.013996974469492732,0.002810394667389498,0.011575850384754316,0.003539780768590571,0.002354749640189507,0.0032698136507981783,0.0033464218905299437,0.00614570046965166,0.0020286875941845474,0.004249148465025138,0.006688988646615581,0.003515544878075912,0.003270271734493912,0.0042678386189656,0.0029043447365724065,0.006349300253227545,0.0038571204276803103,0.005811133514160627,0.004456519306986551,0.0050016604034402974,0.0020123447955768255,0.003917488843088236,0.007096104253747011,0.015739280033722762,0.004248957494538928,0.0045569964138776915,0.003400711234565667,0.005056454718209773,0.003851192089455,0.002067059778970623,0.0029037700535411407,0.004876584865068575,0.003912422628458379,0.0038478070454774776,0.003214321414671103,0.006290471204354594,0.004471666668696615,0.017380996258625377,0.0017479974155851009,0.0036622181772570815,0.007751277744613104,0.005757349963242448,0.0027875105875101174,0.004040777252677855,0.0020862732703678458,0.002228597818844559,0.01272284672794452,0.005403831349100615
3575,0.01042659574262898,0.005314763615677509,0.007287498832576449,0.007664256316963205,0.003675179560193541,0.0065292917108028085,0.007686043802614018,0.0033115321392279563,0.004755902400426409,0.005061694011653877,0.0031355918344093065,0.00286706567392881,0.0072419628875487144,0.0029769022806176142,0.006779169352850246,0.004856751717628271,0.004498733578026201,0.004701573726119614,0.0017803582122612042,0.006203809663400847,0.0030793950147613423,0.0027563522608519218,0.007640182177772011,0.0021910743971211054,0.0020809691228518097,0.004940648039872742,0.004671527749817116,0.002799949252294755,0.010081535846540372,0.0019906671097660762,0.005373407463778632,0.012211958774524006,0.014071395694297245,0.001887615933721056,0.0053830076397973735,0.0015178484323897282,0.003766318176180794,0.0027602518802482975,0.002715092102183621,0.0032246848639366182,0.004222981663210464,0.004609526724438159,0.002082758982138119,0.0076132333031675445,0.006101765296803609,0.010303787364876447,0.0045360351631935775,0.004586832765788154,0.003512248013388695,0.006239714595649446,0.003254447343864524,0.002426158962122126,0.00525390682459027,0.00515683988997491,0.013637221040869254,0.0035067579717504706,0.009955419473911018,0.004744185580657957,0.004661882443941891,0.0036716721969247013,0.0040281380855508205,0.0059391745232095375,0.003986165421582629,0.004111257121242458,0.004983317478927149,0.003501079487132442,0.003957801263584119,0.003946824514965004,0.003034697480494827,0.004367149450547053,0.0033613537923479733,0.0054551985183784206,0.005170481316816767,0.01209674812877284,0.0025755841415156413,0.0038187099212981753,0.005917703883670472,0.016617710445978155,0.006418633131282339,0.004775708166718092,0.004454284584097432,0.005580297161654638,0.0033733418735565077,0.0020243447842427176,0.0029265139384533666,0.004224177023501049,0.003206418127694405,0.0029979744666026762,0.0015869363317473056,0.005135265215819145,0.0037575218834846875,0.011690815291772958,0.002500184103932996,0.00312386722101909,0.008205412833494538,0.004730589891774971,0.002448892455994461,0.0029189668101273145,0.0013412578738068051,0.00372353113041623,0.013677791155590157,0.005039230913489276
3576,0.00826987240103009,0.005273750248738845,0.00817263392035252,0.00978406562563684,0.004909524125861405,0.007241967627796029,0.0078843026317893,0.00447216202820589,0.005202600138346929,0.005492228733009504,0.0029800178093772555,0.002689981126245214,0.006797427113068879,0.0029245566534734663,0.006242526664419972,0.0058185681388701485,0.0036098726123341735,0.003964049875820826,0.002467106282125796,0.006196301462419548,0.003577181804861451,0.004557115976798361,0.008747193728303683,0.0027053488198154115,0.002343455811910232,0.0041460631751075805,0.006158091563538102,0.0024501488431665436,0.009699164068371959,0.0033246710255218424,0.0073115624716922414,0.014904471782996509,0.013194038562079673,0.0021836052379024746,0.005005983578423941,0.0013815128849965232,0.003570485763063807,0.0022611945332415666,0.002886549737912596,0.0031993063860105433,0.0049974006586790505,0.005098561763531905,0.0026248785685690666,0.005971766018972246,0.004310217646587229,0.005734915225054168,0.0043738619987053395,0.0031215753958655627,0.003401084117289729,0.00624087427214176,0.00327356180964154,0.0022732299189790906,0.0038628297327811074,0.005834652266631002,0.007115587747105474,0.002514089671813376,0.010733954226677788,0.00562248350267625,0.002861745146569902,0.003678179531600995,0.0035668677830266683,0.005404651278301239,0.00444002360676183,0.0031054706354947397,0.005202808650627583,0.003939323898599738,0.004392562828737377,0.00350309086418824,0.0019959429109487558,0.0050664523511298265,0.003949189985587933,0.005125435210990202,0.004292125502958747,0.007100461651875864,0.002242523852016208,0.004301651569211925,0.00574126078595975,0.01470227879933235,0.0038790903316562645,0.003737563360845274,0.004413521097644383,0.005619527917618339,0.0035603000845964602,0.0022792774040465242,0.0028178939257241338,0.005357733693205039,0.0035617700487979497,0.00314031477012821,0.0018998159692238542,0.004480961787898817,0.0049483876149891155,0.016240170305199184,0.002745275090241685,0.0032471403742742465,0.008099878445264134,0.005485715957598866,0.0023206061118323743,0.005410350717752238,0.002555757212480414,0.0026564875475174323,0.010793505317923018,0.006111093224940086
3577,0.010631600241224051,0.004066891197067152,0.006866727044869546,0.015070634941153198,0.004743143436682593,0.00495368299951117,0.007349746702745381,0.002166950989425123,0.005252739139211988,0.007055152035992507,0.002845176440307521,0.002738792535736579,0.008372601678301008,0.003101830403204272,0.009421539217531026,0.005749723597001359,0.0037554832301391256,0.0038922741295723657,0.002473377792561804,0.006972052764943739,0.003063076183353483,0.0032339175518684335,0.007133602716021646,0.002464096582089248,0.00212048896948572,0.005790772793414667,0.005913204255958279,0.002385551468880137,0.008486461511891016,0.0031338276817207333,0.006743436833665333,0.015131714088498484,0.015933057625583627,0.002447659203723377,0.0055296810278243295,0.001066760422849305,0.002573724645716011,0.0032528604036800544,0.003191878000482226,0.0029357993344085102,0.003489655798749388,0.002547942620959933,0.0020105371508268312,0.00672360447068035,0.004512340225159453,0.007349506144281239,0.004705407121821956,0.0038379815217910664,0.003184975656331374,0.008090976671525441,0.003239918189140387,0.0019010460122766031,0.003910730080991047,0.0066288820436542426,0.014378146389334741,0.0017609749126968424,0.011291938845665584,0.004228671769346865,0.002843735616181165,0.0037669253245387465,0.0034519409002466157,0.00593475382454521,0.004053802384111616,0.0036418389426522034,0.004281820126771308,0.004662200984844259,0.004017471810861283,0.004065536980325585,0.002500250625313544,0.0050179359392581065,0.00351450133481171,0.004206477555240705,0.003763576740349367,0.007801024078246777,0.0022604979133354513,0.003565779736422141,0.005542240412366442,0.01461450643567116,0.00442709341725008,0.0036248661721024608,0.0049067191159320985,0.005007699164489762,0.00437452646274194,0.0019167676118190882,0.0027557101493425854,0.004996837783430809,0.003522969722643815,0.003321863640230632,0.0016540126539167218,0.005620455621417229,0.0043481036570904704,0.01377394399092498,0.0023323910107995957,0.0030483423034277164,0.008279482700362667,0.005126525207173086,0.0021645127596055503,0.00401771454428199,0.001653931007042839,0.0022621602752508564,0.01190745610156459,0.006326839465000183
3578,0.008254144382494806,0.0036352973296563482,0.008489938383100906,0.018333256561795377,0.0039980042969559116,0.005268379996997613,0.00858756967742441,0.0036909751251827864,0.005189910839519704,0.0057099160359867585,0.0031119955280963186,0.0030959617362120474,0.007329893701277246,0.0032864981170084013,0.005341335439000685,0.004983029005022093,0.0042114570351112005,0.004369105830675544,0.001579096588714595,0.006001468542498767,0.0030346470833846157,0.003026519627444031,0.010069172135706137,0.0025648005572416126,0.0024258601898022054,0.004821817548078273,0.008034681191902728,0.0024591238429192783,0.009103695472136502,0.0025896735484218043,0.006142260659985213,0.015178948974326612,0.017446696914055294,0.0017655081299573162,0.003606645857604836,0.0011268188578610519,0.002903341270447698,0.0035177736091553603,0.002765746229633177,0.0032745368469182076,0.0035715177458454815,0.0023772522495914983,0.0020914811740699746,0.006315665759084458,0.004142636110683765,0.007505746494604545,0.0028965345722079465,0.0049301133987079675,0.0030583589804450426,0.004655530970412743,0.0018011000375940537,0.002034459489608839,0.004515981292014988,0.005543527898839826,0.006058012487882707,0.002569328099169263,0.008325262065395328,0.005378584446919988,0.003706006972540981,0.00420782372293726,0.0033147814947798323,0.005054656351247247,0.0041117203946136925,0.003613616170673376,0.013037568036575343,0.0041141121603955845,0.004274578039421804,0.005260714225947192,0.002242692830026232,0.004159674792632307,0.0036161756797236473,0.004782661618775062,0.004377933161065114,0.00956586818169381,0.0023487802505004767,0.0038608405483299677,0.006110831704678054,0.014097332371125267,0.0038331950420597994,0.003838683913161768,0.005064545595105953,0.0072700043038063334,0.00446318657732815,0.0021465885244128045,0.003321869013731983,0.005402478412640252,0.004850725975130169,0.0036841502779987926,0.002221794304362835,0.006112685167252123,0.00457918680741831,0.01801036905737135,0.0024060400760905374,0.0037492410630624706,0.007510599657159728,0.005437555674670345,0.0018912783301434275,0.004480702713130844,0.0017208035964458455,0.002670462182023254,0.008633165317186577,0.004398813309413221
3579,0.006977206040953989,0.003615335330949612,0.0076459902437812826,0.013758875371902063,0.004629894988963011,0.004797197777703852,0.010472406863407821,0.0029373483039093974,0.004934629665480722,0.0074377176866596735,0.0032714647871448644,0.002381239426665961,0.0068596595367308826,0.002517552386427489,0.007554080250451463,0.0043014864333802685,0.003023775448710911,0.005563719237443763,0.0028523114103785837,0.006677781471051464,0.00425996894232511,0.004483533250871624,0.008497661625762168,0.00303025704487461,0.0023849280689649402,0.004357854608198045,0.006902875497769894,0.0026674144922377648,0.009670508853003608,0.0029386030728493803,0.005694919966228092,0.01478669708160559,0.017958475936130466,0.0018617101848829776,0.004205018439276538,0.0012603466763161841,0.0024671108745706223,0.003007891353444272,0.0034162059475912904,0.0030004282099597847,0.00328144806131123,0.00224133216210054,0.0023869645991604605,0.008716643803630315,0.003104043082593826,0.014551159248735825,0.002886281393063295,0.005177227458521566,0.0034590209508929574,0.005421782480123883,0.002627847517066596,0.002262916341929029,0.003975068330594346,0.006301342298655321,0.006485656512298509,0.001616434918081015,0.009959617906036082,0.0036344904959560677,0.0032715970986639154,0.004530097093592512,0.003189208122506833,0.006658387246758817,0.0030554546892550506,0.002949390379169357,0.012448269759770309,0.00512545647841267,0.004288913454686055,0.005247980375457731,0.0022953837059680265,0.0044029317599610495,0.0038668069176774275,0.003720396100191698,0.004505623338296622,0.007591592921800939,0.002378065458834668,0.0030768866052021935,0.007237602647928602,0.016908521734492452,0.0038464030510489645,0.004478917805991175,0.005058682631574179,0.007122721668633791,0.003153556336791685,0.0020657264929309148,0.003604140130095785,0.00579083946234925,0.005361265197926118,0.002869273590862117,0.0025175061207725487,0.00518313445446369,0.005179665460827529,0.018927095233502614,0.002226332270435901,0.0036975399967352158,0.013397960371203102,0.004948444073428195,0.0017901687975230183,0.00428477126260947,0.0017067857855428612,0.0037419064959119193,0.01086980008028429,0.00564109627096048
3580,0.008603144975810946,0.00505774877853354,0.0067310232297148,0.01500830264794899,0.003718531676471813,0.00696919882134971,0.010857372109458049,0.005184450477964926,0.0053465175951532004,0.006415034531682829,0.0034678311795727805,0.0033744575262173713,0.010526132938600377,0.0031785164380732037,0.010467187844866463,0.005036502591017774,0.006587667687930677,0.004372385473131707,0.0022147361144417652,0.006355702982991819,0.004125666579836648,0.004540898358536331,0.008008362905413437,0.0022274218338286154,0.001829809184321674,0.0035679431873555166,0.008694490515319106,0.0028980003440398873,0.009494002725437586,0.004130855418749087,0.009339477012266461,0.01818314223384902,0.012389098191629923,0.001567142986169762,0.005304472127136764,0.0010441835063507055,0.002653487037560172,0.00456844224570674,0.004723923972875964,0.003268927790372133,0.003184577096540175,0.0025565955077064837,0.002152427495483078,0.008089279654040545,0.0035078839320732383,0.007072422412833366,0.0028125376853691095,0.004685010669886804,0.004016084964845194,0.0051139714378057415,0.005169548334704929,0.0017443949350011497,0.003746588980895678,0.006894478844388338,0.015146645654623758,0.0023581030767739083,0.012582366820491868,0.003907315066838782,0.0033133622712251923,0.004987613359378179,0.006339980734957994,0.005537672768716876,0.004159252704522632,0.006681014729925935,0.008002478080859987,0.009444260251832405,0.004118930682298282,0.004879468195035785,0.003272084886574971,0.006463188551045369,0.005629910747657593,0.006314600142986467,0.005351712117785147,0.006085632236827447,0.002967766228678097,0.003555631171905487,0.00708840151356593,0.01761765112547052,0.004247728555377842,0.005538698579512317,0.005887488886799666,0.005473933809317384,0.008720667095960295,0.002113819903721636,0.004132597971545275,0.006027353563354545,0.0043351672278082376,0.004356255818947647,0.0021259196936409,0.004405536084930208,0.004793052671001461,0.01787684373495309,0.0017965827469226118,0.0031588194736285823,0.010565951610710287,0.005567043926295918,0.0024734767253503237,0.004604042100222139,0.0025272420650176604,0.0038652344932094663,0.010309670956697478,0.008013013405246475
3581,0.008951957100705935,0.006284440170753768,0.006406593557980667,0.00899201722597809,0.00449211994076716,0.00872708240103106,0.00841327003384628,0.0034877177006647185,0.004157050197465734,0.006529223221382947,0.0029801663273179486,0.004146419924832658,0.0063235606849204465,0.0028712148704395546,0.011297401578928837,0.005196669155584432,0.0057874573341582655,0.004960883524429458,0.0019373755485595774,0.004635720193129904,0.005086692623969281,0.0042613320705981875,0.008297511522669556,0.002436689368963762,0.002114817251586039,0.004734598704679697,0.008221400160389586,0.003145512290420974,0.008349795046063117,0.004338894462627991,0.009550262075162663,0.0158557858138569,0.01742544259458319,0.0019925671541730547,0.004450050882408542,0.001291811179977263,0.003503702777947009,0.0027592225886166398,0.004282755250199664,0.003345260019047335,0.0035043046229663384,0.002236592765764343,0.0021474485113894665,0.0072746298964988625,0.004241770706761036,0.006538209742718277,0.004975450139978058,0.0028848121316933854,0.0028616389671547717,0.009105319758094019,0.003999272101052516,0.001956544626493426,0.002598445799040883,0.005139860511093083,0.019123228979434494,0.0017324861089687694,0.010792430957670284,0.004145265500065028,0.006836444733690084,0.004032699945829891,0.00616177040672527,0.005278550523402673,0.005940997785723151,0.004518056525158668,0.005378812413176898,0.009551142550284381,0.005568700512562796,0.004978442999980859,0.00263018602186873,0.00719244165987672,0.004926741913433193,0.006223653933539706,0.004287190255479191,0.006872587750385885,0.002999578795783796,0.004637331312175576,0.006509638896201792,0.013485536720024643,0.0047085806209877035,0.0048265917391679975,0.005012238613673226,0.007275407337541596,0.005239086673238897,0.0022754624686601417,0.003742361520104116,0.004839316032486626,0.004015317756562935,0.00406465567917483,0.0014799252806423702,0.005126084919941142,0.005954265437722986,0.009934728843429186,0.0023221557458807276,0.0041230502624030685,0.007554233138690639,0.005622208190262865,0.002214061670737265,0.0053774842516066,0.002656536884145289,0.0033152399560667234,0.011643969297472823,0.00580419345458419
3582,0.00914023081356974,0.006308541303824957,0.007688297645247503,0.005981829919431677,0.00457127646590178,0.007889269605581272,0.010197295964473486,0.0037506440494547003,0.004686233497529187,0.006165697024365741,0.004634902304459343,0.0041666692904300745,0.0064163054544305,0.003775191118425388,0.009438741739384644,0.005379080336801053,0.005512358909485973,0.0038323227488841006,0.001981900349155566,0.009435805180322911,0.005091530861582208,0.003217342716574035,0.010695065072081214,0.002240790634945812,0.0019701034651834243,0.003314922675714291,0.008519100529954114,0.0032533366175536028,0.007607432839259278,0.00485612230963529,0.011259873534233007,0.018357283463406707,0.020241774438013588,0.0021686867519059563,0.0047597392864339744,0.001127986826715325,0.002874745530240824,0.0018689858096609098,0.004493077671154559,0.002844861784522423,0.0031979749249099283,0.0029626051737754225,0.002437818822627943,0.00776764280569658,0.004064432144358008,0.008554904220871117,0.005094499667707985,0.004451645616499497,0.0037236864573676046,0.008776293435559312,0.003903744206881224,0.0023840811440484773,0.0026494004091929305,0.005486448476355734,0.015212784097980318,0.0023290109992842494,0.013682750581506108,0.007766277986740059,0.004383011934766854,0.0036103948229706004,0.0037793531269566813,0.005753476448911203,0.005117427040928755,0.007745158535667295,0.00940823994078776,0.0037611726656184463,0.003158789290356652,0.004065984248727123,0.0027515339875999996,0.0060109387730656084,0.007433161827523882,0.008931463782745952,0.0040434870697334735,0.008291345644609916,0.0028969724057826955,0.005588791405051374,0.010268988089221272,0.014643778398871715,0.0035156568073829845,0.007860696028784947,0.005479819677333446,0.006466156314441165,0.004253458822061828,0.0026001989150477144,0.0037427102035086967,0.004178133367181495,0.0038518365094730857,0.0036035868065569486,0.0017712617599619646,0.004979306080941518,0.005022452936951585,0.012561082710086963,0.002692748227726997,0.003391694482430682,0.012087771231839453,0.005288804863476552,0.0023360212068694866,0.0047425817060349805,0.0017417845286781966,0.0035358296055742963,0.010158416607364235,0.006037084995616751
3583,0.009791551512184775,0.0063218967312421975,0.006718857010699669,0.012992013088840609,0.004237424075201991,0.007345695814688711,0.008544361841773238,0.002822192793469428,0.005456006771370815,0.008788648560904253,0.0038679110821376247,0.006181414163158994,0.008760585946988702,0.003799661928575118,0.007692778520131807,0.005237108792535184,0.004877992007266371,0.004644478097487914,0.002037830149959469,0.008145108912524998,0.004466101510558932,0.003591829348293224,0.010900354813889776,0.0022832646730218038,0.0021895973902145514,0.003748331652844141,0.009207708000203539,0.0034222822725874123,0.008908732955638236,0.004506843442143467,0.013308926043521602,0.012398089158361169,0.022054107687854117,0.003084786042639484,0.005677889677329124,0.0011120423856073526,0.0038447795960306536,0.0024479311301069872,0.004015150462881634,0.004076231255802522,0.0032557516977266368,0.0021725255931658574,0.0019405183491619468,0.005637734738248403,0.004524901039595393,0.008167499650525486,0.0041755402389128575,0.005464193638962067,0.003140445351804925,0.00709493527379779,0.0026548346247628994,0.002166197948453823,0.003135125545153529,0.006040208469536028,0.017324425415533033,0.001759655553708662,0.01017796597638063,0.006213917776468653,0.0032477121034197236,0.006653532760182353,0.0033792641956482085,0.004981890678479559,0.004873972769619296,0.004971390872600896,0.0055902832702033585,0.0048946551794252354,0.0036102012355169843,0.0043656225891212435,0.00299510622236055,0.008023163087055167,0.006085951301448652,0.006282333381728827,0.0036308968466875853,0.01050128504950746,0.0032342001798265152,0.003777752907543895,0.006380256460109759,0.01633692234685447,0.0042653701589946075,0.004033144594041346,0.004479318385589092,0.006368591387869492,0.004182747589326591,0.002395020404410808,0.0037083821722748937,0.004714903367432829,0.00593678111599893,0.0025948211013544294,0.002843150439854758,0.006923293894096648,0.005215064817579645,0.010915420196965073,0.002924161316603389,0.004544639237514739,0.010004787038024147,0.006442140844528391,0.00227720876520635,0.005063599513872612,0.0016948668443544912,0.0050158532019729946,0.014122576669814873,0.004929659119388577
3584,0.007898971270362822,0.007734147470534008,0.0066814901774828505,0.008211200494311816,0.006003562723142842,0.011044183691627282,0.007817146561982492,0.002370535713671448,0.003700607301658695,0.010434682265767447,0.0024676408001686437,0.004097744746259402,0.004330027576074564,0.002823376250217366,0.007181475153748692,0.004868188763108997,0.0024839282224379477,0.004209104996579408,0.0029189146425065786,0.007148304537139797,0.004940285516215372,0.0021520242020393113,0.013420372720422477,0.0025406088723861587,0.0011422547266041212,0.003067555187129554,0.008140241985471915,0.0026764392809482257,0.0050341596468706454,0.0027215732920535564,0.008673079554571764,0.015764829203283925,0.015134405891240649,0.0026050291026831597,0.003695470506392766,0.0008483858433146047,0.0035245352392274257,0.0016077202087308759,0.003372987522054588,0.0057882434984104815,0.0035180016788461214,0.002546949549523324,0.0017733414135928922,0.004975477912367036,0.0033611405395603667,0.009233094091497753,0.0032527683291228094,0.005312455603514957,0.0030535016720554696,0.00533088167277627,0.0029144072340102,0.0022786464842364136,0.003973310666647,0.005212252635358858,0.013741105356072933,0.001852172939680782,0.011639267147955422,0.004716129026365989,0.004461974310525193,0.0032006728314830594,0.0038643187620913204,0.00507622047100974,0.004530727088176874,0.005867588878491846,0.006157359688866736,0.006014637021934908,0.003474464357967767,0.003939839406635933,0.0022715162611868264,0.004698279271388612,0.008340078154731015,0.008402222142432253,0.006311555858459164,0.01067063724226723,0.0032453328373268364,0.003458197810007494,0.007014012353466507,0.01352393088571921,0.003509853372491896,0.0038148631609399414,0.008641365286126279,0.006052982010625628,0.003395265319107574,0.0018863846222665105,0.003490988477350639,0.005186443490488131,0.004024222427094438,0.003799624423993016,0.0017279498589748178,0.005043217813583406,0.004266151449453297,0.011194794335884791,0.0018010847886839837,0.004595158359782181,0.013053993968648304,0.005030948990336831,0.00514752067951717,0.003991861997331306,0.002800172015588329,0.003664626513463391,0.0053353483139802005,0.005836436453417365
3585,0.010648790945042983,0.009172245100019506,0.009116910990554195,0.019347883290902246,0.005352583157411262,0.007186314150849612,0.011426701418538647,0.003357775782448341,0.005487369220540948,0.008550926379142287,0.004545632454322858,0.003922323862142535,0.005277400778870359,0.003474453827654006,0.00929602833928132,0.00443258937684574,0.003153942256186907,0.004987871415045075,0.002863812710435504,0.012404839562696673,0.004888239013083781,0.0031930940557298127,0.011452419600102489,0.0035438414739252548,0.0019226873096430807,0.0027807801382771676,0.008099272798669486,0.0029090442126367523,0.006644379839244542,0.0031177101763169316,0.010137361107727158,0.012360300886973298,0.015968477085854742,0.003537836266484905,0.006297169180876722,0.0013726067097900648,0.003920468601378011,0.0021329037506806316,0.004039039169358395,0.0028914522880525233,0.004282834861117002,0.0032181171132553577,0.002225010854524982,0.005087091979527669,0.004323161739477774,0.008981585983625659,0.005271159825020342,0.005535679721881806,0.002862363073420447,0.008917929553973218,0.0034549381785508545,0.0025930980669357563,0.004319082913397673,0.009517756872012338,0.014717800246324667,0.0019923199110464507,0.01215263329647974,0.0032309978441239836,0.004720626906254083,0.0033741386735464756,0.003873251011594378,0.005485890502562987,0.0040331541566415025,0.00477819092732252,0.008183843707864458,0.0051670976985436325,0.003455406129244535,0.005650309825844693,0.00251467498437366,0.005419485815088112,0.01016135458730691,0.0068840226305759535,0.008334439025165254,0.004932075110571225,0.004072923304904092,0.0037363771976197165,0.008123628287201775,0.014908956960304354,0.004377904834283579,0.004535367133644515,0.004220624538764943,0.006468055516233326,0.0034907758172841286,0.0021105853259354855,0.004124392796177258,0.00401576803237807,0.004152784076256637,0.003184222660175628,0.0023232266972898204,0.0049303567818925744,0.005566048804246513,0.01643453050688975,0.00279232383750475,0.004926937517530594,0.009181385438770505,0.0066614341432432705,0.002661096550482676,0.0034967638450256466,0.0020029027358330325,0.003243652673735142,0.010849030215128097,0.007658805205829192
3586,0.007587652581869487,0.006169806930729022,0.007963177491635491,0.008074491581688588,0.005071637791670207,0.013020410916491403,0.007012954530015879,0.0028965731978268018,0.0070355795913326045,0.006180297976579685,0.0038577125704316994,0.00462855707558,0.006832002315876593,0.002791609678946173,0.008340708718255239,0.00452886543694906,0.0028279352927640393,0.004516635939047955,0.002667140145358869,0.0064255416300364465,0.004585223877357867,0.0026176454267558638,0.014379190839187416,0.0055827314720654445,0.0015441490863113642,0.0023799090776522066,0.010314313623492862,0.0024315580295037756,0.008697639650565159,0.0025614429185240534,0.009161203127806744,0.012854402916439129,0.019782332483039965,0.0032621394943675155,0.005070840091207276,0.0009622529567839595,0.0037733807530484034,0.001850749085556681,0.0027605238907030165,0.004301603688319903,0.002631543033941713,0.0024132554463833725,0.002117617710507116,0.004607307063858021,0.004260214983008494,0.00920995196030465,0.0032612904582948665,0.004000037978803791,0.002895265291156292,0.006129260918859431,0.002791785245651027,0.0027938153904913552,0.004899015602939423,0.004581366279556033,0.01431031262979838,0.002807931327818971,0.00982467902487786,0.003516483903866382,0.004174430001512567,0.0032285488871415273,0.003636954555864411,0.005414549905737215,0.005130242810901058,0.003230104774812004,0.006063456659292492,0.0034642571934940226,0.0056313623312915844,0.004574109769415499,0.002610340309035319,0.004765838547114217,0.007243873281815635,0.008888642518288395,0.004746937590746059,0.008325060705334592,0.002992655035903982,0.004081618471530305,0.006187468050478893,0.013503710337915791,0.0041322553917456754,0.004197263735174011,0.004332060669700132,0.006859722403103095,0.003559469010916554,0.002201394111592884,0.00393412063872839,0.0032310409507878895,0.0038691909700805604,0.0038008691916872586,0.0019387801883684855,0.005707040611311632,0.004382040204373021,0.01296593449210208,0.0025545066887419296,0.004369779657341425,0.011704180014286188,0.005546925473760675,0.002212474423400143,0.003938498795723692,0.0022580441650260066,0.0034806244177681043,0.012258926062183446,0.006175053543550348
3587,0.008623753585877348,0.005266815453496266,0.0075355637637764365,0.010007395916137642,0.004801185363265233,0.008301993220281011,0.007159079958622562,0.0023658986263934085,0.006412117725999235,0.006526087196764308,0.0027238719248729674,0.004011311723873786,0.007497396269949296,0.0036318555362037826,0.006800794264021052,0.004026774662277884,0.004046849615222932,0.0037472424545740295,0.006623114739047198,0.010982074331204085,0.0036323616574453752,0.003635517922672058,0.011623045811447163,0.003025747042961293,0.002009778796557114,0.003277812313650555,0.007135303752614216,0.002524336550625645,0.005384559867176542,0.003617870785073607,0.00940512666970244,0.005063387126784622,0.01454699395488786,0.002691275790079128,0.005694856338726871,0.001238810184701176,0.005037315501573625,0.0022962119533246187,0.002430342704355106,0.0031138861211284364,0.004121411382692452,0.0029180496829021283,0.002293789624241954,0.005690812918627076,0.0035718768633367062,0.007399314881616959,0.004942781007638338,0.004205146199978761,0.00312405706036367,0.005884767804808643,0.0028032828615115204,0.0034939921862218964,0.0037655336331086134,0.005594582196696402,0.013556184307578266,0.0020293130635981958,0.0121097433003857,0.003421697295098843,0.0034907365388055244,0.0029480665566584785,0.0027232078698681754,0.005917403274968287,0.0051414989978039675,0.0033587503350619124,0.007633397173351233,0.0045865741241638575,0.0027573670525126675,0.0023470425711155395,0.002818415400255977,0.004554859953495392,0.00976529965130172,0.00566001213122667,0.004622365863711944,0.0072549497119380165,0.0022033825920149655,0.003466308278918376,0.006445423705871185,0.014324882359878345,0.004624052914503191,0.004306965923078002,0.003921491366643081,0.00794556698981063,0.003356293823731758,0.003349720157893076,0.003993996949990753,0.004672162657872983,0.004179156399601292,0.004030629973892705,0.0022002541329474057,0.004289294940753631,0.00512666553373107,0.016625326644400574,0.0017819091761781067,0.004798281175438327,0.007662402668145357,0.005003601064248297,0.0023304195188202054,0.004528445014902364,0.0022765413421108726,0.0037158541494024346,0.010902953269792032,0.007149943376626976
3588,0.009192472532867011,0.0052366739756313785,0.007452552732612744,0.013471458959587857,0.0037809383729502724,0.006903783221735537,0.007680155399825195,0.0030092495969526838,0.006699008242490682,0.006980933203311871,0.0024786592189609273,0.0041826954659142926,0.009009671950424977,0.00559761451285206,0.008238168805697143,0.0037991265327356792,0.003900004185010005,0.004178000257729281,0.010074620584299275,0.007617116433968288,0.004151166834637358,0.0071532124623022095,0.02299169210373872,0.002785609396220944,0.001200677211606807,0.0030965521301455205,0.006492990532428726,0.002577373727875134,0.005422903665763969,0.0030822767413441064,0.006857229124453523,0.004627913412192733,0.017669089556661854,0.0028442056263709237,0.00590869553330627,0.0013401621598062377,0.0030866906612139937,0.001764697462277595,0.004162249071456723,0.004002409409698007,0.0036657416123556073,0.0022487663446545286,0.0020710867763082475,0.00629240773497818,0.00378751888915109,0.0084319630789781,0.0030840003616467984,0.0034820926828893276,0.0032233864195054663,0.004914273669365742,0.0032549151025312597,0.001938482768580176,0.0034534092601389045,0.006427113936809843,0.015136150175580426,0.002080633781867418,0.008537045544437917,0.0026490834115270954,0.004114144755008884,0.00304511663238841,0.002797147240296078,0.006254515037955688,0.005253285533556455,0.003376816482211959,0.005680790757951155,0.00424675236991922,0.002529205829462929,0.005222851953084727,0.002613751055400138,0.004655233138888987,0.009061958688068139,0.007208929836516069,0.00518299918561545,0.006833735629006914,0.0017873794430784584,0.0046788723883039555,0.005804195607774929,0.015148406909367968,0.004212157005960741,0.003816968022515375,0.0041159672784929335,0.007594246750370427,0.0038230105245269748,0.0032679935923094925,0.003490903925764333,0.0052496207840952,0.003745981059584383,0.004002392551387994,0.0018990943734401165,0.00435122653446295,0.0036278673550680907,0.013212892148718755,0.0033975781562570113,0.004824150074348302,0.009548429575702282,0.005994320941149668,0.0019773025446206617,0.003359959699197697,0.0020894079317042855,0.0031696206000880293,0.011656784978215604,0.006354290418951
3589,0.007165877214824579,0.005814099235509594,0.00729475529899452,0.009449160844950212,0.005217487356900227,0.005600116218750415,0.00948468629727496,0.003243951693244019,0.004565483486592432,0.005504605067747824,0.0029139723555830677,0.004230962837878168,0.006374278883769501,0.0055021202535904395,0.006240397306253566,0.0038209556116945162,0.0035466995529990766,0.003240222969338244,0.00879064328755927,0.005036483120275228,0.004086571857803617,0.008702789951560517,0.00815130470458972,0.0026263564341775835,0.0016814980393986226,0.00346760236169437,0.006218683076759654,0.003302988411333221,0.006365372881453203,0.003798568614456208,0.0078039690858379,0.017048837233674407,0.01414756563748947,0.0021058311464992588,0.005276296326125859,0.0012311352333265635,0.003013151575419709,0.0020114364060068945,0.0031902922026839633,0.0033807034165144975,0.00302610997593545,0.0026944193444753232,0.0021623347973950837,0.005424762407698187,0.003921246254266709,0.011639281999881432,0.002795660841583016,0.0030996673270634618,0.0033217713951185293,0.004913126079829844,0.0036321023994820164,0.001982619850624278,0.004379584644888115,0.00626073810795922,0.01474482859971068,0.0018216722148799056,0.01019124314914506,0.0027211563964018542,0.004266356087037686,0.004516143149343492,0.004757709316315617,0.005852892914929911,0.00520452792753823,0.004005596967025461,0.006223530364871462,0.006139259817808669,0.00372978471465969,0.0023117046161528943,0.002389925419498715,0.004436470742027669,0.004360388989666136,0.0063515301017732576,0.004347278140199261,0.006521291190060768,0.002149277412191577,0.004552655137499057,0.006030395609938342,0.01882034967785469,0.004369225513736388,0.0052120963538800765,0.003325644815217657,0.007219419636123623,0.0035285677656448655,0.002504251457767062,0.0025375886691721655,0.005069867369149123,0.003230575822102726,0.004325528998616398,0.0018384030515956192,0.004381329626650849,0.004188696726871658,0.013930925878172584,0.0016726447041254255,0.004914455293913559,0.009082701151935414,0.006299330552543063,0.0022957790085937776,0.0034335289386650874,0.0022780403052626197,0.004076373092929061,0.00987034244184053,0.007664301341107923
3590,0.008435766497972159,0.008336937170696527,0.006705084521009229,0.00822559239967215,0.004696162037847546,0.007574988990674557,0.007104016647827887,0.002721685372350733,0.004897982016015066,0.007660705784918857,0.002792124240643875,0.004717824761256922,0.008282559764107801,0.005160159789340334,0.007165308276509976,0.003643953945248374,0.0030345014097859463,0.0035920310451293957,0.008837484900195187,0.005100657266889528,0.0038068217025423977,0.009294589798006144,0.008871741715869156,0.0026707183976715974,0.0016398907942813362,0.0032182480821670158,0.007368644467114897,0.0024080521304565565,0.006420201542572172,0.004640655874508776,0.0059347889153168855,0.015349857591963686,0.016686089728676128,0.002767713644988868,0.005330606212540172,0.0015437913752683497,0.003349712977491919,0.0022059324132708753,0.003336374144421157,0.0025127301418659182,0.00288568016185108,0.003285013368741613,0.0050211017378278405,0.0044930067804113735,0.004104089042940615,0.006737058640943112,0.0028556829664656428,0.0034727143129579096,0.003255294864841713,0.005846245209566859,0.00418945584946208,0.002060504867153997,0.004905269204674904,0.004984042581936133,0.012787825299066713,0.001910512226270245,0.010815105201787023,0.0031031027665335037,0.004250947595585683,0.004142924176508993,0.0043139069338049936,0.005310184052488643,0.004113005109755048,0.004802030464252133,0.004519522080589847,0.004525695623455637,0.0036502046587151117,0.002092026283631936,0.0023763766347417335,0.0063197528905248115,0.007544195729554665,0.0091942414856148,0.00420298294108427,0.005868869910965236,0.0022896611505355707,0.003976211360212035,0.007412319615620769,0.014360662157494802,0.004301963561490327,0.00411759543488924,0.00449758110635866,0.006729086517707645,0.00468014299233262,0.00738872881518313,0.003462163558936442,0.004426017579240866,0.0035111045855734293,0.004457707682379744,0.002154286959866592,0.004721197361445396,0.00417133843853283,0.012690441431489502,0.002657563154555454,0.004208326936687743,0.007695587540591677,0.00546547795262041,0.002365917393523825,0.0032204376119529684,0.002188785396266415,0.0036900431491696975,0.009766725996774611,0.007228137723979383
3591,0.010684472788729546,0.006398682354331632,0.007041486729909702,0.015705083978062726,0.005038301566710454,0.005950920094935452,0.0071483374509765845,0.003110230578001435,0.005578040586434275,0.00843038414419195,0.0035164686255477295,0.003636849254821716,0.008650900075297136,0.0039592155919305795,0.007607059792846012,0.005139580246289191,0.003356236154215396,0.003945615295104041,0.002801883205702002,0.008484326010304945,0.005186398565323208,0.01013758402847244,0.006803771442785609,0.002214354935005906,0.0015112501931064224,0.0028220445323331924,0.009576745468427905,0.002858501112776266,0.00566128487189617,0.0042950914456359466,0.009649607171906363,0.004825499142820724,0.015697274676536845,0.0022355849427021166,0.004529461886133462,0.0006981260706713223,0.003108064705729911,0.0021618769486892457,0.004235313880658645,0.004642126653203331,0.0033784569433317774,0.00225549591151379,0.002085371924500842,0.005212716167537106,0.0037610036962764212,0.005740784152081103,0.0038543255860390845,0.0043328401912114374,0.003055988757997811,0.00545550524502797,0.0033690544291222055,0.0020328892176895864,0.00531217841960586,0.005851449409104487,0.013148648390899586,0.0017868008925971575,0.010076530263143424,0.005545505520800416,0.0040537954249961145,0.005509246192830815,0.003124909252725618,0.0050721514055077285,0.0038290648127735157,0.003494917764570376,0.0062603187206080445,0.00421660261140094,0.0033919239326639233,0.0021246945307549997,0.0020639265720757,0.006367959069203233,0.00498016030827625,0.007184071949187874,0.004351345373389241,0.006922813763660566,0.0022221639518441145,0.003525726473649613,0.0050728068764264115,0.015088479036720885,0.00345651753302323,0.004521953879805551,0.0042376654065934116,0.006726533108300949,0.0033856489278399522,0.002422400564765302,0.0030370308947155933,0.005635979663947959,0.0027290908607206002,0.003911528260267459,0.0027333441696727064,0.005471811837990326,0.00596377562638824,0.013889586861060397,0.001985927840060258,0.0029911928229692467,0.007680228149412055,0.005694446213984842,0.0025029370849964125,0.0029561832807078136,0.0022329069520247544,0.002589855219726542,0.010769058498189672,0.009280166816305587
3592,0.008158687114007534,0.003957126036549108,0.007493248224613518,0.01432899263051817,0.005581538538708005,0.004667068997493544,0.01023760667867773,0.003490758223449974,0.00452406237143531,0.005582557215807117,0.0025540718936631615,0.003709208280005679,0.007156794139044691,0.0031984540027748033,0.006204830658327826,0.004824693897198553,0.003418996965330741,0.0051481623528118504,0.0032238329086313336,0.005772680955115147,0.0030220333596342225,0.007660673501186303,0.007019096376518156,0.002598759432396265,0.0018676445635525606,0.00406931073307517,0.008254022017658147,0.002486981167550745,0.005458086216347895,0.0028936564455716365,0.007955113017925395,0.0046338388127967756,0.014531432989843744,0.0015828923726065422,0.005952053304206691,0.0006474115910728668,0.0032160036047758377,0.0020053019382356855,0.0026651745970520243,0.003688948899654257,0.0031854372239657753,0.002156964094376535,0.002469964379240501,0.00439029811021534,0.0035305742211354796,0.005079688186300165,0.003225531176348025,0.0028455746512135865,0.0032666182127044432,0.005030539372695463,0.0033242118752033656,0.0029137601474671826,0.003102956292360053,0.0053613713577118725,0.01471615535499054,0.0015944547699039656,0.010284126122871889,0.003412997509741046,0.0040217843335260935,0.005582532886494945,0.003615981956021604,0.004774401195100118,0.004167793306873708,0.0037954712557788546,0.006867345517668813,0.005933266190717973,0.00404008840235835,0.002798993167837233,0.0024003561205895854,0.0054222104069758135,0.003261823763717015,0.004436973121359418,0.0032342517457622367,0.008302522573621612,0.002658386300622258,0.0035579446607169134,0.008281228732462351,0.014008733814300182,0.004389224990074366,0.004579791489600814,0.005028383037960099,0.0060721136387464295,0.004274636217619328,0.0020771161718449384,0.003470141011679878,0.004846315798742543,0.0038080321942268705,0.0038296958393097265,0.0026317352607873735,0.004433303599305398,0.004406821858729348,0.013797949478597022,0.002124785363788195,0.002673815067465613,0.008816692083883545,0.0048896559687566605,0.0027412119469672675,0.0037411458460097653,0.001847971656626294,0.0026605202148227473,0.011607615107991173,0.005684745877129101
3593,0.007815515755879982,0.003872753328934447,0.007136936769667293,0.007615333273299897,0.0037501131739137955,0.006861325536090269,0.008589885794024803,0.0034026951398882536,0.004962160922163999,0.0056928107325468,0.0026816285205932926,0.003206796368041014,0.006085173914923378,0.0031845397593252825,0.009443295092065849,0.0038499021781170694,0.0030980590720693798,0.0032300338865753797,0.002886693779737221,0.006227687894180841,0.0030292033549241125,0.009893912193309057,0.0069297274401408804,0.004073793736362957,0.001974901860554311,0.003417403312959661,0.006042779661469588,0.002895857494565195,0.005223652008719445,0.0037599883012451726,0.009572137019131451,0.005083240592894808,0.014397543552946002,0.0017557663247148292,0.004900036580603193,0.0006857630558389243,0.0030506741826439045,0.001989341979344608,0.003290678624696974,0.004332177171293272,0.003285391760080422,0.0023564533306564403,0.002710074613825037,0.004942217409022361,0.0029571246721154776,0.014857285079304018,0.0029652011788710766,0.004921796342527955,0.003673939105578804,0.005868695393328033,0.0024490338925646747,0.0023748661345981315,0.0037415086158886497,0.005330137099464254,0.012429267559543915,0.0020599727536949205,0.009518024194141292,0.0033968312956337665,0.0037387221661144697,0.0033421716682642847,0.0038992027900322528,0.005653561919701626,0.006007864717558886,0.0038470218072675258,0.005529965272146964,0.006197610470138829,0.00402949511228774,0.002135250320210696,0.003092799954052165,0.006958219015164707,0.004296646347897104,0.004890677603447109,0.003454710612488661,0.007115428707580423,0.0018164425305439685,0.0047037053088240036,0.008175887145202423,0.017906331936107894,0.004219781723943207,0.004689504627728935,0.005413372760791704,0.006379712090184423,0.0035216034952171506,0.002610325852489122,0.003144621118843252,0.0062443105280485176,0.003921042067275692,0.004516156565851365,0.0018322732675293098,0.003704100902482952,0.004657752600194319,0.0138502100921197,0.0026111654281858756,0.002809323173664807,0.008386355737841219,0.0049951834605050805,0.003108389572323686,0.003541294966909236,0.002547043453194333,0.002920987863676694,0.009381017157011637,0.006850926194241144
3594,0.010664145221400505,0.006774150303446035,0.006941112755097837,0.018000296624131797,0.004458802192259202,0.007396827815400391,0.01069282194018429,0.0033926672316427985,0.005168735371809357,0.0061695654169149645,0.004930450455312284,0.005453780734851445,0.009961416051764104,0.003338746042689574,0.012907968527533918,0.004053807062160142,0.0061979031781106315,0.0035219435178906237,0.002195435811790719,0.006783339602898868,0.005758251394362467,0.008235736687283604,0.006459763456139106,0.004393368008170128,0.002059151724751251,0.006331956646243402,0.00881621193532184,0.002838013268709144,0.008291345767941135,0.002806710161409112,0.008381226651874255,0.013828485413253174,0.015038879686804832,0.001776930498983579,0.006048507071491355,0.0009114973561344568,0.003491669083225598,0.0022686465155805613,0.004404416865635594,0.0032811866229227526,0.0031127768533203144,0.0040574200408567285,0.0031802602258320803,0.0044415022791179275,0.0034773734217721608,0.007902522573189014,0.004030737571415211,0.0047240103422397095,0.0038108445555308065,0.005351077830012671,0.0033659548934296107,0.0019432785322856657,0.005061994414996782,0.006719503391549759,0.015319049091406535,0.002232569102682271,0.015382641094077299,0.0035260738415220593,0.006128990576293658,0.0037189740290492633,0.004096002371750308,0.005714933970252871,0.007481901379880467,0.006577943889730346,0.005580742831862996,0.004754756355029759,0.003290115525174083,0.0037889890211866184,0.0025880155065851275,0.0071364537318136185,0.006192593074194901,0.0046365744579941,0.004578494174567312,0.007679907945495835,0.0026273301539081356,0.005295712318205542,0.006884548189864737,0.013321414533542398,0.005848137799687669,0.004952912926493714,0.003797060767760873,0.005280040836511829,0.004193343652901914,0.002248773376590791,0.003557630859114246,0.008111369512781201,0.0030024505389481403,0.0044108485737830855,0.0019232449159750933,0.004761197917499127,0.005381923491745692,0.0121408356969963,0.002322537066194629,0.003354985692048811,0.010470634009492608,0.00547706380879052,0.0036010978006806717,0.005007310181964855,0.0038980733950617252,0.002941884418649469,0.010550522779174051,0.010483899954908676
3595,0.010861996975711115,0.006852135437380954,0.0070336388312119665,0.016462905340718495,0.005501557235496295,0.0069851684846937954,0.011791431390263276,0.003530943558324848,0.004630034347971795,0.005661580749932177,0.0036815175966282043,0.004646772200636216,0.00843133348088686,0.004108136952750737,0.021978210942528477,0.0040993200354368505,0.004090704910100398,0.003296634777208233,0.0023750931203449983,0.0070922446098258835,0.0037648120993688124,0.004069629510080626,0.008357320024350197,0.0023876506134546172,0.0017316918852588355,0.006611098914354586,0.007063517401846673,0.0026879042609883456,0.007876362796668694,0.003531671469369911,0.009083174874746342,0.01804460811075129,0.013774400134907975,0.0018944359167041096,0.00653498557585633,0.0007594142547657727,0.004026997612547102,0.0025632723784136677,0.003756479365062115,0.002916049601827994,0.003941750307679523,0.004119652052623409,0.0026650135031250255,0.006588995216349059,0.00429311806309277,0.008344585960154804,0.004067402020947168,0.004406334108828373,0.0036308192231267393,0.0033997060638521945,0.003928193057611645,0.002440133047856389,0.004693824902012525,0.007034185483224008,0.011863992981781521,0.001962123729687261,0.012018563927114898,0.004352303848476766,0.004888079758696304,0.00413425377370448,0.004506012147450125,0.005183374382898532,0.005790971647051536,0.0041651475131269594,0.009130434825868188,0.010307010504675949,0.0030460150885048315,0.003700558574740356,0.002599631188112487,0.006159503860183885,0.0036562306581101114,0.006763450154871959,0.006387361869901892,0.008558576121514916,0.002887064591101455,0.0038569630875359435,0.006436070598589371,0.019096981552634087,0.004678803033096696,0.0040483188577628325,0.004255292968218617,0.006564414938731736,0.0046389653335527055,0.0023356098979785897,0.0036311514064214854,0.006337414802693545,0.00416581824582549,0.0037796259258648284,0.00210971219401866,0.004850030883870893,0.006317796342730116,0.01041318234792403,0.002669403485000673,0.004086711405777348,0.013176454628665216,0.005075780635961873,0.0021556334579010835,0.004145997889960912,0.002463728493591402,0.002829367800734004,0.010596437445254875,0.0061442307821220924
3596,0.010253459124548794,0.007000135894448651,0.006782731193079679,0.008687961728352985,0.003738677335268176,0.01034032303579641,0.01193208173524625,0.0026340055860646534,0.004422326854041813,0.006141773451482683,0.004592683061682628,0.00525204188593262,0.0041209760215720126,0.0041668235360244514,0.01059801307681633,0.005434761052484841,0.003080894968705207,0.014423999940969646,0.003435436327611419,0.006527407035441484,0.003923652861881777,0.003699126405913358,0.007561775041333888,0.0033595122837100457,0.001977857787912887,0.004849451883516389,0.00729674093813399,0.0031917700089248075,0.007292466497096988,0.0046434329730895025,0.009227051732230594,0.01282134310343102,0.016558481510584828,0.002467121725237486,0.003241945980492008,0.0007400036331237032,0.0033613391407035552,0.002296120319884328,0.0042608169311171545,0.0033130616660132545,0.00306889706899787,0.0031203480194141905,0.002359227756914161,0.0061910835888621665,0.003616288273591695,0.006368090019006477,0.004134937008307564,0.004357763917622682,0.003521009420407188,0.006437037119970781,0.0032141050785293055,0.002444138127363837,0.006315588489410839,0.005105727107609098,0.01724676735957212,0.0019707578025947017,0.010013337461944865,0.004804355683538795,0.00405514149584207,0.003267961281657859,0.00395505891594045,0.005093137017246236,0.007979245360034552,0.004784001687563556,0.006672704093672439,0.007113532068185313,0.005413451359393656,0.004226714990359943,0.0020172822137549578,0.006202750165148034,0.0048272207800499674,0.0055901841900440966,0.005041170759051297,0.01046167157736402,0.0029024619330088597,0.004112800394156759,0.007303261753472453,0.014323915498825631,0.003924982220032208,0.0035469482786310287,0.006120190363735722,0.004877574819923156,0.004896269004739691,0.0022300741551692016,0.0038157577553189197,0.005064818934881208,0.004085496652187701,0.004329654277468237,0.0018254725752571096,0.005909113750287407,0.003672835348274606,0.010352740897841868,0.0021290375553874295,0.00536790367746719,0.010045211474603456,0.00489043996409533,0.00220798085331326,0.0034287083141942105,0.002472618434056752,0.0038281765219933274,0.014259296544631027,0.005841077881337419
3597,0.010512645257214443,0.009960837160414618,0.006860854739382422,0.019477927027769695,0.003891239321260492,0.009270441211987425,0.00812268698216563,0.002893575451364918,0.004418255554103093,0.006510529098100542,0.004738490610339515,0.004830325462296691,0.006334413266976758,0.004125635771702382,0.014443600877690142,0.005272300843799908,0.004017274861958262,0.015140602757057996,0.0037777032629169103,0.007022846693280435,0.00491944823472771,0.0038156143774476675,0.016263272701350393,0.0026144425290563597,0.00232381962534193,0.003933572175671352,0.007257435913046728,0.0032859670604562913,0.007186445530019178,0.00402470333239553,0.009295577945689536,0.014245641158643166,0.012833450203445902,0.002381300863891012,0.004435021006322849,0.0011308807497057327,0.0029767238935466435,0.002964612433561209,0.0053216699613035275,0.002821352206572809,0.0029158732390606027,0.003213176981561839,0.0025957543261419724,0.006447580965118663,0.00429815242064509,0.008247217306066762,0.008382231994394623,0.00473212500806793,0.003923417260399669,0.0055115448002871275,0.0029474063042256035,0.003118602726070662,0.004308035768637831,0.008054957867475412,0.016863359548209226,0.002052765349402305,0.013106105575292036,0.004987484902780498,0.0031983187978271133,0.003931422400766118,0.003864707006331072,0.006324000138354946,0.004315441365351998,0.004926998646432228,0.007994474145831033,0.0037391639372793047,0.0035123803190260207,0.005006033997780069,0.0025201519611969003,0.007148011755479356,0.006065907020253327,0.005583012415482303,0.004388348293434379,0.008532571338085096,0.003872949729783213,0.004372982092491392,0.00786470408253644,0.013558474298964467,0.0036804429178674933,0.004003944409641561,0.005423621007982013,0.004914861089387615,0.004946731554075288,0.003141809953987193,0.0025853700809582458,0.004967038189265763,0.004291316628838227,0.0031674523657325513,0.002646326053907129,0.0072025833263615014,0.005008814734230037,0.01095977410810307,0.002398580132220403,0.00431905973587124,0.00693711198026634,0.005448522021245325,0.0024340655256721248,0.004700597340511988,0.0026727586474258325,0.0032102882499031884,0.011421759908144912,0.007063930673782308
3598,0.007442768369112838,0.0073926976006625025,0.007291680823319262,0.013038752760899852,0.003829909626447586,0.008184114744768342,0.009666417897611529,0.003785293154158342,0.003826328331036228,0.010155906297633844,0.0026037354640918394,0.005068915434052734,0.006825983853444849,0.004106795450595547,0.006172632748524102,0.0049639004059542375,0.004186383882035247,0.003081596469894811,0.002761670885870974,0.0068687927474687625,0.003008118653551073,0.003185364029578325,0.006804183276274963,0.0023963734636662563,0.0020789853962776216,0.00413920451427189,0.004504352714931762,0.002887457984544268,0.008364607135052814,0.003924378111738594,0.008978500620886867,0.012786629767921153,0.018915909818599135,0.0024997186060642215,0.007465802775327492,0.0007670956394539807,0.0029015914940246483,0.003226566768543927,0.005636313021204437,0.002910437856789795,0.0036438667279320197,0.0034040004740447253,0.0020658011662320046,0.0074629612333085155,0.002993830799187031,0.008739038331265877,0.002770820888690016,0.005185342944651505,0.00394982416832286,0.005997034841987137,0.0031745042334650835,0.001772431663665918,0.005941240331261211,0.00684135176126685,0.013639332077233555,0.0022283058056570978,0.009140281278097382,0.004473385021313038,0.0031025106039954285,0.004231609393367642,0.004073784060980479,0.005641504462263043,0.005769171183600465,0.006126317297891294,0.0070978786430480134,0.003315794064762347,0.00504676853175149,0.004086193877504839,0.0032023985351116845,0.004418064989584771,0.00697529209590197,0.004902560708219666,0.0041625276646872844,0.008553947047743845,0.003236255423812627,0.004037124040733659,0.0063058621956713,0.020021095488224155,0.003939762136048733,0.0032555811677577643,0.005033516445644289,0.0067266396162989775,0.004521814088704,0.0017040361274320358,0.0024997488875589894,0.004233338926811044,0.005019939872472463,0.003831693422644077,0.0024328107466070306,0.004834329996694756,0.004279108874495504,0.014398498261673767,0.002372446055597466,0.004717181080025885,0.011501856800020048,0.00456567775667026,0.0020715414117982098,0.004337287329581403,0.0014771957600214652,0.0030196807163197655,0.010530667143424785,0.005104129308596445
3599,0.007382017339134441,0.007991350102178654,0.008946943022050399,0.015875952815837154,0.0037286471594672405,0.006295406983464111,0.010310735593323192,0.0034227072046757252,0.0049836100599831715,0.006482876606770927,0.0027663837069530303,0.003569544382749524,0.007458952820659816,0.00427739982278721,0.005078087556585714,0.005095230472722808,0.0040288291289969,0.003284927080247959,0.002769879226178954,0.008767434845507446,0.003353905152035414,0.003032010843257663,0.011771704087367333,0.0026280668946640044,0.0022766990275015007,0.003877624179909232,0.006259156171963299,0.0026273295852578165,0.007874911454708167,0.0041263504218652935,0.008193746231523136,0.01584621631593867,0.02101791039896626,0.0018796022510719386,0.005053157586219639,0.001186510323593926,0.003358774899983442,0.0032111211151094874,0.004535464931797393,0.00361075654994142,0.0028286722875839458,0.0033434744201823055,0.0023138017221826504,0.0070593062409442416,0.0025518153629319447,0.007245461082162874,0.0033933240304025157,0.006523024490477983,0.003813792110261846,0.005667426116574129,0.003265713507437904,0.0019900382996399938,0.0038824446849734197,0.005753475472499336,0.013012062525554882,0.002160532408891219,0.011908448636327937,0.003729327244371767,0.0035049683003546763,0.0036276847825171816,0.003943128388976004,0.00607740760879219,0.005245473335809404,0.005160859860676992,0.00988225862485117,0.004210672441869838,0.004096400844936729,0.004845759810301768,0.00315368934619378,0.005143770735066135,0.008157906319843837,0.006587048702441578,0.003991874828930831,0.00861251055880756,0.002648462174357483,0.0031719168333359036,0.006691021221523785,0.019390779096263917,0.0038978779586720403,0.005863717637417701,0.004372134573651744,0.005009278293122089,0.003629692938505076,0.001838038245545362,0.002907150231761792,0.007804294416812782,0.004410849959658031,0.003687719602402144,0.0029458521167060538,0.0049053260758490005,0.0044160747589808294,0.016822328183157622,0.0020048042132803047,0.0026980280020670808,0.012495929447472465,0.005037731479076586,0.0019667687157425883,0.00368314297904678,0.0031467937155571467,0.0034583091741650137,0.011503958341933416,0.005997077207876171
3600,0.007182518117857582,0.0053608457074900955,0.007771303047741178,0.014698565995210588,0.003694304377226445,0.007582959490746876,0.006821167961058074,0.0043685341415640195,0.004766208472680841,0.006131837802619866,0.0023078603724176043,0.0024362984695988337,0.007196731343160443,0.0031496356616763058,0.007614546891061435,0.00554619433911405,0.0040064071840982644,0.003554837506180884,0.002455243838494522,0.007569540100169951,0.003128867969339465,0.003432201718648636,0.013623534407323131,0.003718169255368092,0.001898767008813393,0.0033007011694391863,0.006642469067654395,0.0025228981314719483,0.008554407025654333,0.003203589716935581,0.010113398522654055,0.017136680417620627,0.014347436930719935,0.0018778410065636172,0.005081107852518837,0.0014056061543539459,0.0031330480756174184,0.0031806382416041125,0.004707329074226863,0.003276481519898211,0.0032837856171349057,0.0036742923354573884,0.0026006641272085466,0.007258045520934925,0.0031884830969588483,0.007575939725405463,0.0047236640526742025,0.004919590760196492,0.003609013964898865,0.006823158477924028,0.0018501807405175163,0.002393656276745909,0.004196159881732712,0.006556495092417639,0.01438875055721594,0.00222428155953969,0.011303176613076149,0.006855669102768604,0.003253053687668535,0.003744040445932519,0.004188826632996633,0.007165323314182412,0.004417185999495751,0.004111925816173965,0.006412321300405164,0.003936962941905556,0.004456442889748478,0.0054556658460138295,0.003022405626160752,0.0035148220401921447,0.008354210822439825,0.005601622457264163,0.004277738711790224,0.008918028162232182,0.0025501587392540155,0.003757324019384048,0.005314432019931767,0.015561660627080288,0.0036846578201972617,0.005062340590333605,0.005959558712813255,0.004544350475428804,0.00378962933847098,0.0019208839488779172,0.0031826545678667107,0.006175738259701056,0.004889806634603044,0.0041818078310647214,0.0018205510217156051,0.00430824312618111,0.004288105493300096,0.014186438576619208,0.0024573570806811643,0.0027991917596970634,0.010529944357116036,0.004587779228281869,0.0026833745121199945,0.003889833817478,0.002954272521076665,0.0037709001973219095,0.011426783798986647,0.005643109945305056
3601,0.007413560226438363,0.004707248486719155,0.006378626365220343,0.019310504527743525,0.0030709423467279264,0.007679590757970999,0.007273473727248386,0.004060699292890929,0.004777785057171848,0.007545103518800224,0.0030312926119122592,0.0027008198015936605,0.007830764441479248,0.002878125092857551,0.0075688468670832565,0.004584326748965296,0.004028117169850592,0.0042361110665450835,0.0023899987121099708,0.011270081589063848,0.0038254295018195425,0.0036626224595767186,0.01827908089104536,0.005541720544122157,0.002807881300004321,0.0027229595073401196,0.007312800619635323,0.0018349670630407435,0.00982743220619222,0.0034014159335979503,0.008341555174814995,0.015534215322874115,0.01519106241014132,0.0017468069328156514,0.005255699232511795,0.0018655032942869426,0.0029446931361618443,0.0027839567968847142,0.0034086695262775307,0.0029849784653857092,0.00354721418728538,0.003041264782151565,0.0018970695836376757,0.007119139790255093,0.004666028038209516,0.009143977140900948,0.00372158593218867,0.004834369478792205,0.004398416856346851,0.0063326230402567,0.0031760442952970857,0.0026230692590549043,0.0037956902132559936,0.006253003508588665,0.01305564134111503,0.0029735277034137987,0.013871921839487907,0.004511781972650719,0.0038526107855977134,0.004336438342630121,0.008201131604607084,0.0065860031175084,0.005768131677330606,0.0062806962103473096,0.009068942952218688,0.006569118086948536,0.004049304638111306,0.004454867206832966,0.002430861196562634,0.0031079068191979388,0.009575838828193205,0.004248119080218801,0.005891072369403468,0.009214488241540256,0.003701990405075749,0.00393785662252621,0.006294655584708848,0.0167903851030275,0.0038749520407659922,0.005443945427640096,0.00461165890108859,0.005296680869100231,0.004352871316167367,0.0018615488287834958,0.004237801250061904,0.0061866256008158765,0.004490277374156691,0.003194573485565165,0.0018579285397432826,0.004891433540141845,0.004870566622025093,0.018479421626938095,0.0021949305559760923,0.007924176225229,0.007991606599144701,0.00650554483735744,0.0021465753527271855,0.003563302718630751,0.0028914866631219193,0.0035990059514833563,0.011123269526287503,0.008630323628616876
3602,0.00802969817886769,0.005395001964467546,0.007211124338494377,0.018826888277172733,0.004063227149206699,0.007297062941631072,0.007895554308547189,0.0037674329785195,0.005403793163425768,0.008025424787157079,0.003048102121303461,0.0032621844543199046,0.008170868509112876,0.0031089713581731356,0.007735937581711932,0.004542518095433081,0.003633898575992729,0.00392768919563396,0.0022367700983579046,0.011977266945318308,0.0035633477021661704,0.0034141865331058924,0.01587682249606289,0.002212643261746094,0.0023541709278860966,0.0035205462460899846,0.008980750465045303,0.0023014860802563564,0.010143726734839325,0.0035974817111384836,0.00880213615827151,0.015082317334480308,0.019026289767113885,0.002084199858719718,0.006004745851884906,0.0012357355964073423,0.0028401055589935696,0.0029258770979410436,0.004249153258466426,0.002689979000532407,0.003190592098818842,0.003808102497028102,0.002363484143885537,0.0063701080364635294,0.0045979894338410016,0.004615279113816567,0.004030745906851184,0.003857335231917466,0.0026874905117182514,0.006692346120294065,0.004445217221526576,0.003381126380403245,0.004154348377439777,0.0072268584183900345,0.014241802318006062,0.0032249904819270053,0.011464017631385307,0.007081873785979956,0.0036358816709418464,0.004020667739200304,0.005539243299700008,0.005810096211855041,0.004763694789052578,0.0060648833244127485,0.008191820949201609,0.00469128656053409,0.0031433598045057997,0.0038753464616484404,0.0035683466778400116,0.004248689581412245,0.009166031910195507,0.004441127815991081,0.007874811803566415,0.008732479273046222,0.0031218079447871694,0.004366966848532094,0.0065234393965622394,0.017237323489272153,0.00546420251176104,0.006935892460674396,0.004043347821331341,0.005186520614635078,0.003297279762966634,0.002337298529882769,0.0039459022026141115,0.006549629271599688,0.004136407691411363,0.004274383195172945,0.0022188310224787065,0.005148131856739623,0.005574728218027274,0.015788962380832938,0.0029085667705542194,0.007997909338220616,0.007531123008375166,0.006161697739507261,0.0020495452431338423,0.005671040417020864,0.002447577842128377,0.004575594413258853,0.009928191954850245,0.009537290292440468
3603,0.010946783710857026,0.0046610638220439295,0.006809062257673274,0.01648454601771131,0.003394904224961647,0.010842043191581914,0.00843751047188878,0.00454804086614873,0.004489989615004008,0.005772445603501028,0.002752324151698999,0.0036344876295764097,0.007119564001909596,0.0034884712300996025,0.0043307860806643264,0.00470267963037943,0.004595228670963192,0.004281606698385771,0.0019280059278615014,0.007269516908809335,0.0034502464117202257,0.004087691301551734,0.0109736437653766,0.003040730681316406,0.0023230803330584,0.00326134878791317,0.008251044853729057,0.0023275730169847837,0.010427205515994985,0.0029235273726616246,0.009564161258278926,0.013305538392363904,0.014475771291172659,0.001994759093475969,0.005001206060705032,0.0015598344092091366,0.0027543393763120425,0.0026142410646236977,0.004091870081453251,0.0033317835198856355,0.003146972287133021,0.004200581987670601,0.0022458804295727264,0.006888026115596774,0.004732139680165001,0.004465003738192542,0.004390832151998916,0.005269561147476498,0.0033274061382255076,0.006034519132490661,0.0035593152319615094,0.0018575900954343335,0.004601768464787033,0.008254047887595171,0.0154894436639,0.003476915859757551,0.011299635706588426,0.0037949592185584184,0.004241714654795968,0.006021894938561337,0.005482943812772832,0.00536921143378797,0.00447675620509028,0.003275079805863982,0.007073850540037304,0.004522723343458976,0.003641832438231313,0.003981934977436622,0.003118291997828048,0.005864428251696002,0.0059174190001227735,0.004645173305444818,0.006655271289764298,0.009306441599119282,0.0028184323101704137,0.004675612460944712,0.005793078682094722,0.02115363825756346,0.003591944016963912,0.004368967790113513,0.0038760023902029107,0.006365422702040435,0.0034950183708323495,0.001856251650233479,0.0033858397512128375,0.006364801576155056,0.0043528240438287565,0.004045705370436476,0.002297343064667999,0.005254806290731784,0.006593614018754781,0.017830482706550282,0.002327557180273931,0.005887586842122835,0.01044134738341584,0.005076724731222722,0.0023008647279273774,0.004330849651953685,0.001983708322455263,0.0030658887887121487,0.011095781773416335,0.004715233608504562
3604,0.008302778131185426,0.004123650498233041,0.006499243993740933,0.014706986633412506,0.004244126614370574,0.009272746754221784,0.010387586025056196,0.004881817904581048,0.004904030323135367,0.007615591640245257,0.002387978792877458,0.0037440380080044433,0.006892487990773473,0.004169843139361888,0.00890676202519052,0.004304964056192551,0.004266063499343469,0.004109528719105285,0.0023365457734952464,0.007741830164193476,0.0029773850659035473,0.003810441122654211,0.015076068923521847,0.002363612517433697,0.0020627845881832415,0.004944398958062674,0.007327005085243373,0.0035083055379536284,0.010576452768852407,0.004118752187815744,0.007602545599570262,0.014910713106074884,0.016022406336781266,0.001901867713691179,0.005785915125323683,0.0014565162538181598,0.0026972036749091225,0.0030869281903848802,0.005214959167916878,0.003344983340089424,0.004717178347024777,0.004303413915203343,0.0025012552798329207,0.006578466092420257,0.003510364815687386,0.004549326200326943,0.0038442801726826428,0.0049575605068282345,0.0033286179907418482,0.0038711144363905454,0.0025808187802766488,0.0016265100658019106,0.005185513478655962,0.005870866362082458,0.01416344583864628,0.0029166483102489966,0.0109899809767806,0.004445384254478483,0.004566878344664883,0.0047416771247301035,0.005514256548128541,0.0064837626178594855,0.004222119863242653,0.0033888508585289004,0.00784143969017536,0.004093277216339047,0.004715324898899496,0.005044677929670216,0.0032778305570638384,0.005585511321128874,0.007092267696405045,0.007120343279380214,0.0056236627492410865,0.009709307086982892,0.003343427423327725,0.0038914570465502303,0.006915836683316274,0.02100540435468621,0.005460838264553204,0.004898100651539218,0.003542819913065976,0.005170695481932032,0.004972961674563337,0.002051214562185503,0.003595736685366534,0.006455124261128405,0.004032791305800603,0.004436236080700484,0.002142032124288371,0.007277397724654032,0.005466679310096892,0.014858082606410307,0.0021328537182880914,0.007901727646988994,0.009202990079755191,0.005561414321379571,0.0026296175773767284,0.007263926750311449,0.002471277818912697,0.003406584692136967,0.012339118171221446,0.005415247449556154
3605,0.007245693956282732,0.0048277130069519815,0.007318610597761623,0.008657978636359046,0.003328695998049661,0.008436884349539151,0.009138155451943157,0.0027524182099054155,0.006068383854007259,0.0058944523580541815,0.0030674068419933175,0.0030000469226168732,0.008289702917981737,0.003113849269066204,0.01127850356864165,0.004831405060417812,0.006548416919275161,0.004567519850016721,0.0017877858230614613,0.007296080161762368,0.0038103674777878,0.003190405123759825,0.007843903308154588,0.0032386112411314405,0.0023604511876421583,0.004857867319348949,0.007572047823542194,0.003010379015612134,0.009404636795026464,0.002159510211495667,0.00689503653127964,0.01377062637473494,0.022381785959363847,0.00195754586895245,0.006136712465334595,0.0019054965622252301,0.00266596010910549,0.0029326918985237067,0.00464422405589463,0.003934285160360441,0.0037473763100344232,0.0035757835906006044,0.00230297406403725,0.007891679529286174,0.004181377324542124,0.005309919899309121,0.0047940960474577516,0.0053439803925289025,0.0033037841976353817,0.006229719404458318,0.004390577844582831,0.002707215168730825,0.0047811541076139856,0.0062803561204737065,0.016466974629372237,0.0029210491494206466,0.012465552484794348,0.005123576909720849,0.006009550148715965,0.0032117011883869874,0.005626276084915734,0.004765091525774864,0.007213885700999967,0.0030803905235469793,0.010138423173648733,0.0045980008912765765,0.005590322252808969,0.004886582928945411,0.0019894231870150143,0.004546323860815406,0.006282873032776854,0.008375290425315618,0.005551130354790535,0.008242861802629772,0.0033628548908695216,0.004059083976180211,0.00674539892612194,0.014689013140318887,0.005107823385930154,0.0064708843568956,0.0038899387224540357,0.005754582424816633,0.005174755086431042,0.0025051999184757703,0.002292579681574336,0.005477270603016909,0.0038053500303762435,0.0039535650571884936,0.0014127518606191756,0.005031888311144808,0.00457008311897567,0.016453794605178176,0.002748276096796455,0.003465892730561644,0.01165307745955655,0.004634089546370925,0.0034894340447002782,0.004088728548204768,0.0024261346205814807,0.0028848151246716456,0.011283793440756622,0.004672153989462821
3606,0.009256988497788063,0.005661215648573202,0.008170060174672672,0.020202054626297095,0.005134348163657755,0.00852613125835454,0.009860904552440503,0.003476514819858097,0.0051021541189693745,0.01165247199536273,0.0029645316089336135,0.005170400409851702,0.007722741346766216,0.004114029511311504,0.005834890977700939,0.004432810178512668,0.00628772004580167,0.004574171449242524,0.0024436098448618313,0.008331943339205842,0.002957079659954459,0.005228436699931231,0.011783689925958749,0.002853318670689028,0.0025841044234634404,0.0026122620706558004,0.008534088512489293,0.002669811950594847,0.00838682538834819,0.004010351227140159,0.007198938031405791,0.017819507056521817,0.015848254935361045,0.0021256695058107407,0.009873398292668796,0.0023717356842065753,0.0033560731336267527,0.0022562474286331436,0.004043696900569816,0.004784612018080862,0.0027157099029769412,0.005145216764372752,0.0024418181767458984,0.007148532328174945,0.0031099699392396524,0.004895821587843341,0.00322888315600383,0.005531494038581094,0.003880369914076293,0.0038969317164071907,0.006935706448080107,0.0020823873302929364,0.0050630044487365794,0.0067208981738000745,0.01808658450492166,0.002986208442423481,0.012974258752121192,0.006480975561421809,0.003161293915321183,0.0053078893515576256,0.0047207941120040045,0.00688925078122765,0.005808201717297864,0.0055854970350831985,0.006267854434519785,0.005786623784131473,0.002930392477756958,0.0034149852578614073,0.0026829345104609913,0.006006201815364641,0.010254815757829733,0.005262225995238834,0.00542657175870342,0.007968660620616613,0.004881289875359275,0.004722247040889898,0.004715977866817399,0.018268256396234004,0.005502917644380745,0.005722753563430474,0.00407804832000931,0.005739489416041157,0.003675673711389767,0.002528241058614681,0.003146392104785233,0.005513617967866248,0.003413117266994762,0.004133084468211456,0.0031095007712135894,0.004938104390217323,0.004843669922201742,0.018969429862294024,0.002677788101069354,0.00310234288115969,0.008493024935840372,0.005297656834667751,0.0037988905699558244,0.00862311393072658,0.002765362319818493,0.003627244021353046,0.01059638209863923,0.006983978525976484
3607,0.009457695849364593,0.005768097894261354,0.006210019882257606,0.01049146227401187,0.004910364681758717,0.0076294386613422515,0.01389276899589743,0.0025242333518635997,0.003883830260220198,0.007432894456218078,0.003735356938396983,0.005639498533535098,0.00570922750346094,0.004421327655140955,0.0093934514096612,0.0064821547836760715,0.0026186455248522586,0.004248598599634392,0.0022539628228510555,0.0073789737963767905,0.0038946433184510916,0.005538972374938705,0.012281260769382565,0.0029450430355675737,0.0019998047650619287,0.00403111101364091,0.005744802500207764,0.002822786392812325,0.007773388199935021,0.0026460080461332323,0.0063932127729306384,0.015886595260862814,0.013702259434624567,0.0030596161554964905,0.007158352656723866,0.0018956756171938471,0.0038078657008013593,0.0025591396950991065,0.004528124465518972,0.003539173016933362,0.003807928892604256,0.003645656390368566,0.002834269765384438,0.006123983893502841,0.004565152643733309,0.006559747021125933,0.00462845468099605,0.005678062201812213,0.005880991436508172,0.008966270369201255,0.0033271695424022764,0.0017282286760243056,0.003700324629427398,0.006160001255600984,0.01537853843798627,0.0020696171928889146,0.011685782784872983,0.004960914417874921,0.004611168190582188,0.005827391500979543,0.003986000394143576,0.00663183221665538,0.005407301046954928,0.00697889379300722,0.00628696860369651,0.005044257517592896,0.0032164043417648295,0.004123149219955693,0.002018403531745434,0.00533629106536473,0.006938445755644839,0.008583439814849374,0.0059764091706002,0.008767821254833264,0.0032640896358561043,0.0035478025303451862,0.00699539865556276,0.019236406770064926,0.004461831715425046,0.005465899768252223,0.0033854591955117756,0.004582416601022432,0.005868206778046085,0.002430461357821104,0.002942820367163707,0.004237158174788505,0.004212616245604366,0.0029647597864306827,0.0014520840117618775,0.006233852637023653,0.006264457677939423,0.011157115254674187,0.0024708163307277688,0.0046059910072600895,0.011650828014255243,0.005760701166305622,0.002150218389020657,0.003790649121544829,0.0028576430612009198,0.003105503919438403,0.013600398878546766,0.005588504851223548
3608,0.009734748218282664,0.004872102915225338,0.007016632713084848,0.008109740952444044,0.003371649950965319,0.008796699896512786,0.011483739316725652,0.0027137963789093263,0.004941860704148522,0.008882523557890341,0.0029288086636505054,0.005260621693625331,0.008157125473940754,0.004570081754605425,0.009512618048420546,0.0048992774580418185,0.003234993776403383,0.003994902153458388,0.002084157776295174,0.006001465265003999,0.00399546666755268,0.005181625765616736,0.007054840247399218,0.003285147310473124,0.0016831203198746398,0.005253340895617418,0.006612118018326184,0.0026528244987037534,0.008600720831305097,0.003113876548129689,0.008423497826922964,0.014733085138622488,0.019305198330336972,0.0024457682400676117,0.005222125540491873,0.002107282851553306,0.004382270400759823,0.002682441587234893,0.004177930304608454,0.002907582915349883,0.0026081084874690547,0.0036552754582839402,0.002768919127081721,0.005605187474814363,0.004063918838897521,0.004447326091846813,0.004098141463819644,0.005568435144596375,0.004587371652475407,0.008549802248974938,0.004779639138121413,0.003126368323353047,0.002896839081437379,0.00718657041143803,0.013812702913795636,0.003523971446642836,0.011438395733257117,0.006154989444294673,0.0034083709013330073,0.0036927508681621735,0.004985653288115095,0.005354644283343958,0.005306533980570191,0.005440303184606773,0.007740794600959591,0.0035195957583808346,0.003185204337539719,0.0038883759037236804,0.0020769599231952977,0.008699369431958677,0.006901529106018819,0.007783663537149366,0.005163887602918557,0.008826230190772383,0.004093178353103688,0.003951364802789159,0.004959751311868334,0.023172534038861065,0.003963512933462744,0.004675912182960958,0.004754401363233154,0.006729380912455762,0.004098906507840453,0.004213825313600268,0.0029216492582802883,0.004742592956865535,0.0036617567735961,0.003020702307595289,0.0022878706405500015,0.006932248737599665,0.004788839534966626,0.011430677851441752,0.0024585262952237243,0.00326076516802496,0.008339517240034691,0.004968921570781331,0.0023256865122136304,0.005832746866152119,0.003124204041660673,0.0037931103047026083,0.010935642826116886,0.004940456536777947
3609,0.0074980388737151795,0.00617669910813312,0.00517404453404768,0.007660384305590451,0.004261837737549404,0.008140489703029136,0.009898554203535779,0.003533087398758218,0.0041700770805282224,0.006435763345442789,0.0033341475115326383,0.005262047412276376,0.004468122875108129,0.003036555668828218,0.011831315704941848,0.00553607339093653,0.0032425445962877405,0.003893234301572592,0.0027724646254567234,0.010997839164845124,0.0046214229491049605,0.0026137844915091633,0.009504875661203794,0.0018370488767506063,0.0015983632429710038,0.003492549013856901,0.006971396254531165,0.003432316757373844,0.010063062601489163,0.0032412060715623172,0.007943882907461234,0.014087240750891176,0.014727907464426771,0.002769844311283096,0.0039519263433454984,0.0010943547140717443,0.003032787007871171,0.0019394149773658306,0.0028755190803858776,0.004259643369436575,0.002139815957026466,0.003924516568385892,0.0019227365080844263,0.008064247882795137,0.0041314657375027845,0.005954095893408446,0.0032476698087844634,0.004132664030500954,0.003247089036832823,0.006476458333639706,0.0029224295768753013,0.0016851306783430841,0.004207069548186398,0.004433676546420348,0.015049690805344466,0.002082830884388883,0.009817858553177282,0.0034988823173816405,0.004567040194211208,0.0027410866977473744,0.0037815305593210096,0.004900267985452993,0.00485752225171756,0.005320005327770289,0.00677792631781766,0.0030153677921560353,0.0033598245144449324,0.0031630448542652183,0.00261186939483265,0.005643708092532829,0.004228500238451458,0.006730674796459539,0.004452558077351368,0.0085863982749846,0.0027027813592205977,0.0028655189051427212,0.006668559222665555,0.014159807023735179,0.0037704088176479787,0.008498133896564593,0.0034256226239830693,0.0043654198264553735,0.0041478910385436005,0.0033043851084549425,0.0028169305075845395,0.0030355069854940847,0.003793118917427365,0.0032559637193997158,0.0022296394440287567,0.004601150178666655,0.004256412693568451,0.008175622143163171,0.0017713243580490395,0.0031085638720816434,0.010754688548308073,0.0065133400164787214,0.0022769280711481907,0.002978038685467929,0.002403395872122909,0.003966565029069795,0.005646319163476292,0.004077993450507181
3610,0.009334129877532548,0.0052902533038664745,0.008169562195271688,0.01780774349768046,0.004319287442794418,0.006401035391421107,0.010633128750770198,0.0031810928185474516,0.004348001024142646,0.006137553254105733,0.003327133651339232,0.005642113110850096,0.007076894983734774,0.0043119987620369405,0.008955353780911822,0.00460731047525952,0.003534602668305528,0.00616086523462822,0.003399995145000482,0.010841642217850425,0.006441583503074541,0.0032398047175938864,0.014176108554577476,0.0022697727503712298,0.001877288339126131,0.003966835648233295,0.00872201743464024,0.0030561910900591713,0.007585091767040375,0.003232948120064173,0.009731853620875638,0.014613797169639684,0.0131709013759106,0.0026909056747444625,0.008116060621353614,0.0012631545798189976,0.003848240637521889,0.002531621757009741,0.003924998179822631,0.0038039405042400816,0.002299642094380624,0.0035298633914722264,0.0017906783000976026,0.008006825381409914,0.004119323474339719,0.007329894736371055,0.004964524998564899,0.0046971458383342855,0.003237648833761969,0.006552772334374389,0.003307937107159137,0.00145933761876517,0.004727373454632218,0.010583836111739226,0.01892566481940733,0.002222241042079249,0.010551963623028827,0.0038974998775208264,0.004403633628692294,0.0031097797204067772,0.003725276301997893,0.004916065784730008,0.004257049446338179,0.005196770418779729,0.00805565554301028,0.002747698772225791,0.004190147057500604,0.004119435258939446,0.002234895700514099,0.007390352163913637,0.004451663291338579,0.005011235930188985,0.004895150586334624,0.006580367140266102,0.0036482072362428674,0.003212811119414806,0.0076859536111216955,0.01591781011188467,0.0036465190996407566,0.004764257279251329,0.004281414748983137,0.00620472173976928,0.005716650544158652,0.0018356173242562526,0.00399396838935604,0.00650031821301886,0.0037023313176195957,0.003636240332344363,0.0024564940094986706,0.0059357559545027035,0.0057604367306843705,0.010974113494649218,0.002046506235281441,0.004429003484132795,0.00866922879773776,0.007060247142810113,0.002484194617941382,0.005396726585728457,0.001909109148131256,0.0031614225134651204,0.011635224553559769,0.005307887227948401
3611,0.007435751973515362,0.006215218116600767,0.007308907413857386,0.00873459100261997,0.005588476005203035,0.01025866152736932,0.010440071845758117,0.0028547482204092406,0.004994752597990429,0.00792616804785658,0.003490658395189723,0.007265258966173493,0.005059829144511348,0.003404374498969768,0.0071041584170994715,0.004902232629652451,0.0033006815629568207,0.0050055446379269645,0.002264489659748765,0.0071245954979258525,0.004532151446411156,0.007313523650433746,0.00970298925612828,0.002867591711120303,0.0015350296644122232,0.005200204571406327,0.005909599742759189,0.002793229825210469,0.0054824954518419835,0.003266922079875266,0.00805377955140027,0.014192298275753521,0.01789010163670371,0.0026693537894049405,0.005950139625394879,0.0013985597667427955,0.004730703633322869,0.0022011424930252293,0.003599246192269677,0.002847358322009862,0.0021067065766120986,0.003243618381465389,0.0020728593180450536,0.008989093510806347,0.003926454044566168,0.010049888329746475,0.00412309747738421,0.006507152054846775,0.0035963613799039795,0.0073861226572831725,0.003295569517782076,0.0015048206739737096,0.010729048062212664,0.005573454280852507,0.016110012075710084,0.0026688841277853516,0.0093044901469349,0.003045526070320683,0.005230231746742251,0.003029124801801522,0.0038277465862155895,0.00518871448577356,0.0045725679370536045,0.005039977786518931,0.005087817078719413,0.003011392001825161,0.004371246826216523,0.0043168616866876555,0.0020393694663144693,0.004589797817214664,0.005135608213540098,0.006542367993414468,0.004866446214691015,0.0064933558832156076,0.0038880781399553742,0.0033155385637890092,0.0056628118734761024,0.014536820200850092,0.004414559846423283,0.0038596573555539663,0.004191485813695049,0.004661815694305556,0.004181517312935723,0.0021343572646134942,0.0034901086254641826,0.0037066413702140184,0.003422563913791847,0.0035402368285828412,0.0017490837913811058,0.006360908776459431,0.004130204904554769,0.007923492534983116,0.0025449221835585475,0.006238231085732875,0.009408249350252631,0.005005743511867999,0.002071405111094987,0.0036327207557473903,0.002336450833193438,0.0039008119381894403,0.011794303549586514,0.004426574932170321
3612,0.010311629456111318,0.005655435472674452,0.006915523171970145,0.01404445331786997,0.003953692935295846,0.010933571426268699,0.011506723221794898,0.003581617936959264,0.005999150666172096,0.007114116958545018,0.002952886781042653,0.003980633768753085,0.006724998295697372,0.003996613393815629,0.005433354830116385,0.004595784041675973,0.0034900368717265123,0.0049640885460154344,0.002305685365993934,0.008143447606231364,0.004955261440230952,0.008973243081697002,0.009879051470351343,0.0024635802567041574,0.0018109827355221467,0.0037052688708257633,0.007196276654838442,0.0025187796405355027,0.005222373849891574,0.0038575181140004934,0.009772486866496306,0.015140083870886785,0.017333783368407633,0.002264904415902238,0.005911020988686354,0.0007532518728502035,0.003970821466523505,0.0020256903821995395,0.0034497276466634364,0.003197536928762032,0.0033591107531282687,0.0025675938333403936,0.0022229471973853514,0.0076305160385590366,0.0035810686373645723,0.009631614560560026,0.004093371317149263,0.004522265229624908,0.0031794194662097728,0.007918390083793296,0.005256746028073965,0.0018159417527520453,0.008750232930778746,0.0065928884493854385,0.01493495139036251,0.002068900142440224,0.010578738995065902,0.0028986230605383355,0.004212934585167474,0.002160031593917886,0.002857424539450341,0.0052044754352607815,0.0041407063050333155,0.0035806330590454297,0.0074348389265076744,0.004083364249415042,0.005165456734141221,0.0030083662364338145,0.002151633139103882,0.007215057204881175,0.004157806060675857,0.006351738948898906,0.003924564919664176,0.0077106534873278045,0.002676126776986745,0.003292921902754082,0.007664074425555567,0.014105854262236362,0.0039972184905996844,0.004275492132287673,0.004265831782724658,0.00640202358365169,0.004386023168853142,0.0027292008630457427,0.0038852402557038685,0.0037189028942189676,0.0037197803769099653,0.003972573861723476,0.002024314400364167,0.004601171354512834,0.004516318965127507,0.013637697039461352,0.0017435502913726803,0.005243146818734084,0.007379762500119494,0.007055611874766909,0.002649507068274618,0.004147607842641718,0.0017984346680943182,0.004032747723742277,0.00956614743301977,0.005804610799610248
3613,0.0077650990204349984,0.004015102218912109,0.0070061724237590285,0.006606187834542621,0.004309926503455106,0.008293884118182595,0.009169514105145484,0.0027395679266332407,0.005087077317777709,0.004760457804810396,0.003937609057884654,0.0042405555480140335,0.007741639546159251,0.0043951003338238955,0.007068802988621527,0.004934315756585183,0.004461066855478037,0.005355403849039739,0.002179715293624215,0.0077309767265827415,0.004336217897197403,0.00659244632232642,0.012699404075144758,0.0025806407289356847,0.001852970470302226,0.002737599361620499,0.00768681317747959,0.002394991899807343,0.004270273109122445,0.0028251535301520186,0.009959087800898162,0.015417973728487551,0.01561315657171469,0.0031092285078513932,0.006729451618071435,0.0009162768096414687,0.0042010605361552916,0.0019565506797689885,0.003199038369263667,0.0033655096011988997,0.0030603243342578945,0.0023146838454100073,0.0020966693532898572,0.005559126452532087,0.0036311747374859135,0.008941216367529205,0.0035715773180694174,0.005271369683712269,0.00265025150755434,0.006649139804598811,0.0037839053564776575,0.001824162831998584,0.008084903659530178,0.005134519562946586,0.013686625297091559,0.0019101536459467843,0.009535801631869081,0.0029365569437030015,0.004080112713562552,0.0032624009927531552,0.00356655337356851,0.005407760403958954,0.005128593972103599,0.002791116149009876,0.008019914460789639,0.003100941591412387,0.003802807272292157,0.0022190459239968827,0.0026649191785493975,0.007821835527737206,0.00467262500926357,0.005484603875079356,0.004028890430831507,0.005884920194251312,0.0026619672308268493,0.0036105533057777268,0.005344733708731721,0.01754804078002957,0.00372489704306931,0.004450928096319143,0.0039059351782902577,0.004861488221717621,0.005512239796821332,0.002302400044651844,0.0033812868746076648,0.005975021718723387,0.00508969601598024,0.003934277347408092,0.0021179337615968535,0.005531935134312064,0.0037747392704327036,0.008646559164411757,0.002427410426420339,0.005008480801337283,0.009052750534362974,0.005430025206357296,0.0020577293119170208,0.003745323737553221,0.001945624180822129,0.004309649741427086,0.010760589993215773,0.004441556603005915
3614,0.008842528023320834,0.0038872021904105655,0.008130600214098234,0.00952982598738426,0.007461002098597478,0.010162656882313685,0.007209446051661541,0.0032332689583660246,0.004715042998594283,0.005962152827227261,0.0032343259554921903,0.003919999639605999,0.007476723427922759,0.00678504913867414,0.006874482230420743,0.005004583480457975,0.004393868774315298,0.005129001843671287,0.005171825583452382,0.006663169801422752,0.0043277594048142,0.006676931817647012,0.011245638605746415,0.004059652149179003,0.0020748310342605337,0.003331439818843132,0.009315579892343948,0.0031687348554745587,0.004940134460426664,0.0030501553817646374,0.010193010190263604,0.013942445971571304,0.014905272243701697,0.0027753972886975513,0.005167848485769838,0.000843201083390438,0.005448332002405168,0.002583606859337661,0.004508420872674997,0.002790091663477058,0.0030740496180598252,0.003272876077982672,0.0021116519682825843,0.004496994871502961,0.0037123453393361843,0.012114029263335232,0.003013629155649218,0.005094614889708409,0.0033208990464381615,0.008081072615958314,0.0037758345439898216,0.0024526082659935733,0.004171039787175211,0.006342928194553394,0.014313960264542833,0.0018511344538016247,0.010259426682356758,0.003931633796785174,0.003124218217960519,0.0037829995423107206,0.0037496306049601873,0.006334991776167665,0.004378978445051638,0.0037213789490813214,0.00620305216559531,0.0036847228295680736,0.005153087039515124,0.002242466160528819,0.0025325226351326684,0.005755443203521023,0.003970073587880094,0.004854621937820707,0.003605977203607816,0.006565581883045442,0.0028653065053658405,0.0033710747427232682,0.00726729830146611,0.01527079157487636,0.005295513103586118,0.004179679574261538,0.003605773633198307,0.006278382103840022,0.0045960992742853125,0.0022225588636241773,0.0029939088883304413,0.004745210865067437,0.0039052199049117078,0.004089033075340347,0.0021643604470930524,0.0043651143172840235,0.004338448163386718,0.009888249897608184,0.0017014778636094332,0.004039094032711694,0.008651357376660096,0.005743442238676193,0.0022578661015353577,0.0033121528100700675,0.0019587404981815013,0.003841716877416854,0.010571464326541335,0.007658840923727552
3615,0.009059185856785395,0.00375481382957896,0.006796782169299039,0.008960820161748753,0.00487139819804029,0.005252710350400892,0.006870632283993652,0.0035516981475910013,0.005307684163126068,0.006049904522029789,0.003697319266939269,0.005504569582956145,0.007023328324218331,0.0036584043408884326,0.006257356535361933,0.004661528584387219,0.0033315879547555246,0.004447198273719512,0.004443948563529827,0.006292632072594929,0.004373740405951545,0.00708214809038294,0.010523622516199801,0.005449856280844834,0.002330360267911665,0.0036585325400985587,0.006572369655250763,0.0028595824868881395,0.0061896357882276695,0.0038967150964629126,0.007424180744082625,0.012430751749814123,0.014867927558263274,0.0028881011884043617,0.005527454340950444,0.000840465530244547,0.0038861312199099875,0.0018771736614506425,0.004723352235988437,0.0031154548548011306,0.0037768921801787925,0.0036966952729692555,0.0023558903643600103,0.0061549442888181915,0.003683829804566799,0.007800295920674353,0.003805577963806855,0.009278966037233816,0.003369779163528949,0.005877992353373207,0.005154389007820548,0.0021636409215758734,0.004496293485425109,0.005322626743012577,0.015241654183588697,0.002051342835646526,0.00888029320749571,0.0036081861938153854,0.004864687636334997,0.004268738350994562,0.0037000083978262987,0.007753177681130093,0.004925437917377045,0.005813056484116526,0.004682213563789455,0.004007037493641625,0.004790427836938713,0.0020487519848830953,0.0025365194690524315,0.006650400173331573,0.003902201150949213,0.0053065675659971605,0.004043413682079301,0.007190533289274054,0.002562227879579501,0.0037488678796200165,0.006671240507291165,0.013610734470414372,0.003741308400129784,0.003931931002782661,0.0037970022720726438,0.005820538833664644,0.004331624909278856,0.002268277755000038,0.003271698477476405,0.004607725802272052,0.003734726164330396,0.0037418362431517736,0.0019455909234403896,0.006529718769823268,0.004063952159705115,0.009884229456389022,0.002291921372398911,0.004630922848377642,0.011239183867092979,0.004570493913574341,0.0023082284218733954,0.003188749714854725,0.0019217150847327315,0.004017211366109418,0.011089087773675156,0.008766281849417499
3616,0.008597766416345092,0.005120364484276534,0.009639425096777487,0.00862164801813086,0.005643604246081079,0.006814651530118578,0.006361349587701119,0.0031760047716900327,0.005557428296740684,0.006365093810663841,0.003970184380706733,0.004961594838726325,0.006469591860577135,0.005493074467512872,0.011708422617387837,0.004986021974390946,0.003809280714360564,0.005501449548480144,0.004104996867057142,0.0068505202082194796,0.0046907992671352036,0.00725187125340174,0.012486392522631166,0.005002146142803149,0.0020218891432708845,0.004151849340615483,0.007045754437830175,0.0022627175395400685,0.0064503347716765415,0.0033025822246123397,0.008167493251478036,0.014438374538090923,0.014028937630756742,0.0025772389090230425,0.007880719839504856,0.0009881243813285555,0.004670003133246725,0.002114889312894201,0.005055415475483583,0.004308421201224575,0.0030195514841022237,0.0031434789061444255,0.0027697480665920485,0.005173029514061826,0.0037287912554028997,0.009374785086836599,0.0033953671046893174,0.009492272714533003,0.0034351332694443158,0.004990552882098808,0.00438609652616028,0.0033144684947639565,0.012021940483364456,0.005694446767490675,0.016634504004301907,0.001950289081046079,0.013176615885375135,0.004019452552699844,0.0048183853550916545,0.003529420496453836,0.0037463217220513666,0.006101298828622379,0.004406776458474179,0.004012347140157493,0.008581740141626016,0.005331003786251895,0.003680870052868763,0.002248816309538561,0.002403384748253217,0.006142219026109042,0.004770377821879909,0.006410237226620042,0.004407042655277748,0.007389385299217256,0.003990618753201735,0.0050977658175781326,0.009352552127371697,0.0160698246221692,0.003965915640456553,0.004403443755563336,0.004057133431416691,0.006607548383875335,0.005228277839222435,0.0025477733503708414,0.0030031297425313396,0.0049640588837664605,0.004435494032985688,0.0038485693083785896,0.0023324436990719488,0.005786352591217011,0.0055438598905701774,0.010798348685318392,0.0023022199278788227,0.00496609049472331,0.009996698521849338,0.0050201785222009025,0.0023665098282118612,0.003047924492280087,0.0019047326489926581,0.004175967621608376,0.010668334907994997,0.008765108959845083
3617,0.00926457502588292,0.004784330032753704,0.007442274985303544,0.01284430696938574,0.006817383515029093,0.007264027607767371,0.006459691690957092,0.0029156205721353468,0.005417906444050073,0.005913200045846568,0.003559093470927236,0.00575806497757376,0.007564546550655966,0.0036676880643337025,0.006527229303152494,0.004297108158011654,0.008037935436673579,0.003050377530871588,0.008448369489768725,0.008487098666067812,0.0038574338487196926,0.008223016041775244,0.012205783779802479,0.005906217220477398,0.0025458750611886062,0.003097898117176508,0.008699184369409543,0.002624339885911924,0.005609018995094616,0.003590500350827971,0.006897520865095854,0.012709227050582564,0.014683105023279736,0.0024140776371969377,0.0060577820221719555,0.0010706641412315228,0.0023987104651957435,0.0022078486167211656,0.004939336481011967,0.003193278942770672,0.0031809776568797635,0.0027125410611252296,0.0020577622992615724,0.003724656408239638,0.003173433740580863,0.00816961236584013,0.0038088379263000044,0.010048082365763036,0.0030473295041080553,0.005130494130680215,0.0034596256743516783,0.00241023068171445,0.014057424034587394,0.0063565933548658535,0.01900829370304203,0.0014521423926604502,0.009302131393452987,0.0035467826729919053,0.0028338320619702853,0.004196790353328613,0.003699674357149854,0.006238070253987355,0.004346228193256085,0.004172907722932869,0.006123009495624348,0.005642060806541943,0.003987150948978518,0.002633947762813968,0.0025603536493926946,0.0055153690916531104,0.003669527732357316,0.0057677639921630336,0.003945429436170438,0.005899794676028389,0.002467911427068367,0.004006046218522528,0.0061679818584165795,0.014854938934944455,0.00410220978524959,0.0037479947632897376,0.0055206606649616,0.0051139381866218475,0.005393640663579111,0.002022043918756679,0.0026620316782783745,0.004388769853090868,0.0036939935152345985,0.0038174425835560914,0.0023922606258665745,0.006592908741111494,0.005333071659715201,0.010626795104454141,0.0019292013673683258,0.003875488784062032,0.008690733769869985,0.006326357741195837,0.0022100998061486254,0.0036873764163040633,0.0017782701001946264,0.004182887894785969,0.00982073132006567,0.009763945280425863
3618,0.007758623425107351,0.0033776957141689527,0.006924660102202705,0.007828815279053752,0.004859962972419801,0.00584845037669063,0.007123131605271272,0.0033941004760406914,0.0047356528347929795,0.005228659609704313,0.0031766393509809303,0.003674888653788979,0.009178704325343083,0.004431435753619811,0.005449801354877412,0.0034135373511237953,0.00529643865614852,0.0030646932801850105,0.00575576675702845,0.006015573715959776,0.00457156838996924,0.007373504343992963,0.014776486649815665,0.003087509842930874,0.0026083990022214404,0.003717594879954156,0.005516889563055155,0.0022572686796910567,0.005340047228766783,0.0032542190413521934,0.010337700300035106,0.013018080560313448,0.016546002530986183,0.0026488978988387477,0.005643119354392876,0.0017172925933001116,0.0024024325500305514,0.0027232496166749286,0.00442823598967415,0.0031715732691842764,0.0030472264360539617,0.0029372424511831343,0.0025972197192186655,0.005399187446543235,0.0034165649818452414,0.015044771027465353,0.0036363409265195534,0.004249278074246482,0.0033790979540363193,0.006888037131318146,0.003297142104397295,0.002252532152151952,0.004732699803889517,0.005351247101617199,0.01413353941616286,0.002311228970796918,0.010077327238773012,0.003837358560825911,0.0029492837954648208,0.003741675494940274,0.002793811424360315,0.005964798161151682,0.0038564005651042376,0.005274141789763577,0.0035255401755240083,0.006222704789685459,0.0038100291884949535,0.0024070599816107814,0.00264458413475253,0.004999651856064999,0.004698165083820233,0.006253790655168618,0.003928172547341374,0.006704853160384165,0.002218215196717379,0.003749758533374464,0.006570668234051045,0.01553122098175302,0.0036816458324196587,0.00471526941469474,0.004345993415397933,0.006724217879808685,0.006085317760085326,0.0022810447022124773,0.002906362193984928,0.003922391648045076,0.0033999121139187513,0.003668139918550391,0.0020046059207444056,0.004784690211636267,0.00501624658025516,0.020221166631331652,0.0024628665724971553,0.003358708777335673,0.009183217335245238,0.0048607874633786186,0.0025343316193807168,0.0034025816168851567,0.002159889648515274,0.003819252380461965,0.010841856131938126,0.008310653529701534
3619,0.007953364680487409,0.007968819428599139,0.006995256729448776,0.017363295760743504,0.003951642012730982,0.00820882871811521,0.006150924230711561,0.003399476003577183,0.005437564225914221,0.005994929770586125,0.0032850512174000058,0.004272421459708724,0.008189370691676936,0.003376703415175478,0.009144330043063054,0.003596147404286426,0.004971463812266991,0.003457801687945343,0.0026452109423974394,0.007708852395155096,0.004682957604956502,0.007738663404980563,0.010968962136242742,0.003666869159440939,0.0017424640488544548,0.00353919230361174,0.008739336172766482,0.002547210461640439,0.008995149643077226,0.004292522248232543,0.007115892347960375,0.014347367466902617,0.015459917788556361,0.0023073418389462376,0.006242259088451815,0.001286837032317729,0.003698487559974159,0.002687421417736262,0.00640925637360842,0.0026474231746934918,0.004240186940421447,0.0035223104301343525,0.0031764530379978545,0.004663986313030539,0.004593157868432126,0.008749133520857549,0.004249352204423689,0.003248635145601687,0.004585811067915424,0.0072009749673500245,0.004560018596633189,0.0027678433987279485,0.004684244958543872,0.006583940629590291,0.01475282820592846,0.0023192333228915494,0.012480097537728068,0.005856161085384818,0.0034339354680540343,0.006425622673217604,0.005960020529861564,0.0055040960622686355,0.005554560056018773,0.0033516680151136923,0.008365816680308056,0.006010199352671375,0.004516020747268713,0.0044968296183884844,0.0021612605855216714,0.007853102896175792,0.004203087138680309,0.005824132608527157,0.003876722511947527,0.005320639033964229,0.002511084010293349,0.004697034994881974,0.008152686239112342,0.018588977170403382,0.004185345547204852,0.004607511752402703,0.0033532945448377116,0.0061542734485612455,0.005802485730717252,0.0020054059447876206,0.003926982576512909,0.0045611146798504466,0.003637437892742019,0.003626428728769139,0.003203950347407357,0.004663301863645044,0.005496713809448213,0.01287551224181412,0.0016296188791710877,0.004953855350570909,0.011330655775493517,0.005203325739631206,0.0022886065141457346,0.003686051680585394,0.0022187169209774323,0.00410093490228934,0.009311969653537972,0.004650143308805987
3620,0.009087094854148135,0.006375724247636521,0.006741893664570932,0.015214949513237064,0.00375982663959912,0.008547483675120222,0.0067044258076037035,0.0038228800511813333,0.004453330243784411,0.005487934179604544,0.0036785011854258446,0.004089890839201805,0.009069980210984572,0.004632593340209662,0.007258276416668511,0.004816303159144618,0.0047293022131757,0.0028454526470616612,0.002772782755859027,0.007164212700922607,0.003933012566862017,0.006833779749687676,0.011820507784237254,0.0029921912600228496,0.0023340078739197594,0.00384445193731253,0.004733543490562186,0.0023057995158485647,0.006713441435616608,0.004465100817923351,0.0072939520787431815,0.01386759377250817,0.015397438640088676,0.002452198572131109,0.006541327622459551,0.0015871264034570658,0.0036173193791090956,0.0029345330902699955,0.00442627997347431,0.003260962706592495,0.004172315894516701,0.0037828620729985643,0.0027832156507832436,0.004759244063657534,0.003050356108227884,0.009016291816852241,0.004406774165714609,0.002736959457386129,0.0033631359370587593,0.0038135164944136726,0.003795301526061514,0.0025609191310732417,0.0050711526627328874,0.006707230563686322,0.015050697298623674,0.002403229845627457,0.011888184872217494,0.005014394406869129,0.004218749154284734,0.003712961443065879,0.004130951490465349,0.005989751527193236,0.006011784744243075,0.006810850647398489,0.006676708811609493,0.00550322666212378,0.004111432659840698,0.0041181025352453856,0.0019253510267788466,0.006753678205214487,0.005663662255110345,0.006182570636952311,0.005207639847263551,0.008040422433727386,0.002771601106457803,0.004886064949987751,0.0077280470255253605,0.019573830239329182,0.004016586325311195,0.003966527549992654,0.0036401769023177923,0.005536244505342216,0.005419772809819605,0.0026403749997904917,0.003928024168579167,0.00574139769656862,0.004719527749943579,0.0034949186991518923,0.002172083957925463,0.005193060797254801,0.005049668302945158,0.012502940854273264,0.0023104024930853746,0.005602494219729755,0.01012903043035074,0.004746844035008395,0.0017719421598473783,0.004354796684056481,0.002186493837431479,0.004312078051076123,0.010494512070488687,0.006012259044949158
3621,0.005503434947352106,0.0077178883392620135,0.006533700275057697,0.016634734301740582,0.004825221235637214,0.008333711558641661,0.008100397513685235,0.003157697507815913,0.005468509465061138,0.0052965867034078466,0.003820787769199484,0.004654842501023003,0.009906849559767282,0.004577982788454491,0.008431466363058604,0.00559233393359391,0.006059726614174273,0.003622761157094045,0.0020918376551181473,0.008513451127356814,0.0041737022489871725,0.008781971861373972,0.00979458288855901,0.003849611640313195,0.0020589892968749498,0.003612194595786435,0.0072201910507826705,0.0034224894650585654,0.008173008959561806,0.004379615216901994,0.006869306319112106,0.014283037987935293,0.01481420812361402,0.0025453008459532093,0.007118818958087063,0.001886079732666891,0.004525219448634868,0.0029984762509155673,0.003671152299373258,0.002792536681567781,0.004039853833237153,0.003920890401736077,0.00323191377125075,0.005942342593714008,0.003719508079307937,0.0047312569479599975,0.004418415255824879,0.0038939251815875288,0.0035319090335111138,0.004638921476029496,0.003497364518712165,0.002233658236588536,0.003961368334122085,0.006965200037274295,0.01398578522785603,0.0017272456977513737,0.011451958195033713,0.006228605166123897,0.008329803171691437,0.0034429471684378067,0.004047594627184156,0.005752754201113042,0.006243082884157392,0.004180030968841398,0.006137361596281857,0.004721172220252791,0.0035774916334966604,0.004160476071656934,0.002866154203402847,0.008358615187054778,0.0058127615098220895,0.006369370816315025,0.005288506211685745,0.008634005323214154,0.002951773172961432,0.004643183256036169,0.0077582343523827065,0.018310824118369384,0.004240479586013613,0.0037621766854553955,0.005441809453902805,0.005341623840250864,0.006317156010879483,0.002688596778108488,0.004402260888791315,0.007654241743102786,0.0041384152571046304,0.00341076334657747,0.0025381518836903733,0.0042429572668808814,0.004648887201856152,0.014246121966607964,0.0020485972583186934,0.004033831173625224,0.009222524101408287,0.00484183860684404,0.002474468206932944,0.003687047824147442,0.0028525644753409998,0.004627297733066086,0.009950837325467891,0.005323109568763313
3622,0.006888558406456392,0.007270003423180206,0.006912975113216247,0.014279284300439106,0.00551592465467414,0.00971242524491938,0.006824841753549732,0.0038191578273515385,0.004328499674556103,0.0068014476328419745,0.003407083052736097,0.004553004176895886,0.006119268103278591,0.00494347328161947,0.010263819577801616,0.004974519825621543,0.0057467177109482665,0.0031841217830817915,0.002369417599632625,0.00592573616024507,0.004354325556522619,0.005808256504463446,0.0089360855054601,0.0023341516577890468,0.0021458412007766096,0.003839999328466505,0.00825248654333167,0.004621017436231183,0.009251180231316762,0.0031049411232989405,0.00616990038728581,0.015005698883477888,0.01579811113083179,0.002804980297562086,0.007829101365952813,0.0015611692774208177,0.003224063930153067,0.0021236226569827446,0.0037031356924433576,0.003401856971595291,0.005048038692741069,0.0035062630228559766,0.002746997057297751,0.006302496969962881,0.004134811237423823,0.00460115369382403,0.004537904817020915,0.0035552172374828128,0.0027474052043493565,0.004465858707378692,0.002818385655428076,0.0020964489605426154,0.003436381586179897,0.005927680851959378,0.012991995734560339,0.002193966242512968,0.012970359725268464,0.00543824894440916,0.004111072157409946,0.0035810125955155637,0.004936406960961506,0.005410150609745717,0.004931571885043774,0.008361655354788193,0.005151014773100976,0.006041462098905108,0.0034651941221410295,0.004160476071656934,0.0019285654701169696,0.006771972312627911,0.006103065714762675,0.006486904888798828,0.005090159007790321,0.005331394293118839,0.003549256106275437,0.004954381515582117,0.005759865752999347,0.01692557580431358,0.0042248434011615274,0.003816408299985778,0.004270875045277727,0.005734123603140104,0.004310248330379565,0.002930090440564809,0.003962920354574962,0.005624822844414801,0.0038276834911539315,0.0039026108725776472,0.002262374672706102,0.0052408827886383895,0.004876899136504823,0.013757858516246477,0.0020899933008703834,0.006052290444045522,0.010361597694319304,0.004953338145410056,0.003810121376381228,0.003910644601254221,0.0029119834666753892,0.0035422757499048974,0.009744367662160244,0.0053485636433636815
3623,0.007311385035585792,0.0063342677311575245,0.007085691989165661,0.01322225137018411,0.00632548344318946,0.011134896135014307,0.00612165282001014,0.003344309048803816,0.005278924024446438,0.00631446720563319,0.005103120928712641,0.004957950076504483,0.006340411329450135,0.004466184793358118,0.006675216208846838,0.005697726178905886,0.005244877438970013,0.003514822696774307,0.0026646990701318343,0.006000760786633377,0.004587532858909887,0.006603765353102007,0.007184385903413623,0.00436748248255934,0.0018004305712457684,0.003550589822222353,0.007822445805651619,0.0034311086818669878,0.006902691005779401,0.003458529537266926,0.007372518389643063,0.01342939038098197,0.017495078137433177,0.0034985592303652404,0.007467873532029587,0.0015626483859494623,0.00378138843221452,0.0023061964938819444,0.0042261810154856335,0.0033452816609188525,0.0037670276603853467,0.0036730126842856483,0.0023058431812450837,0.00465662960494949,0.004795293962270661,0.007879262725853195,0.00483746790701166,0.006165462428081096,0.0029435982711531316,0.0061398022691851895,0.0032437778878753394,0.002071049793161719,0.0027464955036551057,0.005862576209559991,0.013730681298400363,0.002776649902732503,0.010730354778585723,0.005813479308461098,0.004787002446200352,0.0037066463868173105,0.003818515379795709,0.0055179466065395175,0.005699898949019306,0.004245649514116419,0.00946017872634544,0.004806042139217937,0.0031403605606075014,0.004043407707783447,0.00205093136353433,0.006421261362339324,0.004883629300332494,0.006649501280409567,0.0043265681639291995,0.007110617179299893,0.0029092606527503593,0.006066532548279797,0.007538401917970858,0.015152926929881027,0.004129490685915524,0.004183035811045702,0.004885107186963008,0.00667701148879956,0.004408758475832772,0.0022968445557506483,0.004351536069287568,0.004050697545894647,0.003332901180251252,0.004079411418901696,0.0022089273254105157,0.00550269585779144,0.004898870224843672,0.008492818756190514,0.003470132985103958,0.007632583827885924,0.010430985205105485,0.005356791849511285,0.0035162024080929947,0.0033413904320623183,0.0020277910508552928,0.004048312197575964,0.012153484533367898,0.0059375217207006
3624,0.008986247319701353,0.007237158748614195,0.007903957798988143,0.021120224256802184,0.007696514422845471,0.007602668451609965,0.0077341613273970876,0.0033358555799686733,0.004376294548667762,0.006470501680109446,0.0037405332076495797,0.0042853999896237584,0.008516679769692686,0.004949698559979584,0.005227751865044883,0.005272913890469782,0.004741429210005732,0.0037520505273776436,0.0019746209976802412,0.007597934750442685,0.004999183649909498,0.006394754106312443,0.010037269407001712,0.0057130221413908815,0.0015415519571720041,0.004837684974884558,0.008053300886194888,0.003212707997977019,0.008533013829616909,0.0046532282165041685,0.008785192715529147,0.014733602004554622,0.014794607908213053,0.0023917874028982836,0.007596733326271639,0.0014269501207478034,0.004559544558528728,0.0027331360325714904,0.006095379482278924,0.0031224726381952035,0.003138140538444835,0.003939529666755495,0.002907263355134672,0.005065968077024541,0.003984750619395919,0.00375114116980911,0.004869046364808207,0.0077784036546432785,0.0031360487322076194,0.004088978065132543,0.004653343133094108,0.0022470117607348286,0.002090161284019562,0.006428609811964104,0.016391464058211458,0.0022338251901811586,0.013035598819308917,0.005979876538893768,0.004356727151149453,0.00377312533319829,0.004123317070246421,0.006450557765340432,0.004791085900089533,0.004862539664749596,0.0065579217522977,0.003896676583240565,0.00519976334554408,0.004273173320961915,0.0022254699137415446,0.008552334226124204,0.004425563322638915,0.006190052478986834,0.004423306937558007,0.008553816317260307,0.003132189962892124,0.0067777800550341384,0.00874203886481095,0.0170265935656719,0.004241753456390483,0.003935449571256556,0.005685455438375412,0.0065780429963251535,0.004353034432764274,0.0022276202938346246,0.0046778021075682226,0.005762794228700906,0.004438892505188683,0.004453907465845768,0.004132092596549343,0.0070900218999039345,0.004644662928182253,0.011009733590425947,0.002257394406881258,0.007240556315662653,0.012421421636883348,0.006039989653599691,0.0042556004701670815,0.005321505478539739,0.00200228844624939,0.004559336282953939,0.011928132814366794,0.00382745970721999
3625,0.011409056213442305,0.00664623922899165,0.006980817010305397,0.0192112113408706,0.004028780245145167,0.007971444043371417,0.009004778338317462,0.0045834207830012285,0.005064073792685112,0.005648489581402547,0.002837306606121943,0.005119684885069119,0.00930645709541475,0.0035451981853021806,0.005974718689386475,0.005668136461462892,0.0060903421671378985,0.0036210125921886036,0.001672780712705063,0.00771205267679258,0.005776640759517634,0.0031939428637156584,0.013030655290882393,0.0026197196698449334,0.0017018927504198443,0.004238182267642307,0.006148494145770648,0.0037129790732071915,0.008619137127267853,0.00415003953771022,0.008309835538538894,0.014079721298084406,0.015264397603863729,0.0029099764016762802,0.0070600544649637885,0.0012935791963592919,0.002560099869629133,0.0024333797253183295,0.004413452128704657,0.0028221424789759073,0.004126166319721811,0.003424051131389462,0.002643475992524618,0.004131308590254286,0.003058141856211291,0.005356488300177395,0.004296383692394817,0.005768098276251368,0.002929269080301257,0.00503988308914776,0.002197423033310502,0.0019839541423583066,0.0030977754311472625,0.006224884445589768,0.012903197610014945,0.001950508272725236,0.011147107118285359,0.0066012122684596395,0.00446036077724044,0.004084641523494258,0.0037523155495585974,0.007611177082173503,0.005151837111386923,0.005129354081953559,0.008232422197722432,0.006490651921912612,0.0035282005314429166,0.004401143758752763,0.0021487082603948286,0.004605538048279222,0.0037231780825862683,0.006681794496117384,0.004225630797955905,0.009463059092288305,0.0024199000591778566,0.004019989218684343,0.006434720608145698,0.019524897511682418,0.004113346855475762,0.005061883877430818,0.004493798396902951,0.00623804534870782,0.005352353876672388,0.0023555582099831734,0.004640838623179069,0.006032912525743522,0.0044296485752000365,0.004182893775571135,0.003200069286408094,0.007251522485877007,0.004999369606246715,0.009495753192462673,0.0023241517167079603,0.0033395775121262275,0.01333092143785773,0.0045553826355658,0.0019775085605638534,0.004209249136360072,0.0022854388558014244,0.003197068971321392,0.01015649570488846,0.0062502561567471734
3626,0.011119020267123405,0.0066049802725846474,0.007769848006217485,0.012195323230662853,0.004014938501443689,0.006799407844943881,0.008026659162270942,0.003945850724202231,0.004283297144537147,0.006206058744481943,0.0037574378674271576,0.004683509188929377,0.00999015599411537,0.004726260903634931,0.01992688557436349,0.0045191098472905115,0.007724917346013792,0.0033556186389651116,0.0022748524351789523,0.005138977705560154,0.004326962962683911,0.004452136866637924,0.015082774653762515,0.004082096573259952,0.0021492385374807924,0.0030211409753101376,0.007486418711610645,0.0035457342620855955,0.008556367944748957,0.004605081791206125,0.007707082560104525,0.017322657242481967,0.016431128460305762,0.002268930456042074,0.006915587935727055,0.0014765910888954467,0.002640289074995582,0.002350488334517296,0.0033629598322857885,0.0027645532991203694,0.0031444101467346824,0.004091940496912355,0.0025560823652387016,0.006690489435646121,0.003188582132928281,0.00505422101829082,0.004997401175607084,0.004794278085902704,0.0029983723730376294,0.009282919445282235,0.004239799506864943,0.0024089796688384546,0.004143654344226511,0.007419646576258143,0.012547066898946056,0.0018254192966457347,0.010937912299769908,0.0050832839233808085,0.0037935199365248546,0.0032245336653750002,0.005205895577171626,0.005327815201783984,0.0059258058541347535,0.0057051528567213725,0.008038871114763516,0.0056083577278565585,0.0036287618880922854,0.004570569819537388,0.0026118366174253914,0.0046073017673968165,0.003615157480406225,0.006199189736227011,0.0036802498790558203,0.009540888069001387,0.0033096257086813446,0.004238187956570519,0.008032732688900934,0.023760397584506553,0.004640651691720105,0.00712470955442607,0.003069759351785495,0.006376926934201723,0.004932822011018815,0.0019894006898152927,0.004083740318555558,0.008269641917518325,0.004096023539251761,0.004325466631223295,0.002454862697658844,0.004620039579597227,0.0048839025286659754,0.010252302305470156,0.002112545975984506,0.0027172937196382673,0.012068827364102846,0.005926576758867087,0.002109328520678617,0.005138373990448442,0.0020822494442634715,0.0028369304306269318,0.013370566214477861,0.007578962669444478
3627,0.005664504969016845,0.0048989439226565686,0.006419196562807442,0.008565496392145362,0.003275169950285908,0.00556356730980443,0.0065565160646219285,0.0038669129037833456,0.004792436524791487,0.0065204032348258325,0.002440976458649875,0.005973413573597585,0.004307169622902909,0.0053845176051876475,0.009340688593860735,0.004589839602996474,0.0059668146678557785,0.00512642943793778,0.0035413309935348864,0.005363359792599182,0.006210364539263914,0.0032091005907155254,0.008015063155736774,0.0035422463443001858,0.0023088797645864248,0.005362818589843371,0.005819190674237944,0.0035003706282539845,0.0037189124232530615,0.0027242756905037227,0.007823483552260289,0.015414338201018648,0.01818766200388418,0.0020620807932605176,0.002741529782122564,0.0011202964081580549,0.0032780514973863974,0.00205496056843621,0.002776927886492845,0.004934692952629416,0.0030725175843549835,0.004146117852405471,0.002964629206586904,0.005008268074831005,0.007032166232176476,0.0069598776595968075,0.002983065187351631,0.004067400639825521,0.004284576078952568,0.006805883131405188,0.003430081035343312,0.0018548311732340553,0.008773469395655443,0.005174537497931522,0.01580433886787486,0.0017568945324857833,0.008648447411249068,0.0038351664199577614,0.00427399198441294,0.0032503272147715516,0.004841745888959256,0.010076150162048795,0.005247268725778406,0.0045057602648776755,0.004547562862145639,0.003357302265731445,0.006113371457868575,0.005502103479648167,0.0032251478506342785,0.006904258270400188,0.0041283240641272045,0.009443556842667844,0.003841985621850548,0.009568064708044504,0.0016961540997476802,0.003455854734987026,0.005977734536671234,0.013157698690512394,0.004491455732336512,0.004380629266025004,0.004568705863842247,0.004788799013199815,0.005016070039854804,0.001960128785869973,0.0030584968175117536,0.004130584479575627,0.0036214411246822875,0.00473427689043484,0.002060593725547289,0.005267014578373102,0.0043427301446537486,0.008506106753402274,0.0019302765561419884,0.0035302020051831712,0.006718163545282949,0.005421487348072624,0.0027265642539218947,0.004060054021247048,0.0030805252134735264,0.004148554711124358,0.004946817920110599,0.00666903010928424
3628,0.007771150178207502,0.005343651658512063,0.006836063442809599,0.021035298319508008,0.0051584082083302625,0.005693067780559949,0.008291290009688266,0.0039369505854205625,0.004135039533632611,0.00971731638449353,0.002298642277570678,0.005595994300317842,0.005113128132324301,0.005262508130581211,0.008805632656995202,0.003836866724796153,0.004651149393102585,0.004892304706741386,0.002826429620417573,0.009940746624240802,0.007564413224918081,0.0037221112629649005,0.013517472024838405,0.004102302768448983,0.0018512285443627826,0.005123916656130542,0.015091078019280516,0.0025427155511198837,0.005885454273295769,0.0034427913581956365,0.012010377736130043,0.01600538497580747,0.014048188861165664,0.002210244883862649,0.005267810280677006,0.0009153618264949625,0.0052590519214748225,0.0023023232110741068,0.0035828340208505045,0.0028482788394805663,0.006486439754353622,0.0035303619292854278,0.0019698787122173233,0.0063792405749760585,0.003944143615270205,0.007154833642937296,0.0054104665520631956,0.004985533942559679,0.004023054924749931,0.005556139213017024,0.0031826704535854703,0.002336603071005201,0.0050496967926690825,0.010627125746500269,0.014013200511713174,0.002135785882072025,0.009068239302213713,0.004045818390757235,0.004943299503104981,0.003172097908882539,0.003720821279141387,0.007060509206075752,0.00457023822182561,0.002591123562024947,0.008497622638504225,0.0032632502986760384,0.0032421331197730425,0.0038703874456188932,0.002267680185087843,0.007773515680227994,0.0041371099643569996,0.007196721043376087,0.005183521869742169,0.007689920626780827,0.0025862871822344624,0.0040254015541245,0.007262124805790656,0.01360169343012132,0.00426279523565704,0.004567911082432824,0.0041432780680604585,0.004861981674460656,0.005027345265248126,0.0021383909239493927,0.0024823962337551532,0.005721330718170085,0.0030883805347249925,0.004155892823050356,0.0022878987462570154,0.0056473327147107885,0.005025937160660953,0.020667288922495104,0.0016985612892145535,0.003992912004984401,0.007568176501344167,0.007491346199886529,0.0029773012601906393,0.0040533194760814404,0.002477423208920832,0.004261715480104617,0.01173311586423283,0.007834622655306114
3629,0.007284297499609251,0.005446505175465606,0.006707050479141017,0.012226069524478272,0.00573996386025335,0.006029883693162225,0.00797614679215791,0.002394412003640765,0.00333944319130522,0.007495574503008611,0.0023643912443661375,0.005017561744907737,0.005843554297766623,0.004354076679197028,0.004291058766344778,0.0036602981897758367,0.004374131003893533,0.005074932650411033,0.0023353756792687526,0.0096685895858499,0.0048450825490737705,0.0033251782206739663,0.008466670832131758,0.002552577934728534,0.001932530742853846,0.0038801382836441793,0.004996985472424518,0.0021512312931898487,0.006994495369621935,0.0030762854528017247,0.01063665257684277,0.01360346508560874,0.018131589706204782,0.001996855945120817,0.009003648483065181,0.0009165790440850182,0.003969171740702518,0.0033202496974760395,0.0026386999176991003,0.004982376139095618,0.0031255961162680364,0.003678985990384644,0.0021555365030731027,0.005623566908462272,0.0032894420876200116,0.009542898455640615,0.003467240783308218,0.004405863032325929,0.003987349265621688,0.005524696739631355,0.002874980374044723,0.0017826269170024972,0.005224021468223058,0.006933845848589306,0.015890705315901813,0.0016355863146646635,0.009500209911907935,0.003608005566949984,0.00447618309961008,0.003234499176268366,0.002488947168918137,0.006519974868080022,0.00653134309250423,0.004350083800147129,0.005969087280895551,0.004458982624451016,0.004404089613075164,0.0043407299394303414,0.001962274199915289,0.007544183335415182,0.003492693632778374,0.0057806695275767015,0.004412754277899578,0.008454528388153972,0.002425231783735222,0.003922913973970757,0.007221032644340009,0.015792830842492517,0.004039466550004508,0.00514804114815055,0.003387273353436014,0.005460065505972208,0.004903712695776142,0.001713848048216444,0.0035322217918949627,0.0033094419504958402,0.003343242682519191,0.0045164979912437056,0.002539187610584435,0.006922988770480479,0.004246590349453644,0.012408065142661592,0.0018282080857828786,0.0034064161416393177,0.008446369835208405,0.006723113868871532,0.0024377541232305394,0.005816901260675663,0.0013880142239369563,0.003152673087720526,0.01222274037773938,0.005198612132075156
3630,0.008540496097143073,0.004698059369509734,0.008584953243577444,0.016310634422671853,0.0042055559692754435,0.007200363422876718,0.007245015188098032,0.0036309581511284363,0.004391781160724427,0.007043937403750657,0.0021816939794270388,0.0030317898307636957,0.008201534152603657,0.004492692455526656,0.005546052457763637,0.003947369398121102,0.00613976592449618,0.003887345815496224,0.0025135074365722075,0.007862838308108378,0.0061507029585098376,0.003081131029200004,0.00739262511544474,0.002498065708091415,0.002187905792087504,0.0032092260720687125,0.0075795038540698075,0.00407294020244966,0.005477780221795032,0.0028349649603251247,0.00947863091711616,0.015605662872037655,0.01667466592174716,0.0021626483515753267,0.006284826019460215,0.0009478382947193468,0.003176210582242748,0.0023016338933487344,0.0032826316944579424,0.004087484041641593,0.0030000253621634866,0.002962455485443999,0.0027114433359401923,0.008296978987216935,0.003338462072161198,0.010966811167679039,0.003473204583906348,0.0033264601588124105,0.004606288918171957,0.0061932952046394865,0.0035990951565269026,0.0016078562813105607,0.0049516336430518604,0.00555720805169428,0.014433296502457754,0.0020074314457677145,0.011107327375164221,0.003480651968268383,0.0034043887749809153,0.002455000171847398,0.0037193530490812025,0.005645718446268955,0.005096129618010869,0.004048468324890593,0.005120685951627048,0.003425456477098433,0.003295488489463254,0.004827856141359218,0.0024749898935868026,0.004332923856941022,0.0037106339646475776,0.005583165917195584,0.0033102507211374196,0.008072966350186143,0.002269390118359448,0.0032487158802549476,0.005914340703251968,0.011073382752971051,0.0038112103902311176,0.005487597734562243,0.004681623571342632,0.005978578140423213,0.004568652897150303,0.0018319625988574716,0.0032472660008824373,0.006008102961516468,0.0033501959300794733,0.0037580231321371494,0.0023577288406531425,0.0044910735859749,0.004072782455884387,0.013174060048944435,0.0016161322243450377,0.0034371663484603784,0.007819782288947353,0.005271328391674683,0.00215773485176806,0.004149300644804035,0.002598217976539428,0.0031973373778278525,0.00950061638570088,0.0052435556660601545
3631,0.008043052251486342,0.004208374842032757,0.006715423928662921,0.009118992096350895,0.0033271631165624977,0.004382726216110101,0.011597217156142186,0.0033491936508993256,0.0050182864084763,0.005328276972047005,0.0025029269935921464,0.0030034813286964027,0.007441620850226631,0.004033285685937616,0.008544937432036772,0.003781024594858309,0.005016464502476533,0.004753348774179724,0.0031016964687702415,0.008366593451146662,0.0060605503727283695,0.0028058419018822615,0.007587546727139617,0.0024468357802635205,0.0016609717836926243,0.0035836874138255245,0.010601505034707102,0.002993917698931405,0.0064805266692057086,0.002883268347908353,0.009043107628197529,0.01416160349030275,0.013957557109299114,0.002013718059200543,0.0059018606950914515,0.0014911561312561802,0.004167985881789656,0.002693844908237721,0.0035510059369215745,0.0039164573169993885,0.0032600670180611417,0.003801927510163334,0.0022929620712164164,0.006350637851736894,0.00480251740398604,0.011193157798780448,0.003890157251935916,0.0034719496863176683,0.002919350881480777,0.005904953337394294,0.004678744115526096,0.0016513661029286689,0.005284641175928745,0.006089401141536216,0.013418717556463016,0.002086495966451013,0.007715265959746405,0.003731473942635524,0.0036703552098977547,0.004226363710301593,0.004577151509730899,0.006089633910875239,0.005391135496532841,0.0027851642165907234,0.005260836454988238,0.003744623930355905,0.003936209027673166,0.004108360528199952,0.0023586427399957138,0.005046141152103342,0.0042198524015782946,0.0062508297550447145,0.0032942829656936764,0.010334021592268556,0.002953979222758571,0.003909032863447232,0.005419744528836756,0.014345880100957558,0.0038448856039525556,0.004923683268798432,0.004735296163759318,0.006263516688059565,0.0033044937151782464,0.001814394883367862,0.004744408277310716,0.00497235832533929,0.0045051066647422925,0.0035315633718494862,0.0020280444639735975,0.004368846837327951,0.004549072568964359,0.011392368701625242,0.0033384458151281323,0.0036135042506720903,0.007523877981178839,0.005964723431791334,0.0019695011780914693,0.0033774934613068092,0.0020815004870707032,0.0033208191932189227,0.011245733576483735,0.004583422029477613
3632,0.005937041395892857,0.004474262293509249,0.006331552455538454,0.008488535107014349,0.0034330244008952764,0.005332548264993666,0.013179044358767699,0.005153248635431045,0.005039564985538342,0.0047081124931727504,0.002405332649599736,0.004637689247400184,0.005394461033917571,0.005713973279048999,0.00973885794453828,0.0041982693568796536,0.003444145584205183,0.006710931269950875,0.0027589289536368695,0.008309714276763894,0.005227070246074522,0.0038594519245704214,0.011443072463295838,0.0034437618698604042,0.0018051465637902728,0.004091378323970747,0.007873341458911456,0.002365750495431181,0.006382731353688531,0.004110446689672311,0.005526299497599991,0.013074541531330504,0.013996804057871496,0.0024849423935457476,0.006141841788346605,0.0013097234692436774,0.004113172712931642,0.0025825753433962473,0.003661856157128195,0.0034506322355030285,0.004077794442456805,0.002373245048156983,0.0022672814932672824,0.005957594023791529,0.0036766570051908975,0.00894424041289941,0.0031892751474343175,0.004390084147544626,0.003553703889441745,0.006226382419871017,0.003704002459608907,0.0019609478885888186,0.004316638808228597,0.006491692267082395,0.014760352666793949,0.0016007887615245447,0.01173602237750242,0.004534196265360699,0.004211541783117191,0.004117990361399751,0.0032953953467434395,0.005416593655041735,0.005113376207040104,0.004759825706148545,0.0056869438231,0.00417333710232658,0.004218487692761762,0.0023301200629847222,0.0024812775821736917,0.004388428774767569,0.004141708657973132,0.008417414054209062,0.004210256500507675,0.00607068246189248,0.0025393713567429333,0.003363945397813568,0.00604691043685014,0.01271442931069104,0.0038911453217827675,0.00442329763882616,0.003491277764602259,0.005841321909786452,0.004205710165081747,0.0024377053942872843,0.0035432564313703325,0.003750659673349112,0.003161989325518849,0.0033029751728593016,0.0017596436074089165,0.005032112089577232,0.004606386078570251,0.011378922617489413,0.002525821911258948,0.0031808128791089886,0.007638999010138053,0.0045993483892977985,0.002096755425940631,0.0037519446078141507,0.0019063167475291984,0.003641706590911869,0.010648091650274003,0.0051991548861075884
3633,0.009251438495501389,0.005366134478604159,0.004513282052820088,0.00853482360044369,0.0057596309411718115,0.006178145767032538,0.009865695851842549,0.0035867286179059113,0.005524426969572164,0.006164738297308673,0.002167239016481036,0.005565650924100391,0.0042340800241782925,0.0039119189569571805,0.00840229100038836,0.003913782353584583,0.004622720964412984,0.006299466451246889,0.0031762436019257376,0.010263096355785772,0.0036613793614566834,0.0036979098970254063,0.007230046781143646,0.0023025705217256088,0.0017387418238589128,0.004565307661839345,0.007490920343795498,0.002325660456463076,0.006328945244495127,0.0036915427824975914,0.00534038798222584,0.0037798794067890463,0.012469852072726901,0.002514755775852845,0.003631049311538938,0.0011560026122575879,0.004166249824421256,0.0027456376154976875,0.0032297390032035318,0.004089613067930579,0.0021859366783036796,0.003376674240290443,0.002241876342146891,0.00590019185333119,0.00407360459532585,0.008185071843899636,0.012008601373926842,0.0068356767560305495,0.003691410176693238,0.0070812624386972145,0.004046948987942442,0.0018245924765473882,0.004241334635640457,0.004948495600382919,0.005671296576918119,0.0021468788533432546,0.007690914634109803,0.002250793432181917,0.00411580848535821,0.002819443259432852,0.003681878253228921,0.005851642379885624,0.004787305136985351,0.004127039901468126,0.006888309243663922,0.0029183918234430635,0.006998234022798889,0.0036044372452190498,0.002305762499320002,0.003344906092235045,0.003362209733161315,0.007743799906561154,0.00391813616921734,0.0057563025021528345,0.002920820425909622,0.0036609309600323563,0.005965031200384398,0.01236835852778779,0.004666038779021747,0.006400745911472506,0.0030101989102405673,0.006574544881495937,0.003959110792679668,0.0022121008362216417,0.0029160861712817492,0.0033877400966102556,0.004948901098794994,0.004217030510542601,0.001778647668204238,0.0056056607833181995,0.004996616759529567,0.007501250083483732,0.002138684153794049,0.00380656596196625,0.00707291997096953,0.0054210136859883925,0.0018230598946283958,0.003316170687879284,0.002837901782614688,0.003321209294293099,0.005204798282464434,0.004461454375033519
3634,0.009654229650379377,0.006812851314456146,0.00750906655619477,0.018385280446419943,0.007083721123791096,0.006329348541851589,0.009461762419389877,0.0040980363181281525,0.004421055056132287,0.005841107374445221,0.0022593663811898987,0.004654956101122277,0.005476728211656779,0.004879404410026117,0.006066752262209272,0.004760516826983925,0.005562196385545959,0.010180983526662055,0.0023366219892401864,0.008936549184881576,0.0033190954602452575,0.0038851380184460535,0.010129288581425009,0.0021260320367850437,0.0018605743272467092,0.0031729189903959886,0.006207330084219418,0.0022423088550883206,0.006849020242159223,0.0032639258407483503,0.008399018628916155,0.003896638458168013,0.013702363190304014,0.0024560674199666593,0.008756490363264821,0.0014762835496758622,0.0037082265124179447,0.002492054657131983,0.002763359940824842,0.00456575595700535,0.0057022741963839154,0.002969829589768651,0.0022204275030544476,0.005556115758083947,0.0038548319216013187,0.010147079216829297,0.01039432545932824,0.004470563135955331,0.003519281510083938,0.00547891578120434,0.0033820379596477723,0.002371513175100193,0.003779312252944696,0.011924058134786544,0.0066335717777127835,0.001990309642649149,0.012748241533195948,0.0023017543829120988,0.007157516806482521,0.0033258360444812065,0.0034174673687917606,0.00595357687075507,0.004921385854577802,0.004249975214799154,0.006746057814164156,0.005801507695690208,0.0057642691547549,0.0025636605251713835,0.0028096871098282905,0.004727278282868308,0.005045692942875302,0.0056559783870871235,0.0033899465832750806,0.004537402441884087,0.0038123965319091617,0.0035064423656245023,0.005930866793585725,0.011766883667861282,0.0039510722447963255,0.0041149047378097854,0.004125924641023269,0.00572353504223009,0.004080131855214454,0.002352636088806714,0.0033973453023785497,0.0057385607857662405,0.0036914255462226894,0.0037068264682291034,0.003612856929642222,0.0059942428323713085,0.005598721196195543,0.01229333582588637,0.002884086201298524,0.004125080467277364,0.009510385798106395,0.006482172651754157,0.003015687536382602,0.004466113568709385,0.0019463201444160033,0.005596950417276782,0.015045613067148146,0.005465414121249012
3635,0.007411517894271588,0.005390675672776088,0.0048408975482573165,0.0077601725251753755,0.006074340477103495,0.011236620759245234,0.008651563872261374,0.003755794359631809,0.004339941484618579,0.008970195364546713,0.0027021224645998364,0.0035919866262906506,0.005928615251478267,0.004507704035628168,0.008182114840778626,0.0041984712968293385,0.005874699885690975,0.011901530090637795,0.004354305923505287,0.006938922456317811,0.0036691232770257706,0.014290451766148363,0.009557935796331463,0.0023055347655747973,0.001470569568436539,0.0031283654327946635,0.010132349304191756,0.0027733449415183317,0.0073560835547542835,0.003845517023575035,0.008018472726571715,0.006057679282677846,0.018852546466529174,0.0029349385323109677,0.008085851829518194,0.0011374629854972915,0.0030918549080486348,0.002030757780754612,0.0034788426147805145,0.0033544732647710655,0.0030711755729581802,0.003011447717868853,0.0023746028836940463,0.0057513304074146366,0.0033656362678873876,0.014808125225786551,0.015509282857588208,0.008515736659585924,0.0025475662183065983,0.006527974741050702,0.0037036474720953142,0.001700935962505124,0.007366257175240833,0.005763420654956309,0.013234238219882457,0.0021599243381125377,0.009975335514488539,0.0024699035524728924,0.004545521747230281,0.003223006380326443,0.004684244051448627,0.005892781207365188,0.003969973129077055,0.00323895372776526,0.005911294203877502,0.006647089960601893,0.005627556375495293,0.0025676742234243956,0.003052832253501167,0.005291759955539483,0.009168655477388488,0.007313941540349951,0.006811658801792303,0.011037215144510452,0.0029435370939884025,0.005149379876893453,0.005426673935384096,0.013849064077318016,0.00831479225493211,0.005721562963405043,0.0033393575880294605,0.007026024399809695,0.004062649802511071,0.003198454341875562,0.0038261971850578765,0.003033298167163816,0.004020652002588473,0.004056560536683003,0.0020448989123546036,0.010021405504464528,0.00439461792197648,0.005978000006262645,0.003331913988154717,0.004500098313367884,0.009250049539986307,0.0042602884740634206,0.002140818189543962,0.0037368058310471145,0.0023151646325884753,0.0034056427275202645,0.01213836279843984,0.008042073265078688
3636,0.00788042152289819,0.008516215722356626,0.006410826033007444,0.006922220365180549,0.012166516548654315,0.010516758117621575,0.013285600609289685,0.0033420149871335202,0.005365343940259683,0.0060139852091614385,0.002923687738862067,0.004872662036960035,0.004212177347056181,0.004646190714150266,0.011853706567173808,0.005869624038960163,0.01092579587780205,0.016100196168417024,0.008983405140557761,0.008972176814444446,0.004797295744317221,0.007220013961001469,0.009851957447296503,0.004464399044991506,0.0021604013176663894,0.0037990978820123845,0.007310191997836222,0.002839556300992925,0.00645134496122007,0.004005828160843617,0.00862371936628674,0.004194127694063533,0.009617654735168929,0.0026562326804953833,0.004565671089330508,0.001339787037634696,0.0038410438948062397,0.002278494576487984,0.0039494763237561455,0.003046455029929469,0.0021437852279784803,0.003814474749179453,0.0037137451537574647,0.004920351148525808,0.004218416812744413,0.010223006518701025,0.027335384449829702,0.008024814307582563,0.0026519786967372444,0.00571409506030647,0.006658446223428239,0.0032167029193535647,0.007573735969146626,0.005437104885026142,0.015874895811750122,0.0020172622059582484,0.01135283135063007,0.004593197394128497,0.004316667092575308,0.0037808846948973016,0.004227116628119093,0.005288916361025533,0.004664324260286206,0.004621722493777868,0.005674790767861927,0.005629784851029701,0.0027170327880089947,0.0024678705521734203,0.0030834691218898217,0.006788632875000425,0.008484387965788563,0.006956125197287976,0.004916622800237213,0.0056988990803003665,0.0027585091345292767,0.005460535658349572,0.006216582289477126,0.013877650063302252,0.004386276722890094,0.00526777308154559,0.004289729828042044,0.0062155916736832606,0.006061474009038932,0.0035645880179329538,0.003662220914260129,0.0042526484312477835,0.0034510609549310584,0.004290384974390785,0.0020917182589807724,0.0069044003766883045,0.0036835179954072834,0.007563133657609792,0.003187510632336812,0.0035085317715187873,0.008167472496802101,0.005890296174981489,0.002381944970668701,0.0031360410025346327,0.0022206011967067707,0.004447369755840127,0.01093724888677539,0.005912966484763124
3637,0.009073182593438216,0.005418137992449008,0.00579539353756703,0.008854376335164794,0.00802131934169792,0.008746944599456897,0.009282050128140946,0.00346134893357212,0.005200171758120948,0.008137080994902054,0.002504975267776995,0.0053036666957290285,0.0069533394541891995,0.004223451533203677,0.007695844434132553,0.004344715276820922,0.004455209520222694,0.01441139193249668,0.011334741603997703,0.008074106622067326,0.0026539376948560203,0.007311413429103519,0.01027004335883613,0.00634499733474392,0.0019486168872809876,0.0031222217785633016,0.007347390525063109,0.002549364377842347,0.00634276555281836,0.0037916902049338983,0.008421663485096249,0.004473372533144771,0.01742653746705258,0.002913782779682341,0.008643374714411784,0.0012697706884972437,0.0035166929640924674,0.0020519055590558677,0.0038372513577352974,0.003424327193302622,0.0034816598468578497,0.003986701792233933,0.0020579472856158926,0.005775123001249884,0.004002879034089714,0.012550655453352945,0.007676436716050892,0.0072765286561446135,0.0029711247545301718,0.005501662858680807,0.0031263203828262604,0.002225594584838499,0.0036853137833371586,0.005232257744249942,0.014797742465420245,0.0024281442457585248,0.00965344344781568,0.0018823202903418843,0.003561261761835391,0.0029653631110035904,0.003759390716463591,0.006781935259577551,0.003622611601202738,0.005270541768383461,0.00979852007755959,0.004312237156564446,0.004394880727020021,0.0030964416626732888,0.0023712910894113067,0.0057943424154961775,0.009685226154134594,0.007575308310643115,0.004912504730370934,0.007689806801955737,0.0026068851028210396,0.00462700404753874,0.004841022405838119,0.013236665148890178,0.004766133408457811,0.00494080103259901,0.0038839347820522237,0.0073021243617336674,0.005709329494282821,0.0031034185523519833,0.00370039786393302,0.004350705123288453,0.0035571040666239305,0.004833005335701083,0.0029298561322530134,0.005413337873453024,0.004488391692776527,0.008345354190072382,0.0021979457950434393,0.003941735222094463,0.010950109278667405,0.007165483707953756,0.002390688275290359,0.004485658483681129,0.0018501659322195997,0.004349491057820422,0.011469948197017014,0.009238040133355932
3638,0.006622884756897363,0.0036995148782965337,0.006427616105692581,0.011810665070095887,0.0075113841721755874,0.008159760484000175,0.007762028065189479,0.002568805875271957,0.005349136020644758,0.006372482849264426,0.002933242149224004,0.00485590218600045,0.006602281656073739,0.004100684473625434,0.005423302196026268,0.005225513812794911,0.0046019803320355955,0.015726754524264593,0.004632390556005184,0.008368344006332299,0.0039363503701599495,0.0064311182357723075,0.009378311052870153,0.003585538877555965,0.00149713419835407,0.004577092713691125,0.007488883867410842,0.002544606357982344,0.005922479742493405,0.003581048077392916,0.008765137162779043,0.00430429528338581,0.0196600002282929,0.002589416549718454,0.006937337820581117,0.001324223616853247,0.003390505063510764,0.002545124193192242,0.0029000267073272675,0.004168210853416858,0.002583865437661185,0.0024439094358710903,0.0024528521348274462,0.005962120835056946,0.003369310170817078,0.009924120844015914,0.006298852660676478,0.008588398551586005,0.003085607427326639,0.0064976633353072055,0.002475689134944216,0.0018820868129334413,0.006864409671601114,0.005090457973402526,0.01659345179915887,0.002196679624234328,0.008256830901835899,0.0028612966245822953,0.004106310460494332,0.004515684965386211,0.00418360925761601,0.006453318446747838,0.003666395703246436,0.002956283242232545,0.006951789305850491,0.0031421011651783654,0.004318858710352396,0.002510932352585215,0.001823404292859147,0.00726101174134433,0.0046299645429018045,0.006208044687696936,0.004509304307264645,0.010107760303352089,0.0035395403524665567,0.004463884578962806,0.005157059228660857,0.012246257897326447,0.003653657899435392,0.003667316406898165,0.003969682957412393,0.0054668400833344215,0.004118963105792257,0.002421329308809095,0.003377105100906831,0.0046087577052223916,0.0034427512276878924,0.0038630376447486483,0.0023267741859282725,0.007046977986064279,0.004026774952345439,0.007864109284559813,0.002345711914704621,0.004160184280549426,0.009559626431342927,0.004858277573174012,0.0021866362880621193,0.003977766255760964,0.0015763834058734427,0.0036814584921812986,0.009887164800722945,0.0068416421951267405
3639,0.007724103787116082,0.003936412150547458,0.007170760021334102,0.010767580603146486,0.005389264208181795,0.007363664849453573,0.00742701955526492,0.0031798123846915765,0.0060076078149098495,0.006378418932018532,0.002173261085391161,0.004566565203952585,0.007040374641001069,0.003784000038260903,0.008020637491728617,0.004320216521781862,0.0033977726947766406,0.0054895287191154205,0.01218899262983912,0.00821633785728357,0.004066582651781008,0.005028877310154249,0.010466622620774616,0.0029988963999282936,0.00199948925008264,0.004010984044156329,0.00953381152924335,0.002585199779982232,0.004689309115415997,0.0032690021123301135,0.011019030098699121,0.004814478188697298,0.017223178114157158,0.002590019514119186,0.006625923645748533,0.0015306053464013009,0.0037229790785808254,0.0022308186575468454,0.0037346417904485433,0.003708438558176409,0.003775090498290192,0.0022531505083871347,0.0021829548285426607,0.0038451895357209474,0.003615493674535477,0.011512683507578237,0.0062383754592545155,0.0042701642998448685,0.0029071166226644764,0.00523793948683607,0.0030773539025035473,0.0017392290635867634,0.005366953153103966,0.006775645634694629,0.01542127083901287,0.0018159303679322215,0.010700746859659875,0.002587438206465691,0.003283248864345013,0.0028316185325755216,0.003471383498230813,0.005865683537964036,0.0034637857609185847,0.0027234074808689286,0.005347620255639826,0.00412415299152155,0.003732109259740925,0.0022853070216053025,0.0020033928171721074,0.006976330296482166,0.004481231165439483,0.006124999870451553,0.004918455742472848,0.0061870234014812595,0.003263291154946734,0.003735721687992599,0.006266251702513774,0.016477437002523285,0.003080898948689482,0.004790679681063941,0.0033240243596116235,0.007514638169948111,0.004226845872493913,0.0022725475619231376,0.002788311637936184,0.005028778156812041,0.0037166337364366716,0.004178116675914303,0.0019956067693791303,0.003795834435001948,0.00352297718134141,0.01095754979785302,0.001792559599773674,0.005492006790869651,0.011420922790766437,0.004490311013427412,0.003416101391157616,0.0034551278775767054,0.001977375129209289,0.005158865764647895,0.013843712374924594,0.008766237105597048
3640,0.00654430518376133,0.0038473475516685157,0.007296352606382509,0.011607067717985645,0.006332006690092944,0.007406841312574547,0.007019163968742809,0.00297557466261192,0.0062705595692385185,0.005779991625105295,0.002944622743638525,0.005686161503418558,0.008619584329586165,0.0038068517144286586,0.00843121385067838,0.0024241038160233356,0.003054736433908145,0.005295035024002662,0.010762986565058422,0.008734773443146463,0.0036548408369018533,0.005382642545718201,0.011265017656864672,0.002381551296931276,0.0021045644458467733,0.004409753426841136,0.006585565306505747,0.0025201210223988334,0.009267205994340857,0.0037360234552829548,0.009289445794802521,0.004413305949383633,0.01906313645449736,0.002335897605790362,0.007568657470929625,0.0014241550531752223,0.00436229752277962,0.002091946556639957,0.0028210690808251762,0.003939025047191997,0.0030480750735795213,0.002222048983902058,0.0017343886935935584,0.004175582969769691,0.003672278915081582,0.010927087738139418,0.003023194172021962,0.0070842864789151866,0.003132044070463306,0.004705995124725787,0.0031773683133965434,0.0022892670991492008,0.005968407229844961,0.005813620037468706,0.013392528741960267,0.0017888005468879664,0.010300526446639926,0.003245607382290126,0.0035587002926403986,0.0026966321925784432,0.003480636041006113,0.0057651349550520365,0.003620986456797329,0.0030945506598083847,0.003660308648427852,0.0030190463655980332,0.0034246234998829947,0.0022418518206130853,0.0016352532774378703,0.005705796804053478,0.003973380283494785,0.0074516840733225495,0.0039959135289805384,0.007490097851881096,0.00287169281495941,0.0040048364726618406,0.00584665520666522,0.015237565001257721,0.00320362293255818,0.004884683385664849,0.0037301923629393277,0.008487063711805477,0.005459862099658829,0.0021552822220006883,0.0026801903941099455,0.005019776555171255,0.0036194951317141443,0.004358896193395203,0.002205520398285778,0.006311081626561569,0.0036963628904155966,0.010957882449971736,0.0017682113244112806,0.004599916698489301,0.010129752294767253,0.005442076896841113,0.0015525065231937725,0.00314310543100951,0.001804419959700216,0.003715597770596475,0.009774767000750499,0.009712371509969604
3641,0.006792823769769099,0.004257612824726857,0.0075841141679154345,0.01322394401121796,0.005351343656265316,0.007295073310318428,0.007364437191291997,0.002673942603805227,0.005085985163226559,0.006300521147167888,0.002902107023985552,0.005649837002314438,0.008386784089231464,0.0028054091362380074,0.007324994416663157,0.003483870543572716,0.0026445504298049684,0.005553344107707142,0.01314384480094895,0.012337876008499758,0.0034703588868936195,0.004902897983338522,0.012709275737226657,0.002776788984560715,0.0019454382774394593,0.0036882362933773997,0.006740125895931867,0.0029581480817582845,0.006426473400143335,0.0035766570556173068,0.009639712747990976,0.005108005988212587,0.01406295715096279,0.0022511912994775695,0.004513051198454895,0.000865430505882903,0.003596954050052539,0.002611520267363649,0.002949427207313705,0.004387137840277062,0.0041007127493740735,0.0022285126264138108,0.0025747499094248946,0.006738413824999107,0.0033329275194599406,0.009298783407018915,0.0032793796572088323,0.004692532763601615,0.0034483592730733324,0.006733933034603706,0.002925056765717627,0.0021285484384893577,0.004906945173946415,0.0061985645756874805,0.013189100494513507,0.001765235658476539,0.014958244791288915,0.002857035954915367,0.004208369830352185,0.003115833637849558,0.003283165409841432,0.006046676435473676,0.00314597740005281,0.002371217544213185,0.005219585159537288,0.004072206709132019,0.0054833175520915345,0.0025917557427501473,0.002243645309498007,0.006415911538336976,0.009484751088833834,0.005101895844695676,0.005532100631023938,0.007630022161757333,0.002154346123947198,0.0036099983698936085,0.00710894093501565,0.010557641018403287,0.003385762152267913,0.004759421492021207,0.004363308100611541,0.00748717883713663,0.004565743615837552,0.002613057839808975,0.0027445553327897334,0.005348907536536401,0.002676997239501768,0.003996177456915868,0.0025884834915830624,0.0043977599155921926,0.00441885525755983,0.008514714378870393,0.0020714361786496284,0.004264607188695249,0.008992935844003088,0.004686037437477832,0.0019700331021382505,0.003883099226111039,0.0019348062854277622,0.0039021435983899334,0.011505231925407738,0.008284802295526696
3642,0.007777761989460134,0.0037792429005675176,0.006703949874808909,0.007220778167674185,0.004782480805910168,0.005980008399707216,0.00714246925353631,0.0028336953089556924,0.0056397440153234816,0.006143182027767973,0.00263970036255481,0.004671278257951463,0.006845092795159378,0.003746672711807712,0.004266662645267822,0.003365334144733147,0.00293003500545462,0.0036845599468611373,0.010209503877556161,0.00801779752830729,0.0028728116480112383,0.002901849433285581,0.012875208682124504,0.0022114901068170634,0.0021618638462427707,0.0043778644958888,0.008083677189882354,0.0021938401610724187,0.006167843962715729,0.0029281480672556292,0.007818201373285084,0.004909005324958896,0.013054866090140503,0.0024180808153688015,0.007943450466164011,0.0007841482835957942,0.004002223723843766,0.0024039892864332964,0.00399714428768311,0.00395447950658131,0.003264800465643906,0.0021871187090849566,0.002300504082863254,0.00726003471689972,0.003730694216848201,0.014337055730564463,0.0028283811922133703,0.004003978262408572,0.003473823291231537,0.006984868751376986,0.00222599998429604,0.0017146516257986327,0.004106722142522349,0.006506926812851121,0.006125244536603997,0.0022333827017611252,0.011033446389139542,0.0026433029024234816,0.005411750638003212,0.00515572316557712,0.0034595953222910226,0.005946206439878275,0.003993825763327608,0.003311057592387326,0.005084881900354771,0.003351749957979952,0.0053088321833737045,0.0025285646678509265,0.001959485837209842,0.005229525901267441,0.0034436135134936073,0.004966449017730827,0.004175009395171294,0.007574032434668012,0.0020539269962406214,0.003674787352482379,0.005808960878780484,0.013021335255621973,0.0037142557235100068,0.004753356781081956,0.00457413812627038,0.006181015599760913,0.0037690824613046256,0.0023045130957372794,0.002039281270625831,0.006772741383942617,0.004233612503654182,0.005908637907502684,0.0018062183269116504,0.005224987310418204,0.006118087053928499,0.0115991725842534,0.002683889927236717,0.003271320528286597,0.00884654913058023,0.005496079921390464,0.0024060838866371385,0.003662239363562948,0.002191814426165685,0.00322857947431559,0.012792208849215909,0.00893728010010386
3643,0.006155980382581445,0.00395625200775444,0.007050682375367209,0.015969307921746476,0.006350985521302537,0.007292572714908001,0.0062294710349044945,0.0033407465181064617,0.003406720097249077,0.005038119579384692,0.003393191623632328,0.0037050321535430663,0.008483550058699864,0.003505946140613427,0.005947412306882687,0.003865894903757632,0.0032232174697492543,0.0032512571259477505,0.002627995122145116,0.015630532404388893,0.0036288738685274708,0.002785397689111786,0.023183972320349182,0.0024924185459798153,0.0016235819453024694,0.0030910510557831568,0.006317771917481947,0.002352149250465488,0.008902200483362118,0.0027988584771770856,0.009160525934485025,0.014247945820463534,0.014145694458098688,0.0022525108814352977,0.006076819324957751,0.001548264724887356,0.003839088463371497,0.0030971374231370087,0.008314076172004508,0.003931693470485843,0.003022230050265389,0.0039585843760463835,0.0034582572667357066,0.007546497119224359,0.0036802422805489042,0.017513705003220137,0.004037283453421581,0.004716398372786334,0.0030161230800286884,0.0037730722530793914,0.006884586155630963,0.002000570489263496,0.004221288253237482,0.00677460469025636,0.012819553951141737,0.003751345030836403,0.014085785091300507,0.003923207051377626,0.004025843642241704,0.0029149058459798298,0.0036263656504675764,0.006848275627229161,0.0035723840522763643,0.004817736662732782,0.004592830999313764,0.005020829455401064,0.00471573703188769,0.0041853327300299305,0.0025907678893440345,0.005115359758837597,0.0028877075819788035,0.005761984813838637,0.0034072754844337045,0.011879950666310252,0.002238688897143688,0.004482764241592793,0.006062291188541064,0.013801343883852284,0.0035874137286463275,0.006927660190525363,0.0047172208483856745,0.005019066687286398,0.004330344348256284,0.002037960625390271,0.002731381247066437,0.008065981664495403,0.004051815322475029,0.003975030717921648,0.0020329922171144154,0.004939699383276984,0.005531078128234709,0.010724308787193213,0.002036467880164465,0.0036684541325136743,0.012618686340714547,0.005318936187727589,0.0023303196629532413,0.004765922843462453,0.0022450035051250474,0.002612089052243681,0.009116692453520765,0.0050545300663952224
3644,0.006759440382022705,0.005583093394572748,0.007689855959404454,0.019224805237591153,0.0059175563902916645,0.005689066602624874,0.008442191319457929,0.003575383899462566,0.004925801914707476,0.006657721153807209,0.0024858066666019448,0.004813091477873661,0.009132849501488993,0.003983599391074416,0.005930981422309381,0.0032262315941796577,0.004367629430284562,0.00417100764616832,0.002703643515483793,0.0063829582820098055,0.0037466704605889456,0.002648734390570369,0.008885533434588215,0.0019337510624264933,0.001708855180351176,0.004856821858362946,0.006454181130982455,0.0023209977105519506,0.008270911336997734,0.003275771863373775,0.008057136665964899,0.012761853224876961,0.013796864373736471,0.0019913818693436092,0.00877658052612642,0.001379556007047393,0.00269907907293554,0.0023670715707298415,0.004733974002459518,0.003931693470485843,0.003022895105397808,0.00402418443147475,0.0021967888781256775,0.007467104497695483,0.0037908566972084117,0.005998145128218796,0.0039776835482999255,0.0038851579999864575,0.004886819019852223,0.004171151190945151,0.0057092835856622165,0.002012001836236508,0.003818818208521788,0.006716702113463902,0.006446308790558556,0.0037873257287837797,0.014430405670778816,0.003949045613209184,0.003957786803148703,0.004734535170129467,0.00477748774969314,0.005786591512420415,0.0046413299854295405,0.003485734293943308,0.005449804667606212,0.004726188047995802,0.004613342515625858,0.004900973555232547,0.002982971889362314,0.004636184713082529,0.0025852075826636083,0.004969956441075049,0.007363876546248635,0.009310410444050145,0.0024143795924020423,0.0040226349293326314,0.006968063190486748,0.014350708110933984,0.004241530686263741,0.0041815164801197804,0.0056920093449715934,0.007616841142687542,0.004142476238538997,0.0018283415489569036,0.004130487834003907,0.005801476139034911,0.003380783770386746,0.004104315630277584,0.0018939359195925408,0.006629796101301653,0.005752391972569696,0.015354915357486886,0.0022071409569859764,0.0035957484485690736,0.01284527582329236,0.004185949509140064,0.002223336838278081,0.003928832404099551,0.0027127955608538565,0.0033117702071144063,0.010068069252511688,0.007766766717291626
3645,0.0068063623605205525,0.0037288358450412243,0.006852137149499403,0.01121649199055272,0.007207668236350327,0.006076683479221405,0.007701186088997161,0.0037708641287293237,0.004208282621604937,0.00622277342799633,0.0030222632001702682,0.002578450057776588,0.01035032876378866,0.003809506386870935,0.011489459623840322,0.0045818148444544465,0.006127580737250895,0.005229857828214284,0.0020046100059191636,0.012253039147564957,0.0068307490652810285,0.003547106306588028,0.006660220217159167,0.002761541216594125,0.0024130767543458875,0.003981491544242451,0.0076132125025433735,0.0025180810271444283,0.00880455484042609,0.003561824976688454,0.007385093228010956,0.016767716737350644,0.01773324162877029,0.0022641531205334045,0.006555560761901619,0.0015710784696910877,0.003272267845574764,0.002506148001289898,0.003402204517011576,0.003297530935474825,0.0030192149830219617,0.004593035182430544,0.0031290147533379786,0.008048709222073874,0.0037505938215400677,0.007077768987368208,0.004151491691909665,0.004242431600235854,0.004236200300073922,0.005703058861652283,0.005093075174185456,0.002004466429834522,0.0028014001831323052,0.0058403693201233425,0.0122862386449058,0.0032128370457143035,0.013424940367520207,0.003963555253990863,0.0034243986788863243,0.00405548086517137,0.0054721807198408355,0.005721565997182128,0.007964673646235237,0.006844853696873953,0.005297145447062831,0.0053525359679949865,0.004374252001172632,0.004196145790953861,0.0030896434315590584,0.0059054435601416195,0.003836111618024665,0.0060250798430653485,0.00977050992383037,0.011404138231979614,0.0035647834552422555,0.003909288285973595,0.00528949514537626,0.016185688320355125,0.006039404916707388,0.006673928373498354,0.008027582464974592,0.007597930066115422,0.0042147221807255515,0.0019265774744847961,0.0036814610907563218,0.0060820429675311075,0.004502990571775509,0.003649111565758331,0.0017308178469756233,0.004678468798803515,0.005808616308228685,0.013142679994231509,0.002277021448987264,0.004641709331105377,0.012661652956804178,0.0062435303197755695,0.0023279934418019483,0.003192163324573101,0.002676145813957342,0.003501231773615862,0.010751276748669037,0.008969661517274938
3646,0.009081206981798024,0.005217030032608795,0.004890241399450755,0.00597713813702527,0.013739654926463282,0.004437866925801347,0.008424376234914044,0.002986751581192567,0.004079918536015645,0.007147300895124423,0.0032024206952117945,0.0032922755305050335,0.004329054714030915,0.0037686564526840135,0.009030566416441054,0.003931539940735505,0.0027860581381925755,0.004061144704383689,0.0030358427076761793,0.004953209490027917,0.003278908026330852,0.00242125584340049,0.01000932161024154,0.0028530158136864836,0.002304003075763365,0.0033061481089870053,0.008648424519048334,0.002269399468216335,0.004957815571505724,0.002620757007284801,0.007804968459167096,0.004843132643798627,0.01612471209865697,0.002750347380358297,0.00464534481956523,0.0013125145623451942,0.003121319098955216,0.002074912928031032,0.002614627780232839,0.0036907605990273594,0.004075311321297731,0.003541092640278524,0.002271370034968883,0.0054645463699027905,0.004300798928448493,0.0044182684061875085,0.0036260073003278226,0.0044110519794789815,0.0031824508777114845,0.0069402134473798725,0.004479472517828591,0.0028515215766701345,0.004817827098450321,0.005606031540080761,0.009287131044566382,0.002009883021229233,0.008508593509945836,0.004534792420344401,0.0050377968916743504,0.003958656278373014,0.005111039296865599,0.005556185660313496,0.004133784967498811,0.003038054440396041,0.006380268062134789,0.003967240394694224,0.004326973150406049,0.0040389226741254095,0.0022059857804712125,0.00511987363664668,0.00436310971961389,0.008074685801790618,0.004265788927933141,0.010587314232920576,0.0024504621550749646,0.004344132905872275,0.006322058826069692,0.01781757324211433,0.0035900057653187904,0.004951689860103727,0.0051448709415766024,0.005916488683078272,0.00428936347463905,0.0016267140486604529,0.003898529789415447,0.00414279959563043,0.0037548452938406325,0.004357763887391761,0.0016191591734247758,0.005656147571082611,0.0048455754689002,0.006933966123272569,0.0019384228539084713,0.0035673321836093923,0.010276434368566253,0.005062447247568547,0.0026622970997967625,0.0046742988098061955,0.002012278428888306,0.0030279544961522797,0.005231825819219703,0.007260838983017388
3647,0.009030822828202157,0.004940555476076272,0.007825658769285615,0.021207257675635097,0.004579043852371908,0.006929545730927566,0.008693415756300586,0.004458661379798052,0.0038658125860438403,0.00458098299967421,0.0025516648138764588,0.005693819624960487,0.0054688970976077824,0.004500420547406812,0.013316808161588653,0.004924256700452014,0.0026112407202321538,0.0040477311081861915,0.0036199150622692263,0.010338350654176735,0.0036530508715183767,0.0029214529354538604,0.010373458163709213,0.002426180053239786,0.0026602435587649528,0.004040703550299147,0.007875374152771097,0.00267955247989737,0.00754650352304822,0.004024541992453681,0.011760961821411217,0.005928385411787284,0.015136364923149266,0.0024610363691025972,0.009603920795973006,0.0013664286362325988,0.0045316173278633,0.0028981191322383737,0.004478593523636979,0.0035351917849379294,0.005118862241252361,0.002959953920170106,0.0016135325817722783,0.0065088544236663725,0.0036467498990468564,0.0034278478587548935,0.004188381767096878,0.004863455799794565,0.0036751112134598596,0.005946570132822235,0.004592863222486796,0.002022830458726647,0.0032814766229396913,0.00685331292333565,0.006562402209251665,0.0020826071766140136,0.01267858665923381,0.004629844188885268,0.0045208855113640254,0.0031165536045730823,0.002882820191719923,0.006177775206847808,0.004034690284073371,0.0033032102362765135,0.00969413896344334,0.002969695587231023,0.003048368992254396,0.0031312645476307102,0.00232746388404346,0.007966154989992683,0.0047466922674029065,0.005869563067682113,0.00410059169079236,0.007368469560540081,0.0017605488369005812,0.0036545647988819123,0.007913116606962343,0.013580792155797694,0.0038543103461942336,0.00509046019925728,0.005408090184861288,0.0040128024001871,0.003960725245340824,0.002789131002192425,0.003368672437354861,0.006234303971001247,0.0033097356662380537,0.004176726710283704,0.0020888650480042465,0.006720452760751201,0.006970839045668225,0.01551684862146033,0.0019643262610249024,0.004532599204901337,0.007052131522587036,0.005474272436848034,0.002410582291866011,0.005428855922475912,0.0017385381846762996,0.0026571363987210367,0.015438983361432245,0.0061326225876843785
3648,0.009446218273369333,0.004139718051067553,0.006047787381819407,0.013547930800707023,0.006070842818244803,0.005293110170416026,0.005778856052872153,0.0028520811105829146,0.0047745937559149415,0.009305011189167118,0.0029151740626999992,0.0036891396217941606,0.0063998704204103985,0.003410060587569522,0.006582330502103968,0.005097499177632353,0.0026852501368954704,0.004600741733818802,0.002482428471011237,0.00827173878968749,0.0035314775760282055,0.002756387500129596,0.010864000234299152,0.0019802455991813576,0.0022551238635741522,0.003333390328449759,0.00531610074310204,0.002721390187562109,0.007821715304264079,0.0024952874885397014,0.011773745211144293,0.007294693237081436,0.01617397140312846,0.0027077553987334153,0.007630145519718499,0.0012569424258218594,0.0039993862673541715,0.0018724668688962392,0.0027979093108624004,0.004547320876066256,0.003589684309483769,0.0023246621415721914,0.0016899497034246977,0.00635411654791978,0.003388808747926753,0.00520157531152693,0.0027135880610781823,0.004846094273303045,0.003139101561643251,0.005200398460364476,0.0025023231478852955,0.002310826615028017,0.0054690775356260705,0.0062856037645515755,0.00533095093290887,0.0024064030871087253,0.009273849351771175,0.0028106715498234813,0.0035680835875391793,0.003347664071677227,0.0051412886828830565,0.007045411269379727,0.0052216151840481255,0.004356280634086858,0.0072173193585794975,0.004036470104008195,0.005175611730508855,0.004955143776954481,0.0021114940666266606,0.008635224954172084,0.004311548128003116,0.003928495127320427,0.005014753124909859,0.007973807785058643,0.0023354441030817236,0.004194662903367407,0.008460547567127063,0.018151177877183837,0.003913082534361405,0.005858671205745669,0.0061029283057462734,0.0038245738298660144,0.004120469103199302,0.0018527364180976542,0.003005121868656649,0.004578502161229395,0.004083661519980583,0.00363815317623986,0.002207981268077473,0.0052083027381860094,0.0038126260226083973,0.011170876873969816,0.0024550411199468583,0.003883760101915124,0.012688938272573475,0.005654617713638321,0.002439030198597274,0.0054122592048012775,0.0017652545806791738,0.003598568471056849,0.013632056064143375,0.005195327681587869
3649,0.008083644356237507,0.0040378089835295715,0.006644318639894171,0.010707497058971182,0.004415694833925407,0.00686130064245183,0.010416103913978972,0.0027033294165613704,0.004652758883939655,0.0063015051592943214,0.003125107927474246,0.002989486166546088,0.004214619014025101,0.0021613102041900703,0.008230228771734533,0.004063116257052222,0.004598088689561853,0.003333790921532341,0.002584663199682552,0.007543024950771017,0.004867495176274708,0.006034229283481476,0.009972811698060914,0.0026823260898877666,0.0021519038261541613,0.0032784193721308876,0.012019763615272336,0.0033302194099645503,0.007217582235491981,0.00319913184268151,0.008872847552625483,0.004756363052228544,0.017910983211236697,0.002080366421834309,0.004782168435908397,0.0012691953593213002,0.002622313187455656,0.0020723270328560943,0.0020665836764560213,0.003959699799798665,0.004029541190356749,0.002953980907962944,0.0022593228347510177,0.005101377892739967,0.0036753932107761083,0.004589976662977196,0.0031762150191552312,0.004167465972988925,0.0055442972242462285,0.006440823382085307,0.003030351174954336,0.0024849770308512957,0.0048646667441701935,0.006221630002286519,0.005486862356685732,0.002725028898962696,0.011359675499376788,0.0038499425336893218,0.004275788458615253,0.0031358833878559296,0.005510269175045213,0.005678626510965792,0.003710167501359357,0.003073824493743917,0.006238657679061588,0.0033434987349085835,0.004104583430849433,0.004771186035720151,0.0022753171902208454,0.006269213770521074,0.006150067259156608,0.007442031025415115,0.0069129569651155765,0.009439833762472991,0.0023420717272691345,0.0033118690827035704,0.007102351796232736,0.01713636889763237,0.003809908335704061,0.00414028271734124,0.0039874713808896525,0.004925536403483275,0.003901834356220406,0.0017619403660163937,0.0030371367715317727,0.006738740802800692,0.004899386675741486,0.0035958297178571358,0.0014218965937644276,0.00459285502000556,0.004943789105185379,0.01345933598302589,0.00245920739143708,0.00345251930571793,0.01220741802480021,0.005534868741207644,0.002922542519369379,0.00415205243002223,0.0030300169601433155,0.003683841569344396,0.010339619218301881,0.007357008607281145
3650,0.008605952210479165,0.004626410836765749,0.007083358888781695,0.008860125566996406,0.004607033057220342,0.006347384797106908,0.009009455122824452,0.0037805345194266552,0.0045638851650971505,0.008222961418008684,0.0030168598444280095,0.002501209548872448,0.005022663926907899,0.003124526386519603,0.005509815933727398,0.0036436482014742004,0.002844709120206015,0.004100301007203612,0.0026394731185059406,0.008419260853996302,0.004504305876208654,0.0054559630003582936,0.010524647954914038,0.002320236393580584,0.0021767271248053495,0.003058557750064338,0.010870015487528901,0.0026663276707176494,0.006600732994566356,0.0031228197675903435,0.008955554923057288,0.005573115856320058,0.01777513665737521,0.0020972275689604947,0.00512479846672438,0.0010555371584933758,0.0025381229553004367,0.0021755703997324806,0.002702512407422614,0.0033742474187976744,0.003813194003714491,0.0027184074139607103,0.0021439382141177563,0.005088742802293429,0.004052241266852484,0.003939503878304038,0.0040787807563089536,0.005645057330854653,0.0037890267749230047,0.006000719656057367,0.004221946306386352,0.00208674249319659,0.005436897460225958,0.005421086052675852,0.007173687462580974,0.0033105826144741676,0.012047590097193972,0.0033586631517697092,0.003923464326385367,0.003453061061686434,0.0054561190032025786,0.006063580593763174,0.003598400612235275,0.0024780723334870466,0.0063805773078354985,0.003442016228569875,0.002939538566349028,0.004148298227661526,0.002613097163236139,0.008183777001884742,0.005807880644290209,0.006576640787643767,0.003764344675282265,0.006498895124042512,0.002326540349733055,0.0038254008885497464,0.006289652365040494,0.012435072541777123,0.003162523909314775,0.004533948862010815,0.004029368429275346,0.005127589850170981,0.0031467141475263758,0.002167681564732415,0.003594160848933464,0.005271053180353695,0.004998149007480215,0.0036521930413344677,0.0025728675264919893,0.0037740117360695238,0.005218756676316675,0.012797884727296554,0.002654154007275228,0.003741581248062683,0.006862407029557045,0.005445742092199606,0.0022910613006667546,0.004214573193751,0.001996416934552743,0.003511556984903437,0.01025477855722126,0.0073975009360713545
3651,0.007543061491119552,0.0038187188530133644,0.005708082687516348,0.009147734448694737,0.006242436089759629,0.0058808953259432166,0.00822473515113254,0.0038816415149079096,0.004348423769852453,0.006687491839391969,0.0030769893220964884,0.004195180988009706,0.006355676723901234,0.003057819664000835,0.007685057516262261,0.003995274037182921,0.002804694244921667,0.003982097940895704,0.0016988172387382716,0.005620401851589129,0.003768562143432463,0.003483028166558886,0.0073624947698888,0.0022375777497436068,0.0015380453775798728,0.005600241596421463,0.007157402639439507,0.002387431367711347,0.007621605217290878,0.0029904080605697857,0.00768559376233781,0.004935319783042451,0.016260835288616708,0.0020386261962539883,0.005109360258125161,0.0009026983217704886,0.0035882933368526033,0.002148416193232549,0.003399974895546384,0.00409370715576733,0.0033863434470177557,0.0031629500364307554,0.0031764067790162843,0.008122655350060981,0.0035935300371022173,0.004089752368338204,0.00366041842400093,0.004984604315238524,0.0030415918396936464,0.0074858983690145155,0.004255449357843799,0.0018203122585036865,0.003196290556362442,0.0058515029802928475,0.006681746658296271,0.0018319320675587408,0.011035115565400192,0.004643865597300417,0.003903418899227215,0.003250822992873105,0.0041330677214242465,0.0056728119884827885,0.004576409138517212,0.0036843715468464007,0.006318516766927165,0.004256564619968815,0.003291166117224565,0.003142686321583611,0.0029172923741246086,0.004444410316049538,0.0035237803907091332,0.005645495050716212,0.004983391890914163,0.010562646757321298,0.002334424330494613,0.0040365723564548,0.005318152331021981,0.014005260821317055,0.0035404385852954605,0.005213805086765999,0.004399649453419555,0.005803375664066613,0.003852870837554103,0.002029624396111874,0.0026134008784523275,0.004384265794719881,0.005148909993521103,0.003556558085241419,0.001579884353786954,0.004819712296058751,0.005765908367901105,0.014227760209973616,0.003167636729319434,0.0032171277586811697,0.009825357952513977,0.004720565483984707,0.0023378112060007906,0.0032266171004532514,0.001879010583862118,0.0033816382205557084,0.010261494907837282,0.0062816829733959864
3652,0.008765017001560994,0.003625459031150817,0.00686856474654854,0.014064683106032606,0.006974934748752863,0.005515678116656188,0.007049054538466571,0.0029161506497885916,0.004789028202117638,0.006485234359549095,0.0031561218569450844,0.003907099720894087,0.007656856118014755,0.0036896517913336474,0.006242087406993979,0.004942607471384188,0.0029186506098826423,0.00406416144745837,0.0017219197532016132,0.00696771646634979,0.0040726480693475085,0.0035579265748819596,0.007704337307782057,0.0049823825383460115,0.00171564123097603,0.00417950076105088,0.009120851351933341,0.0023688393888662332,0.006678082681577595,0.003045682970461471,0.011039713299674275,0.015916175190403146,0.013599092641334702,0.002108973820572521,0.005103804822626794,0.0013954824415397474,0.0027402487699600244,0.002434385528596501,0.003477702232158573,0.0031632234529831546,0.0028721714631083856,0.002604603828885976,0.0022141400963007997,0.005031744977610027,0.0036781491751087525,0.0057026262317681495,0.004017659340200567,0.005206360835316672,0.00380340614840854,0.006747640856643841,0.003679653756967342,0.0019297279383490053,0.003374192034871006,0.006283019979337941,0.005861551114546766,0.001905284550608024,0.011302034056703849,0.0046440262468732734,0.0038478801350659213,0.004098383980204079,0.0036074869631785287,0.006685915633025528,0.004347417326097231,0.0023098636470402956,0.005217264841696864,0.0034312840920119937,0.004329507902653961,0.0030090727321367243,0.0029529103865845053,0.006114940154935001,0.0035417616047324434,0.004998215611540813,0.004245030062052783,0.006963661408382484,0.0021377798967654677,0.0034868883308321803,0.005674512081117134,0.011567906694695247,0.0035974691874949213,0.004531016053901529,0.004005155900716142,0.007010344716886638,0.0035197741275083934,0.0018793754382268216,0.002194725556065734,0.004347361383027159,0.0058288287364837,0.0035153727673487936,0.0021309156260938458,0.004309066861430546,0.005128328532437019,0.013891842938662748,0.003400730220306848,0.0031753141648601345,0.008470240563460761,0.0048200724617797445,0.0024262297788275734,0.0033136243556700137,0.0023598194199709903,0.004290669539551638,0.01016482123755982,0.0043880625313879335
3653,0.007621245267263284,0.006083899700263388,0.004964722156213391,0.006695941432450537,0.006006006360120603,0.00793157198318646,0.00721074949955825,0.003193467651487253,0.0043881358779058926,0.01106972232032074,0.0024834143267153928,0.004027935031990439,0.0038423562902953584,0.004288111894229157,0.011250653647184656,0.005019032453247628,0.005305801323146227,0.013062050290238127,0.004116999551453182,0.006104206344732388,0.004060388410299814,0.003299290670975675,0.011613118914533318,0.004490352348195366,0.0018657783127572101,0.0033421063675549627,0.009158428692203135,0.002729554999031913,0.00457160495384383,0.0021609343527803217,0.008219343840816393,0.004055604816059123,0.018422234323360247,0.0024094349279596573,0.004643830448350682,0.001213400156103354,0.0033866751115535,0.0026436197158004678,0.003498358258728818,0.003911867235762388,0.002783871431627807,0.0037353104120742414,0.0031987109468326986,0.0047567003201487,0.004597815439281128,0.005329830094753662,0.0029911752251037724,0.005977033315510251,0.0028082716161231,0.008006861787099173,0.0050883098295718705,0.001733423005124156,0.004208622666161562,0.005252558447354714,0.006228423264603782,0.0019309332177172268,0.009630888799915168,0.003401207954541574,0.004280053967890724,0.0031033607724895774,0.0041709713249670185,0.006462633358550838,0.005818135820838052,0.003524245318842335,0.004856428522508668,0.004850819083078321,0.00439620798023457,0.002403361643730636,0.0025160802379996508,0.0061111608829549705,0.008374080486365554,0.006553238559021882,0.003896324534294166,0.006700265621250352,0.0030745433125391355,0.003378230948121396,0.0050670712164630535,0.01511052364332952,0.0037441520733456552,0.0038620238790836176,0.004008881030672278,0.006899181714696125,0.0032500563530511242,0.0022852364959688944,0.0031894723569948465,0.00371932943201091,0.004057861216252601,0.0035183280433638223,0.0019482025684155818,0.006514960470804857,0.0038133998064007277,0.0069079481435468815,0.002099590305103296,0.00617953556190518,0.007743146417544987,0.005708814911113551,0.002103140874570624,0.003994249302855466,0.001962614897166582,0.003966781629975024,0.004991466143681773,0.005329155128121057
3654,0.007198515090207591,0.0038761005085641525,0.007343796356747744,0.019456612420517976,0.005234037321613494,0.005825265422414652,0.009637765020466893,0.0031048547873798664,0.006384218611532382,0.009677629848272584,0.0024309027004751345,0.003344693508276857,0.004973993556120428,0.004608217575418824,0.009019691393514422,0.004161434148735991,0.005290753816630798,0.0036866114874043085,0.0033179802582405764,0.008149236185471741,0.002611967068480942,0.0034615600229149462,0.017226366830760106,0.006584582955090776,0.0018318333547549326,0.004934693602964103,0.010245945335762202,0.0024220337549560483,0.007950292058467739,0.004460842757253416,0.010449038608617902,0.005278095742325232,0.013909627888643477,0.0027420797284750126,0.005961397680418728,0.000684404594180219,0.004410505455943217,0.002419275022169684,0.0028766215283932647,0.0038193746607012658,0.004993711826734691,0.0035423520898710385,0.0018829191582146322,0.005367987010521262,0.003648195929817269,0.008207438250436775,0.004199212038756667,0.005341190384111182,0.0033096657760870642,0.005040646128439366,0.0046979278518007395,0.0018043097620652764,0.0029049667522951027,0.005777193490282367,0.005351090506300287,0.0020604897097840783,0.007500375546332193,0.003808803303746982,0.0035408837332873435,0.003921830942718973,0.0036005811654635446,0.006721240044620981,0.006082472465426505,0.00334548980645504,0.004986526744647959,0.004099696649846378,0.0032867172281012946,0.002173586903112483,0.0022737118460969966,0.005884054036234606,0.004448161081142112,0.004677938734674298,0.005494611650200912,0.007865825208562006,0.0026351436576897663,0.0032503340908356837,0.0065303293497204805,0.012834124546675188,0.0026432698263993836,0.00387166193537674,0.0037490556970133622,0.009273328233738906,0.0038305628773142356,0.003430170055178339,0.003439320590133185,0.007130912073210053,0.004779679809376143,0.004026927978308001,0.0028324059518067316,0.004272969435233544,0.005005467252225876,0.011641602103846033,0.0021974470012305464,0.0064119681385564065,0.008379674864697173,0.007396440925091147,0.0024327837435950375,0.0072576105282601,0.0024474062595322556,0.0038246374658339206,0.010133387014340673,0.006161678783760207
3655,0.007521238301247963,0.003613766926337821,0.006034660942198362,0.013475115832573225,0.015349627846310688,0.008208819938980455,0.01134255983042958,0.003646993346763208,0.005107298930281909,0.01098250001759452,0.003041958594612785,0.00435085955707676,0.004937966207025607,0.003942272296337864,0.010038533364443663,0.004658573829691639,0.0035822910643949334,0.013426448015422466,0.0050101584407249095,0.005457159212532342,0.0030363826090315195,0.003923916091508977,0.014083073592725587,0.009362349056625694,0.0013486685049556488,0.006701483905549751,0.008649679544662368,0.002186939900518779,0.007387397344771775,0.002886402148323102,0.012281282100917768,0.011936223926882131,0.02236617351637553,0.0033025275313550637,0.003428161332783472,0.0008713382975496801,0.0038577491406061003,0.0030126253138411177,0.0037659982732535756,0.0065661182810934395,0.003609329015946126,0.0029338083532269086,0.0032634680959421594,0.004996516138465779,0.005018953335881914,0.006303526840337755,0.004475049738467463,0.007398392626119145,0.003334005194415812,0.005354286207924069,0.005309777930006835,0.0017107275506712775,0.0042424406698617564,0.004812750623694287,0.0047721269960289935,0.002480995373684473,0.015791029626869957,0.0023324348422964544,0.005519823181311022,0.0022565889571690588,0.0025374528999295575,0.0061336479980235925,0.0034951102292479284,0.005288330653745325,0.00497352555064475,0.003107431419108764,0.004896196242846767,0.003331931051703937,0.002232556020947422,0.005951052593262104,0.006342705551462608,0.007246182293357845,0.005532218469110067,0.006618425144503332,0.002517677021519403,0.003961447193709265,0.005833722218375816,0.016379493108697366,0.0031975892871659657,0.005278330263008654,0.002962423783621031,0.007137025871093035,0.005657982987948673,0.0032776398823811544,0.002966659321427518,0.004974794530202964,0.004461108578039908,0.003976603148740856,0.0015353800099979912,0.010828413076659929,0.0032813564307549357,0.008898529961459333,0.0025704639711870885,0.006186315363381269,0.009858962585206518,0.0049221405757859165,0.002889224363363696,0.00663080121369927,0.002558646666564653,0.0029696385701609464,0.0045740901677377085,0.007944727245942385
3656,0.010539466894990784,0.005179256876403661,0.007404723943989554,0.013985838184981971,0.013889929019137381,0.005329282068941902,0.009478500614490043,0.00348306333552185,0.004380782335862355,0.006424971902195211,0.002550436389981115,0.004106508154992877,0.00470164454876229,0.004600127541002351,0.00831050394825745,0.0037310079180158315,0.005420834191782874,0.004709432669168883,0.002763912476925862,0.009720600441889686,0.0049213878373584015,0.0037323777810093794,0.01604428502214521,0.00580665521387943,0.002204601549073589,0.008173411953356696,0.009993925016195525,0.00230813170404878,0.005550885561812717,0.005572323655698133,0.011470544696348298,0.004893455563232944,0.016140769259934035,0.0028952524366125,0.004977889939711768,0.001032332181686268,0.004837554089908498,0.0035224356930534744,0.002423154095134573,0.0032325541716929466,0.004080890301273955,0.0026509702129836566,0.002550049851723612,0.005212598289761355,0.0038746857658951586,0.008713286761624793,0.004303237652948753,0.006253470453536754,0.00296654257474934,0.0059173699140340685,0.004344309882170382,0.003164107155823571,0.004003441238127312,0.011979967964389352,0.005770387815455858,0.002138879815391693,0.01036118227409668,0.0030526976446916677,0.004786878942742064,0.005753661038937775,0.002518331674518425,0.006158836599712353,0.00485858252541289,0.0029478139918289706,0.007663916531402235,0.0031313703716936616,0.0038585895201632314,0.0020779977734368847,0.0022176644668898365,0.005532062936119584,0.007605870854472313,0.005940121271210526,0.01032869791715801,0.004300915022887178,0.002201937144362699,0.0042144877985392,0.007140686219505656,0.014871044798222292,0.003947498172210858,0.0042617037852733285,0.004054213729219341,0.007992956294484375,0.006235142171163041,0.003169806925198062,0.0034413801321809263,0.007830442228783518,0.004759058820483391,0.00359562315137069,0.0017527899627533706,0.005718132610770701,0.0055178401141335156,0.012603682242744212,0.001795789282489813,0.006836689221595954,0.007836433322760614,0.004972183046745742,0.0027186803058560373,0.00640993619853901,0.0024801631387799663,0.003938175448753596,0.01316063559342004,0.0060404029612722175
3657,0.007512260263967014,0.004629581769668089,0.0061287423295593516,0.012900762318145902,0.004259719685277705,0.007001019181704236,0.007976206851908694,0.0025599535695177106,0.004262405622860678,0.008965383361646125,0.002770865891889217,0.004286459663194035,0.005821515448509588,0.00412811013119004,0.0066589520966281925,0.004302523433279145,0.00374163031535584,0.0037497773040629664,0.002561438874850388,0.013554671622492548,0.003205180530711246,0.0033978113083945162,0.019412651820262774,0.0030593976633926778,0.0016913810783374063,0.005979189451286479,0.01150604526646885,0.0024787429504392463,0.008359570206438204,0.0042103360944305505,0.006994455051689757,0.006391398800758738,0.01905066351489179,0.0026821210580931626,0.005288729918928644,0.0006617419864512267,0.003219864471464645,0.0023041457704337663,0.002811835012526173,0.0045891765171862725,0.003659574413895363,0.002522890791951071,0.0018601339440820009,0.007777785451542232,0.0033864215737376183,0.00742310965578719,0.009851970053728667,0.004456893043208101,0.003566077280704884,0.005993921751988105,0.006091966441198078,0.0017310122006286893,0.004879811922134561,0.00576369359828499,0.0049937386855425136,0.002291525325346516,0.010044820013101549,0.0025342942249075725,0.004054734951722007,0.0029116056537080762,0.002356163753666414,0.006926090139823771,0.00360901645596042,0.00445642548170817,0.0066896313854907085,0.00486049363617393,0.005230322121932979,0.002348041595211993,0.0022162995108394377,0.00525766009107292,0.006877245255494211,0.004754402543385798,0.005131927933285562,0.006118330312025218,0.0018525774838460487,0.004167434939498871,0.005306958909215967,0.013159201148214747,0.0037132594040662965,0.0037316569120643245,0.0035664114285122884,0.006545934899036093,0.005032340046623845,0.0025372916943252567,0.003901774387923274,0.003921945151400839,0.00468809150089242,0.003891748700994133,0.001604898296637257,0.005200274750165961,0.00536157323844902,0.010983897112312279,0.002242398172446148,0.0031441408401964265,0.007549550819036285,0.008901099572197388,0.0029796347235063136,0.004980299159823662,0.001993454137218405,0.0038418652821686715,0.010741564903596379,0.006670376891054152
3658,0.008687541016765,0.0043759827080103245,0.006598091716934057,0.012431259928867889,0.003603378511407814,0.005087029176057522,0.006370532982225419,0.0028406250203022797,0.005784291219872869,0.005893378199496942,0.002957589601573704,0.003547941956067762,0.009833343393283065,0.003548234406153014,0.004943255981426125,0.0028945576119818713,0.003240222454889121,0.003276089970021705,0.001781120761674785,0.006635837506614412,0.0028474340437038975,0.0031758142375497766,0.012008376482271254,0.0057768744860477155,0.0018489917705833056,0.003856221782407456,0.008176619563456422,0.0024560610610864495,0.006726235247255142,0.0038069118892302784,0.006059653067486338,0.004976184830111375,0.01614546684179227,0.0028858063433023153,0.006440364759942004,0.0006260745441216572,0.0026074987508656134,0.0042458868827751715,0.0030156101059319452,0.003737343657618132,0.004151919298612532,0.0019187845658306878,0.0023211276797879686,0.005455548409432245,0.0032983343056867203,0.006141329619427314,0.0030860161392304484,0.004530443735900425,0.0034902735197438733,0.006496193254544309,0.0023447746378292755,0.0020737204114878536,0.005615855525779222,0.005314776800727821,0.005021699821821571,0.0021799541707153897,0.007243467010496079,0.0033868881038281516,0.003510724424016896,0.002535870146195165,0.00271400661493538,0.005844351649461828,0.0038585876610100368,0.0031472546808027813,0.0059456705829763305,0.004332608986713855,0.002932867771949962,0.0023101660988049492,0.002751719553806212,0.005451699065225712,0.003999371287528023,0.004155865416055351,0.004683882591726316,0.006492218353945647,0.00181901848552109,0.0033275536468896634,0.006603866475084747,0.014077669254711269,0.004228979410206138,0.0046179054081473235,0.0028350662853851957,0.00596492674851774,0.005227038801238744,0.002653827953507275,0.0028901407485176205,0.005781380902291905,0.004095317925255967,0.003491590427450927,0.0015119743049975636,0.006067404889289223,0.003706033440642001,0.012171386523294421,0.0022883879918654424,0.0025665479372864023,0.008683681628962395,0.005242027473756411,0.0022186563179793935,0.005069252947511547,0.002347672908954683,0.0037481315674832805,0.01275560141960448,0.00868123999287277
3659,0.00803810216668085,0.005410336048879291,0.007214994734049211,0.010158487987086075,0.004069944141326488,0.0051383975657236965,0.006253862880539955,0.003191493454267381,0.006211578542084845,0.005451546410236279,0.002616967962866898,0.005702365290603127,0.008866241118983324,0.00577246064555892,0.00841235618558974,0.0032201971260959346,0.0032651337391131547,0.0039446136542758544,0.0020087910528752586,0.007488107557768818,0.003124513570801265,0.0034337029941446957,0.012770975628893256,0.0028906418790341335,0.0017862081459900357,0.0031970297483776074,0.0069831244851710226,0.002831513395422752,0.007057583346384112,0.0037755378648584815,0.00649664895705169,0.005137123003356412,0.016623246593586265,0.00208895369659656,0.006914174572942731,0.0008120008349032583,0.003208893642897797,0.003113868745400749,0.0031390183813148286,0.003540714782159373,0.0037551498963668216,0.0021199484372440907,0.002308816907280991,0.003673374601276975,0.004151578537634436,0.0069655546441462326,0.002653756366006058,0.0032590926539588214,0.0031325499181223643,0.005631697694374514,0.004142537568149011,0.0012059162235382903,0.00590211456765524,0.006314148429250113,0.005355375193380652,0.0020554697786020117,0.009498000611744824,0.003291827725677313,0.003941886391282635,0.0030044745466662505,0.0038541895994080267,0.004859977154652773,0.0036206999524350516,0.002796948213429751,0.004748985463884761,0.003917322193755444,0.003761536037575239,0.0024430328479907296,0.002437133809275971,0.0054847943320227525,0.004001571026743934,0.0035559586361871083,0.003488644215290336,0.007066142035499258,0.0017904417158480005,0.0036207216194105826,0.005473636420096735,0.015411326992272007,0.0027061458476031618,0.006083816787210104,0.002998248294082068,0.005049055962153083,0.0034331400557481755,0.002140974556230881,0.003341595293671724,0.005826624015032978,0.005207558676976556,0.003923489943766193,0.0025094689214894936,0.007517811347432473,0.003993823156655298,0.010576911032695684,0.0024945969487580448,0.002495767052457798,0.008355999124276573,0.00535213896871194,0.0019480787414254304,0.004230931299888315,0.002226282653616785,0.0040343308314306145,0.01162572496036198,0.00846139605291213
3660,0.00802889462798754,0.004211598262218445,0.007367192508315212,0.015045736539606672,0.005431012587486244,0.005337359685888067,0.006890203403126181,0.0029654396007752232,0.00436765257791581,0.006792456518791797,0.0029499426505706686,0.0033214327003030604,0.00888208261636179,0.003690019687111671,0.006143961190755724,0.0034908079947702205,0.0027248531626195634,0.003906584342728197,0.002267513993250776,0.006302124963686763,0.0038799367279104733,0.0034014375273909193,0.013726422842381012,0.0024536009507387124,0.001732841694738284,0.002484544687945135,0.007348088590470916,0.002755434350403277,0.005187836574986406,0.00331735726440833,0.0068186025098858905,0.004986728656265133,0.015975349540314713,0.0021632116061330083,0.005334697552337224,0.0008245161274761258,0.002906604179851823,0.002153846278445669,0.0030688969197924932,0.002866490005452015,0.0036108508745304035,0.002183120377114009,0.0025852705754746,0.008583276173682436,0.0037726268477448156,0.013452962749760378,0.0024338661144691154,0.0035673962313662465,0.0037481589390330854,0.004622893681499061,0.0039740929392585965,0.002046544374704732,0.0035225032982418598,0.006737563183384936,0.005632810800273288,0.0019951177536511135,0.01168318684869845,0.0032983359538405594,0.0030104487860611625,0.0029877208804202082,0.004631402320777899,0.005053838641720338,0.0041720415269511845,0.003893625705055958,0.00607864495670287,0.0066378339255832655,0.004375865715337437,0.00394067322416786,0.0025419041412910446,0.004849946477592839,0.004058721956031363,0.0038238680246600273,0.004563239167118864,0.00666241310042489,0.002144561390961531,0.003532254473536765,0.006099694636168626,0.012045831623558075,0.003830986270790137,0.004339822323737609,0.0037190185883502745,0.0058896681085253465,0.005982624829856054,0.002261219015179945,0.0038151264303466588,0.005960865445000119,0.0039051349423683338,0.004256119568029986,0.0021037877590621154,0.006504267396139755,0.0039059499922979913,0.01278966101476205,0.001718963397338147,0.0030794585208863347,0.009834365732340533,0.004571154278303559,0.0022181636688096123,0.003550855437509068,0.0027097595215701373,0.003377384784549533,0.009411758684258831,0.008501212402789577
3661,0.008375419824450779,0.004552727562537328,0.006999864167237144,0.01620628246859743,0.004805745551718429,0.005297648798244369,0.006995758746038865,0.002074377328834126,0.0038204739887692596,0.004864928824192896,0.003062927946870331,0.003643747120837543,0.0071629868784703525,0.0032475940575679117,0.0066439363433370225,0.003807174085847564,0.0032484216123398663,0.004235567739601891,0.002479775353318485,0.009973564164110918,0.003503594902507605,0.00294628793614219,0.009306277169550606,0.002408032234555507,0.0016528220523582444,0.004257706994044555,0.00794823096402442,0.0025043205616677995,0.004863416814482502,0.003755485081245771,0.006905867395877839,0.0050612414672031565,0.01693821051483915,0.0024562492577634544,0.0047566977835173,0.0011744334893650156,0.0026373420118978017,0.0020789236805239288,0.0038019785001022883,0.004565734131967389,0.004783458773184398,0.0019249896128196607,0.0036661834345128002,0.0074011693236566145,0.003833580911005126,0.007501457767994647,0.003155436749923887,0.004847775114426082,0.004428186797959181,0.006034640550487831,0.0035857252436889285,0.002085447563200488,0.004584573356152473,0.006643621694923367,0.00520299975839733,0.002503215948501622,0.010663778597431142,0.004516223919278861,0.003677935595639181,0.0036206694027858285,0.003809764753393194,0.004831412775861771,0.0038674180917321038,0.005676582750431824,0.005018191701123062,0.00316435975626226,0.0047630702979563075,0.003798862574157157,0.002337811015745575,0.005837828664916962,0.004601704756107927,0.00794628529725538,0.005527348325497986,0.008718533661487103,0.0023845906777483763,0.004262827030559806,0.006555961843137693,0.011441232541662018,0.00398176529262129,0.0056429976043480025,0.003592502448720181,0.0052386841870942355,0.0070560714425188485,0.0022787713383390145,0.003166689199668001,0.003441139527962904,0.005426368250916923,0.0035891121960216457,0.0017885454231985087,0.005127576902226036,0.005902960058538566,0.01236405720098397,0.003106718491740715,0.0029354029825883797,0.008734528250669825,0.004747068101462676,0.0021704548925973793,0.003019357887439587,0.0022402242091705527,0.003078597839180703,0.009655074842612165,0.004899473905682607
3662,0.0081083915907537,0.004236880293196229,0.007829701883495962,0.009554525532495192,0.004304065656003854,0.0053669273647670105,0.008089674411278502,0.002785605424265277,0.004129449804121154,0.005752826872109327,0.0028068744795168342,0.0027625686920990087,0.007738318037601591,0.0031733580256032897,0.0070438478567957236,0.004020721657250457,0.0035028888344321267,0.0033912463138065147,0.0021710496749758734,0.0069153037360068165,0.0037304798532264306,0.0029565659149969814,0.008848187732764428,0.0024992988541025214,0.0016664845301140616,0.003787835603796291,0.006787402815089056,0.0024545670495228584,0.005494181316454215,0.004083554263832425,0.006440760237725577,0.00508947361009958,0.014393716219470866,0.0021403470707894562,0.0064913340381221,0.001125291142588338,0.0026994005703576216,0.002161350622472272,0.002769179304217717,0.0038298356489909844,0.0037904501465046993,0.002697747601804101,0.002930512386546252,0.005086772740600603,0.003956210795748861,0.00572995907501305,0.002781575421512559,0.003561659694162298,0.004067468801967453,0.005584927387495925,0.0048573178085350496,0.002146748622747474,0.002962330395051994,0.005141128827570918,0.005921950935445,0.002285169135516764,0.010501066185590604,0.0046298139354963765,0.0028709350920266196,0.002703532168137915,0.004497871124214303,0.005286666355615637,0.00457681549651714,0.004205815606866897,0.00526973036937659,0.0033254276182707104,0.004564260320643824,0.004211001255088663,0.002526990033749609,0.005864638657353227,0.004612563669336167,0.004707587520913647,0.005186026247145167,0.006674311945494573,0.002638161053888904,0.0033125628902673883,0.006654741094832248,0.011957524332469277,0.00309971014973187,0.0037624011972674366,0.004212564879956544,0.005551715422364305,0.005228498321836465,0.002095527555878913,0.003736475780621179,0.004571020322506437,0.005000325379012033,0.0035368142620931077,0.0019389184375730828,0.005625997615126043,0.005542756436424746,0.010162922755061159,0.0029777125758927397,0.0030387734069263223,0.007600355397920742,0.004862350627168917,0.002320728127895895,0.0032657299114528123,0.002580817474947992,0.0032057869042898686,0.00861842878592189,0.006822606544455727
3663,0.007533457581479499,0.007805058432071206,0.0065253685560277145,0.012598515479041637,0.0045838316404408575,0.009643719983996607,0.007926963638286294,0.0024980868391102384,0.004559529133719997,0.005824006676800594,0.0033982025837630972,0.0030900807543528894,0.0065034835381234885,0.002642646769271997,0.005458105865763253,0.004571393748175947,0.0035432919637483668,0.004651401695321794,0.002392873027959295,0.006591172180285529,0.0027568552023315516,0.003551993386092865,0.007796697001893056,0.00324790893430674,0.0017942042239697414,0.004605600217432305,0.008591237075296285,0.002491330397837565,0.008348300592854584,0.002954501496015981,0.008310081997216587,0.0043143275120006135,0.015164356051726708,0.0020297820388288364,0.006136254501273134,0.0012479553093327437,0.0032856447286265427,0.0019862827419905057,0.0037798168350109064,0.004391938659943053,0.0034408800080335334,0.0034473956972789275,0.002102904353395458,0.0063360545265067165,0.004611057791668288,0.0059156209163839625,0.003377195435289579,0.0038845156322284222,0.0036681653276338182,0.007114524458799562,0.0017827000493538042,0.0020702860001273423,0.003329956888270455,0.00715941427347402,0.006109122340985097,0.00313801135526657,0.0101814920894175,0.0044959920214431405,0.00347813436164924,0.0031799785579822897,0.004407314292724591,0.006344311321465305,0.0038427296467444783,0.0037135291082416987,0.004905740686218873,0.0032917422211325652,0.003846178224336909,0.003744998081619334,0.0030038318824919955,0.003962208821605771,0.004059111105752899,0.006205135082124906,0.0036574831182829485,0.0068653805334115475,0.0032340344742940825,0.004195964616548237,0.007741488418772782,0.014003192062603444,0.003843778463717093,0.0032653542715907623,0.004870751480609438,0.005206993189319383,0.0036555911922823998,0.0018861056645934726,0.0034066337243582466,0.00399298502173563,0.005173637408745892,0.00374053964124742,0.00218158548716961,0.007327107584183551,0.0058770528027230545,0.012482733663399517,0.002268928153364836,0.00437998918222107,0.007082648755695677,0.006118590946353822,0.0027996041003712155,0.003152976376784413,0.0018527972131877413,0.0024028344093740294,0.010911746910715323,0.004832093523716209
3664,0.0075395894591045245,0.010205003419336464,0.008400107099135348,0.012457254895834846,0.003583093544101304,0.00724167886925856,0.008382380062835527,0.004044569051267645,0.003982943381642528,0.005693875139894045,0.0030130085959530362,0.0023265779649873993,0.005751969936476844,0.0032245320779517046,0.010840052503554402,0.0047077657670346945,0.0035564658357978667,0.003460508165775856,0.001755830614644381,0.0058816110320130234,0.003687557909853555,0.003657310335786263,0.009022971819742927,0.0038101671549582157,0.0021309831481553694,0.0031507982068602588,0.006018940589126554,0.0022200644806168717,0.008508276558970011,0.0028012552726585094,0.008373417983942078,0.0037987402104967143,0.014072165173469476,0.002309873104659579,0.005274745514158826,0.0013425597984778497,0.0025950515590097054,0.002620271112420415,0.00446853309503417,0.0043645732112066,0.004253674666171415,0.003228758170566334,0.0025291357229215105,0.007531126839195407,0.0036695985919910235,0.017602081421784623,0.003584055573316311,0.005375002863789583,0.0042100455508089565,0.00511721436375399,0.002488893379905455,0.001981794343336927,0.005245918481002588,0.006498477191090432,0.014206541316011581,0.0027834566020220803,0.009306393830415958,0.00319729136161023,0.0047148255179228936,0.0035535145827615376,0.005041414770611976,0.004783212475697048,0.003500051625953339,0.0038708192756807674,0.006033064479858834,0.0035869777781257,0.004345907354075682,0.004522618431801035,0.002829231470545326,0.004502691669231542,0.003843787136141775,0.005677136502886476,0.004764794603122351,0.008274751622886599,0.0019040226809112573,0.0037344193465087315,0.0069904566137767455,0.013498309291541423,0.0037796976606081106,0.005059391448579044,0.006185331774723299,0.00522139617314943,0.004576723037869004,0.001932791356384182,0.0033902377303579707,0.004756425389820634,0.0041687668655450445,0.003792883024762265,0.002096836553768124,0.007243854619412092,0.007457184166728996,0.01791289421100979,0.0028670185681114353,0.004828256048241345,0.00775799777599024,0.005345886261359967,0.0026806357369145136,0.00365171244748941,0.0016259692772855293,0.003369596905733143,0.010219823912202362,0.005642802303405091
3665,0.00796039688546087,0.011902604979397581,0.007144590242501384,0.010603796839096154,0.004084315812169831,0.0057247885953291035,0.010979556170726174,0.004017174223350288,0.00410845540457455,0.008086164239660415,0.004179280154383631,0.003903552363780794,0.010909074892773932,0.0036243058714968456,0.018667088844542466,0.006277253392235342,0.004881112472603737,0.0035237871397968226,0.002400808760490678,0.0060075550966367675,0.0038604434933537175,0.004771431587943484,0.00944359005314728,0.004256774860512161,0.0023638836616152524,0.004983045005677827,0.013448512063159182,0.0028846725473757524,0.00822179276860125,0.003596007425493196,0.006451059538389357,0.012676020690999722,0.014173207273485358,0.0017040978512723188,0.004723998511405898,0.001588760734759284,0.003353420228087661,0.0032648188519580137,0.0033825701092552716,0.004265210145635165,0.0033539792461316728,0.00347753165792618,0.0033044647281753577,0.007413987485711629,0.004203893592642439,0.006068371816414166,0.00388090256088587,0.004763703858039797,0.003373919838437917,0.004365845921493606,0.0057836326346525834,0.002462150342260972,0.0035665231085660687,0.005762976272820307,0.01105336020928489,0.0031281844078113043,0.011687779522219062,0.005642234903265818,0.005023118678925389,0.0034056763213152538,0.007982609092025325,0.0060044529139700485,0.006779539143310938,0.0037169558513389014,0.007280803676612578,0.005319207431266541,0.00416409150838618,0.005594351866164685,0.0023472837633971904,0.003842546691816602,0.004493300489821231,0.005300543345996355,0.004231582754708562,0.009410244312439708,0.0026107177648844295,0.0038009891890871225,0.009808721935998396,0.01182048288476067,0.003702790863177837,0.005376291946642546,0.004891447168103702,0.006583630745717707,0.003733873317361587,0.0022193538426175624,0.002294702502645862,0.006507576027504879,0.004325796857871421,0.0038202075635757116,0.0019942653898076257,0.007825850014417305,0.005723637877820535,0.013173314324435893,0.0020952034107563937,0.0073118307398789386,0.008608068784189593,0.0054387416132413,0.0023503741149645003,0.005378115381116083,0.003971360786040446,0.0031041670709080413,0.009677943809745237,0.009100493450492126
3666,0.0092684893290577,0.01011004374320631,0.011021941685995853,0.012892691384093,0.005124265628349642,0.007074716890622382,0.00910990891243459,0.0038458772359866744,0.004918034257261999,0.005845446528802412,0.005727483690555755,0.003707049326560079,0.00801347315349821,0.004602235233580235,0.013453466720005525,0.005364341007942784,0.005128598920155876,0.003517035603035525,0.0024200241183791583,0.00533016670228815,0.0037676897549741226,0.0033606541852828293,0.006934299503869248,0.0021560980122195153,0.0029819966835220985,0.0027700288784483955,0.008162477408016705,0.0031223539070540816,0.008313154415578694,0.004146890461319544,0.008259281812197193,0.014731487262013204,0.01858011693400018,0.0016311497528492633,0.007330007827899857,0.0012414394515989197,0.003720520529959941,0.0028082686152282156,0.005331043595221228,0.0037572655043041784,0.004567606128057393,0.0034547782942316203,0.0028236249691588745,0.006162858816203527,0.004969948079191456,0.005530230118375408,0.0034392029187887193,0.004357825159589469,0.005327921396396689,0.006147212118462116,0.0043309296816484,0.004205836311999521,0.004330040251214418,0.006064500422388818,0.013700004713880108,0.0028931717482287064,0.010859593001576821,0.005217573368241379,0.0047889438823579735,0.0032723748675069176,0.007488668825551993,0.005140830142782974,0.009125036087765891,0.005501962456721182,0.004893234571195665,0.008690358918100986,0.005148876800771961,0.004395652905518123,0.002153298185942044,0.005042603023333244,0.0049152367357649905,0.0056443423614207875,0.005389859631765089,0.014581261995906859,0.0033413142774405915,0.004579317213574341,0.006381382518215333,0.013749270920830923,0.0036770697136677996,0.004483494543803224,0.007517642259876379,0.005754580972057009,0.0038975797718350967,0.002609893183405742,0.004045739447156408,0.00556144701044192,0.003988700325731819,0.003734438005434733,0.0017506395756744857,0.005269002459896939,0.00501702279124437,0.009546938508619436,0.0020602962529006155,0.006302039267476093,0.010862573568077308,0.0072316884154919265,0.0024057365022977376,0.003680650371515568,0.002110560672786701,0.0035732062206646873,0.011875564138313574,0.008349924569285698
3667,0.009108054096580817,0.01615049895173852,0.007189022445055167,0.015121941679663822,0.004312493216736929,0.007691510923763816,0.011286270451358667,0.004992607709166786,0.004352319526239645,0.0073737863574776154,0.0036467978370044803,0.0036580438265600224,0.01110540733839091,0.003408399737221541,0.006485261652034397,0.0054138145639829145,0.004934035405247809,0.003074711063960933,0.0024037221532026156,0.005765518230080758,0.0026025285050409663,0.004788729496561501,0.012035105997271504,0.0017936522533136717,0.0021464401923209932,0.004463090361038858,0.00922120478944187,0.0026837820745902632,0.00756977110256561,0.0035601554813883786,0.00838648046684369,0.01430072372495348,0.017050310530609483,0.00182822020846003,0.006434053927922981,0.0010891945691498155,0.004391558787440436,0.00405175173117438,0.004191114849164724,0.0032615896456933864,0.0035462419974218594,0.003782464128149817,0.002166661006579266,0.006335923113165209,0.0036117841271939145,0.003960404471052135,0.004055647384937529,0.004429108754832833,0.0042586898558924806,0.0058453661605312995,0.005835180673780443,0.001814299045582435,0.004952695703140223,0.0060761848438412825,0.0064981872011068064,0.0022489001421840096,0.011039527307375,0.005350247588042425,0.004392620000495829,0.0043413140025723666,0.004044345983432295,0.005290386271244358,0.0044565242596067145,0.004059128436701536,0.005728871914525106,0.00675781992854333,0.003093470223971172,0.004355532357140708,0.002199014246109164,0.006199500245703638,0.004056616484794005,0.004081165653966483,0.004878250133503225,0.008774221508288493,0.002900252331419463,0.005171812092681825,0.006923119846335782,0.01148175829755134,0.0035841467779899596,0.0039899666624908505,0.004345958361434865,0.006271299988327715,0.0037421049766625455,0.0017957961927411905,0.00497661976219327,0.00554226255576762,0.004007284087410128,0.003632143783838611,0.002216772643810636,0.006863970445769288,0.004808654959145904,0.011737760415331614,0.002434653928703246,0.010149390730961686,0.010783621660281906,0.0057758566487079045,0.003187910595139834,0.005284741818037259,0.0020370226619901817,0.0032997152898102742,0.011654337400026797,0.007110717917375396
3668,0.0054133548260706325,0.005885660496392779,0.006626567655551484,0.007170778099712962,0.004682627883457291,0.006988147932961399,0.007164551558015029,0.002006735715008125,0.00493957151536327,0.005137632216630576,0.003186664683688757,0.004105777908423965,0.005261113858039521,0.005334381957454995,0.006630521511366065,0.004954360331534888,0.0029694490765811497,0.004639673241369666,0.0023595501066358206,0.006820689859289934,0.003316452169631624,0.0025477503380685494,0.009183396122551611,0.0016956816551510938,0.0018116409279764632,0.005260945714365444,0.007695783405199392,0.0020914942604252497,0.006062481701053441,0.002705515728801358,0.009650373993862848,0.005505869220839912,0.015430719034797681,0.003606549141174138,0.004113007920550116,0.0011534665704262842,0.0029394796612261446,0.0021543208973929685,0.0024762463617790326,0.004325794602859367,0.004082193538416532,0.003929742930152069,0.0026611398842429764,0.005468486297308849,0.003934458751335579,0.004745148010274673,0.0030892779760483768,0.004897541155755451,0.0036784843270471126,0.009509798719108887,0.003509662430522493,0.0017256878668553595,0.006561011002998199,0.005487834922276565,0.005802598784476348,0.0030125572562115428,0.00872551812697447,0.002593486655999573,0.00456965217055553,0.0036752885020900094,0.004467923083585689,0.006328152541194384,0.004775263007952921,0.0035308190464435844,0.005998298518385611,0.0033098105406645776,0.0031241489388575765,0.0076565613524612955,0.0023972335983272297,0.006484074336864934,0.003949091212370544,0.006633369387734371,0.004336134546769175,0.010700890272770054,0.002238479263096838,0.0034432294231652397,0.006701308980435614,0.013077292242917805,0.004415006271610943,0.0067215557582030894,0.004950995424506963,0.0047889220650537846,0.004684804949983824,0.0021501978505592944,0.0035040830153638958,0.0043619570910815066,0.0044084714984343855,0.0030581013906648175,0.0016453049125371413,0.0059556638977463555,0.004087431351803838,0.0063265680906116435,0.0024900404471738754,0.0035043771979903666,0.012928098056127766,0.006355278828782222,0.002186220775091953,0.004482077535877163,0.002157422951007805,0.0031393278902011514,0.005277740398142548,0.005119433424115812
3669,0.007957000326504614,0.005078906762283015,0.006667440736045945,0.01239073466187295,0.003983089790118974,0.0060498454410705576,0.00894822469629085,0.0025280106800914196,0.003461779592107926,0.004737428991185965,0.0023923245140595054,0.003470201701938534,0.005259765874879402,0.0036032160478738245,0.012295081250865553,0.004979321169779335,0.003130496243419631,0.004324890407497387,0.0030566780505416184,0.009228512996090557,0.004823735149216218,0.0032348106298724336,0.007469608743691042,0.0022990015270127006,0.00211071755541182,0.004782676944800284,0.00961586778223176,0.0024009960599208863,0.008305077764526629,0.005211204601592459,0.011440165400260516,0.004462623184584272,0.0189440360301378,0.002989435387925113,0.005433624094729457,0.0016079520502311016,0.003250087499148032,0.0026851834572318434,0.004347723360028334,0.0033359215640816095,0.0054931701620469795,0.002810014262314589,0.004340164695438066,0.005641921743404178,0.003510093421703725,0.007888472888551568,0.006904438935757165,0.0028773441128452106,0.0034157228299752135,0.0064118643825175695,0.0035099220574259524,0.0020702560719868678,0.0026765398586463315,0.004893910410292987,0.0057439581654560095,0.004205967421086909,0.010165622208228241,0.0035282516911160516,0.0039001661733515827,0.004006338230220557,0.0052932134551103936,0.0060820709957138145,0.0032330967311881365,0.0025008569946992935,0.009191621406635226,0.003660770205856042,0.0039934401719249665,0.0021380354898181265,0.0028598830255600074,0.007427501999652029,0.0036235698008520046,0.004815088732117932,0.008715864945710722,0.004338640903229315,0.002786928602729663,0.004041532056762337,0.006616179820427752,0.014956584360043768,0.00326841730317659,0.006310647071532154,0.004841550676562004,0.004977800340929658,0.0068481109924391215,0.0018484370612422815,0.0030421571135927934,0.004125460239813795,0.0042058175706492455,0.0029357138346422585,0.002103148166888974,0.007138973124434491,0.005939478251530073,0.012158739092186078,0.0027223523161476566,0.0055655081076600435,0.0076222909037986005,0.005503690356974645,0.0037820222494561752,0.00392971644754537,0.0026666822729769406,0.0027006307409350155,0.013211803227898873,0.004675718929381035
3670,0.008219143375691563,0.004242651430851193,0.006829604722402039,0.011787884305206681,0.004159690190807725,0.008481011200484145,0.010329115372326395,0.00312836085517974,0.0034788245398492544,0.006957306708798265,0.0017533832239785877,0.0040222058828819065,0.006154023593787367,0.0033237844921385406,0.007449630085866344,0.005897143303066395,0.003289812797810538,0.0038066356734433554,0.0029094623541039196,0.012503584286625215,0.0042041980878763,0.002475596593156544,0.007160924366701115,0.0025994690681362207,0.0018098857533562867,0.0023115920528692098,0.00764066011977648,0.0023743374702501195,0.0057608470583415585,0.003834937728401318,0.006186708413188327,0.00633934978827509,0.014781451298012659,0.0024260565290201985,0.005984453230865485,0.0011384022861872318,0.0025602107236514806,0.002381887875526171,0.0033721661604660187,0.0033525604737321005,0.0039629430703648355,0.002138215841760426,0.0016208767672373661,0.008525038238494657,0.00370288885232079,0.007088426997133305,0.0036962227793693164,0.0036159308389939154,0.002798590716125716,0.004507359500630901,0.0027701174600053688,0.0013759113850232397,0.0024919866423011297,0.006204647544631313,0.0055907743826906775,0.0032851361712613143,0.012286182173049455,0.0028177720191520646,0.0034827670703550854,0.0028820931587712163,0.004046582722024048,0.007615927169377432,0.005704873397172338,0.0032522297570661083,0.007171867905943184,0.0036671234481798643,0.0038281247283993504,0.0025530751325028543,0.0023384421999365895,0.007343328063422323,0.0073934189303646565,0.004592518773057695,0.005544608286509596,0.009096240950894043,0.0024135166841858075,0.0035303391248258363,0.006561198616265277,0.012562601773076092,0.0035088070356354465,0.004936161373052085,0.004422412250358597,0.004513453130161432,0.004005765066658319,0.00243044866207176,0.0028747622188445843,0.005323349500875463,0.003577514454795298,0.003357950740400009,0.002678372544804769,0.005466162441561473,0.003638209611251956,0.012209808997538893,0.002385930046989254,0.0048777487491614875,0.008097953402222049,0.008204820334593951,0.002318594491062924,0.006345128219870227,0.0017575871743569348,0.003234468867548376,0.011845437146135887,0.003488806180943978
3671,0.009624205018068559,0.00556737739907551,0.007727598241787432,0.01194190189102851,0.0043830738725609926,0.005943833837243839,0.009796808530267138,0.002106573423008446,0.004999593051739276,0.009133071652558918,0.0023489532477640185,0.002642554467219185,0.007114741961001282,0.002975421702472715,0.007087585871163869,0.004717113790821977,0.007258099472377916,0.0034562157311312184,0.0026156695819546153,0.009294570827960097,0.0035045163259024787,0.004418879915197681,0.0077037194868574965,0.0025662208273226615,0.002266619081942201,0.0028098591920521065,0.0066319979394414315,0.0026015925652635337,0.006113737480677825,0.0027805843401592857,0.008762314865654926,0.005009481435631282,0.015544884319768682,0.0034038951959468526,0.005308469495209847,0.001399201535109341,0.0020153508902867744,0.0023602985423690445,0.002884338540507765,0.003461243433966601,0.004258321678834795,0.0030096041051092134,0.001980562832869411,0.006118150445777254,0.0031738710426515186,0.006093083274956673,0.0031483059298214066,0.0041655672681519635,0.003612128854275903,0.004562293257297556,0.0018316604416920563,0.0014750405088902899,0.005046452415213614,0.0061803235162883365,0.005383520746157769,0.0027051996807133582,0.007982064507849605,0.0027166384499042718,0.0033427769833494266,0.0038379802627031587,0.005318578089145058,0.007079772758719086,0.00506404465851031,0.0035014775946406217,0.005595051576307557,0.002858790091747948,0.003460496336165563,0.002258592491662723,0.002196241388574621,0.004348467597419404,0.004227333047107698,0.005240456068967029,0.004807298204399097,0.007407258739624784,0.002680091941361424,0.003865356391793421,0.007030055100553565,0.012844029292973588,0.0031575157094856712,0.005552570096842165,0.005192433845214642,0.005366658761324069,0.005655856717537084,0.0016789581707045813,0.003577839170692751,0.005617288357130933,0.0036950137598756668,0.0036356840944618226,0.002207817946308985,0.006052090684889478,0.00407679106202815,0.012162339550223146,0.0018011144897173389,0.003178140124708628,0.010896240529184212,0.006354012924396019,0.0020701636254418583,0.0063943355590916455,0.002008966558138743,0.0030735797761056987,0.011390139621752343,0.006598872099144319
3672,0.008705160124742695,0.004455454080866467,0.008485741974300982,0.01269441274515344,0.00347515937596147,0.0043568509892135164,0.008069318639732344,0.002919096878835691,0.004736759882886606,0.009222860466083458,0.0018382959514173483,0.0024709996836839204,0.007244604336401568,0.003157367563886544,0.006435554189467989,0.004351794192515766,0.00580354222950876,0.003598520727126104,0.004227042005193256,0.008068290965068472,0.004322668765804715,0.003582216875725705,0.012031187560306805,0.002163185502995385,0.0022883757386893697,0.0024471059295172273,0.007146020208742264,0.002214176606853706,0.005942879388602691,0.004306562734628038,0.009356302766688187,0.014921003135185684,0.016356716094131536,0.0025201759264406954,0.004911719690767162,0.0016144393568312953,0.0026148931327657295,0.001840499630622167,0.0029373163300760985,0.00400176500726034,0.0029905654779717847,0.003862986695663446,0.0024575088805010776,0.006158586910496401,0.007076354029773135,0.009821590951861695,0.0027736593323371933,0.0038026574656894493,0.004501597416784666,0.0073423158711208875,0.0029794009532923614,0.002019187924618465,0.0052290218239175335,0.0055591193677063935,0.0069717725188718615,0.0024930208666901804,0.010563489193769591,0.0037600773027026213,0.002477401809484424,0.003875178395697616,0.004164021426801312,0.005048454121456142,0.003807965606439644,0.003351919742071931,0.008070011017854201,0.003060136112587429,0.0033819547268075572,0.002552745189421657,0.0026301289954796924,0.004904520937107314,0.005984970817434361,0.005127609095705202,0.005464790202194728,0.007141753835108547,0.0019189411280043733,0.0034571970942312248,0.006531853133027221,0.012531208809929636,0.0034314406271656094,0.004486664068380941,0.003166439056300111,0.005625405648297893,0.007190108506264581,0.0019193099473365069,0.0032862257437945622,0.005676129201579854,0.003987382256490861,0.0045032166883686095,0.0016416178564521776,0.004886272867811864,0.004056512112926342,0.01386581704317019,0.001998614604180605,0.003325496897239417,0.008868641696511161,0.005211850549146295,0.002241511701958142,0.004580581414996432,0.0026201376785122913,0.003581274345049238,0.010995879239027046,0.00637827088067872
3673,0.006779061854775882,0.0056690449293150405,0.007421358778404583,0.013702990360349259,0.0036576711091752313,0.0054241595856279225,0.010382812825441502,0.0034387184821828604,0.004110609714552089,0.0075238744006835894,0.0023169550388570624,0.0023671760423717514,0.007980749873300998,0.003114500798625665,0.005325113652221546,0.004059769978338272,0.005209071394057483,0.0035752519396951795,0.002830708119880426,0.0072098666583494545,0.0033541286282901556,0.002867627142507908,0.010727633662305754,0.002488745800046977,0.002015565653900406,0.0022435595131818503,0.008167877011347443,0.0019643596748067627,0.007349606628246468,0.003284914855000082,0.006334610490944277,0.004268958197560132,0.014007298035531633,0.0021715725217979916,0.003965514169777409,0.0013852706742796923,0.002562906074336932,0.002097366340401427,0.0032905319361705918,0.0026733167182942407,0.0032675937129817262,0.0025163435707739436,0.0028000197945506566,0.006436605198023797,0.002839450006404598,0.006099227941572699,0.0025397231226239434,0.003963539028804036,0.003005878363263786,0.004357092438391039,0.00401381228955055,0.0020001926949179687,0.00518141065663671,0.0055647910208601326,0.00676237989057963,0.0020791445619632786,0.009829755274659792,0.004443268808399545,0.0037799263389633043,0.003313272534208854,0.003505619691704106,0.005080911628708402,0.004167005311103236,0.004585969188984833,0.005587542823402449,0.004699051463580576,0.0035290522900392734,0.0040654280734404675,0.002449132749859044,0.004303942905783488,0.003990596021670908,0.006066074125719387,0.006356532210190546,0.008230429571358614,0.0023459492093707984,0.003566445364040003,0.0064618776619342466,0.011893219489132752,0.003242010633114085,0.00524238108082505,0.0047286412744204,0.005292061451532228,0.004211271776383026,0.0020744569462535284,0.0030768498762999063,0.0040526945020506345,0.003751186242853535,0.005433175528251382,0.002067010997171953,0.00685593009767814,0.0061491387911282265,0.014171468809458111,0.002122052286867247,0.002792451260073012,0.008501446392360586,0.004571161706430369,0.001742553023636705,0.003678432413548068,0.002316394822876512,0.0029033360125623143,0.010980715373609095,0.005301278665734829
3674,0.008533207288011874,0.006015582326977241,0.006985805758370769,0.017795523299516024,0.0036233176492517136,0.005325089923425116,0.005907734349677898,0.003448192091112918,0.0038993574434681077,0.00814498194956102,0.0027863636546472718,0.004310383403403484,0.008646484668913252,0.0030248851844389586,0.0067635140016655635,0.009936161649285156,0.00584530606248329,0.00590187535860811,0.001877276838283289,0.007540910925609381,0.005372552549612414,0.0023341092687434906,0.008937234419808163,0.0025607725844548662,0.002153392512250468,0.003967991790754946,0.0075196256961656775,0.0022244736308993825,0.010905424051121033,0.002426880105958565,0.004240037105606175,0.00604093894833573,0.014724218146043888,0.0020312811255780295,0.004597095127743772,0.0013973233791738427,0.0024092165723073765,0.0023594532845604634,0.0030459145542135703,0.0030938650753045112,0.0038210624680736736,0.0024021410427503866,0.005351560931788876,0.0076575367834665654,0.005329636098973803,0.008428841013236559,0.003785649583983249,0.005024331610546279,0.003192973560246864,0.006581135999250528,0.0023834028195883913,0.0023042471281509353,0.0042202415600736416,0.0058854657768446445,0.007690664840534913,0.0027205402898495055,0.011528764265866064,0.003793448254939515,0.0038950445035579205,0.002847468780433393,0.0026419905812421324,0.005798868428435564,0.0055454764633616075,0.003699497866235584,0.005386610763130134,0.003349619262099407,0.004058824317171357,0.003907836643921981,0.0025802927987274476,0.00491261347901536,0.006273577440734552,0.005650658255612248,0.005319609676731065,0.008979394858084173,0.0022322744311910414,0.0037900884358536583,0.008167214663235431,0.014349246707931102,0.0036394708867747657,0.0038713515532501066,0.004726846428706996,0.00527110067686634,0.0042256397436615896,0.0020323840625688363,0.0033484634104103505,0.005583246920749691,0.004373097607880393,0.005249341953038116,0.0022366199213840585,0.004759705823632499,0.0071955662477593465,0.01389483899197328,0.0019979985042565813,0.003311505695033055,0.012764536040214271,0.004569215168894362,0.004327232998479688,0.0031612331335219334,0.0018562627872919964,0.003349857906501081,0.013691183002905324,0.0039965399569621505
3675,0.007456472158768721,0.004549160398664048,0.006505576570788752,0.013185040314302515,0.003547242804841567,0.004747230565857534,0.007858281980289011,0.002412668958532898,0.004376192603068421,0.005885607621442338,0.0022239147197770336,0.0020950308345757404,0.004815254423567675,0.0026330547623400016,0.007742708585499402,0.004494517663102113,0.002782553516003124,0.0031312719407125215,0.00512430458042245,0.008255052188574596,0.0030262122651258635,0.003568459473589001,0.012162366981485026,0.0030684407084079044,0.0020444409467484906,0.005554724828242816,0.007734182543326243,0.0023313200413455954,0.004373054133555778,0.0031641247772818304,0.006059174632787357,0.016411694673970655,0.018815763842067484,0.0032049286787352456,0.002516903242162081,0.001061705278775434,0.0036639223237355696,0.002119395615239241,0.002765081285576549,0.003699110016076199,0.00308686045598715,0.0034268318969394216,0.0035157001146337618,0.00596335951769053,0.005699975167144509,0.006871762904776309,0.0033495889304393485,0.00380730392161907,0.0022162950459539933,0.010335705278891464,0.0029147678167156014,0.0024498647267818725,0.005150383734034619,0.005161962938149659,0.006560599708433794,0.0014490457614602659,0.009617394706050204,0.002761435555057598,0.004699707953373664,0.004906045703540544,0.0037762490099832995,0.005196217827293065,0.003496803723336317,0.0038074148270410557,0.005301486319666607,0.0032656993133080756,0.0039127610482028235,0.0023003867846923486,0.0024465872480021016,0.005244198269157063,0.004095194180518472,0.008803287114738236,0.0039734552508451934,0.008129887223445232,0.0024217371342392987,0.0033196961799261647,0.0053138236202421125,0.014719263272013181,0.004250392397736974,0.0049591131450529334,0.004596254402529421,0.0069174673194948525,0.005092177402873162,0.0022076195267603034,0.00417455207705529,0.00472472669376203,0.004209919908335461,0.0046901725917952945,0.0015135784196977239,0.005582612973108549,0.0034780410220471574,0.01456883637539831,0.002199024412274268,0.003294544213346037,0.008233525035290075,0.005240364563810914,0.003992040250515092,0.004178739151219151,0.0029698113196652883,0.004566757650131479,0.0063662856395925544,0.005852717839223639
3676,0.009964422467167007,0.00623313677019436,0.006808760495590617,0.021517064462133702,0.006906864236696514,0.00805892794011093,0.009402187568660965,0.002486197780963066,0.0038457984224269585,0.005618435969936687,0.0028394172823085957,0.0041333496358268605,0.005571545210046324,0.0032651445553634416,0.011917303808093575,0.00484885874326595,0.0031208472112865676,0.003254525557641033,0.003400731201185077,0.00825812510025778,0.0033064042949765473,0.0031047595005055696,0.008925110082839778,0.004985324382654544,0.0017314226846450503,0.004483930985885525,0.010088199655625551,0.0023024954749033305,0.0058570905180695965,0.003979805158835639,0.007837455613901641,0.012219889196746794,0.014140846875058934,0.002729298119248802,0.005900939507577175,0.001145073507560925,0.0028431298270437475,0.00203272726595829,0.0034217996479204947,0.003459191185117902,0.004418178542195385,0.004457116176704756,0.002657509980353241,0.004549540439030741,0.0044170887531306885,0.005929272583042723,0.006028919875887043,0.005277719099587721,0.0028673197279043814,0.007371315350404354,0.0032711768959759295,0.0027919053604390574,0.003956638606146217,0.006235482167074786,0.007566539100201487,0.0017893698008771203,0.010364831052049437,0.0035375529635807428,0.005879874466252983,0.004009026555946333,0.002850729846189663,0.005759284326115792,0.0036812098060743734,0.0023072402870515677,0.006882022865362025,0.0038160943192436956,0.0038620174139693017,0.0022087111641221307,0.002718870917794558,0.008043526913405255,0.0044086981158656295,0.005168897522408335,0.004907482699630345,0.0039663658624258784,0.0025330966190881096,0.0034575556130854,0.00620744373296799,0.015022753817753946,0.003429953031320378,0.0052576576840649425,0.004403920846311949,0.007752903339207989,0.0038572130176491443,0.002679807813690508,0.0042148000192649806,0.004550594160851369,0.007346389537970517,0.0036968568876393553,0.002629634774751193,0.005529561101239154,0.00535740210005744,0.013635484097987111,0.001924920106624012,0.006452748651445606,0.007105740215793552,0.006871919533650495,0.002190856141960599,0.003618656930476374,0.003400437590810605,0.003411494686591299,0.013276895258864281,0.006210717340459667
3677,0.007821714811780367,0.004534113797811333,0.006643071124319182,0.0178998944175169,0.004621453613688548,0.006023631102838535,0.007970450806934601,0.0022568955567776315,0.004643582145251935,0.008682225742297716,0.0033824510152350956,0.004443246723002231,0.005865679949119197,0.0032539513577326713,0.006675254923113912,0.005888939405804177,0.0042979343847431946,0.002819584156839925,0.0033992450856881453,0.00767569107530852,0.0027657087074030827,0.0025978730282793998,0.008004143533773494,0.004045022505306423,0.0015670443854130494,0.0027707202483138113,0.008742298354709634,0.0024683556105745013,0.006825151462656716,0.0030079847527381192,0.005454811024273692,0.004888997624755542,0.019177420351817926,0.004055531365962116,0.009093070041052765,0.0012146550909349668,0.003464102302536073,0.0025125087937073794,0.0034627123833346827,0.005575345488315321,0.004316012283976312,0.002508456163653883,0.0020477908613848396,0.005982177735924899,0.003463358828799605,0.0065342869632874275,0.0029848695570003354,0.003993580737041584,0.0025829028073572156,0.006151464213954279,0.0047229402715931856,0.0016102759760101728,0.0027486935774233595,0.005644285479518053,0.005522303432799198,0.0016678031019833218,0.008823952619894502,0.0029027633415190913,0.00483971823548946,0.0029382551096504067,0.0031560362501747066,0.006981077187919594,0.004241483567329245,0.0030328356668616763,0.005688259865244996,0.003580837949396558,0.005818585101075945,0.003011863128045472,0.002914531968678992,0.005905500207059034,0.003613469582324392,0.0055407374339719795,0.0051795516287031365,0.011486209742463572,0.0024552190313317616,0.00357831714126511,0.006433046811303953,0.012210717296886999,0.003809904782138066,0.004863983188532928,0.004145772325656439,0.0068170803599917175,0.0037707174631257784,0.003112584377774921,0.0044519884356739176,0.0032018582322093357,0.0048831303739927815,0.004541937420469354,0.002012184663269964,0.004973730192225705,0.0034048386737998318,0.01122490939182504,0.0018233049451039666,0.005931739198604574,0.009190618169557399,0.005306104707105864,0.0024613318384932095,0.0037178745016072305,0.002250100016456622,0.0026696995861441907,0.013608689891567457,0.004728867555482859
3678,0.00660201274274402,0.003672122691380679,0.007529285785231405,0.014469993556205861,0.0038238605796141623,0.005062448255134481,0.009804752889027171,0.003597415230090911,0.004593084880277628,0.006856750453006717,0.0032235120995749347,0.0024450974434448557,0.008458588158392765,0.003714663386231502,0.008811194034342544,0.004487058759855613,0.0053297880229505315,0.0033826598049355072,0.002615667688923146,0.007147645364108315,0.004012050354590626,0.002471932165904477,0.010166360126221614,0.002895266804389309,0.002059142609491116,0.0030722670691400557,0.005764322369043757,0.0018554726902490061,0.00714801512172868,0.0032462554794279643,0.006485302522735005,0.00478436113801089,0.016716991188118792,0.002498106868010008,0.005092108788811171,0.0010570626433542283,0.0022481921855172582,0.0023154214141430044,0.0033753608772555694,0.004610610456147762,0.0039800157273428855,0.0031486322995152903,0.002518111342356716,0.003927893602824976,0.0030629941493960536,0.009141303090253716,0.0036678223954272286,0.0038436226594598037,0.0033920748392141384,0.0063305040205278535,0.003083527014715402,0.002406076004504985,0.0035986419172027747,0.008777304168754293,0.0055662043738731,0.0020054060804276233,0.011458769338857368,0.003752121493142453,0.004072699290247685,0.003556626376632704,0.003620697779226279,0.005528937859878105,0.005234971702060426,0.0026080927917977274,0.0053790352043966835,0.004439239061182037,0.003716322799985488,0.003964892292132124,0.002276704748868736,0.007435416102006744,0.003421229295952258,0.004559803298522303,0.005236474177175008,0.006834296292005868,0.002736438577633918,0.0031894484902227523,0.008246147622345273,0.017681533732939434,0.003949382300818207,0.006932580638385788,0.005509692902683056,0.00533471780604671,0.004675446833817692,0.0021097999182741996,0.003677315753273371,0.0043166179203281245,0.005087800627736068,0.003968772664947001,0.002058056273858878,0.005360921428137275,0.0044476963409171835,0.014022113406806341,0.001856408829368,0.003578532217489487,0.009126100431530303,0.0045100792923059435,0.002146070573169184,0.0042949101962772825,0.0023366948393207993,0.0033103259059086266,0.009850995785333268,0.005503441604512395
3679,0.006186750115181348,0.0038616127117192386,0.008735796951683014,0.012535600896334233,0.004274075350435065,0.0046192534250011335,0.009011618048603103,0.003438866080576016,0.004775862302559338,0.007441244924094846,0.002458421762798868,0.0029960256091523,0.007465538764233528,0.005460678632974357,0.0057118976147045135,0.0036269205821823397,0.007930969880577909,0.003929093786568085,0.0029772183430419653,0.00667703228599832,0.003839619664974201,0.004645456219043174,0.009609078162571479,0.006226564089202573,0.002090190867095744,0.0024409162741092596,0.007347234919573118,0.0024908042799843943,0.00804247097095517,0.0032930386741957625,0.007945182066437845,0.004854847152440602,0.015429731976450539,0.0020278413347875842,0.005258979859945564,0.0010645456252253878,0.0025851373155081434,0.0022210649183330104,0.004317167867815579,0.0030682664294690047,0.0041433187041236864,0.002582708938459256,0.002242322507069015,0.006660845110758938,0.003322829435962784,0.004062174467838519,0.004185522165308279,0.00510431386100495,0.002927742492797256,0.00569359925138151,0.0035421302376677567,0.0023586464730265136,0.004612063464211681,0.00709223208347622,0.006108604005096048,0.002006040814248374,0.011963649527567607,0.0036416634683707227,0.0034484631574672737,0.0038379881689524498,0.0036503697832973242,0.006298938687101043,0.006115872777538794,0.004485883294414748,0.005463354634638092,0.0038318887337504197,0.003790947243941047,0.004166612540898747,0.002541384026005022,0.0063917045961509305,0.004890563994731418,0.0038911899625384237,0.0033546329570690587,0.005772997137794195,0.002947083372209957,0.003043996616550234,0.006769615067561508,0.018361968373049577,0.004595721042107367,0.005700802124068851,0.004409279458631866,0.005247559091935333,0.003358904330673059,0.0017184941848564083,0.0032232369299920256,0.006846918577036063,0.004815314680559107,0.0048028495533671955,0.0016662975447615253,0.005230658197887709,0.004967550967895852,0.014211700096066633,0.00159743917459749,0.00380022537536507,0.009531554703994034,0.005374472228489503,0.002746499355059983,0.0038308398526480454,0.0019688737588549154,0.003266314957708974,0.013739217152444739,0.005345318017870664
3680,0.008132995782179414,0.004248445246199839,0.0062209727054478555,0.015465436483517465,0.003891220633195603,0.004711729978567882,0.009023782828530143,0.0036958258377611133,0.005180677043810212,0.00689944916208474,0.0035471017774166844,0.0029223465362152334,0.006585866680587407,0.003260680812942975,0.006134780795289015,0.00340069705056223,0.005561220313984835,0.005824559953291204,0.002308228775332599,0.007982445244376878,0.004204713479068168,0.0039227893542790595,0.010948489970244247,0.002711692078720621,0.0020289527952223525,0.003751396802658141,0.00674873435871338,0.003392564023757547,0.00872406367719012,0.0037876230430655034,0.007662416643903035,0.0051325282649899075,0.01772297553061296,0.001904497073754359,0.008370883322008383,0.0014522072579911238,0.0028538166608268914,0.0024000129725151196,0.004514014715614708,0.003124944468446541,0.003942678929214112,0.0023535715080128853,0.002875807179560966,0.00573840963994747,0.004232366501695681,0.004084325768696183,0.003788377181751289,0.004323016153590448,0.0031243437501871315,0.004976765903940272,0.006350425325747353,0.0021578291727970635,0.004246046981269399,0.006216285141048677,0.006624172909715776,0.0017435696069394817,0.014354948540033474,0.003115831745086519,0.00559857262645949,0.0032004320692007038,0.006120941448930185,0.0058326773201291095,0.0062767359411666345,0.005356743365585033,0.005999961413076351,0.004119407762085721,0.005208788205547652,0.00382078238474384,0.0023208308940854037,0.004026744736209474,0.0059728232644680615,0.006911320344003511,0.004713596087668223,0.009780387247642705,0.0029910308768786972,0.004082246528599989,0.006767940506114087,0.014145610597402635,0.0038886648145565364,0.004344028189842436,0.004241323951685945,0.0060762555066570315,0.003791803167746418,0.0027411332113492903,0.003241205123017424,0.004853721143291813,0.005268037747118365,0.0070528899275084204,0.001944402872954957,0.003555480077592259,0.0062318994394523885,0.011435523300701033,0.002004794333780903,0.005767315328457122,0.008404467662899907,0.005191105035842751,0.0023976412653605454,0.006903530485750644,0.0025277359485488308,0.00308235292190592,0.011533438573257828,0.005711132145891251
3681,0.006844741114110063,0.004109786272132109,0.007535411942675576,0.011629145786507545,0.0031572029115149087,0.005476348665606,0.009681496948773642,0.005588690557959397,0.004272947516050979,0.00550551356970463,0.0028634180814386596,0.0041627715643272846,0.00671122318881084,0.003479204737824475,0.011873164971966105,0.004489705945978536,0.005217883544863965,0.004761038169214349,0.0024535768574290673,0.007034324680367428,0.004199293836939753,0.0032604431849249213,0.006226760350687239,0.0028372672965466255,0.002040472541868959,0.003416361543693866,0.0067519378894386264,0.0022334440470454207,0.014192901532039127,0.003285652816265632,0.006240355548493808,0.005026588966417109,0.014111048125319506,0.002296981595685656,0.002947836382076068,0.0010382303643788934,0.0035463411162012463,0.002089877969840536,0.0031510767077998865,0.003195744075766616,0.0024655583178537365,0.0021048447573815566,0.003263799413428542,0.006866566271170536,0.003883804674061426,0.006307225207711645,0.004102780149734271,0.0027673143505135217,0.003030299195999835,0.0077517663761407325,0.002768827051661533,0.002196593938886808,0.005919691592520349,0.005565690815174323,0.005823669404257458,0.001961614891530278,0.007668435344803671,0.004394924349786563,0.004894560418392961,0.00303577390354118,0.0053291592850682615,0.005399398484412349,0.00400923159675719,0.004287809613452995,0.004341588268546645,0.0029089261083139273,0.005631561894172648,0.004049278236046481,0.0021414388991932132,0.004073075168436983,0.00496513026560913,0.009227632105402814,0.004738340916834246,0.007485988758404252,0.003595132882683716,0.003916871073241228,0.005992242027382838,0.017807390777512484,0.003325494900921814,0.004458088823237387,0.004839662960658889,0.005558416251544169,0.004563106663032249,0.0020292957457454974,0.002812960117460512,0.0032153370420672945,0.0034141339588934813,0.005119888594482426,0.0016993550048740454,0.00463203997414348,0.004396308293108118,0.016008775513044082,0.002047765991076361,0.0032863479348835037,0.009656561324681606,0.004853210749920517,0.002178811412455822,0.0035470523593815508,0.00211345404770684,0.0039333666198195245,0.01156363195982255,0.00580819095246436
3682,0.009895592411372726,0.0035103295217520946,0.007644542717252538,0.017871875928326605,0.004964148277484419,0.006853099159633887,0.0093217944361495,0.004972018362390758,0.005268537032490681,0.00591753559235793,0.0035204458368437975,0.0035515809532559073,0.006390284358270758,0.003374722731718871,0.010767082310237885,0.005610730844982599,0.00466341177657998,0.0045895868402449315,0.0027128644769872905,0.006633590719312661,0.003503740510008766,0.009666313759551988,0.007345892280060358,0.002825784334930361,0.0018969400706961438,0.003015977880368652,0.009906176787125558,0.002108625702704982,0.006984636375299527,0.003557005353182637,0.008461370796711606,0.005524664777898972,0.01547121275774078,0.0027976170043710106,0.006000814195589611,0.0013440801371868935,0.004444583291190333,0.003272767694464962,0.0037803002558675146,0.0025838300069959785,0.004379774962720104,0.0024242329454011893,0.002537172779082328,0.006166690942620049,0.003916125362788203,0.007092845895322762,0.006563038058736743,0.0047838646737133695,0.0033049239388422778,0.006947635763324653,0.0035697404054474274,0.002293512181693518,0.0037755512465295618,0.006334834771740008,0.005331377185667252,0.0017694026734503478,0.011379545887056619,0.0032341367976165434,0.003827497561358678,0.0024747565494546418,0.004031122812070923,0.005079612261192053,0.0022733857263700593,0.005069686822268522,0.005897270402947435,0.0037034231570644226,0.00378478405559511,0.003309442134262091,0.002383723090689346,0.004707061594799304,0.00452804066076845,0.0031095397818140754,0.004255248828772359,0.010635054856713205,0.003355156050354338,0.0035986971857753024,0.007916921410528804,0.013688231044867587,0.0036284756839582966,0.004269497939858742,0.004152363347959188,0.006532927965591532,0.003059779441531295,0.002581193058651111,0.004084973610205449,0.0070410439722396745,0.004478844194787443,0.00455044148858444,0.003018930233296246,0.005053428500331467,0.004624785992659427,0.015457781023243113,0.001541517061147953,0.003849203906918356,0.007625875862904364,0.0057463985215678364,0.002441904358601926,0.003902629208418832,0.0020349588402815326,0.0030104327589799704,0.013041779698525857,0.005232785305476277
3683,0.008312485229401603,0.003945445769927525,0.006997646336527266,0.014358787777027576,0.003778162985138198,0.005667663489550849,0.008046033196684517,0.003465547809903788,0.004633575819618053,0.006456503829544361,0.002690701699723717,0.003790452880524828,0.007561550074361809,0.004140968720717008,0.0054563636506465675,0.005500373913651883,0.004320467376963045,0.0033432746471141446,0.0020228931929825128,0.006611188964226996,0.0045248495538215625,0.0028249833600103064,0.008904858060317952,0.003261911528240336,0.0015694494245959438,0.002969923028614086,0.009540665609304938,0.0021337604671994993,0.010183295909943069,0.003602134482552997,0.00856016880984893,0.013495560691981462,0.016259408406115217,0.0027136483142706906,0.006482700384351737,0.0012380450744421756,0.003681683011118411,0.0032620220779680156,0.004026206467878919,0.00248441998639201,0.002527263875758388,0.002206308677469943,0.0017595677238705647,0.006953465363120301,0.0031660309483261544,0.009916428524252178,0.0032240548240513034,0.00480562463757817,0.002497447593140811,0.005845942165434965,0.003966364756734108,0.0018560357194006053,0.006515832885789023,0.006106726224294444,0.005490350956411862,0.0020449079988236448,0.01061666908491842,0.003562449260372619,0.003524133280686922,0.002633832211404005,0.00357193505619264,0.006505194921460039,0.004102695910989857,0.003950745919371516,0.005665080511120432,0.0031281656159303215,0.00420396543307564,0.004288557546698321,0.00311051337185358,0.0035811647171157964,0.0032937487692801365,0.009241992144122456,0.0032680344574251763,0.008631782500661449,0.0028087517809756725,0.0033307070461295165,0.006833398273718612,0.015056511963544267,0.00385404385798642,0.004440039388707839,0.004342118676080316,0.006067402948607609,0.0031687456893361465,0.0017918152103359706,0.002934613880402558,0.003998860452435293,0.003467221286657708,0.004156143791508348,0.0018029338800062457,0.007693433345410302,0.004237188600156358,0.01253706238542786,0.003450555375158165,0.0062319899536764835,0.010469041056090887,0.0049165062966606025,0.002318003101817291,0.004954932198490473,0.0018375638500854044,0.0033780129909674315,0.009960177030266987,0.00454530193338835
3684,0.010522776037461481,0.004733909033847005,0.007795271946487614,0.00729153277026511,0.00433940230317396,0.0069531572477983285,0.009616404820334391,0.0032249219131125157,0.005360021115565348,0.006581177070177062,0.003620392394821522,0.004825221748577981,0.0058783418982844594,0.007236253265804348,0.008602127503783648,0.004169108803836344,0.0048594798074789525,0.0035605870134664966,0.004079578692064096,0.0063396981932033756,0.0043661975679329,0.0029314765171505617,0.006166069542866308,0.0046689262809204955,0.002112098065723678,0.004609735814099207,0.005972461790742483,0.002551668761682535,0.006973618244674004,0.003787770101625833,0.006063459446526081,0.01612924899323911,0.01567046914744281,0.0028605829118870307,0.005943688819743641,0.001114455749715857,0.0027520936930792153,0.002721908743063981,0.004156686213668574,0.0029159512196018458,0.0025926173743524342,0.00215059836100027,0.002095821093351916,0.00558525126191103,0.005034620500122616,0.008152512772246899,0.0031284537772593673,0.0039070510728799485,0.0031564716491573283,0.005505819495931064,0.0033724866882048786,0.0019053958190971864,0.0036429530045825336,0.005956236138509949,0.005984609636060579,0.0023748442474847767,0.010876867018886576,0.0036644394881649284,0.004837674536201948,0.003836546526435194,0.003381745349479378,0.005101893963689054,0.003309499715476471,0.0027316200391538197,0.0043125901238519285,0.0036138638972098625,0.004152680258534143,0.00443440687276623,0.0030898606030498703,0.004515849348379928,0.0035428356072955314,0.006324978256151983,0.003935817180522341,0.00782670228755257,0.002922184020478218,0.003572515643163276,0.005022400901555557,0.012802418480376993,0.004727877164500652,0.00391232209962371,0.0061902562363686815,0.0070346887668652405,0.0037493879033496354,0.0019137220946744626,0.0037178575019121284,0.0048112744382865615,0.004831893080819935,0.003930894680161418,0.0017225525213246824,0.0051986409971046185,0.004303836775632742,0.011199754845753071,0.0020939410566127724,0.004995596643466937,0.007428938801372601,0.004590372449115556,0.002186054544936258,0.0027656870794138155,0.0019988250361346227,0.003618503672567941,0.010679272185614829,0.006104669515222994
3685,0.01185549050596559,0.007973618864580388,0.008834761527878836,0.01260305370491793,0.003908582917835711,0.00668667449776978,0.012443005980630528,0.003226785551461074,0.005905697788754727,0.00625664028889956,0.003965991850672697,0.002693866871600885,0.007236644402782864,0.00518171867679666,0.012900852862094924,0.004777351932099631,0.006258635364021433,0.004672805176335067,0.0018023352798071323,0.007262739107804182,0.006315543495682311,0.0036889247595876667,0.007228652794899368,0.002112449551270781,0.0023423076948432694,0.003949694413360399,0.007770035083661823,0.002753462646238977,0.008088918829041628,0.0030679935857006804,0.012671327825992626,0.014258893780460753,0.015241957564089203,0.002106017768988172,0.006179057909001686,0.0012902955061632334,0.0030094535003660472,0.003310683980802836,0.0034362745014754207,0.0029843247128416802,0.003198765963818118,0.004271759728897816,0.002271684151183022,0.004648027745138477,0.003963221801411652,0.006943580335642507,0.004546048013595976,0.005444389962404135,0.0035345375480583096,0.006437322912753764,0.005448108807987479,0.0022867367482784728,0.004946796048514867,0.006274018820325848,0.015861303981797643,0.0026708062786187296,0.014305919054103732,0.004099194853664427,0.003826516899782949,0.0027815575489011078,0.008504167773751275,0.006266134692124283,0.004574355027850093,0.005015663145605924,0.005820959666531204,0.003281756895321187,0.0032281896146197048,0.004600818154385393,0.00262479312715758,0.007743641421359421,0.004146441233242666,0.009015012546911066,0.004965306252909058,0.009338318278102858,0.0030476554664662903,0.004956677858634706,0.0075488636583214315,0.016130469987368366,0.003696595287695689,0.004013831798430967,0.003744378041793212,0.005617151786754902,0.004097901057132071,0.0017566493211427267,0.0037073626440359856,0.00488992103678461,0.003960383377201368,0.003965708358810466,0.003049870906389237,0.00379885620529489,0.004274943414764938,0.015360272844814716,0.0020869526158329983,0.0062236736561236345,0.00776948698687589,0.005624906020477932,0.0024703045508943163,0.00461251423907171,0.0028947622426272065,0.0038011118105414406,0.012807077604701463,0.008451451313156319
3686,0.010331507534104771,0.006205686327827745,0.006649542413524548,0.0116570363543914,0.004434359752148183,0.006668043304540447,0.01091751429122543,0.003595317138590736,0.004978059386719721,0.007129376463056724,0.0024179148467323034,0.003971425435439598,0.0089050648149821,0.0035981920915038245,0.006087271043642911,0.004561193130061198,0.004976193319296192,0.0033799787480293065,0.0022071989170665165,0.007287097843218852,0.004769282675430082,0.0026620075246494125,0.008748824799426742,0.0030790009289970188,0.0022053198255901577,0.0042676762925802384,0.0070398809967467365,0.002553218608949226,0.007180614424814877,0.0038125836975303772,0.010576229936502389,0.013702703416648778,0.015864342811915816,0.0019197264376289314,0.00571592652079423,0.0012532342641278541,0.0029347432174793957,0.0028975719574995387,0.003983643522458318,0.0024379480541357884,0.0029361976474660844,0.0030806918772794357,0.002086452453451387,0.005999909148878269,0.0027860895612676004,0.009384802589377303,0.0035484214610695146,0.005340030658319667,0.002806093638026573,0.009361658944386413,0.00438604452353064,0.0020186234430893037,0.004946009560125853,0.005159684937150154,0.015114334108597246,0.002107488413229158,0.009215817874111982,0.004463711608909325,0.004094828337150768,0.004335279770682685,0.0049369841499549245,0.005042412313837687,0.004901534775809755,0.004167688958413789,0.006161081860221629,0.004129789309093583,0.0036232800486434204,0.004019437721437166,0.0033165484698247324,0.004961609192130431,0.004509909679315446,0.005066898244363637,0.004346202038807415,0.009320467225417952,0.002149234086397711,0.005625300424130615,0.007166128107368695,0.013744470993093286,0.0032514871916786833,0.004829566434232686,0.0034288201335841255,0.006484247545397248,0.004192903077157504,0.0021384860993686,0.0033874392639869563,0.004941964652772754,0.0037737915299480007,0.004475641482252212,0.00233413010561046,0.0072288807966401835,0.004849037120938636,0.009323056656137786,0.0028606034046792803,0.00431883832037169,0.00788391009436897,0.005631965315115362,0.0016919577208764395,0.004332589960266215,0.001954101359553457,0.0029187685741886046,0.010507423769439061,0.005871275443853161
3687,0.01138012999817555,0.00650065054091604,0.007468077455966703,0.012428972270816636,0.003743124306601175,0.006902837675375003,0.005669025903390671,0.002883836807521104,0.004413027509692087,0.004458300217673224,0.0029588546291142406,0.002727051949261147,0.006627358155977319,0.003633310058122001,0.010837648151213845,0.005672647886597913,0.0049865234601150065,0.005997645131968009,0.002633305665470265,0.005984963148806264,0.004619561972226788,0.0037697532986013804,0.0064445557704209885,0.002481449412831121,0.0018036508082570713,0.003877373491266719,0.007599885783612362,0.0026795384896941415,0.0063178280239304906,0.00215757796215236,0.007794586183486164,0.013892280694577017,0.014341657545410103,0.0021295344042536533,0.005329420224766624,0.0011821956173203646,0.0027976235734952244,0.0027884299475352866,0.004358134438271917,0.0037579025561901174,0.002941597008586423,0.003089875441162106,0.0027051148644046466,0.005256683282508836,0.004151550556328564,0.016350666783577796,0.003510505183740333,0.003237968916508967,0.0039465691020058044,0.0060746581413800745,0.004041672562878718,0.0018257192231441325,0.003991775433802167,0.005416107399747151,0.014547798307858078,0.0023167188274558813,0.009229196669762803,0.004502720752840229,0.004472394847285804,0.0032136878730255796,0.006310403182705267,0.005730500834909243,0.004327696352273237,0.003106460329189967,0.004517011116378907,0.0033240174160862716,0.003732092311181093,0.0036526730793367806,0.003376665485376373,0.004845347815924325,0.005183657824151607,0.005386240986936907,0.004859993508206368,0.012250398508349497,0.0027541642336907646,0.003262655682251069,0.006631811765960851,0.017224676024666513,0.0030371541146676684,0.004684444211043509,0.007338265072733047,0.0055080990194133084,0.0047212845397760685,0.0023875569445671293,0.003554577709063559,0.005326103916947637,0.002987094832787785,0.003919304092786784,0.002060144828903129,0.005367380265259487,0.004071690415945037,0.010237661349711274,0.0022306621697678725,0.003611854577603792,0.011352353851035214,0.005116275982940834,0.0025523718449991036,0.0030184665145107916,0.0018809096376896225,0.0034022520889244695,0.010804608832943251,0.004994670008569758
3688,0.009274226252385935,0.004594521565708723,0.007124850783167524,0.006867070085687104,0.004538637006211724,0.0063408473588984285,0.00532816118376723,0.005230316677059621,0.004361286462481497,0.0055928375574275085,0.002422341207325393,0.003071311132449871,0.008732305311298073,0.0036978294245761365,0.014541673503621337,0.004534732473857428,0.005004823353285964,0.003558254324179662,0.002399889225550634,0.0068528831304281385,0.005356977293986978,0.0037113060942953286,0.008284974856064902,0.0023187010109816573,0.0019029594906617465,0.0029214253050764533,0.009036314360997723,0.0027438842204349748,0.006239778423629753,0.003625978004745711,0.009718045108733963,0.016341413931599515,0.01545636449560655,0.0019728922083476065,0.006769097278281321,0.001282859767807511,0.00286842639673386,0.002885533916726827,0.0031681247866036633,0.00332063605790274,0.0035256510383238375,0.003355919450295413,0.002735772763653293,0.005715650597611272,0.003557547033701534,0.007055877484929608,0.004400692205580362,0.003920803040402823,0.0034023394569174625,0.008473271778959634,0.004194899280247918,0.0017717487706807216,0.0035315309267314526,0.006223752846047913,0.014228018976755472,0.00225325690200144,0.011866183776487585,0.004745995589969049,0.003821640317247983,0.003193668047972204,0.005824965416053111,0.006758906074160594,0.004721182128387814,0.0042394982177245116,0.0052630224921804795,0.004197817280542555,0.0035033866312461654,0.003838486227342967,0.00211726891756858,0.005815418831127036,0.0037505033737062774,0.004171921847773496,0.0040227425537234735,0.008173590123908107,0.002683079597337451,0.005293925607445259,0.006253955497949687,0.01611629693455672,0.003190001622379316,0.004571283706501975,0.004119378576044948,0.005721574471333155,0.003558059976247924,0.0033212508568398577,0.004037560747282417,0.005392169330573319,0.003297244163317658,0.003390772223968146,0.0023344011774292283,0.005248874526223237,0.004692405656997603,0.0147126444805838,0.002898970615946132,0.003198063137193214,0.011361657054918307,0.004873567333082812,0.001643008867493397,0.003525370649918477,0.002778184160180414,0.0033258122049869996,0.010509202025366851,0.004991242284289923
3689,0.007499011711054058,0.005714535669693467,0.007217635954774818,0.012570364344521663,0.0042716121510029525,0.007687894280531992,0.0073075413497300755,0.0038936786375348945,0.004629673019406984,0.006304809070562878,0.004039955609934282,0.003232792761187164,0.009198916762558367,0.0032553855798043404,0.010086825365250346,0.004417700072721992,0.005771691980977745,0.0033933275688481325,0.0023210427383269132,0.0058809291028970355,0.0038785205164978413,0.0035483640202462314,0.006871260947793333,0.002964926443932438,0.001726618405037844,0.0034772279414720664,0.008626723300195344,0.0033379091780776104,0.008121023015089266,0.0022766148157935887,0.006683724401140494,0.017262138287712406,0.01940666285544663,0.0027172688938978695,0.006954375524213498,0.0011194215834549057,0.0034753760894575894,0.0020957498071384065,0.003276096768033036,0.0046801509224932356,0.0028367878382995,0.0036297100447085823,0.0022810313042646987,0.007377936372741696,0.004043156525292619,0.007459096573524184,0.0038626698317519533,0.004182659706847892,0.0035685359845676764,0.00574085779910734,0.004171588497691241,0.0018407301409616027,0.004301288618006823,0.005845164896237105,0.01567969155974961,0.0019924488734800886,0.01128475674876456,0.0038914093018667835,0.004001368347313046,0.0041541156705370485,0.005478183463817409,0.00638242132330164,0.005076710969614592,0.005716378999894763,0.0052927645352060905,0.004015725526034866,0.0033153774107051582,0.004497774200784945,0.002388973979133203,0.0057819070288592485,0.0037270326970341543,0.005182099227688473,0.004261349013783226,0.009507230048386982,0.0026665452851056828,0.004779167802844139,0.006868158013540955,0.015278494712997588,0.0036554923437671313,0.00404288508193391,0.004905376131757507,0.006249354194499451,0.004072642004607555,0.003926784240604138,0.004037101560352115,0.006739986170272737,0.0039561579479134796,0.003176419556077385,0.001994738888948711,0.006561056485906234,0.005871410651161569,0.01413093760762781,0.0023231999388402557,0.003859320417365698,0.011380971940985944,0.005566435896210418,0.0021910937697132687,0.0031504703528708725,0.002061257492500265,0.003019212571871394,0.010401196500534607,0.004810381091909599
3690,0.008486041239541895,0.0046927234645881034,0.006864354318000055,0.006751062266534914,0.0036762442813911395,0.008175292971659578,0.007733958755579428,0.002787172387395855,0.00461442259030968,0.006219863311987715,0.0034232709071842053,0.004307917013191358,0.009283342496810064,0.0034274239487365266,0.008517559722607518,0.004604373355429594,0.0039926419567124895,0.003042830242361166,0.0020233238633551747,0.005663489311793742,0.004813488667351779,0.0035580469502618727,0.006777320295137746,0.002893776658513937,0.002055147039851103,0.003966049477041697,0.008775470146085478,0.0027321759444994234,0.007597429020870022,0.0024235499116410228,0.009842968143551017,0.017250531256621883,0.014573782801114056,0.0027916217992141725,0.006612004840499966,0.0013005243814885226,0.0036481103815520074,0.002394997333842493,0.003550185490955601,0.005497783355494786,0.002855814614557371,0.0035844356256900327,0.0023422006506231027,0.0053922178391677626,0.004359535061763847,0.007362035238939854,0.003584343431578975,0.0034847775331716445,0.0038312869422834303,0.007526433384337177,0.0027496967211791865,0.0018045151859455656,0.0037102866819539644,0.006336494262858797,0.013959962079559914,0.0019257162764765602,0.01198148785297154,0.004358163772349484,0.004095003093707406,0.004135212253234047,0.003710158624941067,0.005993930602795001,0.0038872436908021684,0.00462363153974173,0.006286899102848254,0.003752953135185633,0.003930154729468116,0.004230786325022614,0.002667896574016735,0.005016278458485698,0.004388707617916553,0.005407094845472328,0.00373938719268183,0.00820102410087769,0.0029670843039691645,0.004224308315192023,0.006422380736611256,0.014871241731705405,0.003171028316202209,0.0034740410199266283,0.0043186678566475645,0.005612023284274511,0.003925911874537323,0.0034557210147164548,0.0033986087580610653,0.004547653341447017,0.0046527102780481245,0.004050046727040416,0.0021197883896900208,0.00882165547198209,0.005434152967137441,0.010087688342274775,0.0022347030497808043,0.0038078333954873686,0.012396477732912083,0.005505436675633245,0.0019015318430111922,0.002858788149042449,0.002510803568721728,0.0032448249852417045,0.012379796196858821,0.005963978354742466
3691,0.011775029364992116,0.0053246973948076395,0.006892938033280098,0.014250504948420431,0.004116228419033476,0.007392403255331967,0.006822238136019431,0.0026877933511116896,0.004682790196206483,0.005469113883306702,0.004822698713451471,0.003308638874615646,0.008925803561918442,0.003949350554718576,0.016099557188712588,0.003986869241677664,0.005955057785600765,0.003767174712263737,0.0021768102795522823,0.005509364737276375,0.0049402805846264905,0.0037863342761640917,0.010991370983532969,0.0018034312793589525,0.0021224277221526915,0.003531042130229682,0.007242466404471074,0.0031673161520526993,0.008284968606500952,0.003827734452411309,0.010012884637632277,0.01687083897977518,0.015185275224087674,0.0034516781981124914,0.006980546581947041,0.0020183021448441415,0.0036994338002482394,0.0023331052335569583,0.003911374286190945,0.003953942422157967,0.002821573759537815,0.004081732217227144,0.002554813224013399,0.0060539635800084856,0.00326344626146213,0.00495912390006522,0.004063657034733952,0.004447488832751621,0.0033392894214698257,0.007062631444045715,0.005529723490135701,0.0021710459413080575,0.004039954295568211,0.005661654124462022,0.014843993796703132,0.0017659675338257501,0.009258470115165309,0.006470115073677612,0.004986458662555554,0.005435557963341336,0.004038456099673774,0.0073535127478444,0.005541821876359239,0.005194453714768854,0.005908263848260653,0.004639465775746133,0.004436449981838804,0.005720380938172952,0.002308583350074274,0.006753604623370669,0.008790297207860601,0.004685293521771484,0.004431223367920216,0.007554828030419501,0.0033761442960387293,0.004687498625835413,0.0053162587199253875,0.01511325705396756,0.005365870513144448,0.003765818869987177,0.0036382825465203408,0.005599541781142043,0.006427846542490533,0.00329340172294603,0.004614036522442107,0.007543822604244102,0.0039943676453902625,0.003443024831330309,0.0028097690673588743,0.00865847084791826,0.004852281968189868,0.011823275850159683,0.0025443602443169025,0.0035664704172496953,0.012946266191417328,0.006100034385553344,0.0032087999364578757,0.0037679445920259,0.0024920611418326713,0.0031999398601076394,0.01051361603100231,0.005447473103540012
3692,0.00875075646594839,0.004938143733166945,0.006335744377081348,0.007544838090349668,0.004292514458743269,0.008409003057083706,0.012326618721021183,0.0032968256356260164,0.004500064546506482,0.00588302666079352,0.004238718016147604,0.004254870990775031,0.009263305437461362,0.0035291846225847467,0.009993428106195044,0.004609279469374111,0.002521079849399452,0.00409700650273793,0.0018350143021595032,0.00848927968370845,0.005358522357981823,0.003386053596653819,0.014038595440288645,0.0029075827120790547,0.00252701634931098,0.003354522188800157,0.006800688704798545,0.0028080345280076606,0.008682085596087456,0.00269977186573442,0.008171076027015643,0.015338370975872045,0.016072376796306968,0.002963687810982962,0.00820971105971538,0.0012287512562841583,0.0031631637392622765,0.0023575180110793187,0.0036531009291409337,0.003643268580196475,0.0025776396962668337,0.0037179389570756558,0.0026727367671240364,0.00766415202310911,0.004122892714412523,0.007561100984723333,0.0041843521584450935,0.004149579583739045,0.0033199783703083486,0.006554564865807282,0.0035154311619120466,0.0023180836332510352,0.003776767856275009,0.006424263850042101,0.013896650024762874,0.0018964578573290366,0.013098071396511542,0.0056856098752062064,0.004952734319001425,0.003265237563215237,0.003961657783961421,0.005691579057605037,0.006942424239570672,0.003913994596429646,0.00705464765891007,0.004001036050257089,0.0037089744410950397,0.004640936127872783,0.00264067502448398,0.007186120503410478,0.006109047411099131,0.005722001450143694,0.004100954739917164,0.011437858923410406,0.0033127787739829157,0.004081043296252847,0.007934613983449464,0.02225379797986364,0.003171216113684173,0.0035650663785866277,0.004453864987423435,0.006906593240003561,0.005591088599683838,0.0029674002339933367,0.004560804267070672,0.010934154756552203,0.0058498292016300295,0.004192100909645192,0.002033276061262255,0.004975179480288335,0.005496843734495204,0.009758974667011998,0.003804700369253096,0.005629503227996395,0.010817793492829403,0.005419376264443178,0.002031252527562816,0.00359984284745678,0.002220526505973227,0.003990626582132006,0.010722444165251014,0.005165494906313087
3693,0.00829675945110233,0.006303105672286894,0.007039327226349753,0.008961520014148093,0.006589084784835,0.007674779966930458,0.010486751719295431,0.003541441986744747,0.004868507053959858,0.006089394817956299,0.004328627657799541,0.004522584411216539,0.009440163649667158,0.004325268459155115,0.010670411643163721,0.005242600506418837,0.0034305486311685465,0.003273451163425953,0.0022046490654438447,0.005055667171127027,0.003994911650791803,0.0035765282399404705,0.009690654567122326,0.0041573830741103495,0.002944951088455784,0.0033930480833768203,0.0070331042649555515,0.0035038290672756486,0.00794497227779962,0.0030847614652931006,0.009074210464826794,0.014891131340019107,0.017131816048045805,0.0021534049628945382,0.00773742132950902,0.0018435360011542273,0.0037451597894645333,0.0024785044658603367,0.005021300254179483,0.003210528610813899,0.003341669578467754,0.003655997512125997,0.0024830124654825992,0.005147304112067674,0.004216560682653718,0.007163068457103545,0.005182157873298355,0.005175721509138874,0.004204196673939284,0.0050430273871778265,0.003911515674019887,0.002332851139654822,0.004120301259149502,0.006320972831938048,0.01542173073352769,0.0018106987864182622,0.013581062403150105,0.005423262368922893,0.005333144340854164,0.00399066129892988,0.005802975683902423,0.004977697226146018,0.006600932039312802,0.0041957823767624506,0.005973779734385943,0.00460924071774586,0.0036156235707843205,0.0057217265937579975,0.00247248977681553,0.007454227716827096,0.009764066892903026,0.00527433418677889,0.0034524623051210373,0.008225288449919776,0.0031799838423658055,0.004058658847314161,0.006201535696131109,0.016927890956275046,0.0038618668787016378,0.004734856419972647,0.004143893682963914,0.005708603232296394,0.004251632098011797,0.003842477573251934,0.004596711838166373,0.008218426662502656,0.00419001988375258,0.0044156869951571115,0.0023295850865164038,0.006222419671996708,0.005061889130094189,0.009792937073603881,0.004143970407512532,0.003624675101674666,0.009243317094017284,0.005954119786369472,0.002768929194329984,0.0035965827786853507,0.003495530928361535,0.004157626051848267,0.012468188822280587,0.006359996586141208
3694,0.008681490752937756,0.005000656875743935,0.007136363823809595,0.015573118732688015,0.004964330767210225,0.006507698421505077,0.009997478170894655,0.00369284015870962,0.005557841441434784,0.006524285770307977,0.00460746456180354,0.0044614571853479395,0.008496995426072285,0.005268224055063924,0.007994094109317935,0.004621805210606641,0.0027925240746019607,0.004133735466602421,0.004749338416616602,0.006633903445022959,0.004501262108256615,0.004109466963676615,0.01165553945043049,0.0023874739243236118,0.002856632477515979,0.0036301460253654596,0.006409216681394385,0.0033730288822991362,0.007953438136510749,0.0039773846896869035,0.008746363597473281,0.01447951746468569,0.016197144805709957,0.0028705897830856226,0.007953807102535123,0.0013243047065077727,0.0035260319249455357,0.0039268156217224124,0.004175399228761507,0.003348287217776641,0.00271046706563905,0.003241961463679147,0.0034140227711232894,0.00658389190537647,0.0034558253316515656,0.003617033809343836,0.004495288496453136,0.007818460761505722,0.002907088617038631,0.005055032920937111,0.0037572658805324114,0.0026018127817822615,0.003755393894393699,0.00767314260369138,0.017332103916198063,0.0020008824591067438,0.01312778145884467,0.004120749129566058,0.0048536184920231215,0.005517916798289233,0.004611554852814114,0.006074010126839528,0.0058079220246234214,0.004948308564346528,0.00583105490175759,0.004937055475384043,0.003484197955322031,0.005754090726688066,0.003362753259305389,0.012140393675030926,0.006654046960494721,0.004833477299280001,0.0046330161669370165,0.012110022792339449,0.0025769705064696475,0.005255953070793928,0.0062280690065598995,0.019190160346331094,0.0038530617871443736,0.005104442587899127,0.0046948742839371905,0.006533950603516349,0.004535902984228286,0.003119234532550579,0.004571420057141297,0.006911124829109899,0.0053059696548828795,0.00497610175151271,0.0024573305936003574,0.008559191552921045,0.005613740444020613,0.011715206641328973,0.0022670909089672585,0.003819584782111236,0.008988229055568658,0.005956598609192892,0.002595614626794906,0.004755608596290208,0.002317341774152077,0.0024448536362018094,0.011918390140329664,0.008929056309481709
3695,0.00788116680075307,0.005903003083510002,0.007656779955363399,0.010306081168348734,0.007068426278028552,0.006989665012386321,0.010344385763550703,0.002573635503420619,0.005533357180796197,0.005610803137153004,0.005255313481627553,0.003529453326104413,0.008657077864078145,0.006102141222492083,0.007231615091320485,0.005174597301818962,0.004231003079409457,0.004344234174944741,0.005576561058567722,0.00589270836402273,0.004317580291566439,0.003664097188707265,0.009673678720595158,0.00476836568771849,0.002807091332130474,0.004599359282405224,0.005989320385069729,0.0032105421847811134,0.008284376924160897,0.0030529145129338953,0.008173981678863807,0.013784007959315704,0.015856119973114598,0.002314889035552163,0.008275293000570954,0.0018689605587466993,0.0036640925545195,0.00271083458802001,0.004742721767780897,0.0027368327022238553,0.003405947521069063,0.0030791945707827916,0.0034658503379206814,0.006470083015433633,0.0042024853478200485,0.006831297245222507,0.004866911986509205,0.005245284249034448,0.0034497374860996168,0.003930544365813837,0.004814150581109372,0.002086039167338461,0.0031306378564960333,0.007476163185930167,0.014063582188637704,0.0021575289240085794,0.00979739342474703,0.003985573748778188,0.006259362546102149,0.006400797578767688,0.004919515543317887,0.008150302279918661,0.006403754664679783,0.0039691090724160135,0.005831792960540467,0.005467149482242205,0.003236801122992455,0.005015516207574006,0.0032304340866901237,0.00717956605493907,0.007447480292689847,0.00465100886443126,0.003507767934829939,0.009578885645345156,0.003700393997757063,0.003768477317864435,0.004798860721216062,0.021276853978153366,0.0037909259241109745,0.0042420124757657635,0.0039620255205686595,0.0071207505023880005,0.005727302625776926,0.003432545671282901,0.003709330949326575,0.007501572133865272,0.004462747778408413,0.005303253778346955,0.0024339956310265895,0.005501788754596888,0.005226723045808901,0.009992589201522658,0.002854525496807856,0.005310997302560523,0.009427092990418268,0.00616276014653413,0.0035748730020240317,0.0031500462026139223,0.0019417451752046302,0.0035954023595984657,0.011174789181286697,0.00692090603428095
3696,0.008288066217120634,0.008922757126057643,0.00394172784890056,0.013555590387273594,0.005431600344966828,0.006432661302731756,0.008561270373356735,0.0025363811312011327,0.005503445367316074,0.005244586217289203,0.00611029101610904,0.005000275443920484,0.0069825649407093725,0.0038413283872028776,0.00421888081891307,0.005453642889293477,0.004706909259941481,0.003825519695276457,0.005578296193106,0.005749865237985798,0.004402496468543856,0.003446167248369556,0.00814627617883927,0.00719697625205131,0.0022191155287807404,0.006093107087775007,0.008953141120303366,0.0034609970481534035,0.008119350427213895,0.004866177980350489,0.009070509097746135,0.014895937281512178,0.016422419554015303,0.0042808865274389,0.00825832309561603,0.001016632662930213,0.004939017452135399,0.0019121474313286125,0.003396597486125288,0.003270185856126569,0.0031455916281005734,0.0028065181744869085,0.0028661570398535777,0.005211070049432695,0.003970840037297337,0.009622716547983134,0.004263553531995965,0.0041520271766764035,0.004498347860261094,0.007345563217157914,0.003840311122154008,0.00250927964383391,0.00441568600614358,0.006400622244067584,0.015496377644169314,0.0022540262718371185,0.014183175349553816,0.004080791746469448,0.005841385040167391,0.0041783252161987135,0.003697145637721255,0.004647834471414404,0.009894765363697617,0.003983153442584546,0.006294867296419258,0.003987563454757144,0.005814297914407096,0.004756176918630497,0.0023645250943685686,0.007079392403285994,0.004834292701586923,0.007632036924196137,0.004169268957576105,0.011276306835148754,0.0029166665890001595,0.005736511277361911,0.014226435898079197,0.015220076094452027,0.0032731124115538304,0.0033042491319957047,0.00467241041516002,0.005354933564117462,0.004239843389575212,0.0041489739919319014,0.004375959768002941,0.00593884928124638,0.0031138502828965357,0.004103569247094638,0.0021792286162997786,0.005424722205625395,0.004948167235977974,0.012142748835275366,0.0023905818433480456,0.004224098927731836,0.008976606837103907,0.005777991740235049,0.002881165134025863,0.003658177772401959,0.0020208585402443522,0.004306908031130041,0.01587758695245957,0.00810901570791764
3697,0.009122910796423899,0.006291753183723529,0.006685928557816308,0.013425965157753673,0.007924838202874804,0.00674701701786605,0.010747131972915595,0.002406879296184155,0.0057313308193990215,0.007300599557465253,0.00407506443346011,0.004875378463292813,0.00816871566485001,0.004125905671519431,0.007963298543019196,0.005308887899062398,0.0034548911883028146,0.0026940038790941715,0.004048976685458123,0.007880447256471648,0.0032512114559573053,0.003427321568380277,0.010042946427431965,0.0044571273928019186,0.0020972463020453394,0.0044098277534404574,0.008513441126060159,0.002043185214547676,0.008290973432415466,0.004171395613343981,0.00959349932295337,0.017961675565290578,0.015750676250288254,0.004874509399232267,0.007680752914451715,0.0014494031400937642,0.0037014488468687713,0.002217314738211273,0.004008778196479318,0.0028347875183141434,0.0030656525605295987,0.00236380248087568,0.002319230262621185,0.0052642077409789005,0.0035950134380474874,0.010028621043296451,0.005444421153615921,0.004174057668096174,0.0033215027478272446,0.004533429106968185,0.0033377999587056928,0.002972611589920556,0.002743539320114701,0.006189378740000044,0.017180269615878156,0.001755293785134365,0.016344531823915254,0.004259590290668422,0.0035179579257809154,0.00599135401131792,0.005516459850062156,0.005508401415780117,0.005592099715904531,0.0041356249782869,0.005533277656893095,0.004707324830491843,0.003729147100252613,0.00406412766859629,0.003397671667043348,0.008291433498985748,0.004115311773258872,0.008475465455284372,0.005504604721117985,0.008841953857597389,0.003103067315253249,0.005792516485585984,0.0066038451847699395,0.013259296999405316,0.003728877474835258,0.003961897039551507,0.003985701266709786,0.006251079634926289,0.004597675822553806,0.003421131613019778,0.0030992397800117463,0.004291871564325988,0.0030690668892705015,0.004442940392112005,0.003094119543675166,0.004181459585747147,0.004759370748642344,0.01073091631178985,0.0019262068555347624,0.003698699254642585,0.00766785082418813,0.004985494148956385,0.002148937085341539,0.004354556501424141,0.0025930358532384205,0.0029768905191076256,0.01171931082391077,0.010068326082206884
3698,0.008643669904099718,0.005146154831146969,0.007071494219418176,0.0158196630071745,0.006134383570054631,0.007070532048771051,0.013448823923317508,0.0027402856510833954,0.004792895526028861,0.006816475948207372,0.003477428584570269,0.003303938885338289,0.0074748632090483715,0.003209251951818734,0.008746993424701057,0.0061369026494294005,0.003652045641715853,0.0030663307462263723,0.0021143762038155337,0.013336749892206276,0.005304460075763842,0.002972067155618662,0.009263742086378068,0.0030933185496461856,0.002099800655029216,0.0035310087042991767,0.005826463433169913,0.0028053522108026576,0.008293564687968037,0.0042490016510024825,0.010375774489785512,0.012621168005418099,0.013926517302128868,0.002036095469114395,0.0081616791236831,0.0015286109414431662,0.0022507103443668583,0.003008468738675197,0.004030976927690045,0.0023991853938761525,0.0029182805661416068,0.002213802577129422,0.002030898690480541,0.006066990290109288,0.002917076458352168,0.00853606037219099,0.0037721603028408337,0.003868924991194176,0.0037388105799821573,0.0038673782847768795,0.00353602744565851,0.0015918105992537622,0.0032416456806889566,0.006236847932264472,0.015448360331088082,0.0018429607895825248,0.011607217963113927,0.004884128378264762,0.0036046208730312656,0.006188399947907628,0.004684470259862778,0.006231973154185397,0.006697354568377818,0.004193210791697565,0.006683390554147629,0.0040296065706810725,0.003789881772099993,0.0042840451114594365,0.0029159807395229913,0.008887536719654155,0.003309601929121026,0.006003943614936753,0.006289790186923947,0.010120350455447884,0.003640832694051986,0.005125480726228367,0.005695434977964175,0.01798135108332068,0.004343466505751399,0.00422966778602837,0.0039419278652418985,0.005725850650581188,0.0068651128177621736,0.0026124313391620575,0.004533462976279552,0.006062039319060221,0.0034751773976881358,0.0042312807577354235,0.002310657466412146,0.004910159921326832,0.005196160534345389,0.010935415373009731,0.003975525392978748,0.005858815089423702,0.008129300381386111,0.004864092253752484,0.0025131801950269554,0.0028065417456773875,0.001891292549296718,0.0029710535104313218,0.011359233840338472,0.005125641319449543
3699,0.006480713278298879,0.0058049160724066694,0.004143649795647467,0.011732839204799487,0.003668733706568009,0.009135172275105059,0.007461058553193577,0.002784587048218059,0.004491953078024341,0.009224381213225434,0.0029153351874813805,0.005710961627633274,0.003966447723355115,0.003012069324678704,0.01269233548401528,0.004757217083963312,0.003634532068648788,0.0037711486647176435,0.006649864401310318,0.006447222818425927,0.004317755875489822,0.007487516477916265,0.010253816479887125,0.003237612901453654,0.002001452701258349,0.004595769270964804,0.007987627307474293,0.0022211347372018014,0.0029543634805829825,0.0028597471992947796,0.006576655163490939,0.0062386132685796096,0.015840660581401104,0.0025762949091449605,0.004223530520789727,0.0012939477975770835,0.0028112454550388243,0.0021568505768749615,0.002394241252045579,0.005016888364149066,0.0021354442836839797,0.005370244078876288,0.0028453139719392603,0.0054586630050715654,0.0038222685823517096,0.008278662018814026,0.003422582431560252,0.0030584725185197658,0.003430433766665488,0.005623246502279389,0.0034626591036477955,0.0016128273064112389,0.003646573323409762,0.005256934544573273,0.013650203830904678,0.0032739515870503924,0.009140655896945212,0.004681637270927682,0.005171317186182557,0.0028168621180240236,0.005024292053628322,0.008059432055023514,0.004420633554441666,0.002938360117674585,0.004880273330756746,0.0031033229163335094,0.005069717633247044,0.0036948444748096825,0.002248027183750695,0.006943291691321488,0.0038018322992099465,0.00750126204540176,0.00550594865957691,0.012712353024600102,0.0024695441374095986,0.003138878311971543,0.0069655166890883365,0.01313789236880305,0.003684071563513702,0.0042825612504896445,0.0038323073218571166,0.005123695661173565,0.00422055077823506,0.0020898906659366813,0.002944261896474281,0.003509074799158157,0.004383402728070511,0.00413710376008325,0.0014630596917052537,0.00586525398128541,0.0038889710183674263,0.007776510353831975,0.0027877203355153313,0.003364775597636244,0.007466755037794998,0.0053423832924386775,0.0019364787398877866,0.0033039381260159544,0.002086976619176788,0.004237721938686248,0.004651306215215579,0.004854070414614596
3700,0.009911060046418702,0.006542280080161247,0.006906438528708843,0.01622123350747959,0.004156534333744369,0.009165869701974154,0.007797334372330553,0.0029476090024048293,0.005493499863919329,0.008143478493146917,0.00400924716553532,0.004449318566536077,0.004551898795451441,0.004252783286245924,0.013090770354285727,0.005174732663679274,0.005394458479871344,0.004015959629288383,0.0025820455479548384,0.009052572492623603,0.004286136966605611,0.00998586402882889,0.00815970318754565,0.004704406090179865,0.0020073715277348775,0.004333197321092957,0.013192462969313715,0.0023259559077719915,0.00722701239562952,0.004497379022705597,0.008065602828725208,0.004858205966078623,0.015505737758373463,0.001901388820759126,0.010338362225327658,0.0012252946971933888,0.0034908553679267327,0.0022695974827388267,0.0038897894639503437,0.002885885216417811,0.005862947650628129,0.004400620090853876,0.003395617291337464,0.004798696064567594,0.003958602867982706,0.008583188752380148,0.003480460808301129,0.004596258053151497,0.0037913192387327736,0.007146660149261078,0.004596845243754515,0.0032076924144234056,0.0035860925603307127,0.00661112705290759,0.014878951469001556,0.001993452381882911,0.012183198092269216,0.003385829427174779,0.005487845946617051,0.0038182346385240715,0.0048250668912392615,0.005944254373874797,0.004296894033799458,0.004340641753313158,0.00929494955261155,0.0033566996817617043,0.0038756846507977663,0.0027837973989104617,0.0021360341885760825,0.007725361453338163,0.003713651457994997,0.004759974956913535,0.005203384118334037,0.007033455042017439,0.002887191379784843,0.003048925157321695,0.008124309602622087,0.013660990836497624,0.0037901927647713126,0.004226858888828814,0.004113554804215673,0.0044953791401127685,0.004364316255123272,0.002186005025157532,0.0032443399868482257,0.005012880245336293,0.003157860209753446,0.0036010614193696055,0.0018596412240798402,0.005767195651466944,0.006353333871636059,0.00826040852790113,0.0021056940681985032,0.0032765108055200953,0.006766212284891238,0.007408013005958005,0.002446192731089289,0.0035205764977653043,0.0016552276976984216,0.003167904445213767,0.011760033782468031,0.005681257346533077
3701,0.007606464951315435,0.007402202955152414,0.007092979053442411,0.019002169822361994,0.003998797551043992,0.010004319970164707,0.008743237001339632,0.002975951246510256,0.004900110775928241,0.012792952388489215,0.003691798024417221,0.004504641955194827,0.004220337592012448,0.0042642928454337805,0.010097786086721376,0.006144898710492123,0.0036970243282796016,0.00436042090513841,0.0018340444559806174,0.008985634654054216,0.0038429213356868915,0.010633168655976445,0.0141023802838972,0.007020883902871061,0.001445436695990258,0.0036380016017933,0.010721204471593854,0.0025586063366893224,0.0072499978788629705,0.0038729502728609214,0.008488048109537773,0.016191210917868726,0.014455835966500945,0.0026516177590567625,0.009325045441350646,0.0008484382273135773,0.002985946892463097,0.001983715751447528,0.002394080924738483,0.004547901868341078,0.002376700169441092,0.0025418951335864767,0.0019451878558791964,0.005266080427395784,0.0033369717618310043,0.011701982720513015,0.0035736656573267466,0.0041634094423609646,0.002918994689514414,0.006462070445863262,0.003374979814580087,0.001695894107563711,0.0033420925548405638,0.006363115889111435,0.014808779131213484,0.003122941905849874,0.013662353902648897,0.0038856388292206417,0.00540941822438236,0.0032288453848043886,0.004442425263470985,0.006176788059159692,0.004469834033706539,0.004407734294109939,0.0062034641420260165,0.0056353276190922105,0.005274578984712912,0.0034597462110803473,0.0025686149649371422,0.011065977238530153,0.004178647313637589,0.005618427599832921,0.005222947946017994,0.0076630019532405,0.0023986213236051744,0.003278052325062745,0.008617294930274641,0.012362509648357318,0.005996696977826225,0.004509980127274757,0.0033856639923328068,0.004565175627798005,0.0044854960430667605,0.0021673434400454293,0.003138048961745265,0.0033408220652343364,0.003793407235368003,0.003808435674029788,0.002120757897124693,0.005859307136768817,0.0042457540561743196,0.008009474454994985,0.0028375229374735943,0.004380012049788808,0.007656588695431423,0.00405951168947518,0.0020328905018328247,0.004233383509581846,0.0016892413331084323,0.003768106101484516,0.009957196534546046,0.00852594232207994
3702,0.008481319247098046,0.006593726134715581,0.005820030008456871,0.01802327786889048,0.005481309856564225,0.009962313694370051,0.008147194871704977,0.0033409811274335457,0.0046069348184820174,0.010100502638431787,0.004173767619356403,0.004446753638083841,0.0040507005821044766,0.0037378287018675215,0.022765421065799325,0.004130438458303464,0.006126907548234644,0.008477514085305183,0.007996917135029265,0.008556122882951975,0.0038802851332907454,0.0077936595711509795,0.009341038489344002,0.004145889876312385,0.0015364325544515438,0.003853707297870464,0.011187039992319191,0.002338715375960145,0.0046302015122309395,0.006274095032334352,0.009465756416525119,0.004857785483594143,0.017515563192734764,0.002303232776989809,0.004171685351681758,0.0010827367217372639,0.003013429757023279,0.0033405766852378773,0.003244167082151713,0.006440485808939012,0.002294710503407953,0.005273247726669261,0.0037748111470587804,0.006162892804076822,0.003925390795594876,0.009911681795602062,0.008067951417841638,0.006761621730781717,0.002782625499737005,0.005396061077744755,0.0033697597027411625,0.002642084977528909,0.008199593012522807,0.004799406818934547,0.007765217228097252,0.002001964861033735,0.0052389059852167,0.0030557100301035933,0.003976120453165309,0.003544240730181511,0.0038237072124285695,0.0050982288219646186,0.00569181568953178,0.0038063295095619714,0.006737484399991175,0.004057991401130016,0.005382402296610268,0.0031230854599545244,0.002478073089977194,0.008357548617676914,0.008694907366279824,0.005675528223081697,0.007981837896070184,0.0045087812388414986,0.0034455147129550234,0.005205058835020623,0.008217110755520556,0.01485814631718564,0.005346145533601337,0.0070987818346613,0.004585058799123002,0.0072425157403305995,0.005492155664638861,0.0036426872335589846,0.004462820746088205,0.003825834531694481,0.003418163487884706,0.003191472451976896,0.0023795303703079604,0.005888589007189661,0.004426023647566115,0.006808875690285148,0.0020171139906565586,0.003804019059664442,0.007443914855341399,0.005338111098890646,0.0017553883564542848,0.0039524194077932085,0.001835637276796265,0.004011550961727984,0.004475540086125556,0.010251788721899672
3703,0.008757782822243177,0.0050901243802010205,0.006622761982848698,0.01550727060655004,0.016614918673107246,0.009632660915194609,0.010831545221107105,0.002949404579886115,0.004877312330284237,0.01184750231203624,0.0032558540723127936,0.004133778017338615,0.006050927379063577,0.004942355553356358,0.015529622580196615,0.005240298747545959,0.005340891340216417,0.004225372957283097,0.010083334558967674,0.009539348919764976,0.005220245256106019,0.010075409487532796,0.01290851247594586,0.005880940804569759,0.001700565356139952,0.016285541053645214,0.009847418932913797,0.002073621001560257,0.007305643007172962,0.005965234309185214,0.006994678771352573,0.004560683484298779,0.010235450855324676,0.0034246502453498264,0.006965338744153241,0.0009538301636052929,0.0033449890632996295,0.009792057387396547,0.0033068359650661287,0.002566739955864252,0.005220783178098052,0.004229002122826896,0.00266434515377135,0.005260991350219744,0.004635633717182021,0.0141179728456134,0.011024491294727445,0.004681134355679934,0.003413655459057973,0.004968854237731391,0.0035193577974739513,0.0024444092359049876,0.009581434453519649,0.011111335365076675,0.005066543918675827,0.0021110271670774583,0.007279201056098461,0.0025665396088266007,0.004463283367962136,0.00282917418952045,0.0036279829809783134,0.005612835863069874,0.004993840013089457,0.00489864781978709,0.009244345503587634,0.004770811670806255,0.00401273749163413,0.0029025753334899454,0.003487965254304507,0.013743827584770288,0.006415029088445215,0.00557637413566522,0.00964765119805651,0.004457189526446214,0.0028142824911349964,0.004366233767554817,0.011874724165870905,0.01560717777311844,0.0032935334343783887,0.007510752453679256,0.0034513019054814064,0.009890296000989177,0.0073909731053904935,0.004846681682518864,0.0032973052061921796,0.009335804348686893,0.002529602928814668,0.0035416824415876492,0.002559069864756688,0.005901812398589449,0.004975848020189504,0.00709798318039008,0.001995060006138112,0.005047953777269151,0.013583067456065854,0.006822996163365491,0.007601151261786027,0.004861129123010272,0.0023157298654178514,0.004227476728808399,0.01288734469341265,0.00908907144696713
3704,0.008420690192203895,0.005201343775325999,0.00768200500471372,0.017810417601124975,0.007512031049612934,0.005485890728647214,0.008181533139583719,0.002934456125792001,0.005473422983098641,0.006116961642442203,0.001859602840364876,0.004977065813962598,0.006955405508677104,0.004736706851426217,0.008502986650779898,0.004577715393369658,0.0073711047075879004,0.003960148573843466,0.002118030311725781,0.008958172722051941,0.0036954927422386615,0.002902106309582264,0.014845540080191951,0.00426351397614396,0.001722915720982859,0.0026019199653527962,0.007084874204565664,0.0030227782410732406,0.005478825551408532,0.0028121664701440873,0.006646436100703836,0.0053890171838608504,0.017907786344449454,0.003038298706481853,0.008232958648804623,0.0007046112285494573,0.004026070658799905,0.003614903570240154,0.003914080805394494,0.0037955933153108554,0.0030476946668691316,0.0034207654146987455,0.00199948693365985,0.0060414842235818455,0.0038543471604995864,0.013210531338890137,0.0035965565913805464,0.0046680381193816975,0.002413787796581277,0.004075337791284954,0.003457282393112082,0.0018706027071573724,0.004634849057721935,0.005601022429665402,0.0050915221587768365,0.0022199593233685386,0.013793116424044852,0.0033282446044013195,0.0032047147015504965,0.002849456706082423,0.003136865076266317,0.007215385769334493,0.004084748841263044,0.003347277411406061,0.00620032315869622,0.004888885302891322,0.005660457052012161,0.0021914387449587878,0.0037654742538093347,0.006126723057899456,0.0034698510237211743,0.010815243343768235,0.0060012586920824805,0.014934864927302229,0.0023720590603890142,0.006219557333771083,0.012147029229167982,0.016153714794813537,0.003936226677943344,0.0036140098253352087,0.0035317903148434316,0.007947299865194005,0.005203091493365095,0.002465494050850739,0.002445876943045359,0.003975994461457915,0.0028184163299795695,0.0037914990073035543,0.0014897548639573493,0.0055911761689066974,0.003795976503989414,0.008758905289477752,0.002530010590868117,0.0036137008314022197,0.009298701989186255,0.00629596700023525,0.0018549842128746921,0.004783210281516746,0.002417789967377107,0.0031838708931612794,0.01151754361371246,0.007812597415310596
3705,0.00913504115682835,0.004065134479162872,0.006619291774085662,0.009476060741651995,0.01665977194808013,0.003590909141048772,0.009784430421382313,0.0033667165583431994,0.007268915276340762,0.009511459049913872,0.0032162702899006545,0.006459587254280395,0.003230356260555035,0.0023561202299799736,0.012800739954330677,0.00526176009867029,0.0050520363711781735,0.00403304226872341,0.0030385724473346175,0.006163674264825631,0.003383179517358333,0.003516891711273591,0.008041488236264402,0.00234301900190354,0.0015381264496977262,0.003222750880704046,0.006679748877240614,0.002488689365747277,0.005891273904764826,0.004553320226761906,0.00553339836396903,0.004915048523734168,0.01479132488671506,0.0023025537241089886,0.004044047836967834,0.0006889833755219005,0.0027692542060652097,0.0030137124828125807,0.002996614837004194,0.006733578527038279,0.00195664980492759,0.0033775944356186994,0.004438481249218343,0.007901801473277634,0.0065575358197734425,0.008562472660423277,0.021821298277332618,0.00463416912874401,0.0028214900894078863,0.00576836279629992,0.0035953962088105377,0.0020922274206598233,0.01015581230634788,0.005597469469836756,0.0055606134732330064,0.003521712389702931,0.014358088295115206,0.004977160433223768,0.005702235783294712,0.0026731344152709125,0.0027870113045073064,0.005192699842897552,0.005086920912410376,0.0034753800066125422,0.004234376885401964,0.0056508373608259435,0.0037454367290592947,0.003416979275677233,0.0021019314079872365,0.0055380484507201785,0.0077458998433040036,0.008465230032639716,0.004343190264287823,0.006208209241202709,0.0019479829425251079,0.005340211658514115,0.019123669032669505,0.01559213902743876,0.0045155791117215726,0.004509941635227348,0.003521708677782612,0.006837961173450998,0.006417947894058063,0.003976673827831991,0.002536870024697347,0.004152169485189469,0.004071334673799308,0.004670689611231171,0.0014058192350679035,0.005344955159709195,0.004632153968467989,0.007872471561464317,0.001896171928700112,0.00351189279420086,0.010297932597496352,0.004788143695405925,0.003197499941354608,0.003589276961988623,0.0022534169207052575,0.005393316106599276,0.00484628760611091,0.007865733244448595
3706,0.01345235091625203,0.004280297510010332,0.008831451344186296,0.03230569983418869,0.017665301737714842,0.006173880587534675,0.010021073995750054,0.002742432929573925,0.005608092548051825,0.007792882410011371,0.0029139311612019166,0.005321378913051975,0.0037357466030638544,0.004228362072774315,0.007836003038970394,0.004970340127079442,0.004085644830822693,0.004654988490524126,0.0030322275747964042,0.009940724769767496,0.004803619561107795,0.003191025301091679,0.013096297138839119,0.0022459922051383877,0.0020820655664939305,0.0029567317739060003,0.00768583550488139,0.0028740599677705087,0.004778524092216039,0.0029888082173732023,0.006262955104285683,0.004692974951357041,0.012222343066466575,0.003008736652528909,0.005757120557307957,0.0008276386942186914,0.0030790922308215067,0.0027449762609959654,0.003245117155300723,0.0033438459680610517,0.003358587893778316,0.0037096394343300245,0.002449096404912967,0.0074541350826221806,0.004107077855635224,0.007283476967614612,0.00431399830884514,0.005064222404314406,0.0025140858904784307,0.008049636171166288,0.0035575041191881806,0.0021801582359830137,0.00579157545579262,0.013007995712117595,0.005941677447373437,0.002834389744818934,0.013277519900643731,0.0017432134315151424,0.005620759756750395,0.004162551204097112,0.0032166317684306977,0.006408539379085208,0.0038460416006145214,0.0039427559203943216,0.003655760415617042,0.0048875681665565985,0.0037280130539908787,0.0018199181150882868,0.002472924649012523,0.010278270248091324,0.006207099523058338,0.004133473320964372,0.00803676009134758,0.005194420162723207,0.004458396609716271,0.006401730174355499,0.01254718346796644,0.017006546119469206,0.0033795467043777434,0.007693905149651317,0.003710388382460072,0.009838515230683227,0.005407360671171106,0.0027111518465501223,0.0031009990665850297,0.007433649219489417,0.0033983554836426373,0.004398553214234545,0.002183781279235577,0.005104423736458743,0.005555648714373621,0.014239076104994693,0.003103644725207948,0.0035537264203938366,0.0076966756573149785,0.005717374574852892,0.0018857458187421744,0.003826989622968314,0.0023188624935594243,0.0033465639928474695,0.0091395860720534,0.005809694438707283
3707,0.009695577218101926,0.004847085643176868,0.00710279015088728,0.016920377869618152,0.004710288630821727,0.006030885801233804,0.0073827682816015395,0.003422731235281862,0.003678607014264204,0.00702115381675859,0.002530243773388163,0.00482450875721829,0.0038785980794297384,0.0037391801274486206,0.0048657081410821,0.004633497082235112,0.0027367422811065694,0.0031159559813386303,0.003024045616513878,0.00985063769158219,0.003427959999182882,0.0032188905872038397,0.013183117073540328,0.0019701679080729494,0.002206901883505131,0.0033732578930360402,0.007151692272869267,0.002518371760851392,0.005066573244572824,0.003804727432302703,0.00710864629530235,0.006407621928634075,0.01840679796606653,0.0028403628173480334,0.00844191834580242,0.0007410088528945972,0.0032863136026738456,0.002068355237174991,0.00464200468606726,0.0037581610649718325,0.0028741043828811276,0.002026402927235627,0.001870814622183013,0.006244698650693389,0.0037944171439096173,0.00661444302093274,0.0026063144888866926,0.00705424401603324,0.002670464337464537,0.005266624314797766,0.004381474336636993,0.002025858312638951,0.00609584469504942,0.005485574648301795,0.005727294114206626,0.002185605526198578,0.01257024976733777,0.0031068321328569064,0.003743726697429301,0.0021069221474973735,0.0030134542564673214,0.006436089212258973,0.005922587248638213,0.0035135857812832825,0.007036408846928213,0.005057661365075979,0.004395518933009791,0.0028178577948630543,0.0038605543534795494,0.0035232798411997932,0.00304272931859483,0.0046630869980965025,0.003951105167655609,0.007047878912233705,0.0023945218565920297,0.0063042087015397355,0.009237731685897307,0.011748560119813123,0.003736313923522523,0.008398338686588262,0.002380326612800018,0.0061975732560199046,0.004002617022341913,0.003006469351981871,0.003154850596160325,0.004670148942647302,0.002999585842850285,0.004907480842593571,0.002170983513608895,0.006160005806808444,0.005863375066903127,0.009851760429182286,0.002965242755743132,0.0034049275650713143,0.013205784009381247,0.005443515415173772,0.0018342391077774626,0.007256113610090965,0.0023964123911168257,0.0028365114795772506,0.010120515104984283,0.007911743139351852
3708,0.008976412604817945,0.004000792606414384,0.007696422661478066,0.011062368428577527,0.003758468960672749,0.004278301538108201,0.00756478810154862,0.0023715530938013102,0.0053189690844215355,0.0062901540353056725,0.0024682093375901666,0.004050060224654816,0.005161916419941915,0.0033878465305695583,0.005556265524413722,0.003963758103105651,0.0030046361834363488,0.004957080884367172,0.0030050884390106134,0.005996395621346254,0.0027867021006866646,0.0025095338275241894,0.017849761883785408,0.0035315271537904543,0.0018931988148436568,0.003236686880550907,0.006619182187849875,0.0029962005255277885,0.004065012052509952,0.0025941290926194916,0.006576741342987193,0.0047230315747193025,0.019200341716613417,0.0028639034671201448,0.006811576711125632,0.0007067175454378424,0.0025375400073392807,0.0024496445353018935,0.0034308579998025375,0.0035707591082124283,0.002364448840509979,0.0017338455435545396,0.002901177743122695,0.00547918345657602,0.0030024846685503827,0.009709718648484899,0.002585512482769973,0.007475134403061442,0.0037192847639904306,0.006635695164344333,0.004203561823249993,0.002518058455787142,0.005683403303955035,0.0056398185423205205,0.00691854164020975,0.002729188560549337,0.011931098785757543,0.0022470586007496242,0.00417888145241394,0.003531264403366774,0.0036912216833159288,0.006281507376608899,0.0038828494380413075,0.0036516742206781044,0.0035404328872983538,0.004144129554354605,0.003963585964964824,0.002742461320478043,0.003519795523202394,0.003811470223045575,0.004359979871420545,0.004117438391417812,0.004812810160803472,0.007462496761095232,0.0019851585442304184,0.006108474195891727,0.0073179814813329296,0.013331229454603943,0.003946514052040571,0.006520663961073261,0.002974959991587344,0.0053062971933182206,0.005429220029665084,0.0020746686202965025,0.002858787799599814,0.004343585431304613,0.003929610169164636,0.003817954634237472,0.0016253919154980004,0.004128622837867841,0.005344500876558362,0.009204538711791778,0.002849989762554456,0.002564156856593079,0.011276509776190071,0.004706630975425883,0.002028845831631277,0.004181839727205042,0.0017597476370750848,0.0031993998886069982,0.004569223230262838,0.005862831006213966
3709,0.01098192513366945,0.00438933516043555,0.007561281488118185,0.013128344902052015,0.003347629163650367,0.005435202916581852,0.008205247065394867,0.0030465369237601693,0.005552199144449373,0.008985677423942963,0.002063298423609502,0.0030299591921183265,0.005587682926478716,0.0033130689639215916,0.005406031817258881,0.005094644069749958,0.00330570414266432,0.0033246726549126496,0.0019092922211980923,0.0069937907096973735,0.0029530035325988227,0.0029818264711376115,0.020027052000403292,0.0028995558269823756,0.0015688490585912555,0.0030710714280452757,0.011020805843961425,0.0024610490478409125,0.004848884606107954,0.003542053466923723,0.004734605657326864,0.005410894487839757,0.016536166589228248,0.0020893071694858653,0.005605765866489576,0.0012205975116566833,0.002958191425382862,0.0035279823274333797,0.002471878809612086,0.003474988914704488,0.0030148395243931553,0.0025829573365469937,0.00412683054845363,0.00398104279109968,0.0032531112519681243,0.006330731352355231,0.0027491031810784384,0.004285860881781696,0.003658927685887618,0.006584776965073013,0.0020059022972796184,0.0018540494060707174,0.0033625557156557032,0.00540812874403564,0.006102476141839396,0.0017881155127874378,0.008908346157488945,0.002846289495070014,0.0029684225250038855,0.0029531578259814994,0.003362631799087628,0.005449561853563744,0.003888944150506802,0.002389690587279645,0.00536364020370411,0.004794574617433339,0.0031332167394624564,0.0034453715862795956,0.002934204658387977,0.003118242447406499,0.004108152678085928,0.004524170327532466,0.0028921774367083692,0.007482839561242921,0.0020372498765033743,0.0038274076957022975,0.0081554021721466,0.01174991995197187,0.0034789682577947246,0.0049018028570844835,0.003775588669266996,0.005041645672190717,0.00341337950878101,0.00223085613777112,0.002620196662082475,0.005406078861428485,0.004666115911599593,0.004426446776935003,0.0016592056187850048,0.00401250760621189,0.004872011946780611,0.0092509251504494,0.0019572614064933213,0.003154632290164725,0.008645713162375277,0.004483134821859111,0.0022633956017500943,0.00455467487364291,0.0022090838986038846,0.003220990612031325,0.008652500715934038,0.005755967766490367
3710,0.008254953366410795,0.003917828628324704,0.007671034931160212,0.008416143007013016,0.004695449663386682,0.005833477489810934,0.006594200418779027,0.0038786218012439497,0.004264589392308255,0.007010613431176862,0.002550799117208118,0.003140435088565346,0.006686354514904498,0.0026478025289133358,0.004327021432679629,0.004625079389023715,0.00347743055290755,0.0028872420109966003,0.0022436379040410423,0.0062146543652410865,0.003160798960015939,0.0022216964185680114,0.006712011751176491,0.0020461106662297045,0.0019835005485353283,0.003513331331509485,0.008066200250493663,0.0022927200737501417,0.006114505388035198,0.0028578524635947127,0.005984107965709667,0.005011721084882056,0.01301033900686408,0.0022785609250890832,0.007542899977654831,0.0017405738757106898,0.0032087997022013474,0.0028455848677081974,0.002598376079952887,0.004860350075836499,0.004066356981664457,0.0022281513251356526,0.003173283184521222,0.006016883954045674,0.003307514751384277,0.007595120924535824,0.0032928552928631226,0.004367074919145587,0.003452401370759758,0.005025164591423681,0.004947245451464609,0.0018848304714042835,0.0023493258572913687,0.005866662319755583,0.006366328288659292,0.0012460192085111755,0.01331074378028268,0.004671932120785655,0.003411586553742967,0.0037812286432144615,0.003177076855375533,0.0052156018116737675,0.005962342881656496,0.0037557398693264994,0.005519129949621507,0.009090554342568061,0.004493650064796547,0.0023530452572582306,0.0025622990598264585,0.004265444109468083,0.003955590968423021,0.004038173631483303,0.0051370291250185315,0.011974339167837272,0.0023553157600206937,0.004788542476328067,0.00809079280260056,0.015773405397830065,0.0032838765251408985,0.0032042704112269257,0.005322082339696285,0.006632253289307602,0.005376693429778395,0.0027256455823567454,0.003121349191946874,0.004783809198696276,0.004597239536117356,0.005189300062228488,0.001786899682330164,0.004899199230920209,0.005783540929745733,0.012536578674026333,0.0018293208373805945,0.0033314292956199572,0.010185008869037764,0.004532645212439463,0.001854491299471362,0.0036873736760994996,0.002257185087674849,0.003738306168659965,0.009811573683665474,0.006247892198341756
3711,0.007249950902260155,0.004063185092089974,0.006774131374428109,0.014174737688439363,0.004046421195558487,0.004502861451191443,0.006839821904340493,0.003551592006890719,0.004870214018815751,0.006075288047373263,0.0027267996051445723,0.003082348287971811,0.006610741634739371,0.0022619090841807456,0.0044319945057690446,0.0037881505393057634,0.0039305212457154395,0.0030575129879467453,0.002281738084640778,0.007987707255017695,0.0035391950506199832,0.0030811117541957814,0.00997130778816422,0.003002614948990379,0.001557399950208437,0.0021251553040750664,0.009740509266885236,0.002388487647090119,0.005281406306165303,0.0029394992625715603,0.007263930501518864,0.0054530215369377145,0.01106932997525746,0.0019075960197119676,0.005561862239898311,0.001156850824052994,0.0024551580195943446,0.002530291171319897,0.002838006707506899,0.004110896424127252,0.0031232254310995106,0.0034955920409424535,0.003040309221459835,0.007436812684471161,0.0035791053262053067,0.015779887325998162,0.002968550384419426,0.005017146357503683,0.0030792619667422334,0.004892673836857933,0.005787495374966018,0.002151648144488047,0.0037346196842898993,0.005797035326149766,0.006070964977040684,0.0015138646338336747,0.01351155657769271,0.0038812144126681943,0.004453882892003985,0.004149809357627821,0.003165233270088235,0.005758754721858264,0.00470929819495831,0.003162008441182892,0.006809218989768558,0.004588875079916976,0.005050473405282578,0.004930665601042629,0.0022286943161665814,0.004245465710183972,0.003598252563412256,0.005976626666893452,0.005321714767987843,0.010310624248569112,0.0022769767413866274,0.004731767246156785,0.007094689655091923,0.01705181332810213,0.0030744749628454724,0.004344124658708187,0.004199713187158367,0.006278328016141969,0.003991074075840215,0.003439043582589229,0.0031709887895470116,0.0044267938639209236,0.004584872410465153,0.00457077566732169,0.002033979177284846,0.003369564951757996,0.0055170819374965865,0.010030227056784913,0.0022586936863057167,0.003483732904350361,0.007568491897090042,0.004199854187120106,0.002163501316970927,0.0040541194673353875,0.002355098912178332,0.004370574459690457,0.008935002560264454,0.005749847847454324
3712,0.009961594462847402,0.0071120470009204875,0.007271785794325995,0.008050577999654045,0.004216888507254654,0.0046540291979595095,0.007325808889172913,0.004418102501125104,0.004324231354484528,0.005717438309218044,0.0021430719611156743,0.005772933798474056,0.006220026861678041,0.002824901859211728,0.00956996666903972,0.004278557732583744,0.0051421457193480844,0.0055362221083323036,0.0024302426080830674,0.006145952738760998,0.004652441101098978,0.003909026629735807,0.008171431372290056,0.003744619382457593,0.0018631595052203626,0.00387032077111318,0.008358843445574487,0.003618693064331971,0.0082277041533306,0.0032218170890776264,0.0048528784535403335,0.005426147309346935,0.01568293962029295,0.002539362056819629,0.0055449230054195695,0.0012763790000688354,0.003676403510241419,0.002173258932248567,0.003470792200395857,0.0035194639066119054,0.003686916669932967,0.0020606095662879034,0.0028211016973330124,0.006734526575985764,0.0060437232709502344,0.009897733637537431,0.004644564577322873,0.004590791592218611,0.003305421329861171,0.007757467545482801,0.003438468194221351,0.002379538056537598,0.005130689417570018,0.0049681873187060405,0.006528271194638816,0.0018569981745789792,0.01291692648487422,0.003860401723588922,0.004256117081844756,0.0037909203339431172,0.004465599799414553,0.004845270703118066,0.0044356996892020075,0.003945202244688185,0.005454387399626001,0.0057391678366375985,0.005460152555726463,0.005309114180330719,0.0028303847952341065,0.004795453665319204,0.004433269429468191,0.004939336209883937,0.006812892125120697,0.009251464456660391,0.003032140068945242,0.003590299980348725,0.007967653021255953,0.018153214997025987,0.0035461699722736766,0.0038716636797694382,0.006849543442338965,0.0057563228187585535,0.005180418921189546,0.0020448157996794253,0.0034122775612868113,0.0051976046646896945,0.0038426426023428838,0.007245039374305807,0.0016486321019932837,0.006004935009300533,0.003583516232134362,0.011242237185061994,0.002682020602428674,0.0033915461835558537,0.00890290165809074,0.005367778341033003,0.002973256822698337,0.004181125381169022,0.00244037344428714,0.0033525144315615357,0.01102767754931517,0.005514415860800152
3713,0.007129776907795371,0.005017969283667488,0.009714249174905595,0.006477735461886318,0.005949424626445744,0.00532360607967259,0.00934879582925729,0.003962923241850534,0.004319463599813408,0.01198449792057782,0.0026563918626917814,0.003944391235603854,0.006755194943981966,0.003428110674699002,0.007777996917090005,0.004560462084645369,0.004627120034881175,0.0031830542650910865,0.0024376082925898794,0.006950284399264848,0.0030958833971165543,0.004596473808088932,0.006396866974352315,0.004666324494576371,0.0021893980472715933,0.002109620362443318,0.008194035979384364,0.002765786087730543,0.006984634002800318,0.003922385051459065,0.006513796862157765,0.005194789589105033,0.014563138390562965,0.0032729500619586246,0.004827386497114275,0.0011475726188008403,0.00521543310149643,0.002648527775299779,0.0038787595822590624,0.0027051938420039274,0.002984908831498171,0.0024062679368071927,0.002876020850936654,0.006394107108387416,0.004044121745783262,0.003920911457325547,0.0049591892147200275,0.005148430795920638,0.0033480930548114973,0.00648512760889471,0.0036441048562568727,0.0021901449737334526,0.0027399640202069612,0.005671594998059206,0.005058558304365402,0.001672025536554916,0.013966733834160538,0.00454682642012948,0.004109297055142736,0.0034080009101225346,0.003406793664684074,0.0054725112695687295,0.0035103524617257293,0.0031151941098212345,0.005026586043200546,0.004487418686356272,0.003248069408199245,0.004561262812378008,0.003060922172214791,0.007144461372517719,0.004889795966192203,0.003952135802374094,0.00471854039442433,0.008977297103241322,0.0032552880792024895,0.0035627390788959316,0.007341131997905068,0.017142773739270097,0.0038742349619567077,0.0039884510355740095,0.0042416419375114305,0.005218701417346319,0.004133024647502853,0.0027867671505429643,0.0034172124508190186,0.004735857293015289,0.0029776993744325686,0.005462447478595562,0.002326143718047178,0.005504938713855557,0.00611839075785831,0.01788284145044551,0.0019494235549803317,0.0036632370171654416,0.009842194190071868,0.005623676198507127,0.0024223173348138674,0.0051769707040287966,0.0018781547953903776,0.004124396782286907,0.010804090728021017,0.004811375464847277
3714,0.007643944366737311,0.006459564296474765,0.005463976810899958,0.011996488393929234,0.004477567807157913,0.005842099095783229,0.009334935661874431,0.004192792934796036,0.006270226292895819,0.0059025327435274595,0.0021327810378370393,0.004038474188526247,0.009253101622089676,0.003663905359414309,0.005658355378384614,0.004105035022987482,0.0041622300933690055,0.003351582665863662,0.0021101212735033232,0.006236549292540409,0.00399453479369345,0.0034555271951024107,0.007626264156468828,0.002710067243969321,0.00229246804089011,0.004019911634919623,0.006369452717403084,0.0029086713937619205,0.007849295370606404,0.003119443897686042,0.0073898229777351,0.004560066613706459,0.014457385415781928,0.001991357770986191,0.004825517457387465,0.001021352638969704,0.002215958588637776,0.003529362107216152,0.004457926111648828,0.0030765311977119774,0.0036538391958246307,0.0025291870629147867,0.002478979460984751,0.008146219570911405,0.004071808524862728,0.003982060099346195,0.0028484269263561682,0.009418594303353794,0.003006367210177773,0.00497922882698793,0.002949551776580592,0.0020055525070750433,0.003531836427543091,0.006125475392193131,0.00561168286692007,0.0023985040403183932,0.011793022841524168,0.0043715485297989125,0.003480747648306834,0.003995218733804555,0.003276170027222922,0.006624529423469719,0.0055182639218688875,0.0035151467298187547,0.007567355437014584,0.005336343867186544,0.00375667106393004,0.004822578092502784,0.0024305440322510813,0.004589886459813602,0.00365949868179991,0.00447598465863294,0.004567634069295124,0.009954553165586789,0.002346000143512277,0.0033965805958676635,0.008462261812772856,0.020328160985902764,0.004507858968752212,0.003931350233342996,0.003792941519907299,0.005779426511788033,0.0042924311355646005,0.0022881031137980015,0.0026374946108055474,0.005955787982916836,0.005272379206306421,0.004543455297383179,0.002067630737977682,0.005456292267733178,0.004110136304533585,0.00942550379302236,0.0024404600967738495,0.0036047838236923056,0.010803308913952696,0.005094636931885492,0.0018575174923052078,0.0070935897952642355,0.002093347155636356,0.0025122072540716515,0.010657910511418763,0.005442944591974553
3715,0.006748657021383434,0.0055654182900189576,0.007126741085242544,0.008894603366843777,0.00370767129219051,0.007104672702770722,0.007654288276225559,0.004599224719967088,0.005145365409784081,0.006101539235652787,0.002578192951668178,0.00425410065022869,0.008986043730492407,0.004029067028143509,0.022864565379868248,0.004919315951532884,0.005123355544770604,0.0036665664938308373,0.002203107053124539,0.005537167387244755,0.004514790327535576,0.005491566215719691,0.007618830318694887,0.002713686365613772,0.0026618633284907745,0.003393754015278872,0.006347807869318417,0.003167582520472435,0.008280624361075838,0.003760128359567065,0.004798477688823535,0.014460952294539173,0.016747606880644812,0.002260115835497333,0.006741541787683991,0.0018783123337386995,0.0026493979840337065,0.0029805676550371993,0.004682791512689325,0.0038797158829015103,0.0035612500414316764,0.003049858195575052,0.0028930292580078786,0.0069926532904159054,0.00445461412538796,0.0043581587079545275,0.00369541459957633,0.004027784452157081,0.0035687396641974206,0.005796577047158943,0.0036470343956606557,0.0025196999985280808,0.005031119833909055,0.007766923560571153,0.013292413064158333,0.0024675394474380848,0.013341434128217297,0.0059331624445337966,0.004076816986738286,0.006605945059211919,0.005743168617326183,0.005652509904497356,0.004319354777132382,0.0034446747386954577,0.00565719053725775,0.007250679179786817,0.004982100743819445,0.004216680393299177,0.0021897465077519943,0.005835486039213284,0.005777627045056085,0.006790511181924839,0.00420122652527456,0.00968190520951116,0.00317738445264132,0.004048231171803168,0.012101879860263861,0.018229951799031807,0.003763579365150635,0.004567785442166225,0.0043340204915288255,0.006432449485146091,0.004924347063170898,0.0022625485780480223,0.003239581252469549,0.004882678851814173,0.004316919441409611,0.004666931215717447,0.0019188441199178906,0.004403115955599313,0.004718174493271783,0.011449288629788583,0.0022269223355168726,0.003979288979986207,0.011154804413089015,0.004840587583710705,0.0026345528194296848,0.003804853998090876,0.00201586309646761,0.0032973767736049213,0.010744863623074303,0.007046150157791968
3716,0.007528292979194938,0.006706026030555921,0.006556556130292168,0.01633214351546923,0.00424697254390784,0.007339874362069411,0.010025236955916438,0.005193248576065652,0.004770864997698004,0.006428812015555056,0.002979440052865438,0.004895424465212332,0.008945702241756219,0.0036938015387041464,0.020336074969744277,0.005542250222127141,0.004349978245030963,0.0039344309303589575,0.00273208083677078,0.00785187109387185,0.004718740580109882,0.005700317755020156,0.00783431591491141,0.002570956304902585,0.0019689692600489577,0.0024521611495815047,0.005887184316523421,0.0034136037830678864,0.007879685502874045,0.0037024170329359625,0.004206363135622822,0.014912215423165343,0.01860544398479787,0.002063407810828573,0.00658582866183884,0.0014404028996463309,0.0035062076960592652,0.002205470724140376,0.005780731314621173,0.0032209466872479787,0.003259910759386121,0.0025966733094097195,0.004008298070308859,0.007109861394188477,0.003058041435388691,0.004040030023711205,0.005730185087733454,0.00433331060456014,0.0032371094968904617,0.007434548885603346,0.0034185698396811217,0.0017756688865069093,0.00451621282594615,0.006281828141753513,0.0143527513501753,0.0023646305766540318,0.012759577481086127,0.005304898131157105,0.0041657809499622825,0.007004341479792554,0.0060275121384708525,0.0060518004508194065,0.005300223084089499,0.0037154406911143007,0.00535662740314511,0.004293643185132852,0.0028761510196652056,0.003944728322250789,0.002261959994816416,0.01034044188998391,0.005585095692363584,0.004747726425569662,0.005343078105944787,0.006630834848763174,0.0031907699149850985,0.004021851063417152,0.007737067653216204,0.014297174736690513,0.005147172554347589,0.004116871604694611,0.00403057516294913,0.006294869209458275,0.005256771187971566,0.0021121032609106184,0.003266901870027821,0.005425200277551723,0.0032509713043056164,0.0035217345737416973,0.001385126181045615,0.004512881610596659,0.004361998722004646,0.013482951680917782,0.0025260734795148785,0.004363812364501258,0.01193293861890574,0.0060298468909104185,0.0034349576809896663,0.005101300664610364,0.0026701398126793376,0.0034410639052587897,0.010674326137317386,0.006848720559845779
3717,0.00790111923120982,0.007129445690480609,0.007005313119359682,0.010227256885425737,0.004971810203486515,0.007236422441312326,0.0066645172250880316,0.0036995798120985695,0.005190532080515406,0.0061146543864645025,0.0031728380396691546,0.005227057379166645,0.004726653314574682,0.003466066156833708,0.011237231206970472,0.003975844695311364,0.004170705795034195,0.0034012840131734615,0.002213456786730794,0.006633328073050126,0.00643230307425549,0.0030006739627563696,0.00730625126405175,0.0027368462724269974,0.0018039698149494232,0.004158610623272053,0.0069359541731026765,0.002436106384453029,0.005827704536638358,0.004222134569233881,0.004945611355503541,0.01546042516546919,0.016066994118914303,0.002741608247879095,0.01235912771608054,0.0012213904744340781,0.0034488003810293363,0.002535833414116066,0.004668917506669655,0.0036427700831128743,0.0028540990134205474,0.0031685575876196953,0.0023018749168274813,0.007831229163377699,0.005620797498540479,0.006564385409182373,0.003325761593506233,0.004895725359667075,0.0034439820376759296,0.006605956233767946,0.002754620408743904,0.002037735448519588,0.003020393862051181,0.007343173323568003,0.012964787213228478,0.0020688161525343066,0.009429444733605368,0.0048465797589170665,0.003867901144110351,0.006325391615990872,0.003890464254259453,0.005883264220335239,0.004796935808875537,0.0031966771424488684,0.008555412271377627,0.0032901913353842412,0.0034796922085395575,0.004699406251699075,0.0025250461775435905,0.006447201733752078,0.0078978049200658,0.0048428146193284834,0.003905006471388549,0.009096102681076914,0.003748954300996736,0.004556523321701198,0.006541469852445575,0.014317659939807312,0.004113131351205046,0.005182461543677671,0.0037163479403816914,0.0056344488030841315,0.004132668181198593,0.0025177217147786613,0.004458505595770344,0.003944798719674097,0.003461006887026368,0.003271578458597423,0.0018196625373258367,0.005185662338459492,0.005332868976109564,0.011291777028532636,0.0025755904519064025,0.006197889735096217,0.011296752519284676,0.004345885946312229,0.0021740880837584765,0.003829283418908885,0.0019128866011134324,0.00457941999863617,0.01146998656562253,0.005290108698134972
3718,0.008066720074350138,0.006120965990186577,0.008107357831721975,0.011087497870226816,0.004996050228151857,0.006965129138007957,0.006853253471900009,0.0033917464879300776,0.0053544534884192845,0.004871603558984784,0.002870398597315089,0.004474890397066227,0.006831382425063046,0.003979297367045246,0.010793926322526378,0.0046411434456103936,0.004892960271166749,0.003993775875206123,0.0023691679706478092,0.0073405802527454255,0.004794109759683912,0.0039305338619313,0.006500289950994336,0.002780681823531109,0.002199876505045294,0.003991051077994349,0.006714131036404611,0.0033072539619554476,0.009706053352256216,0.003658556011498243,0.00465645976336891,0.013444733043841675,0.01611154052518573,0.0027250754479444085,0.004988162620852771,0.0012347205930123533,0.0032837489100750418,0.0022803032347632514,0.004725059712321422,0.0034311426590001547,0.0026241395715353075,0.0026600879521098586,0.0019947634099328746,0.006704616646434804,0.00314575622225283,0.006960139844132098,0.004290724424207217,0.004580208463250681,0.003301333314998466,0.004518661622964659,0.0026820324703433628,0.0027227617007233745,0.0033098341115227596,0.005684727908531217,0.014013979710867113,0.0019232067161235372,0.010731045425792793,0.0038043292355938664,0.0043999641512270996,0.0071133517602106075,0.00391279556751316,0.006203801615489622,0.004713647564052966,0.0052525710055448885,0.009207728835095753,0.0047756189169637035,0.002794062610595819,0.003822991508134636,0.003709073193517226,0.00778356147449865,0.009576625397744839,0.006952599624705468,0.00393113576605007,0.009488757974223824,0.0027000086634661317,0.0043119556372024455,0.005831880146061483,0.01216889377257718,0.004103268222351715,0.0036913432897873752,0.003823745154107563,0.005032674945362335,0.0037521749749652475,0.002175654653559026,0.003570535136498422,0.006931518326870308,0.0041229649455114745,0.004498657375206544,0.002165447930809067,0.004956584827909169,0.006058550522056594,0.010275064288713352,0.0024321358617650354,0.004486637077751741,0.013066501314876156,0.005150605967855619,0.0024885053862384186,0.004210772057531712,0.0019694400542656326,0.00403206813044265,0.01160259644245902,0.005077013861768506
3719,0.008989821090763348,0.005230850895947242,0.008034244836742461,0.0147978323085274,0.003639756329734426,0.006051832294794927,0.005879820586865623,0.005026181161224226,0.005179162677418119,0.005820950148733805,0.0036628988498049416,0.004640259972054677,0.005699858081743404,0.004205715850496836,0.006465788128291884,0.004166745355077707,0.0042814929436380215,0.004042637007977053,0.0025363657713283285,0.008267358149965267,0.004585527243732737,0.002811640810785936,0.006720487804084075,0.002435378016234929,0.001630927091308423,0.003903118662410787,0.006264715193191531,0.002847911067933158,0.00777993236102929,0.0032044270476294288,0.006075658235613951,0.014730083112420017,0.015808496204772354,0.0019908687116191428,0.005007814864248825,0.0014376845102800411,0.003942716085522364,0.0016807947845742053,0.0043460924897878155,0.003128580638130994,0.003906757965744746,0.0029582890534787477,0.0017745912028126582,0.0050376744259851645,0.0035111907806971297,0.009208364775569139,0.003866371765450319,0.005179932517286091,0.0033172050000355785,0.004578694385098449,0.003576325322841015,0.0017270673196069992,0.004085760337364306,0.0071219647440626385,0.014158377551969746,0.0018590237828284542,0.011363612746340752,0.004580839804215829,0.0037872654051201134,0.0037649765254198285,0.004104769318186862,0.00647957372665715,0.003276884418346555,0.009558282569775138,0.005695196761040378,0.004207865287681163,0.003842086253226812,0.004392431393609333,0.002188515008442187,0.006356916438266433,0.005941568643577002,0.013481790480943083,0.005089513686080195,0.00937867996844637,0.003385900510022829,0.003833403218208757,0.007726429044792513,0.0136729938872235,0.003907539585751381,0.003639209904057717,0.004215315744209587,0.006730690464384706,0.005370267280755368,0.0018962768158794958,0.004447839346304005,0.004265807622006612,0.00405352145291469,0.003845312756587388,0.0020010784517132856,0.0044157300770928465,0.0037513499216336394,0.013689507600108258,0.002388765757783843,0.004940666781225438,0.011156849325606705,0.0054201137497682204,0.002255684417940918,0.004774155605032203,0.0019059166460891799,0.0036784962232313334,0.00978235992257564,0.008295284731518
3720,0.007156415818141609,0.005730278194459554,0.007197789401235871,0.020328335356933656,0.004129498104575485,0.006099827243564462,0.005852041418755061,0.003845791509440087,0.005525856959291828,0.007192499419629978,0.003094194000559267,0.003631265269304604,0.008625260149632228,0.0034165058388015215,0.01343127838817529,0.005469590055787982,0.002997716413086141,0.0029694706948426726,0.0019039164859104417,0.006077799000360968,0.005075467350732705,0.003089099046939913,0.009452203122463901,0.0021438950400751765,0.001732228427240806,0.004016013703290321,0.00646191690873662,0.002626477015559385,0.008764087776113275,0.0038957761063723307,0.005280925786287455,0.018335123551092052,0.01626600483845458,0.0017672263952656269,0.0040525472345351475,0.0010218490158616226,0.003108381804049814,0.002603031072342802,0.00394728664558714,0.0027557055700629246,0.003345266804069652,0.002833477356488985,0.00316388673885643,0.007581845579858835,0.0025939803491580983,0.011145929528190896,0.003707209331696243,0.004266853209700183,0.003975638108239049,0.006703470285333421,0.0034260553471404396,0.0025250147454866493,0.003508645405067937,0.006911661148851728,0.014853975020735474,0.0015401202108065715,0.012557715242731558,0.004210280719057743,0.00401228529749012,0.005337771884107569,0.005923825581628974,0.00498236567318634,0.004385560155589328,0.003755964717071591,0.0070350941806306645,0.004251454994959868,0.004153779216584914,0.0034932348731555093,0.001900731367374861,0.005195213467274288,0.005634924041682197,0.004042343904037967,0.00444881871287722,0.008061686578669075,0.0026502503295298316,0.004995320577239199,0.007204089547991995,0.01357074325310043,0.005020059076219138,0.003968817430874905,0.0029882765076495216,0.005875702568336315,0.004071173947138931,0.0023126334111469144,0.00260299627298149,0.00610175890367765,0.004320489357832539,0.005359326278731144,0.0028819574044241566,0.005785853207401951,0.00424542799336023,0.011357488590135507,0.0024287954380602214,0.0032069848032437918,0.01034201760863691,0.004725832165391764,0.001851769893274945,0.003065904172709692,0.0023000467344879674,0.0022968060802864574,0.010420110139416535,0.006770768713174133
3721,0.007984977891028835,0.003546388219451129,0.007593616877364331,0.01806843465338116,0.005281816031697198,0.005359614703146708,0.007711667984931866,0.003255281218461651,0.005169601430386211,0.006602273690102894,0.0026439988685283224,0.0029803303872130505,0.007130077900128358,0.003107461184474403,0.01263037056066972,0.005024365416050001,0.0032256149743512446,0.003200136626366292,0.0022643637841605418,0.006239495176268594,0.0038092129134312735,0.002962804688645761,0.011380156517176977,0.002618671428614855,0.0019085656159319618,0.003278265500421233,0.00959275409778655,0.002617256799438153,0.00836402878013224,0.002336946061545954,0.008019639798159025,0.014862482544491842,0.015234437226350404,0.0017441200871650786,0.004175133602064586,0.0011936541733060671,0.0020551525170148994,0.0023191851319657366,0.005443660666539297,0.0032860813233539926,0.002557663019326054,0.0028556182709555495,0.0018301177861967607,0.00740045338413032,0.002832257267303584,0.009675718785249178,0.0037190781387836575,0.005892216033903914,0.003548953813374212,0.00460814155372713,0.0017832434417317522,0.0017286872494556651,0.0036773913654920137,0.0059254684271093,0.014586144471803944,0.002234904293605565,0.013398864376780074,0.004234257926400345,0.0035966961861785716,0.008241308446480484,0.007200074895086566,0.0057993372999072534,0.004863013021950646,0.005678689795640047,0.006785375932603517,0.0038859963527959366,0.0043295038242362124,0.005950413341512878,0.0023343066923109737,0.004590061629584919,0.003466201307031415,0.005865336744782508,0.004526291068926041,0.00985176483393368,0.0024232457804626295,0.005978369230530575,0.006230495997028569,0.016009457380157393,0.0035411164531663555,0.00420247392930739,0.004019893164087232,0.005333487397161343,0.0039720784315527965,0.0022314405635328605,0.002098350306476189,0.004514341176577234,0.0030721173629647855,0.005641181856720065,0.002487673554312648,0.005778809012059307,0.0052941283938785205,0.01330484450937901,0.002148129986349465,0.002692178209703413,0.016783532969830463,0.004372880247146024,0.002470753353307346,0.00450783891036794,0.00189419811785983,0.003284985724125909,0.011740445140213019,0.007542979691438838
3722,0.007616642251107173,0.005756910077492298,0.006875316134773331,0.01724364238648316,0.0038264314523464584,0.004949462490863376,0.011443103286725213,0.00463426942288089,0.004280734807171367,0.006958413164544432,0.0032963109213832295,0.002737825938963825,0.007803355272962316,0.00395908567157616,0.014063558584424377,0.005690321116826429,0.004128760859337934,0.0035571937327726197,0.0022022456498209646,0.014666524824708666,0.003935316682377108,0.0030532159492667205,0.018694581206840536,0.0028700728709644793,0.002134214880309372,0.0034582524665933696,0.006288014950341052,0.0022679766044433874,0.00989101938639313,0.0027243040156612274,0.007771168610128419,0.015018829611443494,0.01773756416144268,0.002135334352352356,0.005422993492121602,0.0011704461909097272,0.0018968700027063342,0.002214065108292618,0.005112059888226235,0.0044331934308153315,0.003624341536530163,0.004543312782773732,0.0024926212671043933,0.0064807311961068035,0.0029323859641132368,0.010478864271155889,0.003942763661771242,0.010393393474595072,0.004704498625892698,0.006997167385511686,0.004392278743624784,0.001888704262114676,0.003935168756491191,0.007385299609114246,0.012888832702902342,0.003590999702219349,0.012400939304558772,0.011656652501120498,0.0034929662750007346,0.004731909868593972,0.007698467117569149,0.007597742121955907,0.006364796379417988,0.006492235823821285,0.007778366719011801,0.004016354227924713,0.004425666357558377,0.004723031499314171,0.0033427546145149566,0.004409758575713151,0.002533572416377838,0.004125717237745765,0.0066632773165596,0.010407802980402796,0.0021238383061629187,0.0031705866110996036,0.00746812122802649,0.023048704402941014,0.005066186985039379,0.004237932825616196,0.0036985278692598465,0.005705007700857885,0.005159535122018578,0.0017230600856569436,0.002730599247589511,0.0070569025878989885,0.003693970621058473,0.004450923601458228,0.001505287919869009,0.007622195150457603,0.004833750170817411,0.012392082721872276,0.002934135758937005,0.008236681472735425,0.013150377321494724,0.004614976208328131,0.00360255475937035,0.0064466947367906435,0.0026245229851757303,0.003489880284191548,0.008581414985176797,0.006607668009178352
3723,0.007565974622459419,0.00520018781216962,0.006329015098160711,0.02009748079864201,0.004175502443765445,0.004486154968416157,0.007938181637837627,0.004256055946791461,0.004775188035720066,0.006012872600321647,0.0027915854859373074,0.002553315866682872,0.007125542348707149,0.003735026431188852,0.010091637815411898,0.004968977313378008,0.004207657656661209,0.0036171428662823755,0.0022935763143822046,0.006018434831466239,0.005053074726896052,0.00388820627670971,0.011960438325695608,0.002405138405819241,0.0024131876136436895,0.003707918100947968,0.009757582727708313,0.0024490941377109067,0.01116107496385586,0.003393661382817691,0.007459045143525133,0.019093551433402443,0.015159485339077348,0.0018709373624188588,0.0054234344686084485,0.0012514248391576313,0.001792543396468722,0.0021083083069428623,0.004937064271342809,0.0039034121628187283,0.00304616428250693,0.0038374410684780254,0.0028961072367278866,0.007403235614523897,0.002969598499659113,0.010757687915045331,0.004234483907208484,0.005435913758473292,0.003456026102215393,0.007239383100771016,0.004092116932640594,0.002176270201515574,0.004176857263138736,0.006055048189303437,0.012054741842517595,0.0026369462500633488,0.016293081687932056,0.008182958749597291,0.0033619421657674078,0.0058224270838698,0.01090287846332385,0.006154099246770372,0.0048874809415490866,0.0058790623280757575,0.007324035690937038,0.003308524438685274,0.004535568780225358,0.0051429692566048,0.002801859443389094,0.004629961883933338,0.004667005087727895,0.004669978140183265,0.005822049691045701,0.009493492981522578,0.002371469289097427,0.0036769521469367313,0.007449527881459628,0.016361554790140263,0.00390559190052092,0.004662676501638668,0.0040363036784519385,0.005592622757830487,0.005016090946828137,0.0020202118424344044,0.00341818851028776,0.005963327230154946,0.003711089589847855,0.007655335476567512,0.0016251025824070096,0.009776167287268557,0.00460343484247818,0.014167431116064878,0.0029093324683976455,0.007428823889639427,0.011843923972925536,0.0048362933757239174,0.0022651542378445103,0.006334682816590264,0.003258033696928556,0.0036014552179358373,0.012821487831430244,0.006361727897429731
3724,0.006167832862050742,0.004376439970922244,0.0058460300305346906,0.007411477050674355,0.0047895774544765455,0.00485027034322654,0.006750058001517174,0.0049958154988965055,0.005338526549802771,0.005831020139557151,0.002765625721923943,0.004566729134228365,0.005293772257137157,0.004503816885539463,0.009749744347713961,0.00509840064091607,0.004280604311790737,0.0056925317594665485,0.0026964494426842977,0.0073012302461558315,0.004074152722629561,0.0029146903628141526,0.010269255204273691,0.002550862251714978,0.0018074855966309811,0.004511473914375125,0.0060159517078329965,0.0018505180857896783,0.003286152431734635,0.0028163481977766494,0.006007819940327376,0.005143224550266652,0.016963179929192447,0.0038153611475804684,0.0025444654551456188,0.0010243517630229729,0.003504918341593672,0.0021800561708762746,0.0028183258845751818,0.004223519933441904,0.0039548739269960696,0.0024596591701974255,0.00267667291398234,0.005687269563950887,0.009978165133000799,0.00903999163481087,0.0033410079982447304,0.00334253608956718,0.002247740174377649,0.010437358323134614,0.003683795618317231,0.0028345190353894273,0.0036304272000645377,0.0048865748553020534,0.004771298913733922,0.001593005974173464,0.008064231089335518,0.003743387708398006,0.005177519694505117,0.0029955666224146097,0.004275059190634478,0.005134343203427703,0.0032897337644872387,0.003200958170283281,0.005488256781191337,0.0031864985966106713,0.00458994411795323,0.005775773306395899,0.001969814723706484,0.007015211440199701,0.0038089855118320455,0.007797907453796805,0.0046396356233756484,0.008661246746919267,0.0019117280610021473,0.003956581037198224,0.005463114374454215,0.01626077147872388,0.0044981266591093754,0.004739996772593112,0.0069249933884492415,0.005363085904822147,0.004634236371996077,0.0023830580014706578,0.003163786009172526,0.0036134543722320996,0.00479996401915281,0.005716242229587533,0.0017481290823348286,0.005834692667260851,0.004819659464732266,0.0079109563915319,0.0019350159506137429,0.0029931874482221135,0.011111435524213563,0.004373176597691848,0.0017011672502556462,0.006600759013682146,0.002277965518105347,0.004170275158490719,0.005732636499488225,0.0058096480020560885
3725,0.006519774394621585,0.005662948911685052,0.008243384803553102,0.019947005087632728,0.005133598668453306,0.0052508801013565936,0.010348958581198948,0.0037138140462219613,0.008301892044960789,0.009864249146369743,0.002693859949276537,0.0030757948400503667,0.006251968512740656,0.0051666134821273905,0.007571853018947186,0.006860923595609023,0.0035534812010386257,0.0035496955537212137,0.003640841205340894,0.012501681470535878,0.0031526830790971783,0.004799536661870907,0.011819208495121117,0.0025199395434040437,0.0016876034207003725,0.00326687694623704,0.016628269306065206,0.0021102953027405474,0.008464282002066503,0.004272927272116293,0.008078619758931632,0.005586322222273317,0.018016755625762142,0.002825617887687044,0.0034546637924814526,0.0011393582276744904,0.0034734366933756506,0.001976836352838236,0.003804810319057844,0.003318985673062791,0.0047407154730601895,0.0021572184247084583,0.002315500384349288,0.0063446653804839276,0.0040290326349696325,0.00930964339593576,0.005540134045998659,0.0045615423992161515,0.0032223276385844545,0.004628552233433944,0.0033562906775796114,0.0027289421980277455,0.0037664906622535024,0.013868720149820282,0.00811105010240909,0.0027483319952202293,0.010639777368901402,0.00487036290115894,0.004379795158992873,0.0030288410184307014,0.004281311529961659,0.00712431595741779,0.003373315674565862,0.002199846603630485,0.007615307119656527,0.00331621340610787,0.003573101446542543,0.002695796332187574,0.0033466488449787027,0.005315252136523084,0.006129553459368338,0.007495400176881568,0.0060657743102780735,0.003851396501491548,0.0021961966241169574,0.006157996728370735,0.0074901542552716,0.014436032195014395,0.003860960818845686,0.004306104991783564,0.003815307665699098,0.00747037513035082,0.003960004873997384,0.003820180228460694,0.002503168354780294,0.00861718852802163,0.0049402533688519224,0.004363301263519034,0.0030055707976314894,0.006311095662024632,0.005776247026676217,0.014243617688580571,0.001654655008466985,0.004138954948313934,0.0075081243881160815,0.007687900952820798,0.002915674230778742,0.00711086859629018,0.002015928749002162,0.00466463200597294,0.012977734676650343,0.0064374680529549816
3726,0.007518548952516242,0.004901649446211294,0.006525597670615248,0.01499237184616791,0.003947897237639156,0.0031136833171568224,0.007809056235064001,0.0039679417281922175,0.005821484078807429,0.009851278450178778,0.0024396808352815935,0.0035507196207947974,0.006665909142938547,0.003795665795288457,0.006325748664527296,0.006908930568658084,0.0031336372668392004,0.004202147536147956,0.002550775215425874,0.01195291439044517,0.003365137844374962,0.0026747777286622787,0.007973440800401464,0.0019059231590368524,0.001656498986275762,0.003259720601628951,0.008033580633907661,0.0026567429898092026,0.0073812544592510325,0.0038629540903654144,0.006764322130268653,0.005380458737581172,0.025868248135304073,0.001849511122203685,0.005733297079921744,0.0013577576842736766,0.0027242189112827255,0.002985281715596236,0.004540819343886071,0.002999796971234646,0.004005238758914593,0.00307462709608144,0.001943555646524758,0.006258950290858576,0.004587177483632138,0.008193863687591885,0.00294860088598315,0.004843244238591874,0.0026910499338471477,0.005103718284756465,0.005536191336031083,0.0020762916899491604,0.003958783438739195,0.005898843956279003,0.006910396537782337,0.0031328282944517545,0.014194744298969239,0.003447510408557035,0.0029625773474546997,0.0037463638241498056,0.005065672955873276,0.008323064522111826,0.004583518008004036,0.004507240973833476,0.00641973409198814,0.0038126443198410864,0.004563788909643916,0.004561316025229012,0.003733784081445338,0.00473469813520295,0.0049399348655964435,0.0057073666615877015,0.005652301883632217,0.00967502379262737,0.0022930039150852064,0.0071744838736015025,0.006223065614003614,0.01998307858819546,0.0044366258287797675,0.005741606221844479,0.003966985860109793,0.006460873555833189,0.00442028377257828,0.0019717674850031107,0.002529327907120476,0.0036080398703237453,0.0035195394029674224,0.004926754076054826,0.003025686580344813,0.006774282876643684,0.005161765005626675,0.010229437054956547,0.0022937902054286008,0.005461085653924331,0.011175081027774139,0.005460692065716427,0.002378713598256589,0.007936229786068321,0.001748301109667226,0.005248496452012926,0.011724762582365857,0.005706779444862651
3727,0.007013240832693932,0.005613204103617552,0.007057898634299667,0.01066162801714483,0.004624112989913636,0.004527823688522966,0.009153637073359871,0.0036640413103026497,0.005288269437678631,0.006560576049888959,0.0018857980569678323,0.0037083937358214536,0.006520740803738921,0.003174897937107901,0.00960061153350281,0.0056337778646376535,0.005092083619672611,0.0056782805683936,0.002385379577803837,0.007148725204117494,0.003975384134179012,0.00472010272863354,0.012344359821888265,0.0023329164137154924,0.0025333526484739694,0.005869015936630429,0.006820213719984846,0.0024648573064183685,0.013886326187888424,0.0030249910885123497,0.007483730696633249,0.019045614538057278,0.01624087489423932,0.0024510486854509204,0.004443300443752585,0.0015196784567845583,0.002128750781575852,0.002269784056870039,0.0027422242533621036,0.0036179139739774637,0.002944395222352006,0.002867869724286237,0.0022993799817640098,0.006881133688903609,0.005001516918709886,0.007068331754515142,0.0035300555422254423,0.0041550099960314495,0.004317600500769965,0.0066916361570530224,0.003811733543000371,0.003171159011405474,0.004735983669033254,0.00534490887489629,0.007376698828232165,0.0034634036611042177,0.01397369277306596,0.004353188765333422,0.0047346761178436265,0.002883399770064811,0.005148069283205268,0.007071625859342011,0.003582507470514448,0.003049253857090267,0.005282394469042369,0.0030579822446568723,0.004578706863294672,0.004357232591646119,0.0028386895255136696,0.005256368192125317,0.006105211376809392,0.0059687771061808035,0.005883805980583781,0.006968707477713171,0.001769756426144434,0.008089390477336722,0.004987992915806491,0.015804194529470548,0.00357136476220856,0.006046967687442338,0.0040880923709318544,0.00693876995212808,0.0035162656488405357,0.0016328444457118143,0.0028672801659367446,0.00336972803720197,0.00479722336871732,0.004325248282701619,0.0016091255177910673,0.005255565635454147,0.00417135238025026,0.010163421792462183,0.0022056745607149622,0.002820910806214786,0.011648358889766041,0.0049979807459517266,0.0026298873230487813,0.004517630135494698,0.002928785754703087,0.0028764285577631016,0.01157729680406632,0.008386375129310208
3728,0.006880249478900232,0.005283186035410994,0.009799879148774051,0.010925225195107992,0.003963464882531588,0.004460698036523752,0.007613451085871384,0.0036862297632368752,0.004323357346039787,0.00817691113870558,0.002091622688323367,0.003277509163090083,0.008935897499367993,0.0034069835631447515,0.009001056544142324,0.006659719758175669,0.003979855397421925,0.003918385413360963,0.0024557825501804703,0.007275882408806406,0.003975095792556443,0.003973462783686109,0.00955734392445452,0.002744906073237414,0.002204635526194199,0.0047834270764359555,0.010944746172779863,0.002743458388965257,0.0063319527510542805,0.003888221915819087,0.007185534211350815,0.02114297061706801,0.01659827948402175,0.0023440904701473525,0.004647675294060371,0.0015748910238999624,0.0030004663324283694,0.0030664760452530997,0.0029749835431540222,0.0037360329441585302,0.0025655547071686715,0.004047977232877218,0.0025838460690698487,0.005546714054908088,0.003201269360392429,0.006059743139779392,0.003459197720270734,0.0051743338839728556,0.0037098487652851815,0.006235187649289598,0.00619967173971011,0.0018050405873566663,0.0037931605364450627,0.005741544618088693,0.00842719743994373,0.0026837565154778495,0.013830478960771397,0.003219780387420922,0.0025824099700669846,0.0029218932719068686,0.004064867703758394,0.006647291021187057,0.0032466881135452676,0.002704462300012705,0.006202477666742322,0.0034437601030220754,0.003036988471924862,0.0037195261964540656,0.0033897383103483275,0.005395903634631881,0.005399131791012441,0.005133318936109743,0.00723991629294574,0.005135822309474811,0.002446328983395654,0.0036285024781285407,0.006486730393040273,0.012960977343347618,0.003967626369669192,0.006572284220271687,0.0041490042528387954,0.005584539046273526,0.003786157578053307,0.0019375607871087639,0.002768395020886125,0.004896880678715272,0.004413660290721768,0.0043010942089644405,0.0018991940783014735,0.005741724072402821,0.004960883442091334,0.014172762228726559,0.0016501219144223992,0.0035528527786299535,0.009671598795190988,0.006028579333126394,0.0019933513684672875,0.006251679674760282,0.0020573403394740755,0.003668802754281198,0.010105052729375653,0.006604624106379787
3729,0.007973334784059344,0.005336584621538839,0.006985624348357891,0.008339709683931133,0.004565477710533701,0.005016802015969186,0.011972698507062864,0.0037206512542397466,0.004871241911019592,0.005917973671911205,0.0019002343653206622,0.00515296636005628,0.007564908037741275,0.004584254265766325,0.004313382057933948,0.004647952991807874,0.002550000038853389,0.00395998917241152,0.0021844702540731033,0.005192148757139843,0.0033997113328864733,0.003108692648594124,0.00864170298924148,0.0027605446390772987,0.0020237220084452696,0.0031292478200430065,0.00730675513459086,0.0022432275353930606,0.008238429720123548,0.0032205203031051835,0.008506235256527479,0.018555658610346946,0.01396681247160221,0.0038625253864378968,0.004482379199766155,0.0010567584025321238,0.004439538456834863,0.002423623008494957,0.0025134338147906198,0.0029978473166831234,0.003469707136513067,0.002265013615878906,0.0030532833103555403,0.005983958707213512,0.004520008481842793,0.010364473288375925,0.003492092214197861,0.004290464099814343,0.003548801474970497,0.0051805622813523395,0.005036462678287711,0.001782368602613626,0.0031644220199254064,0.0056182158495664426,0.006394924559158824,0.0021919892181365115,0.01090233293320212,0.003080644376730911,0.004601431986455616,0.005266159136201043,0.004454955126054878,0.005717329366712064,0.00482477087774222,0.004061387930118941,0.008725296090925984,0.0044759333833704505,0.0036786890938540345,0.0036044538884524905,0.004066627873947172,0.0047604923597511445,0.00335262241762773,0.004561128311679464,0.004925304166194709,0.006977644669541283,0.0022822973525280293,0.0049335503970905515,0.00813312072153832,0.017520024635519445,0.003411939835419324,0.0035205558215286653,0.004430139876749836,0.005447048795302527,0.0034120724373293025,0.0021650678989897196,0.00249215907736199,0.004704377095295155,0.003622735700041,0.00586155703781349,0.0020811805880662747,0.005663164587605791,0.008639024029643677,0.011487460458575445,0.0027991088511754485,0.00661760820021609,0.00884977900430996,0.005216961622351577,0.00251147072148691,0.0025289361715047443,0.0018028220759685179,0.003873051634610775,0.009744128516616981,0.004245200723444165
3730,0.007321831372582938,0.004705127581070972,0.006717692638915706,0.007348859687619951,0.003389055443850328,0.005424915833006504,0.00977070257429669,0.003419607712528436,0.0036467119664993727,0.006917638264060913,0.002266927890033791,0.005472641604057846,0.004499684279082898,0.0037641096265823943,0.008429395201795685,0.004938119447349188,0.0024815640473413348,0.004309192623594148,0.0017335406525613348,0.005963710508275754,0.003859785706250861,0.002105642095231083,0.008260827629020466,0.0021687889979291556,0.0022079697458743308,0.005051306725050146,0.007956800666003636,0.002481656403125466,0.007136157512428281,0.00295952475110677,0.00814660236704167,0.005959296913069701,0.015613084703420672,0.0032187695043611056,0.005828635317108751,0.0011586366741861795,0.0031294006556775947,0.0023317320990676816,0.002956709680364053,0.002937247879487202,0.002310916846067981,0.002719694609024587,0.0025316554864952836,0.007309231918527913,0.004397093599841593,0.005663312665887315,0.004206137424854087,0.004527793031481453,0.0038025924065958065,0.006352025350023527,0.004469079870286897,0.0019139997208834458,0.0026626306886395027,0.00588010882084973,0.0075059026911169936,0.0025923823404840306,0.0101597103072101,0.005275481331354288,0.0038988610479378126,0.0038766093567831586,0.0042073889416418585,0.005419502070111165,0.00380657181127629,0.0035872267091430544,0.007761532961708576,0.0034833153501928264,0.005705345326185142,0.0043196409774693785,0.0020440309840833912,0.007776987474271976,0.003970251375123436,0.006693372861156165,0.00410763487046132,0.008364484054990656,0.0026856855877977212,0.005087050535689224,0.006964532217945071,0.014263213527164574,0.003806382150292257,0.003278390854208209,0.004183679429754487,0.006420912396267829,0.0036621851711461494,0.0019001040801062948,0.002385160177641186,0.003959889498998482,0.004013640276220572,0.005421964733349233,0.0019206481286230554,0.006021292657598685,0.005327278791746268,0.010132878217881992,0.002846564110563134,0.003984073837974077,0.008400275147769557,0.004475683613044522,0.0021362247573872392,0.002694655140013464,0.0020347857100736885,0.004001734713109489,0.011809647459981842,0.005462060090579666
3731,0.00789626755665075,0.004355543267787669,0.0049587126947245016,0.010322966811295041,0.0070230932039562705,0.006674999265891691,0.013592808306531454,0.0036560529583271086,0.005129810551187122,0.008105685689402344,0.0029112897953507415,0.0059129975907352,0.004574135422035876,0.003635072253906286,0.007817179432046158,0.0060980843361291585,0.004207924434869357,0.005027441953578944,0.002442194165841775,0.011283960422143855,0.004368812987494507,0.008360813471768836,0.007725186424041913,0.0026958059669199754,0.001809244043276146,0.0034038699928926374,0.00629780699398835,0.0024637687114193,0.007200746670392476,0.003153548214608957,0.00863742328554516,0.005745976292858757,0.013555249515494344,0.005046023099995246,0.008005734007584763,0.0014836557857971927,0.005312809119356432,0.0017831519968254962,0.003409748315072701,0.003704172364678704,0.0031126648853762773,0.0031487042418312434,0.002363770358530871,0.006060175050572294,0.004495519586034106,0.00849649593453757,0.0033256113757008277,0.004823714171936783,0.002961444486744689,0.008076205946321725,0.004443842833829689,0.001732609461691105,0.003525929261492139,0.005415474179585057,0.005827279629065928,0.0015458305701878084,0.009835953879180835,0.007534493045047925,0.0037754284823627742,0.0036519463516850015,0.004829820187195919,0.006858609960951304,0.004555541672238268,0.002638377043642056,0.009341526482665013,0.0034672048199029457,0.0041100894687535776,0.005256908703471017,0.0019960398969384313,0.004958796900968341,0.0047480654966287165,0.008303198003747202,0.003948657936954863,0.012113598388655998,0.002520766614622349,0.003597551223531859,0.012779543080288091,0.020837879072379547,0.0040617482272088095,0.004129053452012744,0.004937914045140561,0.006536527719826813,0.0034996685442879832,0.0036420108893725337,0.0042362236289684605,0.005929586319564309,0.002874044405697529,0.0043173035992436935,0.0015609979751143583,0.005665970209560405,0.004120048071055658,0.011103956970361154,0.00186354470655607,0.004602219868377748,0.006809229491719893,0.006852831353093308,0.004243987271999392,0.0037327198275968346,0.002234547272485739,0.0036889409905107597,0.01042550949986765,0.005450631711518936
3732,0.009814812667379828,0.004353681363077211,0.006492861125942684,0.014125741648374272,0.005946424086674985,0.007127226678224227,0.010941584703459866,0.0024572143341277694,0.005018767705846837,0.006050101372503536,0.0036321475647668406,0.005198680053296579,0.004317617137743639,0.0042810272178239964,0.005806743221270023,0.004859566361837835,0.0045427795118462636,0.006138862940202811,0.002370762581715251,0.009390950451242176,0.005474593581391556,0.00893496429443523,0.006462921119135204,0.002703281940534167,0.0015521161575495314,0.00645743946980618,0.007466605756258968,0.0024555971094160933,0.00782842409493189,0.004348613538326577,0.010441127416424905,0.003935386279271574,0.015668959529443815,0.0047065079118281915,0.006989529635849584,0.0012917518965270987,0.004830574891160003,0.00199012753598791,0.003997891187213722,0.0038757036800777657,0.003253337776141968,0.0030826637188339032,0.0022436864584280303,0.004699185504006368,0.0038961519293688788,0.008730408680310393,0.005018042326341487,0.004542331277279037,0.00296935965411642,0.008710381060691117,0.0032170319554100366,0.0018876898351482935,0.004078651786016805,0.005417352786546331,0.005676091267370248,0.0022217416178030008,0.01327528320279358,0.0051497930183941444,0.005090145138514419,0.00356526990248035,0.003553700414428959,0.0068060621240264045,0.0046721576770744205,0.0034666437777819,0.006599307669209875,0.0036987921937477893,0.003420753849162542,0.003079969185040365,0.0023753761809865164,0.004880192518324395,0.004251227465627895,0.007662479850049749,0.004286445471117574,0.007416025498536713,0.0026901284407579583,0.0036396518355759967,0.012026717498144062,0.013060982749411785,0.003937105679374578,0.004945603448466747,0.0042471954612321875,0.004662727851011899,0.0038170239855890753,0.004494250859118781,0.003437564987155558,0.0034111276974684453,0.00324517231220772,0.0036245269800054907,0.0023251561407140204,0.004719117914603637,0.004262377575705017,0.011209574313181305,0.001825386002973641,0.004386702254566377,0.007710587597396118,0.006035638273372693,0.004812045981103375,0.004054418462237507,0.0020482738388353924,0.003597561811711376,0.010800902261262447,0.004848581664733041
3733,0.007054781865001325,0.0037828592575209702,0.006661164809259579,0.008194515355910426,0.0061107830374221165,0.007407150513019207,0.008024690141306287,0.0026345194112029724,0.005671844215921777,0.008864311333309217,0.0034254134238470963,0.0039201111296515555,0.0074305392190027785,0.0037004585104219528,0.00569514195672523,0.004590448484956063,0.0056376473568697585,0.004450606269545283,0.0017291208326384692,0.007206769448141043,0.004500448236605284,0.0031410926448217384,0.008283444329104606,0.0026737125187531172,0.0017836906228793224,0.004303140412972991,0.0065145018803651625,0.0026397971121278297,0.006377046263709712,0.004528899573998035,0.008341481727956488,0.013575100226548802,0.014153603275622057,0.004014598495218943,0.0056618141014502755,0.0011661694412340479,0.004113318507002012,0.001894229457473325,0.003061714712593169,0.0040709647409988186,0.0031121633632773785,0.0028911075614018846,0.0021820398981800978,0.005024905143768382,0.004967643534926562,0.008345296551970565,0.002508614297300327,0.004565571018101345,0.0032008843047462232,0.006394460168353042,0.0035680775834983705,0.0021891592618639303,0.0034337939463497864,0.005256617988801029,0.006213681870493964,0.0017815368438789752,0.011817305185951829,0.004264184515907893,0.003933036739264338,0.003768946455711147,0.003857837311790679,0.005372008988502713,0.00331445403822613,0.0035992816143088895,0.005607439562424844,0.0037268215412759164,0.00323959023872757,0.0030050357860585742,0.002007264705008719,0.0062110849505340685,0.004040429114424115,0.005668001587927872,0.003530085770910977,0.006285633642751502,0.0021993563199823127,0.003628136046211574,0.007411991540440806,0.013697932809457728,0.003767905063886578,0.004823226175767105,0.0033592638736780816,0.0058279013000892745,0.0024494323044124706,0.004766657498888008,0.004062072477061925,0.0064077879667136396,0.003481868476943025,0.0031037608917561616,0.002518271593256281,0.006761365909465434,0.005047122568084677,0.013084961045698035,0.0018876195596401798,0.004539292469838351,0.00855292840492657,0.004761359108407349,0.005071274762229055,0.0024213604517287378,0.0020655169492356106,0.0033743735085027655,0.010311350233687745,0.004207376444486081
3734,0.009636150944666442,0.006293205271787845,0.006950231575816224,0.01572356164771287,0.004033705176762519,0.006367462082144934,0.007273272853803012,0.00364192862950131,0.005072329311556872,0.005542067104743679,0.0029995159815883465,0.0033737022474680843,0.007224794120485014,0.003321193001347196,0.010913736691615161,0.004644837951388412,0.0035459772112133294,0.004525742959269433,0.0021470414002598974,0.005829910533969795,0.005488258052712261,0.0025621992689040408,0.012054858447870244,0.004976076001507699,0.0020150380046040912,0.004159643914917165,0.00679147459125914,0.003160214186314797,0.007365680757615041,0.0032489607322845567,0.007392226637220381,0.013912824910948557,0.017630673649279113,0.0022227999564229943,0.005013906571528523,0.0013183613304638992,0.0025128027692760046,0.001721200909153993,0.0027870633958387123,0.003600115886902884,0.002837813830804371,0.003824014010049959,0.0028600367334721253,0.005774394912152509,0.00340206375545698,0.011846825717536074,0.004455076057552233,0.004141941835686473,0.003207942909004456,0.005428700151912871,0.004333034811311454,0.0018466373171780123,0.0043461126432086696,0.006148559578247444,0.01604980525471067,0.0017094070863322678,0.008860059412352446,0.004043735889631317,0.0032403372032099543,0.0050862127587535735,0.003941188945918854,0.005517584141259187,0.0032496794855498157,0.002219816936359171,0.008807589118082626,0.0034551791782541697,0.0032293530690504914,0.003851925600398122,0.003046437560197961,0.004797065492622994,0.005007386329771116,0.005656246589116891,0.004148510247900243,0.009911118697029216,0.002304642566343707,0.0031574752025975974,0.007593845216377712,0.012960326152976532,0.00344679743316387,0.003709714593340767,0.0038584462006108784,0.005458501503889266,0.00411448362757293,0.002614633345520563,0.00197297237763258,0.004115787764054199,0.003545755584994145,0.0033355152967823993,0.0018949889056401675,0.007400949444745495,0.00358054641633912,0.012371181502285233,0.002187231238208075,0.00618854437556086,0.01309217621802794,0.004581381681568579,0.002510131433846997,0.003948671854910577,0.002096202022555198,0.0029126178569144527,0.009584395043904372,0.005522591444119567
3735,0.008204899377612752,0.006372137379148531,0.007474157546363463,0.012146908433250687,0.0038281562210070253,0.003965347074697893,0.008413449471388744,0.003243414373943809,0.005089908581631018,0.006876488773916564,0.002408316545925751,0.0021950140564587833,0.006275657841337172,0.0030470042371491903,0.007651101204524716,0.0055685679763671815,0.004911114638114715,0.004316754130811533,0.0027770906657210285,0.0056461165848495035,0.0050359816708221575,0.002698409303080933,0.009488444161466108,0.0032994446517717285,0.0022098124514867367,0.0026413875825161475,0.006675882649200909,0.003327428497689899,0.008141761208547574,0.0033329269901562365,0.007297709644923542,0.014226463713264305,0.01557693588161251,0.0022925803602297026,0.004901375979205994,0.0017072885378956713,0.002678603568357414,0.0018739844393853588,0.002039501706319334,0.0033602650876450348,0.00322957119916667,0.0036135358820139555,0.0021752270525059675,0.005689621985989926,0.003154091758599002,0.008209110529243002,0.0036476283244286345,0.004189395648552563,0.002826787749990206,0.00573943598742643,0.0035456959949151665,0.0017668507602049532,0.0037063129473122857,0.0060128784752140115,0.014737547875546536,0.002437111848349995,0.010581260215658072,0.006457125767365782,0.003989791978312316,0.0039629615777995,0.003821377800027435,0.005871347150122841,0.003382646014491411,0.004032870300197626,0.005677662934167191,0.005996658203076049,0.003928987165484528,0.005141365953997981,0.002398855463191492,0.00409159884153452,0.003399069559149668,0.005409698682544859,0.0034765781932884717,0.009763812437072581,0.0031622584050082932,0.003257184987479246,0.008226662583312729,0.015303782684229442,0.003556152240981737,0.0038610021936581877,0.005409325233341726,0.005522684078792987,0.002932744508818641,0.00325096731984819,0.0034424835207986365,0.0038258564390387276,0.004714671259753036,0.003751030060898932,0.0019304241788304164,0.007547334939528384,0.0038005474508002934,0.012329673515153136,0.002154061626910992,0.005479578053405284,0.011372593195224292,0.004833871903518054,0.0018802795598701753,0.005570468779634251,0.0019056992564815748,0.003290098474900408,0.009264446237115016,0.006308175804254259
3736,0.008115265937408635,0.007368223678224637,0.007249000376386532,0.017632697171264186,0.00444144221050147,0.005243415980469665,0.006439574874615809,0.0045258733635391984,0.0036438342532889457,0.00755312254631758,0.002644726621695642,0.005236496012617486,0.008622421137948286,0.003509097021466448,0.013450121735001777,0.004577275851971218,0.002829402988364199,0.003866364475896104,0.0028689458800170045,0.00608974864722588,0.003845629433844928,0.0022201562935098666,0.013403999455086881,0.00539333467982177,0.0021420442601398112,0.002253825660334501,0.006392423913665064,0.0025051972215634627,0.008598594979614555,0.003458956877469467,0.007486033418400923,0.013983921665574484,0.017931920976755444,0.001975282785551781,0.005827402466670822,0.001370683706839903,0.0025557680391381033,0.002327980890805033,0.0043160570279904015,0.0032697061408569626,0.0030780284919957037,0.003797286256303894,0.003720886824335815,0.007328517489181301,0.0037179143992052727,0.008586981310080885,0.003744491021426404,0.009237448083529018,0.0028669365074515804,0.00866628792180114,0.0036200219522266107,0.0017014194958889254,0.0040738016038354445,0.006056694103733558,0.01248516517082884,0.002369000170494738,0.01135957080432848,0.003711799250279665,0.004234541568219828,0.005002074654609925,0.007344144190079775,0.007600038738475785,0.005207702147630102,0.004761977773754835,0.0051731013899648706,0.004451872725670929,0.004193359740025415,0.0057502705258663,0.002553065319249167,0.004342882906677909,0.008824539004177684,0.00603129248493857,0.00430193413362904,0.00978696906670571,0.0035314704229777298,0.003404283728863823,0.006321511134757453,0.013817237712445838,0.0045634252026580426,0.004462302723125688,0.0052596453868950345,0.005616945838458128,0.0034840373985651264,0.0025064468356986586,0.002732958635568615,0.0037077873061708505,0.003651476442016467,0.0038270215251899643,0.002040286262494388,0.006443670406788189,0.004458394823428304,0.015182048699768415,0.0023165598040634306,0.0038952347941491787,0.014610623933062585,0.004910805791542462,0.0022058158512028754,0.004458206959970111,0.0025631260205445008,0.0033374682821799236,0.01115928947424845,0.0060729637530065215
3737,0.006135709762539783,0.006736389401192028,0.007366024536849411,0.01300327052586209,0.004457322135832753,0.004714590305209982,0.009280858636740514,0.004768767243832716,0.003583434442406123,0.006198037894387299,0.004867812914463872,0.003341952565438778,0.006866093086863939,0.003128108385352637,0.010569438638945832,0.006094066059519139,0.003674575832958061,0.003281065196789914,0.0024959277338713515,0.007476672501983108,0.002733157949640804,0.0019731179291495073,0.013946679247846245,0.004006065454459491,0.0028479999418401167,0.0049837170566007505,0.007559710131567382,0.002802374631261633,0.008758838293002023,0.0031228992639059238,0.007469924590549148,0.013682646267276869,0.024021778191879724,0.0020360116306655427,0.0055219762238030165,0.0017704367411165462,0.002485524880900517,0.013351010098642351,0.0036123903352521442,0.0037568899793821806,0.0035149404120735773,0.0038104247263771964,0.0033739426923203356,0.008828528898282286,0.0029039560847353703,0.00896411099151287,0.003809655207991948,0.006792463251626055,0.0030917098350660218,0.008395981928936659,0.00195006446125321,0.0026184751922453276,0.004802091001066803,0.00646819089370824,0.012251885700310723,0.002638977661566975,0.010934376145722022,0.005193932752080701,0.0048395717314090566,0.005383989321579343,0.010336780413790768,0.004959199980984711,0.0050769941748474955,0.004034712539350764,0.006342566700691381,0.004603258009938081,0.004505792343352524,0.004075018466728308,0.0029098035602381435,0.00506185934689519,0.008923008082851295,0.0051648419698154474,0.004759098141607426,0.00800957991225413,0.0034519837760471307,0.0035874229687215997,0.008080514914986231,0.017832100344689267,0.003593601482595471,0.003383951602849772,0.005256964238714298,0.005167605104215699,0.008155818476838427,0.0025679252099229965,0.0037942065713741403,0.003900050476485296,0.003520155524772761,0.005478878636496232,0.0021021162718487434,0.006406487734076242,0.005221902036137796,0.015417576319771273,0.0020670185621511033,0.004741124830290804,0.015896744456956914,0.004542400159459591,0.0028421625289195072,0.004876621785662275,0.003906315802073297,0.004387191533912388,0.009811438396844133,0.007336564768141586
3738,0.009805584142201751,0.004499373964184984,0.005197035908835491,0.016244455296317902,0.005055443106382489,0.005633829533715749,0.009146944890016013,0.00654309710698159,0.005029608649381701,0.0066005065592385686,0.002717928256893059,0.005082538079501889,0.004993402209081164,0.0035264360041711395,0.007421060455779071,0.005373950571515399,0.0032694673882632252,0.0038969378492320506,0.003815570600221707,0.00694392674774852,0.0034718283931852775,0.0035732154278080314,0.007547396721188307,0.001921183053437218,0.0024796651431652594,0.003396100932593167,0.007043984609247263,0.002907957389687606,0.009244935111154354,0.0027844541928579436,0.0075842744120518885,0.015706723253055846,0.01761678883261595,0.0019863563064944755,0.0037236323470973887,0.0021467033464114722,0.0022087968274580746,0.004919059126792447,0.0031032249239506546,0.0031837074626513678,0.004574065222703037,0.002883126443000035,0.0022048417208103484,0.004780044882979792,0.006628345098516338,0.006867290365192896,0.003345984019273042,0.004085748173700405,0.003120451860235771,0.007475484416014735,0.002643707053978769,0.00176637918640694,0.007667748000393655,0.005660718238367116,0.004643685560673109,0.0032050054729406744,0.008945168626164632,0.0036593102404737184,0.005796087663935582,0.003123005022022359,0.0058510687602993565,0.005406716228855365,0.004018609914362578,0.0040484862203025605,0.0050466263603874085,0.00693202206251005,0.004347875621642934,0.004104121178164533,0.0023827765511632614,0.00420961414177369,0.004112053549733597,0.007563942185129801,0.003783714377224735,0.011274682315256697,0.0031354251358041633,0.0033232783617617324,0.005647590835066111,0.017952730896232717,0.0036312061306653627,0.004570548372589519,0.004439294764937416,0.007449033620412835,0.004189218912364954,0.0019793093574041816,0.0031460827054102434,0.005406059588874634,0.004993758240482039,0.003874504063059143,0.0015240451353264808,0.0044101559758130985,0.004538902694682255,0.016885341229141333,0.0022963960411889316,0.0035308900089592032,0.008316387825101464,0.004108714274905743,0.003310594530785785,0.0038243600849576405,0.0022739265583807877,0.0038813847019954074,0.012005404618686103,0.005688054755391783
3739,0.00995082771057029,0.005241001453267699,0.008973118661704207,0.023008838677286723,0.004648735021378558,0.004585390835542357,0.009191385572943956,0.006220649489863745,0.004805164448622715,0.00901995777193587,0.002205246429810451,0.0026018436772581614,0.006465209781413908,0.004369219420411184,0.007449402388260127,0.006435668084880788,0.00304466514930897,0.0040561940249140786,0.0016671218162056434,0.010092717571069016,0.0037049995884307213,0.0037631108713453436,0.014695359483498663,0.0025539129890641264,0.002071663305586601,0.003826124932804298,0.01762000318282687,0.002603293383984331,0.007946021845572566,0.004124515476879049,0.010233533840566114,0.016667823456738177,0.01523575128665783,0.0022155974399984658,0.00467950880575135,0.0012056632991239925,0.002491115490016115,0.0028569357240860204,0.003860799594122531,0.002786326930542865,0.005550527179783307,0.003512481747531166,0.0020431206101953958,0.007317222803737097,0.003605144328905878,0.007095372127565975,0.003909262351228283,0.0035585634683823345,0.0031787696779089765,0.008273474343036952,0.0023511978026992553,0.0019614367239751077,0.0055612902336830685,0.006715034385988464,0.004939719407639457,0.002446374995174444,0.011168899771923636,0.004711044925497011,0.0032027917543604673,0.004033854331748402,0.004553861531077608,0.006512660830426767,0.004142943227717153,0.004078893999294706,0.008954699899622843,0.0033595979115746623,0.0034415522643592654,0.0037356548030420696,0.002713722173589457,0.005486989404005958,0.004330253358615989,0.01070662273839832,0.005060534671386712,0.00970346416316481,0.002668994454677852,0.003548255934928568,0.006427986947195882,0.015912822841975347,0.0038998463634868255,0.005621314432659,0.005305583635466374,0.004774789505793584,0.0036712690701533103,0.0023436232175282584,0.0032502184554349055,0.007067003374863882,0.00496391603258631,0.00405414491989391,0.002285206417261473,0.004778473249655336,0.004938839908014584,0.015085460014804264,0.0016897775714088492,0.0036105592955261506,0.007996592421818879,0.006634346224257909,0.0027837006975025,0.0052282798479596675,0.0019320297932203187,0.003784449218333938,0.009344913069812642,0.004879472360282091
3740,0.008540258136771891,0.005167469730595995,0.007454635315846016,0.016847721897659887,0.0037005353375880014,0.005362650071972023,0.009984735619082651,0.0027535654726969076,0.0047845385600257945,0.009381685921838464,0.0019076194625242966,0.003866955590677773,0.006540397291953188,0.003089770355182631,0.006144957931654875,0.006190837307473639,0.0028352396327975486,0.003169573096051146,0.0016624298848871993,0.011586093012096909,0.0037606359038092423,0.002347382721332055,0.01082149860127462,0.0021497242403996867,0.002035186743192656,0.0026870653576823943,0.00784501496036974,0.0025081833696507464,0.009329443484975823,0.0032436982172036155,0.006902190452919262,0.013778496710075425,0.018189897957139777,0.002372961345385105,0.008486520741377712,0.001308596527242868,0.002908332444237117,0.0031986729625664108,0.0028813415056224653,0.002642518556527666,0.0035262949001236906,0.002558787666307477,0.0017974027504538046,0.005829121623210859,0.0038272985415680866,0.010407437998529707,0.003085821477811279,0.005031949349203925,0.0028479363502652566,0.007132146277503954,0.0030624476958232695,0.0015307247178409705,0.003869776795727429,0.0062662114334543885,0.0060720675726324775,0.002558849919569047,0.009380818622140739,0.003682336089870535,0.003042681578182057,0.003006198414026149,0.003556974965544795,0.0076206021108035146,0.007924457890486257,0.007710147868385246,0.006148118596038731,0.005124085963330918,0.005188316783730995,0.005393862467447646,0.003549035266208081,0.004259563477151136,0.003766206518524151,0.006180195017743154,0.003917124554483745,0.008108128879379083,0.0026151305466806545,0.0034312680709071993,0.00774738594537536,0.020132215106419344,0.0038700211590978685,0.006242534794537305,0.006037012310137396,0.004845800072967776,0.005466258660310772,0.0015524239547191907,0.003292352143556914,0.003771233153050782,0.0043409378423051774,0.00344505772625524,0.002067871504360675,0.005971260877303244,0.00392167090251832,0.013864648268322085,0.0022985048321878857,0.003997373851322651,0.012265293216892974,0.0068121415677092415,0.002553471086619016,0.004845135379045242,0.0014798479058929152,0.005042414883634886,0.011335968049963492,0.00406591259739377
3741,0.009467677663947485,0.004058418676684454,0.007460821881212092,0.013385054346847494,0.0038825723503888303,0.004812076564379296,0.008381590509363093,0.005100718192802528,0.004131272666583364,0.006280427531593348,0.0023264066352995777,0.001992991158773532,0.009415951708360655,0.0026154950699087726,0.006254932197523456,0.004450874499543063,0.003871233792083336,0.0032902263548682063,0.0020851084804745074,0.007924748233012403,0.0033774325197711303,0.003221642494510399,0.012524157670625839,0.0024786337049146527,0.002322120338804116,0.0025642626319546495,0.006826745083163824,0.0021827280323942315,0.01557683364685992,0.0037055683265311804,0.009052544897823459,0.014735815863329331,0.018157305824350118,0.0022006645869608412,0.00526308043025294,0.0011909616181131743,0.0029328159167241836,0.0026105287105132984,0.00293100957432564,0.003076723705559377,0.003908781109258955,0.003114590109040383,0.002586531948146896,0.005527947440992962,0.00330847145682509,0.008249571095947353,0.00334609387377862,0.004053385655563846,0.004182698652564488,0.00558620544437805,0.0036388715930706092,0.0024580677312411856,0.004379845663785606,0.007495281385482131,0.006382669691279022,0.002230599336771424,0.01268520878040874,0.0031291054772719993,0.0034648518058837834,0.005153767118463451,0.005195400707567034,0.008776231143652639,0.002729105171678088,0.004540496480753066,0.006046266478365527,0.0052924463224519975,0.0037229221637213082,0.0048100280333361715,0.0028845807444856063,0.004281055389563136,0.004786198892582064,0.00443646509204627,0.003968961797445715,0.007826924702092161,0.0025560238946489454,0.0030733516878919034,0.007467059709529872,0.015971275267964737,0.003528063585244251,0.005072006527666329,0.0033620389954872013,0.005322016855943733,0.0037306635039648962,0.0017239046954719633,0.0027580880017405336,0.0045301341136374795,0.0035273983071490043,0.0040329542786874985,0.002311586585591395,0.004264496164469994,0.004779241364163318,0.015845529840172748,0.0018186775296884965,0.0030960204605579226,0.010862560719881011,0.0045626452802416595,0.0033905298449758803,0.0038613522736055247,0.0022966353971949427,0.004182837643753736,0.010892355425054723,0.005296875742073202
3742,0.00809186157211115,0.004213108927600725,0.0067700985421567305,0.013385054346847494,0.003452174570950485,0.004947576866410719,0.009680084173997383,0.004006805053572793,0.005574477803918815,0.007167662598548786,0.0025881186209514954,0.002718486130265206,0.010067658733408048,0.0033119248285648425,0.0107044732998924,0.005483353192095066,0.003729695973304135,0.0037540216305008618,0.002216000882652894,0.008182473749569152,0.003266160907430126,0.00375796751881289,0.0149846805770488,0.002285326220892478,0.0023936671918783022,0.0029346892900760473,0.007855256300855524,0.002956513247293728,0.009604331936967168,0.0036340026926098136,0.009303191735933974,0.01521707367245818,0.01697576316555327,0.0023785532465779046,0.005093682901625796,0.0013983977139238836,0.0032972023124619412,0.002802562789881048,0.003082930008903032,0.004006598539244992,0.004133113362791386,0.003733680069060155,0.002442429872517315,0.005550215573896257,0.0035693727663949366,0.0035046916759216584,0.0033462316274271288,0.0031817406008950236,0.0035816166269863536,0.0053729862625929645,0.0038567779531854807,0.0018053363677651513,0.004049981125376579,0.007648889583516082,0.006128305386139071,0.0017362167407381519,0.012011704324397986,0.0031191904386331667,0.0029348751022190813,0.0034467999240914635,0.004921784605767229,0.005866599028083676,0.002638671348319009,0.004237293000491496,0.004489105598411234,0.006867809245746074,0.0035903166754525104,0.004545134364037167,0.0034588414989215333,0.0035892013852835258,0.004104904563588963,0.006547858358034549,0.004127187980359582,0.011407052076868936,0.0029255875818779728,0.0033240588727835078,0.006595946266587883,0.017300718572813296,0.0039882959083367645,0.0061501689657748,0.003352486144744523,0.005041595296085988,0.0035201457455337043,0.0016000650732200738,0.0024344165175854376,0.004909510957385065,0.003240400345893255,0.006084907928309139,0.0022554820196087457,0.0038227512143877143,0.004046884194782882,0.014905825019002346,0.0019471918338322158,0.0031388265235882075,0.010375211006414446,0.004468441828507307,0.0029263611277121106,0.00486828205890592,0.002087064882006786,0.0033559883777102032,0.010802198884224448,0.0050063610916643506
3743,0.009264746165651466,0.005833717224826239,0.0072494576014146056,0.017889021177469735,0.0038570292809245203,0.006360035795201845,0.010316789270874684,0.005143672531321615,0.003988284689627108,0.007386441261582675,0.003575239828734239,0.0022618839643874307,0.008835856340073337,0.0026757809714926125,0.005743937095466959,0.0053661392194975935,0.003362502910508339,0.0034649598034126763,0.0023348247203189183,0.015932647145297463,0.0033836317029304415,0.003060893832622678,0.009969656758545525,0.0023180263061298337,0.002806670204125689,0.003730990664810059,0.008922935415955463,0.0029014867315030482,0.015922560834772784,0.002832086038423047,0.008087769146771609,0.014672236350317601,0.01219128737479976,0.0021281375155559894,0.00584129519351489,0.001739957173137847,0.002857380467381016,0.004429344283375323,0.0036855166246268557,0.0035505535846299735,0.004424943148529432,0.0037214477961134873,0.004400292691746181,0.008001032340880414,0.004719591383061555,0.008730966156339347,0.004351626095610826,0.009645383330942326,0.0033898518480725633,0.005145237131649404,0.0030855156703335266,0.001666633740893975,0.004496092210888897,0.00557104091796245,0.00587973196001376,0.0024926814347037596,0.013344701173484127,0.0033797601123733163,0.004770653606567709,0.003211271878496886,0.0056635553522079735,0.005864629592727141,0.0034489918572641123,0.004295215099263727,0.009074444428223133,0.00582131859523275,0.005106508180368846,0.0040405352050711454,0.0028973664597855314,0.0034761034176328167,0.005512996519531075,0.00457097250730007,0.004619623962569365,0.008152161172663198,0.0024839494050757985,0.0037650561170197434,0.004600350980831383,0.013454430507288185,0.004478738381024913,0.0038677161942797696,0.00383025772875312,0.005027795065164154,0.003667193018509483,0.001990117560072106,0.003693870268550369,0.0064502553811245904,0.004455231360537058,0.004592889217796015,0.0022321003217428167,0.008055845477606972,0.006643419831151392,0.01807123362851222,0.002102747499807098,0.007338848261258388,0.013409564846877189,0.0045631317829743214,0.002800882746233121,0.004360832037680393,0.002959555744426449,0.003898471160796055,0.011818888206319666,0.010403697798019515
3744,0.009896667484344424,0.005652639017183084,0.007112488337612553,0.016314372259821498,0.003438195422816534,0.006350909607852369,0.008275254817622733,0.003833319225039692,0.0037174428311096235,0.0049361332182771426,0.0033407243306028188,0.0029582385035679423,0.009346825116479851,0.0021962371454903483,0.010910379644246675,0.004402085668289209,0.003024897828457693,0.003973410731316253,0.0020999718688049286,0.013513694739798821,0.00405796024030061,0.0028771499185622014,0.009689350450866196,0.002496773833828854,0.0025751334242206944,0.0030434722138350254,0.008070994623278857,0.0028718359634416586,0.012396695068882272,0.0037006944881216343,0.008954144812276597,0.01468498655346429,0.016795981183507783,0.002279684435962969,0.005824541647241841,0.002291434376079811,0.0033830844272448053,0.0031522412123174645,0.0030509454333966122,0.0045447100155409596,0.004761086599170729,0.0039051956408416477,0.002782374570053972,0.010968404289491676,0.004260333050579798,0.006331101738882552,0.004911812751987753,0.005489306065758989,0.003867653260842144,0.004894227300180656,0.0029717032637124738,0.002005414924919627,0.003720791042608959,0.005980625447476924,0.005399184440808235,0.0033363436297418237,0.013759604100154536,0.004283027240717597,0.005705992188381922,0.005419990841503501,0.005995271853073876,0.007543001479934742,0.0034209424172992656,0.004752199665922769,0.011587524327081525,0.00419676407057018,0.004475660820174821,0.0036508143123354167,0.0034522861994797567,0.005022205306061294,0.004509950589429157,0.004691624801778665,0.006288911465533821,0.009567823124175302,0.002691368144346142,0.003988643392608177,0.005260692755155002,0.012442858015554266,0.004077110076909017,0.005229355089018114,0.004108837765715704,0.006345864582532896,0.004729525635247674,0.0021230062514053898,0.0026616889643462584,0.007314804249818644,0.004436780669559051,0.004417467864321374,0.0018527170069972917,0.0059982316252232765,0.005655071895336881,0.017748375914055627,0.0019219742326001504,0.007857827829739658,0.010817129849720749,0.0047663943672265575,0.0025315897236185695,0.0034733815049983016,0.0019858227365583494,0.0042432302489073355,0.010267099542444771,0.009615404443190671
3745,0.00988153197408316,0.004275527772229557,0.007151353811444626,0.007432783240484764,0.003472946071048814,0.006246432841897883,0.00857434869140388,0.004281831017558841,0.0036739758403258327,0.008235024807210372,0.0029701554460148986,0.002615116305590155,0.009075946159198201,0.0023923877245718432,0.008555840489914594,0.0053596270062807325,0.003298956292593918,0.004097491544748853,0.0024986198034520853,0.014351395034823914,0.003923112958303414,0.002989267199971864,0.008723993216982806,0.002519394914585286,0.0022715674821327156,0.004023373534132787,0.007123095148735027,0.0036526512699608495,0.012621687508757884,0.002709759133133749,0.007896002241280491,0.015206873611949945,0.016801607273193454,0.001940058297603793,0.005921639697028116,0.0018376451966891907,0.004265916535780701,0.003328110762039569,0.003911146104875104,0.004762883449138603,0.004155256766222688,0.0039150209272175865,0.002493693250221281,0.006658111378137218,0.0035953529751543752,0.007676682650086918,0.004543980621121246,0.0053322935704905915,0.0038836503072247545,0.005285598723409312,0.003326018429952226,0.002575479856730063,0.003729423661062293,0.005956573221490572,0.014581258586606057,0.0033663166444323368,0.0144343636795901,0.0040912811518607995,0.0038108526625485113,0.0052942991266224145,0.003901993976267708,0.00777311484897292,0.004046374202063982,0.005764063382707892,0.013353932757334958,0.004087677072246375,0.004475660820174821,0.004078874722668503,0.0024278523241750894,0.005976010151732573,0.005100094368267956,0.005432804478120013,0.007109526551639934,0.011143810375683738,0.0026662407904637446,0.003622443544744874,0.005505516738741683,0.014630336183208012,0.004107747679745043,0.003298295986283737,0.004596166169959031,0.0045192134645354745,0.004302414018466649,0.002014544177576581,0.003974935392319401,0.004659961723582029,0.004263668764085611,0.003634510829347073,0.0016578184947410523,0.008217952082429758,0.00571845138039031,0.01663188838108736,0.0021316411444993674,0.007063536077476976,0.007691275550959917,0.004591494676472134,0.002263739052199371,0.0029448518542083053,0.001890633183438471,0.003965647839606604,0.011314822402296278,0.008742819168461707
3746,0.011244071869711133,0.005379618325693159,0.006400714099852809,0.014473083677425296,0.0035523678214859325,0.005990209270517394,0.00911855269013825,0.004086097379413035,0.0036434455803824187,0.008016340459947306,0.0026713674510035926,0.0030675361235303986,0.00697445675526016,0.0022823836235685035,0.005975042230213091,0.007263701890328598,0.0030295493086287656,0.003927166950288592,0.002173506626427095,0.007031180473063375,0.0042027646427988275,0.0028609556071405294,0.009282569421551081,0.0029139906951502962,0.0028272284203603604,0.0035623075994299083,0.006962905906332601,0.00476659139238447,0.012373569817473075,0.0034944031744214674,0.007303639032331729,0.01485252263100408,0.018813238381942644,0.0021564800229842843,0.005823681900261603,0.001773368920029883,0.0035376229980133744,0.0026072376980220678,0.0043129541818279875,0.005035235159518418,0.0037373384050693324,0.004325583893176563,0.00309491231072216,0.007517754046530235,0.004584833101835717,0.00433003794597032,0.004992711850463771,0.006507146882977814,0.004294964658718511,0.00505511088671917,0.002558974759548411,0.002005473227423315,0.004209580052674686,0.005726196806924845,0.005937024436937149,0.0027801323119365055,0.01394452252916995,0.004562959785727348,0.00378568461872657,0.00432112956274022,0.0044653941099947175,0.007048706404667151,0.0038798495968386934,0.0032357099316901376,0.005190004819373187,0.003819624037236525,0.004355541016932786,0.004165107109182868,0.0026767915007330527,0.005923195010363719,0.003793827169148916,0.002964462764530921,0.005564059472712045,0.008132337428113598,0.0028103574136360133,0.0036765491546984367,0.0061237127620709314,0.012371397057554795,0.0041109721011715495,0.0030775868325546934,0.004947946614748919,0.006303020560013731,0.0046102250578930765,0.002018797776449281,0.004422776948110088,0.0037925280260771017,0.004775122640620444,0.0037503334465784927,0.001750103163989543,0.008172612415993534,0.005764612712969253,0.01627637207812432,0.002169886138629167,0.006044018685902183,0.010543628102380605,0.0045382668397022765,0.002944443323291663,0.003801454418734968,0.0016675667690711122,0.003362732374593265,0.010904942450062922,0.009860134202099132
3747,0.007179704568890053,0.0042341382216132106,0.006816826155119869,0.014894230726637068,0.0038421412197088924,0.007024848434989935,0.007976346874672916,0.003666052867594289,0.003775184220666134,0.007411957404349692,0.0028997496803146974,0.0027945804204794113,0.008753494543999082,0.0023808578560827547,0.0070011476671896,0.007115331535970549,0.003333236800069478,0.003966153907779778,0.0022857361379275834,0.00823400070794371,0.003879357911325294,0.00309759555240448,0.010802636285049102,0.004731626250904113,0.0023442272585044647,0.0026373236466154405,0.006620563962964193,0.0029991425848261933,0.010852879411524083,0.003938767679200016,0.008026285516041608,0.014587978873605894,0.014768680113330903,0.0022805553098526,0.005446444847432116,0.0011858943928776335,0.002722144640887296,0.0026303579991792036,0.0036912840038698528,0.005036411173623274,0.003982080378042969,0.004017240727108031,0.0022268190388734796,0.006849286054419644,0.0033975832565616808,0.004509139836937908,0.003219918092208393,0.004776037038328021,0.0031222873801433895,0.003554031389750592,0.0018789736113792087,0.0017966501155726245,0.0037660650729475133,0.0055162626419228466,0.013939664669396418,0.0028452793707357043,0.009329821120706717,0.004327124146787209,0.004141576111627742,0.004134949017756593,0.009148275500921666,0.007652355432764571,0.004245065262426161,0.0045974511937276015,0.006764721918355072,0.00468266145170012,0.004422861432466811,0.004037318169338122,0.003124788719122544,0.0038774713743996905,0.004898183161222284,0.0047898097163923984,0.006165169706742136,0.011169363772374676,0.0027098590137858442,0.0030985035039194143,0.005885262839721769,0.013204612754787353,0.005381025152898024,0.003715286420912991,0.004995272959295803,0.005902609248166194,0.004980603940359753,0.002103264838405313,0.0023904747343233734,0.004728780484366828,0.004320123039211492,0.0036938908634585477,0.0018179997233212207,0.0077535198914797515,0.005180667082369506,0.020550348598409696,0.0018747453782426123,0.0056844335853134705,0.018198511753536713,0.005333850618815358,0.0028212653857899493,0.004954678493833593,0.0017669983879791949,0.003987022449831318,0.011657499613466618,0.0098222840935915
3748,0.007431841493244696,0.011821197897684082,0.0072344097961911675,0.0178927978851554,0.004767513096605701,0.009429955751076616,0.01203855141741575,0.004292866756673798,0.0070626774134112495,0.005654788932238837,0.0044370662961686754,0.0065007342550300155,0.008273552510457296,0.0023694193742491198,0.013276693213944589,0.009189845343473793,0.010278691993256286,0.0027954592996542846,0.002490758180089843,0.013518241398406149,0.0065255256645022795,0.004889861581323941,0.015784430063790104,0.003187402544047941,0.002672177985276252,0.006167497606871263,0.008205527100178835,0.0033445759301132124,0.014531012399265556,0.00393137924787965,0.009357554311828229,0.013551667296739007,0.013036944227467819,0.0020872035620996374,0.01144998420212422,0.0015110147985587595,0.004466730564161047,0.0023003002308278797,0.00401110441828305,0.00473631295804685,0.0036597273010841157,0.005185760671225151,0.003935866695954319,0.00774711585343196,0.004466225949162112,0.01057352668547846,0.0057634341989277115,0.006802835143966327,0.005950140225089957,0.003522331522633533,0.004727434458292683,0.0014333506787685328,0.003298349607947649,0.006454923909376904,0.014189695885563427,0.0044308800320470385,0.011717650110323252,0.005384847515271987,0.005018751718857408,0.00883101005625223,0.009050961019888558,0.007414946550468952,0.006934017743967932,0.0033111713141430812,0.006237744621629706,0.008190622384057341,0.004372749235937114,0.004618879253817248,0.0030576488132615415,0.004497928903562304,0.012583489312816797,0.0066880771362080906,0.0067922760297375855,0.01264232212586814,0.006176305968015973,0.004339439389688436,0.007754864319807765,0.020360230773379687,0.005760928022923227,0.00529208711932104,0.0056731871531971794,0.0056380830123655724,0.007316317786123845,0.0029284752696685243,0.002568144705131745,0.006947645988946097,0.005415300566012432,0.005368682045030717,0.0027976501844314662,0.005013675491576135,0.005231014472510277,0.026243358071835407,0.002732275073578493,0.011015691356864636,0.01640140427500519,0.005089300039078173,0.005407801482620317,0.004044274059940051,0.003446784294512998,0.004033217734026238,0.011176223999136783,0.009156774110758858
3749,0.00917853575296373,0.009773339841801718,0.006383996431242482,0.017182085561288946,0.003887088010003866,0.010421594821415846,0.007704505072301841,0.003982743509819446,0.005978801011936696,0.007071946294342715,0.004518456429093588,0.004959956860370592,0.009615897650919226,0.003845865341495392,0.013252596512261442,0.006060203810347349,0.00892763484463781,0.003395224270417266,0.0029395347963697225,0.006995033792910761,0.005928299277760233,0.0031588413265245946,0.01670210405817576,0.003168827731265002,0.002922874741595685,0.0033865651015610974,0.01368994511244973,0.003272240971209333,0.01593018815022106,0.00478452832977096,0.008591379266187322,0.013212913131170923,0.01642431290532498,0.0020242242202506595,0.011767427959407896,0.0014959610640060009,0.004015198933398368,0.0031816699162787337,0.0037075121122350546,0.004250372886436018,0.003966374088391453,0.004316680852932006,0.0033648124798594183,0.007860240167277231,0.0039526948077054595,0.006094284286655327,0.005465544350557788,0.006973098058078482,0.004472691960361131,0.004863892420768338,0.004406218285069259,0.0018358497568593114,0.003387138410075234,0.006873467896768416,0.012834551308385872,0.002721760822979292,0.015680929085555243,0.007422390950215382,0.004920495676826321,0.007825585659984749,0.01306527467778648,0.006155584146599952,0.008327581099419647,0.0023220484769068263,0.005720676239584076,0.009283194626830187,0.0047172240418016705,0.0041468741187041976,0.0030953770024548803,0.006961921758453232,0.010280825434277075,0.007499603936472658,0.006654736406273715,0.012002202506156396,0.00427770613360173,0.0046430570685174425,0.005643786829319715,0.022023523085059258,0.009115411540227327,0.0049017775572189805,0.004143000091594351,0.006019417186335095,0.004170707080339648,0.002165007014016844,0.005128591922275032,0.006780328773483078,0.0038801959688624854,0.004419434300226176,0.0029632733942288225,0.005609308289277576,0.00522317850563056,0.019998102961549205,0.0037420600255732733,0.006437463720851686,0.020187682365333016,0.005667760060548747,0.004053102649777751,0.005663371396307489,0.003244748047490377,0.003176966629597665,0.011591719797509415,0.00783796799212668
3750,0.00731976623952931,0.014405549261276518,0.010217713285942231,0.019307744304679974,0.004793852755595948,0.009714644944748772,0.009296391538854296,0.0032480943979703225,0.005836894077402986,0.006977837046631998,0.0034473576340729195,0.004343950215343317,0.00939486089087456,0.00305375663765714,0.017952966960807698,0.008127890793112817,0.009786339768634507,0.003451762257491655,0.0021656316515974335,0.00699878623489099,0.006662376094008517,0.0033796661361778107,0.01494782130885397,0.005157561471419746,0.0026489049983768,0.00341990388058667,0.011297967705661075,0.0027977042433122196,0.015176257594336122,0.003455294099873456,0.007149990396832656,0.01376440339659025,0.015710139727703888,0.0018819583800818158,0.01144397311237447,0.0020391895729249617,0.004182217025853714,0.003430573756246003,0.00616860662132811,0.0038447001855046966,0.003156465008536278,0.0031766445799870633,0.00505935338139939,0.008700351410553349,0.004059109459834929,0.005238955803756015,0.005367046360652737,0.017033957982504844,0.005153448598643003,0.005209596137305975,0.004943756673173822,0.0021155715089141713,0.0036782236327281455,0.006649615072033763,0.01357518898096765,0.0042553506801715334,0.012911480166228208,0.005662685954821992,0.005095693996028795,0.005959259937964241,0.01275839028777226,0.0061365491896496465,0.008200471740669884,0.002947262884288608,0.007426226495599037,0.011849290733592598,0.0047172240418016705,0.004018350933072758,0.00289014396503185,0.004815386254815882,0.01002137711994247,0.005624719208295745,0.006667093433547323,0.012043643500834651,0.004419148177935678,0.003650190853864383,0.005653813003032949,0.02207714897719809,0.007630943367668895,0.004146116155193182,0.003976741651751041,0.008354263370760964,0.0062216070998066825,0.002296037712437604,0.0045228936471836435,0.006326277701468095,0.0039713511380768795,0.004179170218845804,0.00316507779850307,0.0058284770005221035,0.005838579194513636,0.02027891792374743,0.002202768744633752,0.007399078630732406,0.01860928526029323,0.005325629902304518,0.005797039243078644,0.004115417473648661,0.0028355404229913877,0.004464180083248358,0.011103499594203654,0.010006157336241484
3751,0.009488159660005784,0.019319187542300005,0.008607303665682155,0.017080323520134992,0.004167794371736901,0.008725208933460155,0.00884778297756331,0.003695107393084182,0.006598943012195424,0.007183237162416463,0.0032170266799047905,0.004398566811358459,0.010504919069713436,0.0032736343653458773,0.01206626398694898,0.007517061667331015,0.011116700623496553,0.003005154002088182,0.0024921702748700128,0.014782388245242905,0.0055537195101955684,0.0032285771031276577,0.02152951276420934,0.005106242418529243,0.003347825171066159,0.0031570417865110913,0.010650374054570243,0.003686271371918193,0.015658524763283586,0.005484340209997569,0.008935529752672512,0.013595027902749666,0.01603778343395406,0.0018353751124027822,0.012275065049346959,0.0014000611963924843,0.0036367235172691417,0.00293157983373536,0.0047858052090317335,0.006526175253588868,0.003386277724976661,0.005240561515419388,0.003570507367749263,0.008958101250746942,0.0035966930556390656,0.004880311687436055,0.00504144508499441,0.005477234751815276,0.004127127941141184,0.0036817083089173918,0.007452564482113157,0.0027559803804006397,0.0035401921260368625,0.006773959378016465,0.016135722037968835,0.0030612881423451497,0.013499982616334241,0.00609928720152119,0.005711191454722424,0.004531618692619504,0.012215491985908898,0.00703369449493391,0.007425408900920916,0.0045086187642522655,0.0067422786885852895,0.014460516518425682,0.004175032558241347,0.007317539673441385,0.0028857343768069407,0.004696136597146821,0.009963606274888976,0.004649323358116887,0.005261011360174813,0.012043643500834651,0.004700949364408819,0.003656632021791254,0.0042749464801638114,0.021220190259339994,0.006736659059139794,0.005664967615393504,0.003332193454133638,0.00567045563681985,0.0054579506761307335,0.0018457565402414575,0.004321225418115968,0.006895838060850406,0.0050373072916793235,0.0037821988523737736,0.0022970297705007816,0.008415601355880724,0.00538945540968368,0.024718601867555534,0.0020164948245297715,0.008256461069567282,0.01860928526029323,0.005926747041400978,0.0031908879290675376,0.005073029571767788,0.0033783430222464276,0.0035828515754024784,0.008964701261146403,0.009572240711806047
3752,0.007656718005221724,0.01160373183081291,0.008395905757090108,0.018534213881743235,0.004070489350679867,0.006139822335283467,0.008835761386688743,0.003403894985410225,0.0037644051869929612,0.007868883745121262,0.0034575421259956936,0.004392273931711761,0.008151933248015346,0.004101916519996794,0.01923233175909401,0.004198984848296587,0.008324456271166425,0.004335805628860755,0.0017780496556644091,0.015333495496013297,0.006952506649142441,0.0031749922607425176,0.027310152378704836,0.003650288991752583,0.0026305074558504752,0.004005721103636778,0.010872627403632191,0.0034834084901492856,0.01078848096818975,0.005507764210188457,0.010052073884804693,0.012431022937075618,0.018432452448413957,0.0018424226920894645,0.009444735126333946,0.0012800486148306328,0.002759312781609796,0.0021681308804159635,0.004054052131165846,0.004336366623168933,0.003963423460789203,0.003901842173386794,0.002624446410744384,0.006429762967760267,0.0030809913214916024,0.011696909888802882,0.004326305615059095,0.0051208678585356205,0.006246282242213667,0.004990845140329795,0.0031531302488746944,0.002176297245281077,0.004077616615162641,0.007671980483768348,0.013042179467149095,0.002882222127936019,0.013223486042251415,0.004741189328892757,0.00663151694628378,0.005383809277444243,0.00940981807182621,0.0076247466558244745,0.00891374032580635,0.003506010479470117,0.01484996291218708,0.0062179984378522,0.004246301664352239,0.004458588077961064,0.0027501252261401977,0.00364384889232217,0.010416950044864282,0.004764792396525139,0.004946853159860095,0.009854446977743046,0.003742133780774976,0.0045377254017661016,0.00738177566281004,0.020705655004699727,0.003930995916061603,0.005231617414922756,0.0037428987841719454,0.004662643601277605,0.007113622179327498,0.002204329332164025,0.004547704341563968,0.008220459794063986,0.0034594159221969538,0.003435992138505234,0.0017965679495381757,0.005437352953979104,0.005272211671581142,0.012743529178389163,0.002323354998149434,0.004181719418754733,0.012542803885035233,0.005628520180073714,0.0028241688169706246,0.003992194738488743,0.003109491973975855,0.00551864890643762,0.013641794558581907,0.008620270653557421
3753,0.007360811542239188,0.012885462167178913,0.006412565165755756,0.012669966619096643,0.003976917581272237,0.007770314504381581,0.0073777003389968124,0.00347617273713027,0.004644393160060566,0.007622005150780884,0.003671546347818929,0.00344823888059827,0.0075271735303192085,0.004582387662671289,0.011884951505409408,0.00580757616726088,0.006954224660805448,0.0029292896656055584,0.0029092560790264527,0.006034012490093329,0.0065345147147760465,0.003704126271168612,0.015024965312431492,0.004098453338729964,0.003158796053294396,0.0039247443266546824,0.011277739227988744,0.0032628707876612506,0.011892070895041573,0.004439232024272409,0.009503215424461513,0.015561714142569773,0.014140048738355561,0.0018181507313853084,0.012991816170053816,0.001159463832076703,0.0029169227658536133,0.0024776283119838168,0.00409556922899767,0.004828737976995449,0.0033771258042538826,0.0042860202253326525,0.0017397828875385004,0.006542108136195473,0.0031069958937678566,0.006575776019523933,0.004573432689397561,0.005099452560157752,0.005249060294252811,0.004933837101477672,0.0032218794368956164,0.002005500884852709,0.004674912212846391,0.007956378300477372,0.014343664403903984,0.0029360718847942857,0.011022576976874827,0.00468758659863399,0.004772561304527132,0.008639128783550207,0.0076831281882665395,0.0074971009023109235,0.005073635730208663,0.002951926074364255,0.011320447421879959,0.004989882752323048,0.004442210355419329,0.004125743564003132,0.0028109881865818163,0.004010201342553555,0.010309208924878003,0.00505325910857148,0.003939049157691331,0.01222848001163582,0.005458677333380681,0.0033916061963747543,0.005851800020753845,0.020802339671191807,0.005488684412363164,0.004155312289625654,0.003535105938370674,0.0069477041474952815,0.005553678422922103,0.0023346338988901624,0.003394058999260746,0.005695815810735592,0.004391409483744125,0.0035149108005408432,0.0035151484083563475,0.007868530926328991,0.005163026183186128,0.01619744682175079,0.002684056613067973,0.0037337331013230926,0.010589408199059479,0.00697851327322009,0.0028070277579475677,0.004145698534878367,0.0027825575335984234,0.004325856083762545,0.012271556080000214,0.006891992831780692
3754,0.008104537176265313,0.011841646228051375,0.006633735699268868,0.018587730847998727,0.0036299172928043856,0.00679669831409024,0.009674297518712675,0.0044012145165404455,0.004093275794237176,0.006893272513660762,0.0037550449169386287,0.004408260343751572,0.008297485767049733,0.0047032558410925384,0.013017277174244104,0.006598431842243712,0.013103168128297819,0.003174625529174073,0.0021248321753994438,0.006247705304832772,0.007754180587463619,0.0040029557118125125,0.022546700346234357,0.003150764449390391,0.0026255681221472147,0.003620374018476381,0.008982050679043233,0.0039729125911619895,0.010089998461980755,0.004288724034828218,0.00730403612531417,0.015762888443310124,0.015698454337952073,0.004302300783501102,0.012545515508578372,0.0011424425592372663,0.0030134330414940827,0.0037463937828000633,0.004099832106781402,0.0040373927823617265,0.003140056620639181,0.0034178773144754545,0.0019682583761476582,0.006402094748520993,0.00268878118710154,0.007399140791310443,0.004492072276371963,0.007916367579156482,0.0038142533590966236,0.004147434092587814,0.0029315570918063763,0.0020893817341727703,0.005341900155196056,0.006788999535588068,0.015569829232185282,0.0031937345881494846,0.010616931449827857,0.004945541158859242,0.005282633396364363,0.01007555790844235,0.008376576248946187,0.0072601332552899595,0.007508575003802165,0.0038892312646413366,0.006546187253239259,0.005170585775671208,0.004246301664352239,0.003293887101000685,0.002823253026633003,0.004716799338799247,0.009959357437642894,0.005723750341173661,0.005375319784922076,0.013098335672757101,0.006176444926756398,0.004128356417959198,0.005920616960666865,0.028304144168965747,0.005194771410646914,0.00405103223266793,0.007593116907172989,0.006977546879214134,0.006510198501780479,0.0017792318832197237,0.002236463044168069,0.006468116730011923,0.005065205911851662,0.0026151806709804994,0.002392140245716764,0.007649602399160799,0.005350247297768634,0.01270818178978409,0.0027982776881232815,0.0041380166399826125,0.014636332519908802,0.006104292236021235,0.0027252745570661733,0.004966888727898048,0.002265756367108859,0.003610602286181745,0.01096889283655733,0.008617071328153626
3755,0.008477216806941594,0.013219991349748446,0.006507448199057548,0.01850816942730269,0.0043963464059400496,0.006039903700788901,0.010743144838839737,0.0038815889575870757,0.0037838019410960043,0.008915527128317547,0.003957231977276355,0.004524728542782952,0.010152645762532558,0.002817082152906355,0.013541271144431214,0.004646863010747469,0.006121103402227775,0.0030437812932584546,0.0027364581940114395,0.014089277797443026,0.007095891902396763,0.0033760735681714134,0.013084147610461113,0.003175944371301221,0.0026522054234017303,0.002651409161759955,0.007432250425312509,0.003161147369917829,0.015847925887465197,0.0034202941244458936,0.011063931815478717,0.01557721478729199,0.014498790154326913,0.0033645989283827577,0.012135119007568215,0.0015874478578175235,0.0031535327091671106,0.003210610248148799,0.004522294683194728,0.00427849462848405,0.0036342720056477414,0.0035843359368962183,0.002473467663114488,0.0071195099986562345,0.003169016392889094,0.006419716170030578,0.0037507863995638563,0.008098890791112251,0.003984950668648359,0.005177492337670124,0.005396178527576166,0.0016942606081349783,0.003762210425432614,0.007508616854352105,0.01264946763273251,0.0044219552336880324,0.012269908173290635,0.005340802739054526,0.006305884364066736,0.004309658827320667,0.006920842518576604,0.007223035297930644,0.006677561400608782,0.003102098591318549,0.005580097814424169,0.006449734275970628,0.004428588718335,0.0044786284542969595,0.003179453792926548,0.0060160074355038624,0.007262456216748055,0.0056406875401697745,0.006802879919644166,0.01206627661397586,0.004547945453131282,0.003786687408365954,0.00688895825501678,0.020828819866023616,0.006161795636029596,0.004816674120420999,0.007105734004927038,0.00616287241765001,0.007441353143427543,0.0016527343306652702,0.002898121112155367,0.007186060514500701,0.0041610705121768584,0.0037782964320941365,0.002037473397978282,0.005747710054367044,0.005780165920280632,0.013719175864126026,0.0023294440049519585,0.005101647222455359,0.015067636628766775,0.005441244579926798,0.0027041044676918676,0.00376831510098087,0.0031140459587249546,0.0033740071237704705,0.009326289388066162,0.006789221263118093
3756,0.009683560436374389,0.011878367245946281,0.007337453247646347,0.016398714214692543,0.004305816809121943,0.007655373777454226,0.0065184181782513674,0.004086095833480154,0.004445548369315359,0.009161310196627928,0.003670509737405238,0.004535420356461472,0.010418180287827828,0.004007049813646214,0.012119306927350948,0.004197574546639822,0.008214217394685848,0.0034522791607834455,0.0022218147121032096,0.01527624688367677,0.005995377842008876,0.003678852802839155,0.011098892905922508,0.0035137557005949305,0.0028646280944392517,0.0026396084128742776,0.009347618829067605,0.003797816362775743,0.012632604376738112,0.0037990321900439033,0.007906706999823133,0.01496290860236867,0.01847006942632166,0.001482137961972345,0.01576629416695556,0.001433112299774538,0.0038668875654027306,0.0030708890077336547,0.003464267265543587,0.004250372886436018,0.00390977427857111,0.0035941481015481385,0.002990743797190446,0.00680116117223133,0.0032627318280346717,0.004822625496920242,0.006311497072127502,0.004873377396542813,0.004794030016444578,0.0037432402255023747,0.005871315986164684,0.0018831874737210016,0.00409075570471445,0.005366706408437727,0.011842215219221809,0.0031220700818129065,0.015124102149818968,0.005799120535522947,0.006272776231727853,0.007248867103168106,0.007594149641997444,0.007094425110424569,0.007801922844454784,0.005588229322396376,0.007980454206282335,0.007411481070480933,0.003953498418065063,0.004426802827867227,0.0027385175605007,0.006267331180286544,0.0068976992745663586,0.005659909822502934,0.006082870275590299,0.011745244735330576,0.005458276040624246,0.003709526204614087,0.008604131169875523,0.01612703347572473,0.005082728998993972,0.005248674962085383,0.0056027654884797376,0.006435245379339521,0.005939217937535729,0.0017110686795426132,0.004256811948120046,0.004674238817676739,0.0051038079078418,0.0034105515124643014,0.00220568742972437,0.004181753815254822,0.005446593610863509,0.016020739103576858,0.0026805979299410723,0.003639350180843043,0.015153006152006624,0.005306604735601038,0.0028008401385851093,0.003883263795757947,0.004200353688847327,0.0035617262034274818,0.011538602672756235,0.009073179293856523
3757,0.02031432121132843,0.016049431595383745,0.008252306190202417,0.018863433715556686,0.003734116848931894,0.0083115523125931,0.010342823727343832,0.00420726621212665,0.004894466135596194,0.007849256558583493,0.003695744684180021,0.004526816591380581,0.009138072740442954,0.004611854853565332,0.010895007421747985,0.009417342412218163,0.004658995904021334,0.004554078025622605,0.0025040846640075275,0.006662519514543948,0.005582640183666379,0.0042099361916216405,0.012940809038996184,0.003108698152537972,0.0028247849131378343,0.004005703876026679,0.009345234329166233,0.0029068608007897317,0.008893050683793034,0.003314252916467619,0.008358372489885867,0.014520520751637116,0.016030888047195723,0.0018082346260237486,0.014990437132111846,0.0015868712802631464,0.0039006045037954227,0.003068761495625657,0.004668581792741091,0.004250372886436018,0.002920111315553241,0.0028915357613934697,0.003495960127991566,0.005611133201076072,0.0028485711031212353,0.0047588487313581585,0.004551768933652437,0.005906855586903153,0.0053126372754097925,0.003870948923163811,0.006079651774753034,0.0020045949963774664,0.004478897182779712,0.008132303470255382,0.01342555161349569,0.0030333415428358723,0.011184529456250664,0.005090309833404458,0.005318444510974123,0.004348788608072209,0.007838214576519608,0.00786380965035915,0.006746533371026537,0.005841110703476372,0.006077059823444043,0.0032067515245684766,0.0031576440048775873,0.005235834867950113,0.0024378581540070573,0.006037431249211609,0.0073762925688366475,0.004520006626239482,0.007754945100411176,0.011865489097857625,0.005814147859201352,0.004537619477375241,0.006601689713840438,0.017399598735889574,0.005326465986349007,0.005087679126468831,0.005402998988571286,0.004992627812794236,0.004494277615716295,0.0024518303864366664,0.003277467167500408,0.004294642948830544,0.0061242831519830775,0.003494839688183995,0.0036991113944469674,0.010490446647893642,0.005786523949392903,0.014299365980471756,0.0029223101896205853,0.0031014264309534665,0.013994102629181411,0.0053556284561755724,0.004112976314541993,0.0044846437848039674,0.004317998186301074,0.0034803625717952655,0.01140045889636634,0.007582137008651751
3758,0.006053520301703779,0.00793998334197841,0.007098996924853214,0.006633887436511357,0.003967093875006406,0.003943283943780529,0.011105675645338374,0.0030476250033640902,0.0036515568546030257,0.006336694694630229,0.0037052159139265898,0.0063493616839838205,0.004262620861108057,0.006322600795024737,0.011049818890715577,0.004484438722028602,0.002951340047639425,0.004757009779134742,0.0025084651778886813,0.007821298475181409,0.0034245127492244297,0.0027681548694125616,0.008620375596509878,0.002671760529546987,0.002211588804250182,0.0036866375408476718,0.012786620306655883,0.0019161714518251384,0.007763256982776365,0.002632735122745409,0.005319984756507985,0.016407242500583934,0.015881088584757556,0.002922611474438421,0.0029772819781879976,0.0012397967950297925,0.004008349325326181,0.0021532644302596684,0.004445188761437766,0.003291651412414527,0.003947044704937219,0.003480745845256774,0.0032154416869198867,0.004849810524411312,0.007833527274395373,0.004374460357309323,0.0034031597823092974,0.003029542159370315,0.003430170471653698,0.007604524334497801,0.004586754699971914,0.002634580844384942,0.006623500271934166,0.005806714977178107,0.015181699003047602,0.005259269025626366,0.009354861481727594,0.004047272152265163,0.006136925719678797,0.004665628170789315,0.006107475971984688,0.00600332685733964,0.00457511250122589,0.004089093471341113,0.0058520444565792265,0.0032060341883463754,0.0038162115654625677,0.004034455125442856,0.0028285808377272277,0.005589606269942793,0.005257180276531711,0.00862847079146635,0.004666015586200694,0.012652019855857394,0.003455038815321212,0.0032646830863238894,0.005346977329935489,0.013414804677310686,0.004290702556200879,0.0047890843675436785,0.004326489764408073,0.004744986671073109,0.004612204313503828,0.0022748636046283277,0.004807258049651361,0.0036632510967516663,0.0040558055353078415,0.0037682678001021066,0.0012371397812128205,0.0047338377823341205,0.0034732574812433347,0.013696804366894985,0.002037106835359242,0.003318444666787607,0.011504790562397114,0.0054022709538348035,0.002050120305763209,0.004506486047765464,0.0022217228064611563,0.0029185548931592504,0.013256370983156372,0.005096467630421127
3759,0.00904072090725893,0.008267322328155923,0.006854256130235031,0.014394400359066589,0.004723175846154956,0.004276056574090917,0.012764694906500453,0.003376604486599396,0.004082317100421578,0.008369557175041438,0.004220454615653692,0.005642479748716854,0.006831952977415415,0.0045672917041949205,0.00768993416718389,0.006155741996530064,0.004003646197605661,0.00430962476408075,0.0019877166014454803,0.007527649656175109,0.004454765724595517,0.004176821586166461,0.007929936680934982,0.0026638052830452613,0.002270558681735185,0.00572007536186163,0.008428841128867855,0.002369394180906529,0.006717471356217177,0.004114570721660545,0.005233269394344381,0.014697899735314863,0.008749815352738353,0.0019574799269836264,0.005366646533100413,0.0010639627383320297,0.003913909799077199,0.0018466707487947173,0.005267271854596142,0.004160252408811416,0.005299184195561307,0.002791456380100202,0.0021884488657354785,0.006323994710662344,0.0038979813058465608,0.008139704051897333,0.009577078653208386,0.004802186752815699,0.003321515652169276,0.005611615927803699,0.0047022203456137165,0.0019736694882511313,0.0037533778487242007,0.010211098047529243,0.018838526626026666,0.0024839515245396286,0.01270190703963115,0.004360147952459197,0.0026503230419264497,0.004452406488295838,0.0054532423881203315,0.0062702986260468685,0.0041639403582372034,0.004164157986597474,0.009379654951046043,0.0039021681839006214,0.0036206134171079245,0.004615490776561451,0.0024430180187437747,0.008982638093757227,0.0042661795290097225,0.006896153629443722,0.004537635633940256,0.008616262982438632,0.0036521494188442847,0.003285868698229903,0.0051404256053315936,0.01456927021435282,0.004062321468963486,0.0074158053743172145,0.003908121316902203,0.005807396548430411,0.004440364434208072,0.002441309630196862,0.0028456670901989066,0.004395945047040023,0.006052616725686652,0.004332050873179731,0.0022492981899432567,0.006732525586949389,0.007661050372700794,0.015112147091001869,0.0017691784553001495,0.004241867856947287,0.0073401078305901845,0.007547378036103927,0.002333593699545538,0.007102325903955095,0.0019409903583763603,0.002606953680636953,0.011665818830028167,0.004726480567353698
3760,0.010705453427199627,0.005552569282327271,0.00781826049699765,0.011136558364782672,0.0050443660347940025,0.004256820368626988,0.01565100998901199,0.002455964927188099,0.003923971010800045,0.008689421980770752,0.0036920689456061088,0.004491260817601131,0.006660302329680612,0.004048033597050161,0.0074576131851746014,0.00490249302152446,0.0034903834607258335,0.0035560870635976097,0.002345602889386151,0.008407770659565949,0.0038426892935848533,0.0030850723894993277,0.011050585950780378,0.0037907880557670266,0.0032512690072153687,0.00418296708603767,0.006609993915166165,0.0018017084199574663,0.007331429170740359,0.0027406578358848774,0.008649111722322566,0.014443107188408279,0.015943373613069464,0.0026940806762111194,0.009717660006813785,0.0013903341002819052,0.002473134111812127,0.00233000465152542,0.0035561540979053403,0.0027873504958835205,0.004005926225602497,0.002750197884145192,0.002206721111213352,0.004360121284023236,0.004151534663525723,0.003723193150840469,0.002845693568093872,0.004052878494644226,0.003085637233778403,0.0076954173508980185,0.002950927607508612,0.0016470868220193333,0.005280499190800453,0.006641012402153804,0.015453235275364484,0.0023304157821368897,0.008576648273870328,0.0035774385566021134,0.004518390817159327,0.002972042937687832,0.005603348028443295,0.007444922791439483,0.005420079686968815,0.0028967021651888176,0.007539557667754784,0.004321604456711884,0.004995133280784382,0.002669654308145746,0.0034145566141082963,0.005073355465413646,0.0033250601489007523,0.006307809912230183,0.0037515548535349305,0.007826771888254036,0.002697916907735776,0.005978404646161879,0.006043836205765989,0.018507454034533594,0.004196991357544245,0.005164777000400376,0.005076597904495473,0.006990286935342969,0.0036480637585066026,0.0022559757079651617,0.0029086188894731856,0.003423646335704441,0.007504525677165375,0.0039583834739730945,0.0025073438500634263,0.006607832366817762,0.00467766153399165,0.016136808790989984,0.003263721115096892,0.00527146270253237,0.01068399661904742,0.006303127180907757,0.0027969539970856315,0.006492485256832418,0.0021173574545886907,0.004763969430839392,0.011743487743101947,0.005212170535740585
3761,0.014932436435518493,0.007483834763426897,0.009093722446537725,0.01680725175261009,0.004232358141115484,0.005075979356939013,0.009679346132398858,0.00311757647215416,0.005228676607243997,0.006431741796312646,0.00338970080144222,0.0033915738751639926,0.007214320857124187,0.00339043532828322,0.00668136293277021,0.004861155142535806,0.006311590084220361,0.0037632764796685894,0.0023522162314472657,0.006669532089392802,0.0033962642123350623,0.00401039070031519,0.013667366210381802,0.0025805955513352402,0.002356520105096536,0.004179534742999599,0.008746304043879143,0.00260137228135098,0.007616515764504777,0.0030405285145090498,0.00913770460935,0.016717305569027667,0.015117094987713785,0.0022080844979081066,0.004852040976465134,0.0013508494724567967,0.0031878288979272046,0.0029601339933575596,0.00556953315136237,0.0037228807925671356,0.003914949206308929,0.002714370077045825,0.0025010549064190166,0.0052594556614436495,0.003015188866799339,0.007182257276806599,0.0048201391670735436,0.005611299851594404,0.0034324539394729892,0.005420514025252496,0.0027552748443986515,0.002190500031390529,0.004385079124969662,0.006690922750294943,0.013445820131045982,0.0019295301122725153,0.012548489306098792,0.003767758420315997,0.00396692279160669,0.002689879868054484,0.0047352164766200555,0.0058902398554916075,0.006306714515268849,0.002544378415375998,0.004645425539318719,0.007120898036446436,0.0048852154099355075,0.00341583853256317,0.003563718488765814,0.003689745193634,0.005160587789954576,0.00490911264098476,0.0042455865670503875,0.00880641662192467,0.002699858595340057,0.0045857902642118566,0.008092917919035129,0.03109239416493141,0.0037943654252883792,0.0043010895345728046,0.003075811356523636,0.005354415256687068,0.003990252409995312,0.002135969324645874,0.002969789165455046,0.003529161394116665,0.0056828362285249335,0.003750201279193094,0.0021746627600012555,0.0040413741015176705,0.004308944646491268,0.015839754173015298,0.001531718298899481,0.003933905636955531,0.007500612618280237,0.005807836519852665,0.002170180822408922,0.00622203593024982,0.0018379595195049414,0.0036113216746937005,0.010905599222191694,0.004582708497460291
3762,0.01069176882604516,0.008222900081492693,0.00715874876759026,0.009583708973120766,0.004895067675240398,0.004785793615669369,0.012087518913776378,0.003624067377597004,0.005052290681807615,0.007094377522386645,0.004141744485334048,0.0037506892307306067,0.007548393482914825,0.0035336552620890706,0.011070683597595414,0.0050428253756159315,0.005937669653561968,0.006518839241652703,0.0027660667001879816,0.007464443784777666,0.0038077605462764294,0.010246142564595875,0.005881514386962491,0.001977293160785436,0.002313281906946178,0.005530509982778239,0.007102323048465304,0.002831310585749649,0.007616515764504777,0.0027385262995454065,0.00804784180358349,0.02140294056707403,0.015033256284282088,0.002526380094086389,0.00566769158786519,0.0013737485834614878,0.0033350343068806257,0.002693450034953828,0.004706800641977881,0.00305418390761012,0.0027597281657196614,0.0030861626365638033,0.00236113573755087,0.005117558607791053,0.0030328385755303013,0.00717456417494123,0.0028630404685288987,0.004846211413546369,0.004115619714862232,0.006218362588993226,0.004523425444840138,0.00200262440420813,0.003828344843942796,0.00644805921779818,0.01387486292229944,0.001966142837957346,0.012384590183018624,0.004152937935922956,0.0036205850803591945,0.002496899424156861,0.005997141177743197,0.005156209900466921,0.0049670776579095405,0.004192789844614481,0.003586324686040509,0.005843987008336295,0.00446542149378511,0.003988129816139564,0.002298457386588124,0.0037992578285186906,0.0049413897428931585,0.00599603054097861,0.004968845899341056,0.007548701275886743,0.0024657206544308643,0.0035443174767282805,0.006677354517710137,0.019289953424910213,0.0038669317931991137,0.005374578167138121,0.00335404428079501,0.005700255767602997,0.004530291436727039,0.0045616313572802185,0.002616793094719909,0.004012281189734479,0.0050344937289145625,0.004407966291613617,0.0017857373295897862,0.0051122260129202735,0.004666315328662923,0.014327493949388415,0.0025103949722051636,0.004001014087279092,0.010652311589602241,0.006292774710063791,0.0016722837618614406,0.004629136086271747,0.0020778350351244776,0.0033120806297753606,0.012042200726475962,0.005269511298121847
3763,0.00904002299665619,0.006749431286484936,0.007063052151729247,0.0176447908520906,0.004351569904411593,0.0074593691393491516,0.010722190059202115,0.0036948898010032596,0.004206351338361746,0.006073036140541246,0.0030373268662286,0.0034091194269727535,0.007240212633130845,0.0035877502574713596,0.0077021565166893674,0.005255531836570303,0.004330402759100654,0.0038982775333903197,0.0026749340915737736,0.006221011330136781,0.004548232510968126,0.0034734700052900746,0.007914123018316139,0.0028234544676897498,0.0025043675821518614,0.0026373561021287802,0.007639934068249532,0.002500130067016517,0.009535871135442412,0.002637450471934853,0.0073824456011711385,0.014998868706552378,0.01585628636000614,0.002185003893158136,0.005853128220997583,0.0011723160023412091,0.004664822906675114,0.0022760610165907034,0.00481989273198516,0.0030957849454147346,0.004162256379447744,0.002515151475921154,0.003490024814199912,0.005084806765306469,0.003558378692620047,0.006036968059664757,0.0044041878677309534,0.0035740893083699666,0.00415678839749222,0.00763658481846605,0.0037013655595124267,0.001901276008442587,0.003906806914297621,0.005324529693232202,0.014217988884890726,0.0028503192111069336,0.014846615247280006,0.004816100165397854,0.0038414258608526768,0.0034507947566263016,0.005157261328088234,0.005362738513961105,0.004359526694160815,0.0030062159766886436,0.00438776448511891,0.005881970846419528,0.004476428998262758,0.004741217411036497,0.002301053365138719,0.005022916747342147,0.004611727757232154,0.00812516586726016,0.0041730020735258845,0.009582939389868336,0.0028378922580873313,0.004206047494875253,0.0077390095572765025,0.01410733878712942,0.003948480197451063,0.004130296118640331,0.003237653454035775,0.005626647309901857,0.0035105288412481,0.004540096310977313,0.003135076957041012,0.0051486231449908845,0.00590594777188684,0.0040700921342973,0.002255698258290492,0.004582382021059539,0.005199963570685862,0.013224868851226167,0.002002772780730543,0.007147974142193258,0.00876700961189186,0.005848799283298763,0.002167232965652105,0.0037008529587254945,0.0028301140247252456,0.0036263432348257354,0.011722987830387827,0.005810268114459725
3764,0.007951856319211291,0.006411047481764174,0.007054109969235276,0.01352178129382206,0.00475128482877511,0.007784172520356987,0.009643569982438994,0.0026958394013802418,0.004887001785298904,0.00566761216196985,0.003040212793693779,0.004065723163880699,0.007420480730426615,0.0032490514845678747,0.005988079330634743,0.005129275239115712,0.005127955145459251,0.0034856247748021067,0.0022096862226166675,0.005868153899875607,0.004647430271646146,0.003241446809884001,0.008388803386366748,0.0029378530762589807,0.002511950103535257,0.006590412088726614,0.008353803956708884,0.0025653494181256085,0.010707957740279543,0.0031558526043344837,0.007211004772309557,0.014174825274185185,0.011788684756634832,0.0021366889620665777,0.0058680057997397405,0.0016271849031753267,0.004476456975748802,0.0023307241253118843,0.005250675699949808,0.002817086985472072,0.0030314340795230214,0.003673526462337241,0.0033529098973234224,0.0069767138428970124,0.0026897025732389233,0.007193000484794698,0.004678101355192323,0.004613585040345805,0.0032525818445591844,0.005398132272862453,0.0033605726191592196,0.001893604774729588,0.0031292990888707687,0.005215387708841494,0.014385741820022523,0.0028827958661209537,0.014250630921340697,0.003863110242419219,0.004802141068444118,0.003951545562145095,0.004907753871133676,0.0061599979620422934,0.004715792722839068,0.0034766281159849992,0.005527569737004119,0.004991451022142161,0.0043001002542760935,0.004039734894620846,0.002185805034853233,0.006435386403127067,0.0037157607563431056,0.006255765780201554,0.004250965531176036,0.010612175109959451,0.0028279436335197214,0.00418044690393318,0.006183264945178083,0.0121934878238971,0.004261945981951391,0.0036498953162630824,0.00432934858148461,0.008853288465836294,0.005194813269166681,0.0059768934975438885,0.0039436219010557765,0.003918277375461782,0.005321944656807067,0.004643820822961074,0.002190656422689117,0.006205225653384353,0.004754988786272933,0.014726202012340725,0.001835949544884834,0.004613245302670593,0.0072408261272527115,0.004519693802843412,0.001979887558663902,0.005047060631644612,0.002020237368126372,0.003114075328556636,0.011006776360209152,0.005272450459288624
3765,0.009453305936188608,0.008598770930804737,0.006360337573714478,0.007846499936537948,0.00532890205858527,0.009623274311773561,0.009939739113103052,0.0035898980427209524,0.005369808479791092,0.009430388491225796,0.002733540517342412,0.0033607384292990033,0.0073516710853978465,0.0029984764566744516,0.007916620405160269,0.004076627593745551,0.005320329977929836,0.0035303983353940577,0.0018405339787444118,0.006776492980030305,0.0038730794125196102,0.003232714528620578,0.012996367265567505,0.0045485951526917446,0.0029010441328152915,0.0036850339521532875,0.006318442767386156,0.003877803938931269,0.009659012346187374,0.0028963178076921417,0.008589622940786235,0.01343785532561182,0.014524126352201397,0.0020688090396539832,0.0048543780908141465,0.0011583356390234888,0.0028364013036179807,0.0022634881811785584,0.00334444777933679,0.002472542040145203,0.0027404771316587298,0.0028029413040064803,0.0023278563742184675,0.008453573047784178,0.002694744918182212,0.008534752598227585,0.003515181131661212,0.006046721732119903,0.0024696011036092346,0.005300703321192803,0.003111769736816764,0.0019368926983283604,0.0033015748902653947,0.005265514619283349,0.013984851114970364,0.0031771311064683902,0.009691836312027791,0.005266976130568311,0.004558617199711152,0.006042314138682745,0.004102040208574748,0.005686166990523057,0.0031621149189765482,0.004777293011329224,0.005073039332907969,0.004791525192578345,0.0031580548586283863,0.004015901130402426,0.0021428335252832538,0.0030321785162820414,0.004178932148726614,0.004555995712308062,0.00480557881146464,0.009384890842947748,0.0025518891155577525,0.004349011959532479,0.006308992902233511,0.012958300530601185,0.004952846902098491,0.003553105143481151,0.004056835845210959,0.008928394668633766,0.00477832433174453,0.0022421854608745805,0.0034100713784649393,0.004384107198157047,0.0030952459021613248,0.0047457725836575464,0.0020355308938418645,0.009499191953815406,0.006623401628055321,0.011977549694975383,0.003051568620654745,0.0032509022466365865,0.007230360988043468,0.004701781123586266,0.0017609519188624364,0.00412475204188655,0.0017921799045104382,0.004195201430572925,0.010487299921356573,0.008463606060126432
3766,0.009268609661377963,0.006357100840806703,0.006398958480082073,0.012388334137190503,0.004394404904150286,0.008213403044866717,0.007707313070515749,0.002844234141949663,0.004243177669314726,0.0065615096580937315,0.0029026607099004553,0.0035454271653958236,0.009774776071864895,0.0029384976991823383,0.005897701898062148,0.005236545851724522,0.004534047142055225,0.00435244499108462,0.0023591299515985315,0.007440626509900049,0.0055181885788248,0.0037370226027265965,0.012395430250251156,0.0030815017024325574,0.0023708727351715183,0.004171212489847024,0.005653743166246252,0.002392067429542379,0.01538774134511821,0.0022854043631226274,0.007822161478015736,0.01621389290189506,0.015720630703738876,0.0021465112399424,0.0050502676858901595,0.0015492905396970837,0.002699321630108463,0.002526082244887083,0.004045713337602867,0.003564894911148396,0.00367287344612719,0.0027500886933923985,0.002843962821059744,0.006579182797385929,0.0033958224605303527,0.007936998065460756,0.004803672326108877,0.0060173512807596445,0.0038754152452832084,0.005091632537974418,0.0034129969404023317,0.0016189911497911079,0.0033551609870183996,0.006705116404746202,0.01696642941334893,0.003056500508909097,0.010271418844996414,0.005491337183013099,0.0036042542594372988,0.003464204451632203,0.004975512849779828,0.005603472265458003,0.004298220214569658,0.004034832195358294,0.004358425604074316,0.005427865902516496,0.0031765004964852002,0.004623875351367644,0.0022488394533060566,0.0031411135865840787,0.0048730456208295825,0.008395773430009147,0.004966685855515534,0.01065759138365393,0.002603182824243561,0.0037315432280425305,0.006241805685039933,0.019057847992947283,0.004233318543243862,0.004392626783205955,0.005425216484355889,0.005709283619631838,0.0037421527776134995,0.00236114016621662,0.0030351979572878314,0.0054063777286830405,0.003629671108807633,0.004336194175064382,0.001783262184216965,0.004165931043214044,0.004774600593478413,0.013375786078485797,0.0024824165581374346,0.0043969702255918655,0.011735057651313085,0.004534861755107793,0.0037363102767234016,0.00369331037082961,0.001706067469728044,0.003360301108345589,0.010920622011069145,0.008981110522176148
3767,0.006243846924201794,0.0061873641562236095,0.0074216714346646015,0.010452307141784512,0.005677474828546859,0.00804027180804129,0.009921173492355814,0.0031569011598549385,0.004550930247694437,0.0053232948726125075,0.004575897103238729,0.003462469151729176,0.0070560505993871704,0.003727269292142291,0.007722115538332115,0.00402622698234813,0.007075540527445899,0.00434587590153057,0.0026638835538761525,0.006582793631191802,0.003792707112088336,0.003260273843432347,0.008008305225438949,0.002268205668581806,0.0021471235727290486,0.003347171653428448,0.008069777605557151,0.0025847403128211946,0.009570306563155667,0.0029896567274651314,0.006098855351019278,0.019749058008994836,0.014835429389599478,0.0021183520629057553,0.004478239467686778,0.0017190169848391953,0.0034368868571868945,0.002185281059678515,0.0040022144871552905,0.0027127367170886344,0.0038932678293417556,0.002460347736902393,0.002827324751578339,0.006115359130855668,0.004448191798102584,0.007549899360205034,0.0038851017849563718,0.004907376637909601,0.0028382964149308923,0.007217945632911291,0.0030614926180190893,0.0020870971189237623,0.0034604602175306535,0.007032132965114177,0.011662038695697109,0.0032118413246110073,0.011498298677890517,0.0044647952097850874,0.0052559329418697285,0.00342512291193931,0.0063609029792287336,0.005557737148971112,0.007293416308362701,0.004084522527526185,0.005605493032096157,0.004999853300808374,0.00393059562212154,0.003599103788727263,0.002672244970262001,0.00651489547906824,0.004194023987301,0.006095221947718535,0.004088064280548701,0.010495220146461974,0.003268744071536728,0.00438011516383026,0.005517940842872935,0.012848554349080825,0.003922681211493995,0.003602961508065461,0.004879937706771098,0.006319110027952126,0.004000263729846412,0.002258445751129289,0.003017608396326058,0.004170105443722559,0.0034410245902477877,0.004666135261636869,0.0018500633646042503,0.00410745719650975,0.004981827400756649,0.011023687882856008,0.00217011420970065,0.005060466979279688,0.010372564693638267,0.0047492252909216055,0.002774785715946859,0.005064453324155969,0.0027383728746806398,0.0032429480965835145,0.009563096932616505,0.006527819236419234
3768,0.007632444009108835,0.007558025745153625,0.006039534152395531,0.009344660975673531,0.004849167860624437,0.00959648245807987,0.010339636362207753,0.002782219480922957,0.004601217828181543,0.011741201786931424,0.0027674872677008367,0.006611936824108633,0.0043469334840936825,0.0035167320627735974,0.011965222652748252,0.0058297306968304406,0.0054377126612777165,0.0050797364875390634,0.002960722051663669,0.009029573370065198,0.00416143454270102,0.0030728007793735562,0.011985031127288078,0.001879706938870564,0.00218212381870825,0.0045794782010562295,0.008891329902986451,0.0019179877409925064,0.008144599927550103,0.003939759130040099,0.0069215014414281874,0.004833067468638913,0.013958887321169108,0.0023319291505041967,0.005552753023495813,0.0015288019646662629,0.002685455005122523,0.0021906330739291558,0.0060380548422773565,0.002546550744599971,0.0031889110221943085,0.004042242190926215,0.001967528845939367,0.007423689201291045,0.004429126816419169,0.008151465664554828,0.003616916202098878,0.0034437541712567707,0.002518142339767639,0.006608278481966142,0.0031372477170799476,0.0021300429185516618,0.0038802075655161236,0.006199588133311327,0.011931458807871661,0.0033302355066713567,0.011847531400203679,0.003515468650908681,0.0037663144402000836,0.0030230132450554804,0.004133476223024717,0.005873702073414584,0.005847486427467277,0.004445650460704978,0.005945400716325178,0.004140760884910365,0.0036292861544421485,0.005190824412746582,0.0018761006392400362,0.008466064093229907,0.005181070455321935,0.011437425217231378,0.004413705000896255,0.012002772886281746,0.0029861769759931584,0.0032622680722970993,0.006181411821436421,0.012110681560383398,0.003914521101750964,0.006432952553630754,0.0042658621776050796,0.0047875344763159584,0.003363666517607843,0.002133767568013191,0.003063003934175971,0.0038288741076469707,0.0030679119349683814,0.0030931556012092198,0.001920714335279709,0.00611455172875986,0.00434112693947294,0.011649325174476217,0.002194273849804493,0.0032405606624458533,0.00896163312174122,0.005267716127716756,0.0020389342222416236,0.004015721278022761,0.0020698759916432637,0.0032447786045029644,0.004869630584991337,0.005359345293678426
3769,0.008419998555754598,0.006770825801289988,0.00859014333256812,0.021231046114968996,0.005172916270748698,0.0073138887462250906,0.010284822979948562,0.0041689889831717725,0.00491252238737239,0.012376778895927646,0.003053973784174889,0.004988310089812569,0.007679425392493286,0.004211892964687239,0.008621744170803691,0.005439433684256363,0.006709214180593619,0.004497924017337961,0.0024604879380374263,0.01097900123644772,0.003591064330935125,0.0038970763424915266,0.012404336841874015,0.0024341741085185673,0.0020929676085939338,0.0053802910070436406,0.008144240814482808,0.003466520667681801,0.007947159714742531,0.003199650030984088,0.0068926875425064016,0.00488123275738245,0.014752937476161462,0.002432342217563047,0.005235457903300457,0.0012767235139931965,0.002980420616400013,0.002160761819012002,0.004884896414964035,0.0032139313801993097,0.004135639239884864,0.003035268662234952,0.0015804152596492014,0.006737524239895129,0.004330369925589809,0.007072293512912612,0.004885014910671773,0.004749864153404183,0.002309821534278972,0.004544459831533346,0.0021598786560443604,0.0023022410573893598,0.0033434395242201527,0.007835910575895213,0.01641851491117537,0.0026677568986980533,0.008932780470396478,0.002831498952838363,0.0030057480060481567,0.006416174867329055,0.003409335538313425,0.007317895871695524,0.0046934464028047344,0.005318763251219677,0.00878226046092837,0.0036512650492377834,0.0037537414126420096,0.003946628375489128,0.002780867866787169,0.0061120384662485296,0.0033545469261238065,0.007840285884356785,0.003940538588802395,0.01088081619305526,0.003089087627611033,0.003134201184013142,0.0071617100568871234,0.012319318190701554,0.004221709677200642,0.005591687992352264,0.0045675842517026825,0.005687419245584148,0.0033254953660321915,0.002886467042637393,0.0036265115856425043,0.00566504425902038,0.0028061884999732224,0.0033185594863081327,0.0037996229091671785,0.006835806224411424,0.006310708102708202,0.01464382703373072,0.002352894150331115,0.004927831570629336,0.009668068538730387,0.008159936706682518,0.0028484048294952894,0.0047889393122709945,0.0022825735611162463,0.002278747409384908,0.010442317893198909,0.00508697359377886
3770,0.00773941011181506,0.00714904501602379,0.007266886912578036,0.009707003501799896,0.004647026154194668,0.007642223130310213,0.014550894632777037,0.004085081335081913,0.005993893510070693,0.005086688561775525,0.003512179663774692,0.005739141919855834,0.006050443739393245,0.004347919466921653,0.010917567454102281,0.005291754139646706,0.0050783905614706715,0.004194026049525232,0.0031865978338071104,0.006745392066466036,0.0038339564945119786,0.00316235919485788,0.00789706657037004,0.003151545703144973,0.001905585685240291,0.0040468801465298136,0.008179975285343994,0.0021553046537107863,0.010111637148995198,0.002835891026401865,0.010093390321297298,0.008142573264683687,0.017767318370987027,0.0021995100252198752,0.005426927477643576,0.0016267088245366422,0.00478863878270389,0.0018103671716676664,0.00368822738978688,0.003260674523722673,0.003965833337227309,0.0026388149633313693,0.0019270658079173076,0.00591281387353265,0.005837275003572782,0.008605715054195825,0.0032534152214998948,0.006201691317014433,0.00373983764445238,0.006720855169468412,0.003671927360011187,0.0019312117919976289,0.003932509245170248,0.005451306251461786,0.011588293156732385,0.0022059416881695273,0.009371646504996818,0.0041410506936439455,0.004502781074256898,0.005024337689915275,0.004984323659420235,0.006543288564113693,0.00405946907156036,0.005151619372887811,0.005367880471635583,0.003289660482497368,0.004418344909466824,0.004695616607891299,0.0034337731361838127,0.004226629067035784,0.0041198571461423215,0.0088559467014778,0.004390203553856104,0.009198998950673066,0.0038144254611361924,0.004717490950783009,0.01324109099495451,0.013729335586626706,0.0045129829130884985,0.0035320093315019323,0.004277259540133075,0.0058491656398616575,0.003706382714965899,0.010696041459194068,0.004225773399716651,0.004221888536476123,0.003909450371960558,0.003215675369165593,0.002233237138482351,0.005962730482572016,0.004348664007917812,0.009301115234010449,0.0030048545060668576,0.005644103678923202,0.010320360792590603,0.005379691460114006,0.0026249493657956218,0.0034248692225873276,0.0017252487017115675,0.0042324877544783505,0.012061534274476704,0.0049240220083570105
3771,0.008304355969079424,0.005888771368991158,0.007883052542895123,0.011116342530023941,0.0036861680779604216,0.004973966181674516,0.00807631649190871,0.0036911520796152784,0.0055279885598949864,0.007834498802158871,0.0028874436633391076,0.0029249789595082337,0.006955433738324876,0.0034470467985892156,0.005207896261578541,0.00648327542138307,0.004428877393654779,0.003593388943700747,0.0030051012034934955,0.009949263636277282,0.004355399399308744,0.0035122135329316304,0.011751883595963325,0.0026202284754093686,0.0019201938440838136,0.0037293463677218193,0.006183259766564835,0.0025665465006535675,0.007959011587014094,0.0030967048831244235,0.009303684290445962,0.006338394844630756,0.016711928159977272,0.0021476066838394406,0.005296614314026566,0.0011657124026142746,0.0033511709231605616,0.00271071660471959,0.002779207971911172,0.0031374782409486395,0.0035639786543135384,0.0029940727314865852,0.0019888392141635667,0.007137463375213693,0.0027071865665794833,0.006121218382219599,0.003607910228007624,0.0055355467048064915,0.0027489865582607125,0.007410668537582677,0.004138979266673445,0.0017116719322331426,0.006646921634944211,0.006664369503789994,0.013679784254779904,0.0020185345637999392,0.011813727717460967,0.004696346905995761,0.00344897315341076,0.004083623213957326,0.004956184305420673,0.005750238802252049,0.004358260608346501,0.0033563467272166004,0.007575664028505591,0.0035778190612430743,0.0029580210592920356,0.0046165712928352386,0.0026343064141628515,0.006870976033672427,0.004622198057584846,0.005660913722080812,0.0030168948302314483,0.006656308181470594,0.0027783957700005133,0.004236753355248833,0.01146959204686191,0.01567572805260552,0.004268507682140056,0.0038018372798210164,0.00469464752304006,0.007815811216253169,0.0035917681194108644,0.00436815596783095,0.002161683461764939,0.0049799474224227645,0.00377955706812598,0.00440185875859149,0.0021037871909942614,0.006444212620599846,0.004065660312735439,0.012555115497326286,0.001908105161895539,0.0026376970408911685,0.008580397475556951,0.006369324045789888,0.0021477317917286977,0.0036767938489379193,0.0023977673229233503,0.0026972994408805966,0.011936499916956812,0.00452316344573083
3772,0.008994769207913818,0.005532758468721463,0.007976079654548907,0.010657475178399772,0.003462830156824076,0.0056559748258691415,0.0121601633883852,0.004841210612536825,0.004177157593861803,0.005946218651525765,0.0032151170540129564,0.003772065044776527,0.00803272889576435,0.002924684225716158,0.008303101063781425,0.005213646687985733,0.005829382969194576,0.00460242001677089,0.002923967546205811,0.0063764538002792975,0.004116509030203992,0.003533199995466682,0.008393745750178172,0.0025408096735843066,0.002638928008633991,0.004431807914416051,0.0069139775523625905,0.0023182941055709975,0.007889594344496592,0.0027819706487020603,0.008107596006651537,0.0054264248458708786,0.01523282369635066,0.002478168939866916,0.005674382597208215,0.0014964913938297691,0.003082504384595873,0.0020847895535130935,0.0024985254375200117,0.003512961015869732,0.0033478837477039945,0.002239691580898779,0.0026358978266230585,0.006567739316145877,0.004960368304324151,0.006976238496743795,0.003403383605729176,0.0049156000572725895,0.003746919541143735,0.004362961109762815,0.003091800077394862,0.0017939998911133362,0.00406074815990779,0.006391898054391696,0.01596125061233396,0.0036471261067192494,0.011432312446300117,0.0034548497940735117,0.0035648342053839275,0.005500609207759027,0.004155414385602349,0.006316589159197903,0.004782997014082253,0.003579319017281214,0.006563722640624601,0.0033511705202180554,0.0026238944839504846,0.004086683677951639,0.003269266021152489,0.004254520181593147,0.004482352054881787,0.0050261199863923176,0.00409176290711331,0.008742191317140885,0.002941755072982776,0.005371011608483477,0.009279236496117511,0.014145239967960988,0.004646505018334989,0.0036929923838692844,0.004664829423939701,0.007490452416948108,0.004426603585441033,0.005012376914450403,0.002481838237926548,0.004537826063382155,0.004538823047671918,0.003772806381171027,0.001955146416517199,0.0050260372889057965,0.0035501399870072436,0.008918760289360683,0.002048004772430112,0.0029227010476826987,0.00979906018766906,0.004739421119295118,0.002032851483574479,0.00390112091044674,0.0014605915594428688,0.0029098436056138382,0.011175887981344076,0.004889739752149946
3773,0.0072658431962320065,0.005861318889785742,0.0067316583646102185,0.008318670580146504,0.003257637534735754,0.005327754258531229,0.008517582899466624,0.004412744791132973,0.004257539656293734,0.006065937512259393,0.0027565054962470138,0.0034298289809133052,0.005343922883628471,0.0026282472051085437,0.005215410971708816,0.004946940223329902,0.005591158685395238,0.003313721662192169,0.0028851767266497657,0.008290371152488464,0.0038913356049460612,0.003717776679446498,0.005878521082152554,0.0024404510636726754,0.0021042735795257215,0.0037380437735723433,0.00814833070560778,0.0022598967735682402,0.008182990566656707,0.003131261544789374,0.008499931507403224,0.006341789981837359,0.01645347973647863,0.0021815411666006,0.005633886266083371,0.0013432012431757252,0.0024426879968289534,0.002501673474951754,0.003156825721804753,0.0030558581890156107,0.004050042731494264,0.003067020836490313,0.002949548036895086,0.00866573896970904,0.0036569064474138895,0.006111049733765323,0.0031941689732872835,0.003462156688870369,0.003587306057643635,0.006895471484874216,0.003690254754625993,0.0019734105186939702,0.0037991946708393932,0.005597499849187169,0.014261345814423218,0.0025476953773857906,0.012210127707779978,0.004605842888823948,0.006166023133318628,0.004566548615473325,0.006087611088807084,0.005587112003029468,0.004022279204304975,0.0036277608223617046,0.005843842210647952,0.003324972717758693,0.0038918315608510072,0.004091143588854119,0.0020814233370460497,0.005387084406191821,0.0037065143858091387,0.00545386185314807,0.00417284735596145,0.008732479273046222,0.002836592974175837,0.0033977725225338936,0.007022341547961313,0.014334393805249958,0.005116338365134861,0.004357240800649224,0.004642059997578482,0.007153288761155156,0.0035772263407313864,0.00416016035267319,0.0031680712973741446,0.0034010923343748274,0.003811596559076602,0.004089244049084634,0.00209376401171099,0.0035660080859420155,0.004889002091467945,0.012926553873925503,0.0030190520880841276,0.003365323363499449,0.010069418670292624,0.005174615670373941,0.0020807552860769504,0.003236716304550674,0.0027352358403304857,0.0032739868727244496,0.010556992842954707,0.005940121709630733
3774,0.007214690189370442,0.006798915620286676,0.0070149746979235456,0.007110613155774028,0.0027682012361823845,0.007335222159808894,0.010780033092322654,0.0026202980894649334,0.003829144159905408,0.004281255186154651,0.003411199155726167,0.005611031985601277,0.004688581229637698,0.0032911054713925794,0.00883457404947284,0.005368517917285428,0.00422689672859166,0.003343058217925486,0.00290744650665881,0.006805178241294373,0.004683728979942183,0.002612990951139482,0.007163683216661007,0.002229015288980898,0.002127830723919691,0.0052061274255681,0.009350031702240885,0.0022187844378389154,0.008213131005025402,0.0036771562110138032,0.00887866257713755,0.0049139501927652025,0.01597013744647182,0.0027741166092706666,0.005412436366477067,0.0011042512586827693,0.0032111154176237325,0.0017095976789189497,0.003981534793230987,0.0028643619434438163,0.003196595254939591,0.002725957613887958,0.0021609741168295265,0.008080199576242434,0.005069815501829475,0.00724606887711125,0.005172139653686428,0.0045689983797567784,0.0028039841374498547,0.007966648768798767,0.00423984735678487,0.002207820184168127,0.003490076146664891,0.005134982673676547,0.006823763259259636,0.0025952695426996676,0.00859479219470335,0.004398778874873519,0.003840813918415436,0.003826644133360292,0.005210956149594919,0.005857986388579975,0.004049170532059938,0.0035300728621363068,0.007314267858823941,0.003890541496163929,0.0036476412810984714,0.003899859611966023,0.002520975872539442,0.0063701162666087024,0.003400003878876088,0.0055524303061222375,0.003433647008934332,0.010346300120810049,0.0030755551169029355,0.0050313964523899584,0.006701954048460023,0.013044876848256778,0.004600084743185988,0.0042609814622256,0.004970873741824196,0.009048247183472776,0.0034751726721648905,0.003952525622761589,0.002667059987487123,0.00473696794553247,0.004487833249279224,0.0023493240566669943,0.0018697587880806264,0.0048842913792169216,0.004170220581466874,0.008041610903483048,0.0027819734544858726,0.00288664542886647,0.007759074597668704,0.0062816693144682415,0.0020210551217378406,0.002650506409160535,0.0019587796428574096,0.003521910139727429,0.011509409172374066,0.005654190482335716
3775,0.007372639938372333,0.006441775409525254,0.006965755581429728,0.01444610058237134,0.004601814955877354,0.005990515565788837,0.008216065225657421,0.0039675821968200575,0.004988695403658046,0.006278352976906396,0.003008579507279246,0.004441424508396726,0.00566093192005979,0.0034411892187978677,0.006345993147450362,0.004862823736581582,0.004138422421678967,0.0035664788586319825,0.0026248585236462053,0.006084126231345643,0.0029058945272801874,0.0042447265713803145,0.012716572295430046,0.0026232057127139577,0.0021299878312767756,0.004066276732837347,0.010259476066226042,0.0023883638202937493,0.008371967152075672,0.0036445834843871153,0.008923836934542781,0.005293375828470819,0.0134823272758534,0.00230236823474115,0.005643636893244197,0.001146665021244191,0.0035331624023690494,0.002050139583995824,0.0036184605369861886,0.0025508551940331753,0.0032519166867236993,0.002897281861262953,0.0019269018806935374,0.007496790622912504,0.003945295100166196,0.009715598196701286,0.0034492339353313414,0.005734783262239265,0.0030563528987546757,0.00698952064518353,0.0037691832555964877,0.0021782066888313854,0.0043136906631543615,0.006508399934543531,0.014266229926779126,0.00302326229897157,0.010848966259087342,0.005957375375676954,0.003245011630682643,0.00416099800320809,0.00531793957588172,0.006289819206664468,0.004404947715607512,0.0029624815552885915,0.006540804795019098,0.003908130627847766,0.0032528521897537913,0.003384104635300487,0.0023525737403305375,0.005797105475650083,0.003518734821972035,0.003821485474363568,0.0034336071979550803,0.009877053077998414,0.002633849211526274,0.0036908333748108747,0.006393369355653384,0.013948096804378363,0.004381159919266632,0.00364105569781113,0.005004927882576297,0.009279053910106637,0.003553097875733689,0.00455403463842263,0.0033332449335405257,0.005525812991312111,0.00495314520655006,0.0033158852327573253,0.0018699497484853248,0.006514012348703235,0.004793001290173365,0.010294230268797765,0.0023657595043142443,0.0039736528831645305,0.007829615308610467,0.006569446681687934,0.001816644778778057,0.004395953129319154,0.0018811615314013705,0.0021665338760566075,0.012746790675540248,0.0047365369156302855
3776,0.009565192378780315,0.0055207607806733216,0.007584475881799702,0.011386436523935513,0.004655586503416088,0.005186267788038237,0.008097803470457082,0.002867649835788052,0.00540795195564079,0.005597850398255689,0.0032715656613494615,0.00462126405146268,0.005823581237478158,0.0029870362027920793,0.00583029779507668,0.0056079556346852275,0.005880904797788147,0.0036702311155550693,0.003071045724873143,0.005947052165664196,0.004239961548727022,0.0036010497397631477,0.012962799825290732,0.002086810020392695,0.0019241935673844663,0.004168922228181899,0.005728624479887872,0.002044064066595873,0.008131208426906227,0.0032673847936999173,0.007273377296359125,0.005112834700181656,0.015611543747269713,0.0022236452771859103,0.005337582243223725,0.00107874933160306,0.0026082665772031804,0.0020651933285467956,0.004816651849599368,0.0023154755317872206,0.004411431034400784,0.002248849105180604,0.002271608995021446,0.004162762042245355,0.0045106217417528885,0.00877718299031891,0.0033007686571552963,0.004998155145685895,0.004208872244765759,0.006205560948094478,0.0027460474830602044,0.0016081627334134194,0.00473590012561947,0.005603128177084473,0.016375921733204197,0.004364890620411599,0.008611008443247959,0.005329675457010844,0.003926579831582915,0.004198804686161588,0.006478618633198952,0.005888775461222547,0.004626500445966527,0.002757818894631908,0.0054454633265889054,0.00526111177064626,0.0044411183311311095,0.0034810275353141865,0.0021165199547644024,0.004619821161088132,0.0038395806497739664,0.005554432139089516,0.003391644145273466,0.00923516083980366,0.0024638750897537725,0.0038787292117264402,0.005291091230673168,0.01448254175303754,0.004004723907959493,0.005350783917165438,0.0045670167766952725,0.009198898609660142,0.0036096607760532917,0.0025134050063290348,0.0023065218331137826,0.005319605988050597,0.005187162141746171,0.0029520399185510218,0.001969074147172675,0.007632617838330967,0.004504702774616654,0.011872397076415072,0.0024692278674803524,0.005228851986977156,0.009315688663260598,0.005267370569478243,0.0022871465245772153,0.004234694054393609,0.00268340912696282,0.0036084685740908795,0.010303840759099247,0.0048861485856654795
3777,0.008858737981896852,0.005633512414315396,0.007151871869210685,0.014469976442482347,0.003443517996110928,0.004782319469290865,0.009835376715582255,0.0036847661714212603,0.003981790049101147,0.005431309950553721,0.002109042082743939,0.002375110619438001,0.0071452989884384635,0.0027249797288939844,0.005349152106337663,0.004477067240762764,0.0049679791357398325,0.002736799269419475,0.0022004920520294884,0.006788162979906184,0.002761692423161272,0.0031090071189796105,0.009867495699488566,0.0028877231606442948,0.002121304372416327,0.0039210890038654045,0.007740086066023507,0.0028705893159717485,0.00795666815694962,0.0035683853096788957,0.0065360639883480665,0.005076887573530893,0.015117034776222067,0.001905204500232461,0.005269116438767277,0.0012279892160621403,0.0038070916820076824,0.0035607603481170955,0.0037761986811240926,0.0028743123932890146,0.004035815241050958,0.0025469024921678943,0.0025655400338414477,0.008181050887659528,0.0031018479993079467,0.009425117463906814,0.0032859255118805565,0.004412868609307822,0.003800344699433659,0.004465946280197854,0.004811059286953975,0.001725231668013459,0.003672048977280174,0.00619357710366801,0.013346770309926719,0.0027255103824550928,0.013054835871728197,0.005260387654424463,0.0026812417878073814,0.004699070029633709,0.006332098555074363,0.005825783648350802,0.008274396045614236,0.0025413146605738498,0.007571902327061168,0.0029544461592425656,0.004693415986296128,0.004345834160722163,0.0026818015399431632,0.004975217688761004,0.003645398012807451,0.004557385588213098,0.0034894625627591895,0.01030911778919582,0.0027981417229391422,0.0037914232826544406,0.005191873006125259,0.012768246997835927,0.004200280038943052,0.004389070322098965,0.0033072583492636397,0.005401262236940885,0.0036380639552825245,0.00213835293596235,0.002810031953178843,0.005671115497690185,0.003801657728133384,0.003650531770442095,0.0019600990319160712,0.006693184589741662,0.005066391497865989,0.012775974667799493,0.002129652879597608,0.0032287292991704554,0.009509064665648454,0.004802952085156104,0.003202661546945523,0.0033574196574451425,0.0023601499661207517,0.0033415238809156277,0.01173590382868102,0.006398520238674102
3778,0.007386375209609357,0.004927424315120493,0.007076209850353624,0.01008061788248642,0.0034479277791479492,0.0038989166532554342,0.007926777833169779,0.0033557375412407936,0.004175732368073236,0.005395441630742895,0.0031069234924360435,0.003377606272932793,0.0047313476923104714,0.004500118351196758,0.010769435771278353,0.005646128876409798,0.0031927855615466547,0.00426880785571704,0.0026113427232726596,0.008892107086787485,0.002519631863913093,0.003319723231624956,0.009601579808808937,0.002138481119344277,0.0023033230927120268,0.0066053862368828506,0.005831445164093531,0.0036439495692651555,0.013161750483093749,0.004024251400862669,0.007426330741907933,0.015892126448447643,0.016314652682199646,0.0018736530090458835,0.0037446808920014434,0.00147138886265806,0.0029864263115080385,0.0020909582396622726,0.005401754331926314,0.0043368443745920625,0.0037259723578091522,0.0024502833500772443,0.0026813036007136927,0.005050189031006499,0.0054924721119553955,0.005169876673432884,0.0030440250031020973,0.004342452554376113,0.004192642744783936,0.007098269368333614,0.0029739644678496544,0.0015280466383657168,0.007596463712884152,0.006539544736615051,0.011129264707733753,0.003412105989446151,0.008467002199880563,0.00396426892922917,0.004501450800489335,0.0030997227610984053,0.005085055627002025,0.005756164654141784,0.004319531613298196,0.003359351075309225,0.004874801618555769,0.004448286413224325,0.004453730570903845,0.005407394069424665,0.0021022522115045797,0.004394571269330295,0.00443754681424035,0.01099511389808666,0.004154573103536681,0.00910673869442256,0.0027022894199815856,0.003049321916390778,0.006300189738383718,0.016729651892942034,0.004568120487779519,0.004620012450887363,0.003947824742531189,0.007933062820509852,0.0051976908557248664,0.0024271951862537863,0.002759762082924237,0.005235738381857104,0.0035823757215527737,0.004079440652210882,0.0015863807888304737,0.005541548230524043,0.004658997256840226,0.012274705142010761,0.002238579429873581,0.0035725624895200053,0.007810882560115427,0.004449812683799352,0.0031313460883537203,0.004002093548558652,0.0021432980927939536,0.0037308104586032224,0.005600519815551877,0.005536712955212236
3779,0.010996586650267728,0.005012132233377665,0.007616766670323506,0.015464270441585892,0.004778043504518912,0.005954356016588914,0.008632440371922583,0.004634221938340149,0.005254625762828825,0.0075625297426694296,0.002364303253817989,0.0027607179516836665,0.0054081530161323435,0.004120791852028807,0.007870010909060483,0.0059944297553246794,0.0036086613723043267,0.003867507493564438,0.002742728646504339,0.010265387225213122,0.00263089961980793,0.0054708632384000665,0.012135576352322703,0.003734021102779551,0.0016291744069259462,0.006329780064690929,0.007530311532685647,0.0026370126876655215,0.008158853368631718,0.003964231989953575,0.00914312516826611,0.016071952948193663,0.015279620180155466,0.001947764970467342,0.004853242596220987,0.0012668009323819824,0.0029488617662932915,0.002352471695259789,0.00546712909549931,0.0043762758564752195,0.004137380300969098,0.003406103803853689,0.0024992574546767584,0.007072787474176965,0.003827028097127077,0.008178523379607528,0.002869921295187942,0.003078470391223471,0.0032575549650583884,0.006081312761552231,0.0032511095410630514,0.002222453295514701,0.00458173693489105,0.005800305485085434,0.006064180980195107,0.0022633300167595417,0.015080723084509374,0.004817576477659091,0.0030524950782399723,0.006144721922897445,0.004649548624208479,0.005869750050305378,0.005014256804433807,0.004812112834753969,0.0054242541912041635,0.003331654618029516,0.0032684395753140648,0.0041248590795473685,0.003018072305270835,0.007356007311607354,0.0039933195911647035,0.0059615068754439665,0.004351878156525626,0.009083662323502837,0.003092867084413427,0.00417145933557447,0.006790667827631446,0.012980152525249278,0.004628323685234788,0.003704515333803566,0.004637378611766697,0.005945054851609394,0.00339486519974358,0.0027834929380958877,0.0028234315520409216,0.006053815951191124,0.005494054486349158,0.005639067288241047,0.0023563957696321517,0.0070511326807400415,0.004437216387472407,0.01183201409295032,0.0027011352597502815,0.003203369293234279,0.008688279935046964,0.0076999134451004115,0.002209697298925622,0.00467952674618682,0.0029940797250521435,0.002485050541722445,0.012324923176530198,0.005183240291329378
3780,0.008263715183317158,0.004294427908400787,0.0064556575179204575,0.00799081544867318,0.004196404991444184,0.00514934756144245,0.011071840925636126,0.0034174426565682712,0.004919176183627044,0.007775850682637995,0.004184092601841533,0.0045634729817182725,0.004494021691968482,0.002885121010055363,0.007597083225371434,0.004653399879246349,0.003140552911676842,0.0031704266486085216,0.0020266164777212234,0.007751739788910788,0.002722615406810077,0.001935366424063157,0.011219501117006703,0.0028655055695673156,0.00194195178287213,0.004674489607060112,0.009351069622963629,0.002796135863931925,0.014091062616481156,0.0033596673505739577,0.008164729042771207,0.014122960913881854,0.019677872961274986,0.0024537255318021877,0.006803245644757094,0.0013841774673685862,0.0029995908913867716,0.002291578355017252,0.0042310206103824645,0.003442049453173308,0.003791422317087483,0.0022888044446609606,0.0025554577290867026,0.0046525622726615095,0.005401512058765638,0.007697344967279422,0.003526023470097927,0.005330483613751862,0.0028517316667305485,0.006290387880860788,0.0026760968208955024,0.0020545037901005293,0.0039180836049577065,0.0059892832746870905,0.004328434633403219,0.002532043655695677,0.008617299131065705,0.0032809664503551167,0.004845824462155047,0.0030968017897409178,0.0045598615605578815,0.006817612734555579,0.005060817565448073,0.004820967798867506,0.006342997436441182,0.004329116997299557,0.004001356872230245,0.005213934895398871,0.0021703969091471068,0.005210980650292081,0.003978091675130137,0.007178076105828419,0.003421691173572328,0.007914489135256638,0.00258328396922305,0.004106914767159262,0.007839814991704186,0.013435881755766349,0.005314120212947478,0.006624541443987406,0.0041195203422803835,0.006727648755127748,0.0053514076476787655,0.002363338466722987,0.0032469736221746835,0.004600466864491696,0.002966669319021431,0.006137460467130889,0.0020521740697676902,0.007605338572354372,0.006552072080382506,0.012594249714728138,0.0020883372932664753,0.0043180589094963685,0.008349343037600704,0.005955258731441701,0.0022409401104321897,0.003158111973637746,0.0016069751182221006,0.0030107305814678874,0.01750740377495011,0.0045973462830088225
3781,0.010091369172223053,0.0039117652829062126,0.00894271081946235,0.011479936876690144,0.00454761846595565,0.005140146629905929,0.006885055291831041,0.004486098383676986,0.0053621666934412235,0.007860379434930568,0.001865082126585426,0.0026859092900772706,0.008334323788921188,0.003308099225680707,0.00663351612055571,0.004270563068450127,0.003622906903218347,0.0032462253957837124,0.0020614754932524472,0.010793018051656783,0.0028055981393526443,0.005146763198720902,0.015562761603047516,0.0030653699098109827,0.0018915325548001572,0.00426724795720451,0.007164237091766093,0.0023787336099142984,0.007124141590776619,0.0036384901017833243,0.008909610718039052,0.015230143358958568,0.0177839472352174,0.002005371451791525,0.0045882975499337885,0.0012821001257288403,0.0022977816502792207,0.0022056100881647413,0.004999560991942763,0.003287328391628912,0.0030366729744538746,0.003213049212749458,0.003508530956149287,0.00412859235066198,0.0026024508158083255,0.006940588429454029,0.0026223836289080817,0.004080759499837104,0.002846065314920521,0.004477553823395485,0.002963423041297967,0.0013439494781089059,0.004272393083813256,0.0063909484459278255,0.005531118640116991,0.002179178400467868,0.009776511099764988,0.003591534523138791,0.0024872546012510042,0.0035749656003209373,0.005709821693494203,0.006484529907262055,0.003476829998795931,0.004602650482724364,0.007227501978133356,0.0040622545777524105,0.0030850902203939374,0.004294162481501592,0.0026896512781665826,0.006985707526036688,0.003843325252364337,0.0040333943271013695,0.0032208461839257872,0.009522723460369512,0.0042373247830218485,0.0048624706983081585,0.006784431821547438,0.011386182997790109,0.004918008900568674,0.004912085511040144,0.003487285356756698,0.0056315305871020025,0.003960379595274365,0.0018688024503865789,0.0030210601796606925,0.004968221435278095,0.003308212536197157,0.0066858962176487464,0.0019540321629323973,0.005481587935462568,0.004946981634523914,0.011576994735316879,0.0019176511877882644,0.002466907949446434,0.0074764049906829765,0.004922551969352999,0.00264225184445707,0.004077468083043701,0.002358793056853438,0.0023845894699609967,0.01337965180288782,0.006115115937043685
3782,0.010552518226266513,0.005510348230272451,0.007931363449019391,0.009084585685015932,0.0032028367774391254,0.004891231472555322,0.00940797739979031,0.004051104947053572,0.00399771373419672,0.006313335142211866,0.0020524621739954263,0.003269321171796527,0.005979958901211588,0.0035577903305457972,0.007316904974108523,0.005147679148182313,0.004111746482017151,0.003403204212910536,0.002814445465526119,0.00921709488904281,0.003754720890454198,0.002847310012744178,0.01077281231152545,0.0023409735375845967,0.002486081251201975,0.004630268161311205,0.0061983353170927255,0.0030080151823476398,0.00667440075899509,0.0031216476184565004,0.007995118127205311,0.015532358589039801,0.016481487763252225,0.0023989653783631536,0.005185329307011426,0.001513085017313236,0.00236213433608764,0.001972846338230517,0.004670215379015029,0.003443600113545728,0.003978928995989596,0.0027406772783279184,0.0018452012725733752,0.006115544192566956,0.00347257920400402,0.006422077462029717,0.004264106907173483,0.004407207701718219,0.003478728838815089,0.005799252619619479,0.002287042738888054,0.0016671089196767254,0.0048424591908130515,0.005769330875914085,0.004935176514369582,0.0039133099047869435,0.007539673679944173,0.002549322425405413,0.0030604033896883083,0.004128843279346892,0.005431658741525155,0.006347195712991861,0.0037089965363124406,0.004031756680002373,0.005063184536621149,0.003599526824869929,0.0030069469542458203,0.004322210937212879,0.002047195086406359,0.00452716346116415,0.007188474808998172,0.007674484108345335,0.0038427843577956517,0.00793401231497567,0.0027429640912143964,0.0033392255293576987,0.006241873991193011,0.017216904176569663,0.005577132168497657,0.005643206885324076,0.003987426878774206,0.005611673920648193,0.004206625781637007,0.0022321742243041486,0.0033860363681496963,0.004606501183254711,0.0034721197928763684,0.00570584252215745,0.0015207648117863976,0.004184587270329908,0.004862010149006018,0.012452642888603097,0.002389939163773073,0.002781225575490722,0.008469923547400789,0.0043991080567210555,0.00243032564842615,0.004030591164108012,0.0017076851574850261,0.0036771412176237295,0.010616153562964317,0.005084342075909881
3783,0.006790772175169754,0.005219756331017406,0.008295892500112614,0.01162957074396133,0.0032969886949420503,0.005851116503743456,0.007534837256545311,0.004048694363568981,0.004911200819891776,0.005478730139083438,0.0018470893371908949,0.0025421552736275194,0.006718379091923513,0.0026665637216917197,0.00932747628448383,0.003999890926817624,0.003828609928073274,0.0037792244328510114,0.002615388485229693,0.007183425773476476,0.004116873735751959,0.0034585160531765895,0.014942686567472526,0.002202678387427318,0.002431773675995383,0.0030516069854146614,0.009244552589694106,0.002690499495460446,0.007237321522983546,0.003207238173729134,0.009919043703045114,0.015378694027421388,0.013965182105017331,0.0020953997243106184,0.0048849858902644625,0.0011321263185787597,0.003586307053284361,0.0019064469142393663,0.0050540420688710876,0.002920745239326606,0.003283931383474652,0.0027038941010902023,0.0025568118506772964,0.004102886591336693,0.0029601910388124316,0.008679970711125914,0.003282600086103545,0.00359050072005018,0.003030904687780082,0.006439078294468804,0.004039804763753078,0.002183037079217036,0.004119787588583875,0.0063894360316447026,0.005853430848237267,0.0030160681853502952,0.009909169633504467,0.005360434485449271,0.0033895368590431095,0.006763094124952524,0.0038055219433541353,0.005072849579295148,0.002906036812983458,0.00462572629612686,0.004926943484043002,0.004532367449283627,0.003004894938790903,0.004177802336496775,0.002566682688850756,0.004873084209954243,0.004573448228502753,0.006132820033061001,0.003620620495145681,0.008612237737964901,0.0030929611189632594,0.0031890056139708524,0.005818123129188904,0.01394980938759596,0.004038306706374804,0.0057232427005369,0.003939801378918019,0.005337356971002529,0.0037919991450340103,0.0018533547548334193,0.002754569013712206,0.00665246884759753,0.0030111295699526714,0.006004113619125336,0.0018457019786253335,0.00800876606878387,0.005232953351682785,0.015798604225571077,0.001634211391592585,0.0031830619639525728,0.008063463706381285,0.00442338279242803,0.0019758683276829563,0.003931202044556953,0.00255605807881616,0.005051382534054693,0.010768597905484881,0.007298779094384305
3784,0.009203371859864732,0.005237594601691502,0.008331408848843735,0.011644023472408851,0.003668878121730693,0.0061011597888593425,0.011579262398471483,0.003924389883859615,0.00539004004405598,0.007373629866117931,0.002018318590344092,0.003176906211087262,0.006013909668355103,0.003323928515723648,0.005594130863046335,0.004845764351547557,0.004878446337369511,0.004280536486915712,0.0031573629138132303,0.006676885736169906,0.003477701407309808,0.0032657713208759072,0.010969930954954984,0.0045357422180388055,0.0025623047448128846,0.004268342922652657,0.007671198880014145,0.002856517435118001,0.007547447077917128,0.0026719534965621763,0.00885795749915079,0.018954274463720416,0.01612614433399747,0.002444563134322397,0.00458371287817101,0.0009255347662951853,0.003258435021810216,0.0023756737926678775,0.00412486446589111,0.003303420141654958,0.0030223991982608993,0.0028969036230577293,0.0019360857219564466,0.005804048700922105,0.002989850762176237,0.005129903427323693,0.0032280012982899673,0.0039269515831311715,0.002741334581594792,0.0051304551437089466,0.003734442223232832,0.001968393785398239,0.004200543369039895,0.005290349810020915,0.006966396843319215,0.003527383811716861,0.008507978897828731,0.004635999255325374,0.005349348334565027,0.006145000843732807,0.00391386016188251,0.0063473535756686265,0.0030496552189756784,0.004083850000554815,0.007567259292260621,0.0033834462898043845,0.0031565252719378033,0.004297270270069354,0.003275816331838154,0.003991705193771839,0.004104445775909119,0.004007036610614651,0.004422735788368609,0.009213564249373129,0.0030232592188101704,0.0029922276172276068,0.006396189501351938,0.019280046932805175,0.0031137984459351713,0.0036765428810412947,0.003802283891912584,0.006399772195680046,0.003727500360805064,0.0020663744549807247,0.002643702245360833,0.006339443550081888,0.003524501615990247,0.005531489230701823,0.0019457983010007403,0.007648062385653855,0.005055681199696043,0.016700069862022528,0.001994635252439832,0.0031627543070663158,0.010770462054689539,0.004695245130152324,0.0023522316447530224,0.0040175102209587315,0.0020867820724372156,0.0038794659081030944,0.010263712381963655,0.006720407647173128
3785,0.007011004012644417,0.006150668668498949,0.006901751062798878,0.00923947210562487,0.0033660300921478903,0.005185467698634671,0.008296207936864877,0.004333092514821369,0.004834903871703041,0.008372372888656068,0.0022284195568254175,0.0024296560613377826,0.007064163372700523,0.002274670762064775,0.005533691220989955,0.00553095525232375,0.0037931240870760024,0.0033994293624256184,0.0028708039442497655,0.007740509874058274,0.002470255557178809,0.0032516594014786264,0.007659437092774101,0.005017983430557086,0.00257227109209006,0.002994419205847129,0.007575294474407203,0.002834852599685374,0.009451893265808581,0.003830248482486022,0.009369775843345314,0.005992121527080897,0.017245847142854896,0.002093912135981747,0.007917786837657698,0.0012056933906198061,0.0032349060801605354,0.002630750876391933,0.004015796406102079,0.0034079897581348172,0.0033447656018995046,0.003338128529141274,0.0026170771451773174,0.006200469669222645,0.0033869728717364957,0.010551236242326576,0.0034868400331587034,0.0041860880782774,0.003220088178683889,0.005320535282599279,0.0026073587181861435,0.0018037664179217212,0.005827691645635448,0.00672556473132971,0.005907057808798723,0.002655415640142494,0.010674018293349784,0.003955105836740457,0.003931581260636241,0.003115237372353594,0.00821145186738162,0.00674277175623704,0.0035247128085655398,0.004181738990040285,0.006175078496366321,0.004032838588448546,0.003514081778455099,0.00400801969818702,0.0025900495312999707,0.004299948964960447,0.0036504163876961084,0.0046461544683348175,0.004361376910898512,0.00907583228195933,0.0032476568756438836,0.0037639438808958568,0.006018570672381658,0.011534784340648432,0.004382307362242248,0.004335786951612212,0.005766623438391947,0.006760381956611031,0.0041912570948458416,0.0019428869222229063,0.004009354773107293,0.004228012441535814,0.004774561476418308,0.004487077742022428,0.0021954631992144743,0.009688695763249435,0.0061232033100715585,0.016355186276316,0.0020301354858179806,0.0031758661659130076,0.011014084254998039,0.00465829463296118,0.0020176355036567624,0.006100211556806668,0.0026228641461602774,0.0030813224002933983,0.009689439887368465,0.0067941064336605956
3786,0.009056148550262518,0.006359083887987723,0.007189046645103618,0.006667309165052435,0.0042699675080148936,0.004729880613976775,0.008595349771269368,0.00391618824871155,0.004382482935189589,0.004633171348143101,0.0029734829971816206,0.002731317299840741,0.00646828443074726,0.002503164657642406,0.008160587537157439,0.005284498501062888,0.004559162227946054,0.0036202908706279816,0.0024936352113973295,0.007485237979164112,0.00339859976124055,0.0031337049302695413,0.00566818542635671,0.0038869404159978392,0.002308018099157457,0.004030302019870217,0.0068238899178083,0.003158801494660201,0.00907032345321509,0.0030365733050316457,0.008870184314223423,0.00579257449197031,0.014824621131177027,0.002110744049916045,0.009928677315245583,0.0015187141489667027,0.0033850750132538776,0.002595698689054924,0.003956066546403799,0.0036314059341293076,0.005046753676396252,0.003197931881389117,0.002578142629468263,0.006484740368374609,0.003689501656944207,0.00914982973947047,0.00374285261813247,0.0038997870138065545,0.004282016039555158,0.006897420130124533,0.003572837538610219,0.002418576226388142,0.004241733755266562,0.005873401923661367,0.006967144570949685,0.0029874812496103746,0.011872821910395832,0.005156124990114394,0.0037164953453608573,0.0036687534527118006,0.006265084608487626,0.006319399434465914,0.0028456308323191143,0.0034944593078967607,0.0057868812631324505,0.00533113165083235,0.004536648072134713,0.00347829236656615,0.0033447224852491053,0.004400339815303526,0.004352872146012113,0.006444310096782635,0.0038398054585113382,0.008926572220224194,0.0031251334430189293,0.004054082648617639,0.005919711260863161,0.014129030026682726,0.00408169659345406,0.003961266419751726,0.004221949154972002,0.007019859808026114,0.0037989063635293905,0.0017216994267384195,0.002846391858285051,0.0035353218145467474,0.0038167792115615276,0.0033629022431691845,0.0023411002122692855,0.006180382559040563,0.00568295752520438,0.013682133482931654,0.002150454207177289,0.0038080036673566733,0.00844114103429517,0.004831545521969752,0.0023272427395848376,0.0032240781281977133,0.0025045785269777825,0.0035671760523405646,0.010533853872630708,0.007761669675394944
3787,0.006119950917204527,0.009901614631294447,0.0074067738947728055,0.01564971063901539,0.0034187072804330405,0.0055926696815302105,0.009090862868736923,0.003688089970792484,0.004536866083330511,0.01010168164189567,0.002411698455821648,0.003280428528731779,0.0069259814082165425,0.0030863515076449124,0.004861894153073371,0.006730581634362907,0.0031174729478659563,0.004132438347223215,0.002272307356290759,0.007549898219988881,0.002845473687179342,0.003166563165377674,0.011573971419782664,0.0041219761465273504,0.0022352900385696766,0.0030262864853392445,0.007785467410922158,0.0030599891715969393,0.011365055215716412,0.0036165239181919114,0.008488916405744106,0.005570295464915165,0.014404654446032115,0.0026623580999855906,0.00812543419741744,0.0018798539933672408,0.0030634201636359688,0.0022218501458109814,0.004220904935890247,0.002901712898035207,0.003133085722118747,0.004094582179131866,0.003474132726864814,0.004849846740756072,0.0031178787169932214,0.0044043021782652495,0.0034489621684115077,0.008857773030350456,0.0031451951776413517,0.005089632942925871,0.0031648781421831887,0.0019140053606318869,0.0032550444990008614,0.005696151897572451,0.013400732139888986,0.002941480102828197,0.010105444158393477,0.005767616626276488,0.0035076707110116676,0.00371025303766276,0.008281200772704615,0.007092834076136829,0.004313607295904546,0.0030580703740691532,0.006319905103065752,0.0035146981812164287,0.004536648072134713,0.0041978791383681996,0.0024401066745579686,0.005002373509945897,0.003638174617120754,0.004480332080420713,0.003728344228057658,0.007026971182914666,0.003275450312639788,0.005843533734635982,0.00622951677711789,0.012706045183590746,0.005203757747171868,0.004423587375828329,0.0035155866654287297,0.005710485244562859,0.0035883804159519846,0.0019971944077331405,0.003893194540280472,0.005243171493000311,0.005911164588965141,0.0035493368798738783,0.002283564096714651,0.010004335342478469,0.007183489320898085,0.014413480841622143,0.0016234856590905975,0.005876158421797167,0.007986097275703045,0.005721931164842598,0.0025804658547251133,0.004304728425154242,0.0027672612640234294,0.0031910085704012856,0.010848599739291599,0.0065616256002790805
3788,0.007635158231263241,0.004360533524665801,0.005487201171755605,0.009090003313245769,0.005094473246939026,0.004087201416616579,0.014266228919699565,0.0036689019321640994,0.004669625618627368,0.004238867953980122,0.002540820654818475,0.004452737243769797,0.0047744886589233225,0.0039930812576199,0.011492667488510579,0.0061692922605255185,0.0027263564190069416,0.0047346895541398116,0.003420033434394561,0.009680700158469047,0.0029381070303989266,0.003167091187878408,0.010365797246786166,0.003635059499391966,0.0024269935661698867,0.005970386942276286,0.005745509876021444,0.003374842791298033,0.012486260916651993,0.002400742742915722,0.007082702836624884,0.005676068037072097,0.015517489702977325,0.0026673441727687484,0.003024873070283329,0.0016520070133833672,0.005004094353623963,0.0024868050831268,0.0024651579913100917,0.004598219581009468,0.0036310985686373713,0.002880092632812244,0.0022242115385402443,0.005453227447242845,0.005832258777062685,0.0047213874378213205,0.004761860306354039,0.003902246303429187,0.0033559701267295056,0.010646913871143632,0.0028480208007741,0.002787450067312014,0.007758561784644924,0.005027460280750834,0.014130550868630519,0.004496718430518696,0.014272618309988879,0.0035121832129360884,0.005786046524937103,0.004410023918443519,0.004182205877580032,0.004201561163231235,0.004740535790659424,0.0042671306035621075,0.004433676681327184,0.003061497209711785,0.004277382853752483,0.0050816757509360155,0.0028823331368947446,0.005855150752082328,0.004426557836723126,0.00617182470811142,0.003923837519938991,0.009434217761855865,0.0031425919489194475,0.015203793364173504,0.0070162008851745875,0.018010761461192654,0.0030915989177431437,0.005537951747142586,0.005757274482842989,0.005411421296150871,0.006070848320131127,0.0020758922736887017,0.003623462103373297,0.003657968018066807,0.00641520179975642,0.003960028698539584,0.0014778847165800564,0.005056746056329518,0.0037414884412065343,0.007203876799147957,0.0019413039861395232,0.0032378363711404626,0.013012921317748734,0.004573495150378314,0.0029997731434265535,0.003971791562735662,0.0020646376644606543,0.004173800140234134,0.00612433680779378,0.005955768253922349
3789,0.007701769968763414,0.005436629119526683,0.009677780818470944,0.025541843356026172,0.006982250404081447,0.005744778056788914,0.007704295908332125,0.005133509031807735,0.005414136025257594,0.006748231064260272,0.0021421776519004597,0.002861960758147589,0.006726478761181625,0.0034073336174865474,0.006496541105966215,0.006398226981311315,0.0036266525721912295,0.004642576436726886,0.0019611560825728807,0.007564760949349404,0.0033170109325703005,0.0042585959361616885,0.00997411507579234,0.0020646603077049586,0.0019695546793506388,0.004498364833230194,0.008995516197739483,0.0030501511480898152,0.006778910265254012,0.0039366853240767954,0.008798379635359246,0.006086626005662843,0.01911140980339219,0.0019351781359154654,0.004473653177189245,0.0015301836801074257,0.005043946080076513,0.002581598089003846,0.0034757706095100323,0.003617736851955995,0.00446270377009766,0.0029735173931021365,0.0018437429110153697,0.0047690333696633535,0.002999204032619969,0.005174634158255803,0.004702197358600995,0.00485036168444675,0.002609584611514699,0.0053640996762884035,0.003412335315337899,0.002368671725667511,0.003992473382031135,0.011118425055635183,0.021226255395335573,0.0029892741123191957,0.017186797237399035,0.0028801116495762733,0.0033675570315939945,0.003238531154082949,0.005152319926321667,0.0067744656273173625,0.0051855450691903485,0.004944559823988536,0.006175772810677489,0.004506082876039403,0.0035823464564966744,0.004349042029275085,0.00284469886416624,0.007199950738315193,0.004843327394942655,0.004316985841952465,0.003754084820846897,0.003997275322806197,0.004541893402991755,0.004591449068288203,0.010152714580921365,0.0156951053042177,0.0036526488442260034,0.005432502661475077,0.004150350857572283,0.008863306978995785,0.004858783215754859,0.0022118183900806027,0.003637040778804623,0.006422967894458723,0.006526666839611469,0.0034197941106103363,0.0025124446767675872,0.006008828683299295,0.005118822248535726,0.022303068595765925,0.002146846456341289,0.0026400044030787406,0.008426274841437013,0.007068134004175096,0.002796485973137658,0.007721977437040549,0.0031567694683554905,0.0027671702628743935,0.015572948319578872,0.005988118472585782
3790,0.00941902611823639,0.006227568826570593,0.007611308106078056,0.0152537239412954,0.005936209218727788,0.003838027130188424,0.011566288938320353,0.003778997109015605,0.0058097665018817775,0.006198221645697974,0.0023739407630865104,0.0034620512868666735,0.00820623507704518,0.0031553127579052103,0.007913114065670131,0.006019843838181269,0.004858285914725953,0.00574380238424678,0.002263987310343593,0.008643501857354787,0.0028361832925848825,0.003648720800828308,0.006215603491118561,0.004227487440541919,0.0018090519564272986,0.0021761810410459914,0.009553455581872762,0.002537195128918798,0.008274443108909822,0.0025321236030879032,0.008631384014616132,0.004880681583028041,0.020985139096208645,0.0021163738057073363,0.0068760093428276246,0.0011352558287093255,0.004428904621712567,0.0026150509622938677,0.0036135652877324026,0.0033075786166074836,0.0037587342418747304,0.0022951892001015595,0.0019181261530457296,0.007338071112369964,0.004761857796816288,0.0035412180243903245,0.0027011564852630846,0.005348830212485082,0.0033540465090068023,0.007880511632064083,0.0023497647583027676,0.0020147979014687044,0.006577792290706707,0.005818989763254086,0.016954063557052743,0.0026386355732460065,0.008830834749282463,0.0033425761217789197,0.0034557037877335473,0.00414981107498277,0.004416268396564762,0.007996946691828868,0.005428805476490402,0.003082271484852825,0.005213223469123458,0.004794802303159189,0.005493428711118316,0.0041102883911501,0.00326083749739624,0.004619258507433356,0.0060604237216803,0.005809046723215532,0.0042257174052057625,0.011015910245808915,0.002970689120311358,0.005329394018725439,0.007514825878579787,0.02274356472705929,0.003893699233449436,0.004660382116095241,0.005169573582305755,0.006232184601581911,0.005666052335883915,0.001998297114301825,0.002938457838780365,0.0036887170351828018,0.005347689997392425,0.004113539071172962,0.0022602396003730627,0.009822866556351471,0.004800983332208454,0.014051378376946193,0.002356709708914834,0.0033445975918179765,0.011039322926665544,0.007374564613701012,0.0023800681397864077,0.0054384505187052585,0.0017856239954624346,0.004695965718839187,0.013880597065041758,0.005340577154529609
3791,0.006509177842855964,0.004870346096092892,0.0077879999308773165,0.016503570702775115,0.0038557008819855875,0.004882561921002769,0.007915646330428234,0.003806751310825704,0.005405961244278489,0.007886930846437528,0.002121768319760615,0.002715270613385805,0.008254102496480526,0.002292447690392338,0.005823778957900831,0.004733999179941652,0.0037946560638641783,0.003280501237139233,0.0022218418829108716,0.006746674189266002,0.0036449256236386405,0.0029743698899178735,0.01695488519485525,0.0029849604998784173,0.0022810446128010485,0.0024550493985502986,0.006630608984394829,0.0021836029596533015,0.00798667204117483,0.0035707612134604017,0.008346071948821959,0.005256313841509361,0.014868360384468409,0.0022553936450284222,0.004575099054499613,0.0017519212273103672,0.004092749123102858,0.0031537690241974703,0.002394583440444254,0.004095778582927202,0.0038314247289549306,0.003312966985068733,0.0024328434703557757,0.007283634022035797,0.003655508646545605,0.003510428534570156,0.0030525308611844422,0.0039002423881903344,0.003763033086649985,0.006494201097273286,0.0037257996905488487,0.0015531188730982875,0.005387529187100894,0.006283047509275514,0.013418666074073226,0.002679759438302537,0.012997081639333706,0.0031690699773879536,0.0029563186824796694,0.003264533311337126,0.004490098943688644,0.006070348872812664,0.0048175314627451355,0.003990968343963714,0.004657890368731924,0.004180195711624711,0.003639229322053469,0.004394031314802795,0.0035140650667579007,0.005261105254494465,0.003019799776774714,0.004712308924470738,0.0038406775518266185,0.007136591783356658,0.0025287653221171334,0.005319483971317884,0.006234566987844996,0.022937361885984792,0.0041423292765129715,0.006203460439465307,0.00349859533571804,0.006258702605353226,0.0048694643142509556,0.0022741446968181493,0.0031200543539505066,0.003815901000499379,0.0051037219343184744,0.003861835327579401,0.002026852632611868,0.007143732971277326,0.004736521210402369,0.015799785687208235,0.0022124270815416687,0.002535906283221334,0.010429953032982373,0.005176863580827579,0.002542742188863056,0.005467467065608936,0.0027676087894702526,0.004071767522211326,0.012813043131198638,0.005813185129051264
3792,0.008124083762324274,0.006633886296436036,0.007519325155491469,0.013412107166460088,0.004307366176871981,0.005134337666020802,0.010122312607370848,0.004474254719801888,0.004744903209269674,0.0058989375556048745,0.002544468722711776,0.0031998087933321905,0.005762221568481794,0.002591261901035851,0.011291314911632608,0.0048611845189159755,0.003939255426070283,0.003592783092844673,0.0027848413347390504,0.00715154395787993,0.0031498916023587637,0.0033114002112201685,0.008077011877437021,0.0019483567829613189,0.002603575621385458,0.004755402063740913,0.005505861669253169,0.0031074011413003938,0.00804247097095517,0.0031962555533031588,0.010337005533237971,0.004038809902907693,0.015450229225195788,0.002390818241779853,0.004523131098351144,0.0015543835923543991,0.003609252877056633,0.00279772123422264,0.0028431354755345723,0.003708126652281532,0.0035880706238923007,0.003229909029656582,0.0024327180632047365,0.007681929094077861,0.003080608210871945,0.005315793333012982,0.0031629302599115003,0.005151612684199245,0.004345555505376507,0.006854190561906169,0.004428808223600466,0.0022112861664358753,0.0045978573537924445,0.005490994318667254,0.013214245326654547,0.0025650598837910965,0.012905625381228157,0.003857182846069576,0.0034554446690272115,0.003904953518132694,0.00583091702562962,0.0058169453593977525,0.003907020006610951,0.0037240858875105965,0.004701269198974383,0.003743181229180284,0.0036721982007834756,0.004822114547890354,0.004537220785840237,0.006068693729509877,0.003056466408171428,0.007378221013063728,0.006764042255722121,0.006857823898268528,0.0029535321599344255,0.0034660342899354014,0.007421993317142076,0.012396600331540225,0.004933893559912372,0.004574326609587668,0.003107534072324247,0.005316879568086721,0.005017173056775617,0.0019907806303890623,0.003180340341117607,0.0035615846553745537,0.0052968112818887764,0.003738650781228819,0.002118968189978344,0.004185507529898145,0.00515116804258629,0.02583934506374873,0.001992568775244016,0.0023615365423102544,0.012125794488595769,0.0051859014773497705,0.0021945652101035564,0.0039014415186186023,0.0024949368250858257,0.0027732058114131384,0.01111656840109438,0.007878662552705851
3793,0.010095634202180945,0.005654185541030238,0.007009058528424143,0.01707422680056388,0.0035620323671371,0.005723241329281214,0.008630262683694335,0.0043009616796297724,0.004827659446977313,0.006373981822934413,0.003137369990536215,0.004090720450011094,0.0055613070205152194,0.003487845346202072,0.007258629913637798,0.007075444894337797,0.0033574161757464792,0.0031237965933153334,0.002310719913600585,0.007095262907519468,0.004447677955538863,0.004089973667766941,0.007450003609414096,0.002988068633173542,0.0026799201038097712,0.003919036548621488,0.006539681338722649,0.0032835241563073285,0.008697758353313484,0.0024721739815258496,0.008345253288267754,0.004989809390200511,0.014717800659982488,0.002130895213375011,0.005166801824053677,0.0015177130517989416,0.003680490050993093,0.003173167440018581,0.003482091643515101,0.003008312807481495,0.003683225011196979,0.002809510307112655,0.005159550865152905,0.007989978223761768,0.0059085731764166255,0.009088359781826845,0.004284834112743909,0.004660824367716709,0.0031132678700572804,0.006392999510941621,0.004300922924381044,0.0019527878912912913,0.003660332215986511,0.005005766194181024,0.01312835156719575,0.0032006096665189825,0.014780998191821488,0.0036177618901760606,0.00663867222456004,0.003626541511969947,0.005301601941038561,0.005280559726719033,0.004848747549314507,0.005765998683013265,0.00679130904245635,0.0031899722159407376,0.003966252795288718,0.004776945302034697,0.0026369532129786356,0.005409287806568254,0.006688765242100767,0.007331656349178699,0.006721540331241755,0.009093041200434965,0.0028955087719315245,0.0035414652784710957,0.007316850681194712,0.014719719956911041,0.004461904184586671,0.0032005576284925338,0.004903876279357451,0.008962865416837834,0.004896275601208351,0.0023852635015870587,0.002137045405965402,0.004239575521402054,0.0038350995324648485,0.0035515758972084377,0.002194795090468938,0.006894653176204238,0.005664239825638107,0.017733891004493855,0.0019326938232055216,0.0032749053989357237,0.009904980755534592,0.004898384205208272,0.0024555745975846496,0.003726513649713746,0.0029514902935629753,0.00286621532338376,0.014427462906035603,0.004224222248404769
3794,0.008928964478811611,0.005076236573298034,0.006505474480047868,0.016957472500907678,0.0037870412961479184,0.0055377664106422125,0.0068398804739958465,0.0041667741090813774,0.00544964619375466,0.007675817759237678,0.0028497652085320443,0.004775313746660601,0.00602661019288215,0.0033543169397931318,0.008320950523080566,0.008209042061161702,0.0026221638597969115,0.004090472766270421,0.0025020322322778297,0.008338121982707499,0.0022065138559772095,0.003388022216328176,0.007037300279408811,0.004750124136491109,0.0019736955776034058,0.0033152646976216857,0.00875004515791068,0.0024753544065714236,0.010014307888159412,0.0027502012176333734,0.00903647859314418,0.004795041281189789,0.015294944217715071,0.0020609798937253395,0.00417781090068249,0.0015970981378911006,0.003162141449504648,0.003063788740136922,0.0034049865057248657,0.0029243168795849935,0.0026772052186987065,0.0036148247106987715,0.003184691952606407,0.007037539249726787,0.006742609265461262,0.008413454912592808,0.004156277790199936,0.00910692640254638,0.0033624985290774917,0.007135580749784744,0.003976065026343077,0.002053239750821332,0.003555269507024206,0.005509506421160798,0.013556414156803212,0.0030898634647075164,0.013511881716116239,0.0030754190025893222,0.004556878346917268,0.004597428183064151,0.005427164207948405,0.005031519483842063,0.005769481744944432,0.003943470696896305,0.006976469428349505,0.003927005595566099,0.003647204202548905,0.0036908805223447713,0.0026567168521892596,0.005651516039260998,0.004979760689455916,0.004679858227708495,0.005741595708574227,0.009569101556629779,0.0026993537065010936,0.006264817956306616,0.006894908460388746,0.012737479491355168,0.004832823890220122,0.004288889295746661,0.004150153586429562,0.008907865699166425,0.0038464654590616267,0.002247268825867391,0.0018555646711467197,0.009254402864996524,0.004057093948961278,0.0035746393261679387,0.0019338028268405649,0.005643805359223038,0.004722815502812109,0.018195970044539784,0.002175020354088375,0.003020540677429332,0.008730753002270792,0.006735586373068934,0.0016718954996154318,0.004625257019911231,0.0022142449525773735,0.002969148865734591,0.013058232609035719,0.005145584508556009
3795,0.0059806831520089095,0.007388342027904853,0.0067141938580875795,0.015465109153068852,0.004709355618718462,0.004974889717005467,0.007988629052960512,0.003693932923276277,0.005487962637593018,0.007057648027581925,0.0029567557065936644,0.0024273620004311414,0.00681785255684386,0.0029801869348584603,0.007020989094151072,0.00851186138199624,0.00432841632260958,0.004894248889108254,0.0022110247560859215,0.00867713102733407,0.0024690786067900123,0.0031615725914986856,0.007766415268663071,0.0033988853125659162,0.0018086638728862594,0.0034774290922322463,0.007146122119646045,0.002495237340192816,0.015636262046241564,0.0025009781939462654,0.007644507791877933,0.015457256748439977,0.015672035482841348,0.002236169253576676,0.004611387284699201,0.0018926213771335242,0.0023683101030210637,0.002900965668678348,0.0035618796504515125,0.003475055020711623,0.0035993113386354053,0.0027516163052777346,0.0034715529046436895,0.007982629306218054,0.00387908030942515,0.009235012049635725,0.0047532351039265355,0.009600703067998893,0.0032292183722466106,0.005964273084154176,0.004409253805745537,0.0018852273833028822,0.004263878048641745,0.0052557672966947275,0.013161832176167917,0.004302518539584164,0.011813387326809113,0.003940277833179859,0.00506574278648147,0.0048561569233776984,0.007756187590419814,0.005125188353894338,0.0050760355949120905,0.003473301885429468,0.004887624137820738,0.003353899287387644,0.0038689236756290738,0.0045027183719624445,0.003116026492010991,0.006257554993828455,0.0032291761307797952,0.004397661381692146,0.00498633951237905,0.010508104312928316,0.0024656039851051045,0.006695032167317006,0.006651456729463948,0.015230290037794088,0.0038136383148944563,0.005049795532271902,0.0042252251164598565,0.008409973838698133,0.006770052383776246,0.0023788657629309163,0.0020334040146274238,0.0032114594933963427,0.0033591010642702725,0.003812728080146529,0.001911369779897938,0.006310055683576385,0.005559283202939773,0.01674878918725946,0.0020825431033557437,0.003744299419648853,0.01016520607350271,0.0050774387035089985,0.002014500459050208,0.004437498089272688,0.0021636888875307104,0.0033501928012313513,0.009087542838432976,0.006613430932425202
3796,0.008586655763901182,0.012426553394537502,0.005553680361402363,0.017016046768453464,0.0032115876773449506,0.0039029685177805755,0.00704564040335483,0.004082484781225039,0.0048749240245907315,0.007808084545754828,0.0025814626855032484,0.003120862346761848,0.007329285809850134,0.0033502233362950142,0.006860936159065029,0.006599854400783994,0.0029510650459614687,0.004225388906506997,0.0023051942025393434,0.009293418687206515,0.0035137225805832346,0.002806484924635104,0.010703471642624428,0.002234612361126051,0.0019478251025350586,0.00209179509248453,0.008842377112412097,0.002666503832434456,0.01555582676538848,0.0032787762383985775,0.0075597780909797945,0.012897360691724025,0.01393999324987383,0.002141225721513059,0.0050420507008490986,0.0020507550310076283,0.0026756450842337826,0.003724177819526905,0.003746077164122838,0.003489163907294569,0.0034333370618129084,0.002455814617184783,0.0024321530519196247,0.0069789298726451905,0.0030513998274372283,0.008822830217097316,0.004328867149665892,0.009089422164573693,0.0036229055467471073,0.0070007230391502685,0.0053030233236387,0.0018778246957406788,0.004266536961349508,0.005964394593827608,0.01392558412374909,0.003062109775663617,0.011661443122099744,0.004016935158880528,0.004099373650003465,0.004386271036478756,0.007848144797416422,0.005176264941873729,0.004837865230147897,0.005200250325964744,0.006017159542008754,0.003863243114204471,0.004700291592245352,0.005686858275129117,0.0030487045939411937,0.004469461062595441,0.004016725775621017,0.005052250758951795,0.006869474393094358,0.009059529657203639,0.004001282175685094,0.004056217061361218,0.005915430125080378,0.01763148752055225,0.004511318814876307,0.004873478204586896,0.004531915204036168,0.01030798670855518,0.0056203863778313155,0.006097431620780709,0.0035831474313638835,0.00424291965667398,0.0031814544085510214,0.005356152653667813,0.001742560912504665,0.006732504144171718,0.005357728560624251,0.017052483004546714,0.0023344763465672803,0.002800523851122861,0.01256992225499866,0.004782487426999336,0.0024038157647185607,0.004172462857347717,0.003031571695822534,0.003703670062971459,0.009595490963308567,0.0073575290170023715
3797,0.006490608326402854,0.00846128927149798,0.008241142983966514,0.015700599638057713,0.0031938769786007603,0.004670321849877705,0.008814515109872852,0.004684925055191229,0.004071981464723127,0.006897171395894504,0.0023788554218222603,0.003743581523870826,0.007600657443398688,0.003131357846543774,0.006549077904285392,0.006532859716554115,0.0032496436902303113,0.003953765604617021,0.0024624012199349677,0.007810974665061669,0.004064843225587552,0.002785236175192751,0.008083298647524936,0.003312284929315189,0.0019238358435483725,0.002608804702486673,0.007081265200196971,0.002274705270348545,0.015475342018127084,0.0032180315936859694,0.008045847498904404,0.01501953664073756,0.016181273090861155,0.002894387333318071,0.005326618596167083,0.0017890668476987577,0.002161242929679515,0.002816277222367991,0.004048465685690869,0.003509599833337946,0.0035457471219448597,0.0027290217061728523,0.0033168415993330416,0.006481409912310451,0.003052861755225323,0.006701635542214189,0.0033513126649659026,0.00436889552142367,0.0034288523797010527,0.00534685042404811,0.008687470277294633,0.0021324807581457246,0.004031157690599755,0.005683646280112611,0.012027066575105178,0.0028337325716575826,0.01098687289534759,0.003921517096692399,0.003734131652470364,0.0030068872843145205,0.005681916656470522,0.005209140552162544,0.0050869280070596126,0.005036193535392217,0.00650586067978887,0.0032084463270162763,0.004418252269956983,0.00611699056845335,0.002452193365080965,0.0032665185119013793,0.004861227777526632,0.003461886992703926,0.005848874896482001,0.007033549151736871,0.0028890311463750217,0.005494595167008014,0.007071942916019318,0.01596029799825917,0.004997450481164584,0.005063440487948638,0.0041673344480007615,0.01011869023013971,0.0058652283597642905,0.0057414373046684635,0.004113280738407725,0.004487164317489157,0.00310030407075177,0.0038999448526977174,0.0019256165278571397,0.006664039872484514,0.005726296296119059,0.01849980814041019,0.0021012866753372895,0.002760627303697928,0.012027342578795716,0.0054667589228134476,0.0020959707097586654,0.006443425283221719,0.0017398034001282778,0.0034744324084067285,0.010753131901214255,0.009710778694081261
3798,0.0068814003945680225,0.008147566540726217,0.007839478318995244,0.0091432122844009,0.0032073436070976964,0.00477918262545067,0.012258672561148383,0.005795878301677799,0.004826550396904326,0.0071236137347906086,0.0032965938879453,0.0034021501171882518,0.007120611390842189,0.0033583580207392563,0.015038099788003384,0.005287801600183585,0.005477939754237644,0.003748754616956498,0.0025112678651850293,0.007114721220180346,0.004781342083804379,0.0034890090325348766,0.008987630716930874,0.003932044486224658,0.0019242770206606228,0.004167316562529407,0.007840301305463752,0.0029905104841026035,0.010270979691154977,0.003000512639701921,0.008806736689099792,0.015396146978706999,0.0169107784693234,0.003344612200099518,0.0024998652974815194,0.0010529042482087263,0.0030696509539671745,0.002141682650877892,0.003790473137794044,0.0034874077452831565,0.0030411048152266624,0.0028098524443278955,0.002100598686328893,0.006526437101297966,0.007511251127281465,0.00930760753575599,0.005104444402557058,0.004418459533580259,0.004356934642216185,0.009279237918371345,0.0037251721782578908,0.003112443685663669,0.003805151082100258,0.00587807497099968,0.014444466249770438,0.0036593460812736284,0.01636625496255836,0.004674584006158059,0.004987163685933014,0.0029108828457364033,0.007658370373310059,0.005475395048088752,0.008624369996588933,0.004905862260041267,0.006818451412288329,0.006152102715787867,0.004494438222650126,0.005093863758095427,0.0025994217145567664,0.005864753392857786,0.004819373448098754,0.007875850972985534,0.005060479199875696,0.010844095695654843,0.002308309009331459,0.008815947414100713,0.006463609851140434,0.018012599956228354,0.0041377554724542215,0.003928588104268322,0.004485249664835216,0.007118069364125916,0.003982930446387351,0.005388108613408311,0.003142122794437355,0.004998534213799784,0.0037825697923154476,0.002248575703184204,0.0023671201085692546,0.004850238674448596,0.004830519867559062,0.014168128757614038,0.0018855222001967335,0.002985555822411443,0.011258605986086676,0.005270910164762582,0.0032164997822462203,0.00552571654423763,0.0025885272273181905,0.00341876500181308,0.0062782079102225025,0.009842624441877897
3799,0.007236085356872135,0.007068096579185661,0.007127244937766659,0.009383373220225994,0.004049899754435819,0.0047865890387065345,0.008377900724502197,0.005237924993176179,0.004304180339749575,0.00897348023812701,0.003064316102072762,0.004493746324949151,0.00901999482434318,0.0039728454014628725,0.013623959889248874,0.006516596986117956,0.00461171085889935,0.004524401002162898,0.003525225150603082,0.0049657352581798635,0.002370138311394827,0.0035841656342340987,0.005122442010014119,0.0033769334245084227,0.0026236122530032173,0.004955073989723516,0.010797589766476521,0.0026164170717972203,0.0073413756064834865,0.0031300209283065005,0.011320223717207317,0.01361721504345266,0.01633403554694139,0.0030903532176774435,0.004757875610661794,0.0014007166721588693,0.003739235032826823,0.00248899274937459,0.004015124725083989,0.003500756200207853,0.0025728694800772247,0.0025766014700139327,0.0022506204831627863,0.008289288403576046,0.004232517641945899,0.010011468769158224,0.004797770526888408,0.005480350552483214,0.0038105840165879794,0.009737172034958495,0.004546101028573377,0.002540525259059889,0.0060972664515001485,0.004800345769232935,0.013884130777341257,0.002675506895910263,0.012550610728867416,0.00874633941730391,0.005408729944170766,0.004312437218582926,0.005772630012880966,0.005662959575790807,0.006159378668352019,0.004238239595547129,0.008315132641698952,0.003831970139069173,0.004018454667520921,0.00510102008956171,0.0021560281040460213,0.01256957113967841,0.005832051429083179,0.0073769713789916674,0.004384600192672291,0.007996438824726136,0.004690309226823193,0.0060887332473732545,0.008769567472029805,0.012756239954672816,0.0036164033041663534,0.0056489710438853554,0.00541165576777434,0.0053029323828486605,0.004284383078349583,0.014729066905135854,0.0027211804217019357,0.004785365652926284,0.0034937439342108715,0.003157287384494094,0.0014962151083280511,0.006637823851745386,0.004769028904284789,0.014759476796433748,0.002025855571080262,0.003790222399211955,0.008045514073421063,0.005778219203713747,0.002880275460892641,0.006308977439436061,0.0024493395746320846,0.0030305743073238537,0.012571775440910336,0.0064231586567522125
3800,0.008237157027824916,0.006096303334238945,0.006880446020102463,0.01527451101718471,0.005042254295739023,0.00679195487677655,0.008536238967960578,0.003162804986808385,0.003801799506556788,0.0085610629793061,0.0035122865346138214,0.0060697802973648605,0.007878287006488164,0.0037022186096856307,0.01003584751643232,0.005781226700177515,0.006206572136641465,0.0034926792899820473,0.0023877820061667054,0.00774850058508683,0.003012176722362844,0.0024962117644083885,0.00579331272204327,0.0029170419842256714,0.0013522258029626348,0.006267572152162725,0.006161137663549796,0.0039066122835124395,0.008518941270893561,0.003542567174303067,0.009702987489862515,0.011630293320027837,0.019349816997191262,0.0026558380704400026,0.007160170801037533,0.0009437073799443656,0.0029341143052812007,0.0021849293851137577,0.003938094860849459,0.003623756005578019,0.004090004097529504,0.002695909796289002,0.0020293570220375366,0.008948875072453753,0.00408366093187757,0.009079536165709539,0.004290756900818558,0.005602369209407293,0.0030387072064044893,0.006295098470406147,0.0050532897862136635,0.002176819967490488,0.0038081425786650677,0.009815946640954452,0.01642934060154011,0.0023880428654385446,0.010052237506799106,0.004442300778325267,0.0035065039492057012,0.0031333150009893005,0.005001382069061935,0.008004001941302482,0.007083406981304988,0.0058846126060060735,0.008545979765010168,0.004438567963694172,0.003640589368660384,0.004184373287723276,0.0022263780563275106,0.008387724979888014,0.004305499787233605,0.005735318142523697,0.004035627954196625,0.007966768272156173,0.002294909329119034,0.005626072998087987,0.008626332708644716,0.013365380623971388,0.004215182489410339,0.0037637952245380924,0.0050010627022873825,0.007472471202342972,0.0031799988173358655,0.006361526969898576,0.003000133379982349,0.00537065747700457,0.0044461184751216545,0.0030298792710372704,0.0014233818980307152,0.006766540950026694,0.005884756432844451,0.014121352807790505,0.003172946415354843,0.0047236893159008425,0.011427833136961512,0.005556912748149175,0.002449136775597213,0.006382836132398877,0.0018736972485887864,0.003138158794527796,0.011364207222941082,0.00390112431959351
3801,0.008965871725965621,0.004489706997075186,0.005877980338171918,0.008923087713566449,0.005277087323774331,0.006729206837302341,0.010635421389927485,0.0033564137448917493,0.0031125418082273448,0.0036799195270866437,0.002759890138654435,0.00429213367961232,0.004176161799590265,0.0032924189144421805,0.010299842900068834,0.0064684917469497345,0.0029874256581030874,0.005005838634716261,0.002526384076747253,0.006478132554918504,0.00289739972223266,0.0028762873520809134,0.011673892330633644,0.002304292530143932,0.0015635573814890239,0.0034295212679112015,0.008354889986884089,0.0028458658204394078,0.006627123803563079,0.0037355453594920683,0.009320416724698726,0.015648526146152485,0.016546254916672984,0.0025765856055396524,0.00423342427323304,0.001164054529240676,0.003248017465866686,0.001575942617002497,0.0032306123448182515,0.004024678344286736,0.003808590882717097,0.0038483160279292224,0.0022699088104883723,0.007374236789587597,0.006763443293377931,0.009519984651875028,0.0027110496130490656,0.004782389396575061,0.0033725113142677133,0.0059620385809834725,0.006601955835102804,0.001745902225980244,0.0037038629184008662,0.004071206300521115,0.005329680106916098,0.002372857333443218,0.008370209214393024,0.0027875327975034245,0.004005088883387086,0.0034804892879744605,0.004802123680996122,0.004905019980237592,0.004400254019048486,0.003464328254864524,0.005762558354342914,0.00372892127823711,0.003451192426897006,0.006533089029679333,0.002276938436963282,0.004669419940040023,0.007367553604166431,0.0096768096632488,0.005926416822787401,0.0171305418184931,0.002693276400430852,0.0048112941337453315,0.005788228990989149,0.015154387631681513,0.0035194844966419513,0.005725382881108388,0.003884546141005494,0.005238905012074899,0.0032446133905341323,0.006489304454888468,0.002732423157900777,0.005079733264528111,0.003358894972324313,0.0028090368724846175,0.0018216692224757279,0.0056567510354557215,0.004549038462652335,0.007000363702816621,0.0027083721768182147,0.0031950873407813993,0.008205768759814746,0.006588800375949459,0.0020148140464022065,0.004961946265915315,0.0023631959818560463,0.0032850123250735778,0.011310121751734615,0.003967716418206036
3802,0.014243505356922542,0.006754066348901567,0.006620637878373632,0.014183517739699204,0.005630984233207814,0.010006256102684862,0.008124201810691343,0.0038650163206045223,0.004203300993063761,0.008732182186314212,0.0037798978642947616,0.0039939101333610364,0.006486681895531318,0.003238966701045662,0.02425387863081783,0.004849673207054337,0.0024418983997354995,0.005233534747327805,0.002065221638429881,0.008581636405037549,0.0031865261938940712,0.012682680956052782,0.008230245545878385,0.0027871062722801625,0.0015074281389765218,0.0031627149392898985,0.012201494613857118,0.0025900109461712965,0.0076845770960286995,0.0070944752700778605,0.008730809960544926,0.013394930902447063,0.014415029767588001,0.004576150754657251,0.0068922383492275975,0.00139533544342188,0.0059043988366900306,0.012246113368399193,0.004240127758463713,0.0031276220798635164,0.0033024172621393777,0.00391781151004202,0.0022093519337492034,0.005511741868374462,0.004824629208915304,0.009527808777717774,0.004318064875757959,0.005079053573161874,0.00324903318528106,0.005957745192155205,0.003603984636430038,0.002514707737655858,0.009030467212768145,0.011522692207380354,0.005668068189982238,0.002192983706413192,0.010730917706511325,0.003024240155918848,0.004654846098446627,0.004097266588106736,0.0031453478423394267,0.0049068263448471166,0.004673454187096198,0.0032025654669530046,0.009722568205707655,0.012540233832153838,0.00409504248827545,0.006209580981080726,0.0020023454450510017,0.006492239671813518,0.006651450603795041,0.012055366459239335,0.004693356150664085,0.010074445034893327,0.0032046669222276594,0.0035535035963006048,0.008965224791927113,0.011819975656234672,0.0032264999193259854,0.00445668556985169,0.005216570079528507,0.0058531101257032325,0.006251160500118729,0.007535331292885335,0.004109075151470036,0.005411706141750306,0.006673364424300365,0.0034625143572843647,0.0037373210998305996,0.006999628238995846,0.00595960667951304,0.013052285244073451,0.002723194934444741,0.005430454535242545,0.01035514055185481,0.006254491409915257,0.005472801962493835,0.003972013625577291,0.0021726746372142227,0.00646454143852503,0.01282256357623616,0.004948078216748271
3803,0.009097587127493227,0.004499946070288601,0.007727428841067309,0.012531217549131505,0.006157935249635051,0.0072918848472780795,0.008562436440582643,0.0038686519397364287,0.004372782403795691,0.009135512477896226,0.00436769364816127,0.002957923254927296,0.008926266908941539,0.004735970091340652,0.013389453298051192,0.004697156963089731,0.0031888233505184722,0.0035158693344192376,0.002007663463337751,0.007173942997128246,0.002861304365063128,0.006920889796018915,0.007298756748242006,0.0022617906903125273,0.0019869962980366197,0.00256808275408198,0.012527383789485229,0.0027825748554143235,0.0084422622456157,0.010414023761248585,0.009250694383379846,0.013153856714646528,0.018776333189286457,0.0036171866291916975,0.007559583816140041,0.0010829284996492663,0.004565820760040354,0.014770997444691243,0.00415094526345158,0.0036726949141572844,0.003172394237125773,0.0036275092442815318,0.0015274082708672063,0.005993219453769509,0.005099241060303493,0.011008363584845872,0.003139708667205686,0.0034090924923535757,0.0030047388060240095,0.006285969200313978,0.0037757212235233198,0.0021177825812089142,0.007721372024187247,0.005672733417988469,0.004475169564940378,0.0020800036872277343,0.007875934253260691,0.0036783619358590402,0.004044255201213069,0.0027068076969318363,0.004492490575683815,0.006332598505147339,0.003629821111884373,0.0035309135962116856,0.006724787210407898,0.01160572168928042,0.0072412399527928975,0.005375898969739812,0.0036139641078384794,0.005339908830578718,0.007236165490384461,0.0043439101941978794,0.004162880214038416,0.007916632741771354,0.0019701114148312072,0.0037073572863667425,0.008834450451605653,0.012633922689546799,0.003360034629740832,0.004340849955544434,0.0038841764584784453,0.005915566648262002,0.003982960402469243,0.008010514279205705,0.003935614738282171,0.00344034614857019,0.004456558252124968,0.004713126813506286,0.0027984950249526405,0.005480518727744847,0.006411719992689375,0.011320981855199275,0.002210768990188789,0.004981941809320854,0.011595987082159911,0.006912786583992182,0.002844355502389017,0.004486915665822757,0.0018484091434891933,0.003042686338078083,0.010354512784262797,0.005949995332853925
3804,0.010759624176407093,0.004978312955636136,0.008189262916247757,0.012564496451901533,0.005465311093221846,0.004611378265733996,0.00798864659807923,0.004322486768687377,0.00427670723187416,0.006508257688702806,0.003050707338273502,0.002865823438250582,0.006209481413202356,0.0029015711289772602,0.008553815959388833,0.005583376552396167,0.004046400131555176,0.003895243166846695,0.0024542141460683923,0.005944591350602109,0.0025751092471839486,0.0026149800913323733,0.011447906103560359,0.00207665230052388,0.0015013445850131743,0.0034060183988894087,0.006694059969003073,0.002789035840456729,0.007668054858236999,0.004339824644937945,0.00876519803344881,0.013885077062914364,0.013543725787995724,0.002477883617638064,0.005369061542064852,0.00101724348420684,0.0027577188401624827,0.0030102902939306607,0.0028368201120100005,0.004179633086197961,0.0032068695007982503,0.002204929593384374,0.001901523006181143,0.004047404772195834,0.003843858513759874,0.008334759873612898,0.0028149021738995243,0.005224585848663686,0.0033432117343612637,0.004673516834629937,0.0031742495897196608,0.0018589471278181407,0.007433305207052535,0.00696043300184848,0.007475844628465911,0.0018662194794421758,0.013614601043597756,0.002999912390699206,0.004502640739363099,0.003084538934491585,0.0055786330211894134,0.00567891360125382,0.0025348069683384976,0.0032792831844159344,0.0066233857253605345,0.003223804992501314,0.0045801002144079525,0.005246832347841252,0.0022535933623957574,0.00391147833934945,0.003613655874118664,0.003886961483372956,0.0036442926680181633,0.00908750976525821,0.002329662561148345,0.003469095060058309,0.0052172193197281055,0.013218985616511926,0.0037091168759505484,0.00361268087535011,0.003161615716884135,0.005403388489151132,0.0049404175073086455,0.011130291237167945,0.002369792105674843,0.004108336713586954,0.004007814651286913,0.0041433265143806216,0.0018462885002057073,0.004722390820267897,0.004884092574950437,0.014871142286140629,0.0019813016922375476,0.003508618783724272,0.010634777898862992,0.0047990776941414974,0.0017850301189573582,0.0034540075334642496,0.0019080864478318723,0.003288352270920319,0.008165291082192508,0.0046532845490581285
3805,0.009512877017541863,0.004559829896405196,0.007692113218339361,0.01432344459466469,0.004542071676370935,0.004834276597409536,0.007710566212274513,0.003039952546615557,0.004581270624061318,0.008973120357614986,0.0032348199510960655,0.003069200009948224,0.005990060194056472,0.0028818662637733958,0.007123271987323454,0.0052507598745201636,0.0035791015432521094,0.0038603204969123723,0.0023191905103368523,0.007230918028580462,0.002340514411085532,0.002948217735498618,0.013629472708427851,0.0034863282947996343,0.001948723911430405,0.0032648764749896573,0.009443257183141734,0.0024676882763087576,0.008054284169228298,0.003851510537534213,0.00872589496650554,0.014032012754109445,0.019613736818450814,0.0019243419869360162,0.005025220981085099,0.0012737274638248352,0.002689541991553014,0.0019214113269153637,0.002743790348304315,0.004179633086197961,0.004276851258185252,0.0021909604023966993,0.002148621438238502,0.005874434480813604,0.003317537324688675,0.008947641656860496,0.004980552481470792,0.005306766341600933,0.0035920621840103803,0.005555039917235694,0.002694583580247166,0.0021213589913058315,0.005265570552852482,0.006629891341725385,0.0065070368976731215,0.002707104684605632,0.012244263530664856,0.0034008595300949436,0.0034045219753603678,0.002635119281650819,0.0051205353494727735,0.005615731774207723,0.002310775291379529,0.004038627793545149,0.005097164859652906,0.003391784929218162,0.004183110320382888,0.005492849721513927,0.0022147604318737838,0.004910812061481003,0.0041958978229187155,0.0042403466543253394,0.0033037425614455295,0.00825817301505027,0.002439831133644027,0.0033051200187639196,0.0056433865226858705,0.014476667533258304,0.003912394718120646,0.005289475197118982,0.0036492393099723515,0.004886934070976772,0.006332488873448749,0.003773249428500687,0.0028597161549625298,0.004243781396897704,0.003206891171508066,0.0033357169143369936,0.002296532161181339,0.005047051004228335,0.005285393413557585,0.019556887428261692,0.0022589647768913273,0.003118751687526961,0.0117351017559635,0.004801841991956618,0.0020508546439086915,0.00463440888081074,0.002075779190485396,0.003247856066533733,0.009039091019210993,0.005653666188611157
3806,0.009318907051147848,0.004789030407380073,0.00810570462291697,0.01772365752170113,0.009304385988822434,0.00415374604766348,0.007937767633508319,0.004501635732170194,0.0040286060478010345,0.008238418844693705,0.0027360024341478873,0.0025704704814250804,0.008309629607729152,0.0028959160571498613,0.004500122941134061,0.00516232067677482,0.0046898942851939405,0.003444886831082146,0.0023432493282976403,0.015144050190936146,0.0038643910801918094,0.0038861353556788173,0.00954749327701102,0.006748295218556965,0.002090880628523176,0.003618666435055882,0.010847774084388022,0.0023870688238803177,0.01084755393923097,0.0029231790605655514,0.007674871094597054,0.014405819330417331,0.013896497861467771,0.002057676726423733,0.005648710015302127,0.0013484523891035957,0.0030146962332843223,0.0019896043519707605,0.0033329584848235485,0.004034731509296698,0.003835429683941499,0.0022927636942044055,0.0027899233650002637,0.007033884399116843,0.004339635257833556,0.009576462831724974,0.0035004834984846615,0.007878177490630342,0.003462956674458766,0.007131288097650187,0.004686924844836515,0.001725551503220776,0.005137854386669567,0.008108236619178266,0.005296673157340612,0.002812941135156455,0.01240978796659651,0.003593501309849533,0.0033360893714590757,0.0049402033731785824,0.006333916410960007,0.0058534451611985516,0.0029987337676393422,0.0025305593022602016,0.008651275651507313,0.003195361475564727,0.004545729302240382,0.00451896087506425,0.0026923268514242133,0.004086279824400148,0.004310336652800929,0.004546174392239993,0.00542003874088847,0.008221914639602862,0.003659065211869755,0.004103717723161502,0.005340619758295742,0.014995177239980647,0.003595472056200132,0.003173371099047035,0.005599747468557538,0.00560399329835764,0.004534661748786992,0.00182654137499107,0.0044637301402544296,0.00468240838446635,0.003027518937216524,0.004588260041160992,0.0013765909080486775,0.00408277547055713,0.005063460212291771,0.01597223202200447,0.0020054628992810714,0.004651846379902611,0.010749384723903578,0.004137440955265136,0.0022938911253843996,0.0037735034853298276,0.0031435245266631497,0.002896075939601628,0.008961792981209025,0.004822721833533194
3807,0.009286921901818205,0.004635505843557203,0.007029177947375438,0.009056111532436037,0.0054679663730350676,0.005364268486786003,0.008963185389921212,0.005379521914507109,0.0048092109393360555,0.006687314889777221,0.0036110542589009743,0.003257704854063972,0.00947238273751968,0.0036402711685896475,0.004780149966375618,0.0033828939207928496,0.002783315544026191,0.004644194025982522,0.002697660519604769,0.006321519694629093,0.003732502261952089,0.002992057703812653,0.0078056521582901715,0.0039028112598377285,0.001965773892037508,0.003637872854945381,0.0075140118616292256,0.0020110331438078217,0.00839044430756655,0.0026181955066170537,0.009829253377523899,0.014926875550917724,0.017130690665814886,0.0025365091767798613,0.00554750961288061,0.0012559634510001367,0.0028151725045068325,0.0017212750924528843,0.00319123465770255,0.0027606719183136267,0.004371691734498592,0.0029094326405736406,0.0016717872265047745,0.006386878360232326,0.0040552112144578755,0.008429299762784316,0.0033703005630663714,0.003881718887239174,0.003802803315828951,0.008926933708957387,0.003638439723227886,0.0019518969774374368,0.004123385653459958,0.005589727792365595,0.006050764142785414,0.002956985797827338,0.012354945567315753,0.002597659170003827,0.005031944050622145,0.004105821740871874,0.00456128977540365,0.005425128603116019,0.002799282452406023,0.0035708578906741575,0.006418217847916591,0.003407105007287966,0.004216272750201409,0.00398940924862421,0.002849390973332241,0.004748704843601124,0.0033727600375870136,0.005760586857371144,0.006101822242525916,0.008619272007586352,0.00250474996971946,0.004853612332238405,0.006205171345800219,0.01778817054959298,0.00355407650681349,0.00351130565898736,0.004338109106066654,0.005314923016998667,0.004320868341674131,0.002177877255166265,0.004123422105657264,0.004777206058271303,0.0032629765759369118,0.003660486162837343,0.0016358527239580963,0.004286967284253022,0.005814187258683512,0.012738477996956859,0.003237866605494926,0.004419984877130193,0.007867544846084694,0.0052195557400174855,0.0018728331268012643,0.0033071587098740733,0.003336087545647961,0.003134636643675727,0.015618269902389985,0.00616718287557555
3808,0.005703491538239704,0.004816449711691835,0.006969987352152586,0.009555813893969456,0.007668905234088024,0.0055655260101302815,0.01001752138723817,0.004384570094079981,0.005165617154804275,0.006792397786934992,0.003523920847537753,0.004213579891766091,0.007983600727536354,0.0036674929990025114,0.0054327027386846995,0.004075128584959492,0.003608586644702324,0.0030861331108702917,0.002906388465887338,0.011439879126655882,0.004748171586786449,0.0032540858774570934,0.005957936788328588,0.003423015994582943,0.0018806684466407219,0.004003873558727212,0.008469106111347099,0.0025887646560585594,0.008816634639832673,0.0029272769855822186,0.007756586245373058,0.014809872804376503,0.02191209553029245,0.002091362901616698,0.005266285512446671,0.0010694259969292474,0.004340292148304653,0.0027442529192643807,0.0031411880896650714,0.0030451704173133022,0.003998613942715734,0.0030992105073200118,0.0029831252649007113,0.005470397886927857,0.003246661426407421,0.009044263186816037,0.004043354706377014,0.003723005452007065,0.003040804037766399,0.008110337679804921,0.003499804192953614,0.0017902323363711383,0.004638412319400991,0.00625404869162129,0.006630084915816141,0.0021083168135752656,0.009806546714133797,0.004236508286967603,0.00425155874231902,0.0032172046808235408,0.003828790648046527,0.005903110457347379,0.003427968875136709,0.0037155721104452466,0.006938859312003745,0.0037725691421302,0.004271272128439348,0.005478167410222613,0.001980668973157227,0.00720950960244265,0.0044668410059355386,0.007651081438670411,0.0038727823418093542,0.010635862085648692,0.0026110073426297417,0.003941816086828671,0.0073273910579802985,0.013490157392503341,0.003977559506719925,0.004346652007750502,0.006090213674482364,0.006695141333800363,0.0034392224911997046,0.002688486177830984,0.002185975658708636,0.004144242106127167,0.0027927409220873966,0.0030815152729924654,0.0018160270359695535,0.004572671106082808,0.005404195954425926,0.012055280691167668,0.003235971900380041,0.003467186359308331,0.007485421346638514,0.0051698726690252465,0.00262547082250222,0.003589349746655651,0.0023460743931594703,0.002635003115176246,0.0133969013153747,0.0071485124990079444
3809,0.008002600475701822,0.0043383404405378375,0.007337488428565297,0.010206808622056585,0.007069889074992631,0.007431328811139312,0.007176980005455744,0.004480515233333317,0.005125003574761423,0.0051053613195960025,0.003789473199402505,0.003251949596500788,0.008054498634019518,0.004580887000001777,0.003909059414825068,0.004245104414798968,0.003600795846550863,0.003936346134480664,0.00204185787744933,0.008136747427240574,0.0038802602399342074,0.0031827128054061336,0.0068823610748034395,0.0027779130218597834,0.002118906409451748,0.005977845899123992,0.008234991686673078,0.002357040625255525,0.009001030005099043,0.0031590353506309966,0.007519458005806911,0.013637671656517192,0.014160316500143258,0.0020700572425491957,0.00862941027349497,0.0009419446245089376,0.00373294483122455,0.002191888701239537,0.0036652417206515394,0.0038346772323987486,0.002973849530122049,0.004139696433765736,0.0026660397785353484,0.006735652536289443,0.002967274170620525,0.011850972559331993,0.005132043383179675,0.0053472469449367885,0.0028458886073384738,0.006425534316873111,0.004242155415805531,0.0018670796139653785,0.0031307804534866754,0.005982004841114049,0.006759056061700346,0.0022978810310984835,0.00775931953398456,0.005324657519979846,0.004223304586874771,0.004055693160918863,0.003363604616548735,0.006206452209647767,0.004345026889196695,0.005597308664812735,0.008622810919169135,0.0034074191912681754,0.0031391014572423135,0.004187758625422499,0.002650891303673937,0.010281516811646218,0.004754473653806577,0.006713661621039815,0.003612249623420879,0.008485190481752851,0.0028631999473694787,0.004449010264155145,0.008575252449931665,0.016597733737789378,0.0037138600625745127,0.004580333191593213,0.004710342506910575,0.006651902569779415,0.0043993297030157094,0.002746459387037322,0.0028253443212276036,0.0035907340135403983,0.003175281825368373,0.00300012156766765,0.002758385516157698,0.005144175929556022,0.005614210836659451,0.012796756167909923,0.0018897211533263902,0.007076225165750065,0.008485431165973624,0.005161872791486566,0.0022006985038406416,0.0031722552459706316,0.0022378369675630726,0.0038210316596366993,0.009605203866073378,0.006750084006373386
3810,0.008153876119371389,0.006994718382739657,0.006529195762756023,0.007696336916617819,0.004926189912101986,0.007232868868722312,0.009055215856824188,0.003850953044615868,0.005926803828245733,0.004705283174788437,0.003667621689103345,0.004085996393878769,0.004522140763188997,0.003486601596325566,0.009773204192799324,0.004549995808418463,0.0028038133815647694,0.004502260398667596,0.0028074607708363938,0.008112713748224334,0.0033408574501021626,0.00322171836137534,0.011797934042583723,0.002178880856486639,0.0017085216381209942,0.004182397048996424,0.007407089249472174,0.002044711560994479,0.0046810222133228845,0.0023037298000088474,0.009084274352388642,0.01636665901700595,0.017445462984548334,0.0031892859638871372,0.003526165430356515,0.0015630616489348613,0.0030954986386832976,0.002087280079751239,0.003306458488391457,0.0038564021778038937,0.0025790913120886474,0.002199816349843721,0.00243281049033989,0.005008265074831309,0.003438739823488232,0.008593172656084303,0.0037702103189333936,0.005539108422778022,0.0033471472725755394,0.006077083249404033,0.003408710657745701,0.0019351441180673072,0.0035952763716115563,0.00685977732597214,0.005575386614195123,0.0026147489070813363,0.009961612604747844,0.004084044035222389,0.004447627889689608,0.002917611550213173,0.003985336453668374,0.005963676070552553,0.004360641488953573,0.0037602253911268877,0.006480635202347389,0.0037088413763321977,0.003828823081116064,0.004313547784950427,0.0024247408727551636,0.005346699231490316,0.0087352913368107,0.00705930606956378,0.004929151250758619,0.013074556745377908,0.00309854203156375,0.003475109984340055,0.013464332635018115,0.014596460058996551,0.004026079846307417,0.004064686867574905,0.003736177551332025,0.00789932999048368,0.004423990519174803,0.0020747327429807235,0.0023833503255086836,0.0039148573755975824,0.003039599742784062,0.0031051567585721604,0.002172584093740749,0.00467686793912201,0.004475280324813544,0.00640396698757514,0.002522072110758468,0.0055474744665530255,0.00868898881768511,0.004281801306790442,0.0018425405590985105,0.003319868705112016,0.002044275171843432,0.004156900541680396,0.00557053279382708,0.005494124809270086
3811,0.008941829854105748,0.00649215068506684,0.009596729171012529,0.022947649247871765,0.004736938471438405,0.007353089662001556,0.009031462317542826,0.0030162938705104742,0.0056436189344104565,0.01007017632185149,0.0024618044135776853,0.0050138962930602144,0.0072558343369549866,0.00486887824150712,0.006259850408089834,0.006059847607287849,0.0032146697573773395,0.0043204713813605805,0.0026789677582875855,0.009778887986696736,0.0040063501962837225,0.0036979583366889843,0.006485370773836925,0.004452518444304346,0.00189977641496135,0.004464566089384167,0.00733256177991457,0.002024456555633292,0.008436012378965631,0.004974164216900706,0.009012931142341647,0.013933158948130499,0.013913513068447944,0.002255273625689806,0.006287664958930312,0.0010213912224364009,0.0031194562231993232,0.002641307550621354,0.004306708525466961,0.0040164687557587226,0.003058909022521138,0.002538612297745767,0.0019013498041405919,0.005308782078163033,0.0044572288768044465,0.010122335352385069,0.0037607362584959696,0.006121233220606085,0.0035298082056357,0.006019152261185935,0.0052259599690809965,0.0018229063645730408,0.004015086258648509,0.0064462750242498664,0.016867377636671073,0.00220753324160976,0.012670090784053996,0.0027929029043439234,0.0036096078363529733,0.003872718418582117,0.003278708918221448,0.006385593855645032,0.003912553178477049,0.0037271895052728853,0.009572564164498094,0.0036259291172345124,0.0035324128989639796,0.004227217413191122,0.002343176165914699,0.007912688346471965,0.003589621337301255,0.004998278833626224,0.00430134428821238,0.007223449714925017,0.002780934846263492,0.0055256131389046165,0.0061689252192932125,0.013596631205581687,0.0034801455578450328,0.0042966630903224345,0.004748764030373466,0.0050027326222969225,0.003140259240048955,0.0021944788578127775,0.003848582297285221,0.003911149095899874,0.00409326702946868,0.004265635445986049,0.003395156485020164,0.007230677018643505,0.005619812311252435,0.01723054996650675,0.0015624750445667726,0.004100828495942266,0.006384692741893218,0.0068920854507282334,0.002587570905639387,0.008014946008130195,0.0026265066109759008,0.0076367861557800195,0.01319926899474199,0.010402630263011112
3812,0.008229261995223395,0.003934571083235251,0.007256589085685753,0.014095636967516654,0.004733370230326151,0.005409678772814024,0.008440681839887733,0.003926679081857242,0.004114859397595528,0.006416503664176109,0.0026065400162385587,0.003535989309141875,0.006829013100391837,0.0037735334410395256,0.006602602809902267,0.005400328285719175,0.0037860812451401735,0.0036742393984758462,0.0026542754364249055,0.012074051860145155,0.003365713600879175,0.0030743705055148378,0.009300728447779943,0.0040390906146569325,0.001448962951108969,0.0028788296510010775,0.010300932249676294,0.002326666660362105,0.007939909671279166,0.0036373343857738524,0.008350014148255109,0.01605921649326799,0.019319267590746453,0.0014820720084300029,0.00488974548851907,0.0012337522367267283,0.0017868329503231072,0.0029964364133435416,0.003384519021153957,0.0031806897383134893,0.0032371856179001604,0.0025942240599255632,0.002024352095072381,0.006122480003275319,0.003948225504041521,0.01127885226130071,0.0036748208611449085,0.004952704547190915,0.0031499690907610674,0.0065773277027109354,0.0024955057614733157,0.0015085464684821811,0.0042871839716036786,0.006367281244724418,0.006869787170663833,0.0031816084108873236,0.010847498600993396,0.00362137806343443,0.0031154504208520525,0.0027240527939306892,0.004622630242655894,0.008808133931300045,0.0061254592152389185,0.0037035045265487415,0.005817317017167432,0.004241920457287743,0.0046608608184394535,0.004402609695562539,0.0034502930661559836,0.004861130366059006,0.004288737628483866,0.00563020270449238,0.003762861209383312,0.006429583720462174,0.002230361046824182,0.004761825809295781,0.0052627151346653,0.015002190770789969,0.004133384436249533,0.005309374115863367,0.006257012226419815,0.005585349543774145,0.004575257662467314,0.0032034684786572502,0.0029558977515088606,0.004288869108812516,0.0038330243983621193,0.004307574836511046,0.0021757251195023194,0.004867215090664206,0.0033917613944339934,0.01431658064413274,0.0025995025985309267,0.005154177149741687,0.01042842111767156,0.00574920894411579,0.003612406296735932,0.0067514088531684625,0.0012758716675370957,0.003129262653243697,0.018719237620365585,0.0047946809631294295
3813,0.009737344623194042,0.0032186241278610037,0.009598734254242977,0.014085005267710757,0.004315702583444933,0.004904121503898798,0.00839270351337454,0.005070590809253706,0.004800184951742526,0.008377464728725635,0.0019024466885643075,0.0026213654363203692,0.00757234807613158,0.002392186913773106,0.005748435393864021,0.004105538652129481,0.0038886848664876263,0.00409346170613658,0.0021005783602543173,0.010676871444442702,0.003708788435795662,0.002960460104362945,0.008828362250616272,0.004088863541295824,0.0015779734408380593,0.0029041150521421834,0.007430506504313021,0.0028156610773742226,0.013293903271090727,0.0030132760504939294,0.008197201661201765,0.016496893274191564,0.01198478806909495,0.0018590578871254411,0.004688139270131433,0.0012876581137164396,0.0028672909941445954,0.002797319483859015,0.0035711531736792577,0.003588091355682296,0.0034323534062700393,0.002950038738806015,0.0014119082461140355,0.005602907742068401,0.002869775701632665,0.006217626647581626,0.00421665858283837,0.004812348288411665,0.0040383408579473725,0.0042591080496040944,0.002237292283579633,0.0021347151663070776,0.0041205710167033244,0.007378447391089752,0.00696402865673986,0.003216277319398733,0.01150366416042565,0.0037873191645643924,0.002985785044368628,0.0030894334014718557,0.0048290837096704505,0.005205828268607754,0.0035482058089331076,0.003796985421318968,0.005646196078518715,0.004595574933459548,0.003410901101548897,0.004351730334213545,0.003164567788965829,0.004391519243998394,0.003009494289240622,0.005038900814320928,0.0040245761471597585,0.007024293484121148,0.0017078945048485791,0.0038874724912428367,0.006541286484058458,0.01848567299204736,0.004652698496932899,0.0051024924909484105,0.0037528404998122896,0.005848538708953063,0.004053542270130194,0.0020863153068539616,0.0024344594157765694,0.00515463345983716,0.003065847906678912,0.0043135908005425974,0.001631868838531065,0.00428106163621652,0.004677731543472923,0.017167353905043554,0.0021637167769683434,0.0027611317818496636,0.008187826809688974,0.0056228042474567985,0.003522274305546533,0.006409111622771177,0.0023764654621664097,0.0035310819701649962,0.010816857223020237,0.005988503794799779
3814,0.00886939817675883,0.004443941548862316,0.008612496499461835,0.013994956791336152,0.00424754415052294,0.004547449402701758,0.008299295722274155,0.0036577704053252355,0.0046191084478201016,0.006610122020200974,0.001612409819321229,0.0029622547755345945,0.00757234807613158,0.0022568305508448533,0.005507269512838428,0.004326451907387525,0.0037028179846438887,0.00379894916778711,0.002301498695772685,0.008887114073731545,0.003839418682628387,0.003574147836523721,0.014662328955607042,0.0029695702420645224,0.0015618210494642724,0.0022681016559901136,0.008935533896366227,0.0029466006062887993,0.00734949783422488,0.0036186539231104244,0.009422868439682031,0.006188615464116262,0.015715157623509196,0.002396699170470861,0.005157021342197702,0.0012202604443154108,0.003122311978478955,0.002610109276633723,0.002743059142010939,0.0036310050835638183,0.0032528525610457087,0.002950038738806015,0.002189613367277944,0.005926962417206417,0.003292217555495734,0.006657197095175652,0.005216823859977569,0.003233573121910519,0.0036750789805615578,0.0056393433427397235,0.003682919540400208,0.0021043307494529925,0.005252943453431044,0.008144911735111915,0.00573530952542566,0.003216277319398733,0.013786003741083307,0.004692918329656721,0.0034070819539413076,0.002906364956185615,0.004944782741838547,0.007414522077615012,0.0023807706135434196,0.0036869141811912516,0.0056094869206561185,0.004490221907161498,0.0034737975570103222,0.0025134115833456146,0.0030031261820663326,0.005643556690633395,0.0031863539576460547,0.008069332711553684,0.006987902262949929,0.007384452631348644,0.0017240567742258085,0.0034484449264385003,0.006254631746125285,0.01652285692986711,0.004238502292557455,0.00616881047418374,0.002933055670186229,0.005173597650744758,0.004571360651421674,0.0012963873557801052,0.0027494232689838556,0.005263328112014886,0.0030719807336848652,0.004663934555288606,0.0013477670518550664,0.0048411719309146735,0.004849416573537003,0.014078606762496318,0.001726921848047992,0.0029373947126012387,0.013243923596744195,0.004831162298014853,0.0026887440680009554,0.005930417479965241,0.002424788379653965,0.0031704455951517,0.011171096538491047,0.005566499926284607
3815,0.00805169087226348,0.005117919169838158,0.006727732970325907,0.015532555770447359,0.0036915090034910186,0.0064987744130966755,0.008275686366799566,0.005439973818722484,0.005142662588890388,0.009166468516487142,0.004241751160312724,0.004283664853946176,0.006712652782242349,0.0029150588671309563,0.004939016623275901,0.008211130912892984,0.002900593840415623,0.0067211420488650945,0.001957791469077254,0.0076991614768739105,0.003822789283600783,0.0029045479557243074,0.01568031316455437,0.00298357222162521,0.0016600316817622714,0.004189379831192217,0.007120809108524303,0.002337937032003928,0.008835093311988888,0.002425999734787472,0.012133149793570105,0.005786836253607551,0.01618116724052593,0.0015849250560836196,0.005529952343619873,0.0024518042534200013,0.003513539869501705,0.0023780710278192637,0.005492388468622355,0.004005647091993116,0.003120139044764535,0.0031187055723283746,0.0025387648206306452,0.007294072393748058,0.0033721801137063996,0.009273884033372173,0.0032874062073769746,0.0034657229984756035,0.003201009774748735,0.005861283658478913,0.0029684110041323856,0.002468232189014363,0.003125578965079506,0.005845039217154102,0.006227594369201499,0.003834411554345812,0.013947477273310502,0.006968269903322633,0.003798514099162848,0.0029852664061898056,0.008918334864955288,0.006443352582685766,0.002890961074578047,0.003870202141132295,0.005247815144641471,0.004670357740140219,0.004981054436644848,0.0020485627897029847,0.002420496833418592,0.001983834628249084,0.005023443580184212,0.004632757336584649,0.006981696033614002,0.00822030363898427,0.0020256294325275825,0.005043162621032899,0.006391660588423001,0.015507511879250578,0.004937675390513826,0.0045359567125768715,0.006526761146493876,0.007600725617458353,0.0035646668586368697,0.0026479514925827554,0.0035868519650423102,0.004533358225292409,0.0037190831013844254,0.0052046686202047165,0.0017174983604739986,0.011926691618540796,0.005657303220778607,0.020594551329812617,0.002419120130189251,0.0065164906396457415,0.011374921165830052,0.004435326470545501,0.0022777999168223304,0.004885837489154114,0.002598391613345134,0.0030246981297497003,0.009109996568392901,0.010874078981477684
3816,0.0074199158511936815,0.0030095944972000333,0.007572581496613862,0.016578961172547386,0.0036506626270889986,0.005918651343911622,0.006953496716337851,0.005833989318672068,0.004778252312043016,0.008521951502893702,0.004152905371761741,0.0033051517287586837,0.008038225728845803,0.003880950122443077,0.004804089361287843,0.007281517466321613,0.0029898852045460067,0.0055345346536294655,0.001974477251350522,0.007513046007651579,0.0031392743352890652,0.0027160442347976565,0.008993042312407867,0.00433894267817375,0.0015685747652487228,0.0037090588607968664,0.006395072394682297,0.002113052717001588,0.007717357452771027,0.003752518820989157,0.008444834068262817,0.005699459879398,0.013653580623141412,0.0017655089992545546,0.005018745450270253,0.0018552506923404633,0.007377965393137517,0.0021238945183294387,0.004761413625071987,0.004005647091993116,0.002808057800323619,0.0031762358817925816,0.003182693005131715,0.007124836646650192,0.0032195393225926475,0.011439528061686589,0.005390942825841362,0.00745146738708663,0.003737600545420942,0.005893596004135774,0.003961188225890087,0.0029637549831041344,0.003976775994681289,0.0062809337678097,0.00649508280014435,0.0028325668863373905,0.01273066044651084,0.004917811117702831,0.003519335004168494,0.0038062549737254365,0.010389837087172515,0.006185472376597273,0.002618803830786572,0.005552397433662916,0.013027098041895755,0.005649434165815717,0.004976601293020053,0.0021912305190905637,0.002461416629029405,0.006266695880578525,0.006568895618156166,0.004821563774506786,0.004427018973894135,0.00822030363898427,0.0019217980006631487,0.005432279519150673,0.0071634031863920125,0.014394684339532577,0.003869943315751823,0.004860616878450627,0.007773258044800664,0.008561266278858767,0.003359354533752819,0.002240064708357448,0.0035861872576749263,0.005797236148752289,0.004014121717225926,0.00523689409398228,0.0018514721725580129,0.011966731385678447,0.0055205998186701405,0.01818055595887538,0.00191009149552741,0.00537419178346823,0.01215431000733063,0.00586425068058032,0.0029960243754991915,0.006628661411928952,0.002920705060586361,0.003867481918686285,0.008230673051660312,0.010504501746822832
3817,0.007631139237109264,0.004702365691952572,0.008127767082996137,0.014959053014281541,0.0033421864658396503,0.003987888916619221,0.00839083917180646,0.005276178692221296,0.00537838761863771,0.008733298669382676,0.005522028375472553,0.004809477250959886,0.007700628985629429,0.002164791686437127,0.004890787063117086,0.008105065542895994,0.002930141178663161,0.004520959774397207,0.0019124756860134982,0.013500541947129135,0.0031715692894696552,0.0024159061620439956,0.014080622440692235,0.005698883693036889,0.0017359567833905624,0.0038130878827609006,0.008531246018115706,0.002956777679455036,0.00906432664485768,0.003926058353464128,0.00967355511858427,0.00578028587652602,0.014570281183461957,0.0014770833794169043,0.005762182039764439,0.001541584800130522,0.006696876894327348,0.0026756352716343842,0.0034281642552265357,0.004087209100890655,0.003971471122105914,0.0024913462610799747,0.0036113694744377887,0.00665827176219328,0.002975204931638916,0.0076530274439806706,0.005390942825841362,0.0029517107941383768,0.00433460120938803,0.010708592159120765,0.004073981706990437,0.0020643630450496954,0.0037561204365201607,0.006796770954552178,0.005989877346039974,0.0025771699073509247,0.011152250535402407,0.004116157865324866,0.003705765604763041,0.0048611203382785675,0.011074970406733716,0.006071881864582995,0.0026525853332193994,0.005755040565163924,0.01713427269140873,0.005931973698563444,0.0051019428790581274,0.0027158492808286535,0.002547917811562278,0.006744483625575094,0.006244484303905713,0.005141258778481474,0.0052929722588356785,0.009055279152619807,0.0019425435138619189,0.005126493390353656,0.0069950277301640195,0.014253374720036837,0.0036298837873205885,0.004992217018130017,0.004958818754135018,0.005457585837410096,0.003958002494596108,0.0020933248846895032,0.003879353473598202,0.007703600491226187,0.0045344726104132125,0.007826128668273941,0.0018876087718298436,0.01142276956555524,0.005489242749362193,0.019917180463199763,0.0023598084571290834,0.006252680004806459,0.014059790442827838,0.0048922717763975375,0.0030262331325788244,0.004905893455117917,0.0026449422222329325,0.004003366272303129,0.00932428521215633,0.00790439852234782
3818,0.008441765465725698,0.005145905376843747,0.007213938570752509,0.015668403306697682,0.004030110493643445,0.007950523409105117,0.008924835438529658,0.0051656820528028615,0.004846178291974768,0.00740767353490114,0.005450484992360178,0.0032685941270954953,0.006355687366366076,0.002515153559214268,0.004615663662671722,0.007051079727603499,0.0026661954674658517,0.006379090211287416,0.002233921252840702,0.012608096791264647,0.003422081751956458,0.0035690689038070022,0.011018232551585006,0.0026535645253396543,0.0019795942931195853,0.003144390290048844,0.005867676779370498,0.002802145057669697,0.009461359035614575,0.003597090023804075,0.00885337804098375,0.006121201189652469,0.014816587307067123,0.0014920132164055078,0.005653923624589764,0.0017102255711959411,0.005521039351408292,0.0026631684178543787,0.0022257136230601263,0.004087109337518025,0.003968259021828257,0.0037699386608652887,0.0015327837821643227,0.006096601612272533,0.003144845614027769,0.005834683924159411,0.004630339592650041,0.003306883509116964,0.004610872023126506,0.007151008187495617,0.003284105589197539,0.0022578734457646497,0.003199088845083282,0.006588677748253233,0.006247086928652275,0.003610330825361523,0.01610387613384779,0.004684117121470812,0.0037843356466724038,0.004933705748890711,0.01039353657717577,0.005934188821466653,0.0028901367588750216,0.003669810929141607,0.014795470741313897,0.0036396807048149024,0.005306960244845004,0.002867207802706065,0.0024270658902696162,0.006573560119324149,0.005505189989171279,0.004863741610440058,0.009745591351011183,0.00840852339071949,0.00238708567323504,0.004631435126001243,0.005714795547257975,0.01575878202366633,0.004103911198224934,0.004929284764077947,0.004489477850115926,0.005637751546672484,0.0031568632598593985,0.0019072767846123016,0.004327270002627731,0.005855224410248744,0.0037873355515001942,0.00791370556480566,0.0017569795883609224,0.01014734034353182,0.005357593631242636,0.024007504296118757,0.0018917184142291886,0.00664820696616401,0.01283736069785782,0.005115919172104869,0.0021092127226304404,0.005383585114249067,0.0029289595123163895,0.003592859886575596,0.010844512754588594,0.009430689637968438
3819,0.007261205449492084,0.00495787257562194,0.006957556652438157,0.010214802635767024,0.004185296192246869,0.006014613171219939,0.010164414907432716,0.0035986242649858565,0.004199831015858677,0.00794755156184485,0.002472244558859934,0.002610264033882622,0.007374795261261573,0.0031080955388336066,0.0063765497131254125,0.0041665865387590165,0.0034229416500892794,0.005246918340711605,0.0022531257502057095,0.007566104961842738,0.005559597843380783,0.0037544742443068172,0.008832839993421469,0.0035940881432850757,0.0021908753042578395,0.00581723919689077,0.007302026728882114,0.002797284981667402,0.007537390225266391,0.0027277132806551004,0.005624978398376491,0.007187449935007388,0.015543549768605426,0.0020707278119928966,0.00530949075599444,0.0012406109473692606,0.005402602156248254,0.0031825397037423563,0.003088685767894955,0.0047311248048707176,0.0037917036204372662,0.003892701540910959,0.0022043679324740616,0.006237601530753078,0.0034561797115269135,0.00520853691112816,0.004618276315509183,0.0029798315737038627,0.004933675611425986,0.005812336726811531,0.0029002067510949334,0.0020039195962878362,0.004097564597907969,0.0061283153640839,0.007254563859383059,0.0025559358664479287,0.013627366748399258,0.005424596185373344,0.0036859579046844945,0.004208012837736713,0.0078120221655556725,0.006234100440896769,0.0025231868880647482,0.0047671690490320015,0.019425594607445404,0.003749419744591431,0.004740027740487096,0.0040785245147685195,0.0024270658902696162,0.003077144764397856,0.004758920342954806,0.004240237177054629,0.006434741025480288,0.009136442538764602,0.002442072349654627,0.004566731452485774,0.006668005564985065,0.01602669972640976,0.0046831062047421,0.0052035162661727904,0.004141876293203576,0.0065615522086672285,0.00374397801883012,0.0018744222440271873,0.0045984412390985075,0.005419968690310786,0.0046597686197014185,0.007716475506204684,0.002277003150956713,0.009264544590684879,0.0054368194409691655,0.015535742863294037,0.0022260357933377986,0.007987650288265404,0.010837695863736688,0.004626978525416075,0.0023054251167404314,0.004193790407113984,0.0025708582245754148,0.002382068107068086,0.010434615861347803,0.011215825679404785
3820,0.00792228450200122,0.00912986668152665,0.007102686998705942,0.014980966958659105,0.0037224401128889916,0.010375787920546919,0.012276680061624384,0.005104520290272844,0.004852479938271674,0.013993762595885495,0.0027726047960527785,0.00603800727615377,0.00841899773552466,0.005763476897641849,0.010059747718523325,0.005555680889688749,0.006700256505926173,0.007057916709570013,0.0021107924260328793,0.0074867150803662585,0.005056380209333601,0.0034643229890598598,0.010814830601395844,0.0039852793000533125,0.0022700484836688717,0.003884393523281133,0.009475948595623939,0.0035029666258515986,0.009953113583653755,0.004716189752834923,0.007681078956480226,0.01715584376718662,0.016877649436732478,0.001778820530146224,0.009618595612919008,0.0030012751995866123,0.0034174960331201367,0.002579511478639309,0.004275399131685482,0.0042938891010229335,0.0027978188926846203,0.005479233867342474,0.0020155661174368566,0.008200644486675136,0.0033324297969262247,0.008283475852813041,0.00570161266619308,0.0030994762650753864,0.0038225661015688214,0.00880757235943145,0.003488095772108639,0.0018721542024653817,0.00403487752161161,0.0061427795361435914,0.012694688071428966,0.0032216304885145084,0.010411788857064836,0.007479064740344812,0.004699822568632974,0.00666190305668339,0.012504761824247373,0.007830447500184938,0.0062996998287823845,0.0031843579146931867,0.02036095599575477,0.005477319590165989,0.004940499543737943,0.003571005464179869,0.0034494237097852727,0.003769439562359136,0.010231385294978395,0.006046522238377597,0.0075210288259017774,0.010412817477385369,0.004166067552904067,0.008893757710309426,0.006362566309062978,0.01972308758884817,0.004477779399532558,0.005539406360427672,0.00503973768094319,0.007322055097772481,0.003925024385716927,0.0028619915380176694,0.00412320779310036,0.008187393065495848,0.004670022706103457,0.006389185292497387,0.002317925396624883,0.009085638317803237,0.006470843533169464,0.012651978453099087,0.0032645798860794543,0.006300171882740515,0.012703691352725258,0.005896124859639128,0.002593388732130907,0.005673960721303136,0.004240396366842461,0.0032668150241522507,0.011399730276226962,0.008336399428556747
3821,0.007251471717872076,0.01098509488516105,0.007330126947188616,0.016835471887867527,0.003965363450594665,0.006920409170395432,0.014039755612767147,0.004951123148489119,0.004755573116599478,0.011440775817345315,0.0034239420804114845,0.0054163890890996476,0.00824617613200344,0.004066231379658024,0.02297020000310342,0.0057250462098155565,0.008558542191574906,0.0068219302352549695,0.0030960720993244094,0.006479502415966291,0.007399633306947353,0.0030025527801573787,0.01447588545704896,0.0034154630526635186,0.002629320330950396,0.0032114704498399874,0.005910344674989669,0.003186423143205419,0.008000085901162133,0.00642191891567418,0.009197270582530542,0.017620593083093945,0.017898539330265376,0.0028586214965722217,0.006954406070085057,0.0027618352711939183,0.006222591244336764,0.0030978676872800096,0.004453592866509964,0.004910515551648583,0.0034891989935758125,0.00448319492560709,0.003520556262913886,0.006994088160277762,0.0031980328878877186,0.013645619673779039,0.004785629888332989,0.005476111744247782,0.004568371038468386,0.005530555109286563,0.0047134083078244765,0.0015625176678970766,0.005333466128391583,0.007639525499178187,0.014920618043737604,0.004478674299520164,0.011863461118962916,0.0051624855502271135,0.004972050495250611,0.007934095090889744,0.01187031279717858,0.0071479660588953196,0.00680111080787724,0.004114671238487885,0.0119362325658153,0.0038151924284316827,0.005197099480630368,0.0044083309991267295,0.0027722218737669647,0.005010698185775461,0.009875897228112744,0.004932917019817959,0.005676955692012281,0.011404138231979614,0.004725766079881877,0.005855176452669697,0.006523889405939764,0.02075490410798758,0.006045262252519409,0.004496880112975069,0.00404105224089287,0.005237188963710344,0.006661381508822809,0.0028846137857848455,0.004111396150786328,0.008184030202816986,0.004268235707135488,0.0073762977684823155,0.003426322324284219,0.009261992075434329,0.006980343130177298,0.012779868767488541,0.0029103947853420485,0.007667993100875691,0.013319263742826484,0.005683827918105765,0.002561825762836203,0.00370402715977115,0.003935456263694595,0.003512679381975425,0.010897285107191042,0.009198190085335477
3822,0.00668257442316858,0.014590058350942734,0.005623562880952734,0.013994800198835302,0.0038785382800254936,0.008244305681603495,0.011397432635781272,0.004849304915611605,0.005183481391913405,0.008234864590808149,0.0032426770697914563,0.003574607965808433,0.008500587693261905,0.004235853279384862,0.014829917295702029,0.0066971608986433505,0.007546732727964984,0.006026493617696881,0.002033697472153817,0.007597826083073221,0.005132536429565293,0.0032180819939623354,0.013646982919309303,0.0033421399024531695,0.0028034721125994233,0.0037687245026702715,0.006742578999888525,0.009723125807142503,0.009888297937190526,0.004653840291124549,0.007759583964726795,0.014980527891152406,0.016318955028189332,0.0019356545921455357,0.0077795019548302395,0.0032555922132867384,0.0037913651466844186,0.002980294759435676,0.005567217622467296,0.004399030181421538,0.003580849812612922,0.005040949019927187,0.002164517654337369,0.007427057299498546,0.0029127056825434786,0.007933176355267994,0.004130329764628525,0.005727964243842724,0.004361595847877064,0.00655490497135904,0.0037241894834821715,0.0019283215758847273,0.0048772295159817975,0.008132513608352487,0.016090781404218796,0.0033428991796824337,0.014100095775188207,0.005656356703564162,0.004996810677004667,0.00664167326700955,0.014695540690191265,0.006214878199141131,0.007416041191951998,0.00456873795066009,0.01181804906400627,0.0040192451706553625,0.0047172240418016705,0.0041594131727859,0.0027888756903259944,0.00468367364704296,0.010176198584150998,0.004816507479761331,0.006213528025190913,0.009608675052752353,0.0052846903357259625,0.009198554852686782,0.006067939833770967,0.022360038914510036,0.004811350686445118,0.005183079514552541,0.00398018989990704,0.0054056692168821556,0.0044351629457406875,0.003216287019688994,0.0036161361041996986,0.006656920798438956,0.0038495458893718394,0.007557389443612566,0.002425403829745453,0.00941802112679133,0.006737891762702008,0.011077012867241609,0.0028299211494319508,0.0067428775390124375,0.014230570243449562,0.0050914787507350505,0.0026325616586897445,0.005232757923104845,0.004145109706767094,0.004249336653344763,0.011974962315221627,0.008576628748473177
3823,0.007606959677980459,0.0151114734773232,0.006975901693335893,0.012799296000780544,0.0036105044197211,0.007203514179804383,0.010323089008539992,0.003410714140030758,0.0038081580984474462,0.012823982504158917,0.0032804567836245205,0.003928049182756656,0.008545212044539093,0.0034932456842957167,0.015290959145165185,0.007095449396775691,0.010943641459109244,0.007307562758173108,0.0032714128504307367,0.006381693448871215,0.005592864652192129,0.003357943469795464,0.015678518849399428,0.0045414384072502085,0.0020127839407031107,0.0038125270831071358,0.007805649840031717,0.009392916988913062,0.009074954866543045,0.004243034795238324,0.011394663895895957,0.016606728457761108,0.013581120355121152,0.002231712952134261,0.00971540118229106,0.0033341264934435176,0.003652987820720894,0.002920566981803125,0.004789468947719735,0.004399030181421538,0.0033498601303968575,0.006133192780190538,0.003496783764237494,0.008213537298396342,0.0032710835017008147,0.004810375149816192,0.006667815146725459,0.005212043618914066,0.0038972699895695783,0.005365015541420176,0.003664776216301445,0.002449485496220755,0.007664631633967394,0.008333088681199237,0.012488944880958166,0.004554709893062933,0.016717085307642363,0.005917722820432753,0.004966303525755649,0.006174974168364558,0.012032980222862887,0.005663194658728149,0.006147236588009855,0.003033379520319299,0.012221970539309224,0.009532316884885808,0.0047172240418016705,0.005010636994661982,0.002861354276652141,0.004990583974558231,0.010557974472214059,0.007657561955666491,0.004163976497599994,0.0103117405685306,0.005001886990892854,0.007106605273457919,0.0077957952295152335,0.022373053395047016,0.00549806532317873,0.006173482925714984,0.00384388230490097,0.005738728022252594,0.004435811855062343,0.00269552984884475,0.0027134312337117887,0.0073635002137491645,0.00434561343963222,0.004871661027199944,0.002490490156659331,0.008662649277102884,0.0057071757102739465,0.013880583057712786,0.0025737636942937585,0.0062336212640629815,0.018283527913387068,0.006325220428968558,0.0023804156733749074,0.0052269452468210265,0.0032199756916543062,0.0044140228947517025,0.010595487616324993,0.007142724333283123
3824,0.00834519086359045,0.012768104793063822,0.005487017848214567,0.015579277540563232,0.004302081731887666,0.008718490299042144,0.012739820126825865,0.005357039950104326,0.004649431412736742,0.013367260819953054,0.004751750904726216,0.0053157931708280315,0.008941317918467367,0.0033245563004487915,0.015032702082806642,0.007153474308516996,0.0057457969701619465,0.005788621704437307,0.003312572231846688,0.015320305687243239,0.006732197331867491,0.004040165673926628,0.013042490187239178,0.0024191165316072424,0.002432255494233845,0.002832690465216765,0.007327506793326321,0.004018572543607664,0.009742986377527824,0.004724046910600326,0.008876935433626235,0.016619556494427735,0.01856915011634571,0.0019087576714497494,0.007626796108236582,0.0025016053302708216,0.003845716750538983,0.003514240609102315,0.003411006842507279,0.004121104868993723,0.0032298789675259936,0.005532108650194695,0.002716065800659673,0.006564837532427527,0.003927930141093743,0.004877477985675228,0.006955982909736389,0.004851057371265693,0.005150971862422923,0.0045048233846985515,0.0033923122214508574,0.002134700602778816,0.00466730410700667,0.007388171213525276,0.013417561677470727,0.0029213186633638448,0.015473192912855897,0.004250010080208796,0.005026528893515967,0.004209810168495905,0.007491863468024686,0.005503221213165848,0.006553867854699121,0.0040057638393451,0.007997362339278405,0.005009382435981043,0.004513764157206685,0.004535460893124862,0.0031635380104010433,0.0050679039365405095,0.009284347634884085,0.00652135379368989,0.0066231208856551635,0.009479531351770218,0.0041319299821166,0.004883572587869571,0.010018246544281375,0.021218367772366433,0.004365851351279004,0.004723920214859961,0.00914969163676019,0.0064404363605793,0.006438309852278118,0.0023706598449486516,0.005219531998044742,0.007862474859966188,0.00412112106193018,0.0036453275480720347,0.0020270259603379194,0.008664807298725633,0.006241900963812518,0.012832077763342825,0.0027854859600891387,0.008254993992475113,0.012585347234025206,0.005253626004789774,0.0031872853574968457,0.0036370013802870015,0.0037439104083590823,0.0036888423023197867,0.011294549675131308,0.010117691967555176
3825,0.008160070379829095,0.012069237730256673,0.009919473398791664,0.018021254049379994,0.004242987580895016,0.008327908518253987,0.009509173983853442,0.005141709334410146,0.0046038629728492935,0.00952031765280998,0.003200355495374333,0.0036535832879689987,0.00869303955112537,0.003483555277435789,0.01465350990734288,0.005137015655602877,0.005709861710814678,0.00477726127227596,0.002098783630116245,0.007226047353446913,0.004113769699048865,0.0034259319309142525,0.011409740740639324,0.002213424564849764,0.0026410099835150816,0.003325232963627418,0.00949536982556149,0.003805192074317521,0.010581399711234443,0.004713516670805597,0.009323771351805156,0.014352942706381284,0.01480592105705376,0.0017325211417801689,0.007366039819174344,0.0025173095914700887,0.003757401893293066,0.003560426151669807,0.003592794907938094,0.004213299691231156,0.002750769309712399,0.004569938582281406,0.003893441046737367,0.006695630705264793,0.0024905601337311223,0.003785588448281109,0.004568731849987262,0.005861220367912272,0.003091541897471393,0.005304163561801667,0.004643562570817459,0.0020879078900066924,0.0037516499185623214,0.00894348654962261,0.012186693679548392,0.003059382311292112,0.009608923684372387,0.0043942428703952,0.005087270599270815,0.0053294714847183615,0.008788959531415673,0.00634806931220874,0.0071174383919213905,0.0030817106373925017,0.006475542399115509,0.008672085604569784,0.0038081714979651673,0.004215542167366331,0.00257705143740953,0.0038108893178838625,0.010463680658430697,0.006218774296869209,0.004948146854488188,0.009526138186155211,0.003811897676285711,0.005390069573537446,0.0054839976443688,0.023877737845974568,0.003939197276177316,0.005813802613066495,0.005926959773571782,0.006082964538557729,0.003861960369790906,0.002318068446519375,0.002915878466751962,0.005221242564174267,0.003174960249492303,0.004537171102973799,0.0021776546750265167,0.010710789990005487,0.006154757470792304,0.012883872555001416,0.002214046341596834,0.007014980587180119,0.012487016200828972,0.005098785992498996,0.0028617727947652955,0.003895769634513069,0.004204011117318847,0.003511070575752412,0.011872500174905003,0.00864028828302435
3826,0.009064675137491226,0.016408161830397457,0.007620727672424748,0.015368382804615908,0.006413413395407694,0.008794645183167317,0.013582666635683452,0.004300526446359277,0.003825461385930415,0.00858460285232101,0.0033388353864093373,0.003785762974244807,0.00869303955112537,0.002475809569542495,0.013184934811567996,0.00842121729908881,0.007530352833515073,0.004473735006450715,0.002383495835887712,0.0074200355249826235,0.0060765334485686105,0.003549491144201985,0.016651353548421014,0.003573126217655314,0.00244448889809401,0.003687375034177993,0.0063517487026790755,0.003276665523230582,0.010297766865010802,0.003237604657786433,0.007309521753575473,0.012410902939704097,0.013336480379770572,0.002128553751607492,0.009644453836113365,0.002500826275589245,0.003272145363398159,0.0028927647369573046,0.0041070480098732015,0.004993082540760926,0.0031993917154863887,0.004296487399677717,0.0033122900017072895,0.00919755918030867,0.003082525201372808,0.005241670761648253,0.006520953829316362,0.004977341610421886,0.0031960098167891074,0.0054840445474401735,0.0037887940077800455,0.0027672476009202762,0.003775945434617235,0.005885304863215909,0.013456475635196582,0.004537626575822458,0.011254505353262202,0.0042501913290424465,0.005847024727299071,0.007354604741754226,0.008184140447225463,0.005358974843631429,0.007259680043640986,0.003448000217913032,0.011167414146117086,0.009303481071857208,0.0034612941337198253,0.005696371326650727,0.0030235028415373853,0.004364156162583441,0.009633308451216585,0.006349245552560858,0.004766169922344417,0.011362890577206596,0.0040546437660719725,0.004669629577116778,0.006176199334211922,0.018028062016232946,0.005228222690031829,0.0065861604160769435,0.0063856593559241705,0.005702690437244662,0.0050584718567816545,0.0019562522390976812,0.003289222988033056,0.006424286110514504,0.005044523222853917,0.006977470375091848,0.0032768032048500094,0.007310947937014326,0.005725049975727272,0.012279268622847263,0.0035294370971029345,0.0074024201203920096,0.015170635984373139,0.005814890334881188,0.0038897299969293648,0.003156689146835121,0.004393311851588995,0.0037579283021901655,0.00850816605398796,0.00818837977155846
3827,0.008634891619403519,0.011982016217399876,0.0070803024368975235,0.01949993006546719,0.005361852746640351,0.009219516416113608,0.011247261542875786,0.004867011190153179,0.00395730666838402,0.005548276114690018,0.0041309242301336814,0.004493604276825789,0.008919795270580825,0.0035429163386519716,0.01001312712490739,0.006932896975612188,0.006031171708448619,0.005155256698459339,0.0024314364628021897,0.007964808807531283,0.0034058696232055073,0.0027258020937334245,0.009246195874414918,0.0033905141686191875,0.0026963001317979983,0.002981094580780222,0.008179631559858186,0.004087119145041549,0.010123166920420378,0.0045644882678411,0.010235356411832597,0.01601082187154821,0.014839440086151753,0.0018193402571715178,0.010084593128611635,0.0025855146429804962,0.003248565762909892,0.002833774132490464,0.004073982989001805,0.004095480731462097,0.003826383424618432,0.004344225974452131,0.005380546023416793,0.007078057961881057,0.002858288928208183,0.006105834117063556,0.0053167762151671745,0.004918345056981238,0.0033886593903542446,0.004608591429169687,0.00534330949512142,0.002371160631996681,0.003983456089407962,0.005118626659787049,0.01466733532848526,0.0030520841587287585,0.015978673665704247,0.004188075745300869,0.005312157155668118,0.004818797720270431,0.007991593977820004,0.005510954812447057,0.006011325349114963,0.0040198724125771945,0.006156663913192834,0.00968809382754472,0.0040641670521432026,0.004301670795904289,0.0027809016917328343,0.005629478635321106,0.01143302842481809,0.006585295061834572,0.006940713415444365,0.009863544683757504,0.0043765632502191535,0.005807544771517343,0.004918990112462232,0.02120499472686289,0.004881374804683284,0.005139633170333206,0.006532773521340883,0.006189038709213392,0.003984496504435569,0.002356863818137032,0.004057078168755309,0.006141376966878803,0.0042103230688733916,0.005233836810363445,0.0019236572178735895,0.006705813597886485,0.005927771361310726,0.015213688133811966,0.0026108284542303573,0.00835645812623283,0.008351085333497875,0.005298156337513192,0.003517694278469226,0.005717131283876106,0.004204011117318847,0.0040744541684075404,0.008909103726497194,0.00920621513948019
3828,0.01250211112702118,0.012559405550297723,0.007546161863826749,0.015866050064607735,0.005833245529177665,0.01226715805624869,0.010726076929653758,0.0037734434010711394,0.0036363426196419023,0.008814545709114193,0.003196364188355274,0.0043675391713643,0.008744350592372692,0.004248858020868291,0.009757113218088278,0.00669675154341016,0.00763575816240817,0.005119587788313383,0.0033514045728576013,0.0068466223898115365,0.006880718457132123,0.004365156644235679,0.008697781813793498,0.004378393408412117,0.0025109990716956987,0.0027143061439426725,0.006982696229115626,0.0036456875693714253,0.009999378822900603,0.004832544574010841,0.007312731573165527,0.014992986121869082,0.01698716197595477,0.0018899032711054507,0.010507573855978893,0.0026907730875106637,0.005248235146649068,0.003283589255567209,0.004321093513169873,0.0040775920151177435,0.0028391293794761347,0.00511845642627253,0.004209532938146633,0.0071559056817097014,0.003431669441013272,0.0037309248326205936,0.00531565683068948,0.005707257343200582,0.0034626561534637965,0.005368343435686262,0.006464401344557178,0.002195584728491542,0.004059784627809626,0.005755526221406489,0.012488811787224607,0.003063567039142156,0.011879304815348596,0.0037445934644341856,0.004503622636343879,0.005536551908063778,0.008933166506206056,0.007216898054195588,0.005904378253109808,0.005195901938785999,0.0053537687844631915,0.005254973714233767,0.00422666824066564,0.004956387343373759,0.003126809168221247,0.007000423083623759,0.010150804656302649,0.008277036638529713,0.00438063445855108,0.009882080828802431,0.00460161445357277,0.00558544213124448,0.005342423001924569,0.02101511479751526,0.006076513993225624,0.0059072766410639774,0.007291406234623092,0.00649090020480081,0.0037815473349684598,0.0018515492627053961,0.0036645000244267304,0.0052496134740616825,0.004786489664398436,0.006338041181381697,0.0025256530182599496,0.009636932085688915,0.0062801498572291805,0.011356387202332476,0.002310556436941002,0.007328714296383582,0.011106395959896292,0.006785130180072264,0.002655627354092694,0.005130991376803151,0.0037117853184813077,0.004078546990447996,0.009364086918740269,0.008119637423966293
3829,0.008042607237375245,0.010928800807759698,0.00670774264094428,0.02102604635791899,0.005047824387917827,0.013493000333503672,0.012451022522186536,0.00371100616098536,0.0039004599670849926,0.0067412872562648005,0.0026319547514650344,0.004479165386217391,0.010200977404932997,0.0036849499001533983,0.010667582656369752,0.00997413795846562,0.008626582435900037,0.006524935967070533,0.0020202355839369058,0.006188854950157055,0.009559078040570908,0.0038527072410591318,0.008462351527879568,0.004476746583959591,0.0025374686660391992,0.0037600891783343636,0.01042244004661404,0.0072532694643544695,0.012348829971994291,0.004912761974947839,0.007512837699343748,0.015199549341735003,0.012118611827226258,0.002069491679455723,0.009956891736187341,0.0025810707524865717,0.0035451668557232095,0.0036685958932615214,0.004010400102932013,0.004998200213424239,0.003610385630706834,0.004723828400847376,0.004602658236396876,0.00677601727876027,0.003113364821899547,0.0035904442848793037,0.005365759976567982,0.008422616644596894,0.0028675130272553446,0.004603803131640094,0.007171715775821886,0.002152508274512498,0.004622885540891019,0.005334729384778563,0.014849682302535182,0.004505214063811774,0.014010176164729814,0.00664955097707152,0.004839426742184585,0.0055819712508120055,0.008011110088956238,0.006626411149349332,0.006450079920964774,0.00635862260886701,0.004624334184543165,0.005268719632322177,0.004421671118005952,0.004419622050395253,0.0027091705363162535,0.006966582666513515,0.016141789449191882,0.006361465894878359,0.005536783505094941,0.010373310128527819,0.0042901176214036486,0.005493013615760267,0.005866432518227881,0.02140676030519307,0.005007155964402283,0.005646806634216158,0.005412960197845783,0.00669339692216307,0.004289858066733465,0.0018885576721956406,0.003403965226339903,0.005845931051818505,0.005483638672754361,0.004540431166899793,0.002189421563505617,0.007860117597356565,0.005469445540397034,0.012790978777056022,0.0021497172104343724,0.0070081693322320525,0.011331349406672601,0.010567414113201478,0.0027815463145733402,0.006030906460090574,0.004204011117318847,0.00556015692568102,0.008510333330941292,0.008002115271398987
