bucket_idx,0,1,2,3,4,5,6,7,8,9,10,11,14,15,16,17,19,20,21,22,23,26,27,28,29,30,33,34,35,36,37,39,40,41,42,43,44,47,48,50,51,52,53,55,56,58,59,60,61,62,63,64,66,67,68,69,70,72,73,74,76,77,78,81,82,83,84,85,86,87,88,90,93,94,95,96,97,98,99,101,102,103,104,105,107,108,109,110,111,112,113,114,115,116,118,119,120,122,123,124,125,126
3447,0.003259614402582251,0.002947547021936417,0.0018088393770768724,0.004227555410146244,0.00299251115933772,0.004102234625156256,0.005161143565970582,0.0023008928658348527,0.003119103498324384,0.004239642319644807,0.0023440343958325846,0.0033000544391927063,0.0022017248946566647,0.0026611042531698033,0.0032037589633614775,0.002766586417192667,0.0021457720341550167,0.00236212952075843,0.002044959983195982,0.0036534453510823086,0.003097998575997921,0.002327189583734054,0.004832190635047707,0.0019024045722593399,0.0013840434899712783,0.0027601020653838424,0.0034160672314662395,0.002046341475315394,0.0017822540627372237,0.0026405640145727824,0.005282635507124335,0.0019379713608287821,0.005229678570572672,0.0019494108413564463,0.002566306761654598,0.001114155654804573,0.0027839758957346923,0.0017889137907178081,0.0027325085349171893,0.00229552370757076,0.0016120436425939594,0.001966047124756602,0.00210184829623586,0.003537335426084255,0.003645394415933222,0.003865932964271675,0.002756683403354037,0.002652772435654979,0.0029918718580892252,0.0038494976034369093,0.002858138411529157,0.001900142137054798,0.002611922609933993,0.001970107092439641,0.0021308586666954517,0.0017517574260141407,0.001984677659394555,0.0018713376959225226,0.003015567816390394,0.002550686295225281,0.0029076203997047997,0.0028764184480541363,0.0037540914267542515,0.0034847407397165745,0.002369982717148541,0.002897679079064431,0.002300248806063174,0.0021587772553327503,0.002214245269746255,0.0029636499754242943,0.003421657735011608,0.003695342452182404,0.0016320221844198927,0.0021709060215124648,0.002265518935755004,0.003920853473138608,0.005072140785910245,0.00288934788960053,0.002153987777204516,0.0026908029420964017,0.0033544895011358533,0.003916567948997916,0.00231016674451427,0.001924849647403802,0.002200888576403239,0.002140778986278338,0.002854189013180769,0.003191301594801542,0.001977671281572049,0.003612164857987997,0.0033250581205476774,0.0033643172635363545,0.0017518698976102373,0.0032679486318423242,0.004007045388052545,0.0024688081753333735,0.00234711467582062,0.002704401244328567,0.001715790817891642,0.0034481585802318263,0.0014706570241206853,0.003953571021011533
3448,0.0031227227342921654,0.0028602213127440416,0.0017829742044375072,0.003848180234092649,0.003015321232600567,0.00392156905618331,0.005082111689247494,0.0022632016942955493,0.003135822744334511,0.00424344565467031,0.0023387293953458393,0.0033118642359652346,0.002178722843653392,0.002644320329418646,0.0031169225794060408,0.00271259134654564,0.0021252269617172506,0.0023331747163173474,0.002006316463289797,0.003581459074130124,0.0031350098568331654,0.0023547690516109534,0.004908832777139672,0.0018742896547782558,0.0013955639843563992,0.002777569816363345,0.0034989443566461687,0.0019698529077274546,0.0016758843965775426,0.0025770848891351872,0.005138146471984062,0.0018433639391727428,0.004970095723570519,0.001935235749587721,0.0026348727356631523,0.0011185717437990801,0.0026913273250251655,0.0018034769282058122,0.0026580222754451926,0.002308221764398928,0.0015679379833776457,0.001874763142544481,0.0020453558983899015,0.0033186259277764576,0.0035300208344487155,0.0037687411535957025,0.0027283349624196147,0.002471231294629633,0.002985950624331069,0.003614451499629001,0.002865312438735505,0.0017837305297921317,0.0024691953655512112,0.0019404348699624862,0.002062253635110487,0.0017777635729043894,0.002012014264553943,0.0018207590438468375,0.002977727342012668,0.00234611463469308,0.002843969854595757,0.002661226855167526,0.003633364844961964,0.003429200995498177,0.002274851066579393,0.002783265568427013,0.0023116162229049795,0.0020697790123340646,0.0021368875181803824,0.0028702675831070524,0.003344704784898071,0.0035570665708189453,0.0016264061272970964,0.002160232276673325,0.0022525925128116585,0.0038685928565546524,0.004948460284090961,0.002743506419983285,0.002186304585968995,0.002581817819698005,0.0033509870378154566,0.003853178914534769,0.002316688668605641,0.0018684481792365418,0.0022444171900886387,0.0021503899665313323,0.002742425593433126,0.003518166027718013,0.001925866248159582,0.0035773153519144977,0.003347196964486376,0.003108558197758688,0.0016982455463611895,0.003204509276939688,0.003918047316132606,0.0023177939772570672,0.0023047964189408894,0.0026804231923597023,0.0016457357386928833,0.0034303988769711917,0.001446851561065781,0.003908986470207663
3449,0.003253267856292825,0.002851784786997199,0.0016987887775583956,0.003497043467487377,0.002911922590359053,0.0038066103057563363,0.0049568697304081975,0.00231370600712338,0.003094765523408281,0.004103341328380693,0.0022733772413295475,0.0031477108564602952,0.0021749396521200245,0.0025084103630076482,0.0031407794073631816,0.002637367503722879,0.00212927446141916,0.002335674828886534,0.0019651592417812384,0.003430745514408517,0.003145950134631804,0.0023865149944930857,0.0049770724713149965,0.0017577509616296663,0.0013250644083910039,0.0025948640019940036,0.0034246148963752443,0.002034332229385129,0.0017469661114848138,0.0024968121615380886,0.0049335955269958235,0.0017600565837760569,0.0051346271635327465,0.0018433356028824369,0.0026442145853293277,0.0010642868157309734,0.0026209981746182238,0.0016942086036017036,0.0025642468184662267,0.002245901672861652,0.001595144793473626,0.0018744313533712912,0.0020967701985318663,0.0032064876623927184,0.0033706771733360568,0.0036508897663525396,0.002622080402736255,0.0024750906555060367,0.0027732505589275194,0.0036337421052219875,0.002730642413081856,0.0017528196290546858,0.0024690591238969006,0.0019416118570446598,0.002021105832371351,0.0016858938587675863,0.0020085391761155633,0.0018935763138352793,0.002894413127575034,0.0024051124002337286,0.002826594451756629,0.00277340506925152,0.003762087209562599,0.0036241372763638827,0.002235167872395542,0.0026842237432009946,0.002298192470154763,0.0021536120623942834,0.0020239835666324107,0.002878399362529608,0.003310374890565442,0.0033947989578173307,0.0016276680684678619,0.00217376137018749,0.002191702402784623,0.0037307498919028573,0.005158516224966379,0.0027237993721790535,0.0022254395128769575,0.0024624135858721595,0.0033157010769804362,0.003748615068756997,0.002383061428315282,0.001851065288524284,0.00213932690725621,0.002101273715175076,0.0027804089923249395,0.003164230873297124,0.0018830801925967006,0.0034413662868983397,0.0033487238891227776,0.00301103151547384,0.0017174806263734934,0.0030781387917413524,0.003963145655348244,0.0022582717475992534,0.002280160195254694,0.0026402015017191953,0.0016395849944640527,0.0032697196799351814,0.001439001061120791,0.003727632083288641
3450,0.0032416381205955776,0.0027930303738896243,0.001683222032882856,0.003657223756609286,0.0027999683995769565,0.00359096707442463,0.004960777881478746,0.002238752539097375,0.0030386635760083274,0.0043382236976429985,0.002243597630689117,0.0029799283676377694,0.0021981202942410977,0.0025429839287956623,0.0030258145445250435,0.002560582737518413,0.002223318674851146,0.0022803392999888004,0.0018050778710268672,0.003466982510789721,0.0030392071454629055,0.0023583968658942864,0.005194788497647149,0.0016898258792470582,0.001322926869472872,0.002423690758064668,0.0035679127107779065,0.0020474288506715627,0.0017146337812256017,0.0024885813980115717,0.004782636795333458,0.0017840716292609232,0.0052920551810619,0.0017681494141319838,0.002610847179842507,0.0010528278924258482,0.002526758714848583,0.001584921280288133,0.002523666379078897,0.0022064978730778244,0.001565117860843529,0.0018242056008717338,0.0021355044488455092,0.003344827669464531,0.0033933300727803,0.003724932528970864,0.0025035435611180344,0.0023618063081547644,0.0027458692286447665,0.0036915673270407944,0.0026555823795887433,0.0018907165313385866,0.0023956953914744863,0.0019337944824311573,0.002071644927502468,0.0016650599739542328,0.0019660339775562767,0.0018831409164489167,0.002930962967482,0.0023728536315503336,0.0028415175577577202,0.0028088953188687813,0.003541421122082538,0.003481379199599804,0.0022647018787956036,0.002650779799629194,0.0022645124157260527,0.0021063158079592625,0.0019125169841571936,0.0027364779637205445,0.0030385924034787124,0.00346112963940553,0.0016822674347208217,0.0024245238482133303,0.0021837715403546644,0.0036906175686410325,0.004919528474329009,0.0030198884028303833,0.00216614615507697,0.00245310720784379,0.0033262225987974285,0.0036932186714655913,0.0023281328364065683,0.0018712853341100182,0.0019706626365743087,0.002128238555573956,0.0027892102049236226,0.0030119415789595393,0.0018251804288924713,0.003440665956080384,0.003167036968100309,0.0030218666469528956,0.0017134657598412272,0.0028740600914311494,0.0038143322166958667,0.0022931389874714823,0.0022340049987580254,0.0026143597410619598,0.0015872596257167579,0.0032334135972504723,0.0013928038564356329,0.003676437677475059
3451,0.003273499394120406,0.003151359293929338,0.001780055891412726,0.004170161551385025,0.0030348424377145823,0.003849419594033855,0.005414697059427122,0.0023477669560930015,0.003083089738740208,0.004543342979507261,0.0025558336920985434,0.0032023583673067607,0.0022793220479756194,0.0029101283256767235,0.0029550959315109097,0.0027885427874148826,0.0021812783747875222,0.002420669073785237,0.001804906804700912,0.003741848671383389,0.0033269977849330044,0.0026273215809046947,0.00530293418954528,0.002008176317265111,0.0014161478445302578,0.0027723171972428946,0.0038454249011382648,0.0020109150028265583,0.0019107853651249497,0.002818776778929201,0.00514607667913905,0.0018425365741004225,0.005667575503615167,0.0018300675017626114,0.002644507996408113,0.0011169617766069626,0.002794424007094731,0.0016356684663583984,0.002578779875675374,0.002366460430887746,0.0015823915543740253,0.0019522218597087925,0.002240346294386406,0.003602045615544349,0.0036418424538058893,0.004121715673863493,0.002524122398734095,0.002801040071696892,0.0029856606386646466,0.0040993989467173406,0.0027054015496273376,0.0019235333287342922,0.002547752162866345,0.0019146632125959231,0.002431066993260212,0.00183618559815549,0.002048162702043632,0.0019122612207391376,0.0032178424497571276,0.002475063753258762,0.0031358098530433445,0.002928936230754511,0.0035773216739559107,0.0034498662138937254,0.002340220088728653,0.0028804177465630815,0.00235511655515719,0.0021988820844872424,0.0020106577309689133,0.0030710847639697273,0.003160595452787061,0.003661550469893207,0.0017476035443415798,0.00271020340207558,0.0024068030306699404,0.00390920872884419,0.005073989317470141,0.0032178768843212067,0.0024211501792601336,0.0027424071330634076,0.0033407348767447,0.0038430359767796817,0.002469628853884524,0.0019658816486288052,0.002020657589526337,0.0022618878418161443,0.003004908219536303,0.0033852673408443475,0.001927756526975055,0.0038621803618938593,0.0031783331775100485,0.0032612376855903273,0.0017297594011965556,0.002975071611733544,0.00394646048648958,0.0024104578813487383,0.0023631926660946357,0.002702406123679643,0.0016751408154388155,0.003453731288001127,0.0014376087960149512,0.004053426671183566
3452,0.003736466934402153,0.0037110005576205625,0.0019992652310549574,0.004685158515202975,0.0032165276452587066,0.004055443571003125,0.00642521331623473,0.0025722215382439186,0.003615463015542769,0.005293074209548015,0.002976613461719696,0.003964320489007255,0.0025138557975254976,0.003412657381627325,0.003375879847367482,0.003107907032407587,0.0025673590482086874,0.0028080237223989664,0.0021611366078997576,0.004421096984738007,0.003866199328712826,0.0031695080449460748,0.006144381471752824,0.0022489790344411087,0.0015761714420201537,0.0031253618226783275,0.004276905007139554,0.0022417843347903007,0.0022561020710316457,0.003123909160970066,0.005805120593619609,0.0021819212061629273,0.006223761631852517,0.0021190109023562515,0.0028046393420496905,0.0011960754367083774,0.0032939066012401645,0.0017980975023023222,0.0029933457184576928,0.0027561214313465443,0.001862109254315369,0.002282705040824735,0.0025248996784020907,0.0039895655215389635,0.004265570965432594,0.004787640807713311,0.0028438647964497852,0.0030726908856963326,0.003314466319206,0.004647250598080227,0.003224973506742948,0.002104902407659299,0.002842433732824364,0.002351238077961893,0.0028470919078112224,0.001963070982580088,0.0024068808861533613,0.0025919626037519705,0.003681494213758476,0.0028823595074224427,0.0035605385426617088,0.003211496828092027,0.004339248520172634,0.004034842771449493,0.002769876322849778,0.003739905641057365,0.0027027253005434443,0.002522483795212005,0.002254958278396355,0.003929735642641818,0.003949803031685811,0.0044825603447806416,0.002005449457967217,0.0030606600149387267,0.0026605153934593025,0.004435589444611759,0.005722700760208729,0.003908893627097508,0.0027918026716628355,0.0031566914014526746,0.0037032610181089824,0.004306890645299797,0.0027763599124531867,0.0023775833829960008,0.0024383367097042044,0.0024777709038150087,0.0037119793382981176,0.0037466615556359753,0.002166985470351906,0.004630588726476034,0.0035564670700348384,0.0036737911299865988,0.0021229917165818584,0.0034638131167125936,0.004421202724069343,0.002818323439151627,0.002620447483230186,0.0030585145276976647,0.002078073488395219,0.0038371405711857317,0.0016052639044038172,0.004294038468679529
3453,0.00352647154066095,0.0033562621762343787,0.0019687155021792923,0.004714441848191516,0.0031440088106678863,0.0040685567467927146,0.006320394061012499,0.002405977591004583,0.0034549035954292606,0.005109829640943215,0.002701541216674266,0.003687897985432993,0.0024169053531255865,0.003199581434572006,0.0035160118533947345,0.0029040301173063315,0.0025404017246250144,0.002691704785130247,0.002132645306244424,0.004294834526845575,0.0038070032829581615,0.002969365545813074,0.006098233171185357,0.0020812556005902036,0.0014462445751470786,0.002792088487224068,0.004245159342257311,0.0022325947912454213,0.002192276319693556,0.002882571607089019,0.005591086413921551,0.002071088742575028,0.00595978028415624,0.0021196739084196775,0.002752405987442031,0.0010871363701709144,0.003138567467330144,0.0017287893345549537,0.0029835885242320433,0.00250296414201596,0.0018201562046361393,0.0020940738168028555,0.0024883748092630535,0.004053453609374644,0.004050612751676721,0.0045079682219115865,0.002797950293833154,0.0026822288205364756,0.0031812195959198884,0.0044255820835048,0.003164618914421024,0.0021592668473118626,0.0028362173946107957,0.0022526535369696357,0.002670508116846091,0.0018471458316220804,0.0022262536487323054,0.002552866268034121,0.0033547604010628084,0.002946861933361864,0.003446877585661255,0.0031443920818902743,0.004182563416316313,0.003835588382818154,0.002732666724473825,0.0036558062772856868,0.002643884351070323,0.002302802577908146,0.0021655604378022658,0.003366379024807681,0.003390382728140707,0.00398832217890735,0.0019473525467225104,0.002835670960533431,0.0025308926716545066,0.004286818943531698,0.0057207374192918235,0.003746783493653728,0.002700763950283104,0.002818921299828055,0.003725645015953695,0.004066751455737392,0.00274579904017522,0.002386247320146148,0.0022554547537514203,0.00236980085847742,0.0035679581207831838,0.0031050843950223474,0.0021450229509698297,0.004270769283655757,0.0035359857295231265,0.003611013736168738,0.0021277198131265723,0.003356407186332021,0.004321408498821792,0.002799206229345039,0.002533591818105401,0.0029622200966122206,0.001954958276350613,0.003669206490160852,0.0014991463758269087,0.0037484267480730553
3454,0.0034792105540485405,0.0031954700433229695,0.002055690603517569,0.004883954107812248,0.0033434577087314574,0.0039585244408417925,0.006366730139861306,0.0025349040976008867,0.0035655310476549818,0.00489370193965109,0.0026747270712369343,0.0035715646202214776,0.0023546392069444325,0.0032543954902924735,0.0034232780475563973,0.002984898275180939,0.002361055316644227,0.002671005554506497,0.0020566664420843773,0.004339254330418413,0.003793956600109909,0.0029163182685933275,0.005618390478353971,0.0022983593140009856,0.0015211112457482216,0.0029218332145391195,0.0041484352931586005,0.0021807243856788745,0.002114778122299894,0.0030154650622396767,0.006191331499621438,0.0021154636952601317,0.005959914635786012,0.0020583094064025803,0.002692773774112534,0.0011393826918664582,0.003024456953080546,0.0017519184015968576,0.002928016841674776,0.002563578872814609,0.0017265246354630907,0.0020784284549628875,0.002469799965595823,0.004245137991459331,0.0041624450476423925,0.004470481499436762,0.0027315694792522764,0.003028547758245953,0.003469644073712939,0.004527990554147342,0.003082035061205566,0.0020792570563356455,0.002847447936260474,0.002205582351951199,0.003038524651468277,0.0019522310542383417,0.002126752194415106,0.0022562887318415023,0.0035167259535316335,0.0030248923668069988,0.003434690904377261,0.003227169157078902,0.004020980550892011,0.0036261117067673144,0.002691654140002844,0.0036013573668674443,0.002569896052262533,0.0023719587114913727,0.0021566151979889665,0.0034718477221361214,0.003578403758010102,0.00376985437540265,0.001976561154971344,0.0030815855050237563,0.002627193592863935,0.004387906932840529,0.005589875792626297,0.0037355118595225395,0.0025194421623102497,0.00303575112831228,0.0036135871184164747,0.004338174760444945,0.0027060320094711003,0.002198188942447569,0.002220611176899112,0.002381138214024706,0.0033899866553477043,0.0034526001290642655,0.002078678082194846,0.004404730146900757,0.003534253290547817,0.0037239671851236333,0.0019521525358783382,0.003298783139619642,0.004105460925777423,0.0027698947127664446,0.0025469666655742683,0.00298489726761532,0.0018934939540791581,0.0037978514515769925,0.0015393835234299204,0.004054561497047916
3455,0.0033775170718707936,0.003299733546874615,0.00206720888460629,0.005262034428043065,0.0039426165288270615,0.003942028888818342,0.006672474124815456,0.002630273866922938,0.003692518993622815,0.0046624255057578,0.0027414010889926822,0.00357016208059926,0.002297806137811907,0.0035121659845991546,0.003361859101527089,0.0032785382630517615,0.002273342028355849,0.002738751805540941,0.0021050450907837983,0.004445367815905435,0.004120074562716929,0.003066332198370369,0.005866419021735592,0.0025354286207992117,0.0015767200106221492,0.003244165018083977,0.004091025381606329,0.0022123191538644983,0.0021743758174153378,0.0030507773663726707,0.006136082875645823,0.002179087265935518,0.006031186964124789,0.002007483894829781,0.0027576052730980314,0.0011618187669780458,0.0032665542112829417,0.0020030999650007893,0.002919632716497985,0.002620812888600284,0.0017295019490774746,0.0021391783172699666,0.0026372551522900727,0.004319873634113625,0.004285158358745431,0.004451814549185572,0.002961853559414637,0.003321839703333316,0.0035833612502225395,0.00446510369790847,0.0029848952375206594,0.0019215227960160753,0.0028109637113804616,0.002224184573796936,0.0033449508364775133,0.0020749569907541478,0.002156295196576293,0.0022865866588243763,0.0037645363387519243,0.0033033390787243727,0.0036779239453602697,0.0031475142361164386,0.00421152256149053,0.003528471717106402,0.002882398793816256,0.0036308635696006087,0.0026808489966407786,0.002392196588513588,0.002394072846418256,0.003756792172721948,0.0038498532195839776,0.003422349506692516,0.001968440327389188,0.0032061984304301286,0.0028393063105519594,0.004443208098737569,0.0056925597420704865,0.0037699872028653185,0.002599996440785268,0.003170868153947062,0.003714061335610602,0.004768443448980115,0.002733393602509158,0.0021294222352437244,0.0023294103931261914,0.00238319082518189,0.003318262768530816,0.003573526851359162,0.0020593593009777538,0.00458109136967011,0.0036307056922988156,0.003899591480724474,0.0021729206946796238,0.003567753685818925,0.004076045633572918,0.0027569301703332604,0.002616916294608026,0.003153914783887179,0.0019425121563293915,0.004031685968321863,0.0016059374262277716,0.0042076123674329126
3456,0.003448457411448232,0.0031983894947293337,0.002115672325078133,0.004774460404478102,0.003712285751247844,0.003893472873002608,0.005985090521441656,0.0026040736832524656,0.0035817213273985557,0.004476806672871738,0.0026103231010056304,0.0034422224993274526,0.0023219922102212455,0.0033020552698373676,0.0032031154036555472,0.0031768490508223947,0.0023054810958507087,0.002650760445956788,0.002179699386602431,0.004244158458600458,0.003853188502093186,0.0029400913566818266,0.006008071813513248,0.0022716690763168322,0.0015605082527899278,0.0029912836019204024,0.0037976210989774002,0.0022966933627048248,0.002214590602504157,0.0028574444868885453,0.005546984480332198,0.0022134493683646653,0.005659701329215137,0.0020514408255033435,0.002650125724699352,0.0012046733653720842,0.0031362587973434797,0.0020652025939285877,0.0028339425707311415,0.0025376193206920403,0.0017225123172434635,0.002052455647162387,0.0025124449729493803,0.004141362098183647,0.004065775079460839,0.004543030883178955,0.003060501225744299,0.0030745300877481757,0.0032715888259023055,0.004371849294170359,0.002888632104242911,0.0019044099881485182,0.0025466169118733483,0.002282015422553267,0.0031603070891883652,0.0019413265878078852,0.002238601793957163,0.002375040320236565,0.003405322088693346,0.003266986819156533,0.0034368416212754204,0.0031737765260809393,0.004221423992265151,0.0034095665370885517,0.0026862999306444704,0.0036113321842958734,0.002701050408286713,0.002368151416702205,0.0025842739483503516,0.0035754914577593435,0.0038463277990955524,0.003379008523346756,0.0019293566380457349,0.0030100319245573133,0.0026394117909186326,0.0042200962077110485,0.00547602684626208,0.0035810373274672218,0.0024658546765641337,0.0029789018251167487,0.0036907565188274115,0.0046670381255135346,0.002772293333994396,0.002156797765464132,0.0024588557439615584,0.0023598290483589955,0.00338289404877069,0.003424667007502063,0.002072728567716779,0.004473701720357446,0.003540894186424322,0.003634680896616731,0.002293545333899291,0.003400968499332248,0.003959750799639767,0.002857721073100497,0.002579108025495545,0.0029624450761361314,0.0019565346458728892,0.0037052811497399886,0.0017247359195958186,0.0039029029537532094
3457,0.002970129500867168,0.002697233832324479,0.001907373319482233,0.004058553208749608,0.00333359749391105,0.003577301106009117,0.004869261925008784,0.0023612745253872316,0.0028329131254086295,0.0038650891684125473,0.0021946441142418785,0.0027553249532596543,0.002111119707416586,0.0028092735813855,0.0027882129326047677,0.002907551598665926,0.0019599920363456897,0.0023226407405842592,0.002155378136098146,0.0037062020525695143,0.003273822128835741,0.0025812337763049735,0.005039260082818388,0.001971353251686383,0.0013827923124455884,0.0024500093365742957,0.0033317860334109565,0.0021327826141326126,0.0020088389670457982,0.0025061888249538903,0.004858236507289097,0.001829226817381763,0.004991207132920369,0.0018281785748015438,0.0024002938836984095,0.001117640367166937,0.0026456856563131397,0.0018328137495491046,0.0024810884535951447,0.002342892825585614,0.0015436920312151816,0.001762881125116283,0.002179024378888199,0.0038775718182321966,0.0034536755645949444,0.0038272846752120805,0.0026782979361542514,0.0027189091156234533,0.002851512746888593,0.0037703773592662674,0.002546191431737154,0.0017225593734234049,0.002303802890415174,0.0020068233588780657,0.0027128964116226962,0.0018168333634200502,0.001974324903139363,0.002029540560017121,0.0028730913989163257,0.0026810528688709064,0.002958592656683156,0.003016238241309689,0.0034961829341542713,0.003165633720285567,0.0021818503948529953,0.0029612191736670787,0.0023807907486698148,0.0020990321960346926,0.0022879028084527345,0.0029287571799531432,0.0032203729420519477,0.0028464412859133537,0.0017350649536715076,0.002581499442541753,0.0022277155080273605,0.0036787264471641145,0.004991583057127073,0.0029265155396000033,0.0021732408953538365,0.0022315165462408917,0.003262052939973845,0.0043376246104918975,0.002598941630825975,0.0018948650470049105,0.002154080117598123,0.0022171433026525996,0.002987565820876315,0.0032817666473249625,0.0018457846886940647,0.003949095218953846,0.003324032256653626,0.0031511932494911357,0.0019259937731639799,0.0029540629533933807,0.0036553668462352283,0.0025115654106086884,0.002360242781231573,0.0025257562766520473,0.0017692952018677807,0.003405429664384873,0.001498865283005335,0.0034952366376940045
3458,0.003158036245165777,0.003004823518736599,0.0020531734838246103,0.0041728845516146845,0.0036239411875345763,0.00362763090899992,0.004984284261305415,0.0025887261718332897,0.003158609513284209,0.004227157348070552,0.0025226817145849803,0.0030219464116731177,0.002195106366463808,0.0031443935639820075,0.002851524750045945,0.003103961013592391,0.0020796074261666833,0.002473199721652153,0.002192881556997403,0.004001659828551904,0.003542613012117245,0.0029098971814937678,0.005512072732056286,0.002207170512085147,0.0014632526472261069,0.00269634175946562,0.0035608076959180958,0.002262959498620563,0.0021423008342438157,0.002702441169583321,0.00495418518707088,0.002024772187981435,0.005441034939519357,0.0019091369003414425,0.0025477546279068755,0.00122555114275121,0.002958485640339517,0.0019554631174504757,0.002684107926923084,0.002511062091314725,0.0017181442924504536,0.0020078069270228357,0.0023649547388940938,0.004112549646466879,0.0037808906151785525,0.0042501399305085305,0.0029659395021344524,0.0030665772464035174,0.0031035722659209816,0.004116530873549562,0.002773064143204062,0.0018152812548508147,0.00242676165917112,0.002267725490214341,0.003069279206234884,0.001971145766374401,0.002179667198204338,0.0023558278404497623,0.0031451144961643636,0.002752074369352463,0.0031612461473097546,0.003184877104893503,0.003704050011822847,0.003450566932520379,0.002535855538043861,0.0033490809595518546,0.002483839889518915,0.0023808966495240083,0.0023407457881908247,0.0034117117859287145,0.003935141873327925,0.003515053912010066,0.0018349564646789988,0.002877635858291845,0.002403076681940407,0.003990685345982,0.005324447516872183,0.0033587080559353737,0.002212300620304212,0.002709388442598898,0.0034748978581721005,0.004881556714266083,0.002735434136288075,0.0020799447330452324,0.0023666374018471246,0.0023219611403038037,0.003200611033453724,0.0037107881475774117,0.0019216358070113647,0.004426305475271791,0.0035165204207779003,0.0034109327317262735,0.002164051480245425,0.003238939453046932,0.004090168590209968,0.0026626103239797915,0.0025504280561937202,0.002672927665890125,0.002044171378514858,0.003609006112297114,0.0016375033697090687,0.004024293386242184
3459,0.003547808244130911,0.003316658620473822,0.0021262368410339878,0.0043288312612010105,0.0037988019271557186,0.004071020088984995,0.005200794030773294,0.0026203284642277755,0.0032604603850658865,0.004595086789717665,0.002855687516131452,0.003377738341763579,0.0023656586459907787,0.0034567878814455296,0.0030672910663793198,0.003508344367740993,0.0023124533401153572,0.0026821382390283394,0.0023095616049445427,0.004216301090593409,0.004023149335204196,0.0034624304837912218,0.006290807096495295,0.002232519664153475,0.0015396309518841277,0.0029574236807504914,0.003923649924463597,0.0023136183166294903,0.002282708657379073,0.0029726909075022015,0.005227812699115121,0.0022390217665621834,0.005821359317215538,0.0020624238250874566,0.0027500805487842023,0.0012842822970091433,0.0033330786528504245,0.0021315913644944563,0.002811790601073404,0.002661445100441088,0.0018884471413201046,0.0021363610584842607,0.0024509340822388816,0.004188631042593686,0.004069868886313844,0.004604634501775502,0.003170498470180368,0.0032127903621419446,0.0031710645434237903,0.004689864239299122,0.0030148434606838198,0.002050117176418436,0.0026184577915138543,0.0025479210260013303,0.0029280789601023195,0.0020276916345514863,0.002394470096600741,0.0026944179146404313,0.003430264211857894,0.002889685642565876,0.0034282828642225034,0.00328640143967737,0.0039030720691045837,0.0035996338671258235,0.002784459505520931,0.0037309677882605185,0.002706048676821163,0.002426676022545322,0.0028031913315159436,0.0035291260166769407,0.004177715994947763,0.0036871816991881513,0.0018759569572797715,0.0030376637901406225,0.002495561530366748,0.004136883141586106,0.005289287114262102,0.0036506349994790926,0.002477361744163391,0.0030462117602568315,0.0036699778709244806,0.004867753691785195,0.0030550677628837066,0.002349660495941693,0.002624221528261248,0.002428561547766168,0.0035023177580511947,0.003854878484869262,0.0021131584588496744,0.005060993969703997,0.0036846891382175703,0.003515052748632501,0.002462618192515474,0.0034644763633345367,0.004332586985539477,0.0028261317202416805,0.002714940027168484,0.002856842604795717,0.002380801025579373,0.004060619367319684,0.001708704588546145,0.004328051197609741
3460,0.0035373953141824245,0.003096362423232245,0.0020712656907321617,0.0045101080383860076,0.0038579511196598685,0.0037234283322416387,0.005084864716728926,0.002626800290067312,0.0030730372038650943,0.0044474848714882815,0.0026936806763310254,0.0032683565825351035,0.0023726774894337987,0.003326208395429067,0.0030042134095633576,0.0034865892688979018,0.0023172046680211464,0.0025619808827523328,0.0023110445781069576,0.004068896646461488,0.003876969918415958,0.0033628516096756438,0.0057830139674910006,0.0023182825184057156,0.00150995461066625,0.00287519918664011,0.0038053780765234906,0.0022949904469810817,0.0021838998931587913,0.0027740106448885904,0.004913535955998677,0.0022156932656299142,0.005441720750081145,0.0020573706327466426,0.002792037695676858,0.0012768202539383525,0.003087003966748178,0.001970500188276203,0.002703326203846885,0.0025568412735619502,0.0018616063077105888,0.002091960585121411,0.002356908641562353,0.00407918631579614,0.003956740042531378,0.004507407708216234,0.003135729696442733,0.002780462951636308,0.003000195533419977,0.004266824854191614,0.002870527217151391,0.0020518058458966395,0.002439275893522535,0.0024167842782969505,0.0028888978796976607,0.0021016841114468413,0.0022971967291306496,0.0025120984666129696,0.003212791032679965,0.002767725811600582,0.003326403643474166,0.0030869440026953065,0.0037373810051975634,0.0035787277674014105,0.0025992547679850116,0.003584531276610433,0.0027014541952512486,0.0023205403637171582,0.0027483082081679795,0.0033485102541429136,0.0037948616484436955,0.0036693297959447383,0.0018821897226688256,0.002856205723300372,0.0023589770424128037,0.0038913955875744663,0.005181410446571845,0.0034729880365058016,0.0025220142534474813,0.0028153039254040194,0.0033964914271955807,0.004441603975386292,0.003069527757541999,0.0022045077401399524,0.00256078901463234,0.0023809141936681024,0.0033995456862681546,0.003266606264939197,0.002155925994787969,0.004563664755456872,0.0036394954451563783,0.003496840828327101,0.0022863146499979324,0.003181069197137732,0.004253932886719447,0.00279744435242055,0.0026415552095392634,0.002713058376003337,0.0022665879087761485,0.003910109486319722,0.001720242144503127,0.0042225509547243675
3461,0.0035415782147105433,0.003012130213869503,0.0019723841584734455,0.0046268104274849895,0.0037856732039177,0.003514463493526826,0.004820121265790766,0.0025750165363595057,0.0030411821704906215,0.00448206143487187,0.0025767804396161025,0.003252516194804566,0.0023164573937710193,0.0031588653005252326,0.0029419016527798365,0.003273846703865783,0.0022812447501749044,0.0025068106789370823,0.0023198397825803588,0.003948420635651768,0.0036987370966299147,0.0030925983220655186,0.005284629440144061,0.002251825754091559,0.0014667861208548887,0.0028817240792936706,0.003796974920673232,0.0022765842019741122,0.0020902985090205015,0.0025784120030057788,0.005158712190247712,0.002160735219754819,0.0052706768119097245,0.001959990393518937,0.0026828749799947633,0.001253246036326911,0.0027522414644688136,0.0018338904259652016,0.0026735354223186318,0.0024745738861470293,0.0018459300516620492,0.0020678257396579474,0.0023254388899736087,0.003818141358764019,0.0038135299719649564,0.0040197551172168,0.0029427487828168337,0.002874386364400002,0.0029992885997558814,0.004001528274706793,0.002720481636787331,0.0019017713896652434,0.0027123730756463864,0.002303908176540098,0.0027673632692736803,0.002026524889976251,0.002219115798076608,0.002473701608244005,0.0031706621054850464,0.002656859839456633,0.0031852950073225105,0.003187719649683439,0.0035784209643978256,0.0036518808752107846,0.002582349988885928,0.003459330976508755,0.0025440068774070417,0.002241554804015525,0.0024718375121644434,0.0032795065580937927,0.0038013276421828787,0.0035143643547408485,0.0018501213217566393,0.0028958002138063928,0.0023027453466981985,0.003748055017978984,0.004730099324261582,0.0035320313915753747,0.002426845100268947,0.0026528199600063663,0.003387791420226682,0.004273467105505753,0.0028186764796198603,0.0021282275536280344,0.002509831225850222,0.002354820046338581,0.0033029465646875864,0.0035420929366373572,0.0020457026625340623,0.004448390605970597,0.0036019251353839156,0.0033742041221232542,0.002153593909123492,0.003135111436725663,0.0041940739527278875,0.0026913787873412264,0.0025952428176464273,0.0025909766342803128,0.002220537971247622,0.0037809165826326015,0.001592822334996322,0.004130189631843859
3462,0.003720937082226922,0.0030245515045099255,0.0019421267310563688,0.004912024991163025,0.003996552226139968,0.0036556633331492248,0.005145305797277608,0.002745468283608822,0.0032191860287737943,0.004573486470175851,0.002639556857374528,0.003273912028790681,0.002338685897873479,0.003236706423498017,0.0030424274828909016,0.0031403088217932746,0.0021810664655707427,0.002563482932976062,0.0021371024878327075,0.004133315257117668,0.0038874286620885824,0.003002584608757221,0.005257586354185928,0.0022569478550497845,0.0015197418138053296,0.003048810344346811,0.0038063848635325045,0.0023135067338785754,0.002047994881573919,0.0026412687606958674,0.005050758034364112,0.002319321034488886,0.005564386182613247,0.001918215894284159,0.0026456143859417084,0.0012385115263745532,0.002794548172367849,0.001853048868466821,0.002735313568994465,0.0024636297264527133,0.0018331861822014303,0.0021337462636750212,0.002279770472459185,0.0037640878360835875,0.003937277084802925,0.004320748043620836,0.002979059742355083,0.003014493492512127,0.0031924244157298764,0.003926764865810127,0.002704781337595189,0.0018829143196322513,0.0027383413189049416,0.0023226126794096084,0.003019910922410018,0.002105741768320562,0.002105324905643373,0.0023871779440023068,0.0033285579928730327,0.002716504182798841,0.003236198796144523,0.003010534483993213,0.0037246358627568365,0.003558002987319096,0.0027307372100160016,0.0035315212946487495,0.0025490494889735915,0.0022553501584328707,0.0025823061567289717,0.003365105442097981,0.004077744903629417,0.0033964867809908894,0.0017788385239620125,0.0030648379687747726,0.002425401809076154,0.00366441432211264,0.004756459433556685,0.003562502407950578,0.0024717208333229555,0.0029176757506150734,0.003558574234611462,0.004204370576462641,0.002730875671301744,0.002127511721117965,0.002450521092398367,0.002335719955098634,0.003180374144053197,0.003202805320634932,0.002096735708172985,0.004449448161594068,0.0036442060583709284,0.0034960634661521327,0.0021570392959460592,0.003229660699642936,0.004171928893412316,0.0026241066301881106,0.002574137340533731,0.002736970405706104,0.0020922930617807297,0.003757735022764968,0.0015898941139266976,0.004426360380516512
3463,0.003855767593656952,0.0032731017249049924,0.0019290348334326333,0.005426513969017715,0.004199044344150101,0.0038400301364168465,0.005675498331847709,0.002840120321675259,0.0032419361124994433,0.004738552929705303,0.002736607014483798,0.0035514876932167217,0.0023845671670461436,0.003408204825032321,0.0033685796381655434,0.003493596137735808,0.0020742426841481388,0.002707126066852973,0.0021753127350363478,0.004413234178152591,0.004172354739678563,0.0030555820076441256,0.005595717276519824,0.0023844093246459786,0.00161209786773354,0.0032056613398942285,0.0037522409589553006,0.0023209892046032405,0.002108487902979798,0.002861709060100703,0.0058591209263519645,0.002194316497556981,0.0052954446478042485,0.0019195575494849733,0.0026959727052005907,0.001268281720569758,0.0029879596881273243,0.0018831194025528165,0.0027823828343730567,0.0025748499419040297,0.0017820612157969909,0.0021488540620974925,0.0022704903164337603,0.00392419367563577,0.004226747010544952,0.004241649843603051,0.0028754074394677434,0.0030912853412024613,0.00328887398222333,0.00410046899154764,0.0027053816679677148,0.0018646539337302936,0.002756812944685169,0.0022775096601431065,0.0029583593389591657,0.0023195727830383032,0.002187016807256034,0.0023101230814090374,0.0036022548044829772,0.0028273444260680336,0.003401099600972673,0.0031521907397843007,0.003807163689900787,0.003637158891792839,0.0027154475052906337,0.0034389196563572276,0.0026433517940692647,0.0022685942420401875,0.0025388102007745683,0.0034908832095320633,0.003897970497821978,0.0032272608671114894,0.0017756022236301366,0.0032118362649224664,0.0025725237110197437,0.003799664432704015,0.005093744463391605,0.003500679353428302,0.0026033986999742568,0.0029352226376457235,0.003691614362459078,0.004571914116947107,0.0028067765270139073,0.002115655272005715,0.0024264723832427768,0.002380914820017681,0.003212150027304233,0.003397954622281534,0.002159800417275558,0.004977680517747046,0.003661455265221047,0.0037106044987729784,0.0020803504471907683,0.0033581299169395356,0.004120605602146925,0.0026139938285706646,0.0026514392175330955,0.002923536631187106,0.002039163875761831,0.0039401402352237476,0.0016081674626993935,0.004512138458072038
3464,0.0038991556263319824,0.0032560420467501413,0.0019530143341055565,0.00561818293721593,0.004125987390059652,0.003862697955401207,0.005776289855997966,0.002885891151946174,0.003298925332342604,0.004676594645076491,0.0026998890670233305,0.0032325834126342044,0.0022920822716111454,0.0032158281131190705,0.0035190224776364344,0.0033813764525615717,0.0021472456837401946,0.00260790497125085,0.002379235616098693,0.004551970695609253,0.00375951385695464,0.0029552688715005796,0.005347702974364567,0.002448514976736368,0.0015413519480378377,0.0031585796823692808,0.0037856791664897067,0.0023739151228833583,0.002124159726938806,0.002816108897396837,0.005571697550551344,0.0020676594220153614,0.005052451657717367,0.0019530622500559885,0.002660970064274873,0.0012414427996675665,0.002907134677332132,0.0018950320679951744,0.002837428456105337,0.002582999697701185,0.0017694315126436507,0.0021234378910860966,0.002212633826821401,0.0039623198170146935,0.004167816695839643,0.003974856413816368,0.0028307848107491022,0.003091053650983234,0.0033320012064950036,0.0040390228897416135,0.0027510817530914658,0.001893729293662782,0.002616550396177353,0.0023126040092465677,0.002928553138242454,0.0022446087725407067,0.0022069756059790793,0.0023769740111878324,0.0036349383318946375,0.002606268404183056,0.003389046866736404,0.0031799841581100614,0.0037715676609815685,0.003643137780976185,0.0028379541435702405,0.0033146890596459553,0.0026510968402270246,0.0022445684466886884,0.002561809524534786,0.0034043441429167237,0.0038443370156444772,0.003346914055179151,0.0018693854694020293,0.0032088499316820112,0.0025131686719089765,0.003901927678384029,0.005434053035315206,0.0036101631491087215,0.002609452915677041,0.002839296579524377,0.0036918059906470508,0.004849598418929054,0.002827812042427383,0.002207764912974725,0.0023588670742607917,0.002381654418234983,0.003259279248360198,0.0031122677208651845,0.002171307561185487,0.004723970501774986,0.003566219574724093,0.0035629008851194893,0.002083954161701586,0.003514764765971357,0.004113128906788982,0.0026108497779118176,0.0025909459364043567,0.0029235744907950534,0.002072698616324748,0.0039800591906383395,0.0016350003519602259,0.004268424331473724
3465,0.003726319212211079,0.0031907316980380224,0.0018368416848953738,0.005283737225669033,0.004010436598912313,0.004348719361846299,0.005845202883705696,0.002794061148148913,0.0031902347549984337,0.004577620840105929,0.0024511275217929582,0.0032864276365024018,0.0021721008227713113,0.0030947786437206526,0.003463012720597957,0.003147998798302374,0.0022109521416985483,0.00253092858822708,0.002436613213278763,0.004244855409915167,0.0036264803822108086,0.0027080572528103207,0.005262170095026286,0.002194042418071511,0.0013848863376879892,0.002986440576761987,0.0039645747793494515,0.00229568470942458,0.0021082254298735465,0.0028502006834007537,0.005803888252762596,0.00212573915732983,0.00512532536360895,0.001864520626976347,0.002487981204117145,0.001075575542228203,0.002820285140794823,0.001846736019954773,0.00291603513103691,0.0025101467038610003,0.0017562776525046598,0.0020153684321683137,0.0019811366791225578,0.0037090453640403727,0.0038515336974553147,0.004015054049280316,0.002743532202459784,0.0034497845479026902,0.0033645153940482014,0.003975573893510341,0.0026487624376967675,0.0018793865853546723,0.002551779867112959,0.0022080216781965975,0.0026385599752268892,0.0019822621437314545,0.002117233173442338,0.002257109146582777,0.0034636104822361705,0.0025366697142699887,0.0032834677315573438,0.0034162005347461426,0.0035922463382682597,0.0036048995054611794,0.002775615623699433,0.0034866493997523606,0.0025964607197347896,0.0025160608957228844,0.002260306900625363,0.0032408410763332947,0.004131055164674652,0.003394403841349544,0.0017985092136343515,0.0030890944482007982,0.0022963986158354693,0.0038727258467139425,0.0054176566960417285,0.0035258544756013835,0.0023592381377237877,0.0026794105151332144,0.003647291242954523,0.005051817690245941,0.002798675516140025,0.002202111390477954,0.002296307264538089,0.0022458073614949337,0.003244378008541362,0.0029447243271353376,0.0020375587161099856,0.004281114741809825,0.0034890479859386926,0.0032335286913860316,0.0020518994482024854,0.0033953052342514185,0.004110613673891424,0.002505146945164428,0.0026358656481133237,0.002821560944027703,0.0019817009797684776,0.0038541761840604964,0.0015456433100980989,0.003934553560104424
3466,0.0035325906297467512,0.00318305606964688,0.001868969774439707,0.00540048962256335,0.003883166385724808,0.004347886080522698,0.00583012480994702,0.002930137132489497,0.0031077893763217512,0.004792899999955992,0.0024590955907471575,0.003574723688338254,0.0021072761038158326,0.0031116059579797692,0.0036372161979815907,0.0031983793344468577,0.002196127505534489,0.0024876113264769833,0.0022679518586090322,0.0038978824801014487,0.003571704778508822,0.0025535351147165705,0.005270525101387388,0.0022831721611226547,0.001335970462576188,0.0029914222220738308,0.004096733731149877,0.0020798714463328882,0.0023398718797359983,0.0029958894308843593,0.005676764215692055,0.0021491484695807623,0.005131920086419213,0.0018901245362794377,0.0024512945403942408,0.0010244940311789066,0.0029433540451732952,0.0017910172133594542,0.0030116984418213704,0.0024582484821374325,0.0017286455568576058,0.0020428286939772914,0.0018927316740037343,0.0036456682147216497,0.0039008651989647556,0.004306907462022821,0.002822098446140319,0.003615981830197146,0.0032797081861663355,0.003927988764606365,0.002603067013829666,0.001905458682109553,0.0024467830106197617,0.002158784510514961,0.0025559706958312584,0.001908714936490881,0.002066994301111545,0.002203456499608105,0.0033236932263901986,0.0026107080990527016,0.0033545890325938224,0.0034440304174324023,0.0035192192566193474,0.0036013117145147857,0.002857570018955944,0.003622942195736525,0.0026364055338105805,0.0028027304493287585,0.002024514907200877,0.003334039987879885,0.004222987254820479,0.003670682864000231,0.0017275323142991364,0.0030691497298600554,0.002292046119359266,0.0038873801535450957,0.005824701443658126,0.003736043544153172,0.0023505462213912216,0.002802336391198295,0.0033908954411594155,0.005113289785787787,0.0028206935227100445,0.0021777199375297047,0.0022636728415658725,0.002225702286146715,0.003192075102631897,0.0027911131705649524,0.001991723740610668,0.004221523131618404,0.00333499499157644,0.0032638123539043416,0.0019369824053601004,0.0033378772346987105,0.004107300179638714,0.0024218195553651167,0.002675666721173267,0.0028673193263995056,0.0018230705801654534,0.0036027393699498435,0.0015571134111765916,0.003967288390656527
3467,0.004120075163976519,0.0041628450878708366,0.002359762630441387,0.006221078553241073,0.004366034124514315,0.0053784281723371005,0.007103355878304475,0.003240938791823598,0.0038180130410780276,0.005538591199525486,0.003048467547496336,0.004929568070817107,0.0023395775062243396,0.003734689181175322,0.004165708151228454,0.003826637689386113,0.0027013459299155738,0.0029424102908764383,0.0026435627265308337,0.004662971139272997,0.004057036530043734,0.0031932485046546415,0.006507637548475202,0.002628478333826409,0.0015735738023523124,0.003457839715127907,0.005065879163609366,0.0023082084954466784,0.0028235684152422397,0.0033482538950984513,0.006728092006126399,0.0023525825280903624,0.006472521733999904,0.002215908112870846,0.0027993878415251035,0.0012083091947095257,0.003465261391581653,0.002115793284091343,0.0035480743413597,0.002873490464044755,0.002120784536170823,0.0024326284503820993,0.0022966362297564976,0.00424592185383057,0.004501539778409951,0.00491462360087763,0.0032385622342761132,0.004316313154647751,0.0036632030074326798,0.004987717069317636,0.003186385794713997,0.002240673338007163,0.00291089315068606,0.002682331515113739,0.0029484144539918726,0.002055146759809221,0.0026254432129256345,0.002791790572421651,0.003939520594735614,0.003122729162076124,0.00390762355464518,0.003828509109939413,0.004331785908572364,0.0041543153867110725,0.0035791335769252454,0.004175144045392176,0.00309666207989869,0.0033199743082271372,0.0024115465203232004,0.004342405284890337,0.004561762553996818,0.004421116662846585,0.002074797189005045,0.0034632982478128675,0.0028244599343299425,0.004542597000953747,0.006351296868124683,0.0048958016220533255,0.002794916875144875,0.0034684701194403747,0.003739415338279716,0.006835206620646354,0.003595642870059124,0.002785803605537852,0.0028922962386762983,0.0025216473418971214,0.0037120290491201185,0.0031441083627821768,0.002428429202026617,0.005052929673950383,0.003961588625639399,0.004106286520757993,0.00241684346546105,0.003735489103166042,0.0046950787413628636,0.0028691372571607266,0.0033127479250801483,0.003336219066582865,0.00241835171148155,0.00415184452568732,0.0019405725363834127,0.00452162699626285
3468,0.004142982911094805,0.0037166379354249346,0.002222449697660046,0.0057683092088369695,0.004332671329480075,0.005086118735039085,0.006605100971899434,0.0029321392656717336,0.0033404237724382916,0.005101077942822747,0.002831421870406419,0.00417973948056143,0.0022470556627841804,0.003388597073329677,0.0037192817487516896,0.003491669525047389,0.002697340703367923,0.002610945252936305,0.0026834182033486326,0.00447347399463942,0.004014039118885682,0.0031252127780423875,0.006361594275961706,0.002524913690214955,0.0013908736707725683,0.0034495032169257374,0.005206284273496014,0.0023394476646105243,0.0026135533197265393,0.0031839717783758337,0.005696759810453144,0.0023706757571819136,0.0060777695472624986,0.002052387138528685,0.0027122120107573706,0.0010784523804764684,0.00320245829401432,0.0020916626618356026,0.0033471017390168736,0.0026684354626097377,0.0020862983493998904,0.00220553916168442,0.002265550082041152,0.004254353497648422,0.004053902021895431,0.004613613308501085,0.0032691991438366127,0.003652252408233861,0.0033722000599450074,0.0046492048109260786,0.003072186416548071,0.002189239546145902,0.002687369155334677,0.0026044923029545776,0.0027936851893452133,0.0018430798360173186,0.0024771381494687766,0.0026697132875223386,0.0033847175970225427,0.0027072394880096363,0.0035356347048093443,0.0035015332093324796,0.0039786503708365015,0.004036928293003756,0.0034016697704472927,0.003947321245676949,0.0029424564069823883,0.002961306710187881,0.002620723846914836,0.003917282272353031,0.003989374415687767,0.003882202202933587,0.002054040394493716,0.0030956618435884196,0.00249576398308294,0.004327611581917411,0.005625746682581549,0.004433977398023496,0.00270212430080437,0.003285741975982012,0.003540895550146897,0.005937227175354243,0.00350727538381795,0.002744696411863987,0.0027334731850273907,0.002410784308359922,0.003578173294215828,0.002828721216645698,0.0023157040796038457,0.004230461758892072,0.003964837749478216,0.0037200854151030944,0.0024609616822309993,0.0034622856575567654,0.004364375498296982,0.002661578645332978,0.0029732087208500773,0.0030502164939646154,0.002469681456870834,0.0040351878929262815,0.001808159952006679,0.004428174843297932
3469,0.003994169100102882,0.003439061225337879,0.0021154075811652497,0.005032010385474612,0.004020662358643368,0.004551591590593723,0.006135500883648266,0.0025406608702076656,0.0031043860838177637,0.004566963356793614,0.0025769207122649756,0.00411071123125171,0.002126637912056074,0.002951187650882132,0.003471308063367672,0.0029720752508285205,0.0024091601387721145,0.0024270203979393596,0.0024684378211320456,0.0038521709723630124,0.0037199257642050736,0.0029639062579609756,0.006010929396724152,0.0022885119974113913,0.0012331288052876196,0.0032657328861813192,0.004878791377374273,0.002134767129024413,0.002429835172229481,0.003024465200414075,0.005468318402195505,0.002360603762862072,0.00584718586125718,0.0018909372483106425,0.0025172677348850266,0.0009866585908624255,0.0028547146924136064,0.0020025686460500114,0.0030097832068637868,0.0024462157276052138,0.0019233524917986317,0.001983941401293496,0.002103481254014128,0.004086622622034145,0.003687213538060854,0.004558073356561512,0.0029825199525743474,0.003497834806870668,0.0030325207982691005,0.00428793163601873,0.002763970734978648,0.0021126233583115515,0.0026839336738020514,0.002358946396874683,0.002703499232452988,0.0015994670773800447,0.002231378153651076,0.002400511453020382,0.0030410803393368857,0.002763506454749502,0.0030954855813364766,0.003398076746078132,0.00359481234397154,0.0039154842321062954,0.0029578832223896455,0.0037605819877351366,0.002694370372315385,0.0030006653756019276,0.002574133132311805,0.0036487943539186144,0.004139234945017107,0.0035988535978222673,0.00190105349361074,0.0028911025946731245,0.002128216574455802,0.00404508346839002,0.00517160701082987,0.004219742373107477,0.0024316680006921925,0.0032757362691325006,0.0032295493574839265,0.004926919282498706,0.0031678544934250863,0.002527662402098191,0.002578765555125764,0.0023108688956950223,0.0034438575242749206,0.002639942566018275,0.002111255759867998,0.0039653063322647,0.0035633675615930555,0.003550284353183933,0.002253617623572271,0.002977304703922338,0.004059664737961197,0.002457120931224547,0.0027462639852017926,0.0026779618607098953,0.0023295835804796614,0.0037409146426327844,0.0016859456382769503,0.004329396118274787
3470,0.004200159082460082,0.0033138160418586817,0.002052505651793221,0.005187886719855699,0.0037132503230758503,0.0043414031705189945,0.005845877565631315,0.0022260829757027594,0.003067928458869487,0.004429608854992223,0.0025885204475386576,0.0036498329293480655,0.002098655901111209,0.0025870664664055286,0.0029583959980644487,0.0030604244620315783,0.002353459307053922,0.0022856901244805564,0.0024874184190536745,0.0036704392544919156,0.0033286306290316926,0.0030962087161302485,0.0058564149906431785,0.0023218273382933853,0.0011954253680192017,0.003407015548719389,0.0044955273404716336,0.0020837170718066545,0.0022719206256589697,0.00286034749198619,0.0051131377269271186,0.0023376261784082376,0.005661258889877521,0.0018648583988308297,0.0025415682686992574,0.000982318543544762,0.002706289925590489,0.0019898646616858585,0.002811233921015843,0.002451715739241894,0.0018961309850750294,0.0019956510900225586,0.0020685802549287075,0.004051863973853378,0.0035094600140363414,0.004186608507891873,0.002932394419053615,0.0028745157628037622,0.0028080792718712826,0.0039822950597300615,0.0027804679861020225,0.002060610277895406,0.0027074628181765646,0.0024021991372165092,0.0027737389353737073,0.0015322283515320052,0.002197603802685649,0.002408367096870301,0.0029098987993721997,0.0025556284547892196,0.0030749725408698125,0.0030912217829458847,0.0035656517593812844,0.0036963016142500865,0.0029873341361396064,0.0035702901007459227,0.002594425792191604,0.0027632087721294577,0.0027717469893809485,0.0034212041963926913,0.0037356388565680187,0.003300795095387794,0.0018095594385329795,0.002725542880341117,0.0021060853552352815,0.004233624486527441,0.004954016756317524,0.003882059520493879,0.0023838614360482293,0.003346321740178168,0.0031570465752157727,0.004309510540813635,0.0030329120289748256,0.0024835864893104054,0.0025386806970267538,0.002331018082557602,0.003412357963664236,0.00276503456190622,0.0020831811181176237,0.00420863225444231,0.0035067209829687494,0.0034971194285188284,0.0022470380405266886,0.002839874688668211,0.003859660419859769,0.0023578464882448285,0.0025740056627331443,0.00258220912309777,0.002387268618586929,0.003679691197275767,0.0016205177833001005,0.004163186879175847
3471,0.003988679143871842,0.0032214807490639572,0.0019465409512429807,0.004942056721694537,0.0033099416434879798,0.004093961925141722,0.005570663572493507,0.0020182009561123394,0.002932916032739513,0.004156859666903187,0.0023103754783803674,0.0031135858320101824,0.0020479604171638652,0.0024221175443609995,0.002620379406480704,0.002918120128334292,0.0022213643105000462,0.002064546148564585,0.002273849556837226,0.00358444914821397,0.0032463098351975324,0.0030520996674355512,0.005524792191007135,0.0020157004093862003,0.0010953923519189939,0.0032353131520393647,0.004032640364892111,0.002036416698814372,0.0019731693973766853,0.0025266981060710378,0.005037349726391363,0.0021907875642871266,0.005465823131744653,0.0016366130434863032,0.0023401197555660753,0.0008547864669240468,0.002552608615997208,0.002010410967062446,0.0025939612039428883,0.00244099292199832,0.0017893490722694701,0.0017759761783091715,0.001962535512217372,0.003953362917204192,0.0032085586956908606,0.0036472822166925237,0.002695806527666052,0.002656286203198701,0.0026402352287008576,0.0035994317139728064,0.0025979109949420694,0.0017540011995934531,0.0024379906224417853,0.0023088763521777692,0.0027859261941015324,0.001496046204291515,0.0022031787621632536,0.0021362050667548243,0.0027062930127963987,0.0024005678083253174,0.0029295369867461635,0.0028656642524621705,0.003361370649059958,0.0035780537836690627,0.0028089724799664263,0.0034042270856967784,0.002446846558561091,0.002598350466521614,0.002818717356185613,0.003299982640978591,0.0035072027846131137,0.003053453738357451,0.0016014827153344236,0.0025266595285703916,0.001940299715055858,0.004267567129111997,0.004224050620347101,0.0033207779141151018,0.0021558094811751343,0.003333936320099314,0.003138169968459351,0.003928388277509021,0.0027737081461300423,0.002326964482694934,0.0023099708156604257,0.0022275680393512146,0.0031435011406877275,0.0028516722708702984,0.0018871891738684802,0.003817366540072579,0.0034123305618486786,0.003184926443383311,0.0020747406070997848,0.002666436610090082,0.0037103025906609056,0.002131858977770239,0.0024190141722828123,0.0022139994302929106,0.0025757049003996535,0.0036036382804438866,0.0014974715123892042,0.0038497807436067436
3472,0.003615010632654113,0.0026882818585504025,0.0016080985387931272,0.0043404782029571225,0.002908266883916877,0.003318477854380322,0.00466726447840804,0.001848789996931576,0.0024509623214252606,0.003743606247041688,0.0020013709601174588,0.002469973806110637,0.0018727899485615207,0.0021418542971024445,0.0022928295672228712,0.0025415605925901566,0.0019580321671737763,0.0017445063343328145,0.002012620433071855,0.0030873551698558776,0.0028668552160581173,0.002656490481763231,0.0049998530580112385,0.0017163313313588971,0.0009073755854710072,0.002772505260050756,0.003580336809591247,0.0017097913075230608,0.0016312546681669566,0.0022731860009634823,0.004408590232631326,0.001866479876519332,0.004405505082638661,0.0014534420594382441,0.0020282039431235286,0.0007135250864943846,0.002278905913467654,0.0017892159112181468,0.002275955760963346,0.0022820873878809187,0.001488022377437045,0.0014081375803912772,0.0016075950750142145,0.003257441599213854,0.0028385162143074105,0.0029260508450928754,0.0023568722957440402,0.0021384502746872006,0.002315586177241066,0.003120064776505126,0.002251451113035976,0.0015387491729187965,0.00226792843439869,0.0019515118853577274,0.002233420738922266,0.0013364420463738036,0.0019345167779549193,0.0017991989734217366,0.0023619207169919957,0.0019261899845074168,0.0025917438915143702,0.0025896076219227913,0.002832871642580071,0.003302124939525673,0.0023486063564377583,0.0029044390545043203,0.0021467699925850335,0.0020576056604147924,0.0026041797801143567,0.00266884585129472,0.0031550404899920734,0.002576072203274247,0.0013475570620064038,0.002277954219986702,0.0015953748398654824,0.0039194837524842655,0.0037832977420169606,0.002587085240213365,0.0018345192852788723,0.002893234288871995,0.002737633782653,0.003006235141671233,0.0023246784424696162,0.0017754731319972953,0.0018821898523134705,0.0019941751759441294,0.0028565688432969326,0.002412418378670604,0.0015602679878082297,0.0034442692457163273,0.002868295305704062,0.0027561348343342748,0.001730889345086524,0.0023691560025084907,0.0034025560666327754,0.001828218953825945,0.0020773235012930655,0.001933693084092217,0.002196668122505427,0.00329422759423991,0.0012342882743284107,0.003239640377835836
3473,0.003964851117777992,0.00308839654967689,0.001960828819061059,0.004811754737552949,0.0033193331017844574,0.00394820262541284,0.005496731880274406,0.002002720952360084,0.003030057669612992,0.004295082042757364,0.002699793405028913,0.0030062240548889446,0.0020779293408169806,0.00268622334173159,0.0028038509075059134,0.0029431138156355593,0.0022751852420698684,0.0021057450152323965,0.002284141354354927,0.0035570960902356432,0.003254761861788085,0.0029605478188945325,0.006136313485841089,0.0018433502290108408,0.0011144387619587105,0.0028984747121359924,0.004107752057599041,0.0018945561912227821,0.0018320320980470851,0.0025639137978715775,0.005276798932638193,0.0021509169855493215,0.0049210776834207395,0.0016893818561879198,0.002259575028327813,0.0008156466258825877,0.0026818730231762647,0.001956768617395025,0.0026251735769243973,0.0026682162504839224,0.0016947126801122297,0.001678237206387377,0.001780838378835983,0.003452927794765116,0.003282544649887722,0.003468890554739129,0.002807643190072424,0.002657182549537598,0.002683077955566228,0.003916223418924413,0.002558470346644075,0.0018852903270313505,0.00254810766298307,0.002409612154419009,0.002503238732452004,0.0015360787703595986,0.0022443179836905683,0.002118551057360863,0.0028493395667040775,0.002422598490793389,0.0032801051944065913,0.0029831191267408455,0.0036883941920676303,0.0037650668792140103,0.0028547500318417563,0.003355030502156415,0.002468253970700265,0.002522496354458822,0.0028102902273784668,0.0031780987368502343,0.004107151205669839,0.003326281892815988,0.00159343248254714,0.0026833384987636636,0.001932585290298803,0.004439288974218741,0.004839589985478566,0.003370576641104288,0.002080340079599077,0.003360541259881681,0.003046622031150466,0.0033991735498415587,0.002729053746224095,0.0019842260638762467,0.002303259598807531,0.0023139974509425697,0.0034388195581927356,0.0026446061480407982,0.0019338368001791857,0.004353001442253442,0.0031645622518771356,0.0033749013828073254,0.0019813532450350477,0.0028768956265722225,0.004217189924388662,0.002289980436634338,0.0024520945415314323,0.0024835125097817587,0.002239473224327586,0.0037099972790773867,0.0014298493751101894,0.003888544964102819
3474,0.0038278265846972224,0.0032033865900838727,0.0018697624826774662,0.004880985828016506,0.003451340188845596,0.004434543329999758,0.005307206162020086,0.0020424442205702084,0.0031797175001128056,0.004589928809283881,0.0028107411058165338,0.003088424282303358,0.0021458731370547356,0.0030030645341140266,0.0029291878609486554,0.003209417319880771,0.0024426261997610504,0.0022107218408006983,0.002329673439335515,0.003879778608595139,0.003370483936908131,0.0029117060435772933,0.006226573027859656,0.002002760280711412,0.0011665844427254026,0.003001130704027358,0.0043888927614883595,0.0019928546986321483,0.00191355967094652,0.0026843132565828693,0.005414752973175033,0.002198335153895586,0.005145356505587143,0.0017145946729781518,0.002414750806096256,0.0008537109650161718,0.0028628177035720007,0.001941907236191858,0.0028325341669563405,0.0027220807126116815,0.0017748553376412902,0.0018409022580131544,0.001967153904719881,0.0035834373627273704,0.0032975847769318137,0.003714011257426121,0.0030661594951190015,0.002839852828763526,0.0030078129062076717,0.004194462353431205,0.002675745279517153,0.0019259016890037822,0.0025756008174266263,0.0024577238382758487,0.00258394420740719,0.0016797220147402665,0.0024411193184082827,0.0021897142577811815,0.0029317249647209213,0.0024121919503618983,0.003780693149277178,0.0031095605030866526,0.004010801230878522,0.003824582351911543,0.003094436697642143,0.0036872308608925327,0.0026865596395552523,0.00254149853112627,0.002568117232332982,0.003339300045285256,0.003979496701438913,0.0037272203744868637,0.001634803319799983,0.0027679387049555364,0.0021141415025189747,0.004554869295384327,0.0053068118406208314,0.003644283224214641,0.0023200694336902618,0.0029786493652129557,0.003289092385170546,0.0034504510745694277,0.002916001040855822,0.0021062037078062013,0.0023249562498369055,0.0023417653123953717,0.0033644509698475657,0.002679360247830999,0.0020104313229497932,0.004555793708106619,0.0035078672414459913,0.003562165518875909,0.0020078050239204868,0.003222837389494836,0.004609309477835978,0.002383204486420878,0.0026656143111039106,0.0028226310644158476,0.0020966979721153078,0.0037404133480914556,0.001450043211590532,0.003964429214551602
3475,0.003629964419967019,0.002894212187120391,0.001814530329530972,0.004442751935542485,0.0032424397521048334,0.004095459644464599,0.004970389500703591,0.0021433439257076445,0.003100693804397193,0.004191089277815521,0.0023817407617236414,0.00302454798988496,0.0020464096404638377,0.002794180686195516,0.0026994964206779183,0.0028956373293832125,0.002402687295024616,0.0020846742435296226,0.002170739845496445,0.0037193754064309124,0.0031566581281169317,0.0027366046654125394,0.005704122889604471,0.0018913794077293567,0.0010202445619201645,0.0027881541783635225,0.0039243469763452,0.0019472819668344369,0.0017984690008194001,0.0024714873116885787,0.005081256455915973,0.0019287230029421433,0.0047268848422546954,0.0016254187582109576,0.0021740106342991844,0.0007607346715766907,0.0025967045223849326,0.0018605322847659344,0.002670270514404589,0.002493158175931839,0.001689168297009394,0.0016757910354076198,0.0019394740030347648,0.0032408104190593556,0.0030343002606936656,0.0035764290490232576,0.0029076933133141913,0.002771459017479167,0.0027608315048907703,0.0036902697732948274,0.0024037341171930277,0.0017392326360085727,0.002539466432831883,0.002218191496837599,0.002335589045030955,0.0015290735078343435,0.0022725050866629405,0.002066413048875631,0.0026084898509147053,0.002411327198647442,0.003367570548141727,0.002918359997369026,0.0035344865211804815,0.003445602479366496,0.0028745038003479425,0.0034001856247259004,0.0025626866937364014,0.0023670958792132144,0.0023845958852903074,0.003089640010683349,0.003862246213638937,0.0033962196835034333,0.00152204719247645,0.0027033890662584055,0.0019656112963042853,0.0042236122337848256,0.004768324267041528,0.0035567477469570143,0.002061141818718024,0.0029259032909917954,0.0029714635606504875,0.0031409572550309037,0.0028895686327268704,0.0020696838877223393,0.0021488030240258667,0.0021380267973447973,0.0032208617616699122,0.002554410604699505,0.0017658197827380012,0.003994784972486103,0.0032039343245843983,0.003270739741949555,0.0018264718597334423,0.0030306849372658045,0.0043284916938057475,0.0022603191332759356,0.0024673121349857124,0.002489346723744313,0.002160166521213397,0.0034427296569284004,0.0013425904943108224,0.0038053499667519116
3476,0.0038889300428814728,0.002845925302972196,0.0018915178673778298,0.0043317062864103185,0.003316360510137268,0.004197661315569481,0.005544382126506445,0.002373274300253903,0.003260218287483779,0.004288750289150485,0.0025440500468432094,0.0032590695332665753,0.002172556755411662,0.0028274912876377254,0.002820549930647166,0.0028809299549294037,0.0023850793724757664,0.0023181897096539645,0.002326385111672244,0.003705309448922528,0.0032607779522085953,0.002754779394384994,0.006001508482092294,0.0019902417830345008,0.001113463753195154,0.002957644286019593,0.004068713044774259,0.002100266458357085,0.001890772158976982,0.002596493982058009,0.005281842295902837,0.0019916240014380554,0.005146229736840635,0.0017625214000964358,0.002221987015799197,0.000878078253280989,0.0027367050227988525,0.001897474929939325,0.002802819882392942,0.0024811157246582972,0.0018158674606557808,0.0018724713050044311,0.0020282443491109895,0.0032617545644483105,0.0032029147905005143,0.003919202190274483,0.003016696065836514,0.002960031607080204,0.002806154833801205,0.0035657886331630704,0.002668847904945687,0.0019521252410058996,0.0027379520082395116,0.0022905760558060402,0.0023321413287862146,0.0015257008458867364,0.0023484712701098503,0.0024108960257823984,0.0027172875689771827,0.00258022915487336,0.003365258794440048,0.0031025674537158428,0.003701389618527924,0.003524808612482379,0.003056304785366252,0.0034923648601652337,0.002558731114498935,0.0024188179577276634,0.002208046035922293,0.003155280594173371,0.004006613426950822,0.003722891119745157,0.001692414240939681,0.0027921251670518952,0.002148443672109333,0.004248907487706163,0.005060345365822389,0.0040449105945217076,0.002022541341603291,0.002952540835033148,0.0030447203229938265,0.0031608284960734125,0.002896046747973379,0.002178876363422178,0.0023634067070327936,0.0021736764841507154,0.0034460841252360996,0.002645357247095505,0.0018996945460197149,0.004477520119120037,0.003119682406970814,0.0033953006518379577,0.00187540064493674,0.0032442660076476243,0.004498971608085768,0.002546353241387102,0.002537960185488838,0.0026777390232518017,0.002125605589009074,0.0033085522076688936,0.00145975602190956,0.0038620726385698695
3477,0.003936679835644579,0.003113183518882086,0.002010571334092764,0.00435850349108097,0.0035230574330047263,0.004602786696279218,0.005781820742042577,0.0025384516174881237,0.0035469531308746434,0.00441052514892361,0.00277212592477156,0.0036262949793521367,0.002322807803565382,0.0031826404955721073,0.0032071601765574186,0.0028749908894309894,0.0025007277309214513,0.002650954858457808,0.002466583648426471,0.003878396650041773,0.0035647476324743885,0.002898024104625127,0.005711612536224313,0.002152036707361531,0.0012535350905630216,0.00313080389206024,0.004279222881674601,0.002242418035585262,0.0021220212296851975,0.002677264452808869,0.005538542239347841,0.0021731878179617795,0.005379890844863426,0.0019005788968248186,0.0024442900773038283,0.0009967342404634697,0.0029343345890782743,0.0019784271145910394,0.0030385239354347405,0.002513264339297713,0.00202213741627012,0.002170248142231568,0.0023013617837418995,0.0035693951643921565,0.0034521701468329512,0.004457930566274445,0.0032618913023303793,0.0031955487205652983,0.0030591656884682767,0.0037991754814619464,0.0032240328591720047,0.0022293208418003594,0.0026943820430530498,0.002550350096329885,0.0024956872774411346,0.001671606490273157,0.0026212432406837564,0.002906390872817637,0.0029319373752001603,0.0028822317160283038,0.0034854293748499423,0.003434133693551054,0.003927199496457853,0.003735891977980796,0.003284267322689733,0.003921901736268117,0.0027402831564631402,0.002764752349173077,0.0022237985945760155,0.0034350552273178722,0.004383391780345015,0.004387145575654481,0.0019423175384014754,0.0030151890220964242,0.002436280367321746,0.004430275870366837,0.0057230386302908375,0.004259052597122113,0.002325104016730007,0.002932234800072724,0.0034264854073726707,0.0033057460422280583,0.002920541584746043,0.0025270398056505055,0.002660112682837792,0.00227364542727594,0.0035257080581293505,0.00287158896749187,0.0021864291441443416,0.004609018122243501,0.003357747600063729,0.0036345081158479365,0.0020274049086129787,0.0036596871381486804,0.004860550577349463,0.0028082074053585203,0.0026818434060874754,0.003022005975663251,0.002206484143567803,0.0033868154959759227,0.0015841476791755797,0.0043499253795269656
3478,0.003287884427971591,0.0026581635224114434,0.001703680312332707,0.003925360189725948,0.003087318157522947,0.003879009503957522,0.0050967738320071305,0.0023036401456946634,0.0029703032134388665,0.00400558849741442,0.002216048301581317,0.0029040333979903255,0.0020337234337147337,0.0026535300534558186,0.0027203854173974465,0.002428000636137453,0.002091731633506521,0.002290208099556546,0.0021326858826938204,0.003381254463254508,0.002966521609815015,0.0026016718804048504,0.004595414667299111,0.0018979799727967682,0.0010670164795029294,0.002544214367952698,0.0034751263589845793,0.0019260651219801445,0.0018691783445987402,0.0023096461628013547,0.004865781339498749,0.0019308404669361786,0.004777207272156498,0.0016755840479079206,0.002097338814658635,0.0008810871854229667,0.0025881061052290474,0.0017065015786852046,0.002707584159914548,0.002207564020105276,0.0017694722502287173,0.0019643301595293123,0.0021600847226794545,0.003045808533327362,0.0030201084380950326,0.003842001241129265,0.0027829435403024065,0.002653143812705872,0.0026859149543685358,0.003028629494481653,0.0030026651080750618,0.0018890595116359814,0.0022847935746813683,0.0020081096293314555,0.00228011057821742,0.001440092413318933,0.0022929074830888596,0.002545749520272118,0.0025072065230374203,0.002295706878725015,0.0029163287803383228,0.0030413529841350232,0.0031848147455474183,0.0033823722230372855,0.002618209719467644,0.003388106264496371,0.0024438131914335695,0.0023067179125998236,0.00217831451732119,0.0029537969086930976,0.0033784508772006496,0.0036641612317268595,0.0016840100134784518,0.0025428239377264126,0.0021399257709474504,0.0037648732817686438,0.005160910817845204,0.003209621149478325,0.0021238244606679017,0.0025221019945821776,0.0029138689681337516,0.002762402162237065,0.0023985371242013,0.0020531838574336754,0.00221195956673697,0.0019058900706466558,0.002986226401968682,0.002703521496899454,0.0017949862414784786,0.0038887399853265187,0.0030719715374035567,0.0030612817346896966,0.0016777730170939769,0.003160212476780191,0.003996493405814704,0.0023957547460928307,0.0025135889159020935,0.0025160772594421785,0.002056140221435615,0.0031080315401932623,0.0013048726694926973,0.003565005558892445
3479,0.0030659389671798547,0.0026189807355670586,0.0017284072590057111,0.003925771225261109,0.003065969596677538,0.0038710584144064,0.004867618038075211,0.0021582387274965845,0.0028774239773838935,0.004004131759114901,0.0020979648714585268,0.0029439790816290475,0.001995658504236625,0.002467180922366078,0.0027290616029526284,0.0023265488253150926,0.001995868539864274,0.002144472019674483,0.0020833503957851055,0.003391777548887257,0.0029045804441439563,0.0026258954013751125,0.004355404243346518,0.001773386448435648,0.0010508379846796674,0.0024709753349335195,0.0033865158638170536,0.001837790025750601,0.0018398390077587578,0.0022859865218944294,0.004966197651312194,0.0019566384929359778,0.0046113013084385,0.0016038165527259567,0.0019960091887151403,0.0008338060557503858,0.0024918374756678677,0.0017207693218306286,0.0026013960123009838,0.0021984745360732376,0.0017438734616382174,0.0019368626487772263,0.0019598349123412678,0.0029457602613011387,0.0030110426983103807,0.0036951121351995776,0.0026034732310687156,0.00251266575708647,0.0026563765653050252,0.002916829719047111,0.002787467733269309,0.0018273983751707556,0.002281578712791883,0.0019514448937254293,0.0022196514540479798,0.0013801858492120478,0.0022117313200492855,0.0024512379882291164,0.002387096741793959,0.0021951698459844924,0.002911851694028014,0.0032496454906951367,0.0032039449176953687,0.0033671265523617325,0.0025847332859415136,0.0031694555635206874,0.0023495252196920466,0.002377290423742269,0.0020692674668216712,0.0028754105731203907,0.0036044991918818855,0.003472345827798189,0.001651537285934993,0.00247896798191506,0.0020977335640822727,0.0036689333302483734,0.004935902200148516,0.0032655686170777673,0.002016960449716847,0.0025709609197377115,0.0027027164176872233,0.00284652592041796,0.0023144606105260914,0.001980085396235795,0.002169167128366791,0.0019475476943745609,0.0030198345390290877,0.002605352089226692,0.0017196429613661028,0.0040579673840325965,0.0029736447997306763,0.0028361373656736904,0.0016342649356784267,0.0028763730731270754,0.0038431705231902966,0.0023864730682176764,0.0024975000277432345,0.002324775846328412,0.0019684458126634995,0.0030927001261190326,0.0013322649491624805,0.0033400186495954284
3480,0.002919997183955033,0.00265871346615468,0.0017390256486657634,0.003841623357684512,0.003162238298642625,0.003938780167508299,0.004870768705183316,0.00213572749936644,0.002825185531054529,0.004105034875516591,0.0021196072633621584,0.003043817271105913,0.0020525715077858546,0.002453729540392717,0.0031433172593558064,0.0024016542572197256,0.002001424335455267,0.0021965989283630224,0.0020136299297913024,0.0033178235552058233,0.0029763095251346605,0.002649564125316301,0.004428425919761051,0.0017687099366522788,0.0010963304435791584,0.0023650376959963725,0.003500912964132797,0.001840065381005503,0.0018548083137145622,0.002380320579393833,0.005171251150940685,0.0020851923154191917,0.004767388331970494,0.0016167560405314155,0.0021554833331292327,0.0008986223800419834,0.0025011691694896087,0.0016218268987463406,0.002731753521376656,0.002121792944172418,0.001783467823175853,0.001967862978584079,0.0019401067658328132,0.0030121386378319528,0.002965392296502553,0.0036362634012558834,0.0026295089488615293,0.002594689462086003,0.002738719631979914,0.0029511298220192246,0.002918138168942324,0.0019573881701726316,0.0022691017481533625,0.0019957655707745965,0.002371955902967656,0.0014423417314083928,0.0021504496813211415,0.0024865591356744298,0.002551240918688135,0.0021206663668686013,0.0030686834280405557,0.0030945938181363934,0.0030780991393106697,0.003471190820797671,0.002693451012630374,0.003323091067808425,0.002506391602884569,0.002256928780687953,0.0020066951175907836,0.0027313184092540954,0.0036411335455063393,0.003552416992308454,0.001715923238465187,0.002581657254408272,0.0021564082710144265,0.003569532991443907,0.00492106062163016,0.0032992792046416582,0.002177194494453542,0.002363642683974707,0.0026809495319712667,0.002994226041687469,0.002216928291077774,0.002017318340466949,0.002166758561055281,0.0019750833579422694,0.0028414436946984285,0.0029047732263545387,0.0018561668960876652,0.004209322002471583,0.002987038527760419,0.002777369268860189,0.0016912269081433757,0.0028758089776912904,0.003779336115255771,0.0023760342301676054,0.002544400269853017,0.0024209681629008893,0.0017536481683551092,0.003027469674833527,0.0012837552267602895,0.0032623221614125463
3481,0.002838041196378065,0.0028928073135430607,0.0018059550576046417,0.0037411453884135895,0.003213814400400897,0.0038319771296472056,0.005057055573066378,0.0021740003578842805,0.002821547996640667,0.003986527529553353,0.0021984052816502743,0.0033276172421250498,0.0020384104633127723,0.0023970593804872875,0.002997211464240622,0.0025106738291229822,0.002002671150597107,0.002137593852744901,0.0021021450191856888,0.0031176102411252468,0.002991594346978188,0.0025561819619648327,0.004324984699583089,0.0017827676996196435,0.0011090499243195068,0.0022981358547263173,0.003300908518276203,0.0018380623407636637,0.0019535684439332,0.0023919583114734183,0.005319028254977717,0.002105511905614565,0.004877762182702397,0.0016041558871176895,0.0021013080122409796,0.000902383198346959,0.0025022098825427555,0.001524822771778545,0.002719236743523761,0.002113111538148554,0.0017215831663980293,0.001997899916501378,0.0018815368863160022,0.0029668729931011362,0.0029453659602299287,0.003631591877496532,0.002647584107902099,0.0026855438036464227,0.0026746686027970075,0.0033315244733429722,0.002864191916173813,0.0019374445891193915,0.0023262270546686036,0.002027768077094707,0.002420258424440946,0.001476713248770819,0.0021029149618261985,0.002377508372797964,0.0025482400092746143,0.002107108769593893,0.0029669237036423148,0.0031373016564691767,0.002838027378306916,0.0034266897025810074,0.0024677120941232855,0.003208081279654471,0.0024430938078662864,0.002294911132310721,0.002146082422722263,0.0028671430927815506,0.0035783240622032737,0.00340499039977659,0.0016933008908968025,0.002869725320166186,0.002128493851470987,0.0034898290376991254,0.005035394822487788,0.003206818351554515,0.002185553956961997,0.002330669240979755,0.0026725372790102862,0.0033032584255451923,0.002185082597621424,0.001978293292173208,0.0020632603335025085,0.002107346748923365,0.002763928992637797,0.0028212969235737913,0.0017902684410053267,0.003993024459290788,0.0029639998581338623,0.0027387256733195716,0.0017081477345558228,0.002912828449736299,0.0037930618966396847,0.002261313586543565,0.002545017404480063,0.002350472921245389,0.0017220797656619007,0.0030866734542046026,0.0013640479646520728,0.003212742493901065
3482,0.0028986569447346914,0.0031082350200131595,0.0019445166626065275,0.004033619885218005,0.0036002742810434286,0.004354396444637718,0.006150511443774279,0.002257566403503817,0.0030162272690312355,0.004322526009471973,0.002474512682619073,0.00397227972938559,0.0021223395353282774,0.0025630784282996417,0.003012773674834306,0.002706380018903988,0.0021951688491315007,0.002184234638414314,0.0022108593241937937,0.0034267495645363697,0.0033643406941444363,0.002734870832240178,0.004587834425593236,0.0018593658601103807,0.0012062095451104524,0.0024470973109557933,0.0038634861030564897,0.001974672175147666,0.0021464552826086706,0.0025332571702711077,0.005560478750181174,0.0022248289513955256,0.005399093937013854,0.0016586213925326892,0.002204836564742064,0.00095360686109731,0.002736526775837616,0.0016055644816626833,0.0028280548876421265,0.002269666453465087,0.001793507617435373,0.0021770700622614817,0.0020100165080923554,0.0033192218073886037,0.003260675116184629,0.0038679362580502233,0.002718322093741748,0.002918923525069207,0.0027790923964844234,0.003745879074873093,0.0029786861534437303,0.002004095835556646,0.002542776577756075,0.0022191812431791224,0.0025572847869271918,0.0015744370394106869,0.002145844104643825,0.002387269147009578,0.0027637873778709535,0.0020887402768258547,0.0031344603572120897,0.003247412532503875,0.003201436312787455,0.0035756654893583173,0.002511722735566426,0.0033775281134660775,0.0024511532546557585,0.0023013809859988004,0.0023092679336314684,0.0031826360858792555,0.003881114783467616,0.0035783952744947926,0.0016941560806447722,0.0029151309490004934,0.0022457682679397927,0.003481546306000533,0.0049979514838951605,0.0036644768510685943,0.00235281461428804,0.0026544756932333356,0.0030138374413589304,0.003805742077644002,0.0023583959318637135,0.002098002316530596,0.002110037819443414,0.0021700654383215367,0.0028886016611695303,0.0029589506798772783,0.0018033824837083619,0.004430311772214405,0.0031435408715161295,0.0030446858535062796,0.0018014067005389111,0.0031202414785699785,0.004072359798299227,0.002381979745361782,0.002783702139782707,0.0023959882993865914,0.0018262092051766782,0.003317060141485354,0.001418015922707555,0.003391477545846719
3483,0.0031081947599706566,0.002982940069262649,0.0019453074977742529,0.004393067911299714,0.003726622557315111,0.004419491357877949,0.0062870096022541256,0.0023265054150960326,0.00297673964611885,0.004332774413815711,0.0024677158033601654,0.00411079095876976,0.0022213794403814565,0.00270458969264527,0.0030073707798208937,0.002808577334147543,0.0023225292741319847,0.002225461483951505,0.0022934421646596177,0.0036883237271244755,0.0035455768217538225,0.0027826657077023574,0.004660393821016673,0.001870632741744602,0.0012712378246700349,0.002756142862111821,0.0042464741485429384,0.0020724038413146412,0.002125736088103785,0.0025987514125274803,0.005333030015354288,0.00221118373576049,0.005220097014272348,0.001690676774131068,0.0023735801393334776,0.00100963326519326,0.002616214168473093,0.0016936610439835583,0.0028311072474848245,0.002316223006608931,0.001806846332742427,0.0021282213250782014,0.0019734484868077513,0.003611458711771422,0.003442490297100375,0.003825757310624714,0.0026996418042231187,0.0030574893066153998,0.0028732049497765012,0.004049545964984827,0.0028650601560606444,0.001980038795645335,0.0027632797409260497,0.0022866043175877046,0.002532169950776886,0.001665913502661827,0.0021988209963164167,0.002435426943596221,0.002817822317087501,0.0022896249688093228,0.003177856222958045,0.003292059052810607,0.003422131750308074,0.003486487629594143,0.0026023433946607186,0.0035181064415122534,0.0025614449827741272,0.002209452393938412,0.0022619583267655965,0.0031483220903855474,0.003815718534382433,0.003554913087695319,0.001717144268832276,0.0030537711249863154,0.002263903573679233,0.00363869760920825,0.004714227699080673,0.0038207790850090435,0.0023006075128897342,0.002729977678520053,0.0032739309466609124,0.004188720579770563,0.0025166289207462127,0.0022864581564847565,0.0021999840972687203,0.0022489336499804283,0.0029737212839372794,0.0029818471968772998,0.0018400104708854272,0.004336957268729281,0.003269280345143514,0.003082554926835837,0.0020017342410285567,0.0030203380610452244,0.003957772418384985,0.002421249137709449,0.002731234360573144,0.0024864294946179643,0.001986983388016288,0.003408758232779862,0.0014681262279866653,0.003484695260937936
3484,0.0030993436032917764,0.0025305053022273405,0.0018567996286892685,0.003881426542883325,0.0034180853200715365,0.003855120081191963,0.005845268577870635,0.002328287957954584,0.002699784548202928,0.004093787834845374,0.002196456626889521,0.00341402603129286,0.002164344001050199,0.002290635115919145,0.0027716239425322523,0.0026758379879660518,0.002132234016407637,0.0021694992422346443,0.002238591696849052,0.0034370042206190417,0.0031734516743791275,0.0024291557989562424,0.004499104216659985,0.0017981621192498514,0.0011945167304711762,0.0026486568042593576,0.003769949467808869,0.002048916927195949,0.0020239938837805635,0.0024482456340204606,0.004972511564229876,0.0020257477485099104,0.004874984071120483,0.0015612633729892834,0.0023071570151297917,0.0009843381101580632,0.0023908226543046256,0.001606140659281386,0.002697789908596522,0.0023481019807314097,0.0016847616301413253,0.001901184006201822,0.001931543191590955,0.0033505733535789946,0.003242396310680549,0.0035542234469959524,0.002517517580090648,0.002912936637278377,0.0026642633757654553,0.003433359222351305,0.002654414852543376,0.001842225670882954,0.0026104133903009498,0.002008035788515155,0.0026084306350168543,0.0015754584866083542,0.002079233210065665,0.002249489595352635,0.0025676327833300287,0.0023166046220064523,0.0029103780938978955,0.002934858871609427,0.0029857373573938853,0.0032393687977443847,0.0024321490251165826,0.0032217965916721963,0.0024558023288512166,0.0019981171683014515,0.002262861578039183,0.002858954882581066,0.003313090620965929,0.0033991087161485303,0.0016331166294425734,0.002882492771525372,0.0020796918133559115,0.003392450011971152,0.0044086105483639015,0.003125194882706586,0.0020885455918314747,0.0025053343104709564,0.0029172736762575688,0.0038207713379029306,0.0023474135377110563,0.0020770703026147266,0.002058041640279072,0.0020843954139075963,0.0027401114715032812,0.002750735006739556,0.0017660506165443732,0.0040279869869420965,0.0030418651950451566,0.0028043653599029053,0.0019101649420761666,0.002822848885831083,0.003689120107343146,0.0022690653380491002,0.00247138343959469,0.0022972243389614323,0.001851003015011348,0.003120135106830828,0.0013241452183959555,0.0031399424246034606
3485,0.003226244948508413,0.0023734452598992155,0.0019159615215388983,0.00402415128111233,0.0034157535909254094,0.004063275094611965,0.005838676678493253,0.0024193873791692106,0.0028063826513642707,0.004062280216043768,0.002323830876100441,0.00337936344416707,0.002155715762577614,0.0023551560401360396,0.0026283820513603373,0.002631442597125368,0.0021490382714559695,0.0022176009927444523,0.002254119997304479,0.0033705918122472122,0.003093100950110838,0.0025030276157635284,0.004552708872891158,0.0019211858158690582,0.0012076999536462319,0.00268606900523666,0.003995257116838631,0.0020090696991379377,0.002143492336191957,0.0025217081728776632,0.005035598602232468,0.00212186824082693,0.004995550116915213,0.0015188531246590343,0.002293126602188754,0.0009772924093122653,0.0024953932182005603,0.0016107528875930939,0.0026463158468362034,0.0023993318507564785,0.0017368970038902996,0.001956506340726186,0.002004232523641497,0.003361954733924243,0.003359772485878229,0.00380320156001761,0.0025689887267902854,0.0029129501172938887,0.002793710242765021,0.003399090678695431,0.0028213516195603867,0.0019353376813208934,0.002502143268329692,0.0020061975533934334,0.002531368911144276,0.0015830117837600517,0.002199939931236211,0.0022803463725780773,0.0025706294640601736,0.0023934228898529215,0.0029600289540758227,0.0030202838033847245,0.003113362218756604,0.0032630844247345235,0.002230743407513695,0.0031851365777446185,0.002416130641669784,0.002103177362345886,0.0021255916590648192,0.00300966537789212,0.0033592300670594703,0.003680323235796785,0.0016194671789048934,0.0028276174930342473,0.0020763922076943637,0.0034851726622631514,0.004590342612677401,0.0031296949761254393,0.002187437020591488,0.002686516943698684,0.0029089963792247094,0.0036271347493697496,0.0024306563997632145,0.0020487043782748847,0.0020305467341160417,0.0020634629187856477,0.002862051265625717,0.0027631205052239013,0.0017871714752605741,0.004169925583669435,0.0030914920843443214,0.002868469457490444,0.001869140264052285,0.002958896346179836,0.003856019354312866,0.0023566785355454466,0.002467961167217428,0.002357145917148112,0.0019169417907351116,0.0031162853945904635,0.0014297554401482503,0.0031878851311437305
3486,0.003110944659952853,0.002191346472848321,0.001808930072437392,0.004025682905573286,0.0029259476508278265,0.003894047758412215,0.005205207855285125,0.002433135751433458,0.002535329326540765,0.003870697851041276,0.0021303141485327216,0.0031102059298189185,0.0020642211090173045,0.0023923801115713532,0.0026508105997364536,0.0025051298497747593,0.0021561361215288472,0.0021543649238273356,0.0020972037632477503,0.0032649972255307147,0.0029389908004020995,0.0025067705555568164,0.004235876374366513,0.001836469513236511,0.0011690712663894136,0.002606229543529973,0.0037090489000103327,0.001945827596604421,0.0020321112454385294,0.0024812095206478263,0.004976699771017904,0.0019645093781587896,0.004614513649588244,0.00153902569394284,0.00222739519275274,0.0009681397275811593,0.0023423609697581166,0.0015443077033832765,0.0026183601539891813,0.0022409582712793166,0.0017011694885471357,0.0019111152627292619,0.0020389751658408464,0.003335527047701359,0.003211636688615825,0.003446703427836164,0.0023952367190363134,0.0028063732232555577,0.0026339219073617396,0.0031566998031586054,0.0026607152168011297,0.0018228884786658333,0.002271189864938458,0.0019009102502855015,0.002419288655862519,0.0015199205764342577,0.002057805759812832,0.0022401317455354322,0.0025529941089995683,0.002320645167868465,0.0027913203397145186,0.0029312442146743646,0.0031222778209861876,0.003080088356873106,0.0021183008703788884,0.0030568452984592893,0.002437333118959894,0.0019928212487249166,0.0018596407610414882,0.002786673834888486,0.003298476927991478,0.00360785565804729,0.0015527865289547776,0.002489584473985527,0.0019860413290895755,0.003532989203373282,0.0044521152410778985,0.0029211384639372608,0.002185290928326515,0.0026438664618808065,0.0027746435441128045,0.003236467803280209,0.0023001860478303747,0.0019673912498167478,0.001925935514640644,0.0019689071534364183,0.002835612388124325,0.00271888194989975,0.001766660068776168,0.0037755579475088584,0.0029888178939725288,0.0028300534712684742,0.0017417089013550917,0.002802618452663202,0.00371870722185384,0.002367513773594235,0.002325068218096982,0.0023294385064109822,0.0018326695148449894,0.0031085808787847907,0.001314800440127462,0.0031614603366445088
3487,0.002941037788047488,0.001962537661014384,0.0017049205520114573,0.0036484232108863297,0.002505528485727664,0.0033367180466982666,0.00446289138445271,0.0023330775722982316,0.0023469283413764283,0.0036424324799605398,0.001879186230298462,0.0026636506766847257,0.0018904667344113578,0.0020961292349706284,0.0025188318895713645,0.0023074038634814335,0.0019662857204680606,0.0019626970831875708,0.001921991755228031,0.0030305044387304216,0.002608868948517435,0.002273307032374059,0.0039040192694385504,0.0016789199146975736,0.001045051798120732,0.0023756687053270217,0.0032376592259481386,0.001820807635405842,0.0018188537463260522,0.0023309403494856237,0.004681372169576683,0.0018542111926742443,0.004133482485065306,0.0014824604676112567,0.002098596165059816,0.0008724265591802861,0.002136205595906783,0.0014835440843808786,0.002504117189025611,0.002138388020203698,0.0015811938594689299,0.0017241648758893583,0.0019398144633945658,0.003078135947297517,0.0030057127182246263,0.003033980623178383,0.002205322653457632,0.0026745108050910496,0.0025790476160166952,0.0027690423939037956,0.002448643123451719,0.0016145823138514475,0.0024578551645687836,0.0016867739404093293,0.002253695906217028,0.0013807413868326202,0.0019716744743680887,0.0024225103470484027,0.0022402415183024947,0.002285173241659528,0.0025564569345653005,0.0028301236012926423,0.00272123064706275,0.002889895792824905,0.002065810766303064,0.0028761494534285574,0.0023330024645717494,0.0017952266300750139,0.0016032022987744782,0.002450509228353193,0.0030437393730515733,0.0034623133311514824,0.0014544765785996323,0.0023137051748482163,0.0018619474215333675,0.0034218210785840046,0.004311921965829295,0.0027063275207243917,0.0020075647315420594,0.0023218029417428577,0.002333336653858033,0.002919698860696626,0.0020487587447464016,0.0018796335878254239,0.001762920315251798,0.0018838511601489655,0.002680790895217954,0.002407776752305215,0.0016187975089203925,0.0034151891594187958,0.002836374724416752,0.0025636870084946163,0.0016394946974086961,0.0025263611351609926,0.003406069705204617,0.002226799875482999,0.002195220604913343,0.002190305002396377,0.001689390783533523,0.0030021636853265676,0.001194472946775605,0.002906232659611265
3488,0.0026767818330877876,0.001924509083595418,0.0016654148016512905,0.003400292994028172,0.002234144404668326,0.0033255313502082344,0.004351152440760241,0.002131975408220668,0.0022665168082966957,0.003412921164801607,0.0018354329882260168,0.0025252327200367426,0.0017503995487249966,0.0020667911092917247,0.0023620443749393823,0.002097839875340894,0.001990001314238295,0.0019095988247290407,0.001799506592519797,0.0026880379389676856,0.0023914368133967586,0.002268861293103801,0.003777806586618167,0.001609642855735112,0.0009165226998867988,0.00208220360480684,0.0031865341908976523,0.0016933065171169928,0.0017941901542725784,0.00224120381837999,0.00484430604312112,0.0018505380038070516,0.004042391119669732,0.0014166380437282214,0.001994836689171802,0.0007899883328743759,0.002194071078825529,0.0013963906887918978,0.002437125890731336,0.0020167372209894214,0.0015598962756767187,0.0016525546718657686,0.0018948269508645846,0.0027426518025112354,0.0027406354951581917,0.003026034983097838,0.0022067151692730766,0.002452907072824649,0.0025689926555999905,0.002350208179105673,0.0023933822417714344,0.00165447518592879,0.0021875750882420324,0.0016289662721691851,0.0022035906477344187,0.0012746502531677559,0.0018568123281866447,0.002377418156514019,0.0020941625208865376,0.002134522770721404,0.0024833854662468114,0.0026275885695201504,0.002338804970647642,0.0029132778018032763,0.0020265842666873177,0.0028047385672788834,0.0022165758524569906,0.0018601009819251195,0.001688268922696841,0.0023468036353465746,0.0032093706984355143,0.0032532431094456165,0.0014306102465921466,0.002132817167566487,0.0018068386425530974,0.00331801009230446,0.004140413839622194,0.002557607759865538,0.0020124540899930103,0.0020637733126260267,0.0021254710261202603,0.0024437637553884305,0.0018988796923331865,0.0017604823100738638,0.001675594888997886,0.001764222899022402,0.002479466144158254,0.0021384753261393993,0.001580063867836094,0.003312179990537159,0.0025421886371593924,0.002582462310546378,0.00158452854707271,0.002422315942121516,0.0033319817829978735,0.0020947396541491077,0.002100186868792238,0.0019531436845691293,0.0015121652037874004,0.0028472642803444113,0.0010666633084360096,0.0026796277018018635
3489,0.002999267773408898,0.0024512107657399668,0.002023770319938691,0.004108065980885,0.0024174758562789367,0.00402498521183234,0.005158767272750354,0.0024477297539289944,0.002815712189044634,0.0040754412789433606,0.002293647345274252,0.0031656278646072416,0.0019410062297185887,0.0026680799634810444,0.0026724072167154953,0.0025624904716593302,0.0021591326402603307,0.0022753755058635846,0.0019317527104196566,0.0032127826333196064,0.002924527372296437,0.0027301333141023947,0.0045951935640790986,0.0018740270182394164,0.0011471672086612904,0.0024869847571523823,0.003625672465402254,0.0018092950515790982,0.0020193464497659727,0.002561780417979462,0.005290121173071702,0.002078073607316975,0.004645471217867894,0.0016360482116651051,0.002256567143483393,0.0009555078028332214,0.002644058106290617,0.0015474189072668344,0.0026513782693358703,0.002228616663850971,0.0016974943560834565,0.001963395505961737,0.0022041260461077767,0.0031782587939410104,0.0033252062137589856,0.0034056285427034993,0.00240502858847591,0.0028533249323583992,0.002934867581748062,0.0029573722351609413,0.002640076076356022,0.0017955216391404912,0.002494893310372896,0.0019054289039718846,0.0022128028561100395,0.0016015261141449145,0.0020469961807392536,0.002641886513750127,0.0027237839234873344,0.0024160740946721593,0.0029383422865265152,0.002999726833840979,0.0028225568371474676,0.0033784255992706175,0.00217597879147008,0.003197734288269646,0.0024217880416675746,0.0020559712169414433,0.0018901708991227594,0.0028252654506232566,0.0038391321968397887,0.0035336466675135775,0.0016108361556205328,0.002466152468185092,0.002137628533692241,0.0038494242223592284,0.004872249995165127,0.0031053029374340136,0.002244023699981264,0.0025587712169688847,0.0027856904861841367,0.0030851747054768943,0.0021250658934261228,0.0019390865733362633,0.0019174532578031297,0.0019845106968868283,0.0028447538587465025,0.0029211988020033464,0.001828935868151787,0.003981345618605646,0.0028057833212569343,0.002939915825656366,0.001801702414266816,0.0029891525508014332,0.0035717005507082135,0.002378173744923189,0.0023864636702033088,0.0023464994449007037,0.0017602577791944218,0.0033398716627385467,0.0012518950840225912,0.003288179306936296
3490,0.0027354988459202443,0.002568720275196978,0.0019433943391735464,0.0035569139612141466,0.0025208992849643118,0.0038449663776865452,0.00506327079180693,0.00227073070060024,0.002609630182254536,0.004092730097947041,0.0021252306520673425,0.0031246237383555893,0.0018665625395711688,0.002581706064776412,0.002758391965480156,0.0024783479640579265,0.0022229461058041943,0.002226118880178872,0.001940032566548604,0.0033348453475226998,0.0029894312022253526,0.0026990904326422353,0.004746407970621917,0.0018528016864677826,0.0010888673249182057,0.0023869306439354503,0.0033900230618079965,0.0018773882931371877,0.0019025075828069098,0.002406775733007874,0.005135902995271569,0.0020947084287396825,0.004680562789250452,0.0016605830386447707,0.002355406123748545,0.0008872486495148745,0.002455902649976507,0.0015838597020066006,0.002635968548245572,0.002080587295380732,0.0016322019548890914,0.0019183122570650688,0.0021378876018272657,0.0032622744952273005,0.0033413268393863217,0.003178071253723933,0.0025400081568327463,0.0024998313011974976,0.0028426561671690324,0.0029355707166068045,0.00266809850364403,0.0016795966998611896,0.002575537609625415,0.0018087400168440473,0.0020889977552568423,0.0015979755380944765,0.0018800677007490961,0.0026367432134692284,0.0026439176510462286,0.002422122674445345,0.002842947649848118,0.002872754883672664,0.0028299330953534254,0.0033415618588951367,0.0022278761877616102,0.003276066572031361,0.0024429261760216393,0.001991712721503433,0.00190011290494643,0.0026678509582433963,0.003413489736174331,0.0035126472461107492,0.0016105769103919618,0.002279492759043927,0.0021209161846436272,0.0036863259415765267,0.004981331697605611,0.0030432537420870976,0.0023059720558375307,0.0023277898284388954,0.002803234602596751,0.0031583686017650006,0.002109463013625663,0.001913610061773824,0.0018433813818042155,0.0019711228296628164,0.0027346782153782174,0.002600612469690932,0.001808415900527171,0.003874342277744443,0.002975389512378411,0.0029107190658597924,0.0018328175541240245,0.002814420495054897,0.0035115950112699014,0.00235198011735614,0.0022567797046739824,0.002420044352755921,0.001692816281751177,0.0032031637849576126,0.0012432754050449334,0.003348807368817039
3491,0.003177401611392152,0.003179240490559069,0.0021837881663136923,0.004022010338497044,0.0029124455977289983,0.004500417364191298,0.00619661864377097,0.0024094932969893766,0.0032750641149831596,0.004809570195857111,0.0026070302457407634,0.004081019822318627,0.002125043411579349,0.0029513945484251325,0.003151400023506274,0.0029447054139296594,0.0024544238641486383,0.0025602773033321577,0.002197572993099718,0.0038330891092309693,0.003338112664430336,0.0036727125282903276,0.0055118483221891995,0.002142497924048404,0.0011908702120377328,0.0027210185011928628,0.0038869879270923865,0.0020663528143515476,0.0021529845350316467,0.002779914758343526,0.005695436307178258,0.0025560759282418255,0.005588100891018306,0.0019608189682296926,0.0025434842180155777,0.0009778724201577646,0.0028660378360482143,0.0018325705733431008,0.002988428206209366,0.0025747288463648394,0.001770651752085974,0.002062003357321002,0.002396722053787103,0.0035696143051023323,0.0038967475066294718,0.0038302551190570796,0.0031203226707887223,0.002998029310304225,0.003365239150558638,0.003592163116251753,0.00324760621179558,0.0019116555785533564,0.0030730111313905196,0.0022820074739248516,0.0025928918008914902,0.0017167527207973816,0.0022808081302052026,0.003313786694352227,0.0031004087106461663,0.002862695176222144,0.003238892425676268,0.0031686969356510956,0.0033239298733647436,0.0037767781571067015,0.0026221806278042617,0.003772912485872009,0.0027965108056752764,0.0024118974700916024,0.002596419889640456,0.003290149877158064,0.003926078839114816,0.0039479611950864,0.00194097228259306,0.002787427615627164,0.0024984601809039412,0.004065707792496143,0.005686808145324934,0.0036129409388533573,0.0024432674864408544,0.0031789353383428107,0.0031677930291867202,0.0038667011492999224,0.0027777587889685562,0.0021041964347041976,0.002182129424658645,0.0022133441857974494,0.0034037992999089947,0.0028065229560192695,0.002022993579854666,0.0043906958319728144,0.0032813890045813162,0.0036227085864125957,0.0021027963540550788,0.003287100004292991,0.0040871985521304865,0.002724868464219674,0.0025899988362989425,0.0026690151292566625,0.0025149153088300756,0.0037375115027741914,0.0014629198700789427,0.004049138164799163
3492,0.003902960464978501,0.004360847652981267,0.0027261771281049205,0.005335735541370335,0.004006298459856005,0.005417200549338461,0.00803262190470678,0.00278812507555626,0.004101898036072869,0.005807577125568614,0.0033878122532020726,0.006373836275984818,0.0024640107874087705,0.004245830612940899,0.004272815079429891,0.004006657955224453,0.002802704354405206,0.0031986779152137937,0.002655880695857174,0.005362889598066625,0.004202201881916424,0.004580778559819237,0.007053938308903287,0.0028728912308174396,0.0014871704320308702,0.0035922810255790963,0.0048304621614962675,0.002543373381196753,0.002826402461180052,0.0034972574452409645,0.006733719982481168,0.003237337075632598,0.006303588935539471,0.002399984525068672,0.003374695488514996,0.0012033137546153165,0.003786291362802626,0.0023159110580016546,0.003623249609023023,0.0029712473349665426,0.002197393731510804,0.002531326110928174,0.0029331581386592693,0.004439962196395224,0.004744679702678756,0.0048047569093280515,0.0036947020676242285,0.0035234099435757934,0.0038114057836208196,0.004616139011728075,0.0037540747563744197,0.002283722137893054,0.003632059916456077,0.0028673701883548453,0.0031736226927246867,0.0022982622305540183,0.002865129117345944,0.003648555712193775,0.003953203037067954,0.003498805416234921,0.004227879848495138,0.0034491062136459056,0.00440593091992657,0.004347430807331684,0.003223135202405713,0.004390527274324159,0.0032931905316070076,0.0028442286037371456,0.0033241815725845755,0.004325134550792426,0.004745467289000843,0.004473055677369165,0.002505361475271214,0.0033308050138516785,0.0032029254532766364,0.00472601548568072,0.006514417389166156,0.004283922985352729,0.0029367549175364077,0.0037362884998834345,0.004435244658894226,0.005246025848739161,0.0034892954881033974,0.0025544670686273117,0.0027364737185383483,0.002842748527079438,0.0038778490662951925,0.003311902644071472,0.002495857183965724,0.005297070523667174,0.0037322325830908875,0.004764025762925842,0.002657398288894215,0.004271007457690278,0.004777554932872902,0.0031777707925698577,0.003071805887422411,0.0034488367636617296,0.0030331215956565104,0.004509589193811175,0.0018510908628165638,0.005081146933422136
3493,0.004215215660220415,0.004275028877139927,0.0028997502211462324,0.005412792763647633,0.004460555386226416,0.005450518085475519,0.00786145836400628,0.002856978792391626,0.003887404463106817,0.005997021967917462,0.0033922304919037478,0.006334869647728767,0.0025206943336339703,0.004253382475018504,0.004005263798917155,0.004159229741909491,0.0028370949645982004,0.003157195070775893,0.0027182116538552754,0.00550831294299871,0.004365539308258086,0.004403728334368786,0.007085175016532547,0.002920830238704078,0.0015958720303105066,0.004017943407798816,0.004930905000678823,0.0026115192466218723,0.0027758345745292983,0.0034360612969860944,0.00664187580679422,0.003188825448101792,0.006207068468997529,0.002444131785734717,0.003594010292989587,0.0012994115687231654,0.003753637495994877,0.00236096200602909,0.0035927270522347417,0.0029494451376706706,0.002195882398918473,0.0026647588231933105,0.003000845362884416,0.0049239824115623635,0.004835582756069698,0.004782268843730579,0.0038869141613852845,0.003565963095684527,0.003775426064683429,0.004794577104284774,0.0035473239194092903,0.0022369431617919504,0.0037510986006889326,0.0028615112507815485,0.003165743330371356,0.002492656655799628,0.0028887431144854693,0.003452731727793224,0.0040041692788647144,0.0034275959549935407,0.004264394382834795,0.003507795541686506,0.00454019699152138,0.004052716837170608,0.0032077474949140073,0.004395931886131082,0.003209030784879662,0.002775965807623979,0.003059859964430118,0.00413644799170813,0.004400962782347566,0.0046549116462703145,0.0024547837283086836,0.0034066665001271338,0.0031845392900632145,0.004869479307857991,0.006183869484004022,0.0043248946510276495,0.0027394341204897516,0.0038950502107389555,0.004799562952833184,0.00594968631632192,0.0034924326759304685,0.0028488128978748756,0.0027876169621817316,0.0029508804309669933,0.0039933118173927865,0.0035740218930620077,0.0024987044519553365,0.005454486842459977,0.003979522944146766,0.004499368592250997,0.0027077991672221765,0.004091984142877379,0.004711578655790831,0.003264232807877431,0.003084743437372804,0.003627744038252659,0.0031237454630995936,0.004425776914216577,0.0019384150975035336,0.00523828027589558
3494,0.0038133534273494,0.0036127277251752654,0.002331285639668568,0.00451310303682375,0.004012320342564487,0.004735694961033336,0.006637860649037078,0.0024101183298171143,0.003388136450869604,0.005322239206285664,0.0028016849187107395,0.005069412760612209,0.0022981452509039544,0.0034283225236081314,0.0034283468823996374,0.0034476653191540998,0.0027025614857205255,0.0025797487600590406,0.0024330909355237957,0.004356833502796001,0.003627853372198596,0.0036539774261755806,0.005749390273499247,0.0024329914358980805,0.0012996668702002707,0.003419758692463679,0.00451661691050421,0.002212455941856999,0.002491661598497429,0.002996172640036877,0.0062782442591421345,0.002901203454733662,0.005764842125628488,0.002195167154295151,0.002918588795712502,0.0010742271981917918,0.0030098186553066137,0.0020772769482866617,0.0031195544804546145,0.0026007914086450764,0.002010921129266721,0.002301719945635439,0.0025087962498829366,0.004243975057986439,0.004028512851742084,0.004351507380789843,0.0036437457049406903,0.0032186255320181996,0.003386372021450767,0.003885151628058242,0.003135907973248871,0.00203539888444923,0.003193446059072794,0.0025837729653985383,0.0029174994811346244,0.0019417819405331013,0.0026427453764659736,0.003087397609868049,0.0034282690532483956,0.0030563210985812524,0.0038483949822108875,0.003439789337935462,0.004092597307052987,0.0034590945026346676,0.0029721986780967716,0.0040077043558852605,0.0028687668240828914,0.002821072503364663,0.0026495363560926502,0.00360110059229567,0.004032467050683744,0.004392283268247681,0.0020986816026850865,0.0031565836799628396,0.0026844480991742702,0.004331010480935692,0.005582654107693412,0.004002717832259456,0.0023582195559033745,0.0033444725582243086,0.003757299133108892,0.0047360137344517736,0.0031310472684110816,0.002570089940713383,0.0024462583640866404,0.0027087578935653016,0.003563695837402545,0.0029314811864698787,0.0020976410339816564,0.004982885805096635,0.0036764615848576317,0.0039279968051789205,0.002322542277245292,0.00339309612473464,0.004513624117870504,0.002989302742809533,0.0027921789697298634,0.0029999826018155106,0.0026129791157313794,0.0037915063895610076,0.0016854947567873273,0.004502412462557066
3495,0.004257989434437955,0.003785341355409024,0.002441849770783414,0.004975215577812801,0.004809583252941458,0.005247069117973695,0.0076755107477405405,0.002575511800616937,0.003825589037792532,0.005615243690472812,0.003038218760526479,0.005788622375312102,0.0024070662999685077,0.0035261836762328527,0.0035922933320061746,0.0035383507386105763,0.002807635626871238,0.002705190007754076,0.002517302165259358,0.0044960223287675944,0.0038979372517318318,0.0036321138345636592,0.006201403193367393,0.002554354298439306,0.001401279856060891,0.0036792929560836253,0.00511575614962628,0.002216209901769892,0.0027431021670755638,0.0031797512752689064,0.006663601553347902,0.002946228583068883,0.005993893068195557,0.0023184199176764213,0.003025742259217589,0.0011179690422344643,0.003353567531331372,0.002196853187552944,0.0033596816161069374,0.002712323894976356,0.0021760096739412097,0.002475756713402569,0.0026896188547304656,0.004515684152290904,0.004128193868446257,0.00478135290368543,0.0035393373422072955,0.0037844735496429314,0.003454604846866537,0.004164181024506619,0.003293015225582757,0.0020852202414537507,0.003152966948787311,0.002676684358239936,0.0030538126399471464,0.00203956987586201,0.002859689846231913,0.0031906978523539072,0.0035390116334196218,0.003106052280828418,0.004021511777633014,0.003562140394934416,0.004305661332733307,0.003749334757644384,0.0032353684585237547,0.004147072815341755,0.0029209266964621817,0.002865939310238921,0.002665907406231714,0.00400912090694975,0.0044844577151597785,0.0044990583191567715,0.0020847049595684015,0.0033395709041123783,0.00285873582379394,0.004509278566187901,0.005697431356417895,0.0041366498559609706,0.0026380193221066587,0.0035436498247676503,0.003930845801461761,0.005055142567266937,0.003244548286989453,0.002724837747240586,0.002556234514154435,0.002753624826641076,0.0036143917698228385,0.0027142346084472486,0.002181743941868355,0.005212153061455599,0.003955714537615899,0.0041981317671446645,0.0024751306776062887,0.0036472957154929965,0.004719379689593091,0.002994061357278235,0.0029978716542213265,0.0029862909560047332,0.0027196576532317576,0.0038600702833011397,0.001796474010618625,0.004486741126625804
3496,0.00355267489752171,0.003233338506715415,0.002214282902198897,0.004533903351499223,0.004230994350819679,0.004390798999936439,0.0065540509425186825,0.0025622293295857784,0.0030777359863063854,0.0048714212600312135,0.002671782478129873,0.004724447130572539,0.0021924949942280798,0.002949245248914269,0.0030379468951227655,0.003095116597878826,0.002557479518083652,0.002421128272009179,0.0023131171729567856,0.003877329152087642,0.003261524172043965,0.002765365392113599,0.005426392949783837,0.0022956970174147573,0.0012872926334853239,0.0030961645608121825,0.004520595457667432,0.002067938395967573,0.0025443350427935356,0.002796742202950296,0.00568445961204776,0.002427708563556771,0.005198543151877974,0.001994564788593221,0.002698033851090903,0.0010483585074379553,0.0029146607750884447,0.0020655872122643075,0.0030016164903812013,0.0026347818717059423,0.0019928713609737997,0.0022697249191601402,0.00227852734279313,0.004076872670016629,0.0034519725936011476,0.004181196342798551,0.0031126373661379716,0.0031505607133029668,0.0030050952320597067,0.0037552304655480125,0.002820991509646789,0.0017966958181182644,0.0027559038732894786,0.0022242512682677427,0.0025067863900312634,0.0018417088935594136,0.0024489743456727114,0.0025266561717485333,0.0029589678993631775,0.0026198499988069114,0.0034533319379242895,0.0031620988712985506,0.0036927930536939818,0.0031768446596899423,0.002665895516338378,0.0035368551614830207,0.0025078355515759736,0.0024508601040141827,0.002629182504524909,0.0033683072719611256,0.004226425798993299,0.0038917791342404943,0.0017935023771431676,0.002830908430990305,0.0024507970965452234,0.0040424861256699975,0.005120185232457531,0.0036597942740230352,0.002481003934453926,0.0028179939022050307,0.0035235702347882992,0.00416415973470163,0.0026898236887146106,0.0024670975708251915,0.002259405668140021,0.002464150447177666,0.003114160724340449,0.002839594790460394,0.0018566032627173924,0.004552305547107257,0.0035749981801983556,0.0034978726630768985,0.0021986438226880736,0.0032801673376744835,0.004099582252732373,0.00260549373894192,0.0025564102367198337,0.0027413991991377916,0.0021390591508904525,0.003285156360860262,0.0016424305826993524,0.0038373980045436377
3497,0.002838134444412292,0.002654750692662708,0.001819362852313358,0.003729231909661675,0.0031823646787005463,0.0036146333657379624,0.005082877769609999,0.0022889542933707415,0.002410998660240329,0.003952560934837966,0.0021275668350992124,0.0031213365216227833,0.0019424473393628483,0.0023936925336239586,0.0024417957263397597,0.0025482148741292707,0.0023506256585820976,0.0021142470425292775,0.0020298025972969314,0.0030217529949936733,0.0026924823265732155,0.0023694346901358162,0.004464829346834167,0.0018733634533324797,0.0010820482905628045,0.002300169137778099,0.0036031118966435706,0.0017722936081395846,0.002071145713531582,0.0023519951423475764,0.005161890531324181,0.0019433429203662303,0.004388938536219043,0.0017290412700704878,0.00217182695162187,0.000885358519595522,0.002368794666603159,0.0017075693936574928,0.0024889728087288663,0.0022534838678163935,0.0016751234828303854,0.0019310550306756995,0.001923619662058088,0.0033619972454888205,0.0028732574535801363,0.003469555207011945,0.002757808879284932,0.002701442954828204,0.0025415713074955363,0.003007067631715192,0.0025818903493335555,0.0015931371203561958,0.0021779949344200348,0.0018724527074752933,0.0022771485078951787,0.0014902022844410416,0.0019984474981720765,0.0021497341017449475,0.0025281901391232117,0.0021846548391189166,0.002862014562163269,0.0027933297133876252,0.0028756188055860878,0.002856023653356503,0.0023717455032703136,0.0030172967827178927,0.0022119854451146067,0.002072216699488562,0.0023398700724253426,0.0028325071583121956,0.0034206151138224173,0.003392607780002023,0.0015192187515128861,0.0024933085803970287,0.001953777809519581,0.0035986224064177776,0.004459557663090946,0.002838575419636655,0.0021079620049512288,0.0023781609720723643,0.0026672522354875667,0.0032972268885498686,0.002241704517899386,0.0020742950957619868,0.0018426229222743386,0.0020344940139857197,0.0026473097438563364,0.002001012880792412,0.0015892015436614901,0.0038552597749533643,0.003032436509850479,0.0028196296802803543,0.0017933192686462962,0.0025185719442889117,0.0034903800251523663,0.0023087026884759535,0.0022010245828003516,0.0022292605513822665,0.001789040288193146,0.002839003847417952,0.0013096740615074216,0.0031879477237486786
3498,0.0025945379178949576,0.002763965048778162,0.0016751402820703414,0.003576722372448726,0.0031450929541170297,0.0033240170409282797,0.00500505874533052,0.002192043337107623,0.00241669497381721,0.003776987071203631,0.001980281265788456,0.0030709480057707615,0.001957669845023181,0.002355824006767515,0.002416266294963075,0.00239533074588004,0.0021997846215569892,0.002074541765251579,0.0019237164951701284,0.002967590213854545,0.0025702596201300737,0.0022276360524342217,0.004433659722171578,0.0017782094771191174,0.0010143665083419396,0.0020742409461214765,0.0033417574981241646,0.001815553359309105,0.0020374170165484043,0.002154830362052942,0.0050937798902161106,0.0019001624609054483,0.004520483759614226,0.0016587284462094584,0.0020865966844686385,0.0008180586356812844,0.0022144348120325293,0.001740767225856794,0.002399897315584661,0.0021926146749029476,0.0016370910342715813,0.0017719183300139636,0.0018025947129488072,0.0030752344832233086,0.0026786110035437846,0.0032647175780223395,0.002648699634371047,0.002512190878602118,0.0025060077110139614,0.0029525405131786897,0.002529683311096266,0.0015680812165105552,0.002087701816864467,0.0017579851776785105,0.0021786583040730428,0.0013136985836577721,0.0018800854707700415,0.0020737410579154446,0.00239848432484649,0.0021441292419361433,0.0028725153329391662,0.0026559782469125983,0.0028298857682805298,0.0028688515055158193,0.0022923563309812252,0.0028978616868895993,0.002109216916584211,0.001965726099348495,0.0027797101578761283,0.0027439014489424453,0.003732079212503416,0.0031705059040087955,0.0014779589413751093,0.002425158407728718,0.0019084447761681888,0.0034281465745018744,0.004454181356745698,0.002918967503544151,0.0021265804381637565,0.0021956663097883436,0.0024337463921602067,0.0029481721999949193,0.00206127293475892,0.0018838211130669487,0.0017870541686856713,0.0019332877167135502,0.002378896377034737,0.002077350578051281,0.001513001365821546,0.003635682722134367,0.0027787292122445485,0.0028260552395422607,0.0016865693407862102,0.002491577837852582,0.00346669786728164,0.0022225698483245883,0.002000631914272828,0.0021397966985627413,0.001647968150149213,0.0026984821544709507,0.0012867261280814066,0.0030504772867694066
3499,0.0024289426729708196,0.002555807041220456,0.0016370960926295277,0.003561373407828946,0.0029900790763943267,0.0029776389666357215,0.004972810329215948,0.0021203364771165203,0.0023574152285942168,0.003921633352531633,0.0021090282795133224,0.0032419260714175724,0.0018614707248009008,0.0020966058237552932,0.0023980893004486538,0.0023673872430941345,0.002126171855404052,0.0019332840776763523,0.0018888500996710373,0.003054125329775413,0.0024327760363168547,0.0022287799346932423,0.004266971002445141,0.0015920693751510743,0.0009484850245824771,0.0019509084083417047,0.003152533162869974,0.0018659607436147933,0.002010543385130774,0.002101373662419339,0.004736065567104852,0.0017446037107177069,0.0044253840353322945,0.0015614496362961205,0.002068635412887601,0.0007393072936006059,0.0020494985543273326,0.0015926081327361553,0.0023872625394588845,0.002202448976107948,0.0015756183261378587,0.0018084137097873273,0.0017771280821165933,0.0030631235610283454,0.002564586192343594,0.0032334233978902074,0.0025175136860253475,0.002586380586081431,0.0024143888907086587,0.00301075555567526,0.0023371831556631396,0.0014856673840349856,0.0020615621620099604,0.001668769457048538,0.002117343087236382,0.0013300620361839524,0.0016970006926867408,0.0019730030385784925,0.002313214933046267,0.0020050276072300826,0.002679959418666462,0.002528938016854412,0.002723805431006643,0.002892659621337082,0.0020685105558852965,0.00282729747036507,0.0019886360195749786,0.001742354138080885,0.002551158257299077,0.002583720887223974,0.0034309477960924656,0.0028233393749404574,0.0014212142786704958,0.0022925343525701893,0.0018653538674606833,0.003246287403406365,0.004230129182144036,0.002767007114236755,0.002107196708569831,0.0020333050841582815,0.002541152057956979,0.0030035978494246784,0.001950977036027909,0.0017492963574398505,0.001687812016326445,0.0018889163574924664,0.0022781977394452876,0.0018930124562913026,0.0014422420171372064,0.0032891923348107107,0.002606473715987802,0.002758459411245497,0.0016186693637645826,0.0026179484871825956,0.0034123841679654446,0.0020083119569160443,0.002021131821477262,0.0020975373965921424,0.001620272563423879,0.0026172054823329683,0.0013903909664849453,0.0028380544521600702
3500,0.0023237047563948324,0.00248913628976107,0.00149707735929997,0.0035153278655358443,0.0026580355015041156,0.0026232464575727255,0.004595170950397425,0.002015946516438332,0.002263052574362944,0.0037552719319946886,0.001914914104101249,0.0029838333703848265,0.001825476148184722,0.0020017018839625137,0.002389422820194073,0.002355906907376668,0.0020083657244810153,0.0018118803847519916,0.001897707291194279,0.0028874835840253083,0.0022434388286460723,0.0022619719507360474,0.0041519463792453765,0.0015672666161548453,0.000885222784894531,0.0018626155967980112,0.0028206649726303244,0.0019106692656851896,0.0019526703677161968,0.0019515495645024772,0.004560020710654555,0.0016722753084086072,0.004219389823704075,0.0014105713800392375,0.0020125345670470476,0.0007223300858313556,0.001886360147230289,0.0016171701346741824,0.0022115720847283365,0.0020805053058506073,0.0015333187617250115,0.0017374932912808355,0.0016895424957913908,0.0029224855999246306,0.0024181978423365273,0.003209497889524383,0.0024717275347962767,0.0023477798617529575,0.0023059572725148913,0.0029204316826449807,0.0022597233619077246,0.0014268449263229184,0.0020252057743504605,0.0015881895641673945,0.0020324117670849923,0.0012581891735416874,0.001577239612756078,0.0018573761446734672,0.002217207976651517,0.0018601551145553744,0.0025531395077519714,0.002453435750580636,0.0025778788323054876,0.0027419807947777503,0.001987087639284499,0.0028030916641613316,0.0019237944429707572,0.0016821444200800625,0.0035836575106966196,0.0024403769419327715,0.0032700507340979006,0.002766273995164016,0.0013836628193435048,0.0023242163104740996,0.0017423511164136522,0.0031005774159883156,0.004180160737194279,0.0027297884879109733,0.002022128776896117,0.0019796132386220694,0.002448332730939388,0.0028895617560344075,0.0018982899041570334,0.0016144936409528815,0.0016938975607217956,0.001820581743204659,0.0022558332152025715,0.0021118317373584735,0.0013667926189077505,0.0032763440049056857,0.0023853775194706884,0.0026509813718440882,0.0014419762867587836,0.0025506749737659695,0.0033313375127631733,0.0019542047690590146,0.0019472557122202103,0.0020902779828259823,0.0015590159718427766,0.0024948729896567853,0.0014053025856134629,0.0027643140153189518
3501,0.00283114121161639,0.0029178223414788717,0.00174225331774809,0.0038912152235441796,0.0034802775398460727,0.003364136849274416,0.005614747072636432,0.002276409433679647,0.002850051532110182,0.004423397746501473,0.0022962716995396024,0.003495968394745839,0.0020568133713878534,0.002573536928033308,0.0030275509436469865,0.0027662761539082275,0.002259162291183192,0.00212041420871033,0.0021023353685535747,0.0034999654725513694,0.002872228883347134,0.0026572799459152726,0.004859890915229743,0.0019272429136262513,0.0010306654830508923,0.002307409070923317,0.0033960185133379297,0.002114172346124625,0.002222298314011566,0.0022907732861493697,0.005657145630600338,0.0021100696910190406,0.004725875526595628,0.0016143633897263677,0.002209752441545119,0.0008465747492375352,0.0024478159848956146,0.0019719767777035824,0.0027240695927217124,0.0022240982252127103,0.0017948417613442068,0.0020070539058830174,0.0020438319364890715,0.0033466463464410625,0.003050271311336822,0.0038624368645722583,0.0028804446382340323,0.003134608841042777,0.0026344276643178828,0.003710211923174348,0.0026834590839064153,0.0018084906964857842,0.0022350848127512556,0.001880912349133137,0.0025510698988776633,0.001486855239209143,0.0018420223677128606,0.0022267327970358283,0.0027844315622244046,0.0022672823715505818,0.003082177180520401,0.0028516157322251872,0.0031441688402343453,0.003567534788663127,0.002488798904196056,0.0033451742805269847,0.002320444196845425,0.002272136633952901,0.003604866891075241,0.0030705578343196327,0.003990393595553154,0.0032991072477303843,0.0016493207648659658,0.002793355401405475,0.0019937957938125353,0.00352336123483989,0.005062985558566715,0.0035603157274350845,0.002291332681065498,0.0024783220090731453,0.002842032845592131,0.0034008921654714416,0.0022449003082783297,0.0018920442272501463,0.001993567806561719,0.002181555677923162,0.0028285017690632733,0.0022017709378378747,0.0016571102020933835,0.003980197996156732,0.002658299377459215,0.003347555289990431,0.0016843107681430963,0.003260887123733974,0.003912178657605473,0.0022733468400393604,0.0023591100250192993,0.0024630701246669525,0.0017118623377784462,0.003008103011888271,0.0015225194431199534,0.0033055253341737114
3502,0.0030142514964081805,0.0029093472992573087,0.0017849168211063998,0.004184613859065838,0.003960894223060506,0.00365824593996853,0.0060062961847594555,0.0023016052531373322,0.0029267795540234985,0.0043619338860669795,0.002591728661550502,0.003994226332641344,0.002090729490349021,0.0027616567107732887,0.0030147944049254763,0.002782564689882264,0.0022343039239812916,0.0021995718897116307,0.0020711483706081927,0.003461494774204199,0.0031725282112693605,0.002759011164356772,0.005127951493439221,0.0021161614260852757,0.0010579303507874769,0.002520863678137872,0.0037204070771443072,0.002158796991354931,0.0022972166874252378,0.0024169968379736105,0.005256267848705517,0.0021390566968396067,0.005025121153780161,0.0017118097282175242,0.0023386141367565095,0.0008569232573788736,0.0026034802021320186,0.0020418717371096682,0.0029538517409984626,0.0022028664798615064,0.00190928308502719,0.0019998592473658944,0.002077510382264058,0.0037022841934546405,0.003498726231867231,0.003974210501898736,0.0029744506565023256,0.002973464667476945,0.0027290465652411037,0.004021896065914507,0.0028257910013959613,0.001922019739359572,0.0022790495802726394,0.0019560217491906506,0.002421502061930168,0.0016223455948066662,0.0019709745580834908,0.002287245651329751,0.003137502032402156,0.0021752128788347863,0.003148926077630568,0.002896659631333709,0.003325910373262343,0.003651160179048669,0.0025793609733928036,0.0035679980532074087,0.002435575638207518,0.0021783914578794032,0.002986039823194834,0.0031341859268422577,0.004130839279238121,0.003380265988679475,0.0017281097861056418,0.0027658000176432936,0.0021247539872492373,0.0034516649050121855,0.005230818676710555,0.003954368387109142,0.002458763725683526,0.002501910163925819,0.003228485183299627,0.0037387191668911014,0.002408675151585197,0.001994238045410566,0.0020740623318901284,0.002202891144959539,0.0029692230714553464,0.0026392813675986462,0.0018066842682280381,0.00418065691605803,0.0029507869936260442,0.003585925166214552,0.002027357370986724,0.003457697489041512,0.004057461831738152,0.0023129126042368007,0.0024649280072898457,0.0025570016777210548,0.0017906464088566446,0.0031287603150289044,0.0015891820501739919,0.003494452883274171
3503,0.003085490824760752,0.002851662637515519,0.0017366402268725585,0.00416219147664538,0.0036482888595572188,0.003447150842871082,0.005909519415193798,0.00215780087144189,0.0029365623290653754,0.004161802802502525,0.002641182787465625,0.0037652372972143645,0.001964360395170142,0.002540371423581553,0.0027705564283575295,0.002864341070920492,0.0021689745906187264,0.002063026112090254,0.0019750453959706303,0.0031446034825173817,0.0032226710077681285,0.0027581138837428558,0.004915193592492951,0.0021329203516305528,0.001034859184383488,0.002512202880185992,0.0035173382747999706,0.002088455463713818,0.0022339567905034522,0.002441012942843213,0.004852234519383926,0.0019899496404346263,0.004918612202889107,0.0016797359332347856,0.0023043957115238597,0.0008150945379017788,0.0025288645337428685,0.0017665974156774362,0.0028875244965282194,0.0020561823325227894,0.001919781459321215,0.0020778020468998452,0.002026271840486063,0.003710237601056436,0.003489057039841543,0.0038095515110440513,0.002813796016032855,0.0030057671378681326,0.002707629554402094,0.004015696029486331,0.0028656732124175918,0.0017015515031886471,0.002301423228717909,0.0018479063253144634,0.002387923397818555,0.0015939607280041023,0.001938788476496102,0.0022163807013575085,0.003148211757857276,0.002027205198991119,0.0029024357331844165,0.0029147059914143656,0.0033267434680677136,0.0034071688447112197,0.0024508511060421807,0.0035771991689491846,0.0023870566233417036,0.0022722352929312115,0.0025325161972073232,0.0032089625308177228,0.0037825697812687437,0.0033249987233682373,0.0016748323880637634,0.00276915268938174,0.0020567504773471817,0.003424561194622002,0.00502765923916569,0.003767961017893175,0.00234197063086554,0.0025201736400466937,0.003127605940759357,0.003989576030741486,0.002341192364319741,0.002077352756772873,0.0019212462560648875,0.0020884318091028238,0.002751524105440927,0.0028060583121510955,0.0018094707372959423,0.0040502125364191045,0.0030498944091385386,0.003270026045862989,0.0020677203321000687,0.0034950840692225685,0.003958507060603643,0.0022214240549467378,0.0024598092674257537,0.0024116519766526666,0.0018471440456558944,0.0029939842995937993,0.0015972498780486132,0.0034168447527798142
3504,0.0031966478919021393,0.002843681344832692,0.0016815981780923081,0.004217000030343465,0.0036435385019558232,0.003498613591437107,0.005963875512682341,0.002005171582622232,0.0029338584462114156,0.004135385906392141,0.002451566449929648,0.0035114211729389538,0.0019665347100294816,0.00259008646724851,0.0027145388514680695,0.0027438757066068796,0.002028494152241817,0.002042365620046197,0.002195859937505334,0.003124487563847469,0.0031040499939720845,0.002550810619272223,0.004782917597519024,0.002316038866351577,0.0010405000597117093,0.00255357946394646,0.003594785810671436,0.002071761825177742,0.0022224356908533533,0.0023091483749255737,0.004942967928920947,0.0020773738219078326,0.004729857800311112,0.0016536852806819046,0.0022878992965374633,0.0008351536258423794,0.0024576080341825843,0.0017918633690115358,0.0028700249446546792,0.0019695021222775077,0.001923164389332618,0.002016074829754842,0.001856369133694594,0.0035628242670407745,0.0032804271576939367,0.003667627825822609,0.0028685876991157836,0.0029069706706383626,0.0027214229574538625,0.0039106002186927455,0.0028548869617102154,0.0016167791067474883,0.0023015040829666824,0.001735122660381644,0.0023216901609354147,0.00154220957719164,0.0019402138959917848,0.002085495214785475,0.0029353559820054745,0.0019583284742878074,0.002844149658093359,0.0028542823882683646,0.003431310329997142,0.0034637755948161994,0.0022731467523311962,0.0036552732741688284,0.002329395882464109,0.00231465955752203,0.0026613304521378826,0.00296171330334896,0.0037105540067845963,0.00300477791313054,0.0016305323899528565,0.002671476241049113,0.0019714493096441785,0.0032624810642332175,0.0049946805526759255,0.0039301997598972845,0.0024449517004153164,0.002468135245860251,0.003121091459827264,0.0036760434172550564,0.002250170836105065,0.002080130355488283,0.0020160421666812114,0.001982718532645712,0.0027718419824486673,0.0027238647688537705,0.0017356792957810728,0.004045909828420547,0.002989981721736014,0.0032246308721922247,0.0019761314491493556,0.0032780607001035903,0.004004178979240971,0.0022312917411083356,0.002486383629353941,0.0023491113456704607,0.0017718600369116962,0.0028551544732907277,0.001534680513820214,0.0033401662543079942
3505,0.003254946926709698,0.0029262257977929252,0.001817549717337976,0.004352493764074087,0.0036617244079558504,0.003947271418430678,0.006130277776341802,0.0025025002313693984,0.002957795190816099,0.004398398546984427,0.0026713164121103723,0.003558640003867955,0.0020113867074654543,0.0025929125846378452,0.003069593085896952,0.002789400267300759,0.001963229244436154,0.0021506474200904207,0.002336487343312474,0.003270933465056508,0.003146118465965161,0.0025185433938816394,0.005083103313062005,0.002520480991903182,0.0011160363304928006,0.0027190955143080783,0.0038745997330299174,0.0020509429609740747,0.0022391547371706853,0.0023474577402793906,0.005435189663034555,0.0022107373794276438,0.004532231363521668,0.0017429292426149395,0.0022952929200708437,0.0008872244796150247,0.002596024091486492,0.0017769544076127735,0.002920464845885099,0.002101494984845196,0.0018841923822116617,0.002087896286521799,0.0018969461164286135,0.0038014895855875966,0.0036131544337181035,0.003727848048948015,0.002742284239476655,0.0030361453214650773,0.0030164911911016493,0.0041461927330805745,0.002892900477475004,0.001842097566010953,0.0024038394870914736,0.0018786818270208551,0.0025449153202259114,0.0016660536095333257,0.0021704896252888266,0.0022911266946977447,0.003059243091582049,0.0021981617885965016,0.0030030126094287004,0.003002123020316837,0.0035605092938418956,0.003679140853649095,0.0022806212473907854,0.0034771718179743595,0.002361682514661598,0.002413075665604218,0.002102666096857401,0.003065025355241224,0.004008519799931852,0.0030211453924608835,0.0016800072900827368,0.0028626766788437696,0.0021283498332934536,0.0035907873094959586,0.004899084302435925,0.004099722416383738,0.00224218142182484,0.002652710694178003,0.003191617070964888,0.0040853280377025954,0.002306864434773275,0.0020730664749277227,0.002030251658881604,0.0021769775399574547,0.0028810483601021415,0.0028802216061082284,0.0017971881189465602,0.003954568068878735,0.0032137543416149296,0.003380499391786322,0.00197419690447461,0.003441607228345271,0.004048565861645113,0.0023221552432361268,0.0026193620587329834,0.002456791772090834,0.0018189873661726406,0.003054870917045247,0.0015509993286654741,0.003643506434329779
3506,0.0027731257594703707,0.002654246070480204,0.0015823345725843698,0.003932733045013662,0.002983225508216072,0.0033647984992006244,0.0055667287163942225,0.0021077850969130982,0.0025459361991258043,0.003891915905142804,0.0023009177483101187,0.003181430598839307,0.0018103528046732498,0.00222832848821722,0.0026036302440041875,0.0025069991629715817,0.0018744473536164074,0.0020080019912194357,0.0019834808547214383,0.0029183785321212417,0.0029084929852422293,0.0022380028604387383,0.004639577433868767,0.0020449646893708926,0.0009903149808823026,0.002359402336444088,0.0034227890288024013,0.001815091247246268,0.002074708903420775,0.0022417666175211623,0.004517295337872417,0.0018654657264043093,0.004211423185129686,0.0015886625087351833,0.0020929023103627145,0.0007837665209679965,0.002255509234079575,0.0014955939780826894,0.002660114689387422,0.0019521991057161153,0.0017014689815334275,0.0017971709281529502,0.0016312448486868836,0.003388999489798138,0.0031830202850226964,0.0030959726135962647,0.00239328039426462,0.002352864197963357,0.0027671135172293356,0.003677792652742483,0.0026905839730194513,0.0016562672629076302,0.0022248394423744675,0.0017242535931187137,0.0020568283559718346,0.0014300386787960782,0.001827777634354027,0.0020878731578982926,0.002618762018069801,0.0017753318660058744,0.0027094666051460203,0.0028391186054088366,0.0032404075821099573,0.003093116723720141,0.0020858363238378556,0.0032635072634493697,0.002131311196288461,0.0018956357993927808,0.0018391250526395846,0.002668656715386589,0.0033405215838316253,0.0026535268888662976,0.0014467427039339996,0.0025216495985733805,0.001997596344562836,0.0033849380947524777,0.004522410318800474,0.0031557935315841535,0.0019149542960218296,0.0022370967486119832,0.002913477307947545,0.003789463476068222,0.002083446586180119,0.0018378845939767527,0.0018062457441234633,0.0018714040445249787,0.0025615495463525216,0.002644449697488994,0.0016399807708509428,0.003495996692694053,0.0030839876096739743,0.003011743800119116,0.0018530814860555737,0.0029893433245137564,0.0036038923032856753,0.0021639941620664282,0.0022657229757465027,0.002165019467160893,0.0016555887755842632,0.002849170461861138,0.001419554936174063,0.0031306610145607405
3507,0.002524235988591153,0.0027648332151406557,0.001571912558573862,0.0036980405333951693,0.003015239483972657,0.002898966011576011,0.005619818353949913,0.0020000120315919793,0.0026022878689979283,0.004025998936101948,0.002132926733690477,0.002655115300615804,0.0017869945507686912,0.002043248518370204,0.002266827593681008,0.00241930676390778,0.0018397147354412956,0.0018960726635840136,0.001976801841664317,0.002747383595977292,0.0029057061601022193,0.002040610534645835,0.004431970521968533,0.0017354619392195227,0.0009027350934223545,0.0020524568982264015,0.0032853888048550036,0.0017390955856893874,0.0020057397336995914,0.0020824823536423048,0.004406203418232554,0.0017969613158209648,0.004008900982832492,0.0015013329352335468,0.0020276685434626744,0.0007223354563512522,0.0021117270964909614,0.0013237307655558164,0.0025247245888848544,0.0020445790617955005,0.001623996264439235,0.0017223285175044143,0.0015340464760405829,0.0030198195199594245,0.0028728519454895903,0.0029574952724253233,0.002375975454821638,0.0023596164264937662,0.0026470087792674077,0.0034439411503024526,0.00251242780738211,0.001407502811665322,0.0021204650358067774,0.0016469050756877915,0.0019447444223488273,0.0012996756551311983,0.0016307533040064053,0.0018926670377586137,0.0022658729069219025,0.0017264235838724733,0.0025693711480363167,0.002699229550883697,0.003136401121726369,0.0029910568984740987,0.0019003375835870886,0.003193951271850496,0.002043317917864444,0.0018322722143872367,0.0017946064842860945,0.0025026977513410735,0.002913763800808587,0.002377738166384255,0.0013050909015015922,0.002289643141055828,0.0018377358357864594,0.0033595687625984296,0.004413922217816071,0.003008972591052928,0.0019346830871613744,0.0020793717062300913,0.002672810663444038,0.0034493957794286437,0.001972941167697511,0.0017711845621371297,0.0017668334289378555,0.0016927712720497326,0.0024348394328389668,0.003081161381803718,0.001502638773193567,0.0029529146915958015,0.002874902643074264,0.00273885918617738,0.0017738895393881304,0.002565247921949501,0.003509506282340078,0.0020979183213833824,0.0021907732728769494,0.0019803903716310704,0.0015976056271511433,0.0027069508826385526,0.0013611595743896361,0.00287557015370178
3508,0.0025870840064950345,0.0027637749355386536,0.0016478835388121919,0.0038591728553121992,0.0032679407505546375,0.0033151537422534084,0.005744713375382474,0.002132582073110494,0.0027306344317994504,0.0045838127607206606,0.0021190603916271538,0.0027958044185424423,0.0018834067895432578,0.0021916145518504995,0.0025137547893842524,0.002428174296116638,0.0019210039005016074,0.0019241389545602652,0.002108560477244483,0.0028168301849081827,0.002864184738776401,0.001997699852561706,0.00459599729620588,0.0018172997335473057,0.0009431665829758212,0.002198582020898141,0.0035767148876235232,0.0017326420447782375,0.002001694855360022,0.002185548263655799,0.00476019050389423,0.002058174231016251,0.004129914782397719,0.0015215748090197248,0.002172211880529676,0.0007405481280866258,0.002258903391322855,0.001387421605653608,0.0026103599828032876,0.0020828810868937482,0.0016131094215385982,0.001772536609015156,0.0016068707418513783,0.0030602311098236103,0.003052417775844292,0.003297592531273948,0.0025460794325121304,0.0025353127206892293,0.002712222179157385,0.003388923980349835,0.002547839211281563,0.0015404068186260513,0.002168797637266695,0.0017724754967977931,0.00218967960475354,0.001348142165724099,0.001764504047673792,0.0020370559890457666,0.002393906418719452,0.002015924618922925,0.002729513677627551,0.0029393335177274253,0.0031921991634492916,0.003397099278855686,0.002041674846877073,0.0032959452737863115,0.0021819267079497334,0.002218542528355801,0.001744130797609973,0.002637252733845198,0.00324664740053726,0.002678075608327132,0.0013884556801542435,0.0023841901138049104,0.001872923953968009,0.0034532250485869026,0.004861003375626068,0.003274778791620443,0.002020451358992077,0.00221428711686125,0.0027815315618202156,0.0036203732586917348,0.002164155536312701,0.0016848770420716179,0.0020119817206682798,0.0018082108597129369,0.0027803528352765,0.00286964894686623,0.0015159826169545637,0.003252097736289604,0.002908257715788057,0.002883684518158532,0.0018658044571875567,0.0027667526654223465,0.003849957346968989,0.002159998690764463,0.0023820039892818623,0.0021036665849501882,0.001555727603213095,0.002844293561554612,0.0014082693587949037,0.0031063267476615086
3509,0.0029264600124904966,0.003600650650414354,0.0021248127926457964,0.004594272911011188,0.0038248381423266727,0.004406232594308359,0.006818613759518767,0.0026222722098053395,0.003192241731746624,0.005173341381701059,0.002728246587634321,0.0037357124230264723,0.0022878108877726353,0.002832022031449044,0.0034196595862580827,0.0031899511142028667,0.002446098832192181,0.0025025121293785523,0.0023496556069851067,0.0035945757830549503,0.0036068901388639665,0.002644112173330603,0.006149170140068456,0.0023686679508860974,0.001104643909931944,0.0029747706772134657,0.004727811124683832,0.002044350691391579,0.00232042328820822,0.002739548328532363,0.005669737637187195,0.002342720741200069,0.005010439599392385,0.0018868780921948865,0.0025672366158836627,0.000894616490845787,0.0028413121323056395,0.0017081103216467451,0.0031150045171442083,0.002526966976863592,0.0019745346319884976,0.0021469876431836556,0.002056538976357109,0.0036684199143227052,0.0038270541696851586,0.0041635351929711585,0.003078803142417044,0.0032446598313629906,0.0033404695392726647,0.004442652117286457,0.0030031544589010093,0.0020934570545702033,0.0027865464235183254,0.002268894717359462,0.0027983480170683914,0.0016387851817487075,0.002300164674495343,0.002622554834986064,0.003154660514782295,0.0025842825905063945,0.0034357797133368353,0.003173531539685739,0.003809727662317599,0.003976424900881865,0.002844628394127128,0.0036358473382870717,0.002690941566750681,0.0024530186773537013,0.0021243594684683675,0.0038521969652758332,0.0038674644645733326,0.0034491677947084336,0.0017095368423116002,0.0029970711646975807,0.002329172863240709,0.004277892014086514,0.005658496950630606,0.0040103873621204775,0.002461871093269958,0.0028374108097395465,0.003483767761880943,0.004799119923794838,0.002857369839884588,0.002043484071293925,0.0023278975423956746,0.002212414085498859,0.0033352944031476237,0.003373268748162816,0.0019380313298110094,0.0038838897861113247,0.003260122620639128,0.0037408315835462617,0.0023680718102705163,0.0034697635000081324,0.004546399682253923,0.002689366752126935,0.0028964031526378313,0.0026653291778019022,0.002008830786196022,0.0034528849061711718,0.0016524735638934129,0.004168812675041374
3510,0.002978121892736863,0.003486304596161912,0.0020766116139194547,0.004779403070427151,0.0037664622557125734,0.004420060381982381,0.006395114816216758,0.0022735786520972807,0.002998448753467549,0.004980884161693034,0.002676831145982724,0.0036848009188052175,0.002294982966401067,0.003002967521416352,0.003518156714291551,0.0030847365361851204,0.002507130183110472,0.002472020345924253,0.002354710175428,0.0037654254382979598,0.003807005963465997,0.0027579162442064385,0.006390369272963864,0.0024667397570621976,0.0011229785446689668,0.0027841817922645857,0.00498878377294106,0.0020801994481925287,0.0023635853321440263,0.002653065975255925,0.005383977036055347,0.0024015006176657354,0.005338896514858663,0.0018905531408161373,0.002675640444261173,0.0009159868843150495,0.0027574695613809116,0.0016861733743286137,0.0029481607353067023,0.0024330168550134013,0.0020069200229988603,0.0020695161903521585,0.0020936401039862397,0.0035496585583348226,0.003624223271986494,0.004264713546469004,0.003260683214322631,0.002960158765040395,0.0033030381486628905,0.004034338557691314,0.002947564436860257,0.002075365902664849,0.002781454887240155,0.002248065437184887,0.002862130350378381,0.0016612480535608792,0.002145199083483658,0.0025640406228668905,0.0031985972504272853,0.0024527662577648944,0.0033171276871296214,0.0031464565179080634,0.004005806661981798,0.003775554317146257,0.0030329864583716897,0.003573413903681776,0.002665967386733678,0.002384743963849907,0.0020714426328383934,0.0038915548645237245,0.003752020196176861,0.00320991784468428,0.0016541875912365724,0.0029217167452772683,0.002360420475650043,0.004023543833078643,0.005740872612529464,0.0038996165591434324,0.0027168911581315486,0.0027671866057424484,0.0034418492378262416,0.004898917377707,0.0028980434080384085,0.0021275298255171095,0.0023124556675908226,0.0021789692986510325,0.0031128160004796055,0.003589480202956356,0.001965780522634037,0.0036966833912121804,0.003126257284387569,0.0036770719463344215,0.0023336579266379828,0.0033750551245434893,0.004434238535492542,0.0026276424888782017,0.002903709740741704,0.0027332650957417976,0.0019358497137397987,0.0033236233297856584,0.0015511163786485972,0.004032579144141591
3511,0.0030157551111313695,0.003630767581866871,0.001964284146043816,0.004736932757347037,0.0036201556963359662,0.004192094991012394,0.005983926392374131,0.002329881739615698,0.0030531938867592,0.005080394715948245,0.002666724832203729,0.0034415719425178876,0.0022659109691954946,0.0029539004260290104,0.0033983775221590688,0.0028908064046666354,0.0021972998131141,0.0022022829702702165,0.002297554196336086,0.0036272145360365256,0.0034952462140591385,0.0027147122480802627,0.005989124507466956,0.0024348309701128427,0.001180003811791699,0.002586624604427346,0.004679915791333348,0.0020051926441124667,0.0022572165493455836,0.002535071102838367,0.005505278437163817,0.0023120512187537533,0.005253027780866817,0.0018378341022971248,0.0026596641040233368,0.0009119650029420045,0.002745135342332417,0.0016832480786628796,0.002740297512525254,0.002453660201587719,0.001881983270963358,0.0020618965719656915,0.0020468930033536482,0.00346399887164627,0.003676187851039239,0.004440821367137213,0.003016393788320346,0.003104527961163486,0.0031896593957390423,0.003928107084034715,0.0027442467413098964,0.0019280777690951854,0.002797513688597391,0.0021222906188302047,0.0029512382209391013,0.0016670006191524657,0.0021656362948590776,0.002438097782681309,0.003183759985954612,0.0025833261522099373,0.0032639317916946784,0.0030926757658475707,0.003925206601560626,0.0037915421826292795,0.002905162921244884,0.0033299612864694417,0.002552322524379732,0.002470576279114045,0.001861571058235136,0.003720660165032172,0.003792469212555344,0.003314767666740723,0.0016884824340034465,0.002857832810686522,0.0023599652991064305,0.004055394506671663,0.005541194314266509,0.004220988353975321,0.0025472688533291913,0.0026400564963695284,0.003284587316303411,0.004660097459194326,0.0027861525623051747,0.00191322378105571,0.002315276833386815,0.002161417887211011,0.002992801290736028,0.0036207511422231727,0.0018573312397707036,0.0034376964219298505,0.0030090710706233313,0.0032702112039928403,0.0021227297451803873,0.003255687337703886,0.004284856825337996,0.0024935922047940044,0.0027811158869873484,0.0026587417374832494,0.0019297047099565375,0.0035089445959816737,0.001573628988939154,0.003960280910402859
3512,0.0031521165297015096,0.00339720277299616,0.0019007609420822478,0.0047850874598999804,0.003504601710840462,0.004763498614537789,0.005624413323851479,0.0023805203445752734,0.0029456744700483402,0.00464134866113194,0.0024253429701960013,0.0036227900098648566,0.00217588252171742,0.0028717491411671485,0.003383246366523308,0.002946005939306524,0.0022814833382551573,0.002117216293584639,0.0022026739747836115,0.003797344707733938,0.0032173113327373126,0.0027113397754732088,0.005819747138017197,0.002444542675843346,0.0011942071809695667,0.0028467679907961687,0.004647224891326489,0.0020265352230164906,0.002254825764521027,0.0025461793318138424,0.005652943067427914,0.0022324480407041754,0.005312076200511093,0.0018530482337431,0.0026090187753342493,0.0009078000559673605,0.0027621499974270682,0.0017935664922152622,0.002960378233868692,0.0025219466055325006,0.001962022160496218,0.0020551050685840688,0.0021870793785697122,0.0034113983062393012,0.003535842563587979,0.004642502357627715,0.0030370316790628137,0.0030475976273649785,0.00316747324673625,0.0037352491565716115,0.0026564691154691553,0.0019899812042699803,0.0028043156801455995,0.00207748127232597,0.0029879664312490338,0.0016556622943376237,0.0022895416495386277,0.002523083103051912,0.0033319934703083406,0.0026790108427534078,0.0034136918676956527,0.0032830776931852337,0.003890841180699414,0.0037629519160333525,0.0030994759190719856,0.0035149400795461416,0.0025893461251479894,0.0025490530334918086,0.0017825172663426714,0.00355873195873132,0.004211959291403962,0.003630943883461394,0.001706692975445804,0.0030899141700513745,0.002333449038193543,0.003943091746144817,0.005255435532537009,0.00418184498006208,0.0026349877408090704,0.002748021046369122,0.0034371715917060892,0.004872065762985303,0.0026930585438717514,0.002132187378841342,0.0021995134222928332,0.0023289067103568844,0.0030755639733708855,0.0033728123918402566,0.0018556953349435485,0.0039336747163523,0.00315525256582308,0.003407577615937164,0.0019840552868878127,0.0034336518053792384,0.004399282153666491,0.0025312071945014876,0.0028560140145412606,0.002684713908351924,0.0017409915926725993,0.00350731774439397,0.001582450608051142,0.0038966864178883527
3513,0.0034227786385582783,0.0037683445512037583,0.0019743691856995696,0.005078565883923978,0.003460521726287972,0.004976752963570342,0.006248424018274185,0.002639633731457201,0.003167755154490794,0.004749563173436147,0.0026609835470795817,0.0038007875863092736,0.0023161019306343765,0.003079598059743626,0.0035986107095457042,0.0034029181828381283,0.002284676457428648,0.0023913803694412573,0.0022971405673447615,0.004206020361905361,0.0035724181545693165,0.0031030571582120873,0.006090729791634057,0.002570641161950312,0.0013814243183111388,0.003050743720195392,0.005179621817732567,0.0021756483047027887,0.0023642077024444825,0.0027139223465219814,0.006390282743956053,0.002193430411565284,0.005469847114970379,0.0019886048833425572,0.002567237242393667,0.0010919199344689653,0.0029969017172808577,0.0018516850252372156,0.0030286464826510245,0.0027170661446821814,0.0019486529529067632,0.002205216301314998,0.0023959213640062315,0.0037271905311429534,0.003894899627211241,0.004587699880781793,0.0031914208917370322,0.0033355885903215096,0.003569811061721897,0.004285157390588469,0.002795772306103971,0.002056746432612794,0.0032780300204664943,0.0021867327528927063,0.002970050662712901,0.0018869117975034105,0.0023162194287694718,0.0025942756977786353,0.00370848422270733,0.0027645447233937423,0.0037568843018623253,0.003365598386623765,0.00437442362564638,0.0037856708054655455,0.003017114952298188,0.0035782496439480784,0.002634271226553537,0.0023583001377104704,0.001965642721785735,0.00394957769610687,0.00422982698935189,0.003694139864124996,0.0018351654828086322,0.003217731796221587,0.002612766630146958,0.0041615718937657135,0.005422748910153082,0.003982354423391185,0.0026675685360785617,0.003016149574046658,0.0037351636089558386,0.005098937239302816,0.0028043676386485653,0.0023323423026035653,0.0022069510677246093,0.002477531366805014,0.003154359471134104,0.004068010753715393,0.0020465726211031576,0.004425959647201987,0.0034358504047414785,0.0037620595436536237,0.0019831308615986783,0.003791319024968475,0.004508993039863113,0.00271115711904773,0.002966915014254248,0.003016887136924296,0.0018888454785842932,0.0037154674332292637,0.0016494960436579265,0.004393518570965214
3514,0.003209844107469843,0.003230292498699919,0.001654932955559227,0.004712114764764251,0.003133459773200836,0.004155512418435648,0.005512215992258613,0.00258419511109685,0.0028937000719300495,0.004599598361056924,0.0023646037303044353,0.0034024667712007515,0.002134668290333216,0.002908210346062224,0.0035676244187014183,0.002956553589253449,0.0020012025775258805,0.00216276149290192,0.002177109095773764,0.003991237434976879,0.003345514776865401,0.002883360318806999,0.005167716991436682,0.0022665050592735134,0.0013527730516434784,0.002752292665565909,0.004715240316517558,0.0020264882378752606,0.002140137750554717,0.002507146781518201,0.005609324874724876,0.001965816733955902,0.004968976484357236,0.0018069172733605617,0.0024383366515658375,0.0010300206338492467,0.0027181791850485327,0.0016901851896455134,0.0028012269177519703,0.0024273063657674256,0.0016854829547684504,0.0019504974667941212,0.0022961683400071,0.0036135628882502328,0.0035914977090833436,0.00414649161075354,0.002870331944915539,0.0027649089640421677,0.0034660670971350034,0.004061350016540886,0.0025991322581597307,0.0019188540776071614,0.0028279375031933177,0.001983371472687933,0.0025714299225429653,0.0018824036360674588,0.0021330974364335655,0.0022532748437435893,0.003308429563778624,0.0024054926039216696,0.0034566896381561744,0.0031311719326738516,0.004002202117493232,0.0034413638611866695,0.002540325362832467,0.0032378871169819632,0.002398379129727725,0.0021921960553289836,0.0018924268362475426,0.0033067429923032583,0.004047258553862297,0.00328720573320738,0.0017376101450467343,0.0029704524701352148,0.002394285881966814,0.0038953748489206352,0.0051501293080228015,0.003785537792264893,0.0024283567358830836,0.002678775183442328,0.0034243395414741223,0.004221595981194161,0.0025730700888557875,0.002054907034237001,0.0021104866578724366,0.0022850480886445553,0.00277281808999514,0.00389605061959597,0.0018994670452726849,0.0038183039157246297,0.0033554218342570392,0.003151410084468822,0.001775860824990243,0.0034705543638933224,0.004118045206589909,0.0023926716748606663,0.0027850714066676094,0.0027847007518276446,0.0016203312552927757,0.0035351685889216506,0.001497905039105439,0.003963215528974651
3515,0.0030556895522886826,0.002894005333721573,0.001487094636884264,0.004198984178286762,0.003014427525188404,0.0036492301755717545,0.0050332590546241325,0.002446437664421939,0.0023969744065638686,0.0041476828835662425,0.0020726720453338532,0.003105594679798557,0.001975603587210048,0.0024714473024843057,0.0028433533620807055,0.0026760698223232465,0.0019343626276743056,0.0020562161076255353,0.002034535516620183,0.0036158556244193893,0.003102742181950561,0.002504874064784068,0.004332034359946442,0.00204552449384904,0.0011636817241865432,0.002762347457103645,0.00397977944375534,0.0018778177857452655,0.0020572658970544294,0.002424015402496927,0.005488759105404913,0.001771453079708987,0.004673860471412556,0.0016986750917507248,0.0023899346134581886,0.0008829168289546858,0.0023375733584059303,0.001577311830993737,0.0026893250766154503,0.002231504037355063,0.0015298900842655914,0.0017021014189020798,0.002161245341890464,0.003385690432486953,0.0031935043127447817,0.003865553000913275,0.002701892145797168,0.002649578949857016,0.0032316242251752398,0.0035909490878903764,0.0023252060111799296,0.0017443385926473216,0.002439702569587591,0.0018689848890529389,0.0022051977428308735,0.0016662956604595477,0.0019765585000643096,0.0020615069550027525,0.0030718535948338855,0.002224962980791457,0.003164823462131147,0.002873770438109281,0.0035571055163672962,0.0034095067042489886,0.0024677962181155894,0.003236916662241794,0.002263232500352774,0.0021611280146716853,0.0017440117073111755,0.002738782729267211,0.0033902242040935037,0.003031186214703631,0.0016504266158645475,0.0026895498226628405,0.0020736938219316618,0.0035743449410081413,0.004508650348484348,0.003570552207880481,0.0022578062414066397,0.0023402680943050195,0.00310396515767384,0.0035972929093321957,0.0023520787643780774,0.0018742945118939743,0.0019189466300877861,0.0020529014126855565,0.002514329923611992,0.003831252582846159,0.0016846816966949233,0.003550926714631142,0.0030161099674307456,0.003132181357719938,0.0016792507855850815,0.003108115257903815,0.0038549073600533624,0.002259402536951004,0.00255510575523183,0.0022750910432423137,0.0014313580639041552,0.0033788966060387957,0.0013672649264880239,0.003567325977967208
3516,0.0033203009798421948,0.003092726441117951,0.0016549992554411985,0.0044714480011057755,0.003041799622142483,0.003989216674884851,0.005323253882433648,0.0024927056594408435,0.0025484677879675896,0.0042106009574796694,0.0021820828265866838,0.0034571172557834972,0.0020620471626104347,0.0025387258378107144,0.0027915089896993735,0.0028451479613804905,0.001998739056205979,0.002319027663083296,0.0022078872788725773,0.003849372397956075,0.0030273421337138886,0.0025866080691869923,0.004620563156580577,0.0022174562430706994,0.0011888083306445538,0.0030146809021611353,0.0043220558479020324,0.0019353714233328043,0.0021174375899562174,0.002685609594814239,0.0057195565339370254,0.0019049168245394343,0.00527640902397108,0.001777616445843905,0.0023801579372987186,0.0009152205062438703,0.0024224278927058225,0.0015688558420018004,0.002793633649850429,0.002298124440925451,0.0015624557701639685,0.0019467518341850043,0.002302771987960989,0.003625727879327646,0.003323637903948878,0.003839271184341243,0.0030594231417951498,0.00295766997154342,0.0033465829921309215,0.003731546599945319,0.0024274407031223905,0.001887018063423489,0.002656936861272414,0.0020786638113865527,0.0023888394620707166,0.0016643971956866069,0.00222144453695737,0.0022574698423673393,0.0031871642356850164,0.0024066311549441224,0.003217283286163253,0.003014029690838062,0.0036538839611676074,0.0035800469287666924,0.0026223108959722366,0.003237458625816254,0.002314056280507272,0.0022822665892945947,0.001853673352521979,0.0030999640339649556,0.0034751215091187474,0.0031920113967500896,0.0016380976966520063,0.002877331454951387,0.002183514130807831,0.0037797085642142098,0.004983793897960298,0.003827065460783435,0.0023030166205309484,0.0026886972126965885,0.0030773912846527142,0.0038726950015904676,0.0023539012926739257,0.0021057222244036545,0.001998078811665402,0.0021578639111073227,0.00276345089098094,0.003941621558688611,0.0017055066990814317,0.003921977520154411,0.003120958412762817,0.0037873936761569265,0.0017997127261472194,0.003373346818933353,0.004046556545977714,0.0023568938635780113,0.002785703222198349,0.002396336455173556,0.001552682710514985,0.003385733634878347,0.0013526333648968044,0.004079123750857742
3517,0.0033067423348085347,0.002965623687857485,0.001609682816753791,0.004607401144369445,0.0031108054835914055,0.0038673782353260055,0.006093646074113181,0.0025595640380207682,0.0023579725697806665,0.004498186698331809,0.002188429812340035,0.003521275876590999,0.0020850443907559613,0.002649785549344157,0.0028510822375254377,0.0027678929751798337,0.002122586713095653,0.0024837384398599623,0.0022014160521838266,0.003871602517574404,0.002926476566922825,0.0026713183570692485,0.005079486070555004,0.0023145163850437477,0.001181647962213878,0.0029985590907933486,0.0047371906850877795,0.0018587341972415964,0.0020594218064758176,0.002657433205554434,0.005630064048978493,0.0019293065355241673,0.005120433114402658,0.0017779878229095953,0.0023906495043306297,0.0009109985342680832,0.0024194156221898472,0.0015257131388996597,0.002717770905051298,0.00220464748490496,0.0015396716869395055,0.002001268870169223,0.002271636424496617,0.00379157750772508,0.0033574429520938577,0.004020184097843605,0.0030564291516293677,0.0029156445938438263,0.0033417357593213074,0.003711914620713379,0.0024586944944520587,0.0018587918960820758,0.0026410833499339276,0.0021689582564979656,0.00240285309748562,0.0017280773649284893,0.002212633064829845,0.0021332536717250704,0.0031296208342832294,0.002289718353146976,0.0033011203390714574,0.002846496481719143,0.0035347802026334026,0.0038096707167084238,0.0024545286252955173,0.0031452987963422625,0.0023394439748368498,0.0021622999049186946,0.0019481065044218908,0.003084637072506302,0.0032022865990123666,0.0030720209887288444,0.0015917864467897183,0.002879259548483097,0.002186426194659069,0.003678154077575147,0.004980913114052361,0.003783524044653095,0.0024032027436656548,0.0025901979039811575,0.0030987380332637066,0.003699110596025327,0.0024275198483623144,0.00192702228673198,0.0020851147820692547,0.0020445513025890926,0.0027090209265048597,0.0038566403584050562,0.00172107580126144,0.003719789625037633,0.0031908358173828085,0.0036362504716929652,0.001947879397554566,0.003327726129247294,0.0039159298538686185,0.002312852138523266,0.002745165604503343,0.0024198103314532057,0.0016815328242708431,0.003561774521286269,0.001359936987744314,0.004014092173156535
3518,0.00309327464942184,0.0025110114516706515,0.0014301914294397894,0.004072879382616573,0.0027514625089693013,0.0032445211737510467,0.005022299781231768,0.0024599445008073708,0.001899827521092985,0.004079478997091313,0.0018345200399098901,0.0030435454049105477,0.001889196076522979,0.00217346538027438,0.00228292461240927,0.0021434477532675054,0.00196695818098486,0.0021238779147954687,0.002093252036953553,0.0033175337690911945,0.0024550057969797675,0.0021853140758846708,0.004543415610473731,0.0019917925799708518,0.0009591051382591473,0.0026686480057006253,0.004304094737388316,0.001552266003786421,0.0018069208620928173,0.0022728347311895625,0.0048467755805255254,0.0016702639466408588,0.004910672314603039,0.0014857449101145484,0.00221625618023594,0.0007472017459847362,0.0020288881980060174,0.0013991080246063357,0.0023676506563388793,0.001937597795520569,0.0013942789882900473,0.0016905622288916095,0.0021990197098607713,0.003312344628791453,0.00277527752399729,0.0036724104359166644,0.002653860865315439,0.002505680989057147,0.0029881295397011527,0.0029810725900638315,0.0021051696467972916,0.0015817955341431154,0.00214184570363027,0.0018432558614063345,0.0021497673737781043,0.001416273788013224,0.001940857467263746,0.0018795884806983548,0.00272820837252534,0.002019885582154259,0.0027832189067321725,0.002560348835034603,0.0031103261704806227,0.0036965599069310397,0.0023193936959969618,0.002915980843387011,0.002030433576238323,0.00205562411246194,0.00180440726435087,0.002566313693946965,0.003197467389102331,0.00254797777503673,0.001365875950568484,0.002540620726861651,0.0017328040790485916,0.0032169512434192223,0.004167386497775626,0.003535286691496359,0.0021510669671379727,0.002274919536451673,0.0026018855407252423,0.0029250965709946395,0.002090213386141301,0.0016773638994315343,0.0017660794246820743,0.0018145474444676414,0.0023361485207572595,0.002815228686955033,0.001385284254977867,0.0031826286692821226,0.0026594624318354676,0.003248520905257601,0.0017451611206648896,0.0028568784549214323,0.003530423329302083,0.0020307597972234574,0.0025329278113441567,0.002146765314526571,0.0014641549978002368,0.0031697712770934303,0.001206636298904716,0.0033865710568384685
3519,0.0029260777375271566,0.0025253261074146254,0.0013618579497246329,0.003907854978385456,0.00255376002901128,0.003227357475811773,0.004764221915900151,0.0022427430465875274,0.0016641300489117186,0.003916155608315209,0.0017039368449611176,0.0028144481402140667,0.0017214734557146616,0.0019492181232274087,0.0020001276873324006,0.002001288529526171,0.0019128289059026783,0.0019151668364582068,0.0020116910278938174,0.003186240658270826,0.0023607805983954268,0.001838909155402265,0.004159617344346651,0.0017750012037704773,0.0008634832774866482,0.0022254236434555946,0.003651479037449267,0.001387786602392842,0.0018225786266284857,0.0021422115431822164,0.0047129100648188585,0.0015958272979763577,0.004315884207854955,0.0014317502570965473,0.0020650185651907723,0.0006768321081830103,0.001800947060667067,0.0012438319718027873,0.0023017268280152354,0.00180569977088572,0.0012038840376704862,0.0015412348660680758,0.0020305584450965503,0.003152256668670747,0.0026738474003643415,0.0033256007466346974,0.0026021366931001945,0.002255890802571147,0.00278484908154425,0.0026440745258826297,0.0019332895975251749,0.0014374982840224082,0.0019289568447773894,0.0016465616078397587,0.001972165133158414,0.0012940521961680171,0.0017093959298375059,0.0018399321076504845,0.0025718048206038293,0.002002037616786066,0.0024134807103139617,0.0025004365968269954,0.002866080470940274,0.003949927809980105,0.002428969758409457,0.0027300204795054706,0.0019081709803278285,0.0019722854899463945,0.0017098499575300683,0.0025710212319793235,0.002821032654260654,0.0023676408858338215,0.0012755563708412533,0.0020993864150074997,0.0016389117982508487,0.0031237702817714704,0.003740503143253739,0.0032025178210357474,0.0022423915089519494,0.002191741412543834,0.0022810425784247175,0.0025699563994131917,0.001984222769834547,0.0015993996306636696,0.0015078554119683514,0.0017804121899240087,0.002197958111166935,0.0026009115224090236,0.0012058287782768036,0.0030756515248753806,0.0023889701702054524,0.003264029684600397,0.001658577333144408,0.002722959824096353,0.0033036651817811044,0.001908984019901964,0.0023674532934593534,0.0020434369490731036,0.0014130156593000502,0.003022366854468157,0.0011580887584264365,0.0031489656982668576
3520,0.0028548203603753213,0.002562471478065559,0.0013943513865487093,0.00403390705686069,0.0024783107058334694,0.003330971813439324,0.005143830951167929,0.002469111480497475,0.0020011500235542555,0.004269653989216624,0.001696439979784829,0.002737479843980035,0.001665729111978569,0.0019665509523802962,0.0021066690471361017,0.0019657342854162443,0.0021170312383974577,0.0019106285777292658,0.001994184154845881,0.003310731843822264,0.0023502984277030824,0.0018685346902482841,0.00460724551263881,0.0018145691518822653,0.0008756639305099704,0.0022429234554110777,0.003889132837884498,0.0014148781584521534,0.0018047501318767087,0.0021806148974383953,0.004501722484677657,0.0016165959633372181,0.004705635414365511,0.0014595769920356684,0.0019757314897143503,0.0006763833078335693,0.0018485169524835106,0.0012134004305036233,0.0023769358261545915,0.0018200406341033332,0.001209849441365895,0.0016346850317826647,0.002018949868042557,0.003142084483347819,0.002721204671518693,0.003537606588241162,0.002564493507082693,0.002279932101899204,0.002733250987062654,0.002754283261916671,0.0019172619571926656,0.0013382175566271654,0.0019422081226812447,0.0016219907943297838,0.001986387968362455,0.0013027114895830688,0.0017396256586567809,0.0017299929243735255,0.002562024505913177,0.0021173622799542974,0.0024841124464466905,0.0025957295380555304,0.002846412334057619,0.004099751329920593,0.002367776281491109,0.002644379055167236,0.0019370510011359361,0.0019018147549898993,0.0017422632706457213,0.0028514737551544518,0.003077097871291528,0.0026133549153853322,0.0012628438448315997,0.002155979285994608,0.0016831852754513464,0.003202852758910292,0.0035433739480048446,0.0031249110264768617,0.0024374776611141343,0.0021869811994665493,0.0022214566330453875,0.002847004708976631,0.0020750417913539057,0.0015584372877839303,0.0014296801985356643,0.001743137354434466,0.0022908534672246017,0.002714234756136868,0.0012344519909779984,0.0030828121488050775,0.002448811673972566,0.0031571887117459578,0.0016800195181178507,0.002633487547531154,0.0032952058114734976,0.0018335633037262807,0.002404465120109063,0.0020597813191893374,0.0014260909287873416,0.0030571890761803082,0.0012049736690251621,0.0031054959907010756
3521,0.0025707121225091584,0.0023882738507814407,0.0012493060999618712,0.0038201438860025324,0.002454570127180955,0.003141730859000262,0.004849260645007086,0.0021902753237806856,0.0020330336530531247,0.003830046696429209,0.0016283401562102082,0.002343860801075926,0.0016331446129015294,0.0018557427444173596,0.0020465178314688108,0.0018888439281683302,0.0019960002625689565,0.001729078280766666,0.0018990725090301138,0.003030220534190351,0.0023967067565289065,0.0018008429599071121,0.004305205467582847,0.0016075144637281665,0.0008214733855943067,0.0021553081082891197,0.0038444051681090705,0.0013906602925152526,0.0017307262793245003,0.002064107209792961,0.00435015738380123,0.001613738687210186,0.0043154885920542105,0.0013750475348568603,0.001914815868110552,0.0006464992993014403,0.0018913650083994748,0.0012010457398929225,0.002188948109073181,0.001785593121272931,0.0012116001998314545,0.0014367375451609318,0.001798436652547004,0.0029459632075549656,0.0025011840735675306,0.003565066630069866,0.0022277864723791127,0.0021166393351757812,0.00255448912457959,0.002615098412765741,0.0019263544082954403,0.0012251417932314782,0.00177074589589095,0.0015584445086943828,0.0017939590923481893,0.0011962693079767275,0.0015891727810322615,0.0016199446859760825,0.002333354265636853,0.0020340158881442393,0.002555337391472326,0.002659952776880419,0.0025339555445436043,0.0037816086241665575,0.002115454846572621,0.002752839821303413,0.001886522005513635,0.0019169845625782139,0.0016027155667714952,0.002424460640549664,0.0027800588409077833,0.0026610492287189778,0.0012743536749207213,0.002093938378372578,0.0016144545501905621,0.0029332572572328755,0.0035409095362011075,0.002860398615275306,0.0021758019164383685,0.0019868646118018306,0.0019755956278112315,0.0028564392502933955,0.0020337770777389213,0.0013607309247116312,0.0013426867047705094,0.0016685165373231592,0.0024314849170057936,0.0025195001117626977,0.0012280592368605222,0.0026315389267418804,0.0023595842055368532,0.0027439925573721907,0.0015893376497199626,0.002398329168388811,0.003159574851084747,0.0017922761780045568,0.0022142975885177047,0.0019359703135997523,0.001228491286205123,0.002882787975172197,0.0012047431294518423,0.002878306892114561
3522,0.0028294095882999775,0.0025651143082430334,0.0013341689098359797,0.003830194040484253,0.002236275950836471,0.0031760244348154154,0.004314086916531064,0.0021571170240944626,0.002140927777465389,0.0038179971766147923,0.001715310570379213,0.002515921459762017,0.0017033746304314856,0.001965376693981034,0.0022184471245341258,0.0020287486061151523,0.0018695423430797329,0.0017037055865330426,0.0019247881071795768,0.003141604685681923,0.002606905490526105,0.0019090191618058555,0.004206590380811954,0.0016384695453561192,0.0008650470228820858,0.0021642524516625084,0.0037650382653857733,0.0014766729284141531,0.0017437787663862067,0.0020693397208317453,0.0045443385118765865,0.0015655434862582927,0.004465094159774223,0.0013618913120038646,0.002014943165822718,0.0006832738604745915,0.00200328387242906,0.0012403006392470446,0.0022362832633644894,0.001818385695240819,0.0012755811463821616,0.0014312431837464727,0.0017656016101458263,0.0031569185215503657,0.002598274364513448,0.0034209628615776695,0.0023200033060327913,0.0020484453125127686,0.0027101098227738517,0.0027531152211498285,0.0018228641863174957,0.0013198506721683245,0.0018284468129405847,0.001502106231285212,0.001725403325935024,0.0012608748306240148,0.0016053111461972966,0.0017441210438971836,0.0024279558289537657,0.002165447823604396,0.002484205503297513,0.0026581895844891125,0.002733732444449078,0.0033967037448613705,0.002131932004876375,0.0027580870237884315,0.0018805091231834305,0.0019470536947447925,0.0016922716138566029,0.002693309374896307,0.0028361201880325072,0.0030006695985314038,0.0013241999219663202,0.0020953978039068193,0.0016563906396804674,0.003187099877065879,0.0038977845132047045,0.0030132301692209437,0.0021473998980452427,0.0021006874734067526,0.002030006728617832,0.0029398182932998053,0.0019781927682485617,0.0014404953582751044,0.001371632746829825,0.0016916184585530313,0.0023820696059989803,0.0026591225780401594,0.001292015347716022,0.002605899056300336,0.002455662422142644,0.0027386702800651862,0.0015236044869783836,0.0024459489868849603,0.003414887252202543,0.001873294535885023,0.0022528341730755942,0.0019954197775167676,0.0012038917129999923,0.0028098993717108637,0.001205766733920168,0.003062224507364235
3523,0.0027193006214445456,0.0025870346132863967,0.0013711382805528778,0.003833604169169659,0.0022916760027752356,0.0034389126270740313,0.004298702331190682,0.0019928701728116607,0.002291216505242935,0.003996351319774375,0.001804746136075721,0.0026215804077056645,0.0016993929616847068,0.0019753016235056226,0.002416469959150879,0.002148913756538964,0.0018725403475159186,0.0016985266766143343,0.0018951639834955765,0.003200292004027053,0.00273907993224266,0.0019243670554256755,0.004361445514984497,0.0017581975712188211,0.0008794964240228022,0.0022680631334504346,0.0034703031014767394,0.0016184206350470752,0.0017300624610130056,0.0019494630110275806,0.0044666741386542525,0.0015639785795356412,0.004319960903511265,0.001454431609811413,0.0020461556989474776,0.0006981104207400361,0.002013411850414781,0.001200328562698745,0.002324284734100384,0.0019060125147352374,0.0012905067554075773,0.0014591407122494585,0.0017797501556262687,0.003055339678539402,0.0027144377401925276,0.003806397059882036,0.0024217905018534573,0.0022258237457738516,0.002817975822861536,0.0029293894694685154,0.0018637395130623514,0.001391150785289862,0.0019902748825819513,0.0014893578672426852,0.0017898242753212716,0.0013352995243512493,0.0016452955434743256,0.0018045552125938809,0.0024811311470493386,0.00221506594242221,0.002558101742664429,0.0026683644104040756,0.00283553376498843,0.003341277452794819,0.0022498666425316226,0.0026187672496150835,0.0019094603798292735,0.0018888229781691165,0.0017605743536309498,0.002857617711475786,0.0028328080191252825,0.002871772610501021,0.0013455161896947952,0.002284482328391731,0.0017728698588162113,0.0030870175433349296,0.0040151582916816975,0.002986584331127667,0.0021127914009280518,0.0019922067390025916,0.0021712121816437344,0.0034889830023656114,0.0019114519339983164,0.0015289319734908158,0.0014438603244003075,0.0017346119096971588,0.0023597728523157154,0.0028091006266139614,0.0013372098577426478,0.0029466810371142718,0.002479126668463082,0.0026824615344883244,0.0015016523803587176,0.002403664195626917,0.0034055367854195994,0.0019119729337014107,0.002167425324077657,0.001980470440040229,0.001196761307899557,0.0029351607584798176,0.0013511909157554844,0.0031560677543915937
3524,0.002765323307116312,0.0029736420771164242,0.0015020196542801225,0.0042731058069238334,0.0026983309513665295,0.0035834895286737272,0.004898749533854533,0.0022434884365835133,0.002786878360744905,0.004211727667962748,0.0020706617846651724,0.002835787838035747,0.0019023525731836342,0.0023273763350260324,0.002853629303309226,0.0024979925880363,0.0019688544169867155,0.0019294573683386056,0.0019623232678724306,0.003525104023431225,0.002946748635855685,0.002336467510281879,0.004945032857974615,0.0019879758498367703,0.0011020209409998945,0.0027410810449648134,0.004047938858234838,0.0018460144724392706,0.0018165861780674532,0.002186590445683007,0.004747708942060362,0.0017268197523046687,0.004795086373827266,0.001602213998976488,0.0022120914191970315,0.0008793096913392013,0.0023834648528554565,0.0013669334468652222,0.002522773786347027,0.0021435613410248143,0.0014869579594143458,0.001650926726353381,0.0019844813060231545,0.003186416439698636,0.003169572799747022,0.004082631752316229,0.00246893493089387,0.002592461247759138,0.003040613879461339,0.003402318561422287,0.0021863437382738486,0.0015340649313068954,0.002437553704887064,0.0017551952702254251,0.0021052756824731884,0.0015177466926499864,0.0018454575164642108,0.0020762204263813666,0.0028950260289023685,0.002463885713334865,0.0030701511622282544,0.002939695350521172,0.003261508942845707,0.0033474613334475863,0.002288392207484501,0.002692929030453713,0.002116594699631975,0.0020669574500841465,0.0018106219810608087,0.0031368691257284624,0.003140626009734301,0.0032653571190450065,0.0015693636145275652,0.0028175004175788297,0.0020401434385835244,0.003397846908456955,0.004654067450324686,0.0030989671252582554,0.0019837548966537,0.0023434731225692785,0.0025427877013037828,0.004160730668639512,0.0022126994062714807,0.0016657483276745848,0.0017026670801977863,0.0019012506145420255,0.0027781475252119784,0.003309817708872817,0.0015722803994836678,0.0034735743842292813,0.0028121525955161733,0.002994901397986457,0.0016551600727648615,0.0028572392190712396,0.0036364766128677644,0.002164524417113867,0.002382307917969659,0.0021858311849452046,0.0013414496313516554,0.0031803371204150045,0.0014478616822357312,0.0037592886932448022
3525,0.002820880674714837,0.002812877322751276,0.001562587064038555,0.004167809163649707,0.0026943588324518475,0.003644458308974715,0.004593952837107097,0.002193583729130963,0.0028013561944243023,0.003822508521336894,0.0019626835243929186,0.002698236962468879,0.0018926117818027998,0.00232882111378616,0.0029161985608178475,0.002612319834894238,0.0018710953264375245,0.0019526952787039824,0.001838076390767915,0.0034388772169122394,0.0029349551538336745,0.002396152145838201,0.004739825893323606,0.0018650069083969152,0.0010762822634555478,0.0025728753851929406,0.004090576488653195,0.0018214672440443392,0.001855368390280406,0.002093556536651551,0.004736991981989589,0.0017324129409875054,0.004387170904598332,0.0015601482212942558,0.00216896787283448,0.0008391671253510813,0.0023495031808940404,0.0013461817489123869,0.0024741920975452094,0.0022717142241471425,0.0015882650774363008,0.0015841868977752793,0.001936162694323423,0.0030958846755709452,0.002966103132211776,0.0038144438849375887,0.0024128265126230983,0.0024809472019769454,0.0029324365026124452,0.003184731834064844,0.0022356786997177734,0.001644204485724475,0.0024779431693091793,0.0017387907288819132,0.0023500570475071345,0.001519920631896029,0.001768423985330469,0.001991926337550067,0.0027354281996912816,0.0021748683503754994,0.003173282902029553,0.0029038530834746405,0.0031792477258358767,0.003081186032869537,0.0022980784507910684,0.003008475412462275,0.002164703091728926,0.0021410574619089,0.001751231175827705,0.00293951298953145,0.0032357145277151166,0.0031066425273683137,0.001571087983567308,0.00259769013725477,0.002015214562102323,0.0034230619387557557,0.004972436012462438,0.00308830206801941,0.0019610253277259305,0.0021896025878534856,0.0025772045875077005,0.0035691703284765354,0.0021888603725582936,0.001578676528344378,0.0018297113465978127,0.0018817007448199098,0.0026192887941431675,0.00292070398982316,0.0015980707823017738,0.003440296589322056,0.002982270777835124,0.0027922474091579765,0.001655072162444963,0.0028112539657919582,0.003499834962759647,0.002161503296426933,0.002354541445792569,0.002147867930884434,0.0013524760731916505,0.003011416498709183,0.0014424849005218482,0.0035979677241233512
3526,0.0030197583544273876,0.0027053808554833177,0.0015995740634128376,0.003999823097143279,0.0023561109432143224,0.00352247557730308,0.004654105008687613,0.002438777722609451,0.0026171583609578054,0.003911660920649916,0.0018898245915335667,0.0026739025863874604,0.0018888274691842238,0.0022101477067697816,0.0027921288046453266,0.0026754647762547924,0.0018507218474758218,0.0020205188752713313,0.0018024936497290768,0.003280493828112289,0.002911093923287939,0.002371600197780461,0.0045260927510898845,0.001964506163878283,0.0011114218226276082,0.002625748305473129,0.004131928753409272,0.0018102761752965587,0.0018219428627372824,0.0020541995199902623,0.00499579716706608,0.0016612579271139294,0.004483342868838099,0.001538403121138926,0.0021569075044994062,0.0008643815948038107,0.0022455894977118874,0.001307775700349882,0.0025361942808979957,0.002186678988764719,0.0014726597627101022,0.0016309023582132451,0.0019399171074550002,0.0029439246468903908,0.002914526602283381,0.0037160298396221483,0.0024565326040814645,0.0024728484591411484,0.0030291447331881115,0.0032427564996160623,0.002195654582219058,0.0016613846180659282,0.0025203059341964893,0.001683009931362448,0.00240281925485854,0.0015667773143970647,0.0018972384566411653,0.001842512740767201,0.002809557262878144,0.0021644674270735417,0.0030439442860665388,0.0027754997369418065,0.0034259521405886704,0.0027281515156211684,0.0022534555890048173,0.002909225565351125,0.002129430240117226,0.0020180672984892968,0.001796962670914167,0.0029811031226408117,0.003301080192463602,0.0029755403690201456,0.0014871081435508225,0.0026417305758514244,0.0018779640847333089,0.0035110914541137575,0.005098145327139184,0.0032313113269796905,0.0019393032909112747,0.0022311807503894877,0.002841037206495141,0.0032271907956634223,0.002034769984362533,0.001565468483811695,0.0018799824603240181,0.0019281132294157086,0.00237047316204652,0.0030854019982793643,0.0015669832799746753,0.0037606895025319277,0.0028477137173338056,0.0027248417196804784,0.0015967833031313942,0.002683143168382458,0.003594035518576251,0.0021161477557554297,0.002341763643475883,0.0021569961694319593,0.0014148573043284724,0.00293638261367819,0.001473729915929138,0.003497693134538502
3527,0.002990988740385667,0.0026804629729149775,0.0015483894447673458,0.004032952906617316,0.0023683031921029074,0.0033676458814305113,0.004657370911867226,0.002538556166931032,0.002439116075639961,0.003966386637192473,0.0019488019219445118,0.0025346206320261107,0.0018575151500429253,0.00228231537592823,0.0027774167990364898,0.0027380420408170962,0.0018313865770889007,0.0020873665177282815,0.0018294703168386976,0.003292056836183656,0.0029603534406400876,0.002398605278875658,0.004444214722581129,0.0020581371089984438,0.0011411090928175034,0.0026030919440154705,0.004023517917859101,0.0018547340742571183,0.001817891778246256,0.0020550000846403303,0.004920275475083481,0.0015613312478983525,0.004407218966733161,0.0015969240808499385,0.002148836470009906,0.0008771690842068566,0.0022238046361634355,0.0013058825957239196,0.002550418770431511,0.002117423721884059,0.0014516088289475663,0.0016173910290597099,0.0019445318693960458,0.0029804451176412396,0.0028981789629941622,0.004065377165514436,0.0024429186735699035,0.0025045480403834528,0.0030200366577718637,0.003294988175043929,0.0023344010560966333,0.0016312782720366758,0.0024737857727025157,0.0018052537795625032,0.0024895914866559805,0.0016003568384957891,0.0020190914463678678,0.001806823707950332,0.0027744770652748446,0.0020855189496478284,0.002912084908109389,0.002702205284896945,0.003528990642528421,0.002747494340715008,0.002224446152699379,0.0028384576371565003,0.0021352012648566125,0.0020055070580713846,0.0018947367325950707,0.0027440087903980166,0.0032508934415754957,0.0029037078937176677,0.001525468764066795,0.002629579744274884,0.0018976596784239712,0.0033686051941698575,0.004851697769409494,0.0032797693323095623,0.002002294606351441,0.0020693511379759793,0.0028908531737066646,0.0033134120316312336,0.0021153376119113472,0.001616227212410825,0.001931534982060966,0.002063081537632446,0.002402388617497534,0.003037509406399642,0.001607742477289725,0.0036287834595604895,0.0028012582899966687,0.0028021055545175057,0.0016427033447280993,0.0026693452397389566,0.003535158374907635,0.0021734687479521915,0.0023367411303827,0.0022389698360604352,0.0014629959292591617,0.002964983530738036,0.0014512582780377304,0.0034369998283694508
3528,0.003333856844648869,0.0031487429345356268,0.0016844959781708343,0.004441139546661465,0.0025789875750722954,0.0037030346170421305,0.0052741048296989996,0.0030335792852657912,0.0028391124913209153,0.0040590158016892966,0.002224460203257227,0.0029077348253588207,0.002043912150311846,0.002797253409849545,0.003153489034151723,0.003038665366326714,0.002048870141965901,0.0023279891867549387,0.0020190741124605184,0.0036150855404788597,0.0033648180749425707,0.0027888617235314658,0.0046620777789798465,0.0021513707402725257,0.0013469290476788222,0.0028058402268523602,0.004432331974606333,0.002038715381332326,0.0020599047546710956,0.0024565687957744347,0.005291074838223641,0.0018010055369958138,0.004800951017085997,0.001777577685616182,0.0022996653338707234,0.0010497452944222747,0.002534823184620164,0.0015323563809117463,0.002784016207197957,0.0023338074655259284,0.0016232288457023998,0.0018054348389524384,0.0019906996934454186,0.003260959035143605,0.003301031894902523,0.004192322850076064,0.0027066437117020453,0.0027305727527358646,0.0032361772945092063,0.003733440326384958,0.002562479031611709,0.001740586762974445,0.0026790379870184756,0.002176826581205832,0.002572521279476549,0.0017537053249955647,0.0022286634044776776,0.0020804530745452,0.003073554994997031,0.0022360783124201057,0.00315418487262203,0.0032240424095451433,0.0038701855776563563,0.003026299514699255,0.0023440237641927405,0.003183112798664209,0.002378814912091541,0.0023049957939175894,0.001988728549596056,0.0032416535509896456,0.0037858357093967757,0.0035190048619725936,0.001726306546732215,0.002741510651179916,0.002156416483266208,0.0037361643003414368,0.0051044085634566,0.0036585741209695707,0.0021961962834121567,0.002550091273224487,0.003209623898257029,0.003683829107389767,0.002663792693550673,0.001857684435804996,0.0022322100567071087,0.0022870107137251535,0.0027646565912088175,0.003882053788356284,0.0018598019039598695,0.003884257096151596,0.0032791514228340977,0.002978548182069733,0.0018951206617416273,0.0030460077459367623,0.0038884428461484744,0.0023998420404530304,0.002585504864059521,0.002511680914896627,0.0017281695386087267,0.003158984733973112,0.001498300994599737,0.0038478183166492435
3529,0.003912928563458421,0.003552690123097741,0.00195532462770842,0.004963076801045705,0.002980967419671026,0.004310820371367057,0.006175261759950422,0.003509478213382163,0.0032151956565308983,0.004661115614668281,0.0027602561172954624,0.0035696121335158236,0.002235275126288141,0.003258046192988125,0.0036509567723749994,0.0034947753785423055,0.0021916406110508227,0.0026503896831859574,0.002253717806734094,0.004294115440857622,0.004039384008665152,0.0031582607442728174,0.00490387670015661,0.0022541820591583926,0.0015959412419834795,0.0031470344374851526,0.004927568719401333,0.0022802815685432774,0.002272975365426852,0.0029097064089827246,0.005918724141739021,0.002072795859966909,0.005300355396504391,0.0019772470651385214,0.0025133600187808745,0.0012704870683624468,0.003063605848641355,0.0018087204860261711,0.0029952380085456858,0.0026060053329480058,0.0017536066341966882,0.0021139192687088964,0.00227640866530076,0.0036451381206873104,0.004099086678596709,0.004470873844516119,0.003142800172915817,0.003005915297021049,0.0037804161353358155,0.0044266584296802376,0.0031149514254788235,0.0019425180449947784,0.0031284027796640527,0.002350098415982455,0.002787645466533945,0.0021831280847106173,0.0024189522025930377,0.0023944263730579086,0.0035414397677763563,0.002390548591683074,0.003718060672214171,0.0033311499136684866,0.004458410975924302,0.0033304730837716684,0.002648788148357277,0.003504660291173263,0.0027253258638942025,0.002492788104428901,0.0022294429350087817,0.003883015488973026,0.004441471408353189,0.0038327815687027636,0.0018713498353571546,0.0029862172287919023,0.002556412188524666,0.004234742933901979,0.0058970021537146184,0.00403974451217178,0.0024597737685516006,0.002829338988340207,0.0037108068710425715,0.0045032779841331005,0.00292618689007635,0.002131065505355157,0.0026289709382877266,0.0025636733484614336,0.0030893680278946682,0.004517479836076264,0.0021791585751712605,0.0045303690419803725,0.0037849539361479597,0.0033690076814892837,0.002147840408020416,0.0036912040254849323,0.004298602337846538,0.0027264828979032896,0.0028291239075545604,0.0030158147493820463,0.002107024334839509,0.003785062305138328,0.001702092987428785,0.004274726795310186
3530,0.004074096747365071,0.0035449855054463597,0.001956571437093937,0.0051917208933226116,0.0030618465758562342,0.004444525858559316,0.0066936306934608164,0.003390973758048286,0.0030801449263077063,0.004801472121019859,0.0030001552405085692,0.0038051024386620007,0.0023077748341407966,0.0034131287088413655,0.003966690331849918,0.0037887145164188464,0.0022002415954147474,0.002720464161211602,0.0024118961243968493,0.004185009486095194,0.004130340398317006,0.003306013420027926,0.0053770395673625945,0.002594675577143471,0.001573785332409416,0.0034324322534852593,0.0049561944209972255,0.002436569706005155,0.002274604160231431,0.002917241611687722,0.006497997040282362,0.00212103066519458,0.005635416136914452,0.0019987180730468117,0.002772641012735303,0.00128449260792294,0.003210972757993788,0.0020108767549162966,0.003049976728518986,0.0025211629217099817,0.0017553269895108161,0.0023583608941743226,0.0023301168434214526,0.004162863481760103,0.0042838967590397336,0.004769028452587118,0.0031746930103877607,0.0030348700311355553,0.003907734403391606,0.004671737831793986,0.0031146584045597682,0.0021104426718400577,0.003175609433165049,0.0023602026282926736,0.002940008469115252,0.0022915525657409585,0.0024291614829855222,0.002675541570230933,0.0037770633678631334,0.002670693938170748,0.0036549467573436622,0.0033037693258597583,0.0047574355041833894,0.0033653175580529767,0.002764508887021072,0.003194113998287897,0.002761624810511807,0.0024446101306496455,0.0022334192238558687,0.003926178298728668,0.004269650074704111,0.003773849056315009,0.0019298519752865711,0.0032754135812228364,0.0028149023013574353,0.004414743750258989,0.005867001815599687,0.0044559878615371175,0.0024990545019789763,0.002982261646975725,0.003900034798876461,0.004691025418482955,0.0029249365752278735,0.002449708427851036,0.002725619696702758,0.0027440974824455163,0.0032122643426661384,0.004203909378295029,0.0022388229454786347,0.004587636750740944,0.0037907788811660614,0.0034758184001019285,0.0021943021272459056,0.003864494884639094,0.004468067501206657,0.002867183071575785,0.00281072049025821,0.0031575270248176378,0.002099004552035165,0.003774986624215734,0.0017103413123838312,0.00484692032131375
3531,0.003947166957172078,0.003465133541853653,0.0019035643955354216,0.004807764513048945,0.003313912311407921,0.004460778614195381,0.006167264794335456,0.0029992507256189817,0.0027325162863743387,0.00466327280798147,0.002702692506377361,0.0037988084029006563,0.002207193262103936,0.003217381833243437,0.003498757720727684,0.003541786219338922,0.0021803282451099623,0.0025927166681959106,0.0022541712858471967,0.003647999528901303,0.003694572965298495,0.0029901139984132227,0.005575494950372659,0.0023608984828944845,0.0013937063570269059,0.003107607664382355,0.004509153080378331,0.0022791780078096698,0.0021420182778437414,0.0027986418771400543,0.005790226926699637,0.0020772594560363204,0.005620224649386284,0.0019300589656293917,0.002677187234174582,0.00115536690901065,0.002852673447442047,0.0018530045491531677,0.002846814140336373,0.0023729338340332346,0.0016782161120385106,0.0021844711962295048,0.0021542381685483603,0.004196565171568824,0.0038268526247148466,0.004668406984306161,0.0028643955406539292,0.0029508421638598085,0.0036547386680085003,0.004048871469872706,0.002704483203305453,0.0020203742853562626,0.0030476431894570777,0.0022545553856085977,0.0029203906342227816,0.001974707842763665,0.0024476799256046415,0.0024777885007423416,0.003694550007888528,0.0026411460936011776,0.003391838493077709,0.0032131307740409245,0.004393997182619624,0.0036823192693746384,0.0027029021101962624,0.0032977096974103953,0.002587360027071535,0.0025042289093544804,0.002147446208977201,0.0036583225038841,0.004415324361449635,0.0034397160993589987,0.0018170778193408038,0.003056613120743457,0.0025808850556287874,0.004142002652827122,0.0048815158410956405,0.004179181055818309,0.0024346729158872017,0.00285736909595544,0.0035825900991015855,0.004635972473511703,0.0027762717541817954,0.002338584902679042,0.002518367761471392,0.0025356989111384605,0.0030796416175673147,0.004024964230025353,0.0019786461194478537,0.004222009179476652,0.003398857662841967,0.0033629399167778525,0.0021264315922049004,0.0036610249785722962,0.004469514773306687,0.0027004895053619163,0.0027098263444728563,0.0026235100465165045,0.0019947784804741583,0.0035603593720374437,0.0015180311020268782,0.004213869530668408
3532,0.004543581373898642,0.004025835508589757,0.0020869973855157384,0.005376987054583297,0.0039380615692372455,0.004943369236405652,0.006903730822632418,0.0030096755859947495,0.003348451646145395,0.005106809196974618,0.0030353843855369742,0.0045652635980749255,0.002424378186138354,0.003705043899704601,0.003963351101366067,0.003690046204821999,0.002435497704906722,0.0028703991363953655,0.002513807886706282,0.0041273080922544165,0.0039696984153577124,0.003398457619108033,0.006471882114453683,0.0026268287841071875,0.0015075515954304944,0.003578975328524634,0.005320729208297241,0.0024386959398480248,0.002325153331966813,0.003153973246551886,0.006126582553017415,0.002435976294460192,0.00623676040027686,0.0020872023718077996,0.0028816907390976296,0.0012448656960307612,0.0030962248484235617,0.001928149469094134,0.0031891438497344366,0.0025565339944534633,0.001759891878473218,0.002418592421344926,0.002238382120141258,0.004312851624568826,0.00412121860869689,0.004797570688509702,0.0030975146143963255,0.003380721829699236,0.0037577724833167373,0.004694466583179354,0.0029562794187510317,0.002169062844890832,0.003532904261955945,0.002513164787820965,0.0034140733687442713,0.0021926790356289463,0.0026993539892823837,0.0027254189904438644,0.004003820280110451,0.0029009604328602127,0.0039159508250564135,0.003551796869727786,0.004691056818951391,0.00411421035414405,0.0029482225533609082,0.0036514824783860584,0.0027369068373916065,0.0027692405660718414,0.00233865759530721,0.004304121659035913,0.004825843927342018,0.003855780923464354,0.0019395654788483389,0.00350378057440206,0.0027556944469577524,0.004356554931753309,0.005278550514331591,0.004684597484053114,0.0027942996271521723,0.0033624343799633044,0.003951950832586694,0.005404341653482481,0.0029662513809316825,0.0025626211652686514,0.0027863237780474046,0.0026204905059419555,0.0032335891535030243,0.00438044190765309,0.002114820578123928,0.004981020364077094,0.0034793618403997006,0.003599804584945029,0.0023323561029771596,0.003914222698018265,0.004977120172513901,0.0028527810286230345,0.0030008004161263986,0.0028114782605613573,0.0022687994418308472,0.0038419664409043946,0.0016876581722756378,0.004780420268168344
3533,0.004033299441877678,0.0032146948367682703,0.0019237970359151737,0.004841571162028094,0.003741290967005389,0.004609966553000442,0.005954667934032739,0.0025208796108570942,0.002929589768584809,0.004791005939990457,0.002529916156142103,0.003926365922541397,0.0021929326442202833,0.003237636285373107,0.0036422474636016305,0.0031685065037834526,0.0022097798827791283,0.002623912232666744,0.0023122540611842496,0.00368053179455221,0.003382762050683364,0.0029637240898070156,0.006079308432912709,0.0024161707045720843,0.0013237888625946773,0.003250172003766447,0.004892065763228372,0.0021991618357831175,0.002168289142864417,0.002732599541008419,0.005676237374542126,0.0022336335317730055,0.005604453875747431,0.0018935177992073368,0.0026636744855727157,0.0010447815407338566,0.0028740243879384363,0.0017005576148373949,0.0029237893375288833,0.0023137190170519476,0.0016662832026514431,0.002063114378967956,0.002217957962610604,0.003927186536935942,0.003485880185337404,0.0042113247543528855,0.002862044926278762,0.002874819270652642,0.003253735158184969,0.004222763364883237,0.0028639111893487184,0.0020723183654271344,0.002949078341589737,0.002164486711798314,0.0033386186040559344,0.002004901248654019,0.0024013845355718363,0.002338198255539392,0.0034285443873887296,0.002684789260305974,0.003653774618415503,0.003168097570849471,0.004145359977027181,0.004037389047670833,0.0029013948984187806,0.003470665698513143,0.0024827738341725784,0.0025181615672167632,0.0021682419159366074,0.0034695252243151778,0.004099824606726892,0.0035885528690583583,0.001817846752630476,0.003081143175091586,0.002535102557105163,0.0040300299861504825,0.004863959586174805,0.004003745893525106,0.0026105550439560117,0.002818528163162419,0.0033740566527247734,0.004732198079640925,0.002529628179647134,0.002406048574635005,0.002584129623071734,0.0022632130612826574,0.0027655392597435665,0.0034730561584625204,0.0019043256308169556,0.004700158102951613,0.003189252337920582,0.0033047629207103727,0.0022480976347489133,0.0035067566477394946,0.0044966265362224676,0.0025308374677729625,0.002746855900131613,0.002646770611894772,0.0019525229604285166,0.0034789866852078196,0.0015324013409522886,0.0042924073344641
3534,0.003300423621879984,0.0026589719035135977,0.001645108042392561,0.004089835323037084,0.0030536353654564657,0.004190809905768172,0.0052007728479320225,0.002153207196041463,0.0024509476064444266,0.003927229819977718,0.0020451151290447923,0.0033223219535479694,0.001929360507894553,0.0025832916241004438,0.0030517047791622644,0.002488480430251677,0.0019513136128468892,0.002175653900045149,0.002161443952071233,0.003067217518973318,0.002745151247700131,0.0022931234204257526,0.005378970926006926,0.0021883103140592506,0.0010244516820852626,0.0027510217369324844,0.0042757646450275735,0.0018108408514647268,0.0019152968394143305,0.002243070243188618,0.005378902854520869,0.0018627409589933373,0.00522316242333677,0.0016122603561154398,0.0023838304039493735,0.0007933433927619955,0.002296408754681531,0.0015149306616301522,0.002517515210470715,0.0020230542294375343,0.0014546423295560252,0.0018091337247316199,0.001965753389504982,0.003421238301625646,0.0027373134997045025,0.0036623805485937575,0.0024420960711114235,0.002507318325918874,0.002896730654472739,0.003383665233742853,0.0023020309157977055,0.0018223424710217722,0.0024241017783929583,0.0018837188483148551,0.002947623937036993,0.001466887377032014,0.0020101880537507265,0.0019669244512966863,0.002903673410118336,0.0022822983177662646,0.003046066139588727,0.0029628442996837917,0.0037673862155379956,0.003573494745217403,0.0025624731389872076,0.003010935039001536,0.002048753125818823,0.0022704710438584577,0.0019088575219785597,0.002896194470740759,0.0036550266881080306,0.0029790985333479833,0.0015342390996862512,0.002823420437027107,0.0020797591525623287,0.0034973746754637103,0.004178182610957317,0.0037325712052378264,0.00210535201567083,0.0024663221877789378,0.002747254139664122,0.0041562210417112905,0.0021042785822710038,0.0019525530109546572,0.002044322421491737,0.0019874621471648282,0.00245341061116502,0.003034200132668669,0.0014960560639204355,0.00387906975191626,0.002683177524006168,0.0028333790197556685,0.0018731183142899704,0.0028317979961151167,0.004022078016770979,0.00212140648918167,0.0023980804131916006,0.00220509809874075,0.001543009410730617,0.0030337622078415337,0.0012623500340724102,0.003754013030150651
3535,0.003370486872134137,0.002865014167466891,0.0016604094567044976,0.004134859007987618,0.003079480225309643,0.004057595358854025,0.005306371214559667,0.0022368751675940052,0.002519321306922541,0.004421594948111258,0.0020935898740577193,0.003210557111720214,0.0019775341820358816,0.0027879475528786897,0.0029221766109760413,0.0025101776027045266,0.0019779082872326925,0.002208413311486023,0.002157920948465419,0.003509828012973427,0.002903959778163887,0.002372537315999319,0.005260694106110205,0.002034073679226823,0.00112234213163396,0.002676751700403628,0.004474282219261522,0.0018410440381484013,0.0017936574423540646,0.0024501037722182667,0.004962554386212163,0.0017614344543083905,0.005326165098657445,0.0016687710669983297,0.0024593907381865667,0.0008611468260778787,0.002360943834062193,0.0015772653122179637,0.002642370737862691,0.0021300016962668956,0.0014674964125623326,0.0018041778052010082,0.0020625327458821925,0.0033479903424470862,0.00285464957258256,0.0037126367530012443,0.002628347980373316,0.0024210910867018707,0.002994820898440843,0.0033719590964213417,0.0023466837896893478,0.0017532452448000182,0.0023875959377412585,0.00197716147764112,0.0026358816972778644,0.0015107208570058004,0.0020703526710141814,0.0019053632038538019,0.0029462163582729926,0.0023296772208992855,0.0032512197128893657,0.002914703553565367,0.003848719926966425,0.003527281893735672,0.0024131602993281587,0.003187678714588308,0.0020907253961153756,0.0022506595665041126,0.0019236886351954305,0.0029501603117076843,0.0038256176250684145,0.003175361289959386,0.0015336429605569048,0.0028593598332958704,0.0020659964129827926,0.0035500696227598236,0.00426129884300263,0.0038131502207097625,0.0020864801598046026,0.0024767317890079413,0.002851930630995064,0.004416877646324603,0.002234627778757034,0.0019584790464501262,0.002031586512966121,0.0019843548555082266,0.002527411312704303,0.003357247608768291,0.0016820996099202361,0.00393991653860383,0.002898263338333899,0.00279587188485341,0.0018259467554199338,0.002890659482238082,0.0041484949034247135,0.002109070639417293,0.002414993501510398,0.002255797278467788,0.0016054243964733837,0.0031921313268620613,0.0012905577178524516,0.003542398593341361
3536,0.0034433875702529655,0.0031016300074910752,0.0017372071388846936,0.004514175223355669,0.0033258413938661536,0.003976007277886878,0.005692215418261166,0.0024626012644407575,0.002879659237159281,0.004659885566115668,0.002313369033046553,0.0030822687977107984,0.0021122752817979065,0.0030016570209707625,0.0033003358888759647,0.0027805817651588615,0.0020781373738054114,0.0023411401494244995,0.00230070722378591,0.00382590130348436,0.0030679749351126247,0.00270417805288079,0.005503414989447739,0.0022330359371966167,0.001265149263508833,0.0030046936878974926,0.004608441618234361,0.002038032486960873,0.0018705423152066887,0.0026395759046630007,0.005489829581750571,0.0019080875680507852,0.005132638069646462,0.0017603015204376814,0.0025185940230826875,0.0009907066891979685,0.00264136465732488,0.001682133518653378,0.0028319739293182662,0.0022824233238441754,0.0015824045930058804,0.0019444135994574827,0.0022782920397411413,0.0033963959444124714,0.0032263197964846357,0.0036764663591703508,0.0028592124026147092,0.002601006097060325,0.0030895663747864247,0.0036420452779937066,0.002648691135882978,0.0018199161165001925,0.002638139752288011,0.0021211491781663364,0.00269248566524399,0.0017213105452404866,0.0020601396849639297,0.0021014429407119066,0.0031277492099408655,0.002506367327467301,0.0034331088693135,0.003115648342328177,0.004115003075939181,0.003597276931002684,0.0023972096225401197,0.003127509442899859,0.0022273830830593726,0.0023028777315944283,0.0018923681574458408,0.003304398269325592,0.0035498683168177178,0.0035644808106141505,0.0016428413837230019,0.003119822090929213,0.0022927600628601546,0.0037077404104254477,0.004700169443284141,0.003668556432767547,0.0021107716407019394,0.002709032496164424,0.0030696045998296604,0.004560475213502299,0.00247449464936761,0.002123352535270176,0.0021575562333435534,0.0020963611246860078,0.0027376396508264813,0.0035099894201273555,0.0018875402926005755,0.004512565576097473,0.003184300782690531,0.0029584549058947534,0.0019387297411333306,0.0031585480959693333,0.004104382505303635,0.002221142419103328,0.002551045387348142,0.0026497101870346226,0.001699483275931416,0.0033354285818518663,0.001458304291522908,0.003946494622122574
3537,0.002968287605089653,0.0027636876069960536,0.0017171382248562315,0.0041438832238194275,0.0031111827354832248,0.0037920911827420546,0.005218751232967434,0.002447998594388311,0.00265035526952583,0.004334828249348913,0.002209852227000527,0.002802290190234944,0.002106449801648253,0.002759834202615538,0.002961539695386793,0.0025833680969971,0.001971182085643765,0.0022648797462667242,0.0021845715999910874,0.0034402645730097397,0.0029361633818939165,0.0025095531104076248,0.004989547726180683,0.0019823989164056777,0.0012743715246768654,0.0027964595854378118,0.00403897874033713,0.0020092862818983375,0.0018841460013178512,0.002485798396164429,0.005240288452194234,0.0018501005274146499,0.0047505726167444634,0.0017820358661783933,0.002383753294148484,0.001019205107940602,0.002634509332695043,0.0017020628928883003,0.0027425722422024486,0.0022734467443297096,0.0015490290757372322,0.0018618580365875048,0.002248010211177111,0.0032791952981062605,0.003212793672301346,0.0033710868333025846,0.0026885575916714612,0.0023998924019240746,0.002942475264097379,0.003445566857678965,0.002651315720947244,0.0017066699260730844,0.0023774804372672133,0.0020325656029227773,0.0023116857725518,0.0016721642188226025,0.001912077747923773,0.0019818472629502303,0.003044165005713236,0.0024725728658635225,0.0032231068631620287,0.002944978966226362,0.0040252179718317654,0.003377292617955671,0.0023253024763765073,0.00298995645624425,0.002238168410665527,0.0021170977149418766,0.0018125680564623024,0.003134102899669199,0.003565782732360004,0.003289641169742107,0.001609204741247934,0.0027809509025756387,0.0022585826632433794,0.003695706356265311,0.004640301100586429,0.0033530559389140777,0.002008422182328795,0.002610304688158463,0.0029541472292266505,0.004258967088095613,0.002389668132619502,0.0020978670090394417,0.0020313707885265746,0.002082153228048189,0.0027012048520942207,0.003850557455555009,0.001873495293650445,0.004265479173104291,0.003272125668932996,0.002871021847068663,0.0018793545724741128,0.0030514243412675997,0.003803671656973274,0.0021767794284805134,0.0023705825014119592,0.0025551970275944883,0.0015979387851639197,0.0032249568312268696,0.0013906572966148542,0.0035748231845485015
3538,0.0028811211909504143,0.0029467105617687933,0.0015301281319655335,0.003771557524801546,0.002795852532965666,0.0037275499310372292,0.005886229890480362,0.002306733923329454,0.002665954541427938,0.0038553012962995042,0.0021379955082685338,0.0024927669753744292,0.0020295785070190953,0.0027568214075542868,0.0027276700388709865,0.0024307204349651858,0.001842522853227245,0.0020928181271286255,0.0020004323732001725,0.0033060580123180708,0.0029156357876793633,0.0024834169656337657,0.004786743682115255,0.001972134108082523,0.0010871763827096008,0.002628230186316598,0.004046239744448333,0.0018951462483827353,0.0017728793897082112,0.0024260367397002467,0.004777564675831514,0.0017819928722119507,0.004694600278303049,0.0015500366970445472,0.002323969074204984,0.0008876056756861861,0.002534493948696417,0.0016577987634672417,0.002627417286124993,0.0020777702060300646,0.001529502811514497,0.0019385546463932897,0.0020127139472800996,0.003154209190514549,0.0029942760852106013,0.003366024805079534,0.0025675906817346585,0.002269342253424076,0.0030841784278033257,0.003153319789802288,0.002439100210418448,0.0015911144741600164,0.002268639533505682,0.0019519041019257794,0.002101221477965927,0.001510687159826403,0.0017188544743311999,0.0019054679990525383,0.002857207367384092,0.0025500721021598513,0.0031200029378949576,0.0028248178796994416,0.003635064159424268,0.0031484265206194774,0.002380263106692365,0.0029241151313342826,0.0022659698034893567,0.002043502128351013,0.0016212179586672258,0.0029341381961726217,0.0035154991524785247,0.003270355710805005,0.0014913353363586418,0.0027225181576488898,0.0020475418413135878,0.0035596532462600244,0.004330024541329919,0.0036187646711234277,0.0019903815795285274,0.0024349180147383285,0.0027505021184478667,0.0042984309452945586,0.002367801225566564,0.0019457383085628114,0.0019263659641574886,0.0019833691567324404,0.0026520868724851125,0.0037083591063339317,0.0017587463310963405,0.003799447022378424,0.003183759539318002,0.0025492083114473187,0.001800167625155758,0.0029537858480800407,0.0034907186717888323,0.0020561156502629874,0.0022143382759663975,0.002370741845689281,0.0015002603825294092,0.0030680607316980637,0.0013036399537009757,0.003430444432274979
3539,0.0028022699978435548,0.0027520648352564593,0.0015710452073309587,0.003496711616817499,0.002740570874100353,0.003679696072617381,0.0051276615373812276,0.002347562355465561,0.002596933413553611,0.003754926752025227,0.0020609207462274426,0.002425513207734509,0.0019929461909778674,0.0024904222996880473,0.002481154790761483,0.002420639438686001,0.0017689872190470098,0.0019407425034603477,0.00183128328826852,0.0031885895200664087,0.0027345186143885166,0.0025759934921870706,0.0046866347210949835,0.0017655481422211537,0.0010511621880552376,0.002440676190582595,0.0037121297805617287,0.0018288320004157016,0.0017979232160418891,0.0024574993750044053,0.004587044798705117,0.0017852811677862037,0.004511810904233347,0.0014909966647095121,0.002173783706951335,0.0009061252969514898,0.002552992804017622,0.0015426617462677228,0.0024853965094965348,0.0020856332640323207,0.0015461471914694168,0.001874410837218888,0.001929460952241409,0.0029275588176201992,0.002852151427629426,0.0036601713027101614,0.0024375547681750953,0.002295698095210156,0.002886730246439808,0.003174668716803688,0.002332049447923079,0.0015063078406687865,0.002186090066281944,0.0018979933626588898,0.0020604546164333763,0.0014751104461137473,0.0017549221126888803,0.0018151375967294218,0.0025956728678462057,0.0025482708662526777,0.0031678067695240677,0.0028155141249256673,0.0034537734747730063,0.003238875148844532,0.0023669958988277767,0.003045657542396815,0.00223509032285918,0.002046462095037257,0.0015954774380319843,0.002870965834889035,0.0033756941026369947,0.0033828007190527033,0.0015002221106802526,0.0025958314122216317,0.001921481692916563,0.0035089455800855814,0.004384064623028247,0.00356715489199014,0.0019322362860463352,0.0024418317597411595,0.002525295678852398,0.004042557614984718,0.0023580040137882842,0.0018607351430048348,0.0019550885012210644,0.0019255014114829539,0.0025649498545169927,0.0033617863064739706,0.0016989122285553464,0.0038664394219507484,0.0029272415210727905,0.002435049551762368,0.001853178073639283,0.0029202033393149083,0.0033294672280443447,0.002028617799125473,0.002190807430029712,0.0022652838952562466,0.001445239811118559,0.002998292145428589,0.0013735755458422784,0.003154628374737595
3540,0.0024894764174704675,0.0026326720157958754,0.0014439358031866642,0.0034389460637148186,0.0026771457782002483,0.0036342036947677246,0.004730233682948121,0.002416905431357006,0.002380583019923796,0.0036841966451495486,0.001987777031173077,0.002441489185250885,0.0018913355754370219,0.002200203155240288,0.0026070250518356094,0.002325271080022259,0.001694676979394824,0.001950118040906914,0.0020061852287650552,0.0029734222270033435,0.0026174369316385895,0.0023382072107750265,0.004439827271561694,0.001823379385021544,0.0009874312521362893,0.002342639920572721,0.0036981348591083353,0.001677248659250632,0.0017753792201737218,0.002333673249023926,0.004705238108167622,0.0017571259257142147,0.004134585912064858,0.0014813951997168244,0.0021123198926726937,0.0008387388573195604,0.0024729248162835074,0.00144565300310924,0.002387491041766761,0.001961839504694246,0.0014671362900791486,0.0018104425318032679,0.0018947796200614213,0.0028660443867097886,0.002833172874876142,0.003711896431457795,0.002387856989997808,0.0024658948366810315,0.0028595005262067445,0.003061686394713286,0.0022840040409069858,0.001549681507069789,0.0021785180133793735,0.001776834785241169,0.00214274133277991,0.0014855901393240748,0.0017690158416186926,0.0018323241328625842,0.0024887701719525377,0.0023383788971573366,0.00304144311132351,0.0027433228279351448,0.003367990392454692,0.003083969189942758,0.002266199686501897,0.0026777046400538558,0.0021385069495963617,0.0019176739765674974,0.0016769086858382269,0.0028869426661564668,0.003235580018159859,0.003173190938290568,0.0014653318350429476,0.0025724230325804365,0.0018975628424774075,0.0032369392780723207,0.004287792662351922,0.003254739314655452,0.0018984557592968878,0.0022888607200546797,0.002477469975183094,0.0038889296051646347,0.002190867848291284,0.0017828278312983302,0.0017823349781397719,0.0018429566594763806,0.0024844733927317435,0.0033941513080955623,0.0015865595597920649,0.0036800595139590926,0.0027588119583231213,0.0026170992552150465,0.001758141852666981,0.002947603128728754,0.0031790484233089147,0.0020317408904610896,0.0021487474169863915,0.0021797689398188108,0.001363553734535283,0.003091579341523199,0.0013009193949150876,0.003019807414534854
3541,0.0026399118346949113,0.0026748089670318325,0.001487434231043182,0.0035357838863730204,0.0025925308026662356,0.0036205583949244532,0.004741096499439614,0.0023453273378464617,0.002439616942188302,0.0038957387692304295,0.00199895158988731,0.002576290597175559,0.0018900566245486188,0.002343154414701685,0.0026462472711503452,0.002209036951829938,0.0017259807944543847,0.002049124404931861,0.0019664519561194776,0.003036250849237628,0.002669953333772827,0.002336959994973887,0.004290149516050862,0.001972218196315231,0.0009867449214961057,0.002544292262943517,0.004083275300722782,0.0016426059782857555,0.0018676693331746176,0.002343437945046962,0.004421304108053613,0.0017038163727100585,0.004416963460715749,0.001483380989061593,0.0021078136169028435,0.0008159151261707219,0.002426301390963656,0.0013956715728468262,0.002428466048939897,0.0020234803762736258,0.0014370678568046075,0.0018153237671161445,0.0018712241959615683,0.0029619552417843305,0.0027697630462891966,0.003936540021693916,0.0024859821157665446,0.0023801124800363377,0.002874554489062556,0.003091150534542158,0.002287027036411054,0.0016335676489579725,0.002092343555079173,0.00176179274903491,0.0021042161099978055,0.0014489115215035417,0.0019052341962333976,0.0019012497171111834,0.0026980576187837866,0.0022510803797728012,0.0029643025966097974,0.0028420491962992387,0.0034041922370892292,0.0030363624222309836,0.0023877915192886397,0.002758047632607056,0.0021808589428595486,0.0019671648563832386,0.0017880685483799752,0.002736128688807453,0.0035087917379437723,0.0032766718332238685,0.0014517151335076929,0.002606735965581437,0.001872903573096897,0.0031584623299097656,0.004214180217551633,0.003505203598932273,0.0019713373119059985,0.0021925947296147475,0.002546541396826713,0.003917554836630935,0.0021020623411593074,0.0017998396154886665,0.001798418280775965,0.0019009435574095074,0.002625001234400344,0.003300304689000848,0.0015302657721753894,0.0037022077881287935,0.0027809478303104864,0.0025917824671465293,0.0016862842662818474,0.0028598852102915072,0.0032641289781013623,0.0020993440427330055,0.0022654545083752226,0.002096966665741337,0.0013503087172418422,0.00300418417149774,0.001286664678588687,0.0030415117277449266
3542,0.0027959714374657914,0.0026920110465080897,0.00148691873535388,0.0037887714163256678,0.0026412094380197765,0.0036625608741704925,0.004653756375140991,0.0022141027749663037,0.0025625489348973214,0.004068736132818965,0.0021044478585765226,0.0025524772706461644,0.0019091217774029738,0.0025580921078797903,0.0027000542796111553,0.002289516730599694,0.0017899152647216545,0.0019720992150747342,0.0018412312932934868,0.0032529032748630326,0.0026732099954837607,0.0023786864882931916,0.0043894507821689716,0.0019101418901450765,0.0010151553713525446,0.0025080255633396055,0.004164740435624199,0.001687746052988975,0.0017259894971333688,0.002387807805583496,0.004387553439974593,0.0016940467700290146,0.004605165344550523,0.00147228907582928,0.002170416001141237,0.0008044934116505615,0.002388735266219684,0.0014418279734319708,0.0024026832709741625,0.0019791888921066314,0.0014371893687964315,0.0018088552834833785,0.0018663643229429672,0.003053121457937146,0.0027699851226697823,0.0038066106513877282,0.0025221369714807733,0.002424974819623508,0.002877974607646575,0.0032468905007070146,0.0023053955037295997,0.001678629887575965,0.0021263913876841192,0.0017250638992951136,0.0022003076966082215,0.0014526980659819613,0.0018473869647956179,0.0019235110293960142,0.0026907513875312834,0.0023200293715815003,0.0030562060987058296,0.002789423079061076,0.003395298833373901,0.003312757258767701,0.0023969144190491157,0.002787946485348827,0.0022233947231971272,0.0019509987982110433,0.0017688607073357192,0.0027431011248912254,0.0035091814343218316,0.003417006685268584,0.0015135606731907063,0.0026306885569949948,0.0018703012107302887,0.003273735492174601,0.004274273558391943,0.00354610669252944,0.0020741559057495017,0.002272935104080036,0.002586596166204923,0.004027689588355919,0.0021354815693889104,0.0017365910640093898,0.0018343540331516711,0.001945077675639297,0.002556953208031223,0.00320520218317033,0.0016422219641348808,0.003925859664844873,0.00284192429841388,0.0026082633434871,0.0016937882750801088,0.0029705718797471297,0.003248302340481856,0.002102702125513323,0.002303968772225543,0.0021007989225118842,0.0013535500855446328,0.002995666187745954,0.001278332690360395,0.0031820556324740922
3543,0.003047133934959525,0.002726332088135782,0.0016722198162901847,0.004242609059198394,0.0028063398412381674,0.003820573555714903,0.00447923711426212,0.002383863528700215,0.002630953605050425,0.004474369048692757,0.002315383335965778,0.0029302527776714736,0.0020820883586567056,0.0026197361449689085,0.002878034278266608,0.0024264235897679897,0.0019807307502908273,0.002123391192635041,0.0019690891017176033,0.003471471209800353,0.0029651062127709275,0.0025362539878415395,0.004299557312751775,0.0019178429574075936,0.0011893241157664989,0.002684066398345027,0.0041594233009041685,0.0018557199439443166,0.0018298587554650986,0.002465876033735614,0.00475876278843706,0.0017505811050915947,0.004818523123231451,0.001723718572651302,0.0023026333829596186,0.0009625412747698954,0.0026015909952874254,0.00157464208919231,0.0025070121147016196,0.0021777252102272845,0.0014872428224258875,0.0019646090145596807,0.0020351692396234355,0.003326896667267024,0.0030517011358284565,0.004082715093503049,0.0026477791836322503,0.002672089117751785,0.0028726612188181943,0.00358366516651539,0.0024707340146010556,0.0017495771965004847,0.002411666169628111,0.001899619431505622,0.002308126136088093,0.0016020620791349282,0.002031039651734096,0.002021427014073832,0.002839441363656002,0.0022217680768573935,0.0031666626544179133,0.002940062321057601,0.003769832749038179,0.003440926978207782,0.002227700717073443,0.0028548656824692303,0.002286039180815864,0.0020793719094714253,0.0019306322049122528,0.003134052025784672,0.003688795986814972,0.003360655014860641,0.0016148213922021995,0.0027676294780195317,0.0021249712228341186,0.0035096005780604397,0.00460750191972123,0.0035841867451995176,0.0021392640719643894,0.0023950118105701542,0.0029223786829015823,0.004094939340562943,0.0022304396835163484,0.001944946186303157,0.001975044359891986,0.0020964824136810315,0.0026172951846485373,0.0037316269635738046,0.001935617563457504,0.004261664159531808,0.0031913469629930883,0.002842443271221495,0.001797781576195655,0.00320108439531198,0.0035578329060218603,0.0022883718289931788,0.0023964914070611597,0.00236325128252921,0.0015195761284458678,0.00318589935605477,0.0013628251869690822,0.0033902187842244406
3544,0.0030684934554353143,0.0028610758007328804,0.0016312217892991818,0.0044232826479063455,0.002936341358695787,0.0035657735753038397,0.004733975535043713,0.0024637142587747027,0.002562358471402476,0.0038772747112391683,0.002079571281026909,0.002725751338550803,0.0020028001895370144,0.0025790800983644547,0.002702914991429389,0.0024483753038017026,0.0019556261780960555,0.002051647207842954,0.0019669192918268415,0.0033875859749179687,0.002945979648869767,0.002287671441618008,0.004257054838708941,0.001973074346687992,0.0010841174954063515,0.002725748808921588,0.004537449899001239,0.0017493223007488193,0.0017717405696588136,0.0023470232023869966,0.004429014223589463,0.001728540414158556,0.004847489755222931,0.0016725124905030105,0.0022405401606727486,0.000852944956125155,0.002521314465969514,0.0015767705506934085,0.002542010407266637,0.002137449239014529,0.0015197386928525963,0.0018060752692638895,0.0019081873073734479,0.0032253368158141047,0.0029212255175636256,0.0038940521803627354,0.00264009860831994,0.0024695638320856848,0.0028897264424055592,0.003183203880237269,0.002424091397310949,0.0018250884934651488,0.0025139151190463806,0.001852831110231199,0.002308195574951528,0.0015394228890481696,0.0020601333081292747,0.0019632682144864752,0.002855079021452332,0.002175209995960505,0.0030416735398049516,0.0029481764686705284,0.003431462658482223,0.003184756206519053,0.002247016461877357,0.002811449699369791,0.0022139390722356023,0.002151195747266411,0.0018939869103773406,0.0029894272102501795,0.003968460919456905,0.0031886235965203178,0.0016096053227033496,0.002647500307860565,0.002102788663197614,0.0032587705885463044,0.004526790789025093,0.003454871265722734,0.0021997228968843358,0.0022272681184689986,0.0029493126858630547,0.0035660466282566457,0.0021121595204223968,0.0019461331506502684,0.0019240878090377336,0.0020052706119525507,0.0025361918678139667,0.003722144692365458,0.0018156914660990536,0.004132142793336878,0.003167980146449527,0.0027724352887760306,0.0017773383482804165,0.003166574413446907,0.003533864366833463,0.00227099046628915,0.0023755299499107936,0.0023638043126760324,0.0014669742602994426,0.0031393186706752747,0.0013620102440716779,0.003276621543799653
3545,0.0034057439178153026,0.0032093646607809605,0.0017979526736122493,0.004730970629152527,0.00314150741387763,0.003760390772727059,0.005399283794614207,0.002512428618664521,0.0027432084109881797,0.004097697063562385,0.0023827547041261952,0.0029187206009067316,0.0021716520322674557,0.0026980367333575045,0.0029703720026022762,0.0025946138862880204,0.002132018392498997,0.0021676142684127204,0.002025379150631953,0.0035257196358614478,0.003145962689088066,0.0025333008918946025,0.005184542197259694,0.002070934742741511,0.0011724294709838366,0.0030885010607903424,0.004830816383923433,0.0019184428012196276,0.001968587244303333,0.002420514585370679,0.005008162670138755,0.002013177780221062,0.005302599625778043,0.0017624414983062494,0.0023164552671951872,0.0009476083151367207,0.002653204622609845,0.0016714309726654666,0.0026989230509184507,0.002274472617068918,0.0016317307956519546,0.0019977691518353858,0.002051787604735376,0.0034435874922538203,0.0030439314748663677,0.004183179175036117,0.002726029548178246,0.0027198408475405775,0.0029536496543601993,0.00370740676566852,0.0024883153431793986,0.0019629724614450405,0.002755973550156279,0.0019758018231848247,0.002457626287004887,0.0016508787319322686,0.0021612995141509083,0.0021009129110882946,0.0030781054769413226,0.0023197639501495097,0.00316674493060039,0.0031055630227511104,0.003677649424269972,0.0033585405427252694,0.0024540578683432596,0.0032744642054822986,0.0022765485432064123,0.002358508087709819,0.001979988944295425,0.003432165016365279,0.004270743964013665,0.003509704888757989,0.0017292141886043,0.0028180621729145443,0.0022536141277854937,0.0035284509052797832,0.0048501798256083035,0.0035710231292644884,0.002406058630929726,0.002552621234770091,0.003237153533395326,0.003954890405301551,0.002299682026864214,0.001999279794194958,0.002087621823053274,0.002186913152411067,0.002716182219532833,0.0035571759917801702,0.0018715044569462974,0.00467479748874423,0.0033001994346930617,0.003001149994511659,0.0018454986247382116,0.003289528637778193,0.0037788098166858524,0.0024177207164132455,0.0025352009916805858,0.0024433472485524974,0.0016188136490402386,0.0031625774924323976,0.0014296490996019845,0.003660979212768405
3546,0.0031953460233758043,0.003057376427105997,0.0018178440205910125,0.0044287492316804735,0.0031805945456090607,0.0036006771516089893,0.005261458682482502,0.0026630852629585854,0.0024913322835538997,0.00415993766317972,0.0022920291703645715,0.002950557138208508,0.0021374377102805825,0.002648061453654582,0.003065850973328545,0.0026857716114965275,0.002173510547600027,0.0021618840202964956,0.002026380119615795,0.0034831623190220455,0.0031294624058800743,0.002312129354757563,0.005352053952783589,0.0018182027578616136,0.0011367826493797661,0.0025918681269504274,0.004544648598901056,0.001887224704627923,0.0019493246854939464,0.0024016270700684523,0.004676563404531608,0.002002829123972508,0.005096930016897218,0.0016990950942216624,0.0023343221838220624,0.0009346935463478086,0.0025751916979947736,0.0016908835608809563,0.002761761652563823,0.0021770991261967614,0.0016503072154717918,0.001981489914315377,0.0020726181866403816,0.003508472173803567,0.0030772909673186313,0.004165590782876182,0.0026385381661401266,0.002586703309389193,0.0029603334704720744,0.0036556736648543746,0.0024399097790431764,0.0018953139785093517,0.0026964783755356017,0.0019180670789510036,0.0024212979686003945,0.0017169668124820104,0.0021211071567243042,0.0019898246591591763,0.003114765475772444,0.00230560414902386,0.0030768737629945854,0.0030005999336764648,0.0035905411501768653,0.0035762149681916435,0.002364529199186567,0.003178905500011775,0.0022535149579155046,0.0022851377646519937,0.001949267759693012,0.0034735873964405663,0.0039733962513828144,0.003363088609026766,0.0017577546193234268,0.0027292738635090667,0.0022293112173082594,0.003590161121168528,0.00506574635583833,0.003431387477161229,0.0024584535971373506,0.002594183887154291,0.0032653190296725834,0.003977511836806533,0.002316495388277851,0.002003407930292795,0.001959052181682221,0.002086033888837608,0.002616379454844025,0.0033587292423379236,0.0018835802257784718,0.00406434398067561,0.0033178285400009794,0.003124570182362272,0.0018390721682244758,0.0032400217502779336,0.0037756660298157514,0.002373643148296302,0.0024286735985633587,0.0023312760571678613,0.0015790679315903962,0.0031699939683247956,0.0014252690283257095,0.003857601277528213
3547,0.0030290411564038748,0.003102702430118835,0.0017673062835211707,0.004014165546776961,0.0031716539148227297,0.0035814141440007525,0.005302170257583604,0.002682577848333648,0.0025345532121580886,0.00394269447108338,0.002051704318522641,0.002620393298213576,0.0020329799973786834,0.0024926188409955456,0.002937178885643942,0.0027472857543501187,0.0021891823438589366,0.002219597192242811,0.0020683586357419957,0.0035148770859945626,0.0029600929159981576,0.002200519193808195,0.005591198341839904,0.0018613618368259878,0.0010699987326674304,0.0024724939551289014,0.004315534041021291,0.0017551075827652329,0.002017593045569528,0.0023959785535173847,0.004601567688774398,0.0020393468578408015,0.005142749236822304,0.0016302486060036894,0.002270708778616981,0.0008637168570461292,0.0025075679765390836,0.0015754511603459382,0.002861554159021325,0.0022513540969357,0.0016258156011471905,0.001982962486802941,0.0020518719147434293,0.0036244850325836482,0.002892087404930326,0.004316978302560414,0.002550021116169091,0.0027411202219373362,0.0030136858923862832,0.003303815833347136,0.0023146306876936523,0.0017714456072002109,0.00264369421020397,0.0018640301614634707,0.0024225307471676134,0.0016700112564577943,0.0021811143026303583,0.0019459928554112851,0.003044615435764138,0.0021668478482771997,0.0029840925418406603,0.002982024242587524,0.003461687077130624,0.0035638475413967544,0.002191358732150071,0.003053147834100566,0.002156494368007497,0.00232346275484694,0.0019795947356499918,0.003276728397259898,0.003826391032885964,0.0031617383542970117,0.0016487178728272298,0.002763473042297378,0.002141715421005878,0.0036982307824465306,0.004805401572448981,0.003478541825967169,0.002413857688220456,0.002563860611272332,0.003281618162963157,0.0035157173976500806,0.002127441310798954,0.0019516425145601312,0.0019244511334354489,0.0019427355938972865,0.0026750057966166735,0.0030337782639814127,0.0016683224644137695,0.003708479348874065,0.0031252646981348173,0.0031434747022909995,0.0018346702581670475,0.0032926459203876145,0.0037879223883513203,0.0022760740372157686,0.0024460119605341094,0.002252065444938066,0.0015422811215563919,0.0031335028049715896,0.0013801607005382735,0.003441276033841019
3548,0.0029669611718885188,0.0032232272643766043,0.0018791481066171736,0.004031690166363296,0.003306619841139761,0.003618301733730429,0.005357493345334109,0.0026654153131371087,0.002541245600152789,0.0038282623830438495,0.00207537088542604,0.0027690019320649505,0.001973776590404927,0.0025763375492001716,0.0030273598459803442,0.0027503732992412416,0.002295393622094403,0.002279727408009175,0.0021853584056274818,0.0036409199749894297,0.002815574764700712,0.002251514994662431,0.006613311310968695,0.0019028789686894487,0.0010621463896804163,0.0024500555920048805,0.004110445742278886,0.0017362056711499323,0.0019518181143600814,0.0024485284869738173,0.004735382066488467,0.0020506567489872907,0.005262609463971643,0.0016323589628571607,0.0022905256812053654,0.0008332742388279853,0.0025423359352898705,0.0015706232374781699,0.0030431968608536576,0.0022325735990403844,0.0016951900584357793,0.0019194332461426574,0.002113276533033565,0.0038489008899423903,0.003015805504887768,0.004537838045931436,0.002659397190154263,0.00280980453013968,0.003147000236949213,0.003368572959158053,0.0023344238317505018,0.0018471113725067136,0.002508289863524445,0.0017924666581835282,0.0025344037999425312,0.0017877062505673156,0.002136040290704749,0.0019600265774557357,0.0029750341742508153,0.0022655568537189147,0.0030310805575958035,0.0030396008160128345,0.0034633404852042306,0.00348166234260116,0.002231314621863255,0.0030752514924690943,0.0021400722189607634,0.0023174558390428755,0.0019722851474315217,0.0032856713089004174,0.003685244987603522,0.00319902439081635,0.0016469648757844607,0.002852963248707992,0.002094856297726041,0.00379827630237589,0.004735980191114689,0.0035943598145984136,0.0024303835346388466,0.002658411183377558,0.0031935534254005065,0.003201086264822735,0.0020718198427164838,0.0018548309063385663,0.0019135581994552035,0.001891119381022305,0.0026956557274193382,0.002645240431311706,0.001586794220192195,0.0036635689766162044,0.0030333542515708096,0.003346651853279434,0.0018423450204191644,0.0032921190260891135,0.004005911565275155,0.0022860686997032316,0.002558685101214807,0.0023115822968106823,0.001539741170618507,0.003240698194355653,0.0013941419175556346,0.003295203834295008
3549,0.0042400579111661054,0.004141506930433573,0.0023153115391388616,0.004873758653491221,0.003924764559783793,0.004430873052676353,0.006456242052899071,0.003023903654306076,0.003070937997356305,0.0053421629390882595,0.0029361026301795616,0.00391708064445701,0.002445708232748944,0.003496865118872349,0.00421577100650204,0.0033185957372245728,0.00284866587695119,0.002956780834341348,0.0026558301134561647,0.004435856156667818,0.0035153702180496997,0.003121913075289791,0.008235408748996937,0.0024741762034734232,0.0014300457805778294,0.0030317298022045133,0.004636938572447935,0.00225134612295648,0.0023516972772446637,0.0031260380683114054,0.005768237946526237,0.002576168634550441,0.005839462823743524,0.002044129360540381,0.0026576212221631756,0.001120435104866463,0.0033380573235449553,0.0019019762575778316,0.0035619710008163133,0.0026899715177999546,0.002012210269009593,0.0025382176197403443,0.002540650260013037,0.004620464997731553,0.003975997255541573,0.005219181987725322,0.0032660595899398855,0.0037069367875142986,0.003704253814345179,0.00463405496502261,0.0029127710249622777,0.0021635641598584786,0.0030074196673769617,0.002299325766227979,0.0031974365750077937,0.002237391953388645,0.0026583607160703183,0.0024591588948778558,0.0036105853431175673,0.00286050596523719,0.003625424873478764,0.00334558080364488,0.004479839411070637,0.00428586447019139,0.002648844368491792,0.0038568671101795126,0.002570238368754927,0.002651033668266976,0.002658371685276743,0.0044708635840247654,0.004277106764631071,0.003936074168651901,0.0019861756776025385,0.003411295777517106,0.0027450382880817217,0.004535926162798724,0.005918064604343814,0.004544092051187477,0.0029862947245622813,0.0033904680481252275,0.003977089883849757,0.004021832256704543,0.0026248096272386344,0.0024570208523272304,0.0024119731177007515,0.0023594186435439853,0.003541007064726881,0.0029893220479532303,0.0019851404026842274,0.004150283171653833,0.0035667519717026983,0.004061354813999687,0.0021271666627760443,0.003874213661889305,0.005255118670637112,0.0029629453870624965,0.003235234791515618,0.002820498006937055,0.002043219688202139,0.003824774719940567,0.0016586089173011563,0.00424281631213899
3550,0.004269263884417842,0.003943743701991515,0.0022215451160270093,0.004948447236095147,0.004113382956155997,0.004509708612431668,0.006470726804819825,0.002947368923389598,0.003120543999772071,0.0052182445707098495,0.002773993182543869,0.0037415019838703567,0.00240084372094561,0.003592532507368876,0.004007330465602865,0.003408383566784834,0.002872822896470007,0.002855473800226459,0.002426733910239192,0.004549227606430018,0.003622742769428749,0.003073478666449287,0.007496550938150092,0.0025420175124468403,0.0014245755425217762,0.0030343726027461148,0.0044855364837367686,0.0022779106087665924,0.002261357970962822,0.00306437528337645,0.0057951468219053365,0.0024066549807642405,0.005650544405117515,0.0020248715075408554,0.002715630518260006,0.0010999951020699197,0.003321594868208727,0.0018860764472746893,0.003464221041684307,0.002537369243090174,0.0019460621249013032,0.002391473044278176,0.0024006501209902736,0.004504732559192242,0.0040199530279305985,0.004803484393687068,0.00316915223716517,0.0032688847702105044,0.003562558846851226,0.004553223713824446,0.0029971920925895195,0.00205320354290211,0.0028502029238350345,0.0022546010701102355,0.0029846903329002555,0.0022223380454621535,0.0025448165265737044,0.0023695141626566885,0.003514050502839519,0.0028632640635984,0.003740401338026567,0.0032314993655699472,0.004315986023278922,0.004207762415757688,0.002721958629910164,0.0035695618355215354,0.0025827131316067853,0.0024834783261544354,0.002517834798183077,0.0041263362601059615,0.004210222797705619,0.0037472971641524695,0.0020013853988166052,0.0033407329821004343,0.0027597265974773303,0.004358687927937425,0.005822993060933994,0.004294167937328696,0.00294853654110777,0.0032110606259708723,0.004206415946681638,0.004219677267651765,0.0026503988558739893,0.002538071271269162,0.002342959031065741,0.002358225495942566,0.003450658778249204,0.0030103685501955578,0.0020774576570787738,0.004020843657066377,0.003451041720026731,0.003741352813799845,0.0023095448532621347,0.003983025129316293,0.004827580992224382,0.0029911867368538955,0.00310698250755213,0.0027884583608098912,0.0019929312229194068,0.0037981282092820357,0.001634716634999808,0.004451318336917378
3551,0.0038002107354327113,0.0033809210704376204,0.0019611375121563455,0.004358166548355811,0.0035195874158145328,0.004473332190230164,0.005621544939590654,0.0025094719731492614,0.0029788881558231338,0.00429728986070356,0.0024297296451364627,0.003132710512176461,0.002218765860929819,0.0028375129876288306,0.0031278103801587968,0.0029422186212607697,0.0024896468358128906,0.0025174563483192428,0.0022341428441795996,0.003822062128101952,0.003236851438129783,0.002850239794807971,0.006301107757683547,0.002255617359713909,0.0012835593114643264,0.0027740102448568756,0.0038251168027459937,0.002135160360193067,0.0022072039757649567,0.002625718832320918,0.005637100842029266,0.0022817316223083476,0.005193992020357459,0.0019424930996951688,0.0024948797412288636,0.0010102018132912584,0.0027622772108741303,0.00162620014789717,0.002924815322347719,0.0023601933856980885,0.0018239189337235793,0.002104613962707975,0.002152637652940045,0.004062669620301967,0.0032784033659189688,0.004336804454166961,0.0028411876683169125,0.002873693169604886,0.0030327306208922803,0.00380291908437285,0.002683729999178108,0.001822441339924833,0.0024597917509941655,0.0020448216458192454,0.0027306950957939097,0.0019192586916167123,0.002232201957579566,0.0021095974394220634,0.0030144421915833286,0.0025631168878297445,0.0034372319299681,0.002997373996990232,0.003990950091408608,0.0035705975193660194,0.002494598641205742,0.003682360253380705,0.0023959621201830187,0.0024042354416640146,0.0020078551466337843,0.003317777661652348,0.0037121052094026036,0.0037120239685527875,0.0017286169043301649,0.002911175068423359,0.0023538886036236135,0.004019687133459939,0.005148370314486453,0.003917257660354029,0.002544416752882121,0.002782489737468241,0.0038066776261144078,0.003969413329101809,0.0023942135275887583,0.0022017339330038565,0.002218801835755197,0.002195288766569714,0.003113576541930724,0.0026859857537016507,0.0019508889171881906,0.0038043609295115807,0.003154389993007513,0.0033833439815656075,0.0021804595214680207,0.003484540435189268,0.004369195964375366,0.002608058304118766,0.0026834171529275864,0.0025461966574420437,0.0017513499852172619,0.003305805276971075,0.0015835528343688325,0.0036656478837044566
3552,0.0036407600457884536,0.003055186662808759,0.0019430805474744154,0.004106494838367214,0.003152899270588451,0.004087712599208863,0.005311385456722234,0.002347336105332369,0.0026478055535655953,0.00414789599134056,0.002368015599561227,0.0030979756915032763,0.0020842004530504427,0.002566553758314012,0.002900414175300207,0.0025899132806854346,0.002424587126932091,0.0023800491821643235,0.002140563959243776,0.003606281463713491,0.003043478136395556,0.002585495625382946,0.005558135622204104,0.002101951300529152,0.0011825743560542783,0.002591538110594588,0.003673125253912774,0.0020727230577723917,0.0021007984011876687,0.0024730688422203,0.005312997759096286,0.002002444351965701,0.004951694048831886,0.0018759909916239513,0.0023423918294559853,0.0009632672730860303,0.0024247765967724683,0.0015356457847742133,0.00279908156449029,0.0021450865793034906,0.0017660791374229136,0.0019340652478803957,0.00206074416905648,0.0035036193796867702,0.003132632824921814,0.004166086364508215,0.0028489842516485576,0.002708013595813271,0.0031525759632902136,0.003691887572480811,0.002498743402985638,0.0017431349426599903,0.0025025245161026076,0.0019640222777711335,0.002561925862516402,0.001784028106887217,0.002044943723323535,0.001869507061092137,0.0027566697529369196,0.002585702596243412,0.0031374343702692065,0.002778648666260948,0.0036615444042705013,0.0038446097282450395,0.0024412584030383054,0.003530783092172523,0.0022235410880652035,0.0023393162397290263,0.0018842456452443253,0.0032754299138340244,0.0033688187098499175,0.003427805606204903,0.0016456973012801252,0.002553911642012641,0.0020976338239793715,0.003718762221602803,0.004772703081156576,0.0035783397117404273,0.0025845784409907918,0.002635339600971996,0.0032682438109427497,0.003915829944520526,0.0023843894631982426,0.002093351977883466,0.0020720357495619636,0.002046045298676367,0.002793135090439048,0.002446761415973366,0.001953553703715896,0.003591197715608206,0.002911192185746157,0.0031601719615856542,0.002033473781591297,0.003204636409731272,0.0042572322940330875,0.0024398314957156894,0.002612891483013709,0.0023996084825599856,0.0016928133742805315,0.0031853258420928704,0.0016234362627129276,0.003727457667968767
3553,0.0033812972270277335,0.00309402128196125,0.0016700785127107883,0.004031889022147283,0.0027490513456935395,0.0038973410589226397,0.005403233041118611,0.0021567771492855725,0.002528215196033246,0.0036344729576792464,0.0022257103608183744,0.002814390864027739,0.002055741242682772,0.002397588966581715,0.002723631079036678,0.0025143374281168403,0.002175027691127501,0.0022088732237191613,0.0019334920409818269,0.0033319704160164497,0.002946653348761664,0.002363063445655836,0.0045543193032974594,0.001995650085237618,0.001083454197804485,0.0025407835293724222,0.003737209141804686,0.0019151893249047603,0.002028563393591708,0.0023047591743582127,0.005383551916813526,0.0019474232871238544,0.0047127466597096206,0.0017545380089023005,0.0023513052065075456,0.0008786411905202072,0.002416954153575266,0.0014691203616322458,0.002579653161113234,0.0020865960368347688,0.0016566175533209821,0.001960530786958068,0.0018766304668491626,0.0031166030747054947,0.0029672035881546047,0.0036776038057589047,0.002654993311459887,0.002440547195881021,0.00307784234220705,0.0035853880417896777,0.002435708284545739,0.001657897143077818,0.0023117804037117466,0.0018923042906415647,0.0022755402478299084,0.0015892703930920312,0.0019600535509856363,0.0018163650549754616,0.002605984306029412,0.002485064114347876,0.0030569463059969093,0.0028210142822568136,0.003397123638379784,0.0035641419188891968,0.002481792015877299,0.0033308462096558037,0.0021826443067442867,0.002199344971183288,0.0018763499038449134,0.003054415076262337,0.003327222658498705,0.0035867763851608627,0.001518663850802774,0.002294048159983399,0.0020296356186760255,0.0033666924795541977,0.004430414963569354,0.0034808008933481013,0.0024729241380023587,0.0024391107399971035,0.0031514104979132158,0.004058740663120471,0.0023349408592276575,0.00203109897415897,0.0019558441328164835,0.0019736532771347706,0.0027945253799826516,0.0027829953814237436,0.0018204729159996898,0.0034852592487823204,0.0027479089850534297,0.0029018101389824847,0.001999951685994626,0.0030966824242971386,0.0038477878796684306,0.002272140815466813,0.0025197078069578494,0.002172767120544385,0.001503961386144044,0.0030185727104509565,0.0015514423045522696,0.003740828634962864
3554,0.0023782952451672015,0.002612606987401301,0.0013856736902762676,0.003429035446722993,0.0021907923394912793,0.003401224307885571,0.00453709537415343,0.002141573605933998,0.0022057828327661697,0.0031911806908628618,0.0017652181528425505,0.0023064572065628654,0.0017651085040249418,0.002041033055733961,0.0022732996056249277,0.0021922871968887594,0.0016385782078643257,0.0018451586119834537,0.0018109861492140561,0.002852011367359925,0.002546792261945185,0.0018570603327377516,0.0037307686144154887,0.0016814153615180825,0.000917634002372624,0.002228899021554895,0.0032178158448892746,0.0016954423017661521,0.0017509687702739229,0.001971699801929887,0.004741975008956474,0.0014115719541983103,0.004280766163255493,0.001430544270837496,0.00212765785642713,0.0007579692070524029,0.0020407745354981124,0.0012626347432196598,0.002159337273240545,0.0018156687977805808,0.0014140052853783296,0.0016234982461741378,0.0016289346982364375,0.0026627140468096066,0.002595335939625257,0.003244861347833644,0.0022312829600525954,0.0023909716994256897,0.002659594982934585,0.0028948229971161284,0.002168425040721723,0.0014817990403711053,0.001993037008401856,0.0016021153156527503,0.0018142612025865185,0.0013681182443868226,0.001749393681973813,0.0015697560585458752,0.002228789977524864,0.0019087611873215907,0.002569103353664432,0.0026303663463708485,0.002957140654843675,0.0028937370521128812,0.0021229965934308525,0.0028223471837154394,0.001952406459989553,0.001920782757414655,0.0016281772117765604,0.0025524695753753606,0.002977241226912454,0.0028846296062545167,0.0012768305314616744,0.0020076740038063165,0.0016991588485055055,0.0029028821143342516,0.003768693805651937,0.0028370009502035206,0.00192853355465402,0.0020701281351610686,0.0026185243232013425,0.0037111006580352085,0.002045257024445453,0.001617246277948603,0.0016033089486769206,0.0017822031890448859,0.0023449427083577384,0.002905664758627107,0.001521186571639791,0.0030976155192322836,0.002362760349662482,0.0025587539746254545,0.001751413061816759,0.002641296338429861,0.0031939552973776378,0.001880174958326603,0.002035181739879468,0.0019607897234532956,0.0012247737915356406,0.0028141996950443887,0.0013262970770922269,0.00310695828535565
3555,0.002239737847801961,0.0023569058958990844,0.0013359989893759472,0.003214073486463982,0.0020269600337554415,0.0033183021426636686,0.004198551993881665,0.0022226999679498954,0.002039851744920443,0.0032678277302086393,0.0017158005735707737,0.002270262579499846,0.0016839939335288173,0.001985673501918741,0.002400916527242963,0.002034523211244442,0.0014905227443230372,0.001834446529872802,0.0019857154502690667,0.0028267655094070436,0.0023346950150017003,0.0017177702232214162,0.0036308963622356254,0.0016226202532929755,0.0008373834705918305,0.0024083521346924736,0.003163409863315354,0.001621996347752489,0.0016475936428679853,0.0018659805038657537,0.0041772486806792115,0.0013446777384585739,0.004107190439659047,0.001430949094425836,0.0021133456723938654,0.0006932932282317539,0.0019492371807537483,0.001197982399824676,0.0020891215368262737,0.001805322533450918,0.0013917845475454895,0.001638597893578982,0.0016468130869167206,0.0025725400485708204,0.0024821993002648256,0.0033225495764052427,0.0021801075734029962,0.0022907279795890884,0.002669979235094257,0.002738763153976911,0.0021460478027144373,0.0014929707194158216,0.0020804122769367633,0.0015989938537085545,0.001847775389116176,0.0012928428468813094,0.0016475943100858629,0.0015063842260126825,0.002225842494791165,0.0018516632126470928,0.002367793407826244,0.0025639997976958607,0.0030554912087867397,0.0028613661206285937,0.0019418814461794952,0.0027172942731640603,0.001871854057603884,0.0017749074609205362,0.0015641628647974641,0.0024808487995851636,0.0029309421309256776,0.0026702637925970015,0.001141324157506672,0.001931932203550316,0.0016822024088248377,0.002953545393899244,0.0037106203930571497,0.0026441093529581666,0.0018214790756418502,0.002049920960861061,0.002358102375000667,0.003757893465979316,0.00197829283591392,0.0015518144048105864,0.0015957035554950657,0.0018532153643029334,0.002267165599795783,0.002936991527636569,0.0014119818629366866,0.002804694883406741,0.0023688918095418825,0.0025436254927088,0.0015442518574061133,0.002477312782523348,0.0030049740227399793,0.0017885455398886456,0.001956650307214346,0.0020049891701117693,0.0011673295042583104,0.0028753695840526257,0.0012698138431621398,0.0028809545384583424
3556,0.0025731197500514142,0.002691585050495507,0.001460232365031659,0.0036092840327671054,0.002189248749315733,0.003277670230889324,0.004712402707585934,0.002440079434299517,0.002401575048354924,0.003435067229267159,0.0020415075060762665,0.0027071769699437234,0.0018789391797820049,0.002380635737768849,0.0027863426963116097,0.0022660071522412326,0.0016458258224690877,0.0020450109228907784,0.0022092517791060446,0.0032265094181040937,0.0026402204537816928,0.002038111588098575,0.0038699033109566515,0.0018256972162723469,0.0010002444895327472,0.002803438199340767,0.0036484219372521047,0.0016863770780157113,0.001792862723225683,0.002127901870488215,0.004432521859887972,0.0014297466546720876,0.0044913864418110435,0.0015560076369946357,0.0022752298482466866,0.0008398484958596737,0.002267394646872141,0.0013199449862861324,0.0023129279154040193,0.001953669722976307,0.0014111165754785702,0.0019371750235949092,0.0018569774041609496,0.0029066190382908393,0.002857397243755738,0.0036004925394847193,0.002452173248201936,0.0025737510574096417,0.0030158244065432663,0.003112090611811535,0.0023861274595750053,0.00164480916996808,0.002268965178699685,0.0018242603792993607,0.002038502812857472,0.0014908836200877601,0.001909439803683009,0.0017021244514115925,0.002383097028995585,0.0021079752828063246,0.0025727026079162877,0.0028243486194150036,0.003210180224058077,0.003015391231824576,0.0020388821675829264,0.002660147964555989,0.0020288024869279564,0.001952223744818111,0.00181676139651317,0.0029656963497742285,0.003118632854495701,0.0028098315410619965,0.0012944052570038615,0.002226731749071467,0.0018795693562312884,0.0031055115470640365,0.00408035993630647,0.0029170132624930234,0.0019872921376657264,0.0023309455039201617,0.0025202904541540383,0.0038145838983207445,0.0021352204999595553,0.001781746792273284,0.001728163446580512,0.0020455778752032534,0.002472504562405701,0.0034429913763789977,0.001579703170193675,0.0031429331610556503,0.0024838257009538243,0.0027488055028751005,0.0016154103637630293,0.0026157150788175577,0.003225975235118708,0.002053861795959436,0.002252797997240308,0.0021618584523574054,0.0013739331917023865,0.0031553545997004434,0.001362834813221804,0.0032533337178334495
3557,0.002611021030746144,0.00292907766778498,0.0015007113851816143,0.003803974218061989,0.00245254505138995,0.0033064224698773634,0.004972097233437725,0.002294215117937353,0.002479759925180868,0.0035052887276390745,0.002092122135290609,0.00266664159355172,0.001981561551409101,0.002532109123075086,0.0027323729745062455,0.0025469512734897924,0.0016528770403485254,0.002106787427326961,0.0021741818462619744,0.0032137827186498468,0.002724499809992093,0.0021640377758904115,0.00409820547113931,0.001830195507516907,0.0010671468854516893,0.0029237970186253045,0.0036420848864037176,0.0017792812049215328,0.001871176818326309,0.0022916792085894604,0.004810750426374255,0.0015726321542513142,0.004391018915594961,0.0015197355893872121,0.002268817148455989,0.0009213237404396995,0.0024155211744049444,0.001337798341739673,0.002291898130471179,0.002047785904269451,0.0014249239032845492,0.002065466088641807,0.0018143940035335938,0.0031602375470408364,0.003097181525209367,0.0035726686847670068,0.002536491474361643,0.002696646799560509,0.00300576317759613,0.003273171473381592,0.0024871046504835767,0.0016664101131744309,0.00236751487543842,0.0018593242044418709,0.0020909684665762927,0.0015493168567722474,0.001978812912047378,0.0018616476062052881,0.002516724572878414,0.002149967183282694,0.0028196759003075336,0.002878772498252832,0.0033299565084775936,0.0026779401566468645,0.002166260581926451,0.0028023532594902193,0.0021853519426625182,0.001935730043073113,0.0018569150640190947,0.0029457832441174047,0.0033785909068984273,0.0028465948740562202,0.0014150791653750358,0.0025216871636320757,0.0019893072351750327,0.0030591200400316414,0.004210659164910963,0.0029308524370672715,0.0020185607581442383,0.002346290314875166,0.002771754187608236,0.0037085364689772022,0.0022395159354083915,0.001812785342218465,0.0017863053620088276,0.0021628041086133344,0.0025944331680144666,0.003869891480712059,0.0016414276102929115,0.0035442018741151547,0.0024655245173591496,0.002753404944528063,0.0017141987927891112,0.0027109638598316185,0.0033883043716119946,0.0021232233165774223,0.0023350909590335854,0.0022189652542955666,0.0014342484340344485,0.003191425178870505,0.001371949093586291,0.003441945222551418
3558,0.0026164959292347936,0.002480316254178187,0.0016129922173448265,0.003444684917208138,0.0026015427564940502,0.0033124747002923395,0.004395920984989849,0.0022106938427165473,0.0024648899520981586,0.003391062967575117,0.001953569098757938,0.002554677488142012,0.0018922549864176087,0.002406285788660077,0.002530792153114857,0.0024488513425054686,0.001605439919278282,0.0020026486632331087,0.002054829111271033,0.0031387632243610147,0.002523586861361475,0.002113023488454363,0.004041292787143928,0.0017563521570478126,0.0009836994240443933,0.0027899949036374523,0.0032357149436275344,0.0017736369645377733,0.001788813790372197,0.002184405311646515,0.004493497338592582,0.0015418034736195377,0.004067287538664235,0.0014151805517654513,0.002088444705076345,0.0008615582479800602,0.002192355520115866,0.0012857649565781554,0.0022042388170978046,0.0019291891834212272,0.001389201989796388,0.0018472963120247856,0.00181720645150277,0.0029598200376522795,0.0028687298433486387,0.0035692406310572798,0.0023841508475671495,0.0025682142286682502,0.0026728108133659096,0.0029793328932037383,0.002380005587677158,0.0016668105297103545,0.0023444070612871626,0.001829790139491555,0.0023363966666596027,0.0014212509784004828,0.0018586425798443923,0.0017249442047310775,0.0024635521849583047,0.002022271525192414,0.0027221935921447546,0.002745849860162209,0.003306411111835654,0.0027617047120691626,0.002117586796869806,0.002952858190509771,0.0020003262418331323,0.0019985841918477463,0.0015942670884868328,0.0027480662219160528,0.0030450802506036653,0.0026691261890043677,0.0014492240191415879,0.0025209271325531365,0.0019462523890643353,0.003195530878658899,0.0039777070956774,0.0027213066181983655,0.0018462356924116377,0.002316438691482429,0.00267380674044822,0.0035526926224069316,0.0020575526829926115,0.0016567877192831594,0.0017337616360085725,0.002026344009512824,0.0023890176086217977,0.003206170116721302,0.0016343219925740626,0.0033192816771966554,0.0024371279083860906,0.002693092326842175,0.0016988850515108904,0.0025198094651027853,0.0034904883283617357,0.002112044999924414,0.0021464787655336797,0.002090591493092297,0.001382058823528648,0.002963646838706158,0.0014486972805101517,0.003261031713161578
3559,0.002787910369156715,0.0026810640229086974,0.0016841946269983057,0.0038081314173185506,0.0027607543504368373,0.0034370272830750864,0.004872917407991718,0.002534964721223804,0.0026237698342653068,0.003750592140995032,0.002103123232607403,0.0027259124683360024,0.002006699653473113,0.0025410793465485545,0.002903086953745497,0.002689200039022188,0.0017332339120034335,0.0021317555705606156,0.0020516201376875633,0.0034514431040046276,0.0026408896049953004,0.002309614182952684,0.004530408883974298,0.0017069731052679414,0.0011087136780953072,0.003074953410858967,0.0036640668726645527,0.0017875047651044534,0.001843150137154055,0.0023135699366735986,0.004812007916379938,0.001780827396500415,0.004422925826173763,0.001558976344939032,0.002196594485919283,0.0009600799246891771,0.002378761635359137,0.0013861871202294467,0.0023636613218562205,0.0020694792561403207,0.0014551949655689956,0.0019571627334430864,0.0019521324534768065,0.0033790604926547544,0.0032229880635398153,0.003519655689680213,0.0025252819073568276,0.0026291109041426874,0.0027973871433041894,0.003443266632248852,0.0024913697717249953,0.0017516978539542914,0.002661459960188801,0.0018823743802246983,0.002507029822694106,0.0015579377824138248,0.0018687417474847134,0.0019411374694742877,0.002843377458823727,0.0023573226275543503,0.002978609857510602,0.002903594678831667,0.0035607248871999315,0.0029020865358496376,0.002216728270520451,0.0029211710473808117,0.002109018981264528,0.0020075001166124616,0.0015885303789475891,0.002887859441819004,0.003465897632580021,0.0028777429070226393,0.0015754512996349625,0.002712672558361835,0.002092624997331274,0.0034438064148795368,0.00458422513049099,0.0028608435100176493,0.00194287630336614,0.002519439523272724,0.0030404659471374627,0.003810715050067344,0.0022109410612271814,0.0017682329594705963,0.0019466248494253323,0.0020931656137909904,0.0025310125880416453,0.0032934478043538254,0.001687392763075479,0.0037604886732559182,0.0026626739863968084,0.0028595588622512785,0.0018516861243038651,0.0028456395782025844,0.0035556648053791527,0.0022538985005351874,0.002316408406635427,0.0022770801732531674,0.001526753654157576,0.003063675915226124,0.001541726798406701,0.003696487071490361
3560,0.0026896133628208814,0.002328698230674183,0.001601045617291506,0.003775604668147895,0.002752485343212531,0.0034935862481136615,0.004691906640305014,0.0022643636121905918,0.002639186968467371,0.0035508963196097323,0.0019197864744366587,0.0023421307561702783,0.0019199320475578965,0.0023012619547259044,0.0027451176916208067,0.0024968435875852217,0.001684146879448509,0.00195771706458122,0.0019248854842482653,0.0033322849106612114,0.002584523496406868,0.002253605706861966,0.004709768586587333,0.0015673080959475493,0.0010444976798024105,0.0023940535970614018,0.003714076276685785,0.0017455605499513145,0.0019333792739783262,0.0022565739178273814,0.004895454185634441,0.001782762710895079,0.004230569768014089,0.0014557977948827783,0.002148253331464037,0.0008892700323662608,0.002220778733662601,0.0013062653089028363,0.0023389375060797473,0.0019349324069015373,0.0014580866766535912,0.001784026161133988,0.0018992416257162662,0.0033097018614381543,0.0029015891063303373,0.0034264354436467862,0.0025371754563134085,0.002289121736614178,0.0025527719647500118,0.0030616797691333164,0.0023520817160215222,0.0016151108522792653,0.0023909334710594038,0.001767149113484279,0.002295590000004675,0.0015031231422190981,0.0018849360439391642,0.0019193185241302394,0.002656843693837715,0.0020332545325543183,0.0030233952042692837,0.0027991340167372635,0.0033222362611625687,0.003064261677652506,0.0023556061020430213,0.002958654597934927,0.002095043126180667,0.0020273237210754968,0.0016122174535218466,0.0026342925267378277,0.003155720509012503,0.0029870583778501118,0.0016051166346698034,0.002597994636400255,0.0019326052629893788,0.0032375610413376043,0.004613601594523985,0.002832907251599058,0.0019909087850108215,0.0022923312215198605,0.002996956356933733,0.003380717828364747,0.002093731457866036,0.0016280440730661574,0.0018695638654033875,0.001907583038452319,0.0024174994108189696,0.0028229913883215155,0.0016915412719633574,0.003761580282388998,0.0026313712863924583,0.002680877511102088,0.0018839957995885424,0.002538659705176599,0.0037991037083509463,0.0020744831006041515,0.0021602914267603627,0.0021708428273811307,0.0014115268193537471,0.0028043261243134634,0.0014590403912994403,0.003439432967786226
3561,0.002662961302156873,0.00210465130962646,0.0014787339272023432,0.003390634756161186,0.0024596419816616125,0.003302789466035143,0.004664624173018563,0.0020387350520815915,0.0024383756829083033,0.003730613286430068,0.0016823329734768115,0.001948421544469292,0.001732094693588363,0.0019850372430392366,0.002508043481509903,0.0023866943037932162,0.001535869685616228,0.0018574331108638983,0.001791015221430083,0.0031542951477938836,0.0023566411766956976,0.002004011522619456,0.003936404098139644,0.001526333637876006,0.0009039294785984417,0.002244211879950853,0.003638633943521355,0.001542885137789167,0.0018077473750131637,0.0021338896730068047,0.004581140088295246,0.0016642508083077327,0.0040444652975073,0.0013348490260317563,0.00200407246337577,0.0007406824026594262,0.0019579321991024727,0.0011339430921238625,0.0022695622263325227,0.0018221643697201974,0.0014119241564827926,0.0015522206915780763,0.0017898338558639023,0.0029106009561600203,0.002532069145252159,0.0032922464054757523,0.0023435318752158705,0.0022961192011134906,0.0024217116306176774,0.0027665746067306644,0.0021251968721108104,0.0015004296180708492,0.002244670255938386,0.0015709151165555072,0.002071085154835008,0.0012368095321278704,0.001750447748533802,0.0016545486529811343,0.0023989939677138013,0.0019513086604900402,0.002766396584170753,0.0027603356170348837,0.003282440428141396,0.0029603336889625137,0.0022186559626386163,0.0026907516379413177,0.001884760757176848,0.0017855594599867658,0.0015376966922075795,0.0023862583227419604,0.0032477936775540867,0.0028686514226308603,0.0014312700897097862,0.0024853330382769664,0.0017190399006510129,0.003111296581216821,0.004299414157471112,0.002846093955884182,0.0019093885959336181,0.002069517462518166,0.002763310140784508,0.0029984649786236315,0.0018420689468569152,0.0014413600430633622,0.0016006259258677827,0.0017899491950957927,0.0023464795919927377,0.0023232713938631856,0.0015079480960415977,0.003283041102518507,0.002383317187271937,0.0024426419125408144,0.0017416048131512283,0.002483631647363739,0.003721392658130219,0.0018199671710833834,0.002100997540532383,0.0018335830011656307,0.0012894337834747803,0.002607798758066226,0.0013181984840671544,0.0031887964476542572
3562,0.00246694463373724,0.002061945240227757,0.00144108080682759,0.0033231450743886016,0.002231352532041032,0.003400505697484093,0.004533181423582186,0.002151147956765131,0.0024851481527044506,0.0033474600948832497,0.0016010253155010574,0.002166911412697645,0.0016415089261090862,0.001887069367400913,0.0024671097470761304,0.0021665487453192632,0.0015134166675801802,0.0017316511048014289,0.0017198730734335518,0.0030399826149921485,0.002493492505831616,0.001924240747634589,0.0033798927284234143,0.0015202071367854987,0.0008649114698761329,0.002096086491648571,0.003843932444148038,0.0014083473884397607,0.0016724190814287113,0.002098482475753617,0.0041353076364413315,0.0016127637383589423,0.003922030873173784,0.0013608839860350668,0.001985526432280985,0.0006882620821830768,0.002031207804881768,0.001097574043355398,0.0022575457652283296,0.001773138747478584,0.00150055169638168,0.0014100235085090008,0.0017743180993195849,0.0028468146915252884,0.002403607439888211,0.003091377597151012,0.0022363334106600794,0.0019812492969437647,0.0021849447775067372,0.0026047059803688596,0.0019480537173944702,0.0015906467305490087,0.0020083111546588144,0.0015681677637986126,0.002062100867997232,0.0011964866242498001,0.0016481389436851415,0.001567396795229711,0.002137065544190588,0.0018795052958520022,0.0025174287800073434,0.0027143990981864418,0.003221441953016132,0.0030615508479947817,0.0023067597166579606,0.0026365203508775473,0.001919310106286949,0.00203735588153162,0.0014595190334895862,0.002320549983050856,0.003000447949001477,0.0028604199370619145,0.001377470280678853,0.002205124944545693,0.0016339578803023327,0.003033677543474176,0.004055522478816106,0.0028070883591997933,0.0019168064639689046,0.0019452648713921738,0.0026035064126107765,0.0028105414352466505,0.0018520446367581574,0.001560390668368352,0.00151556581113286,0.0016389686414208834,0.002339584776140551,0.0023142459361232843,0.001490064599260287,0.0027499076049618126,0.0022580612758735623,0.0025002095493146,0.0017060427169181388,0.0023547374672159096,0.0035956484109676765,0.0017946089250208451,0.002050177020028206,0.001704075710382815,0.0012027426747747135,0.002473067921986594,0.0012752189763379509,0.0028482901026557848
3563,0.002740234285703961,0.0021784419066397686,0.0014281779195270399,0.0035952814974692725,0.0022904347164283095,0.0035059587059477087,0.00489202820318496,0.0021846182078793454,0.0026260175104926347,0.0037032255318607994,0.0015993428608473083,0.0021226399165961674,0.0016577438917043247,0.0019196089118441691,0.00269589995302785,0.0021934976682329863,0.0016087063331936225,0.001720493949688475,0.0019356454870326184,0.002883102742074577,0.002590835709348226,0.0020262022305479574,0.0035593689633860504,0.0016406460521708615,0.0009020741216009432,0.002312330726937302,0.003982927128969238,0.0014643601345702812,0.0016655849403431143,0.002207467422841166,0.004053710018685374,0.0016025033052706147,0.0042393508811955334,0.0013784528312616908,0.002000569122053691,0.0007102005309956446,0.002015287637854219,0.00116261840350259,0.002369025631882603,0.0018232888500571795,0.0015175630617207596,0.0014124111509551764,0.0018671671161742127,0.0031743806829117953,0.0024216129054403014,0.003100483760354083,0.002404905318040508,0.00205463576836068,0.0023797167658867885,0.002706688129117093,0.0019061916832703038,0.001597038856638708,0.002158580044792905,0.0015459573673661468,0.0020986099766903727,0.001251307466992069,0.0017171717958913758,0.0016255709496477025,0.0022478312357198838,0.001991349266169345,0.00250200185739457,0.002759175005957127,0.00320495878510742,0.0031057925172093526,0.0022496192967265813,0.0025028531059777593,0.002028842856801186,0.001970621584796348,0.0016039058434911121,0.0024595963796165774,0.003173246351703377,0.0029236364883369124,0.0013952615638344944,0.002393060663205119,0.0015468620627373806,0.003054748361153289,0.004286780193420075,0.002984395512012833,0.0020571022541833652,0.0019391117886530624,0.002658688898424278,0.002869035796023657,0.0019561533855928497,0.0016526997580752494,0.0014766019862913313,0.0017322342618282334,0.002432893379238537,0.002036373595769266,0.0014307975876326207,0.0028795522100593858,0.0022444595330973127,0.002627425947183992,0.0016237227602489677,0.002314872481420795,0.003533639978540724,0.0018116138512521657,0.0021620652839247465,0.0018060223953721968,0.0012368393379523514,0.0025454322283461135,0.0012508769322677033,0.0028238452137771732
3564,0.00326863747798134,0.00255228289843104,0.0015819138747496697,0.004175868829512624,0.002413245394356656,0.004072963489731803,0.005569114665716402,0.0021916267978367094,0.003299215453201681,0.004323986532337831,0.0019540599646219676,0.0026693268253948767,0.0019259227716530065,0.002291970608881417,0.00314560897321554,0.00255748595633703,0.0019094415337300979,0.0020242790000596016,0.002158396915961391,0.0035173535060570487,0.0029227246641604625,0.0023652372632963045,0.003941064870545993,0.001881800898321194,0.0010101417149814957,0.0023480348420125154,0.004223944946775784,0.0016594384947342575,0.0019213628048769143,0.002503359960927565,0.00440462564482233,0.0018668888530346593,0.004986097070376149,0.0015797485576635882,0.0021236341927944455,0.0007597179135528479,0.0023206726628761556,0.0013848901756370452,0.0026782642253768826,0.002082379780511408,0.0016810338416469854,0.0016136056048128655,0.0021804799071708887,0.0035370274486861263,0.0027598459133987494,0.003894555800361272,0.002835723933625663,0.0026353298424151624,0.0026138563021902254,0.0031814846503273662,0.002297768909089181,0.0018427330089277616,0.0024038846340636165,0.0018284079197957946,0.0023736850025192213,0.0013330237701008189,0.0021467260533613542,0.0018100466464755923,0.002639992659289446,0.0022720581271984445,0.002850461975188271,0.0030549266505187386,0.0037518182926238354,0.0034995133735411955,0.002584375559199026,0.003178012996429814,0.0023018554986036855,0.0022768886913580146,0.001972546435687807,0.0028668584881743845,0.0036378297960483696,0.003608335522290766,0.0015945571470956518,0.0028816496807004734,0.0018319396447044711,0.0033583178661128637,0.0048579499849051595,0.0038175678143079705,0.0024851409845616087,0.0022498507261079844,0.002955527048654451,0.0030055258201628814,0.0021682050904277945,0.0018577062330176082,0.001660599645316767,0.002051607682217883,0.00290989956579673,0.002213542687807726,0.0015517620077938317,0.0033250805644590756,0.002606571300388108,0.0031560924551804056,0.0017347123587303094,0.002633065437242496,0.004523921147454043,0.0020963936504252508,0.002448201601639573,0.0021626571660069197,0.0014785640204707626,0.002945602843813903,0.0013566737196589883,0.0031469287509069683
3565,0.0031161653614001886,0.0026371040709413027,0.0015626467331736232,0.004312615168049873,0.002645459817859639,0.004050200432098845,0.0060637120491019705,0.0019371531085947819,0.0029559723683402006,0.0044365457924928605,0.00208655801390727,0.002906750793421071,0.0019475097271201356,0.002366034072621505,0.0029634083755662186,0.0026389298417208986,0.002076274730056607,0.0020205578010646964,0.0021304130234747706,0.0035286794205090875,0.00312010591891338,0.0023637260654522036,0.004211041297298265,0.0019872756110112114,0.0010247544383020454,0.0022898216484746503,0.004161365312827911,0.0017372609192272345,0.0018652539704231352,0.002499421048788618,0.004507030800478759,0.0018230458546917084,0.0048552245496658215,0.0016167851784595134,0.002233324863955759,0.0007594931862408401,0.002434387921856496,0.001383188829961271,0.002703831384684298,0.002065873493246506,0.0016808728769193244,0.0016585982891015518,0.002128977944271837,0.0036444210255515137,0.0029350405230616455,0.004009315283538168,0.002775735533092833,0.0026544244926752754,0.0027576380771106,0.003465541176414822,0.0023705268814374326,0.00192250122027853,0.002250136286630967,0.0017960282148875351,0.0024066555827634713,0.0014133877719902691,0.002112592924085038,0.0018052219475964836,0.0026102989270919406,0.002306118432231296,0.0027731658915264735,0.003053921035990938,0.003762156988023887,0.003491587517270891,0.0025722919793960725,0.0032695206532213656,0.002424921825451571,0.0022058027269657122,0.002183565468071191,0.0029285083739550976,0.003787686530775681,0.0034154888048774324,0.0016446585473487733,0.002618650547527656,0.001956859167804293,0.003435248240470216,0.005034501187807111,0.003920485209584196,0.002477045087625497,0.0020867856548596533,0.0028898801667664306,0.003002191040449692,0.0023529025514370935,0.00210251191272293,0.0016779112454085084,0.001971312948416544,0.0028569928489225625,0.0022824026859801106,0.0015984194934181703,0.0030653724968446655,0.002804652124431319,0.0031792862858713643,0.0019113572849325476,0.0027706853008805624,0.004291470221267039,0.002180932138068181,0.0025075459990995734,0.0021274648705468975,0.0015107766751937832,0.0031187100362160157,0.0013266050332592105,0.003264141068318704
3566,0.003073825191753075,0.0026981451543239936,0.0016315608972676387,0.004189784001791839,0.002621581337886717,0.00394909986677194,0.005379182410714415,0.002093824048524778,0.0029322605610120163,0.004464190773809392,0.002179357569327764,0.0030477809965445027,0.0020437513391118912,0.0023866501891944055,0.0028120545407569835,0.0025690106720531697,0.002109518000612558,0.0019430747811689764,0.0020618178930929044,0.0032955439848470283,0.003005577590514292,0.002387447473604659,0.004098900251668886,0.0018572706136179582,0.001086116286240915,0.002250295101997605,0.0035591689213976094,0.001804866629061328,0.001771102846002456,0.0024827715804730754,0.004466838478391669,0.0019166219176054414,0.005245500473559818,0.0016363450437979052,0.002186536271353507,0.0008415884176482357,0.0024678473688300386,0.0014959596497586087,0.0026327459449608953,0.0021435403038528064,0.0016097652636023825,0.0017281938110341513,0.002063988514259809,0.0036575874287080477,0.002982588881507799,0.0038969285640905677,0.0026248588933346956,0.0027421276586026893,0.0027682878566544227,0.0035311657317947643,0.00230792827159065,0.0017814754588219531,0.0024798407287687212,0.0018358973652903394,0.0026143125184114285,0.0014419865232138981,0.002099829587062021,0.0018446373877235428,0.002700656284908291,0.0024619937998933733,0.002766078542819375,0.003011579314196141,0.0039001557116083124,0.0034493466679182115,0.0024188990729817643,0.0032670133375475585,0.002376231515686309,0.0023375903416071077,0.001995737289092373,0.002972018479272432,0.0036051027854665024,0.0034575885686920793,0.001654904087398736,0.0026048367502958703,0.001982966881566646,0.0035902858575629724,0.005007771831176584,0.00371355635301502,0.0022340889411971133,0.0022942448116645454,0.002823868880453786,0.003229185990064143,0.002352131737250149,0.002105203084796207,0.0017607768430609064,0.0019819201354027366,0.0027699004676423633,0.0027390993952544603,0.001758591937464217,0.0035224223180013534,0.0031320044957512936,0.0030999843853950332,0.001878843991526553,0.0027348397649901994,0.0042381929317483625,0.0022453108903878554,0.002399373405411079,0.0022697733729797613,0.0015261238816253466,0.0031123730892553274,0.001362082828901359,0.0033100751305078497
3567,0.0032904745986377325,0.0026508118217500906,0.0016798764231528887,0.004575692202568814,0.002768246689750428,0.004071749243855985,0.005397843526936327,0.0022066829402433803,0.002886795035337931,0.004598597453351768,0.0022320377186837532,0.0031435611488239376,0.002123546505164237,0.002615549852410936,0.0030053124415213807,0.002706389629948516,0.002174289344174709,0.0021446294241993687,0.0022955114106806567,0.0034886763490776826,0.003117607098369977,0.002562572752495017,0.004547491651698597,0.0018874941608530696,0.001135981142053078,0.0025670097510716154,0.003502091626954907,0.0019682048129931796,0.0019611406983394255,0.002386198645389394,0.004775770601119758,0.0020189754564211965,0.0053407931336172014,0.0017094156747833346,0.002300328939987367,0.0008745115976535332,0.0024596241950639777,0.0016002555564746045,0.002662045045595245,0.0021702254835640517,0.0015601704538104855,0.0018524503165384797,0.002163993774266386,0.0035865318484325573,0.003099828998622999,0.00435994581970571,0.0028636578138282872,0.003091986490965672,0.0030635496192590937,0.0034604542224187,0.0025143648989816103,0.0017729719574743476,0.002494358829862064,0.0018545728272075144,0.002756692839070702,0.0015156325662680828,0.002308909595593237,0.0019203154588400238,0.002908840041888603,0.002393572551330264,0.0028369302761889815,0.0029625634192887583,0.003986694326015377,0.003425431871710755,0.0023939052860992485,0.0032359948169071616,0.00233387966579128,0.0022370378748717786,0.0020118428521863105,0.0031230647940988254,0.0037638432584576422,0.0034723634007441683,0.0016763458877185257,0.0028807729721532825,0.0020767701020496204,0.003610356108570558,0.005208683661132353,0.0038776194489496527,0.0022931724644501025,0.0023612274134152764,0.0029938453093193993,0.0034808754336965626,0.0023325194227541038,0.002055020240707394,0.0018936286135323736,0.002114186620774209,0.0027741133846329847,0.002801833607483262,0.0017380221916301704,0.003675709236478515,0.003396970077977475,0.0031086899931284957,0.0019005825156122752,0.002695048004868532,0.0042059571987651855,0.002261336261431875,0.002466991294224639,0.0023867641472117905,0.0015972396120485846,0.0034124935107981693,0.001455707412638534,0.0036057063257947334
3568,0.0030311849042493526,0.002758538469238224,0.0016538492350261142,0.004397627218585102,0.002861187190632601,0.004324564416841068,0.005383515468609196,0.00219039225748309,0.0027029082884421334,0.004323940699363419,0.002266382716600565,0.0033362881362570857,0.0021284479030257986,0.0025195481957347634,0.0029056977462652294,0.002676175320437226,0.0020922046440295275,0.0020681593537838195,0.0022840027243917153,0.0036261751145941715,0.00322719567064169,0.002458690399897382,0.004611349394564848,0.0018404878938683546,0.0011331057162175568,0.002364047482195375,0.003411735687708413,0.0018491210469229683,0.0020039945460184555,0.0023315005530374897,0.005182000480653923,0.0020152068197017907,0.005103319971767497,0.0017273923397994235,0.002318545408855522,0.0008644430213509044,0.0024545061324687746,0.0014702753058370719,0.0026063886140981086,0.002197976421293732,0.0015186878835957895,0.0018580663477199661,0.0019533244971999203,0.003449311624078336,0.003288873342846043,0.004312802808931262,0.002537891115857929,0.0030939372230280914,0.003012050546844816,0.003478240111786187,0.002477138808427493,0.0017170580289404712,0.002291619418672598,0.0018974590613585634,0.0026454486406174028,0.0014626157666996458,0.0022252765187746933,0.0020313115977831386,0.0028836779878897746,0.0021573880246016017,0.0028533409390559612,0.0031247577074203004,0.003940911491018507,0.0034424865999799132,0.002472859588739651,0.0031830136708636855,0.0023025101623305195,0.0022199838474505984,0.0017950388603060047,0.003067616799509268,0.004094349575013857,0.0034841582867244504,0.0015508954455933528,0.00271785716513027,0.002139594460531341,0.0035085014426193347,0.005038324861225498,0.003762400896514539,0.002095297914880331,0.002401593579566909,0.0030264952039023244,0.0034684175452110956,0.002307438956179337,0.0019511280431611176,0.0019178928236894817,0.0020686197289366886,0.002709699291425339,0.003355809788789987,0.0016996929444851297,0.003668997866582399,0.0033479948404458995,0.0028673261771694743,0.0019203078208634933,0.0027980957132341076,0.004236525954709392,0.0023009040871588156,0.0024117878399814363,0.0024431182579111644,0.001610442784184123,0.0035001821442615143,0.0014509459016868642,0.0036722423062699873
3569,0.0025391004617380275,0.002339561399994695,0.001455464829323108,0.0036788696037074794,0.002461629761131951,0.0036742357250723707,0.00466209870186924,0.002101622774485708,0.0021257249738865793,0.003968324461527307,0.001936559832260434,0.0027580681422071473,0.00187423144805554,0.0020604770346444225,0.0023880446055745174,0.0023268520384294618,0.0018193982773720226,0.0018451613671089631,0.0020156399430188324,0.003147685115242272,0.002598449792820347,0.00210881069640769,0.0039836627399853575,0.0016567564909663653,0.0009739930141770609,0.002064160141150367,0.0029612443141155006,0.0015664270485309707,0.001813579591252137,0.002090293344118355,0.004619612530763802,0.001763370876965502,0.004476574864721746,0.0015024858805502833,0.002089558987079242,0.0007969574368187524,0.001988251371488531,0.0013322857761301112,0.0023585522883506314,0.0018950138071291312,0.001323900890258476,0.0015620682389761917,0.0016709907137994972,0.0030451406110439056,0.0027720414121084344,0.0034316000593178977,0.0021947706885442537,0.0024990254737139684,0.002851415904194848,0.002895571404629593,0.00202879815803849,0.0014951614314185262,0.001926470189818179,0.0017001608509130948,0.0021656637137879133,0.0013690485127016022,0.0018230074821974063,0.001735908133122342,0.0024148810367056123,0.0018658895472209204,0.0025316570964777057,0.0029439875192629,0.0034040632978039535,0.003429800325072123,0.0019826490291691384,0.0026191985389030894,0.0020011993507845255,0.0019035410024178078,0.0016463588029874163,0.002674978629417861,0.003141041395488711,0.002839770496479976,0.001318114069890009,0.0021577650887285764,0.0018161407501480294,0.003207267919004284,0.0044437463602509135,0.0030312791126151117,0.001891403116546973,0.0020263688881575733,0.002664829384787929,0.003121096198268393,0.0019789964056685016,0.001647411160492876,0.0016859142931478866,0.0018267741387088257,0.0024159913296413664,0.0030062591965240443,0.001536125126247712,0.003140611106723156,0.002713898878853017,0.002531687893951684,0.0016810944548773053,0.002499028111594419,0.003530594211323034,0.0019958678385532686,0.0021804493155372466,0.0020343750333347943,0.0013467892487186712,0.003115027783661474,0.001296811954164423,0.003194832419042149
3570,0.0031864558590898743,0.0032957380067834487,0.0018235496819639181,0.004165709071975992,0.0029014849620880435,0.004576569156776987,0.0053930659109284315,0.002631600429690053,0.002938756827470999,0.004438822230824985,0.0024345507263110744,0.0035824791693240456,0.0020956246290327572,0.0027978918569804842,0.00310265589789426,0.002852880751039689,0.0022029697088792512,0.0023188443754961954,0.0023250058455008276,0.003860875010947363,0.003061309654396976,0.0026288452572052956,0.0048052023573741665,0.0020850780354699935,0.0011971515216267529,0.0027714009867019908,0.0034670695603885747,0.0018549377286206981,0.0020696794558691875,0.0025566371883979483,0.00515411576427389,0.002149346980125152,0.005355571043844888,0.0018951948236462575,0.0024523719309324653,0.0009480388633033209,0.0025724846432684588,0.0018114463324290096,0.00286889522213232,0.0023505618924115827,0.0016771290348168827,0.0017964072019114475,0.0020961367268581173,0.003428784572797008,0.003487538262887394,0.0044851731012126314,0.0028269572235149563,0.0031519949569187057,0.0033058369147482745,0.003585598059065086,0.0024467050087826746,0.001736201448964505,0.0024705012973047563,0.0022078292299853174,0.0026704782508289574,0.0017250337462499567,0.0022380193719713152,0.0021938794648426446,0.002876936135703488,0.002442058010721315,0.0032375379130022103,0.0032422517651660883,0.004117224050726342,0.0040896089765263465,0.002500279431701727,0.0031316647824036494,0.002428314577423481,0.002346434717681598,0.0018030416498080657,0.0034801333176497466,0.0036531702482145182,0.0035596844078803398,0.0016128507201193455,0.0028684558828678624,0.002259055134521138,0.003840406608683196,0.005289952022266777,0.0035229233843496193,0.0022870434803694824,0.0028060396129445304,0.003393982075133379,0.004337939035195764,0.0025011475014246696,0.001985028684807015,0.0020531995024210205,0.002191252499822425,0.003140388018458073,0.0035019526435381885,0.001817221402790479,0.004053235800643502,0.0029846779462632833,0.003111397204585231,0.0019903534826959165,0.003174256513880365,0.004150582980694631,0.002265971815453168,0.002564036442029019,0.0025825286165621795,0.001622757181129998,0.003740021755030692,0.0015386604988845537,0.004039884572437236
3571,0.0029825813043959006,0.0029850699983416207,0.001704002475552345,0.004162556825377586,0.0030767535450489008,0.004670573893743347,0.005820718732367645,0.002534072299775761,0.0028127860968245265,0.003930702265253241,0.002129979468618039,0.00324248322699928,0.0018666013836928022,0.0025694747453350857,0.0029731138178723396,0.002617948710965788,0.0021664698256648133,0.0022618736859917705,0.00227451834360738,0.003543265921704454,0.0029064829926606695,0.002377841207571336,0.004567210698563763,0.0020026383938752603,0.0010213225020180502,0.002705074733910998,0.0036647717943354384,0.0018363232897273393,0.002048930595228051,0.002285429568641084,0.004781073574189064,0.0020549358849029876,0.004759270627809127,0.0018334803712227968,0.0023688785158109105,0.0008139673849493874,0.0025769916967220614,0.001668187763205211,0.0027394509509991167,0.0021643197363062296,0.0016859177154435346,0.0017182661146661698,0.0019557806990309332,0.0033338398974174076,0.0031428398065481544,0.0043841758404324265,0.0025799132149562664,0.002555176275752363,0.0029964159249815164,0.0032544879995334793,0.002384982856034203,0.0016535563629461157,0.0020802575153476277,0.0020235761171091943,0.002439932361706257,0.0015954441885663916,0.0021419270967182923,0.0021644642129113826,0.0025211246584924876,0.002177412173952827,0.0031062941535714215,0.003088078796435671,0.0037313880412430914,0.003722418365306293,0.002715974038446136,0.00315415086118731,0.002480284183244127,0.0022539154369095797,0.001648669214589383,0.0031383094739365776,0.0031974568333121164,0.003409295838229038,0.001500235338952757,0.002589539540732108,0.002125604246809306,0.0038396313250578565,0.005241514780862381,0.003383175822146317,0.002327037311193632,0.002173060896885978,0.003316565627263676,0.004231784164882778,0.0024034251092736104,0.0019232817743545093,0.0019794553160040495,0.0021023312088303972,0.002919567044902591,0.0030363068538294883,0.0016222395279954546,0.0035221312153727266,0.0028315075210236995,0.0029610494416308294,0.001957745340159018,0.0028490056776314682,0.003925399855380132,0.002122809633608115,0.0024562061110094857,0.002389881172605019,0.0014507397873157063,0.0034858131449692635,0.0014725843735162996,0.0036691141322477373
3572,0.0028557837172446285,0.0028828465022242944,0.0016095257562790516,0.003702718803998594,0.002792174638662854,0.00417298747500596,0.005604475231868508,0.002229494191001044,0.002716136823949456,0.003666576308871065,0.0019094178746870962,0.0028261547857001733,0.0018107159099197113,0.0022254125418995243,0.002532375613203411,0.0023917827060249744,0.0018927622891436167,0.0019699094258989456,0.0020377143196254693,0.0032387961826072513,0.002508364954558533,0.0022419709012095226,0.0038889209704171396,0.0019183839820704192,0.0009633577805397685,0.0025781725656518505,0.0034950019737642565,0.0016817396038049514,0.001930765742476531,0.0022411403235945418,0.0044936026805338135,0.0019016741032075758,0.004481350969509096,0.0017181938305431148,0.0021860524887332058,0.0007922537705287961,0.0024888235396231403,0.0014958937418513834,0.00254282893138834,0.0020815958480510637,0.0015424901510907865,0.002231110910797487,0.0016864928102720373,0.003088091149242126,0.0028039004332935636,0.003795919035456353,0.0021506999855346355,0.002338981188097787,0.0028220696703609217,0.003027403810416476,0.0021909281783923143,0.00147401561129471,0.001966059132998077,0.0018010648595181461,0.00226132872318123,0.0014496360935014163,0.0019843362113291093,0.0019926511908952772,0.002387497342466338,0.0022760705691578344,0.0029515698412321207,0.002972972820874865,0.0033829654136094617,0.00354286980898218,0.002494221191205312,0.0030348641036789725,0.0023212819263029633,0.0021537305509429904,0.001501192207110273,0.002883754413164527,0.002925621842513085,0.003407033528008125,0.0013500465518342935,0.0024142022471297236,0.0019408330048265867,0.0035674429795460234,0.004849807082392735,0.0034964899190390412,0.0021085954452928894,0.0021632562771439754,0.003023377972634092,0.0035720897789226387,0.0021637410753230515,0.001707669801643022,0.0019335935196582571,0.0019812649823167743,0.002806556745098489,0.0029889253756505666,0.0015419448821775558,0.003411269038573452,0.0026073865764925093,0.0027023709351620523,0.00180292625238476,0.00286496555995615,0.0036263380994972887,0.002120126495603386,0.002328848935319576,0.0022864041668515956,0.0013563079606386417,0.0030322630380225733,0.0013249644128528026,0.003177379831746271
3573,0.0031534843166777654,0.0032941786659708657,0.0017256488931380208,0.004105551185055911,0.0029620540863800073,0.004293594796728919,0.0059817807041873654,0.0022516345059256987,0.003190384813464037,0.004231789844823228,0.002102172677230308,0.0031865591823391245,0.001969583557475789,0.00259401911490864,0.0029252036023850888,0.0026342990225165616,0.0021130375675776168,0.0022078260390198563,0.0021354612520993873,0.0035971351315615433,0.002764898358565831,0.0024914706839301755,0.004616855881728112,0.0021110468873177207,0.0010302755448940537,0.002770495696497102,0.004016068874830622,0.0017771019894375821,0.002030480732452461,0.0024391384053423447,0.004653103355872062,0.0020954784480276775,0.005043052170623201,0.0018895451532190638,0.002345658327615782,0.0008491730292803376,0.0028612390442095104,0.0016884490155336484,0.002765311213702083,0.0022439685636355907,0.0016663315395488627,0.0024102544749089907,0.001978104746796834,0.003368101214973278,0.0030240003841580957,0.004232279824321771,0.00243258513483313,0.0027203155523081177,0.002984740813196628,0.0035269783752692793,0.0024485853777725824,0.0016165338536224426,0.002324778506998544,0.002053965798234927,0.002331837710604159,0.0015904768481029093,0.0021301731496019345,0.002229900897439854,0.0028281717833367115,0.0026551647761782742,0.0032472871274043164,0.0031144990541353847,0.003805279079146569,0.003925972124934721,0.002910305442395297,0.003357530874498446,0.002518931915704668,0.00235050265314318,0.0017472226607153152,0.0031069124884135933,0.0031841206196582656,0.003798838828222965,0.0015858947429093831,0.002697060556143504,0.002194436626926598,0.0038249404588077893,0.005266918023661202,0.003901358564101182,0.002380732106432208,0.002440500192878099,0.003106589162713779,0.0038065397870876215,0.0024248362604146153,0.0018835823357411287,0.0021618767602072804,0.002118879281021747,0.003196674073870269,0.0028920929303007333,0.0017539478797261602,0.003734713939944825,0.0026939370493065636,0.0031524271948061887,0.002096053590389481,0.003394572351925019,0.004066959411527292,0.0023302024664037203,0.002500243174982308,0.002596868855639432,0.0015894116697266762,0.0032293030804062513,0.001478670835099236,0.0035471450982059592
3574,0.0028688267106000784,0.0031791262391211547,0.0016347442097816645,0.003948608210014115,0.0031359094002653184,0.004518674062650543,0.006735315693712002,0.0021850773386798646,0.0033338355265375708,0.003835824958252579,0.002005327085598105,0.0030744223169552115,0.0018855679696061997,0.0026151061536357502,0.002952521361666295,0.00253823849150692,0.0020677650724659565,0.0020706670930766887,0.0020993413347845592,0.0034538360573834184,0.0030601590558316733,0.002567709089852549,0.004232640148891958,0.002191591710099186,0.0009423458046298856,0.0026986428230228563,0.004133503725966732,0.001816706824253445,0.0019189558932226083,0.0024371678674985227,0.004309042405086334,0.0020576264405646164,0.004824022558378311,0.0018514217334108934,0.0023064155163728434,0.0007621507928757441,0.002975046937238659,0.0015054819762954181,0.0026846221779256614,0.0021760270226266385,0.0016905195106948399,0.002245404815866892,0.00200144278844459,0.0033007548556447303,0.002957650011969958,0.004301163315332506,0.0023837257197269154,0.0024783706037998184,0.00262980049185377,0.003586818712030222,0.002538624101658188,0.0016107499315684178,0.002135326761117298,0.0021019598048704507,0.002382782916344713,0.001407340385884512,0.002054553616398515,0.0022287482355820448,0.0027470528653967805,0.0026449325602029457,0.003338940822630945,0.0031089294401467665,0.003525329354343318,0.0036074334823724143,0.003037468768022232,0.003488788988916054,0.002576205963280498,0.002431991410519781,0.0017449174576254587,0.0028719406702443885,0.0032377858091294045,0.0038622053561974904,0.0015941891290346087,0.002660904491998445,0.0020795447041925285,0.003655635367432732,0.0052501613511684525,0.003803656330669361,0.0023217222902502835,0.0025675009787324626,0.002879690308550721,0.004207737690996268,0.002477718454554451,0.0019228580854831717,0.002058003684684418,0.0021170604995055667,0.003222258850823972,0.0027926457340384705,0.0016786683714276717,0.0034993144671096625,0.0027839563335951244,0.002994244959836596,0.002157482881051702,0.0032052981487669685,0.004215676186076988,0.0023293538026194003,0.0023680687483654496,0.002538777067581923,0.0014763521615385247,0.0029595552064261947,0.001370989707292997,0.003422148860664961
3575,0.0025889705643503515,0.002895210486528993,0.0014422220085497641,0.003783608713503876,0.0029667662727803647,0.0037000630648717763,0.006291933242268548,0.002112059325891694,0.002827492276394016,0.0038461936366950378,0.001739526783137292,0.00254882103492635,0.0018361450844011293,0.0021641307890928087,0.0026038901228154854,0.0024601488175660974,0.001743335257363641,0.001878487172477787,0.00187343280844085,0.003117553073191475,0.0027231433769258555,0.002186977384286593,0.003711637999274338,0.001771975178630171,0.0009232738825749822,0.0025047988052562856,0.00349417342790668,0.0016538697743629835,0.0017842380030117315,0.0022149429438527843,0.0043478426407060015,0.0017801871546471156,0.0044955163438200755,0.0015787202309760985,0.002076843092752322,0.0007643956457043855,0.0024900983366585713,0.0012825412333197562,0.0023529318015227878,0.0019687617410412924,0.001387536907874925,0.002162341234709192,0.001746246102106613,0.003206190082406706,0.0027108322837277768,0.00333794868486579,0.0020823371325794163,0.002165441578418153,0.0024747835632050554,0.0032500710829196787,0.0023056683666099493,0.0014777846882233808,0.002026177320948401,0.0017477520942388537,0.0020213430959270928,0.0013254227782701618,0.0018551456440777374,0.0019172078151841266,0.002604671027381824,0.0023417154534492125,0.0030409232122862837,0.002852058309896509,0.0031150686254767324,0.0031298048525545646,0.002427786053651636,0.0029510389208748464,0.002245834502391993,0.0021361892913370688,0.001640598191246606,0.0025379173890421676,0.0029723581893662293,0.003425320958126968,0.0014247868865377923,0.0025506247732946133,0.0018287223333401704,0.003265409216396599,0.004941625859787086,0.0034360161483151185,0.0018439538493280655,0.0022323419559580186,0.002593391361564963,0.003465101271941032,0.0021295381212808988,0.0015706500206309102,0.0018307999129529354,0.002017469298869983,0.002676301272941585,0.0026451645925490543,0.0015152273243623825,0.003490382715672662,0.0026709567430250893,0.0024343583775457943,0.0018044466052326853,0.0030045668073859786,0.003831960964857068,0.0021939018249861083,0.0022353259323776103,0.002265236335393546,0.0014105873881713725,0.002721013059462027,0.001307308322127009,0.002868682782658882
3576,0.0027143731915707206,0.0031770412582649192,0.0015008308408796522,0.004296511494933418,0.0032653430335548165,0.003980229517533597,0.0062848553456499095,0.0021575063822725188,0.003001722698212905,0.004170786067860852,0.0018942024484695846,0.002799873923211721,0.0019144165037436537,0.0024047182522348503,0.002653836349083909,0.0026688453890068697,0.0018746342280578062,0.0019089862166422704,0.0019725015979337236,0.0035513343327514793,0.0029495657283666005,0.002379829241419615,0.004714573790805697,0.0018659034852556823,0.0010425738122681672,0.0027152890936802555,0.0035268537852826153,0.001753184977000917,0.0019147701526906174,0.0024423002607003434,0.0049735300977614,0.001820522337501831,0.004703711101507129,0.00164611221390897,0.0022601896370408824,0.0008318094208989271,0.0025971794549246243,0.0014134998243924936,0.0024009287102549175,0.0021469853952783362,0.0014800710263811396,0.00226349490585362,0.0018948850389090921,0.003466119101886389,0.003044778860676309,0.0036472749657381525,0.0024442837266477726,0.0024477788383621773,0.0026679380797110224,0.0034976728237840833,0.00257438489382353,0.0016412625479360614,0.0023397170226848907,0.0020072735720539506,0.0022220756755471326,0.0014930604400358906,0.0020594384712816997,0.0020654200261225235,0.002913055110779829,0.0024433493461702397,0.003306732131813488,0.002928025926611213,0.003619345760135486,0.0033500949383542416,0.002420494734211092,0.0031072284467619977,0.0024197611865540924,0.002203594397224241,0.0018039834159303675,0.0028512564019663057,0.0031870372486365343,0.0035753899172394745,0.001547277870209801,0.002752905296710631,0.002023155661352737,0.0033473386566807736,0.0051485120431000895,0.0036327355148703636,0.002000829250895416,0.00239337074118292,0.0029322413061297634,0.003761225683069074,0.00221589515177744,0.001672272577938084,0.0018380561917872883,0.0020139613598888807,0.0027665396574906285,0.0028290968244888922,0.0016561621468805447,0.0038161136834675793,0.0028485268861712576,0.0025835090030937105,0.0020941983604204997,0.00337346410542463,0.004020593016210817,0.0023176983169865793,0.0023958011401336303,0.0025531994590526413,0.0016086178138190988,0.002910634015695678,0.0013710744788626842,0.0030905025872327765
3577,0.0027827578928995085,0.003102853133175477,0.0014829284648858647,0.004331229824347631,0.003247294657759506,0.003890150574972342,0.006316957964014433,0.0023274356864711097,0.003010565810233455,0.0041763672065703375,0.0019540187036367115,0.002712741824023195,0.0019531839685433504,0.0023924023443624154,0.0028305787402107723,0.0028654949469682695,0.002048705719521477,0.001985377502742212,0.001942603773114668,0.00361402293419426,0.002947541769182056,0.002324371126380637,0.004998375460660486,0.0024183229418548355,0.0010756474831463806,0.002714791185484461,0.003569599930454329,0.0018398745733357734,0.001906795949535576,0.002424367456966535,0.005058783787307698,0.0019122715036062306,0.005060476462812066,0.0017145201513284218,0.0022635370808690687,0.0008702662199601411,0.0024061136423645553,0.001503399539042393,0.002359475556286598,0.0021644165521900885,0.0015495511030841657,0.0017747331809053054,0.0020150341292282554,0.0036431538709824278,0.0033248221892100195,0.0037924707287265457,0.002671507490660344,0.0025302374241803105,0.0026905818705441164,0.003623611897129089,0.0026735333279104866,0.001697095224753753,0.0026229240925002848,0.002079503689751402,0.0022274547787324824,0.0015119328207627114,0.002100276869329928,0.002111011014812678,0.0028555367097978647,0.0024664231603026944,0.003257381956194508,0.0030215835317011983,0.0037257363264787463,0.003114282185754299,0.002359903515930981,0.0031745844719278014,0.0024622172933445262,0.002218707407342753,0.0018542463329136233,0.002887238684820449,0.0033925576877587103,0.003316059150543784,0.0016035161041701557,0.0028124733639307282,0.0020302439108139054,0.0035134382894309087,0.005095623885083139,0.0031802932834458105,0.0020209520150647193,0.0023856334043972772,0.0030337825803000004,0.004172822587422386,0.0023299903656766718,0.0017794041174169996,0.001802089761446198,0.0020433354145213403,0.0027656155107807475,0.0028997178255046044,0.0017145756122050474,0.0038035688238230356,0.002783594723794955,0.002698388466794233,0.002155902100590308,0.003622729283926676,0.004201325269388958,0.002311930697985494,0.0024110665408706186,0.0025853883929968357,0.0017104983214409814,0.0028449099882264773,0.0015283386054057509,0.0033692818695271443
3578,0.0025099940290611846,0.002820828357787907,0.0013567563733063721,0.0037562554365901174,0.00306798814305225,0.0035321639908538795,0.005942104514648523,0.00233192866588813,0.002296754243373395,0.004126272262335634,0.0017943032815579277,0.0024075843304632062,0.0017867751568073614,0.002029404934408393,0.0025639418754717052,0.002635078114918477,0.0018538920815534925,0.001812882374053087,0.0017216689579522524,0.003295024334723701,0.0027007338362008645,0.002061649217872434,0.004293059138477184,0.002333654926440322,0.0009848678069620794,0.002568643366733656,0.0032299550642441543,0.001770143723092085,0.0017753983158568516,0.002279699058481996,0.004949773710007052,0.0017505328271482602,0.004369055804451898,0.0014564721867362737,0.0020464997441745907,0.0007970950781834139,0.0020433141274833937,0.0013585060782257828,0.0022545532899200535,0.0019389464444646335,0.001499175443343758,0.0015931129294542489,0.001811677541851384,0.003313149920875055,0.003034429621577756,0.003176204439005802,0.0024330314900074127,0.002118938922882714,0.0024679207160318247,0.0032360206808790355,0.0023163726305324554,0.0015528023147001182,0.00225880572887603,0.0017640420588097838,0.0020409102060589416,0.00141403447506444,0.001976441907121603,0.0018160109189943891,0.002513019594282178,0.0021822227173183325,0.0029118037413399553,0.0027093587748834376,0.003280685067562738,0.0030440009691230347,0.0019625391227468822,0.0030085540433213167,0.0022311302847699134,0.0018457744705859382,0.001678069847756967,0.00252253778011157,0.003134808325192774,0.0031013656104684623,0.0014905371757130991,0.002518863153763017,0.001796615288671842,0.0031230501124535127,0.004984190385680313,0.0029952168785688745,0.0017981991418079021,0.00206141346209956,0.002842513990047634,0.003674132618226494,0.002213467905844144,0.0015330576239446865,0.001719423038447649,0.0019227556299598009,0.0024305951370653164,0.0026766469243700583,0.0014791560964739115,0.003309003967444671,0.002739762924778749,0.002429894880699999,0.0018413089851360062,0.0032914955323780104,0.0037185454914287082,0.002095020219465909,0.0022539614737070706,0.002288681875427276,0.0014750802184291766,0.0027312651117528796,0.0013525801538260003,0.0030963988981456917
3579,0.0027676277553474442,0.0027802925705187626,0.0015046508644681524,0.004055789421282575,0.0031563249529446367,0.003586858259627553,0.005537918961776934,0.0023844500711251437,0.0022465946016037774,0.004231300084695886,0.00185944748484396,0.0025358637340030413,0.0018591156860488444,0.0019768839953603757,0.0027156691870396064,0.002587159665156064,0.001820182380520641,0.0019652116291268592,0.001876285463304424,0.003263951595838502,0.002638921529081121,0.0019792221587706066,0.004649843215015639,0.002208972376241767,0.0010364986070183978,0.002654861310932037,0.0034090373723451917,0.0018975803556790976,0.0018021726804181785,0.0021703083064990533,0.005377744160246707,0.001657009662973842,0.004310721305845112,0.0014447952568511636,0.0020716280542721686,0.0008540104500915891,0.0020663045721880926,0.0014352683316113514,0.0022706393135966583,0.0019077718183738966,0.001471363048699018,0.001608326690595337,0.0019109611345422153,0.003203338059205794,0.003130592129160568,0.003425990455353625,0.0024498316063880886,0.002306498167980683,0.0025474948245947818,0.0031048407778858293,0.0023411023441786984,0.0015906224550401567,0.002363331845708242,0.0017685717787652665,0.002278219155630794,0.0015111701506626551,0.002157333644608302,0.0018490936183013613,0.002567830464587537,0.002107009557941367,0.0027298422835528666,0.002592547508664344,0.0033821728329198517,0.0030503426620378856,0.0019322727782232888,0.0028525996770268945,0.0021048282244999455,0.001922365253662313,0.001630755453050079,0.002778986328752181,0.0033899099450362766,0.0030326004049529187,0.0014954864307852214,0.002709163378814895,0.0018888901719546,0.0031380633511781104,0.005012041912553682,0.0030654892877867946,0.0017642600437202303,0.002077898059912182,0.0028087448808349754,0.0036685059361743046,0.0021155378801725484,0.001494400938487529,0.0017120379562864405,0.0019281357666393777,0.0024186358231630327,0.0028778026253989245,0.0014888299585266596,0.0035208699608679987,0.0028026848802452133,0.0026578509445547866,0.001749545526140058,0.0031115565889559818,0.0036716610553775286,0.002074815738235829,0.0022722664566019496,0.002260180578835583,0.001475401977545461,0.00289688856678833,0.0014914449748135248,0.003277793639021443
3580,0.0025883298469516875,0.0027411610122655273,0.0014545215454165594,0.004108757286181228,0.002998610415207602,0.0038169783000748113,0.005075278038006641,0.002134951619771888,0.0022352498213153,0.0038778631880737363,0.0018791353796692894,0.0022907791774403065,0.0017859328460501681,0.0020004665610665324,0.002698912594937578,0.0023703599870135684,0.0018485330784596113,0.0019006898950963294,0.0019312894431639956,0.0032665255756233334,0.0028190162650964428,0.002042081160408644,0.004661558920376902,0.0022605766623396448,0.0009664816213081917,0.002440174391292332,0.003466391077028084,0.001897590724342353,0.0018361589946595304,0.0022026370158234458,0.005093711244976429,0.001744286408078455,0.004219867842708668,0.0014302765915249378,0.0020401719550247315,0.0007691407204342484,0.002110935913404617,0.0015578026111552497,0.0021458999842200984,0.001913199064567654,0.0014141419390554769,0.0015855080754948756,0.0018894330355255843,0.0031022595899347877,0.003006312051739002,0.0037389738441651233,0.0023521370754276145,0.0023117532640366868,0.0025220800390845597,0.003023277912629213,0.00239631979775868,0.0015446408509719005,0.002311203978461851,0.0018157976166559007,0.0023786407327811743,0.0014165562665387588,0.0021180420650965173,0.0018482921137214596,0.0025260035728625545,0.002005968798022374,0.0026065555241474494,0.0027103738590804533,0.00343193337833857,0.0031310615006040154,0.0020696112396532173,0.0029386289335658605,0.0020694143509503134,0.0018641246524491852,0.0016630323351474212,0.0029954771790240554,0.003509757866446454,0.003056994033681114,0.0014658153172023049,0.002629659287796408,0.0019015359855996407,0.0031615207754798393,0.004778717608952184,0.00322405326850193,0.0018653473152714989,0.00205401730820621,0.0026891858350766755,0.0035260146839326675,0.002049508210052177,0.0015293867157101116,0.0017354751606971064,0.0019081734565469682,0.002519486314131834,0.0028008212811888008,0.0014242314535093984,0.0033906086571133596,0.0027109260944395658,0.0028132069659859127,0.00178865762184829,0.0030489761324034963,0.0037938397930983654,0.0020568645921464237,0.0022970670687692107,0.0021581639420731927,0.001434801799203668,0.0029330630474112313,0.0014680346180951365,0.0032008255654989376
3581,0.002738080447304874,0.002997651605527689,0.0015503653282743128,0.0040440945339867695,0.002953096385903031,0.003780541331799782,0.00526417660569254,0.002295840286327625,0.002257601307211934,0.004351532442864938,0.0022832633310621475,0.002453126905309412,0.0019224826872337433,0.0022883894763225388,0.0030043759476201114,0.0026741131503980743,0.0019225399123948184,0.0020124696700787336,0.0021184397901626065,0.003501322330035684,0.003215957744848909,0.002284391846907859,0.005107161275194583,0.0023769466370473094,0.0010231643969125907,0.0027275480406842357,0.003900294586469107,0.001987338374784311,0.0019185108556459846,0.0022656793398024666,0.005434659969465983,0.002003582100696132,0.004646813460027785,0.0014563317695946711,0.0021862676076471917,0.00080065345386419,0.0024488605323739854,0.0016708695655271557,0.0022894096851786418,0.00204684431985794,0.0014624757916536879,0.0017184052596381464,0.0021149154348144277,0.0034330193563919106,0.0032426572885262367,0.003888942566265466,0.0024184198639545023,0.0026492378902650206,0.002695359176214126,0.003651365819732479,0.00243067250944618,0.0017137140114072578,0.0024270003127118125,0.0018010796341393258,0.0025332860794009195,0.0015512420234201044,0.00211091195183534,0.002006679993352829,0.002787514509888766,0.002105536256038579,0.0029065699694594063,0.0027492004292741347,0.003483605266936761,0.003371729780859843,0.002302785423757896,0.003047401317088036,0.002194545307219278,0.0019452176476690906,0.0017720147808278541,0.0033175768564921103,0.003986748111321271,0.0032237101351301023,0.0015799856772125578,0.002747728404818449,0.0020649597505195934,0.0032908809372745756,0.004977068925202569,0.0033966979505203384,0.0020318068189431908,0.0023239020200589693,0.0028820470910809366,0.003768035991850694,0.0022645302678497496,0.0015745703730256876,0.001908170672080498,0.002156134994181651,0.002611815490803974,0.0027327359274859487,0.001545908983724021,0.0036272676686379085,0.002933825142796827,0.0030105014146863006,0.001725838658506869,0.0032427732315633887,0.0036826051035251193,0.00220939650464948,0.0023152458433893636,0.0022961374970289425,0.0015530513797053177,0.0030389945396046597,0.0015292148745554139,0.003949047121165781
3582,0.002903831858532759,0.003126047522715738,0.0015606473207941559,0.004481679784815516,0.0029865683281973736,0.0040109074578349715,0.0054647467336568,0.002301762132379245,0.002384272736640549,0.004900963168399139,0.0024049418919994624,0.0029101066193591915,0.001991223091992616,0.002624610586473419,0.0029952919251291445,0.0024785824237646336,0.0020570777378547105,0.002155330520310842,0.0022371567610051627,0.0037330872756974947,0.0033231384844282295,0.0025614262132059753,0.005235155815994055,0.0019174047154955104,0.001085118103626792,0.0025025800846078415,0.00419603340144405,0.002078161089446523,0.0018743475209213535,0.0024424043807427295,0.005255283897892006,0.001994182856771096,0.004644961725552388,0.0015408939660836204,0.0023373726491553873,0.0008419079081138313,0.002710613031639662,0.0017413458956717486,0.002401375878633739,0.002157921812935262,0.0015453777014844273,0.0018162619586773187,0.002238428477666449,0.003549804853749627,0.0033920376580407045,0.004128126608928433,0.0025526689541628686,0.0025644746086875745,0.002747682985589877,0.003778438668250566,0.0027387968629088264,0.0017957175830299208,0.002347081936107012,0.0018626873382594086,0.002595808663570392,0.0016041246492146546,0.0020643971549556793,0.002037537774538232,0.0029185913239652096,0.002153156122411884,0.0030737985725020852,0.002713462745419304,0.0037195581951965035,0.003835590747645366,0.0024616108072390147,0.0031493970040980678,0.0022685374954989905,0.001968624756274665,0.0018403149387348466,0.0035596339252177375,0.0038771211848704335,0.0034965269914572668,0.001687115714008384,0.002656887999399579,0.0022424859836331023,0.0035127841478780147,0.00520478154842985,0.0035676615101903546,0.0021465778414741245,0.0025493693684551194,0.0029256498744667523,0.00369238186688088,0.002344416416626354,0.001666856661123462,0.0019918170160615105,0.0022567529956024554,0.0025970274856924147,0.003096779161113406,0.0017773236266970887,0.003986021537894939,0.0033136092532426837,0.0030683717855442398,0.0016873378843199852,0.0030905941314470376,0.0038211320746158813,0.002306781282835571,0.002334149301200405,0.0024340491139009284,0.0016130139612001032,0.003527902210631488,0.0014608503593461965,0.003956096086539365
3583,0.0029646381273450884,0.0030656030765632597,0.0016698771316612177,0.004461740026990138,0.003144422489406065,0.0041601498424290095,0.0052160930378631455,0.0023194355706090725,0.0027384595538790125,0.00428649958054692,0.002388097776037958,0.0031517817206288814,0.0021034084246535686,0.0025744355535932332,0.002699304990887179,0.002461876630337402,0.0020146307741704217,0.002252250339870806,0.0021728888848891723,0.00353681655953942,0.0033464503969199205,0.0024734320048041005,0.004892956058084999,0.001797457809813653,0.0011349192320415174,0.0023925738452608243,0.004004483616117607,0.0020566804797809276,0.002026603451644442,0.0024939249790259356,0.005076177800541545,0.002000152918546685,0.004618773082264362,0.0016878859806593453,0.0023552800063092907,0.0008944224150143006,0.002679382748093983,0.0017418224653761175,0.0024077759177493917,0.002217415227733426,0.0015468961001549192,0.001921528736738411,0.0021201690304095853,0.0035004323848661554,0.003351943889801498,0.004335846733452111,0.0025504748693741335,0.002979488039083522,0.002804521527853188,0.003742007571733896,0.002836084308749657,0.0017798761807786567,0.0022506913441668426,0.001972985598435899,0.0026272430677583406,0.001606608261917444,0.0021186554219271734,0.0020466948322783794,0.0028159928604216877,0.0022423728178099047,0.0030367998234729753,0.0030799312645041913,0.003581279196446533,0.0037136332510261712,0.002549833541769338,0.0029924818843550857,0.002323271703705192,0.002325810196480305,0.0017171594443269004,0.0035598739357038263,0.0037541599638912277,0.003417357061063484,0.001744333423696947,0.0027351529073267934,0.0022469520481675437,0.0036195369989119224,0.0047316635615535394,0.0037090280075660325,0.0021671893860328423,0.002547769126207382,0.0027553554200172243,0.003721991371664896,0.0025526982233529203,0.0018204688684344528,0.002014507224348248,0.00228119186823464,0.0027656133617505897,0.0029888623952992774,0.0018429902003832717,0.003848568248225867,0.0031332532379740826,0.003080326480161717,0.0017818472295418007,0.002969607123733592,0.0039039173334969876,0.0023547663812771413,0.0023664364842513243,0.0024048001624330023,0.0016797111178420696,0.0033966271458568398,0.0014381868735125055,0.00370584392166237
3584,0.003839693073258085,0.0038584637289789687,0.0020023479429702937,0.005105428888343628,0.0032205632884845853,0.0047272270355093885,0.006481273056232596,0.002669884326638494,0.0033996349126728487,0.005139096328456227,0.003432857441974968,0.004114530049562576,0.002398666511955332,0.003131237812996885,0.0033641880978288576,0.003333760845631276,0.0025020653073235073,0.002674169826975859,0.002602282795623152,0.004052564478538842,0.004046328647074113,0.0030069975735778857,0.006322065665429618,0.0022024714946113433,0.0013682798509714019,0.0030752339007501907,0.004497748630759917,0.0022578639871179036,0.002461513828023808,0.0031926265223265167,0.005854008925796312,0.0025397437174500058,0.005644315859658606,0.002019014857508699,0.002775963153903114,0.0010309482606343729,0.0034155989252241652,0.002072097703840288,0.003061063630785553,0.0026568923459868083,0.0018782133179106111,0.0024740680376400415,0.0024450949231160446,0.004084465715792947,0.0040714744418712005,0.005413988351443917,0.0030517326192509653,0.00373180535920061,0.003271333907958651,0.005196393446449591,0.0031032492592257175,0.00232865302747834,0.0030448094492411797,0.0024241982558461305,0.0028863087668102635,0.0019134647378329787,0.00244698456981355,0.0026182908804211476,0.0033669992985826624,0.0027677024611203922,0.0038272093036888183,0.0034443643077179133,0.004347460136364738,0.0042549097018488805,0.0031076206922381914,0.003254887086259282,0.0027704967226112056,0.0026595904843499,0.0021821187612276857,0.004596050185551794,0.004765777528864044,0.004065689809152457,0.002060720182732588,0.003393460843034931,0.002741077547471695,0.0042749093140691955,0.005459173383933503,0.004450933682195144,0.002583711405597217,0.003269431670351526,0.003470844341902386,0.004224413548424264,0.0030730545054315998,0.002311026573378383,0.0024457799366502655,0.0026333667829592728,0.0032200931479994693,0.003476347989089961,0.0021446705748196983,0.00481608859583583,0.0035287553860955277,0.003578150347135273,0.0021712743924625355,0.0037958092201051557,0.004521068957614068,0.002792212375959801,0.0027984688388066775,0.0030072615009229166,0.0021575584885717832,0.0038167976362552744,0.00174438353823197,0.005108853152402329
3585,0.004118646867041048,0.0039144781631349134,0.0019690600513075137,0.005195760135870374,0.003089740448414702,0.0046790335219924675,0.006288103055260193,0.0029866283416332432,0.003476997970163885,0.005089058730822478,0.0035328279461025016,0.004361036787413958,0.00232585294225744,0.003297768925118372,0.003510433653479377,0.00333996177342467,0.002549999420139633,0.0027354930110184963,0.0026111941575144965,0.004117596476492622,0.0038616393628927484,0.003065880656893141,0.006288000475061087,0.002313384304119047,0.0013313226461058084,0.0032512372790664567,0.004976440912809178,0.0021511484026918424,0.0024449404146092246,0.003086949547997626,0.005735416889495858,0.0026283415068408572,0.005376525536047191,0.002026303288470607,0.0030829022296920087,0.000989026767280179,0.0035036544221569267,0.002067080282817551,0.0030821350771694208,0.0025571697838610167,0.0020817011132383133,0.0023828927655531805,0.002454361603313511,0.003999390276220824,0.00405944599692238,0.00534220204743607,0.0031958563823903914,0.0034768926693369826,0.0031751541126290076,0.005144998269743157,0.0030646499762980945,0.002335946585393529,0.0027401351131414176,0.002396737024896433,0.0027107938887349736,0.0019087414328926586,0.002380810548641857,0.002713511488693411,0.00328098437391348,0.0028329245733864556,0.004153561301161904,0.0033533240848603327,0.004144776066613782,0.004269682551204518,0.0032334945768553638,0.0032178553877838033,0.0028561733359946276,0.0026806906132542238,0.0021024041339737275,0.004230785139807041,0.004691080853833668,0.0038728644986945724,0.0020991183075192653,0.003187223848443754,0.0028239727119143427,0.004092304111237724,0.005402601094044954,0.004614804789659545,0.002601040154041281,0.0031195629611532553,0.003588563470944945,0.004718011199412896,0.0030575822754075823,0.002340975843555702,0.002347248280812273,0.0026191010243722095,0.0031593419876075894,0.0033009247182587366,0.0022356339388426728,0.00459126919637772,0.003649262105478302,0.003341936624995314,0.0022595115632742654,0.0038561711677091125,0.004180145856841593,0.0027370194139860987,0.0026246625919820253,0.003146090555633034,0.0020045649569377533,0.0037049172377880595,0.0017236411643201527,0.005203027955043432
3586,0.0041731324148514895,0.004048747980318735,0.00199151083724686,0.0052395682078010325,0.003176079913050359,0.004919197368671933,0.005525504056747234,0.0030038257208125085,0.0037503132468473376,0.0045209098434079095,0.0031275981187928945,0.004395944969107225,0.002243231680838413,0.0031484766631409223,0.0031554624179476825,0.0029803218009427706,0.0022972279536279424,0.002686798079791074,0.002454351354015693,0.004010478668696456,0.0036834374340373047,0.00301958840302461,0.005656771194172886,0.0022081123738621903,0.001351088520214016,0.003138980144827242,0.004707374515313682,0.0019497483747280997,0.0023765073943550438,0.003056638265953013,0.005652864212719329,0.0025503309616575365,0.00547704356641939,0.0020053542329420545,0.002783270877671514,0.0010194208379133646,0.0032957211108666294,0.002054628516961276,0.00300724883479248,0.0025931907585262986,0.0021536117229282305,0.0022646086319044307,0.0023056789119382695,0.0037282295504475066,0.003977697709102754,0.005270240737259558,0.0030306339110439916,0.0031879994740571724,0.0030432845342738147,0.0047334563417292955,0.0029319405406673885,0.002070493018023944,0.002833310211430733,0.002404419022540131,0.002684561306677278,0.0017821243683105819,0.002397823682753267,0.002552892208274776,0.0030768557219160607,0.0029525498186141926,0.0038915554713327416,0.0036276957431557416,0.003882734297461459,0.004055388318820849,0.0031011681438415884,0.003253487578772139,0.0027193781784300985,0.002881860093925571,0.0018245451064311062,0.00391948259558338,0.004680289405808814,0.003939562372754328,0.0020446652395282546,0.003288896552027655,0.002704402305974099,0.004079525919539196,0.005403550348772413,0.004288985658563185,0.002512114577811881,0.0031449926315963352,0.003423699916337136,0.004715670142247245,0.00308861236999016,0.002369089409296689,0.0023717126547500166,0.0024206651246670044,0.003212702220766733,0.003587162479188542,0.0021920291693092253,0.004373185338881348,0.003525619802073988,0.0032077668080876163,0.0022700866087213257,0.0038926943514279726,0.004471909287168477,0.002644335050882822,0.0026409233849530823,0.002958201978459505,0.001916575192080809,0.0037865659432494516,0.0017189532172502252,0.004480219111998192
3587,0.0043934541864565115,0.0037990401276149556,0.0019999889698327053,0.005035842847805309,0.0030646755433474757,0.004812005307027189,0.005546686379251421,0.0027233171947195,0.0033305545799308346,0.004441176896381318,0.0028745144936857254,0.004268317304609695,0.0021213655676344794,0.002902177958495764,0.003061237864942107,0.002898274140356687,0.0022158019654711513,0.002508890607096646,0.0028676333789535015,0.003870937181974974,0.0035404029441392097,0.0028350271893329165,0.005361389797646176,0.002367612073243862,0.001246438815905322,0.003377784178528455,0.004369085029228169,0.0019048212263315385,0.002387562895721121,0.002856621991556582,0.0052637405556935045,0.0023468370710051827,0.005345670600558617,0.0018686671633530913,0.0026573881841232784,0.0009514922292044076,0.0030264634714653026,0.0018130551424430945,0.002980692206747897,0.0023442505429251757,0.001998676576936038,0.0023387556117944975,0.002341548882804057,0.004052648120558267,0.0035174894454357026,0.00486994222592018,0.003116437137729975,0.002920070553595223,0.0029733043600474415,0.004597207949869771,0.0025807626763277524,0.0020862277482463724,0.0026605561279162034,0.0025016322718829083,0.0027034478602047766,0.0017231089794978915,0.002581393397558371,0.0024718552591714415,0.0029939576956005626,0.002919664662940746,0.003589503133862049,0.003466353457480975,0.003742768128871509,0.003787904453753772,0.002917526546591806,0.0031633869801698704,0.0025402672763235328,0.0026500906747646867,0.0018774067667378994,0.003487304040462466,0.0045852102049121395,0.0037116618843039116,0.001935846309450432,0.003174705654024233,0.0024694961795268967,0.003925496341823059,0.005117390816307421,0.004421129193750712,0.0027154380808409938,0.002824465555179987,0.0034218122344570716,0.004656732701767243,0.002848311481708753,0.002504919079452514,0.0021798731855433486,0.0023220047608922515,0.0031275319475468064,0.003344956894285627,0.0018980696555319593,0.0041150153395097516,0.003291526249032728,0.003239456363500499,0.002302443357367521,0.0036718976450583183,0.004358518201457761,0.002512963264878296,0.0026916370352714812,0.00266535640513483,0.001880113640211274,0.0034173688330168526,0.001750333137868688,0.004358661371107641
3588,0.004368709023639582,0.003674891086640151,0.002035113880767174,0.004967956394380169,0.00293257638849924,0.0045359077372616255,0.00573498902369433,0.00269294141664255,0.0031792657272527044,0.004493986728052875,0.002879282224606028,0.003918814879870549,0.0021100167709221787,0.0029002492283436887,0.003190791826142523,0.002905579965306735,0.0022861446087533046,0.002467753848120641,0.0028569425819235036,0.003645631509774965,0.0033926569705915533,0.0028682600055650238,0.005399562866726166,0.002417976853009513,0.0012777310210405248,0.003320433512550096,0.004166348355217523,0.0019094428858931615,0.0022009508741687783,0.0027881194611119754,0.005332623637186419,0.0022130974545951547,0.005246978974198208,0.0018578963009502367,0.002700185078453298,0.0009754326904566563,0.0029679868902766247,0.0018296969216742734,0.0028094420281862074,0.002312417555230847,0.0018878954417132442,0.0023249404234677177,0.002417089445450984,0.003966804724694825,0.0033968564481727027,0.004532183902463954,0.0029610114434771425,0.0028573311507858246,0.0029401816700472634,0.004413603285080288,0.00255612426292038,0.0020099628494218568,0.0027135721105993114,0.002448379864336864,0.0026936820445353487,0.001695232696135904,0.0022874334039376543,0.0023883426049070345,0.003003005685223023,0.0029011044116254,0.003381781711669989,0.0031661924345501406,0.0038736168752073474,0.0037510333343804183,0.0027995728741467434,0.003050182165972527,0.0024595756603143916,0.0025365968458473283,0.002054279746582611,0.0033934293561412258,0.004585958067384877,0.003719304111095192,0.0018718976632580882,0.0030937951541163532,0.0023725974482731605,0.003842577706627243,0.0054076618647857875,0.0038361888906502076,0.00267605780644142,0.0028988495951797763,0.0034496266990742823,0.00504863702097061,0.002618404977772717,0.002456432123492955,0.002156397814068427,0.002345103359564696,0.0031100147550539,0.0036861762748381264,0.0019242511200918946,0.004002469116212828,0.0032102059574202315,0.00340267969451356,0.002261380181181321,0.0035535703262595713,0.004140705515861848,0.0024935387723501725,0.0025917363129099903,0.0026353497218835563,0.0017988159426909768,0.0034092966244289205,0.0017451855321125671,0.004522546654730993
3589,0.0037528719176700954,0.0032239093180268024,0.001772591818823316,0.004530634148241407,0.002836139034553091,0.004270869334100315,0.004619421656182096,0.002510702422231075,0.002921424259548552,0.004365387064451325,0.002479343824020024,0.003321771945917792,0.0020041042455896108,0.002821987796458003,0.0027969378193975973,0.0025607634984050917,0.0020073970728919305,0.002240957895870755,0.0022697407637680216,0.003554679767614612,0.0030655075917796894,0.0026625820302871583,0.004437051737387226,0.0020086870040964024,0.0012029876908366188,0.0026099661145308527,0.003802542029241501,0.0018043922512292793,0.0019513252590241685,0.0025407916174474197,0.004907538926993234,0.002000230970758267,0.004970153076512413,0.0017005633063155274,0.0023752406948830103,0.0009349001035617292,0.002699555040196627,0.0017879321243435304,0.0024339743772044623,0.0022235245616803708,0.0017367688485552546,0.0020060262374898895,0.002178689793816519,0.003584126676819063,0.003178944979324215,0.0037456441057448038,0.0026606906875331045,0.0024854962037304112,0.002816193698501388,0.003904063524827752,0.0025491970695075777,0.001695067804995474,0.002249079053801418,0.002089674911547647,0.0024472851087620527,0.0015758899791880308,0.002001440613953178,0.0020347177881517224,0.0028719997864708373,0.002628171529744505,0.0030527686078288636,0.0030513596363999657,0.00361650453701443,0.003595608906574156,0.0024473326085103623,0.0031316993370153817,0.0023096422800004054,0.0023334500096589645,0.0018325420927895082,0.0031193694881851398,0.0040329059727118215,0.0034168981465541627,0.0017018954217337587,0.002812984047247383,0.0021513218938289717,0.0037174733615445393,0.00552663780446677,0.003417063920745465,0.0023758878840804834,0.002667929779669743,0.0029805272420575482,0.004671418990930897,0.0024106559906493276,0.0021214131789436307,0.0019980827461418284,0.0021727760183898447,0.0028332660690096956,0.003642725706366223,0.001980699418831693,0.0037449618299599825,0.0030782798587562213,0.003038751520432554,0.0020236461617669298,0.0032868765561099196,0.003877651354407106,0.0023472636570591155,0.0023491315674072847,0.0023791791829436875,0.001642846813023155,0.003319290853198988,0.0014645611304544633,0.003637346414949864
3590,0.0038498168022878176,0.003378246947461722,0.0019244088856652025,0.004739155093848892,0.0031189677022578966,0.004635562554179269,0.004734412100633257,0.0024775569254275234,0.0030965276744450627,0.004192412401979576,0.002523876495119627,0.0034408389877330745,0.002066253276537713,0.002998045295734298,0.0029932692108745633,0.0027093449860088,0.002174513943276562,0.0022776373899794965,0.0023441471296817345,0.0038767966868067964,0.003310729522288116,0.002907241790536801,0.004866945855256899,0.0020422361659828375,0.0013012459728344058,0.0027337026978888467,0.0039166523796746,0.00195383133123031,0.002086248792865379,0.002694561329207187,0.00529605517905913,0.002043185627289385,0.005318306283256259,0.0018367182005555752,0.002425331781296634,0.0010683564452322743,0.0027930987853918145,0.0018935461905544221,0.002543629221100727,0.0023668608660730723,0.0017984375577640877,0.002110560585032674,0.002324301372950295,0.0037122781421723245,0.0034862093820540196,0.004006549371721911,0.002908618036254082,0.0026421561111052622,0.003035825009224188,0.004177303346185524,0.0029012898829845414,0.0018156241417539203,0.0023542134909794407,0.002277280677276422,0.0026175735794092786,0.0016776643652917985,0.002178844497377806,0.0022254111491215732,0.002971154745335823,0.0026583037622224387,0.003174860544328001,0.0032016624282413617,0.0036226557957698222,0.003653813249460592,0.0025280822805492285,0.0032397943888708767,0.0024538023296668287,0.0024065123420534524,0.0018791183027512559,0.0034283771044495777,0.004101985395514745,0.0038300156738470216,0.0017366250398232897,0.003062891713567153,0.002220392426738877,0.004105795391097992,0.005772931882501703,0.0035398374654023205,0.0025243335510070184,0.002775487167201284,0.003261396218089132,0.004859932778762801,0.002626692963574809,0.002313899687644311,0.0021293096010889514,0.0022111563996883216,0.003024670563147196,0.0037112818078061196,0.0021719474489810373,0.004014677273523262,0.003340285937101489,0.0031428485360308687,0.0020995786035058364,0.003354943469027782,0.004200997256530076,0.0025042100047145176,0.002575713959145843,0.0024449892940658128,0.0017477125531245325,0.003396228022671613,0.0015549851650107208,0.0038313771818888767
3591,0.00314273404895302,0.0031936296762583596,0.0017446910520656134,0.004093654374553559,0.003054925440264224,0.003950636176786073,0.004720115275791987,0.002231557738704902,0.00278664425575619,0.0036780974222480416,0.0022973996633999503,0.003128881451494242,0.001896231133772571,0.002522411032516892,0.002648415753152314,0.00264883323020481,0.0021281144540542017,0.0020763935609499863,0.002319214494924517,0.0035505222021194123,0.003021951270776049,0.002612254590869427,0.004436416477450499,0.001940213487357388,0.0011228660329711782,0.0024701879494725097,0.003734950402712371,0.001839974619875176,0.0019413244407010784,0.002494931417149621,0.004937061406209449,0.0017051299846521605,0.005112197780744115,0.001663773685294315,0.002154662561424805,0.0009235750034504831,0.0024454488033354652,0.0016331520265665993,0.002459466035391883,0.002039173184067526,0.001602307284393947,0.0019173767608763833,0.0021152931583858295,0.0035437764667318877,0.0031365115811372406,0.003678364097905776,0.0027921400752352705,0.002496867267040868,0.0029434777523402998,0.003693698845173901,0.002810674016570392,0.0016715075566848695,0.0020408885474521928,0.0019469141861765205,0.0021948264674983096,0.001489730513903034,0.002027039564103603,0.0018729386593658442,0.0026382702108509928,0.002259370852877802,0.0029565405854813,0.002855722426039349,0.0034951895844152897,0.0034011098375762825,0.0022741979046166073,0.0028698565619651424,0.0022898222655101342,0.0021493627475979056,0.0018421419455834072,0.0031056992508458584,0.00390992242772501,0.003474895229325326,0.0015505923347812409,0.002716867524585384,0.002036102517496958,0.0038834641345744446,0.005369501528359935,0.0033078992127830308,0.002333596506431877,0.0024353254375329898,0.0028937590244905212,0.00388478340547755,0.002356534093966587,0.0019678530776452187,0.0019115254087585644,0.0020129642444972496,0.0027526836507772113,0.0034032147478614597,0.001880288687467928,0.003361350642598591,0.0028697462500152913,0.0031670635308745716,0.0019090147642809904,0.002826420448181977,0.0039930093431339185,0.0022910825962725915,0.0023576061248747233,0.0022988126245376533,0.0016017752434940565,0.0030153815120068416,0.0013774616612336147,0.0037267227602806106
3592,0.0027902389699235026,0.0029534817251738225,0.0017586444146293146,0.003837054417844083,0.003064533738902125,0.0038005391234762296,0.004507796013456844,0.002024994610264112,0.002796547070443257,0.003682385329605332,0.002281985456450235,0.003047422972612409,0.0017719335785029797,0.002355786715114856,0.002495055118633089,0.0029118228919215662,0.001992288436675858,0.002215115971764858,0.0021780220307281066,0.0032669995237982275,0.00267428066275567,0.0025448449774160033,0.004577536063911944,0.0018702439718373059,0.0010467138263859606,0.002420626552809894,0.0034912748897559234,0.0018147172247722665,0.0018560948021812025,0.002361194099883095,0.005731167732545962,0.0016698956853153808,0.004682119423194681,0.0015898802141457607,0.0020923056133456564,0.0008531983745745636,0.0023829501644662874,0.0015167775989376729,0.002351087120864383,0.0019764177196625434,0.0016052458454570528,0.001736406818734478,0.0019917371316781475,0.0032209315927037136,0.003266626564648814,0.0035369695372437647,0.002588939509175029,0.0025519530727592804,0.0029900387781725407,0.0034863390549473364,0.002744641540187617,0.0015984216235288382,0.0018974211813882697,0.001666395974629602,0.0022029316985750103,0.0014954170423211541,0.001857821476979956,0.0016548701016507403,0.002558978205857988,0.0020654818832798873,0.0029008301046770865,0.002742201588291955,0.0033168106653686,0.0032210089887643083,0.0021097628493661658,0.0028522979496039855,0.002222197319573043,0.0021432086164474133,0.001923609591240119,0.003355676605237341,0.003582604581559373,0.0031947111647258825,0.0014345161713232627,0.002688061458904466,0.0020588640802842967,0.0038918230605201735,0.005061676733604704,0.002959100930342419,0.0019287941570695273,0.0023054539905283636,0.0026784464992316696,0.003436494102499899,0.002386462040940626,0.0017210003316983045,0.0018864002854476671,0.0018685802602110564,0.0025410246443047686,0.003143576078865838,0.0017985972782339624,0.0033857566142506275,0.002670581511390299,0.0033041334908890368,0.0017566079142506562,0.0027529166305219595,0.0039533754011054365,0.0022605604359868495,0.0021844933063606617,0.00225702616105947,0.0014932110448738043,0.002779034572765772,0.0012879164933798431,0.003524609055303508
3593,0.003162330591521593,0.0028871215892221904,0.0018029541442136049,0.004126561665195084,0.002991984821583408,0.004048827884969968,0.004614329160287647,0.002201796033505219,0.002762635394960173,0.003929145536310253,0.002234349751148226,0.0031183060606355508,0.0017589848329467776,0.0023908433958727605,0.0025969341825030044,0.002822166991794509,0.0020137934915272163,0.002318822091220959,0.0022244783841996888,0.0034273166611163445,0.002651237848795979,0.002745682590028054,0.004807687561436999,0.0020928316165487134,0.0010705968405641882,0.0027083764151991842,0.0034978051822468627,0.0018934776747308694,0.002016648764317002,0.0025243017570920753,0.005832205524550543,0.0017519572386233955,0.0049407285373209925,0.0015747020842780532,0.002199840229086579,0.0008334530094556755,0.0023559528782878723,0.0015280059334606144,0.0024959936020132315,0.0021455474777980913,0.0015862662747162693,0.0017265810527473332,0.0020230131164711645,0.0034668849052331752,0.0033142305693210855,0.0035991997440737466,0.0027322088826794966,0.002854620900621209,0.0031985769532330674,0.0035937972730022997,0.0026372433930377803,0.0016201462295338672,0.0022096548522718084,0.0016465267755027223,0.0023414183265090026,0.001558787840563075,0.0021183009956312355,0.0017415071561056722,0.0026666090762568983,0.002199093613011838,0.0030312741718296955,0.0028954029281000613,0.0035088812837327835,0.003311309845840172,0.002120635134335023,0.0030331181051277763,0.0022780149307313367,0.002205813483093955,0.0021742159804207122,0.003431018361686567,0.0036269764409076516,0.0031088834097398204,0.001445306027357531,0.002800959163803611,0.001977582477703495,0.003944928195748822,0.004892039836698251,0.0032611322619271236,0.0020206249041570274,0.0023351250006115767,0.0028139138297993953,0.0031412849513892675,0.0023655520892002487,0.0018030263565721727,0.0019149456760326278,0.0018636364667145942,0.0026116650177640645,0.003301588060848306,0.0018353532536161427,0.0036693880218143697,0.002810127546956084,0.0031610671733085204,0.001692261591953132,0.002895776051279338,0.004071093993704325,0.002300090286496845,0.0024104552471349403,0.0023297783230763333,0.0015332186832050054,0.0029246552058876346,0.001341250168168073,0.0033415922818457945
3594,0.003091415970552757,0.0029569039995602808,0.0017878587200224896,0.004040594743421678,0.003071784427262962,0.003880866326594701,0.004831861059489046,0.0023831952438694193,0.00262455570306015,0.003604839439652133,0.002106284113323237,0.0030979698091076046,0.0017485732083747808,0.0023895966103137764,0.0025861445976731036,0.00273987253045014,0.001959523146064055,0.0023418757531544648,0.0023541398297185594,0.003535869712156258,0.002770631776001981,0.002618553965633583,0.005162256512519411,0.0020872147034181375,0.0010690382796157702,0.0029386786235085175,0.0035541251004017936,0.001885255266018624,0.0020520659339237565,0.00253361850005482,0.0059782900151644286,0.0016853973502699991,0.005175804398992414,0.0015551629531167111,0.002159141789261696,0.0008616743266644297,0.0023585386265138,0.001449317573487576,0.002563075880959725,0.002107997354718471,0.0015269876436257918,0.0017229243118227103,0.002012549258219721,0.00344102907052721,0.0033096184174049303,0.003744099466882931,0.0027885878865791924,0.0028341197354188013,0.003184728184693196,0.003400298009169941,0.0026381458376124813,0.001684642805108292,0.0021677661548723443,0.0016778172090817507,0.0023098259111878267,0.001592925586659369,0.0022754518814801956,0.001778567403148586,0.0026194150525739074,0.002200797375424682,0.0030569645080324916,0.002853327081032439,0.0034738186665039463,0.0033160316757292357,0.002172991816587146,0.002694028192425917,0.0022911146608711984,0.002147952150535819,0.00216216949820082,0.0034575171970935557,0.0035887499996277374,0.0029588569259054905,0.001440330925892232,0.0027091801320881345,0.0019474903639478188,0.0037984669479023884,0.004969601594732989,0.0030366260218332923,0.0020903888560348124,0.002157758211596057,0.0028491560336041458,0.0030512490823686646,0.002444028676582012,0.0017704322696935778,0.0019148348091479611,0.0018626355676859242,0.002636578890242961,0.0030258640253429283,0.0017696788475149198,0.003651497733099442,0.0026391764100973532,0.003082711629642459,0.001673954865151844,0.002802252791836176,0.003918111488933424,0.0022828712456691835,0.0023801244677376125,0.002270575033999293,0.0014611543052670832,0.002912617946017793,0.0014385490518046872,0.0036390247826518325
3595,0.0027396825211809623,0.0026966311254624942,0.0017111259125640213,0.0037764723287899682,0.002614438763398792,0.0035422812902425327,0.004413472503119977,0.0021744677937060018,0.002346309628323028,0.0036490797846179105,0.0019772433573479026,0.0027226489965633377,0.0016880967958870774,0.0021770186935951034,0.0024508993946145722,0.00259993384497166,0.0017422011958178282,0.002351290519100444,0.0023531981901648135,0.003296847055349544,0.002553090905924834,0.0023128502589937023,0.004830903139076744,0.00195232440567139,0.0009833311846646276,0.002837114506720594,0.003346474147630581,0.0019365230759390024,0.001890859200424238,0.0022661151847111665,0.006010090851233875,0.0015598806358348466,0.0049169635041329774,0.0014690799683832823,0.002025764034813575,0.0007762913223967172,0.0021219540311155916,0.0012919654514848059,0.002556664789805491,0.0019196703915475143,0.0013849994400916422,0.0016300287381630623,0.001968657096481482,0.0031044123436041147,0.0030286848129334877,0.0036154917793986344,0.0026702281426168985,0.0026826448863226087,0.003035498231083275,0.0031760591214932197,0.0024887786341166035,0.0016128981200201817,0.002051590673851117,0.0015085481803597,0.002169247866339126,0.0015437996937210162,0.0020098984933926323,0.001528165133631912,0.0024421999996239326,0.0021970178206724717,0.0028456768923487154,0.002618894209626999,0.0031507860157894115,0.003167650825986017,0.0019766002417421114,0.002460247920697863,0.0022191007334642038,0.001953697328049078,0.0019631050818931348,0.0030740670472352333,0.0033075344614517913,0.002699233706099828,0.0013608353042190242,0.0025334974924104765,0.0019252829830689487,0.003555177770673732,0.004646524331489122,0.0027207774887604607,0.0018267522228160137,0.001991893454203631,0.0025049398943580367,0.002916261709152893,0.002214405896188806,0.0014472139410406086,0.001707975144213053,0.0018116180902289511,0.0023272233697552956,0.00281302613331774,0.0016019820834801736,0.0034730384412676382,0.0023846937621148073,0.0032666931155713452,0.0016410720148020313,0.002651972979866978,0.00362873550487624,0.002175814952933906,0.0022635805210655105,0.0021498049182505307,0.0013693753556366795,0.0026951745359516926,0.0012727915094351296,0.0033334011029764947
3596,0.0031933586798574857,0.0030252026115347042,0.0018762617507539078,0.004527790023476515,0.0025938104637892043,0.003918607107259157,0.005148579819182265,0.0024621561028611667,0.0028566975251756287,0.004315716188155137,0.0023350894353529306,0.0033295726236043117,0.001985220571398099,0.002580187610106393,0.0029108609017550148,0.002974856497426543,0.0020684787555424813,0.0027351218443130245,0.002512771567947676,0.003691456653691802,0.002962434370174877,0.002677097691759616,0.005512485519635859,0.0021742011949108897,0.001215365961643487,0.0033270430038454613,0.003735516701607521,0.002170001348075185,0.0021894833648262836,0.0025172480504401453,0.006351199467926006,0.0018650728294123458,0.0053992260574506085,0.0017024228965149349,0.002388651208277551,0.0009584147595817158,0.002442099098561878,0.001523202103833363,0.002719946652008104,0.002239506046007881,0.0015116546677087527,0.0018892510229037416,0.002134713458230421,0.0033025185434368562,0.003408122685382004,0.003930661934807692,0.002962552120378204,0.003142253035618358,0.003400905741054975,0.0038295765785211727,0.0028204945935921383,0.0017558089706749933,0.0024140635849623144,0.0018175134999183571,0.0024973576292251533,0.0018225097875291755,0.002262942684680331,0.001887251272472964,0.002953286541166318,0.0026560699619651838,0.0032405018772772094,0.002939399992726913,0.003535475515196431,0.0034734357866311517,0.0022151933267973165,0.002808346941535366,0.0025363161973736776,0.002186497348296546,0.0022955233267471144,0.00361795570894356,0.0035022140007146575,0.003005610484642666,0.0015496627189080492,0.0028083838791994305,0.00215833064955225,0.003947739619404167,0.005053961993829851,0.0031171394376818353,0.002131655119136542,0.0023343822193882054,0.0029408472956491743,0.003678182140928446,0.002494580673781534,0.0016635192426056244,0.001970891278165423,0.0020448677710511965,0.0027190906187357687,0.003162757647378238,0.0018089147935671198,0.004359318417603433,0.0028738987938093786,0.003644537291496906,0.0018700218874103415,0.0031999656357554946,0.0039757831538736665,0.002482025787311942,0.0025238130235195567,0.002472613137505653,0.0016272791216213184,0.0031404424286190133,0.0014812133231359114,0.003832689578778496
3597,0.0032369464795522548,0.0029680644274381884,0.0017424419622095195,0.004415925559641202,0.002727386888297876,0.0038778131607441254,0.005328954623017953,0.0026282867115043295,0.0027798160211339605,0.0041966246012841504,0.00234216652958096,0.0031531499430949945,0.002023163513982003,0.0026703629572911586,0.0029540644488640334,0.0028350503070061414,0.002081464608685554,0.0027291350125213222,0.002562699522761681,0.0037062907702902167,0.00313586352442591,0.0025999682413225243,0.0052824869401883355,0.0020644102076589816,0.00115775175223861,0.0032214864136330145,0.0040060733681593855,0.002223430102712773,0.0021349468406552208,0.0023885786518065806,0.0055828866248639215,0.001820600417514315,0.005668256822485723,0.0017296966087811448,0.002362997538622341,0.0009524949397286443,0.002451306302214767,0.0015325470615516724,0.0027987432969082127,0.00218215873448819,0.0015075113566843754,0.0019217208851948881,0.002057534486356006,0.00325577521993632,0.003297475677833101,0.00396793802472624,0.003031000144449535,0.0031218755195242787,0.003281758858660795,0.0037608672957291176,0.002895950877779226,0.0017750856691600674,0.0024369914352747853,0.0018448365051788233,0.0024013579051306772,0.0017682519094456863,0.002229900526121966,0.0019430420705348205,0.0027782263514093673,0.0025734696906820785,0.0031528318898822946,0.002763689388823448,0.003500391993642555,0.003603716598867568,0.0022666472566768166,0.0028584654721901335,0.0025254480973251844,0.0020732490641167303,0.0021490413915892137,0.003426820180280405,0.0033787057778294546,0.003071404280988633,0.0015991158073114685,0.0028228914771303466,0.0020158181759264275,0.003968968638271382,0.005145979462417102,0.003039848604934884,0.0023348492528755273,0.0022803825497671503,0.0030352811495917985,0.003671663769247667,0.0024335614678920327,0.001730849183783674,0.0019158922297424351,0.0020080997574948647,0.002743422973657277,0.0029008217773635785,0.0018374404646429535,0.0041649642716849915,0.0028174697132625215,0.003404411170737529,0.0018132081707827143,0.0030204056415429623,0.003969605995572106,0.002403841173760586,0.0025065054167156967,0.0025077876364826526,0.0015744583003830764,0.003179985607347561,0.0014533574288669497,0.003978198871839507
3598,0.002723099654962247,0.00275058772343681,0.0015606156486557229,0.00398363415830447,0.0025917910188111757,0.0035003627838117624,0.004675976702933785,0.0021750776947881503,0.0026821494077903523,0.003757860865970637,0.002004146871113127,0.0027411743175601287,0.00189864270470068,0.002378099504792227,0.0023453935846735946,0.002589617119650355,0.0018078367960783878,0.002341317456533572,0.002182556683238298,0.003133087835873713,0.0027750097287799445,0.0021907735433015422,0.004349948787122843,0.001813935335128915,0.0010016781522905248,0.002946634641179708,0.003616514898644404,0.0019208016718325555,0.0019135424136323437,0.0021941292407819026,0.005168445107793315,0.0017691662264762561,0.005217947471244788,0.0016216237536212559,0.0020840212105218544,0.0008737294951694688,0.002349460928013912,0.0013803055300811488,0.002585184190740405,0.001972196801866695,0.001509627945691378,0.0018890807372201454,0.0018558450538215226,0.002910280298979948,0.003039178000538875,0.004122447202139741,0.002662157959096438,0.0028241078243320733,0.0028496357033860943,0.0033501456508411615,0.0029835420874279113,0.0015639963245043403,0.0020634761679825114,0.0017378441297239279,0.002144668955696445,0.0014963792827759736,0.0020084614674064777,0.0017547857885068143,0.0024242237936384233,0.002404726565771503,0.0029540084533714213,0.002682370451099999,0.003031235052666135,0.0032786200629303323,0.0022291281200854376,0.0027606091238615905,0.002282868217320668,0.0019163837292399803,0.0017436047166470598,0.0028946080812881237,0.00315664160049931,0.0031044078435223505,0.0014769670368035,0.0025817656183298333,0.0018965661656890078,0.003515766777593976,0.004750428996863335,0.002863957866923669,0.0020372418605073992,0.0020996857809306713,0.002565161940415045,0.003509695148253286,0.002161575626714093,0.0016326032517071495,0.0017439567879111385,0.0019451236267153697,0.0026404431723554577,0.002520619020309247,0.0016288564867875052,0.003992922614783029,0.0024251172363592747,0.0030341594548913943,0.0016827683488802423,0.002651545639583459,0.003678675405884637,0.0021415769778805813,0.002272546463792503,0.002134510964504426,0.0013799119675867784,0.0027278825820989325,0.0013487529715464008,0.0035065698248979943
3599,0.0024355590624724867,0.002756812245728088,0.0015467100176886433,0.004000581239186164,0.002266528383300106,0.0035008733173718587,0.004479439822242322,0.002077690119918439,0.002576544579094552,0.0035603938774242446,0.0018561726006679571,0.0023007902418033296,0.0018166046825255368,0.0021716315690005045,0.002111389966640571,0.00238507640981621,0.0017143692781914415,0.0021237193531776864,0.0019295053998304049,0.002842029204919369,0.0026699205825480884,0.002105059488374347,0.0037713964117588915,0.0017259504354438335,0.0009160917777147163,0.00283990736752069,0.003419131893070343,0.0017181482809666157,0.0018269632827519534,0.0020891951392366355,0.004864666543377248,0.0017542462410459472,0.004629544400585407,0.001606169272764426,0.002024818170568167,0.0008094761964782343,0.002243401612926215,0.0013554019725060176,0.002466929685496156,0.0019039369625445312,0.0015009204361029185,0.0018814735186397076,0.0016583732162830103,0.002681395432002959,0.0027112177347453402,0.0036222675720011263,0.0024373869138278074,0.002553592054274197,0.002597066463130646,0.003165147183325234,0.002743084280116199,0.0014861857260818013,0.001954010617531868,0.0017608157940050533,0.001985979540458721,0.0013596152435064626,0.0019119120362714869,0.0016919183936397728,0.002315136757181813,0.0023409747477425536,0.002829993024447981,0.002652346216041014,0.002735445536138748,0.0031708942264425007,0.002099469052427979,0.0028450469554038523,0.002217785416317008,0.0018807194391896034,0.0015781019043341925,0.002518223284282748,0.0030945199716344535,0.0032683998449315782,0.001453733300224909,0.0022944091017585867,0.001780058855414437,0.003196042417036374,0.00457631727999005,0.0031206798822177887,0.0021300218239318092,0.0021600806996570467,0.00242856751381687,0.0033297277258753054,0.001991695001192839,0.0015785781918108573,0.001734351797259288,0.0019448689189058546,0.0025194097560388914,0.002541833813647529,0.001520317432433798,0.0037120059201421565,0.002455129296092041,0.0028197540846395456,0.0016749132946906795,0.0026241894802318468,0.003435569681324179,0.002030164403247886,0.002111785094355474,0.001997147311921921,0.0013187650126543122,0.0024679593101378716,0.001296272453350202,0.0029754988262208275
3600,0.002432417759406109,0.0024780743095099683,0.001483169752401061,0.004042072832143881,0.0024117759146040484,0.003569321127303306,0.004823131838357096,0.002092788005845434,0.002604677134073939,0.0033129086130984963,0.0017167541405286365,0.0024486498550915147,0.0017791747893426211,0.002017728945302707,0.0022595444880960215,0.002377691425706388,0.0017494300738470458,0.002017376144316315,0.001912985663720099,0.002778666465110703,0.0025434174873843495,0.0020378764582043097,0.0033942829392809206,0.0015836751829638826,0.0008813602410639514,0.0025878139786720948,0.0033486603084051554,0.001632185137565128,0.0018078135607825126,0.002132005648470346,0.00455054029290192,0.0017295636659615107,0.004414322444781672,0.001576748045188153,0.0020333831127522383,0.000802710004236903,0.0022145501916633623,0.0013346825079603448,0.0023189188069824528,0.001964477606548386,0.001537560578311326,0.0018065178958066783,0.001496842683708547,0.0027367044878450907,0.00267695567335797,0.0033897599347097493,0.0023662876489135747,0.002459611553769911,0.0024583367542725834,0.0030235193343854986,0.0024756006059024516,0.0014509913312139892,0.0019644131573109016,0.0017521644091094302,0.0019698121021175033,0.0013306365394638781,0.0019007118001182427,0.0017067287933574306,0.0022459980564270327,0.002248770085454575,0.0027935728285776408,0.002748846295730675,0.003050113371546278,0.0031532701823260884,0.002111554858093287,0.0029215773270897796,0.002148997813763518,0.0020563900834285487,0.0016009305582892186,0.002430147540410231,0.003097396717723239,0.003214012531993827,0.001477156526803563,0.0022025955891324836,0.0017421431632850337,0.0032337433726074894,0.00448902479123936,0.0030061213882813993,0.002149081641110706,0.001986747027041967,0.0025555521478669084,0.0030796970407511596,0.0020031970332058395,0.0017441628886489136,0.0017959885244854012,0.0019462912244488544,0.002574088298302142,0.0024432888356752214,0.0014827371439671627,0.003520902178458065,0.0025098176640430997,0.002576164571650145,0.0015605068703925266,0.0026631187798069485,0.0036282960732935345,0.001987677245297197,0.0021645019866986764,0.0020591362179964816,0.0012871409107871172,0.0025544560431226865,0.0013400652578407497,0.0027555179779432835
3601,0.00255580340783068,0.002450457475368739,0.0014891834759729026,0.003718183857908056,0.0024584518068040137,0.0036218778606508114,0.0045506394165041745,0.001876762990973281,0.0025285115724742358,0.003294894382740228,0.0016249151658336701,0.002370753698298432,0.0016321415319667525,0.0018722758550170561,0.0024048319259013886,0.0021894207856571336,0.0015971707947414657,0.0018838187455358373,0.001879317296926724,0.0027641083121143057,0.002494223876903881,0.0019122006700052535,0.003305857944056554,0.0015124158676007393,0.0008094862649640162,0.002193832294535472,0.003331681819924928,0.0015411682778021093,0.0017134943755738262,0.0021648582083068717,0.004265786103850726,0.0016826664113484735,0.00418693494985388,0.001503165688916587,0.0018674326319326193,0.000717425623283095,0.002146875799583307,0.0013140255711814246,0.002242300827449603,0.0019642580980630134,0.0014842489590474947,0.0016680307591737434,0.0015304040913779319,0.0027541726093022784,0.002656792791704157,0.0033507371123531315,0.0021283075795137957,0.002346405906418037,0.00236793646560565,0.0027210018135989593,0.0023848450903956185,0.001370020331589617,0.0018141632996242561,0.001610890764247069,0.0019658273758570628,0.0012193702680337387,0.0018682313107409461,0.0016670474111628213,0.002181149710777874,0.0021125582874080033,0.0026301837572132608,0.002729262064073662,0.0030024749593754864,0.003178154313009085,0.0021991775996990505,0.0029845327622289334,0.0020800057689197016,0.0020166655702136614,0.001505584904238812,0.0022431021007293457,0.003156218305536783,0.0031881435866336757,0.0014203223052457717,0.002107103365406952,0.0016319489381306825,0.0031086664440424174,0.004253837969963186,0.0028595530498967485,0.002067798268948092,0.0020308173223160418,0.0025446271635890493,0.002834200289297713,0.0019289718184285647,0.0016294514989574447,0.0017162773742783438,0.0018596449931831426,0.0025026225165093504,0.002359211666387393,0.0014463228202165653,0.003314346810970539,0.0022952487042477224,0.002526466871851718,0.0015056751471687173,0.002443508421002542,0.0036138220531873075,0.0018927718307511995,0.0021650397034281093,0.0019670563879963508,0.001242930272139883,0.0025668669336588812,0.0012907944379498266,0.0025278916345836187
3602,0.002489060489906423,0.002685865104371818,0.001581854711731503,0.0038371382244745318,0.00245016213659869,0.0037027781003726935,0.004476176534353885,0.0018881910636565887,0.0025308300885047283,0.003323009891615293,0.001671780790136309,0.00236536583189924,0.0017077053500855368,0.002019133235195608,0.0024576056647831216,0.0022323514171623308,0.0016714500560933963,0.001882506737248643,0.0018004118114815456,0.0028431385530300244,0.0027226240984266933,0.0020814631812436967,0.0037620853010154123,0.001638965840136632,0.0008575708614788041,0.0023284067544403386,0.0034675826265555946,0.0015893878466947638,0.0016899601313554778,0.0022085133882315333,0.0044564188037073,0.0018077462091991181,0.004147699600058674,0.0015230671499897616,0.0019592238369456126,0.0007573754906454621,0.0021826903338713665,0.0014111946955422056,0.0022785806333367447,0.001945948190546236,0.0015268067621111395,0.0016941126717528129,0.0016217065595240173,0.002829414532667301,0.0026799216542691814,0.003400748247440179,0.002279853540369172,0.0023514088849129096,0.0025447413832538567,0.0027777072401191268,0.002490757813013933,0.001370974314013561,0.0018836475973665562,0.0016972224297144016,0.002061343873723923,0.0012743155275544765,0.0019885302558824507,0.0017823407594747907,0.002290358579092154,0.002181588787881801,0.002701515005026767,0.002701324981790064,0.0030813894639857716,0.0032188972647591014,0.002316975291120592,0.0028367821485359686,0.0021412542461548834,0.0020043049933931713,0.0015487102946756589,0.0023575780349111017,0.003278077235579283,0.003187222303187754,0.0014420265432376282,0.0021774614979171735,0.0017200283398734995,0.003159054534858628,0.0043765636433978645,0.0029387316677142576,0.002062879891608679,0.001984558667137321,0.00256863385811346,0.002859073633475186,0.002008029055212894,0.0016982238665017078,0.0017558535451044305,0.0019513408964989935,0.0025082953333859957,0.002808654504959665,0.0015066539804311887,0.003472697860846395,0.002421985738512077,0.0028765351924433503,0.0017000433935518045,0.0024655819162725315,0.003550842105909447,0.00196790642947944,0.002151665968430978,0.001896978813188057,0.0012646848269813034,0.0025748339338552352,0.00129195806209243,0.0026458590908921133
3603,0.0024387045778964476,0.0025619194338574835,0.0015819387520740068,0.0036814933955089447,0.0024663413956846503,0.003633723786537999,0.004119436405733625,0.0022392829947146093,0.002357304165508257,0.0033774116980997138,0.0018190667890168968,0.0023207081010899093,0.0017185475742359762,0.001984432383279904,0.002431703726442106,0.0023220713104981053,0.0015564132419253905,0.002009008725961205,0.0020531220082585654,0.0027499710971005914,0.002789816833579428,0.002053245033575324,0.0036597265949419983,0.0017754495948012394,0.0008673518227431173,0.0023661409660812502,0.0033065647865398767,0.0017051624173524311,0.0016847920763758913,0.0024412455236237684,0.0043406338519385145,0.0017215665894054358,0.004256343785251099,0.0015088695645727726,0.0019186683438493501,0.0007746984434829639,0.0020110793887378083,0.0014578286988187468,0.0022466036275254372,0.0018667123371309356,0.0014545220545246168,0.0015522690767983756,0.001573777404017888,0.0027746148967997828,0.002611733946612911,0.0031651567621524103,0.0024000104440425616,0.0022971208926853056,0.0025504230308185964,0.002793514077972684,0.002227388236923403,0.0014402161486724598,0.001976778207227123,0.001678386009286834,0.0020785111891500167,0.0013257788190015889,0.001930574008133094,0.0016410280193357354,0.002227363040296986,0.002120500268267311,0.0026524423071456046,0.00270245356525378,0.002837954377575776,0.0032237455560634866,0.0020570936256218315,0.0027129646325775598,0.0021347374973392287,0.00198884742687177,0.001610176532880445,0.0025251772206861325,0.0032052529507264776,0.0029346916449692504,0.0014925731063295188,0.002164046346561389,0.0017640057020566246,0.0032492661050238926,0.004484587048711477,0.002931453291239476,0.001893970488691212,0.0018631124297660616,0.002619974317149088,0.002739289222738114,0.002021733898634349,0.0015677901932509418,0.0016945312490740277,0.001900821719446813,0.002322994899159803,0.0027732918712883355,0.0014893831557631987,0.0034801933269438252,0.002510100168711109,0.0030105473882334733,0.0017098958408962265,0.0025703465430788027,0.0036334046780958106,0.0019268986445621689,0.002108918980537697,0.0019880359438594272,0.0012431719953271934,0.002525621035721727,0.001341100337984418,0.0029210820127414713
3604,0.002610210492883505,0.002462237705101588,0.0015201627754711329,0.003600228389665937,0.0025369864010243164,0.0036129416091411674,0.004058527525918703,0.0019894761600563805,0.0023011347649801775,0.0032750811741590223,0.0017262181637604905,0.002506720679278265,0.0017054681900115901,0.0018179500385357384,0.0025298820301786003,0.0023491956463864007,0.0015278677331073294,0.001866116257534009,0.0020341417571281017,0.0027832876777097596,0.002638654454840659,0.0019699981328453278,0.0035426749904270667,0.0018278621383502175,0.0008890828653283619,0.002084660051712434,0.0033574377618747187,0.001709697218963052,0.0016737494290216418,0.0023217340654142927,0.004256030733377072,0.0016822390955587353,0.004229988241861441,0.0014849264927962022,0.001886975570720699,0.0007592133614986266,0.0019051221777561336,0.0014017450925663361,0.0021915434943409495,0.0018656865425776743,0.0014920025103497643,0.0013761972797557578,0.0016833193811403493,0.0027102220716638545,0.002699538257192643,0.0032202885719354105,0.002342181834237317,0.0023018954502478867,0.0025424101798009074,0.0026506270102371124,0.002234973335455694,0.0014867503999966866,0.002046349293200997,0.0015631887336516842,0.0021209909889421297,0.0013482313158762126,0.0019454008634743928,0.0016352909907852344,0.002261207350786356,0.002010839922467389,0.0026610494938397893,0.002653014634097357,0.0030715738907002815,0.0032444837226791373,0.002037127668953643,0.0027601446047088142,0.0021226787702160275,0.0019738194956812603,0.0016889944827028086,0.0024398317377542804,0.0033329755678861007,0.0028938356377336246,0.0014452481341769765,0.002178162983987006,0.0018265718258233127,0.003266991989691973,0.004099342308901533,0.002772115004294032,0.0018576883184119191,0.001728001736722263,0.002703030924428912,0.0028323581336410853,0.002051572437159116,0.0016548556824965764,0.001714686315665641,0.0018309957577933905,0.002274367047501516,0.0027645501984084084,0.001446666331206594,0.00308119517013236,0.0024889789434315787,0.002863998735727186,0.0016891783226076632,0.0024708985428874763,0.0035928249932657206,0.0019100685894810167,0.0021485162040185725,0.002033270400372449,0.0012235541992475282,0.0026544016929420894,0.0013090168257366473,0.0029307953320645533
3605,0.002767295038641279,0.0029723329691592132,0.0016742153540186514,0.003998438794003571,0.0028649963809161717,0.004097446592211414,0.0044098932004205385,0.002235376219933167,0.002854873135842574,0.00412079978425838,0.001904772714007114,0.002877701725286617,0.001801738347082329,0.002102191843592072,0.002759398128061948,0.00247033026603008,0.0017477892688955135,0.001983410421114272,0.002067072724901989,0.0034006484208584263,0.002855820524081146,0.002204577496261059,0.004390785853342276,0.0020779263901303763,0.0009798840664938181,0.0023824939106950192,0.0037774734279823015,0.0018339952710739872,0.001832396037355951,0.0024866736955679036,0.004387193668672751,0.001786031499761185,0.004853581451670726,0.0016151936092129871,0.0019655228898622246,0.0007894648100950882,0.0021222967374767182,0.0015170510744354532,0.0023632338081473235,0.0019417393023093705,0.0016164876037077793,0.0015365127658013608,0.0018209371649513689,0.0030505064737031433,0.002989841154621148,0.0037519572351435433,0.0026962616772840168,0.0028134292463144117,0.0026558911737092593,0.0028679244567886915,0.0029904736312732537,0.0016133881245047226,0.002222027679115228,0.0017753152945348494,0.0024376112992458496,0.0013786162411263169,0.002130332385695777,0.0018310686770664707,0.0026653317339074174,0.0021053707551145083,0.0029093756061792826,0.0029224201432965467,0.0033779017668786795,0.003507314221777673,0.0022409297714986154,0.0031171609260043196,0.0023129917433866616,0.0020022434387086023,0.001777034179683811,0.0028429053221048256,0.003510995215849132,0.0033544037155476894,0.001512192348736683,0.0025296866784209836,0.0019357952223977325,0.003450518280757238,0.004673743077731646,0.0030659156506762635,0.0020137219687957047,0.0021159089974364057,0.0029820700536930577,0.003379694766529498,0.0022639483699632636,0.0017171172316559934,0.0018954899187889303,0.0019293767565996488,0.002577755942821066,0.002852192712059619,0.0016059844872484482,0.0035693377997355284,0.002587191616117127,0.0032915828627736797,0.0018665936308488442,0.0027198074994925644,0.004014978284537769,0.0020346098424195683,0.002299778422507456,0.0020940410239388865,0.0013976480062148232,0.0028171354836522026,0.0013533845743222128,0.0035361065490253146
3606,0.0024855424949656708,0.0026390489608429145,0.0015447341903082723,0.003913285137857385,0.0027791305177009193,0.0038901496468464556,0.004222430730496829,0.0023293460033337473,0.002477635360762602,0.003805913144001812,0.0017793471464198198,0.0026228874710102837,0.0017484989596228979,0.002029999353040477,0.0025317652543479646,0.002363137126587524,0.001748922921926408,0.001978041893432852,0.002085588121540979,0.003036676805839388,0.0026723978113417333,0.002076098850006249,0.00410980037342392,0.0019069116977457209,0.0009359160671941248,0.0022141266653153387,0.003632073988302875,0.0018445209407194608,0.0018223348798936012,0.0023955423235840403,0.004291465609667456,0.0016920253946333143,0.004476491085355216,0.001563402751006748,0.0019547344555048115,0.0007706074167042481,0.0020703316286029786,0.0014090015706275756,0.0023164251064542616,0.0017785011093857507,0.0015584700277777475,0.0015493210593218016,0.0016232466616265978,0.0029337802101117656,0.0027274475812458666,0.0033265824981043657,0.002648492904922047,0.002442394027096359,0.002480674219540846,0.0029274853861147136,0.00289394467443976,0.0015372482967363026,0.0020959482690585327,0.001772778932133169,0.002227654585107136,0.001341302480253244,0.002066351195140041,0.0016882159133077249,0.002387716828530622,0.0019411580592082487,0.002826831585566461,0.0028506666238629513,0.00316600647273498,0.003260950185933,0.0021075838761131865,0.0028461729113262112,0.0022490278395918867,0.0019434960296465294,0.0016659154556323934,0.0026821130274494996,0.0030981779418938465,0.003115240850208184,0.0014965197763633657,0.0022545049208927853,0.0018389517436571067,0.00335627956294866,0.004722425518843291,0.0030423500358525172,0.0019926258275636713,0.001884332922539812,0.0028548088971584724,0.0031352916004166,0.0021252846092657523,0.0017455608204740218,0.0017329465656328298,0.001929905018273509,0.0025327965544280216,0.002847010956462778,0.0015863468093904026,0.0034213724838074435,0.0024522226823423736,0.003219451900622969,0.0017386847375987845,0.0025434215424162236,0.0037647218761667858,0.0019596018410857597,0.0021868093146455735,0.002021064497684503,0.0012682158836145976,0.002760987210149344,0.0012807060033178785,0.0032864074040560485
3607,0.0027811857523286185,0.0028377446717105796,0.0016462586586680678,0.004071979251403933,0.0026151288755040074,0.0038183668025313948,0.004760579697473392,0.0024243615895718587,0.002649508313918013,0.003894895545356064,0.0019557021577636742,0.002784618102607965,0.0018873627806329494,0.002123056418188488,0.00251640856794106,0.0025132366811153636,0.001982592263416748,0.0021861819449683407,0.002105215303517298,0.0030828936985850815,0.002717786751124431,0.0021081758801528043,0.003975301092837054,0.0019259268568202507,0.0010590165444240897,0.002302126496680181,0.003815957318121268,0.0018096504911292342,0.0019830892511372273,0.0025229203470393596,0.004457565063217021,0.001756346661945036,0.0046304188474103536,0.0016478046111368634,0.0020722613472978595,0.0008560240766133469,0.002184881346891824,0.0014688676184084735,0.002327987743683583,0.0019133621260141065,0.0015814985218657114,0.0016122977086951357,0.0017085573377131908,0.00300190958449536,0.0028914786391828254,0.003356606753500466,0.0025633211394327053,0.002640597979912504,0.002498481554550802,0.0033077017186132762,0.0027096465517737717,0.0015916606999534422,0.002221880896598832,0.0018207338440444486,0.0021717942659352815,0.0014815087197126374,0.0020974912618474347,0.001755027191276714,0.00258215183883401,0.002079921080234255,0.0029997338514169366,0.0028935199987350536,0.0032847359985550004,0.0033174709138029303,0.002099197162736184,0.0031623727063914094,0.0022841586622659774,0.002074834606823407,0.001820410574938098,0.002874238381873092,0.003096180189588743,0.0032376632999679923,0.0015421014447727199,0.0022468824273009585,0.0018855140130446034,0.003393024717845973,0.004867808671996588,0.0032396197648481683,0.0021216533033558468,0.002048626647151121,0.003092199772214279,0.0031576762178843324,0.0020698169740069753,0.0018423007816315536,0.0018551269031660711,0.0020305021562813702,0.0026880590541084556,0.002783754333880141,0.001692019375844627,0.0037668897402584403,0.0025229884087047995,0.003212973974469135,0.0016769377880130859,0.0027283614582120095,0.003732804672582288,0.0020819786484280955,0.0022570534257744207,0.0022134487332053088,0.001363867040086709,0.0029602051335313193,0.0013965398635746313,0.0034631151724172056
3608,0.002986231789339691,0.0031840658473989347,0.0017823524395072447,0.004494807101714734,0.002920965629568155,0.004121337272651208,0.005810664104840006,0.0024131759116411628,0.0028585175058547362,0.004290633208435159,0.0020111431401184645,0.0031396235814384584,0.0019852086408593842,0.002368126254392729,0.0029139917740415348,0.002697724851239454,0.0022419466384774973,0.0022195535927926843,0.0020757001787158978,0.0035170459348186876,0.002866639097520371,0.002253082157976038,0.004600570531097708,0.001948372347821549,0.0011684289072788469,0.0025292190854964637,0.004249213199238729,0.0018095433762918957,0.0022026816211246354,0.002537130928454837,0.004809110916300015,0.0018386496426631752,0.004638179937487999,0.00173225287336173,0.002376749434274203,0.0009018034452101586,0.0023513829927479793,0.0015581979689222245,0.0025168919213629233,0.0020532352759554096,0.0016720749291407103,0.0017868599015705645,0.0019081069431384737,0.0033210785808753624,0.0032437594338591276,0.003711101259244603,0.0027538435680676083,0.002818038749632028,0.002594059797926143,0.0036566927536705734,0.0028856092971886274,0.001710562086878024,0.002923706593801028,0.0019196849990236412,0.002248499312587733,0.001680284474852861,0.002146445074517438,0.0020987647971403528,0.0030649025274959315,0.002374616196277785,0.0031644034690423376,0.0031879717939601237,0.00366891607861865,0.003549477383319144,0.002406060559306804,0.0034578314397002603,0.002337235162249001,0.0022718355189227093,0.0019385325356037692,0.002999725140281638,0.0036316509220040267,0.0033792900226767776,0.0015966675142498408,0.002460441000135508,0.001990151318859444,0.003536170896100812,0.004999175097913867,0.003254689377747216,0.0022959129759319,0.0023686875113367377,0.0033923139765191595,0.0034152294347175654,0.002246034448112718,0.002059121368884626,0.002006636445588334,0.002162099699314574,0.002905312708160512,0.002910265217009995,0.0018342992564748901,0.0037259556588105894,0.0026585843198698757,0.003342415827576704,0.0018682829539311964,0.0032208844745334176,0.003766874831762885,0.002303756058591343,0.0023482559401232323,0.0024055728875057732,0.0015244452546827093,0.0032387883627048634,0.0014626414406110652,0.003586080124457547
3609,0.0034730721966338414,0.004122174775488112,0.002431069423677128,0.005226840003140261,0.0035733283270303596,0.004745095586281083,0.006976499200128782,0.002942335681181246,0.003456783894305583,0.005421847866940411,0.0025853233030208463,0.003886386664073444,0.0022803803201472124,0.0030748202576366215,0.003639570085807914,0.0032503371730101638,0.002396692954176265,0.0026441687669827973,0.0025746790321570893,0.004134670993355588,0.003448851862087131,0.002739094927908893,0.006264047585408954,0.002542576963927996,0.0013624351610177737,0.003525785528732352,0.004890037827302991,0.0019973187019341203,0.0026063254714419407,0.0031263280343689455,0.005413479296651431,0.002302946409111648,0.005539622915492656,0.0021184808435493374,0.0027648468958338143,0.0010277716217815056,0.0029884305207050605,0.0018691636747200436,0.003011968208202585,0.0024686610585763664,0.002056608091359696,0.0022681801203068733,0.002246086172235035,0.0039843611359152925,0.003845190883302608,0.004573689681372601,0.0032450075057101507,0.00341636452078612,0.00304175285762149,0.004551060150018415,0.003254661195128858,0.0019869650821934008,0.004247813101587163,0.0024641808003082973,0.0027246226465118973,0.0019540896785050655,0.0025082947421621506,0.002663471874163015,0.003710031655833895,0.003028362601534172,0.003836271684520222,0.00355925181838258,0.0042538308916543425,0.003968035117639664,0.0030256006187464176,0.003950542755705935,0.002654571534263958,0.002726309773751041,0.0022564878347626884,0.003928825765652922,0.004117688268623604,0.004052488538797153,0.001900799143792935,0.0030955750624088742,0.002343442633246099,0.004204733321783895,0.006124590408807775,0.0039126832756222075,0.0025935286431444755,0.003096822338605816,0.004075846844066409,0.004384969903115555,0.0025512462609329958,0.002298332942665773,0.002421280163212255,0.0025041939777025084,0.003372213812851398,0.0031978895217684078,0.002150224090763616,0.004732488895511582,0.0031078754487438884,0.004065427776795184,0.0022275412315278303,0.004476597748657155,0.004447598522735632,0.002721936164133711,0.002700961582187388,0.0031147726455789354,0.0021030927979745874,0.003675570180918209,0.0018108819324640275,0.004494832536388727
3610,0.0034013179007009245,0.0036425401163771936,0.0023012467929265676,0.004891221029713215,0.0033703674956608947,0.0045326899239635276,0.0063027330901895854,0.0023947673468618803,0.0029599888919277727,0.004735285693939342,0.0024734477150668644,0.003600044062502745,0.0021510589722274734,0.003110448119487341,0.003386771426692008,0.003173853993880614,0.0022168332489643765,0.0026775845607674795,0.0027748493182383417,0.0036937481083514118,0.003310374696692137,0.002640413926102424,0.006413589914478213,0.0023398687782051676,0.0012486393840674599,0.003185490632272724,0.004408905655472367,0.0019767734782532645,0.0023184479747292482,0.0027757897051172886,0.005488447945689109,0.002268960043028243,0.005362498825927231,0.001831264934609508,0.002737691020007115,0.0009556274028432733,0.0028505360562847072,0.001803879185675102,0.0028989345006677513,0.0023148549406852297,0.002095951483493608,0.0021153532664688972,0.0021459181025629786,0.0038218304448143854,0.0037865288195660096,0.004137120122619844,0.0029984176799986114,0.002986499307978241,0.003076642872566991,0.0040092359623256696,0.0027901199040389867,0.0020011771311532504,0.0033587921714738106,0.0022215633686512638,0.002690578043546602,0.0019510227292306244,0.0023215055686626744,0.00236589578308229,0.0031838466156828018,0.002885953991750249,0.0036638957208182878,0.0032658211100600795,0.003934457475881171,0.0037907426554225476,0.0029041522657209033,0.0036300025832765,0.0025846543446275717,0.0023806258746048013,0.002264954506964252,0.003598467666188819,0.003423593249448724,0.0034154303747724146,0.0017664417313479558,0.0028662404124445286,0.002326783770299648,0.003942195619871342,0.005665464051627435,0.0036552429287385483,0.002451902905423763,0.0027539453070781423,0.003761182966086271,0.0036505401505925474,0.0024938644216828173,0.0020803533534436204,0.0022959275697045896,0.002313287109034108,0.002878810255756674,0.0031032615998379453,0.0019322467378513405,0.004212154634031958,0.002982213751439782,0.003938115678783316,0.0021161894118469264,0.003979621617714646,0.00400810476951245,0.002598995516255464,0.0024441947458698843,0.0029867875410459883,0.0019094176694766246,0.0034308035649455947,0.001645069291855309,0.0037467209481389934
3611,0.003704814932893546,0.003972171060341056,0.002393727228756819,0.005160042784141404,0.0032818337659187543,0.004789745687246701,0.0069371634399092085,0.0024376728654289213,0.0033639419478427753,0.005014266894022211,0.002712628849390311,0.0038623804587388194,0.002332745464891662,0.0032867398300339,0.0034260864340484387,0.0033226564156609087,0.0023591974216273914,0.0030140659050817116,0.0026633079165168157,0.004020936596298577,0.00366960688313063,0.0028203545930247167,0.006849697139444042,0.002442117523584956,0.0014369741808662564,0.0037648332423862174,0.004483825014614419,0.0020946393222465998,0.0024299530547213497,0.0027855950884868967,0.005734771964973116,0.002328690334467131,0.005460209483617514,0.001906540123155293,0.0028328801853275266,0.0010705134648230949,0.002920216144898628,0.0018715347415433107,0.002878032797018847,0.002450109855161111,0.002189111568168094,0.0022816393793496943,0.0022955287445287505,0.004136215933710135,0.004042836791675859,0.004541725368223948,0.0031921005844849325,0.0035288961406948587,0.003335644860002719,0.004389405481094967,0.002921620590288789,0.0020751941220209422,0.003861367571416738,0.0023197998201204156,0.002793153447720742,0.002137118493995102,0.002327629417139521,0.0025164902733888373,0.0035368842749807896,0.003163326480217367,0.0038206485855975013,0.003354756392317529,0.004117020753006051,0.003812327086594326,0.0030592105312784077,0.003885223644778291,0.002663348323220418,0.0025399079310573893,0.002471733443445113,0.003862582725018303,0.0037656203402008054,0.0036830906567543076,0.0018290645424140068,0.003162080720640615,0.002515833209446184,0.004112843627874112,0.005753485579736985,0.00383916908395164,0.002489460141082313,0.0029905965350987443,0.003893643261395665,0.00381030646248847,0.0026435484265128545,0.0020709682117075654,0.0025408964415988985,0.002378816516146979,0.003078314302319612,0.0032206984276139266,0.0019952489270277946,0.004916005868888958,0.0032032737920395103,0.004005888350421216,0.0021584489775200123,0.004382394147615943,0.0041838694909465315,0.0027941146809498754,0.002512099061333465,0.0031400071449386334,0.002082160853780194,0.003494657269863483,0.0017543357995566215,0.004471433589655201
3612,0.0034465040740276833,0.0036333713385486416,0.0022596569215663042,0.004894387030392929,0.00339350673627588,0.0049532895930856705,0.006307527240531386,0.0024814140966897646,0.003196632103283266,0.004531709165732284,0.0024307123841778165,0.0035328057069886755,0.002207481790683002,0.0030452154836063585,0.0032616468368835113,0.003221734047974508,0.0022095178661844603,0.002775264413950775,0.0026186553118389046,0.0039621765865903965,0.00386148966955716,0.002805967722302813,0.006876382764747933,0.002387060066720655,0.0012808728610214121,0.0033485550536907593,0.004673909352896716,0.0020028956824765295,0.0024946390102257264,0.002565884602205366,0.005383048932480932,0.002230915251365441,0.005241452935093443,0.0018773013504224036,0.0027912836481763397,0.0009199156142471842,0.0028545769084434677,0.0018647059375110882,0.00291489639723968,0.002347303621688758,0.00216941435864825,0.0021959740111482753,0.0023245874705504935,0.004193149260649633,0.0036089315216923305,0.004502707911157768,0.003074241448302483,0.0031196921149504067,0.0031310838601725285,0.0038756943358452963,0.0029238344552093864,0.002045337566213155,0.003621592708840593,0.0023002936843873195,0.0028448996720428213,0.0019164542259952645,0.0023311246760798184,0.0024633530124028233,0.0034890658844293505,0.00302324074673044,0.003617111460123318,0.0033265362881369125,0.003972975760152044,0.003759153143583304,0.003237888005532873,0.0038555675583039728,0.002569607188973655,0.0023933794915090185,0.0023137966851815308,0.003630227200140228,0.004141708083491354,0.0036385710097024764,0.0018696195024700377,0.003154744724450797,0.00234533837242843,0.004115515334095121,0.00544670425633157,0.0036384872756889818,0.0026686955665887495,0.002802969252195272,0.0036641354860054583,0.004022487500834682,0.0025677815355413134,0.0019461075876074728,0.0024072154930795506,0.0022299633863120927,0.0029553250657647387,0.0028642727266177588,0.0019511217350084297,0.004381989525353519,0.0032562534408336467,0.003602106329672283,0.002172219576333941,0.004201505445924562,0.004322112219950522,0.002703582891653461,0.002546229738440023,0.0030211229227364964,0.0020576674447899813,0.0033616252756418956,0.0017180031717073383,0.0042333093841840546
3613,0.003458361290825119,0.0036137725241380666,0.0021578547358407697,0.005110078920215861,0.003547366919845821,0.004781643429097487,0.005869954282634538,0.0024516403047399197,0.003124903093142268,0.004619204267589512,0.002422345644331172,0.0033806536167028996,0.0021665894474467,0.0033051799147133477,0.0032545947141700443,0.003304236957107512,0.0022378479196508076,0.0028117711482772054,0.0025462440074860604,0.003878929158984317,0.003838666879743384,0.0029348069115790448,0.006369064793170137,0.00245799471163375,0.0011742190690481867,0.0034116246730846785,0.004540433186852419,0.0019372066673307936,0.0022998465287953546,0.002700627910239835,0.005101575001427037,0.0024484928066595833,0.00526159554865444,0.001845629781409221,0.0024874304384303277,0.0008737645830160747,0.0028941808645370345,0.0018277323250283288,0.0029060180068966168,0.0023472065669371007,0.002134624770543807,0.00206643540529967,0.0023568988236037963,0.004012172570327228,0.0035826467758067583,0.004186527583874425,0.0029766331031342917,0.0032281820636508116,0.0031069162117040635,0.0037462734592814805,0.002840989682319764,0.0020142945607918607,0.003212387025176174,0.0022186862683168983,0.0031040089138643498,0.001753413105214132,0.0023285415948040627,0.0023839827967564787,0.0034257139235299113,0.0029181737449251156,0.003531914471704434,0.0033042484645423344,0.004111114955655687,0.0035849398505174643,0.003170891030642749,0.0036985215641877904,0.002512203407189911,0.00235905811999881,0.0021369359909316913,0.003689408629946654,0.0038650819321045453,0.0036323234331790476,0.001836045035884919,0.00321376464268563,0.0022845242229568626,0.004007961317306121,0.005590013405222345,0.0037495544224473054,0.002405114200098843,0.0027881183189006746,0.0036177893404848367,0.004171313614730901,0.002495602791020493,0.0018348087886931347,0.0023393071859116885,0.0021104861627255895,0.0028104362820542154,0.002890167461804654,0.0018508236064474258,0.00468592837568901,0.0030055570584140478,0.003695102286054221,0.002184910392804799,0.003856342144587736,0.004310217134333308,0.0026922739866530794,0.0024495574403736505,0.002983064535554417,0.0019272755235419396,0.003428478727233401,0.0017340006132496736,0.0044633908377644405
3614,0.0029618641446150034,0.003003077788364673,0.0016654760042542586,0.004853235252087157,0.00311821352067264,0.004543407864503798,0.005534952371596579,0.0022395368170580413,0.002807113876691464,0.004102081637218523,0.002197107383765561,0.0030895526354615043,0.0020201186785334963,0.0030701297417181704,0.002883558609597582,0.0028419504416732338,0.002170998212327684,0.0025928493661574147,0.0025541984729026777,0.003545824174793248,0.0032722618876529657,0.0027089639790376066,0.005434747401007232,0.0020843781743517514,0.0010373087383060548,0.002757631227356386,0.004099755065982718,0.0018120529015980887,0.0021420077531884496,0.002508650355964944,0.005303346961954883,0.002171425433083114,0.004750519182248713,0.001660786489053892,0.002330198666090855,0.0007879122246282828,0.002609118769310506,0.0016549581766560223,0.002619756501177822,0.0021260594613569258,0.001941196595758785,0.0018484531783907838,0.002075858116063101,0.0035291987221737556,0.00345791567773633,0.003925462852686159,0.0026984581413078633,0.003094657085317349,0.0028395011652955823,0.0035865739717623945,0.0026669103344692663,0.0018417883802748982,0.0022964891793127054,0.0019382498238390844,0.0028901034746653975,0.0016235449816012272,0.0020127777001081953,0.0019829561825961688,0.0031075339064161097,0.002429926439336654,0.003245931816915715,0.0031461050463010695,0.003739569549910451,0.0031913920741427414,0.0026386825734302753,0.003370194125967313,0.0022671752200725155,0.002130020041361781,0.0021551071946280965,0.0033821077653365373,0.0036031874095761333,0.003338718867200873,0.0016448201122798922,0.002962635378454655,0.0021822175132027596,0.003601848216586709,0.005175166322674258,0.003396750007085844,0.002065743192260697,0.0024978252800068597,0.003191983626586198,0.003598136050768267,0.002371344295642037,0.0017210977330252223,0.002049141424959243,0.00214598128247836,0.002568612735399521,0.0026155109767956666,0.0016363243634695535,0.00440668583799489,0.0026860895383876314,0.003568240797902017,0.001968206336540923,0.0032255424933552955,0.004009585861638724,0.002421524416915297,0.00230948890989939,0.0026578092934193913,0.001594632004729467,0.0031982782968784664,0.0014595286795577131,0.0040662546150876215
3615,0.003096899364344357,0.0032632716855897025,0.001739609501867543,0.005116630276971121,0.003239275145284897,0.004626891217882936,0.005881596998877794,0.002390710544127639,0.0030689351690507583,0.004297868392655323,0.0024443550057980427,0.003263415137778143,0.0021675825993169146,0.0033699495226560427,0.003180100002143301,0.0030322385843686408,0.002335983023185015,0.002645931897698112,0.0024964190254917187,0.003747701497212669,0.00355606310703849,0.0030307928028758396,0.005729728577569975,0.0023664059766840047,0.0010663211924954168,0.003363913102591375,0.0048770802585296315,0.001866040040089331,0.002212062706606666,0.0026893543334368646,0.005701771964625321,0.0023062227610265306,0.0048372427764036465,0.0018614284779637686,0.002484116933242269,0.0008186827732420006,0.002813297038021597,0.0017553351377782825,0.002761654417881828,0.0022236785160799593,0.001965827261924651,0.00197973947734436,0.0021877103812999346,0.003854866113133282,0.003550476200622904,0.00412591233878983,0.0027989319485869227,0.003620045150788317,0.0029119254284147625,0.004144717936016571,0.002864234586825361,0.0018926882522517043,0.0028735539359424343,0.002129753303982257,0.0029385595045201135,0.001652394275828041,0.0022455263327846903,0.0022231497873305417,0.0032347370048753494,0.0025855124106707954,0.003479083919529949,0.003270051180788208,0.0039391242274714865,0.003301507178373344,0.0028192659360082722,0.003707031592742226,0.0023277684851833284,0.0024082293397864234,0.002208872890695267,0.003767736039056948,0.0041709482636765665,0.003681358021608862,0.0017692345749769848,0.0031789812788282556,0.0023937060424868784,0.0040297328006264664,0.005465327771516041,0.003917085183546823,0.002178805515571415,0.0025555861640354023,0.0033357858811251593,0.0038044554355118883,0.0025551930637236105,0.001975850307154858,0.0021600263538065555,0.002181797806111586,0.0028428231273263035,0.0028165841216451033,0.0017953676873081613,0.004767548438532375,0.0028428016523035257,0.0035859533367566133,0.002095327272446741,0.003523124957458878,0.004337942560491675,0.002584291277579372,0.002488119339070537,0.002926731705644465,0.0017337142544582515,0.0033084027878153,0.0016351217836327832,0.00482117106687776
3616,0.002889732869780259,0.0031123945893975907,0.0017349105429426504,0.00506611672300488,0.0036194990292824566,0.004420511871020781,0.00607771153557878,0.0025040014781536665,0.0029296510922030986,0.004279193730048237,0.002449112797907869,0.0030061779558668024,0.002138717324409812,0.0033839162706330804,0.0034306642060198014,0.003062542319208022,0.0019982445367709933,0.002354497031437529,0.002509781015725442,0.0038478126388311815,0.0033877985497803294,0.003093841116732605,0.005468272120133977,0.002424910913893471,0.0010126214822224176,0.003162900205328065,0.004921260695854262,0.0017004348834586025,0.002136767078525355,0.0027000353508498877,0.00614434372990557,0.0024267399904327734,0.0051524269457629,0.0018275361518559968,0.0024253001674433756,0.0007856404744224899,0.002813527808970135,0.0017790806290004586,0.0028333418884417035,0.0021925278657733394,0.0018756320163512694,0.0018615637355556254,0.0022086357936773444,0.003821394048691984,0.0034783071396351953,0.003895574686006146,0.002775135628658293,0.0034477796985418357,0.0027793455175586417,0.004051558796102728,0.0027522488357980364,0.0019331136986410636,0.0031935946066841627,0.0021125550060460763,0.0030595521396873204,0.0015279528881040729,0.002262631834424738,0.0022987416748399977,0.003211415743403977,0.002708118921359572,0.003263326565507897,0.0033291043399591345,0.003860905458374472,0.003283236263856755,0.002912875070810038,0.003732623362831813,0.00226468428261176,0.0022596162326818433,0.002106288510502161,0.0036134160119246175,0.004050198896472822,0.003549161408991571,0.0017261148095849973,0.0031288315811976255,0.002373510132320871,0.0038804855045772462,0.00533002434069574,0.0038281194609232957,0.0020365585508725897,0.002616195254548623,0.0033036046210745424,0.003288429854036474,0.0025006488230608797,0.001974914766294404,0.001960921964166435,0.00213054043175913,0.002727908196771905,0.0027462118478340848,0.0018648705543153482,0.00412261401372697,0.002696291932110728,0.0035215853267792424,0.0021431199972795256,0.0036270453953499526,0.004186083817819711,0.0025481232516567013,0.0023932789610617736,0.002745097477786299,0.0017519341676115344,0.003332493282881782,0.001623249636164944,0.004555704786914465
3617,0.002875793744400901,0.0030267286325570465,0.001585103159316859,0.005043705737734859,0.0034569941154235294,0.004019477369708058,0.005781579899368142,0.002403293257139329,0.0026028713599041482,0.004041980580686424,0.002308719874549906,0.003166391350536593,0.0020527058091376906,0.0030020781628166417,0.0031561429673866923,0.0027392310525025556,0.002001772783396228,0.002137321115281439,0.0023030440485689373,0.003769221333597938,0.003150372389125189,0.00291235239712816,0.00497567804952004,0.0023952603799011207,0.000971036426965877,0.0031249659584800843,0.004334120843269491,0.0016574400543033652,0.0019205888977585116,0.0026631198345106913,0.005742999022955442,0.0024053460808264263,0.0050143990057802835,0.0017682401985699187,0.002350791674575748,0.0007960267141412158,0.002543459038584013,0.0015750008468329842,0.0027367489570993752,0.0020825918360780405,0.0018156039228857316,0.0017139232558932356,0.002130850577825233,0.0035004627799426163,0.003269931249186515,0.0036890576444572293,0.0026751992992087473,0.0033249111287772344,0.002676937793250327,0.003930782358978281,0.0025305493345550998,0.0018223437129033545,0.0030146527671570627,0.0018993627308057657,0.002765114174408574,0.0014503928231259383,0.002131388278589752,0.0021392429059208426,0.002944007802325235,0.0025447248870031866,0.0029485739373278424,0.0031478931216298313,0.003734082770887977,0.003196204356302262,0.0025129271240127973,0.003585497694636334,0.002224878338058329,0.002316390038428961,0.0019196938161815623,0.0032549957960099594,0.003710125704282378,0.0035741644173485515,0.0016777032728272623,0.0027990190570695815,0.002281985125263755,0.0035509937075548555,0.005176227346076508,0.003907536855537007,0.0019194587361240363,0.0023853226381267975,0.0033225659586743296,0.0031331944675921566,0.0023766046079359373,0.0018891048304833817,0.0019607882223698463,0.0020877343556055298,0.002609202116967621,0.0027644445757793986,0.001779409237306519,0.003835740161487096,0.002680125073163467,0.0033959311007790214,0.0020330352721668918,0.0033140630888489845,0.003891706437889529,0.0023995478049445127,0.002245019155885631,0.0025633269853231216,0.0016373669741849626,0.0033657238344005896,0.001534875274333515,0.004108381267333224
3618,0.0027378117847113247,0.002735423223977904,0.001641123200443151,0.004915841653611803,0.003050628804610925,0.004024705963854875,0.005500768507428728,0.0023037312314226795,0.00264575771257447,0.003998148844505558,0.002245974569054475,0.0030066795028430115,0.0020345492508028916,0.0026922826723810556,0.0027720968564710602,0.0025736796366911184,0.002031968946353039,0.0020031795288738205,0.0022354567059115565,0.0035763936518403523,0.002970035252662108,0.002786614100380753,0.004997440518338331,0.002246452926744809,0.0009942545554066002,0.0028841971951972752,0.004239911921036975,0.0017202698010163752,0.00207895696830673,0.002568414200289851,0.005726332791480418,0.002191338827485771,0.005215216640192623,0.0017509696263833124,0.0023427502987009444,0.000815375649990497,0.002323285844264665,0.001526562863019106,0.0026856932032731694,0.00214064675728318,0.0018278166585970746,0.001739850757835929,0.0020413631553347594,0.003576082176036384,0.0030861453235842664,0.0036526919148622923,0.002708252713466932,0.003187971352826544,0.002562263390561275,0.003857399860592617,0.0025390291896690404,0.0018005962938277482,0.00297539421709228,0.0019487389875958122,0.002691031932609151,0.001380466812246131,0.002078421204141283,0.002213619880991806,0.0028034018027416363,0.002420646165519001,0.0028236608209239586,0.003059933224095961,0.003692798564941336,0.003337888882078579,0.0023809772516005237,0.0037681135839270686,0.0022149238949949845,0.0023401492119980165,0.0018653802467617415,0.003121288536617072,0.00400351952484782,0.003734614747048335,0.0016032011110841537,0.002801013114396766,0.002231103590203876,0.00394419693159484,0.005000885963370599,0.003937524952562162,0.0019850200676561347,0.002297130147115788,0.003149680483071271,0.0035492540274437118,0.0024322471606778974,0.0019321330493730427,0.0020195073971514058,0.002225987407217766,0.0027867979652479247,0.002729740782437895,0.0017426273809045966,0.0036198701574754696,0.002811804152699205,0.003242288930224008,0.0019955348790725315,0.0033709942546347317,0.0040561522089238595,0.0023785202101317044,0.0023689375266216428,0.002441246812578959,0.001655925266371689,0.0031856225860383454,0.0014606624412477536,0.003946381974277743
3619,0.0027601788187979113,0.002771429146339746,0.0017728843926371374,0.004752699911270991,0.0030693687836716083,0.004090149710697045,0.005457963556838005,0.0024270739873784924,0.0024914522554219396,0.004222745833992629,0.002219103915326745,0.0028723343895240136,0.0019667906625018346,0.002711527502233978,0.002815032452239521,0.002684260338350971,0.002075432875298977,0.0019709796508234688,0.00225310848037013,0.003574137491880257,0.0031626919423903836,0.0027388539988151737,0.004705768866768489,0.0021921081391056683,0.0009476364003240008,0.0031254921968735146,0.00394789529050195,0.001740992721097019,0.002011490377351653,0.0025278821908896213,0.005261224125988267,0.0021644486696429013,0.005251607249515705,0.001643992023977815,0.0023960202539936117,0.0007844383375996569,0.0023515699998676314,0.001553116824088738,0.0025130474794037346,0.0021019089943547344,0.0017108006777879034,0.0017118997506898879,0.0019614895601759554,0.0037268585953692947,0.0032383320575631726,0.0036535229803121884,0.0028140837377366094,0.003031723259255385,0.0025815531463837613,0.0037645749853671504,0.0025098694336163235,0.0017680162870773752,0.002704988976753828,0.0019571460105993065,0.0026900029333998816,0.0014240514232173478,0.0021636421894842546,0.002181777413562145,0.00266090960660887,0.0022930854248350294,0.0029025166284173507,0.0030535724456455422,0.0036367703426885257,0.003187791549050391,0.0023865064721590237,0.003768237476389586,0.0021634723204078227,0.002235721066815399,0.0019248795907077804,0.003026297445305964,0.0036525149548123424,0.003551959851181184,0.0015576308377853328,0.0028079500739013044,0.0022108594272290307,0.004023892791566177,0.004936227374850688,0.003750300812401149,0.0020214538356989834,0.0022865576057798562,0.0030410917821501447,0.0034467639954967565,0.002509359023224614,0.0019307504008601196,0.001959174493430835,0.001970131610310458,0.002645481488905803,0.002931946365370234,0.0016778161566419847,0.0036390127733976247,0.0027380936579368903,0.003129935331050747,0.0019523690290700888,0.003386616402345012,0.003897399500520034,0.00232156560700213,0.002387943926405573,0.0024920110183645205,0.001634522454097317,0.0030511313584798117,0.0014292868203277496,0.0035383536634948976
3620,0.0025547444344230707,0.0027642941077507827,0.0016835837817124881,0.0044006110974536385,0.0028985630844793843,0.004054019847617023,0.005101112297193865,0.0023151130894674852,0.0024378859332797086,0.004091022629956205,0.002192524495987948,0.0028927111613072584,0.0018848363875939907,0.0026746940765603653,0.0026101175809951547,0.0026266210122191398,0.0020358883155650663,0.0019588623834935256,0.0022254702599490378,0.0035418645686829983,0.0030779321767975885,0.0027188051003290614,0.004210947261858113,0.002117551966505697,0.0009865187658473554,0.0025289655631828846,0.0033777267965686615,0.001681674231659336,0.001986866896211872,0.0025736968048611004,0.004998082768821311,0.002041115412051959,0.005221311544826048,0.0017176611901877099,0.002428185733749159,0.0008015864820847272,0.0026110139194519067,0.0014662232076299735,0.00246584771504041,0.0021588220866195803,0.0016134765085389286,0.0016776394727785052,0.0018902714233088424,0.003510756888655714,0.0031242156356144912,0.0034230929755994567,0.002700665453811234,0.0026044869250218647,0.002790506830618459,0.0034675423344484057,0.0023896250059559114,0.0015912645886166827,0.00230787090439927,0.0018168496819307317,0.0025422806299775324,0.0015054321968584908,0.0020037550399906964,0.0019993609241809726,0.0026177625674708303,0.0021420415996347792,0.00289542699309001,0.002906165381937939,0.003605007836385123,0.003120065150538334,0.0022608284019693175,0.0035903294125525604,0.0021813949693795325,0.002115379750425082,0.001906482915344346,0.003111979463464649,0.00364622593206464,0.0034808078862758013,0.0014938483574098386,0.002715206916150224,0.0021662164676380224,0.003797550050421545,0.004668223296431143,0.003350337727717976,0.0020719835139784946,0.0023208314140593556,0.00300280507601158,0.003410852809619239,0.002385189492945463,0.0017519505528318946,0.0019080349008638068,0.0019174636364075743,0.002506670698394959,0.0027493051554897978,0.0016339819763715473,0.0036373161855134044,0.0026835989037314626,0.0030217618230926357,0.0018092767806810995,0.0033726352434735414,0.003805916630528947,0.002205278097469271,0.0023376048615342785,0.002255499962134121,0.0015497655814217931,0.003048121801431478,0.0013130586634177127,0.003278929046539849
3621,0.0024393056178046687,0.002800684858016235,0.0015819751749409565,0.004170302191966501,0.0029026489256916595,0.003986154187929242,0.004754556620874532,0.002271958528839594,0.002349330771706164,0.004155556940393977,0.0020789268214264195,0.003109428193932675,0.0018537062408460552,0.002734256762359829,0.0024371457676436205,0.0026884040685349257,0.002152140131409934,0.002017549431298675,0.0019703037827086874,0.003521984567957133,0.0030538203005936785,0.0026904098081962863,0.004185248133427585,0.0022206913160138504,0.0010812640054618458,0.0023236715840161074,0.003490410946819063,0.001807873518295347,0.0019177597814230576,0.002537528350949997,0.004691267160594553,0.0019487914056301068,0.005233902188924859,0.0017276426183544008,0.0022749174456520244,0.0008465544016866712,0.0026068707197471896,0.0014404369922658318,0.0025543357620204273,0.0022002291423603,0.0015271382240039013,0.0016219997404245193,0.001867055083019036,0.003503620656817586,0.003040465329409462,0.003346619132205102,0.0026814311963189344,0.0025627039975026416,0.003078404171947409,0.0033655993374224055,0.0023451190512804566,0.0014700594926236345,0.002067166240682333,0.001694879863966467,0.0024222452361290854,0.0016971120113681848,0.0018610222648241302,0.0019544595704477177,0.0028151730783064974,0.002003572054245058,0.003002733214228123,0.002620238809633812,0.003767257067264255,0.003057532594028431,0.002177560371874197,0.0036228767051482945,0.002256907115401659,0.0021023484869268716,0.0017763592936804826,0.0032114112810914196,0.003917449326413445,0.0032951655042538614,0.001466435637742048,0.002646506355753427,0.0021496836159464842,0.0038943480890684234,0.004633511490510215,0.003214031583886679,0.0020696942450912025,0.00214728504231748,0.0030097763303294695,0.003762949817042127,0.002404657259245792,0.0017228221535111727,0.001991541276503157,0.0018956198413919048,0.002543593461108896,0.002660985135535692,0.001641242640418206,0.0038447057264761465,0.002915015774995562,0.0028934368481481967,0.0017567526627651775,0.0033217191600505886,0.003994024672070767,0.0021598043798595726,0.0024009844427157604,0.0022460627379357716,0.0014945639368495502,0.0030840172068948043,0.0012847961971056258,0.0031056016449307416
3622,0.002644698100946531,0.002724555806788059,0.001860294807595284,0.003946130672224315,0.003102785704436281,0.004008105341805774,0.005394560128701428,0.002378786209912934,0.0026007889418202556,0.004118778082973772,0.002151396526348491,0.0031076787848220667,0.0019642898576086257,0.002778017968913673,0.0026885616076061133,0.0027984168287777307,0.002169081533933262,0.0022046773181811623,0.0020511496257645226,0.0035739113406044096,0.0030259729320516815,0.0026606975590651536,0.004312141558135268,0.0020603728535321265,0.0011440101535615792,0.0025383569095559096,0.0037211508307511527,0.0018493793828282688,0.002126954849419937,0.002560182420190563,0.005141612284149746,0.002053635232435611,0.005365089595141225,0.0018062884918549798,0.00231903772173481,0.0008958570777048224,0.0026004354554557897,0.0017222701255593998,0.002584471181024278,0.0022518440973204102,0.0015816528784359358,0.0017708140491033393,0.0019860282260983804,0.0035897977265754214,0.0031978532367485874,0.0035770850774331973,0.002790043302753689,0.00264714320376698,0.0030313073109159284,0.0034233891351671745,0.0024677542278627755,0.001558905731406553,0.00204434711726792,0.001952659125427004,0.00265388071829556,0.001754169160659998,0.001982380967847673,0.0021268097791640513,0.002942454325056123,0.002140687344405734,0.003243717672822006,0.0028163332037138777,0.0037389754422213657,0.003158734914035046,0.002360355078915785,0.0036922276751736086,0.0022690605732242296,0.002086896199276944,0.0017971522644326862,0.003464473632530454,0.003856864594081281,0.0032502702263604846,0.0015053049007333218,0.0029000552914102656,0.002258945246241683,0.004233360545844882,0.0048807881791463606,0.003373886323800874,0.002094029485270127,0.0024736885285742156,0.0029662705990122222,0.003962703794522547,0.0026046380463171422,0.001882235709574983,0.0020568093346750877,0.0019040515675186895,0.0026866684608179234,0.0027164585799921773,0.0017575662543962058,0.004169370075650097,0.0030237865906040788,0.0028577906720444316,0.0017980661297325768,0.003467692345919939,0.0042557978390118986,0.0022201901113948898,0.002431803970741222,0.002354038335813557,0.0015546055374262178,0.002962378626706297,0.0013756992997962707,0.0033556521779040263
3623,0.0029670958193712383,0.0030802311256906685,0.0019471405300117023,0.003915433378883561,0.0034300628854518614,0.004069328212243117,0.006260421614689144,0.002383703207801871,0.002681603447946307,0.004323531153262943,0.002354637453167473,0.0033647933617364585,0.0020067681978024735,0.002924000979753034,0.00301581140841351,0.0030876894485490337,0.0021838677237271654,0.002313295106059053,0.0022877301505381557,0.003995277977550379,0.003201640271051036,0.0028039738970460247,0.004630880830553864,0.002199529204776767,0.0011567309362873002,0.002851924044988462,0.003559905092320977,0.0018415604220736325,0.00216321419326396,0.0027502615394222607,0.005329677116963873,0.0022321334571079494,0.005659393690003676,0.0018436352420655557,0.002434014154250636,0.0008741720912050086,0.002792415803906944,0.0018335213217389671,0.002740323594482046,0.0022482964016012448,0.001654861575436573,0.0018491009108783144,0.002021954439531683,0.0038169254323715757,0.0034613936765670403,0.003999516796302231,0.002786105165015798,0.003186170435910786,0.003212790294106562,0.0036311804367795296,0.0025598624333919365,0.0016765002558432223,0.002653685257387515,0.0020490080653724593,0.0028122669354780474,0.0018018131713433466,0.002158899320578367,0.0022076515935153707,0.0030476595698534195,0.0024361703721239524,0.003470498718280881,0.0030443879915276143,0.003915114933599582,0.0033906787661543,0.0024876021148849637,0.003550694380289777,0.0022956657831150833,0.002153081349457752,0.002052236541563806,0.0035507668442369238,0.004006558960748363,0.0033414963413015593,0.0016988898855792268,0.003011699921713468,0.0024654299999714597,0.004083801588655764,0.005143425552226433,0.003407379643934504,0.002224084730574337,0.002697180286569048,0.0032019301337242547,0.003775431739230066,0.0025994895573713157,0.001989659143853274,0.002061798564966843,0.001956182970088247,0.0026837155263721205,0.0029368874668453163,0.0018933244013452195,0.004336448223451102,0.003035745856251415,0.00308985834720631,0.0019360487705155217,0.0038311621626515393,0.0041073547667196215,0.00225165273130358,0.002473988916007722,0.0025339764546506074,0.0016862592683376055,0.0032009052656925088,0.0014870364442706328,0.003485826761951156
3624,0.0030022562417120276,0.003026850931570882,0.001919970737429276,0.004008866851758381,0.003424746226483371,0.0038406107496357224,0.005756968801153106,0.0022186252721339357,0.00272873394012872,0.00416279300928394,0.0022874938641280866,0.003251870684678696,0.001987208705730499,0.0029535945533103037,0.0029231297102888837,0.003297465300063889,0.0020547074530147596,0.0022985533750098843,0.0020012844772138824,0.00391743225525147,0.0032304579867606757,0.002911457094986331,0.00459060690806188,0.0025411518861844333,0.001292853947892421,0.002621444308726766,0.0035090443254118015,0.0018725883005144758,0.0021164135574857274,0.0027627956182081762,0.005299978209286778,0.002175558736992157,0.005334549857732423,0.001890039098435072,0.0023762106620822602,0.0009648971074241663,0.0027403926411171055,0.001758569826294824,0.0027781139850127576,0.002436980638384455,0.0016137190735096613,0.001834402883172982,0.002073447200102108,0.003959497166246993,0.0033240464259455048,0.003650463021413916,0.0027332688067425288,0.003004294215103676,0.003554724312463631,0.0035013962312278398,0.0024667840948713275,0.0016363507946043885,0.002663348656273416,0.0019297088540535029,0.0025667350836507618,0.001996820325191489,0.002045021571372972,0.0022325397247882142,0.003202035377246164,0.002469752741435876,0.0034053901229785326,0.0027889516787922707,0.003904143391610217,0.003471744219550574,0.002441137285945061,0.003320229843702145,0.00237830770599703,0.0020903635816917326,0.0020168609110682734,0.0036075770621315623,0.003908572200007587,0.0032449242215943086,0.001693102236153324,0.0028443202826851574,0.002468191926560751,0.004058504756023305,0.005111196780666204,0.00332159126440395,0.002235171120091955,0.002491472474945458,0.00335466552433239,0.003917395318669049,0.002583807390437843,0.0019561147173568372,0.0020775555318980252,0.0020341005041231907,0.002796514408223607,0.002792016213787582,0.0019983589536507404,0.004114898377932533,0.003205111409798349,0.003045702499175848,0.0019205360234285011,0.003661010641413252,0.004326129947605941,0.0023271936315702436,0.002486709932934821,0.002340380364465799,0.0016413393938587175,0.003370224729133407,0.0014957864157924073,0.003503102483034263
3625,0.0030005611293071823,0.0026038710287334442,0.001835837415470449,0.003856810644754223,0.0031818625919492693,0.0037799105879077867,0.005070480465501524,0.0021676068181774107,0.0024898047249516816,0.003940069193336721,0.001884385301179993,0.0028807363502479063,0.0019072038126732836,0.0023337564145480033,0.002676333196075408,0.003056152449602265,0.0020436687163959844,0.0019913519675188915,0.001801601627495318,0.0034330439605259706,0.0030036689582116478,0.0025536077547062518,0.004192717449292238,0.002382447676326711,0.001203898306017499,0.0026122164008229526,0.00334329680199839,0.0017594105881416058,0.002016342555852415,0.0024440739703069296,0.005036117554267807,0.0020229113067474157,0.004961715607035645,0.00161939419987771,0.0021837466990895014,0.0009259938100268086,0.0023195800710942463,0.0017067676205243423,0.0025489276591893523,0.0022168569823917492,0.0015974171313951492,0.001747898880771147,0.0019456750958164425,0.0036545406896846423,0.0030053325793613335,0.0036496039129037526,0.002575107069131496,0.003043495119078797,0.003161308043193564,0.0030121231182507068,0.002302708503147591,0.0015924113729506592,0.0024565126783564505,0.001832081027186124,0.0023474496577344933,0.001829807491252792,0.001890222952264904,0.002054374482027895,0.002989867968363124,0.002466836563680007,0.003045399906101632,0.002571605795739456,0.0036100154651639393,0.0031865283146413114,0.002167045415194584,0.0031382167152452065,0.0022389850959561772,0.0020125323553953807,0.001779131649505237,0.0029070168568748017,0.0034234963947390212,0.003088755687126655,0.001611221357997211,0.0025444569460317513,0.002206564173927268,0.003724292344575451,0.00482126834776393,0.0031768354255985926,0.002031339185530167,0.0022012371054005043,0.003172093682330258,0.0035076870082866303,0.002379823098855615,0.0019350334597298452,0.0019468211064498824,0.001964202327332258,0.0026483015092425488,0.0027124337790280398,0.0017777796180448765,0.0036202248852007777,0.0031053367492205183,0.0028954779816405857,0.001779035065619415,0.0030461190422606515,0.004034702711383415,0.002156873819860223,0.002295827869419488,0.0022991535604704426,0.0015166881021791364,0.0030605598319583993,0.0014633707192558834,0.00311120279029634
3626,0.003073644678726198,0.002540684950277593,0.0017665675376213241,0.004005144790354749,0.0028941463143198815,0.003471420329313971,0.004946594049685585,0.0019529950076273732,0.002388287595452437,0.0035673663458657824,0.0018024169901294973,0.0028918619586576623,0.0017748707617133792,0.002231718059958327,0.002708344651260693,0.002730371145952247,0.0020059461876266818,0.0018712808079936897,0.0019238221258510199,0.003162985859368537,0.002791508535278444,0.002451194765014111,0.003943001423952265,0.001973652332495537,0.0010572622183607785,0.002514482375435605,0.0030920745133887094,0.0016125707283948232,0.0019389402051671449,0.002432353338959454,0.004913219416423513,0.0017400988787729093,0.005041952931598667,0.0014865206860582806,0.002115821808392715,0.0008090164694748638,0.0022066594351594394,0.0016756887183909388,0.002435802678285342,0.0020314941026693184,0.0017230964485300663,0.0016153912707843558,0.0018533325112117247,0.0032882091544698825,0.0027693881140557278,0.0037506061343392503,0.0024680594365819966,0.002756168297518656,0.002673232479011543,0.002754236040196862,0.0022621470602152143,0.0015886367300947176,0.0022966841539850806,0.0017817508643643877,0.002425446463876286,0.0015626681483714073,0.0020774806511289737,0.0019685888722431634,0.0026162469743994192,0.0026756087266172446,0.002798452815063979,0.002673286002671196,0.0031535022239251205,0.00312517666026276,0.002074611724142993,0.003120662356849299,0.002095778038313412,0.0020378721643635003,0.0019393240506723828,0.002633077705916109,0.0032552541536948706,0.0031610288698998333,0.001545764773322062,0.0024151359362479413,0.0019355269943513065,0.003544568540542989,0.005052899967846801,0.0035581873132665303,0.0022212367168655076,0.002205022561633679,0.002977655836618574,0.003484015452178222,0.0021004678092432145,0.001847554109162006,0.0018087566925696786,0.0018939454266595419,0.0025468927205046384,0.002636804264874126,0.0016357554922171418,0.0035121929073993717,0.0030168205840607368,0.002794644669896571,0.0016877959050729159,0.0028493087211294266,0.003938657709327973,0.0020518144095574118,0.002206244404196543,0.0020903740217452986,0.0014008640896958219,0.0028539699393191264,0.0013872167812333251,0.003043347621500967
3627,0.003500472577749553,0.003192196314397258,0.0019919881660067297,0.005093054435100109,0.00311547968552099,0.003916720954548016,0.005868684688664085,0.0021865843144620927,0.002893821336003511,0.00456428236862096,0.002461343001813471,0.003590102304521533,0.002099784583888722,0.0034562020143529062,0.0032771202578795317,0.0034501318553824337,0.002264989453972637,0.0022464957417866285,0.002282015235128568,0.0039013015828455646,0.003277288891576809,0.0030052357102860502,0.004913187980973406,0.0025705574754340006,0.001188851499605283,0.0031591942116658894,0.003526934288422571,0.0018441500448178633,0.0022172291356656448,0.0028986499989839573,0.0055107036504095435,0.0018901207402883668,0.005690379936117556,0.0017096617053345721,0.002415686620153264,0.0008880774401267343,0.0028118196922585024,0.0018245085360592856,0.0028741693642034744,0.002551485644360103,0.0019978012322403025,0.0019946581822567755,0.002006405170126635,0.0037432642071904315,0.0035139334334478574,0.004335792997696564,0.0029465183767516867,0.0032730201735491917,0.0031935699554671466,0.003641919988608909,0.0027512517066130573,0.0018507378114264216,0.0030627763233205137,0.0020768892814291085,0.0027797762042411954,0.00187134908971228,0.0025098122243711863,0.002428379190818583,0.0032156699956516046,0.003142268970749434,0.003352383502735189,0.0031123799076099423,0.0037158272531757023,0.0035180997471095654,0.0024593118271156785,0.0035215781801701145,0.0023260622733899707,0.002312674356651234,0.002336578527070307,0.0034769553596061533,0.003939456708865198,0.0037684132049994813,0.0017800954634214978,0.0027181896605971223,0.0023417191372288215,0.004023973037516431,0.005902852641727391,0.004250131356130771,0.0025421893846870195,0.0027322119404281807,0.0034496391024103333,0.0043296100578022155,0.0025238687124064132,0.002055301325905148,0.002082442712994054,0.0022530375582923362,0.0030356933283730105,0.003021646594795236,0.0019439710680221281,0.004281921570787114,0.0033910172344187367,0.003487239303932629,0.0019319946677705912,0.003326534978383265,0.00434910586833285,0.002588013589135677,0.002592442247103815,0.002509314864634574,0.0016560194873228606,0.0034605903526400326,0.0015877704413510968,0.003827243506426716
3628,0.0030212359104710602,0.002845393554353153,0.001871836343811706,0.005065311423668807,0.0031925765738882203,0.003955910913960642,0.005534380666087375,0.0022529187725602376,0.0027562986914576285,0.004030690829498515,0.002184045402355745,0.003329950243533322,0.0020107162519249606,0.0032832024538096446,0.0030703071137305514,0.0031536408513154995,0.00226015691058692,0.0021722436044171586,0.0020060202003076093,0.0036256906101283346,0.003207018907789194,0.002773969542824818,0.0044800824537789986,0.0022194197749519414,0.0011591146552918754,0.0026950956941362634,0.00359268944153682,0.0018061206496130457,0.00214389492520363,0.0026047719405715365,0.005169826583577781,0.0018136434320875953,0.005119744339930099,0.0016391514779267346,0.002410428086125925,0.0008868505973776793,0.0027145843736890315,0.0016466622184748481,0.0027583923587614734,0.0024675200357120804,0.0019013904952292061,0.0019183191047436384,0.0018226721622380745,0.0036357998435472784,0.003245706104621572,0.004030856996812174,0.0028806977256788406,0.002615527033264687,0.0030247756572373287,0.0033017280317881826,0.002738551060545362,0.0018354622764275928,0.002235706067310212,0.0019376197331632636,0.0024781068914742797,0.0018313334591658198,0.0021966622242097704,0.0022531497860952586,0.0029282343359432143,0.00268193182768768,0.0031631068249268674,0.0029555736338849154,0.00359584252274828,0.003435266755044064,0.002465289236655046,0.003358217192937234,0.0023900012706960525,0.002178297692684442,0.0019836355905540697,0.00317334784364641,0.003317468733000391,0.0036321525313380287,0.001701808401835889,0.0024356811671429673,0.0021470915209154456,0.00381155446516322,0.005288564054630172,0.004039659949935991,0.0023778925240684192,0.0023887830880615817,0.0033647738215697894,0.004276797836582971,0.0025434509307880548,0.0019023336522826259,0.00207704934162602,0.0020419139820605967,0.0028586095213203704,0.002773178664734031,0.001817787448833389,0.003878671327425745,0.003239137559628154,0.0032939802221480883,0.001827944370640189,0.0030096702321882234,0.004263820376363645,0.0024354932605911276,0.002569109761622706,0.002430538203449626,0.0014822299114312998,0.0032393026847185482,0.0014225671402492055,0.003587748572918819
3629,0.0029809894988361307,0.0027231202895544163,0.0016335156825914394,0.004667853560868949,0.002941915038975369,0.003787968430764194,0.00571682801958296,0.0021126344693057483,0.002733972223766369,0.004042261791147474,0.00204532374256923,0.00306574283791418,0.0019475353119454471,0.0028399584065131774,0.0027715942981663983,0.0028497416793706425,0.002134840797284079,0.0020815921224868915,0.002038611808428121,0.003381187466821091,0.0029007927242820173,0.0025567873839515217,0.004210626140223613,0.0018462699632413558,0.0010464434384251098,0.00262961825046334,0.0035693746727906077,0.001724563482314346,0.0020552853500661913,0.002563566284847017,0.004855553718972521,0.0017253665979303624,0.005144455026697258,0.0015005666746090926,0.0023275043549809064,0.000805802730083635,0.00252240042044714,0.00151415369880813,0.002634068237458859,0.002262481387959611,0.0018239832827137224,0.0019137831907421942,0.0016543025343251274,0.0035124265810590545,0.0029862882456632386,0.004162772176902409,0.002730772779932786,0.0025904423001420905,0.00267156624753299,0.003049698112069631,0.002542494176694502,0.0017319467063419806,0.00225263335721416,0.0018153194628603847,0.002564213567591421,0.0015547246051047237,0.0022061869318241506,0.0020541120486346994,0.002801515717184451,0.0029832260108125764,0.0029103614359002085,0.0029353167339257495,0.0033196178937454444,0.003217193578040551,0.002362582549936636,0.003299933991118046,0.0022388896586131965,0.002206385666188932,0.0019495902107861686,0.002833174469164544,0.003097497312309177,0.0034863169873422173,0.0015902716916954005,0.0023982940338564945,0.00194959490017384,0.0036431699096118263,0.004992694985755578,0.004290000295039089,0.0024553095819641064,0.0023197127083254476,0.003153869529188431,0.003802122941721243,0.002299132718059493,0.001874578101441323,0.0019754189087122366,0.0019299822785597597,0.0025414142596480844,0.002789778343602557,0.0016277429376810968,0.0038807104146297267,0.0031210977002643038,0.003289825529958046,0.0017860827974660461,0.0028510831183019385,0.0039526362409035955,0.0023282319813403124,0.0024871118208842653,0.002245104373546507,0.001464755950859619,0.0030044737255329086,0.0013087370177168702,0.003488221056112836
3630,0.003152578724824548,0.00294325038170843,0.001602642553364775,0.004716470754336053,0.0029558781621479326,0.0035284745145859457,0.006284864263419597,0.0019124169985052278,0.002905483575638492,0.0037976217536077627,0.0022068513596708137,0.0032304922459450605,0.001954976186663499,0.003078531915602938,0.0026733609837049518,0.0028604112756378058,0.002337219138526147,0.0024082213884892324,0.0020577541115977295,0.0035065342027326618,0.0030064224779941646,0.0026017094902843108,0.00486544953399527,0.00179407829544743,0.001088371176340074,0.002644411626455113,0.0038727756206347608,0.0018459154066918773,0.0021066388734491156,0.002571961162378945,0.005006029459487924,0.0017810858519790244,0.005745175187908207,0.0015967821396671007,0.0025935997763251416,0.0008301261399913747,0.0025904430702258243,0.0015483687718731759,0.0027389675826970405,0.002313391479580668,0.0018047260436580535,0.0017923489156335744,0.0017296828048733192,0.003601992324300266,0.003045226072441789,0.004310434846304041,0.0031139552128173565,0.0025935171365403255,0.0027184118007320453,0.00346253264017917,0.0026086733177889936,0.0016928209177081005,0.0024373753137325108,0.0017936298902239932,0.002707470222345425,0.0016102075052816412,0.0022361298866834336,0.0021140099444807107,0.002934559224968098,0.002912345689394161,0.0030805705456735523,0.0029546419793621214,0.0033734774084891745,0.003280507502354366,0.0023888228561624596,0.0036120874345086716,0.0022628111001755285,0.0022483960033493344,0.0022375976049417105,0.0030089364481810025,0.0031689521865517437,0.003569924563273804,0.0015093011777517296,0.0024432951412766573,0.00203298632972415,0.003839001063738296,0.005225428838076834,0.0042276931062745085,0.002858238706513274,0.0024516582824794545,0.003234970030056931,0.003735198598411463,0.002395767061065967,0.0018472728367222096,0.0020615616463306656,0.001908556524687083,0.0025766844670528305,0.0030551121000512486,0.0017239617813002465,0.00419790628682613,0.003220849979259079,0.003293699002457551,0.0018345783604007146,0.0028160872432085393,0.004169273591294928,0.0023425687221173648,0.0024569598110283255,0.002247859023000827,0.001581574383238908,0.003089382459879796,0.0013342326082035928,0.0038318977956453793
3631,0.003315614430062693,0.0030158502801052017,0.001733809741899261,0.004979355417387064,0.0032365674604714185,0.003783793962862356,0.006932736698001543,0.0022474154488947543,0.0031158121079462187,0.004223786164905641,0.0023422886747400075,0.0032904661593746586,0.0021479772010854392,0.0030646922117603644,0.002927353623393817,0.003051577956748999,0.00250945200846105,0.0026854471983627976,0.0020231351621265397,0.003801436102552216,0.003162124597461583,0.002694967469774711,0.005395451541838212,0.0019686864761174127,0.0012035212887141623,0.0027457234680290776,0.004023695530270851,0.0019945658438991595,0.0022827783019417633,0.002820925522822881,0.005179257522861536,0.0020372933068808076,0.005903861822825308,0.0017477403993155676,0.002718483661511607,0.0009526550622616708,0.0027335423372806355,0.0015732713500354232,0.00289086222774432,0.0024035999803804675,0.001807279918587214,0.002064299061536351,0.0018947168922830635,0.003712786526642567,0.0033903631865236407,0.004661981769370981,0.0033455178000616538,0.0028261118882539835,0.0029449792787307693,0.00375101593501217,0.002776720381424405,0.0019215122165816706,0.0026427962916379744,0.002020664335777994,0.0028150184949762946,0.001716241718956429,0.002364522587169883,0.0023602152916003287,0.003124787398809333,0.003236752943416452,0.0033849488714348492,0.0031205672948517002,0.003724961885401435,0.0034283521975837523,0.00261884985116218,0.0037169556383102953,0.0024083232783808665,0.0023877911966084056,0.0023830199304173036,0.003350292005452774,0.0032573661647595526,0.0039432588168418345,0.0016126364459689614,0.002746603136207066,0.0022184223704782373,0.004033464978960375,0.005388459277765035,0.004689426448606955,0.0030623344219438456,0.0026622376338583096,0.003364065864854551,0.0040025749625019836,0.0025758225798264713,0.002007996101517943,0.0022530671032953173,0.002062647465936339,0.0029308285705819527,0.0032613191176159035,0.0018401465030044258,0.004596718059308865,0.003207925913398379,0.003628735820652862,0.0020669872723585725,0.0031516936219780738,0.0043443822350153205,0.0025826799539678024,0.0025953411856225145,0.0024737587982013795,0.0017874596696321023,0.003261200299484964,0.0014139070092170098,0.0038773627004346114
3632,0.003071841351640666,0.003138641302668496,0.0017452057591678578,0.004664443780934279,0.0031400171352345724,0.004011340946438452,0.006313391081901354,0.002176541622906602,0.002971349132364771,0.0041389371824603095,0.002185351244386897,0.0030943339047710345,0.0020137893375775343,0.002657597638328074,0.002912339592797686,0.0029443951560283363,0.002303864143222614,0.002634917773075671,0.002212634605164192,0.003790948504095124,0.0030989704602674946,0.0027522743047463175,0.005550442425798566,0.0017632317599548999,0.0012201522949029885,0.002476961075093905,0.003871864563154299,0.001954805720033049,0.002230579580911297,0.0028262795609875734,0.005439292216960375,0.0020708067637670385,0.005601138989393219,0.0016909549440048423,0.0025960150048289833,0.0009358058458933753,0.0026711138579276635,0.0014514445860943574,0.0027154412361401533,0.002261885752872444,0.0016446045294453671,0.0018953315354470423,0.001963433650370914,0.003526653318486269,0.003376890734027001,0.004269985266900457,0.003065103048565236,0.002782209535922197,0.0028203096357815698,0.0036137354974700234,0.00264083735999616,0.0019233974315006962,0.0024076790197431414,0.0019914521169845938,0.0025691271194009015,0.001619082390466944,0.002198378077330633,0.0021592644907268265,0.0029911968585101534,0.002851681024382042,0.0032364557685627174,0.0030633491641298824,0.0037306139639871026,0.003385661707932006,0.002474928581077293,0.0035664983512290306,0.0023706975054292533,0.002357324587495309,0.002296290064067263,0.003291884753036178,0.003460982735297616,0.0036317008972470777,0.0016029815202632527,0.002849042570449243,0.002210586151887535,0.0036896943591763036,0.005219383201319722,0.004396558570605017,0.0030111459003653003,0.0024534038877735806,0.003085374554298164,0.0037831259925554706,0.0023420973271985005,0.001965053282432803,0.0021414385355819883,0.0019592599523635718,0.002827738265220641,0.0028572849354523214,0.0016843717928716226,0.004369549480962712,0.0033319351507630135,0.0035862321614080536,0.0020273671014563086,0.0033159438737706986,0.004357204075590809,0.002440463807888913,0.0025619085742527837,0.0024554108359013858,0.0018758440416760714,0.0031463128419700636,0.0012749358151502741,0.0036186641902291143
3633,0.003992836854066199,0.0051381793735144265,0.0021987362677550544,0.005277771541540618,0.003494251289955625,0.004706113513272291,0.007551846391005768,0.0023852997889248695,0.0036731938438547018,0.0052161857393026685,0.002853596031915674,0.004556364026532068,0.0023771517626215593,0.0034847835473395933,0.003467094801230044,0.0036943293536533285,0.0032720961451983416,0.0032295523435927342,0.002849636366824845,0.0046598372533952015,0.0038690748080321105,0.00353778490569713,0.006910903128074867,0.0022611223787345554,0.001417348350678037,0.0032421545412217832,0.0047352197258463576,0.002241006635976256,0.002591527139413052,0.003241363802869367,0.006206855242888716,0.0026586309724912914,0.00671128329904495,0.0020352050960582764,0.003420842575709806,0.0010388950440931362,0.003326391180076286,0.00184824210421981,0.003200314159944612,0.002615474307065032,0.0019312356804422849,0.0024565964250806583,0.002469904337302073,0.004179562470789743,0.004015541518816931,0.005044824565003815,0.003933459129529128,0.003610548089342941,0.003261705239197672,0.004672416861705089,0.0032466453726126736,0.002330829609657621,0.003085287612734322,0.002575245746357021,0.00306979852859227,0.0019539353973810516,0.00290237765112855,0.0027783117290675046,0.0037451349716081947,0.003708073640553572,0.003966416400669966,0.003270872020999349,0.00448205220886232,0.004060722905937971,0.0028794216186768177,0.004321535276034281,0.002927466127403899,0.0027589203431163736,0.003042698793145025,0.003980518888103481,0.004159383354573997,0.004106613074927745,0.0019891000263064845,0.0033750871258706066,0.0028932281803272343,0.0042148120335050755,0.00603265249787813,0.004865374465107613,0.003523344643387893,0.003123088849066692,0.003889557856748486,0.0045302858255763445,0.0029747739013360162,0.002409878732336344,0.0025831221665029215,0.0023493341642846985,0.0032740666595514655,0.0032890925426854864,0.002060772402663732,0.00525241028236821,0.003962630440166077,0.004453491463913443,0.0023994613210054326,0.003958806500483066,0.005032044751928769,0.0029541354715954407,0.002946848842292218,0.003008727461678422,0.002392686654648167,0.00361497507314269,0.0015855130167807395,0.004706969566641943
3634,0.0038599263486429076,0.0046662483597218985,0.0021289410957188995,0.005162556461318812,0.0036838258105244895,0.004673362242099899,0.007178911034018208,0.002432213778011483,0.003428574002636224,0.004807105387730259,0.0026713540810798407,0.004421551564897827,0.002335608877730974,0.0032830215561854446,0.0032098689016294103,0.0034198415088894474,0.0036030159653833815,0.0031964632078569618,0.00256517302157878,0.00437190183415499,0.0036850926947377054,0.0034435328412503303,0.006583868935583626,0.0022709365553394856,0.0013950689494227036,0.0029924943616838257,0.004691076992243633,0.002202811373624041,0.002566462771534481,0.002883047169440285,0.006173203382832907,0.0026900090092759257,0.007070562839494461,0.0019687734519934167,0.0036522485565792435,0.0010366001028472216,0.003233016708032494,0.0018414154650311504,0.003294076034099546,0.0024877421773151,0.0019120864515395689,0.0022628692265190794,0.0024572180609238126,0.004062592307772995,0.00372252363651511,0.005297138033907597,0.004218854230335441,0.00325882222941072,0.003210032506750916,0.004413503484140914,0.003244542745947914,0.002161486430761668,0.002906037779404128,0.0024388397259886953,0.0029635805450334315,0.0019322909097739874,0.0026594875958124804,0.0027634248435038683,0.003434531594002303,0.003470737536040477,0.0037674140204392802,0.0030226717097235037,0.004480003453094844,0.004061614145896837,0.002907619972112766,0.004689906178464662,0.00297235232983653,0.002586803636861107,0.002976766377366687,0.0038261834232553747,0.004250073445447346,0.00427592853257555,0.0019025864698254456,0.003266205479279004,0.0027932257221533587,0.004141926251625301,0.005304625629296197,0.004273341430522059,0.0037691526012672487,0.002838855565893414,0.003878530166135458,0.004103823658079855,0.0029618805531845707,0.002348182297278875,0.002624794188767879,0.0022869892982892923,0.0032129661718713395,0.003153706904974266,0.0020632706185142367,0.004885301023057135,0.003857446225270895,0.004189514882654075,0.0022622222818337303,0.0035420668533691665,0.0051303354553836516,0.0028228774653875376,0.0027271920525504326,0.0028850487792645655,0.002238225633958248,0.0034186473413502713,0.0016281653958857036,0.004667764953578702
3635,0.004011096136866023,0.004362974529079614,0.0022577337911569594,0.005147761841845396,0.003912255872563004,0.0051199928626799816,0.006789713003694806,0.0029377182573982617,0.0036420086310559705,0.0052271579992627,0.0032556441174971967,0.0050711430793948555,0.0025768044416905425,0.003440064878183672,0.0034890186850436134,0.003521108332400555,0.0033028971220253954,0.0032458017907506472,0.0031457966283956226,0.004413464808773226,0.003913568648825654,0.0036452492535359766,0.006714590338088662,0.002488755816216852,0.0015059741082784732,0.003195992055482704,0.00488428438489929,0.0024234920664698064,0.0027698797502166677,0.0031568663340172417,0.006201642695580422,0.002870781611127923,0.0072374353729165635,0.002185288802075017,0.003329628564796305,0.001130119331082254,0.0032786035557387607,0.0018284895217394919,0.0032580180161592494,0.0027312156361241876,0.0019499862777606308,0.002553796361996714,0.0024221115248971204,0.004115998087438006,0.0037938308802234273,0.005479735171506015,0.004056405270562996,0.0038787048415952746,0.003507891482486708,0.004643242251800303,0.0031736907031650204,0.0021257186674403794,0.00329532076597772,0.0025184736129572477,0.0031557794203910553,0.001989090049933443,0.0027651532132329003,0.002752971348422529,0.003570936770073524,0.0037741977570249045,0.004052951944500579,0.003301107567715921,0.004348009507337384,0.004095483167416077,0.003028444488012884,0.005019967222196468,0.0029018593705706923,0.002845066996232333,0.00262771180495228,0.0041484485764075405,0.004705780351091032,0.004277814517392913,0.002185853503283894,0.003662629656726171,0.0029457640858870674,0.004228925209732674,0.005524470769504121,0.004651800161836294,0.0035160633865682547,0.003204029058028841,0.004054655093216268,0.00446950354936973,0.0030103820512855056,0.0025110403118705615,0.002820385794699011,0.0024263173790144052,0.0034348930999247513,0.003383500820687107,0.002099710350332771,0.0053248824788236174,0.003980275712603296,0.004519786068849379,0.002260857411731497,0.0038488113470754766,0.0051368684556185006,0.0030598838266630403,0.002871874296720691,0.0032882323064558584,0.002365644474703803,0.003490410584238734,0.0017076531140376833,0.0049912813658997265
3636,0.004609629623952649,0.005182619649884198,0.0024956509863935535,0.005448609012574021,0.0041711395859978725,0.005540758584307509,0.007446486897265041,0.0029607796765551532,0.004105153443012175,0.005604236127371158,0.003758448358040935,0.0061274216267922545,0.002678856521989834,0.00398594929863354,0.0038956851599392865,0.003990333876487942,0.003955485696345725,0.0034787456524478636,0.0038278774777208893,0.004860090895073012,0.0044258652263652705,0.0040512451650647225,0.008134537681530652,0.0027631054144033134,0.0016793138822266832,0.0037623601153554094,0.0055298262106289655,0.002545902812221794,0.0029340130601792106,0.0032459743915912334,0.006722936763930021,0.0030448891244084135,0.007723955365006729,0.002321438648474729,0.0038061687084554705,0.0012016824289332359,0.0035815381309399403,0.0020437606674295976,0.0033643927618218035,0.0029332518576416456,0.0021270184898646675,0.0026969457676521585,0.0025639882135400274,0.00463748712846073,0.004095175603065563,0.0056916367318197835,0.004475395899518621,0.004323888293328134,0.0037893701393645874,0.005418037672840695,0.0036748654975859597,0.0023087498947358363,0.003671055835260638,0.002728575799235241,0.003302525839144377,0.002260688115314372,0.0029062517070851516,0.003020313085991467,0.003951415875151964,0.0036899745885513742,0.0044619391247595775,0.003458510199074382,0.004907700443502281,0.004440861044915589,0.0033321282949252845,0.005317470767055786,0.003179527966996939,0.0029847511296703507,0.0028062325097859887,0.004493147569443189,0.005127186201117821,0.004430903468602494,0.0024057034707537926,0.0037222618721576436,0.003232088427513175,0.0045038278970108096,0.006200076331158126,0.004719242653422713,0.00350022993081134,0.0033984856921300214,0.004642265281536345,0.004983433013781985,0.0033268709582789046,0.002720988356711897,0.003099850959222718,0.0025375805255780136,0.0035316731703090307,0.003446902650656732,0.0023556698816382744,0.0055694449390772584,0.00439556743776626,0.005031780638829311,0.0024361894749384957,0.004264948929018593,0.00533975380220876,0.003115279808895157,0.00304529962472844,0.0037433981958908363,0.0025808204101053773,0.003778428425650246,0.0018427290027641084,0.006029950119104539
3637,0.004377831185331056,0.004442777934340343,0.002222938839892853,0.005280861302725417,0.0035628699571399335,0.00485278300779466,0.007031608560239988,0.002756556291734043,0.003787087157900529,0.00504103221899987,0.003103871989149755,0.005569019730760511,0.002573621472192679,0.003648183549798361,0.003441734621428842,0.00372855175944879,0.0038166021327849923,0.0031782961370820147,0.0030622630987192567,0.004237367480992516,0.003930286080977774,0.003558878723860308,0.00696373374515645,0.0023648122871451523,0.0015448540534326162,0.003416845475056372,0.005244401703724683,0.0022543178348036295,0.0026185941880263425,0.002934635483906821,0.005947251555746369,0.002735064499872575,0.007068874510839352,0.002161461019247331,0.003657626773512848,0.001138211937538931,0.00324993101807317,0.001974907346803113,0.00320334801296844,0.002616664034198592,0.0020306110382966444,0.0024963592589160874,0.0023834408118708745,0.004253419420288269,0.0036604246158939806,0.005431801364989562,0.00403587374169496,0.0036949390272027027,0.0035914860094004362,0.004669350971321495,0.003458986552602782,0.002082781365147693,0.002952673844627277,0.002502765547245418,0.003049467472658023,0.002090851787838591,0.0026356678953996793,0.002847035504758257,0.0035319037828284213,0.003479697419043867,0.004027606410561913,0.0031894376409256986,0.004175307137026264,0.0042510166773868235,0.0031109532853089003,0.004647406920024001,0.0030569405698214094,0.0027441491939273295,0.0025395941257797395,0.003914810563603512,0.004284518328365858,0.004151867471064391,0.0022229859541214826,0.0032479425448222383,0.002805908595959807,0.004227254785230927,0.005811827941458542,0.0037238256456696684,0.003321471854597398,0.0030530539290688696,0.004308779078571598,0.004909743768939831,0.003205106561119582,0.002420198764719717,0.0030538484742464495,0.0025319674437247496,0.003445781563383154,0.003926810202604095,0.002246304239432268,0.004673687946266681,0.004111686185061287,0.004505726570730673,0.002311498990536615,0.003726125455157134,0.004944178738121855,0.0028266811016200303,0.0028346550921563973,0.0032137798209604606,0.002090876104501704,0.0035861707552612664,0.00179018718602337,0.005405689440024965
3638,0.003819567719495319,0.003443987574930613,0.0017988073364103756,0.004470680955273007,0.0032129511986281295,0.004430091394365836,0.005618055857407425,0.002747689393014472,0.0034669400665415166,0.004506062789096706,0.002726099170126412,0.0042771131547239,0.0023057002985866306,0.0030951500649668453,0.002868248821413304,0.0031836322066097593,0.0027158943281484988,0.0027588658732274917,0.002964327851735633,0.0036524398996499404,0.0034536457025500966,0.0029426296341861407,0.006228979206872244,0.0021775982358956747,0.0013183042907831811,0.002925143327335554,0.004857432007364497,0.0021317561271192932,0.002334782075695279,0.0027442086214145706,0.005790703350900869,0.0023891349708882515,0.006495771625796598,0.0018725178256494893,0.002943368133730406,0.0010226253333866413,0.0028503909005989456,0.0016767916882505821,0.002852987284203485,0.002338348468937355,0.0017878877493400906,0.002077463546188366,0.002176609163195211,0.003597817179401084,0.0033452288933994313,0.0046176895355048144,0.003207768222789477,0.0031239008901690775,0.0032483765293961925,0.004170495526766105,0.0029188207575619354,0.0017685435022301197,0.0027126866023313876,0.002105863079421569,0.0027387782900695546,0.0018761792814662231,0.002250981692910645,0.002358324522957913,0.003151521685134267,0.0027243729130429226,0.0035339737767297237,0.003073479537389319,0.003588668570602412,0.003594361634261038,0.0027290848563702543,0.003904388030937441,0.0025677956566933125,0.0025043208101792557,0.002121163672166698,0.0035930477068116585,0.0040998664839439255,0.003703968187340615,0.001963924538390906,0.0030346707320869294,0.002403179877370678,0.0040053259458141975,0.005458457893894208,0.003522162973672673,0.0025904954060829806,0.0026362951785058155,0.003517211404477629,0.004168517200834375,0.0026980510429756733,0.002075846274233422,0.002577806816045789,0.0023140968197631877,0.0031161725184813806,0.003243957273847266,0.0019503380901122551,0.004279495639617259,0.0035055113201631566,0.003993494958042543,0.002073743339299382,0.0033628075965918655,0.0044797483457423935,0.0025115900746237934,0.0024791422076894695,0.00276375656563006,0.001884444241179424,0.0032229101878860095,0.0015033243903123097,0.004466796412868866
3639,0.003791585695846844,0.003292049728949485,0.0018584122446986264,0.004502930642543795,0.003221542193166507,0.004522465847462011,0.005947307314354447,0.0027079831575093512,0.0033443992759285036,0.00448830901186653,0.0027264334438073337,0.004359633644915069,0.0022954478732650483,0.003027104071500311,0.0030466621550456585,0.0030848124872682233,0.002524679220089409,0.002708624363170308,0.002990317115935888,0.0037078594524908434,0.0035402163694153404,0.002845707759198033,0.006361438902329469,0.002165240960591804,0.0012901038723698215,0.003023065443432453,0.004778468919061373,0.00227784365994429,0.0021312364773122725,0.002666281510574509,0.005839377050831887,0.0023714254448378145,0.005855170349285443,0.001962198656771651,0.002893791151795239,0.0010478555763604055,0.0028946513518531246,0.0017262733377303907,0.002802989288262172,0.0023102143933031167,0.0017844851707381083,0.0020965359397893926,0.0021426675314058603,0.0036969087064938123,0.003413355252058648,0.004334243189593474,0.003096801748383018,0.0030022118303691526,0.003233846397608313,0.004090696881607063,0.002853036056101098,0.0018680276621777007,0.0026339766799455175,0.00201833588439925,0.002572791599454957,0.0018737840261695729,0.0021529358326010865,0.0022849290337908007,0.0032275941185397642,0.00261214960595756,0.0035793742408344468,0.0030920343253803976,0.0034752162486472154,0.003487285105882691,0.0026281883585865637,0.003625251401999584,0.0025193232954014576,0.002501501512465701,0.00199348028908911,0.0034891349193897285,0.004005874459931959,0.0036851896650245334,0.002036758753315969,0.0028745297393174786,0.002366714697005179,0.003834574265761384,0.005632643252001865,0.003378329020076864,0.002372937619032913,0.002666577916028399,0.0035777201594232888,0.004808210406363139,0.0025988155297266375,0.0021743462250372243,0.002438072632223137,0.0023247917727506257,0.003081810330438029,0.0033193654871897173,0.001995329192413924,0.004159351299979952,0.00336276575660759,0.00390104629841784,0.0021398347238340445,0.0033895119178098017,0.004420091480635274,0.0024549456937940223,0.002639700414733087,0.0027983480408093776,0.0018832041433852742,0.003283201940817777,0.0014723626497374941,0.0043227448602811275
3640,0.003623998714576473,0.0031656100372165633,0.0019340870249232214,0.004310109901098092,0.0029617962604272293,0.004077211782555648,0.005604938506929265,0.0026555409801088904,0.0029656014271635077,0.0042480064149647955,0.002298046366391389,0.0038415353194180446,0.0020974722633053627,0.0027214415896935724,0.003025257099751051,0.0027022198423030234,0.0024682925929368714,0.0025485010491550944,0.002392780063780105,0.003449974410071424,0.0030911342609166543,0.0025873875191476884,0.005665637093908463,0.0018148176559359475,0.0011814710096571888,0.002934274946334834,0.004080954733811451,0.001967465638655138,0.0019074192732979841,0.0025072567487548765,0.005699298841789182,0.0022273408805488686,0.005170895707377086,0.0017612180927059743,0.00260937030336491,0.0009652956175490033,0.0027113717150321214,0.001901834854786449,0.0026221515383999393,0.0021510556381090272,0.0016900609111116147,0.0019601083948024385,0.0020199297693787852,0.00366556538176405,0.003265816383177863,0.00406710179679485,0.0029802717821768173,0.0028146993065311376,0.0028520602141584063,0.003537310569794925,0.0027570740672429213,0.0017097192438455503,0.0022699659131914735,0.0019640350416427225,0.0024187776012467885,0.0016304185393341633,0.0020953177820790736,0.002197263960290631,0.0030096664924325993,0.002512300638122131,0.003192049355014131,0.0030632101791629746,0.0036826476679494425,0.00338825462825144,0.002479861069526286,0.0032244591591145903,0.002369158207383934,0.002391459383853415,0.001827401887620364,0.003285574807935409,0.003697871530684089,0.0037274077892220695,0.0018116886910466044,0.0026764113784933517,0.0022099986052325805,0.0037336619857787916,0.005593544905773794,0.003432908123363511,0.002260784546942906,0.0026047958277273173,0.003371984211300242,0.004328520260931157,0.002515400135888786,0.001954333237290026,0.002137794922073383,0.002086549094335032,0.0028320280112937263,0.003431875073620457,0.0019606405387120377,0.00396834465805644,0.0031025633278354207,0.003477918212131091,0.0019419105731463707,0.003169621036592786,0.004353472070590345,0.002283827112096162,0.002304454476932645,0.0025212448915864463,0.0016892633269104034,0.003128384099334049,0.0014292356692894256,0.0037051467197001214
3641,0.0030108414765454587,0.0028098339386899585,0.0017353039651831481,0.0040605403330006675,0.0029384425214005806,0.0037767410274625805,0.005156041138835233,0.002445632774445616,0.0027070052241523184,0.003892750632043615,0.0020942104461127466,0.003335690233442894,0.002005527617388696,0.002663256178291644,0.0027977224756508493,0.002642786499797074,0.002047693288991178,0.002381250918931548,0.002215782406222132,0.003180379709709291,0.002930884930621419,0.0023772289895284916,0.004928401335296474,0.0017932251984955022,0.0009882636894850165,0.003202125292675114,0.003781889352726778,0.0018683966147293675,0.0018251678891461286,0.0025525259416372373,0.005452473744017766,0.0021243033906208166,0.004880329614523666,0.001662755999536232,0.002158587847307155,0.0007984099965955791,0.0025068741517926736,0.0018266587228812899,0.002543084125834451,0.0019002677421711292,0.0015974782228545164,0.0016933496174364568,0.0018425924821955293,0.003167550969824699,0.003116793326522855,0.0033601303267036505,0.002713326106773424,0.0026071541402378534,0.002684010420069303,0.003155688857976054,0.0023534541414647545,0.0015803012129317962,0.0022221587615297873,0.0017278598927618037,0.002307358436973414,0.0014749610917925027,0.0018671167439675482,0.0020214926268519316,0.0026877984879086383,0.002186360138409561,0.0029276327079900332,0.0030244032079636174,0.003414663781503941,0.003159752906557735,0.002336689408572156,0.003098792507593531,0.002151740055298291,0.002316925163051599,0.0017231018398755852,0.003121507812947699,0.003640599412933348,0.0032065993720857694,0.0016281660462190385,0.0025303891193293117,0.0019887655475091634,0.0035175996594834693,0.005201015867995052,0.0030891343048014227,0.0020111016087031937,0.002357716146147839,0.003074770088562284,0.003791963155031895,0.0023457270112234225,0.0018344540701583727,0.002005650245080059,0.0018756186326285146,0.002585609984760897,0.0029331542370711044,0.0017678950669263675,0.003820269927350009,0.0024811827240146427,0.0034222616920326736,0.0017993583763154812,0.0029146878010810062,0.0041201762534066886,0.0021858027030177037,0.0021535852855630797,0.0023927672829655877,0.0014530074018924,0.003027518479528706,0.0013095345144308193,0.0033200775197965784
3642,0.0026355946226382892,0.0025733001096481605,0.001709374286053771,0.004169662302329104,0.003311624380014499,0.003726199533507082,0.005081943191589941,0.002416410414661607,0.002313200432640882,0.003986782992892294,0.0020217958149418274,0.0032593638128018995,0.0018670477889586668,0.0024651115172783095,0.002741676938648079,0.0024631901838456562,0.001924710028814924,0.002243765909601876,0.0021387947694369597,0.002938391328494819,0.0027610694774671527,0.002275880415965455,0.004921584199642198,0.0019121865523502879,0.000823022603641825,0.003255200305037704,0.0034496343414568325,0.0017516087329348432,0.0017518089361150274,0.002396877605306547,0.005055967356370439,0.0019319495885928627,0.004648379800128006,0.0015292680843693996,0.0020721102914177747,0.0006913481288517933,0.0026219644798726295,0.0017838804052474366,0.002492092283074392,0.001754039677092252,0.0015383839402501687,0.0015398139979766951,0.0016323749995109775,0.00310224339624986,0.0029620697768645513,0.003022429774462222,0.0025349083492693897,0.002519089180581769,0.0025635561149273,0.003148239950723976,0.002173039680922961,0.0015317878119433044,0.0022219415867057906,0.0015637454688085801,0.0021276873596413576,0.0013411971018446555,0.0016914184044368554,0.0019313612738968752,0.0025161070481723767,0.0020792506277112336,0.0028535749283450933,0.0029639366915184336,0.0031797898989191133,0.0028031052367500546,0.0023727601338107956,0.0029980754926716003,0.0020158382495844385,0.0021264015279046093,0.00177455800888588,0.002905134183025547,0.0032721530387522907,0.002999486826349128,0.0014631533158867948,0.002376265567529516,0.0019308710441829947,0.003385485819208414,0.004944376628296017,0.0030661013993592994,0.0019211051928120781,0.0021428320830448873,0.002756068301934471,0.0032214750888871083,0.0021468653389031997,0.0018083366261138413,0.0016403860061719531,0.0018646477313634929,0.0023039883445687527,0.0023822058958718893,0.0015621556267009114,0.0037724330016110385,0.0021941461270510013,0.0033245021719788383,0.0017122176487906378,0.0027618128686506074,0.003719488238077025,0.002058587090197759,0.0020707267633190093,0.002233705008342557,0.001419137329794975,0.002932609397334415,0.0012718099642459572,0.0032810138838793735
3643,0.0024056375059827925,0.0021787697322463604,0.001730337704480961,0.0040997007532281166,0.0035189928475038938,0.0034296377920201666,0.005109532419397065,0.002328049973800314,0.0021052134172397947,0.004020160182483481,0.0018586589749192805,0.002885127506773947,0.001817133599673478,0.0022772811764951457,0.002628134560933362,0.0022857889604858557,0.00160794839670395,0.0020419585657243124,0.0018638933528228859,0.0029140748608045696,0.002502186379917846,0.0021714344586749317,0.004492409526720381,0.0017924383732097146,0.0007648564999047728,0.0032678537605761197,0.003099586927761019,0.001553004550174389,0.0016405057984471018,0.0022253147243702248,0.004757681902709913,0.0017143167988085423,0.004713234245954528,0.001395398671767788,0.0018941960978904914,0.0006392400875368655,0.0024153979926724934,0.0016494464684157165,0.002285615524748335,0.0016545133984830066,0.0014627552525492934,0.001417354646423674,0.00144313028352083,0.0029561838955397923,0.002723596566102005,0.0030082531290954962,0.0023305171231043434,0.002354832184382497,0.0023346616944869146,0.0029142818738223065,0.0019584545209645463,0.0014149533591725938,0.0020355292720129767,0.001459693488407333,0.0019534034846680603,0.0011551087270736489,0.0015653999084006302,0.001765034647774756,0.0022456147019448806,0.002189467458403874,0.002637117377546289,0.0028633383478759325,0.0027943865949207063,0.0028400236401102384,0.0022424627577548968,0.002798730468830467,0.0018721638463700424,0.001930645345727277,0.0015283045594039304,0.002685027882249785,0.0027705106227849867,0.002976274872755801,0.0013198571173789761,0.002258026307663713,0.0018018550828224728,0.0031234904494118775,0.004582049298296844,0.0026980024132554287,0.0018766699222494854,0.002044933802059672,0.0025989566086690005,0.0030777508274885956,0.0019869935600050274,0.0016511820989648285,0.0013132542219254167,0.001833707043954181,0.002183662500131929,0.0024478592020590897,0.0014342845142899885,0.00366589379858714,0.0019350667706920339,0.0029545426551297587,0.001535834133469424,0.002704694976259837,0.00344419587345981,0.0019337717305031397,0.0019935571703052473,0.0019883244639206867,0.0013193530928630702,0.00276544862750558,0.0013031971246377603,0.0029844683369638853
3644,0.002257297874763019,0.002164117850671446,0.0016380013878919048,0.003932782664844942,0.0036215837146849356,0.003287452070772187,0.004769978856262865,0.0023926626129744024,0.0020472468740494417,0.004263249384067773,0.0017983862370713143,0.002428852637675707,0.0017741822674033508,0.0024694991584846993,0.0025530126149263433,0.002330199806531441,0.0016171415344715858,0.0019656228947811764,0.0018818995101594006,0.002911098702696393,0.0023501010888137375,0.002097009213415456,0.004103349955727914,0.0018510177691785166,0.0007746480165110215,0.003577754881956732,0.0030258560022140093,0.0014898596345005487,0.001745148385087104,0.0022543614121250982,0.0047316048805731105,0.001597621777042635,0.004580816691338957,0.001401308057752962,0.0018462618821066766,0.0006286121946842489,0.002251249392639674,0.001609702998026732,0.0021339803008656928,0.0016910295176080599,0.0014323176702325175,0.001418396107615746,0.0014750369587444331,0.0027672305086412375,0.002772660073537298,0.002986874865042872,0.002251415469320794,0.002372987796781109,0.002352986886354383,0.002829667814551044,0.001931652648673401,0.0013987563688377706,0.0020600236778683823,0.0014776732868885722,0.001839095000499051,0.0011855277254525904,0.00166171877193704,0.0017989391943821385,0.0021587088190002292,0.002081401625427015,0.0024997155456342028,0.0028497024924578804,0.0029074008094531873,0.002738024056958209,0.002403556467128667,0.002812914790399832,0.0018920788441879118,0.0019169310826014391,0.0015401841088391551,0.002582151499640332,0.0026595680703906314,0.002715739803107736,0.0013276816252673013,0.002288145681274616,0.001788693083321462,0.0031616842236864597,0.00468574132903436,0.0027548653564135072,0.0018199398299694794,0.001956194348749846,0.0025173369656864538,0.0029118413049490817,0.002008906759233989,0.0016252618630761197,0.0013107359532984744,0.001757711332324552,0.0021852797109024867,0.0024359640136217787,0.00139614798225563,0.003712522735969551,0.0017941178164591217,0.003014321655736428,0.0015783132499217409,0.0027632420995744944,0.003306114196363458,0.0018920586998589079,0.00192210531225427,0.0019339425661226916,0.0013377461375958081,0.0027700867117083448,0.0013552723694003849,0.0026998348814936996
3645,0.002290274756459271,0.002320634856824585,0.0014830203643976488,0.00417896227406121,0.003361178123213254,0.003062369512065842,0.00524415190401148,0.0019170540642351969,0.0021681501119957935,0.004229492398886287,0.0017727928512437723,0.002473564777024912,0.0017580614675916965,0.0024720315141398054,0.002448952490040014,0.002434517705120666,0.0018221446395186283,0.0019706305123178896,0.0018028285142090378,0.002991893444635566,0.002464550258345059,0.0020207472038635426,0.004292843960561431,0.0018807599399316614,0.0008276713067826118,0.003460789824339961,0.003167064141256453,0.0015099784485946603,0.001890891097028111,0.002199626724571781,0.004679770379642845,0.0015603213761254636,0.004628381039675485,0.0013995938808735947,0.0019319660838876948,0.0006412796684067085,0.0022079838598223077,0.0015563797596387563,0.002276291967985891,0.001705161511026612,0.001397637419624269,0.0013707552717328766,0.001475341663005288,0.0027077016035649097,0.002728374762749342,0.002827887885704074,0.002192346834351185,0.0026441604327303784,0.002504737941025264,0.0031114630481572127,0.00200836550775483,0.001411007649227682,0.002078267490806959,0.0014219937556477044,0.0019636950811185373,0.0012808025392392816,0.0016225301039703472,0.0017847173625468516,0.002288227589928129,0.002138659013088824,0.0026106714369516747,0.002799966800393292,0.002998264402755103,0.0027992350496028684,0.002474641883384694,0.0028210849702285496,0.001936725404145887,0.001958430205947748,0.0018046157549213614,0.002653292406047191,0.0028777320648322316,0.0026408099305079034,0.0012928981427655069,0.0023105857697463088,0.001814167307294815,0.0031585508816482292,0.0047483019068877445,0.0025686482968478824,0.001841122884842295,0.0018882916259192824,0.0024862047841418917,0.0028283691388151662,0.0019511656361664445,0.0016010172848454059,0.0014271117029925249,0.0018240362775038277,0.002225129983144635,0.002444059970353388,0.0013556843612703357,0.003775672465962561,0.0018766449459175845,0.003086451105152567,0.0016176852546465064,0.0028444559323633095,0.00329684475093586,0.0019445297869807668,0.0020930118036631695,0.0019320449642396059,0.0013686303348078902,0.0028373402991362685,0.0013385787843622373,0.0028681637205367275
3646,0.002901408621366227,0.002980650727372633,0.0020919551434718476,0.004934191185207565,0.004115403608941574,0.003448225081012148,0.006542388163150944,0.00218537301757834,0.0026589646347872247,0.005126749818055261,0.0023095490582016975,0.003300399311380161,0.0020585924584836453,0.002973023711827771,0.0031643549244529763,0.0029307629682031647,0.0024195129314744227,0.0023115504640089024,0.0021117380846895377,0.003697178872474686,0.0029470493566288534,0.002540385138617554,0.005148861065302773,0.002440235779043972,0.0010235041242532895,0.003439739602491379,0.003691682074382284,0.0017132349601405627,0.0022552482281935865,0.0025671787914231694,0.00526487360116018,0.0018743957232988822,0.005379807516329689,0.0016306269349532128,0.002434477957691542,0.0007879197973033013,0.0027296963377629654,0.001899608072369658,0.0027073866483851012,0.002286934882816443,0.0016259472851019275,0.0017524581037631332,0.0018313074649044115,0.0034536978181987695,0.003306798689402076,0.003555125116297594,0.0025633895024756072,0.002937337576640392,0.0029034146330049033,0.003965764581641214,0.0024991908790459455,0.0016817073265703055,0.00229409337111212,0.0017915040964635689,0.0024876340640890672,0.0016538281417846964,0.002040963629774923,0.002188133794606679,0.0029306619949095165,0.0028050780577710925,0.0033085739347163564,0.0030204603844995364,0.003561576018903766,0.0033411590823349056,0.002960216427731377,0.003116367293426457,0.002279345576689687,0.0022357369639134216,0.0021945594764481353,0.0033756129216432388,0.003228721655749342,0.003371368895725975,0.0015228977570606913,0.0027609948299566487,0.00235661323742246,0.0036766672917850083,0.0058004327851419735,0.0033453364887651034,0.0023275757173062896,0.0023732489748791606,0.0030862528933898016,0.003594032604899801,0.002409259369255391,0.0018078320840447712,0.0016535073191484317,0.002209937252983406,0.0025641862110937835,0.0028048615936859733,0.0016373872078856977,0.004535049651015219,0.002536211656694965,0.003472066524778013,0.0017653911036720463,0.0035435518437896144,0.004013156030279862,0.002254889063669314,0.0024484839601981393,0.002383057208617127,0.0017537978038100783,0.0033613866367143423,0.0017013941347435028,0.0035592654538836145
3647,0.002981108842115627,0.002884033976544154,0.002016980057086051,0.004446534338286182,0.004140882411554476,0.0034196015253431483,0.00701885917891554,0.002272191752254046,0.0026428960758272113,0.005029710416433179,0.0022735484328852322,0.0029849144058740765,0.0020549567933238646,0.003108414202286972,0.003171445528756225,0.002920759288942744,0.0023404646209889534,0.0023073539221123347,0.002223355546322907,0.0038447156969773416,0.003002141230155308,0.0026581735817063365,0.004780546323821659,0.002664633758864024,0.0009964644049546931,0.0037038995843983696,0.0037840572426271033,0.0018036562781816447,0.002161149883793145,0.0024633433016908904,0.005484900236122091,0.0018513893318093373,0.005661281153806645,0.0016685323512754696,0.0024770142537447895,0.0007545849195376927,0.0026487554099114954,0.0018375646077898903,0.0026413370638166548,0.0021242049560148846,0.001678785401750369,0.0017892059455175866,0.001956933266707757,0.0033501813537401962,0.0034312191309341517,0.0036286455987262385,0.0026597611946079128,0.0027039484997718162,0.0028764265220128137,0.003762624794317253,0.0024678548355452157,0.0017787858979729197,0.0023541596862234784,0.0016586304803430302,0.0027089349948263754,0.0016920707470757241,0.002050013325577218,0.002029594282262655,0.0028374604298042187,0.002759338878151439,0.003169808603990359,0.0028880322032507105,0.003382077331819156,0.0033077977040381745,0.0029880570239995846,0.0031614615245043067,0.0022866378838365072,0.0021963576729678237,0.0020217056191320134,0.003383018826748668,0.0029908024252304727,0.0033343690939030097,0.001519971106171474,0.002851953686427477,0.0022170575684690073,0.003715213190582216,0.005414400233719896,0.003380447991821861,0.002308261388689949,0.0023916783158219957,0.0030967469066876204,0.004336682961788396,0.002399463750443946,0.00187774817228552,0.0017800579120400425,0.0019858920998770584,0.002679057389001135,0.0026684399198515303,0.0016613080060350464,0.004360888029851435,0.0025171673456406713,0.0033370068990673488,0.001929640216652168,0.003597206327016797,0.004170923226703972,0.0022358448808154365,0.002544501712777177,0.0023802950745930515,0.0016841717124027706,0.0032971586631225544,0.001636082103567738,0.0033683852371820433
3648,0.002951218629517748,0.002925609067209965,0.00188124857336797,0.00411954072284675,0.0031874123971649356,0.0033433291998914705,0.00643076115807233,0.002154489822614118,0.0025926244074668107,0.004469298362244225,0.002230184184241996,0.002552253442381,0.0020328799227452786,0.0026403570656386363,0.0028372670460618883,0.002705662082101004,0.0024307324194554323,0.0022450751364596626,0.002021822985765156,0.0033738827072329206,0.0028560400329176727,0.0024038174566746607,0.004445139303382232,0.0022181120093925327,0.0010299415464682877,0.0033057121015928823,0.0036692016358882587,0.001764635050887163,0.002009249214746866,0.0023246746781341613,0.005482793465252272,0.0018805201151609226,0.005203744047571628,0.0017015743808760882,0.0022322395652008935,0.000807903718029761,0.0024113601912145537,0.0017807735697484776,0.0024912102543653953,0.002067101024972342,0.0015754965728776316,0.0017829508004921252,0.001850140222064656,0.0032056938979602044,0.003219573861763117,0.0035352912843484813,0.002495108581016842,0.002613529837137984,0.0027518475967146625,0.0034783144333749906,0.0023093336756586235,0.001667777140624212,0.0022372207543589965,0.0016169038963936302,0.00264393899626958,0.0015530317278401762,0.0020239345803077543,0.001959421925807371,0.0026399757470954095,0.002755707574586823,0.0028353594258825206,0.002995013947544169,0.0032990056717656755,0.003101387206284164,0.002857447472607616,0.0031369629615766925,0.0022150517463612918,0.0022329236163325565,0.002048016270941634,0.0029905198136912564,0.00317982313230978,0.0031327492959145474,0.0014948346907502016,0.002734724366615577,0.0020465493379147955,0.0034704478154071105,0.005060958676741389,0.003202894839752157,0.0020464190950956833,0.0023333849802995026,0.0028148902779291727,0.004113726671289225,0.0022110902104446454,0.0019158668162517207,0.0019762531126866615,0.0019636999434050075,0.0027669424609335774,0.0027531960649916066,0.0015548244042378914,0.0037473224899313173,0.0024976194232623036,0.003354328420624419,0.0019305554699702331,0.0032112989520166045,0.004079870853548003,0.002146832068638333,0.0024125911762701777,0.0022579265063653554,0.0016141267141942632,0.0031076536824688954,0.0015564675648078573,0.0032920946509903304
3649,0.003342071134686674,0.003250927368069586,0.0020654646922078496,0.0045125175641168675,0.0032764065205068207,0.0037257588942300342,0.006364851165216174,0.0022412671144426645,0.002805335594834922,0.0048095390244352705,0.0024382957633454294,0.0030277910260143063,0.0022031770914349292,0.002776818569731274,0.0029490502652188473,0.002823998504540973,0.0026161831030049837,0.002512350834885021,0.0021027694875815598,0.0036990373673379397,0.0031881549843444375,0.0025356438124269085,0.004969181650883549,0.0022322399006253586,0.0011603301200800613,0.0032507286222110414,0.004187283496161199,0.001946280525014304,0.002068113677063642,0.0025669403545552473,0.005510927556443605,0.00215034654372772,0.005655763555268239,0.0018258666815247075,0.0023276491453579234,0.0009270524896557236,0.002596838204535843,0.0019748280523815714,0.0026384643556318,0.0022609655424047042,0.0017172856077939868,0.0020144606888092154,0.0019978901193451323,0.0035210938580059374,0.0033557619808208283,0.003936509043899852,0.0027964924274933647,0.0029824212572092824,0.0028662131842471738,0.003791314961846791,0.002510425378644126,0.0017951905657088442,0.002376196807072854,0.0018207251772409281,0.0030828796530579035,0.0016639209849794118,0.002177262638114048,0.0021612600957820935,0.0029617932524960296,0.0029118257533314214,0.0030888423167977404,0.0030915700872292144,0.0038643875803506733,0.0033396177244267885,0.002853540105747031,0.003337333695436672,0.0023765774318487295,0.00244122425579812,0.002184225929313612,0.003547747108015879,0.003787214044318166,0.0037740190854572224,0.001543968187256337,0.0028460321624633462,0.0022824004443132376,0.003847702112612078,0.0052569982637649185,0.0035651319138830686,0.002262754659506035,0.0026033433966236863,0.003110059108936496,0.0042112374881462114,0.00233049868763908,0.002079197429911954,0.0021752010874224272,0.002064496973719871,0.002863315893782608,0.003130336641068739,0.0019196235613932436,0.004062934304829286,0.0028206490831414123,0.0033375471345982806,0.00188389312472882,0.003242701968316453,0.004494786207583177,0.002385714594979359,0.002483896239931087,0.002508486886088223,0.0017511126944494764,0.003208118174528757,0.001584809435921737,0.0036521534715620086
3650,0.0032976857747556,0.0034833418121440777,0.002105653836502008,0.0046312925771529794,0.0034227905819748986,0.003904836737948774,0.006628314448928658,0.002426415150012241,0.002803303271356772,0.0050300807705558875,0.0024325653295680246,0.003096167848289691,0.002302876753979502,0.003016076097274887,0.0029250446334801424,0.0028883624101152766,0.0026918586531678944,0.002634976217723206,0.002235590208519186,0.0036798836386250436,0.003261894559777051,0.00259333178783129,0.0050055362465615295,0.0022397331710575837,0.001130713711682536,0.003251237287338074,0.004270623561998995,0.0020928099167148878,0.002081956076391219,0.002654388117032496,0.00572355002959284,0.0020901982142056855,0.0059465447091489945,0.0017914406913806858,0.002421156744088822,0.0008817398546118501,0.0026078803040071688,0.001997684103542167,0.002578635743624541,0.0022740681726341762,0.0017516221836212402,0.002083974594072814,0.0020791975227892664,0.0036064127663250917,0.003364128257079629,0.004044545390453528,0.00301166550102624,0.0025324371589293625,0.0028680029035838325,0.003871778016940154,0.002648789239601887,0.0018542971777371349,0.0025225295090876257,0.0018596476585290558,0.002971345896171377,0.0018063108648527309,0.0021651610533894175,0.002049327636371629,0.0030993363248562056,0.002971642101791918,0.003204728233875774,0.002977237424683049,0.003894569586531173,0.003286227059915179,0.002848333493518085,0.0034125907803199454,0.002364173007631281,0.002442481888303295,0.002193660157043267,0.0035253240810223224,0.003754882950957974,0.003917579204510481,0.0015487876150242854,0.0028112921785271106,0.002354608852669902,0.003904519417578438,0.0054264184748123116,0.0037827302366526205,0.0024108665595859984,0.0025700344367758925,0.0032822376415693627,0.004399531554859295,0.0024235364852749856,0.0021805893665070935,0.00229057959489277,0.0020376921163793573,0.002827383400758691,0.003105440285620259,0.002010955267028702,0.004385813136236079,0.0029441764234840067,0.0033991531196829873,0.0019049594559330835,0.0033330978810077383,0.0043353022062309655,0.002436080188320556,0.002462037840958609,0.0025610971351936874,0.0017615227686350401,0.003182727562533211,0.0015533041474342037,0.003877182829103715
3651,0.0028675385376419546,0.0030814934915597884,0.001776674741077621,0.004319747461781285,0.002874041773635705,0.00373424570463557,0.006280657002789543,0.002593900780983275,0.0026421971585484415,0.004609309546168606,0.0020818006487306755,0.002765342310786214,0.0020875749795917957,0.002813388765395276,0.002537772898042475,0.0026288099755406346,0.002381866324435944,0.002494093925556737,0.0020068477000649686,0.003491772372285728,0.0030015692115219145,0.0023123052449415776,0.004897821666198913,0.00202060449091919,0.001120180072606325,0.0029880913107566153,0.0038312560546321494,0.001992518781011232,0.001964461597266949,0.0024610694294977978,0.005496182467972251,0.0018925872334361667,0.005733678573833822,0.0016244967003863412,0.002210011995875066,0.0008632275657663516,0.002333320042897112,0.0017491180910647755,0.0024395701874007033,0.0023584556531009095,0.0016345156542882085,0.0018947382904721604,0.001976399249050644,0.0033893269843296345,0.00309473458272872,0.0034316641954165506,0.002808923404001325,0.0025152202775898026,0.0029825588162601057,0.0036173143166445564,0.002496775964227345,0.001683269929533822,0.002371368548778856,0.001671424696138775,0.0024495573447457894,0.0017340789749242397,0.0019284735925919358,0.0017870438961235704,0.0030438166755938733,0.002430459860457161,0.002945898870637086,0.0029507020429603015,0.0035481814402075792,0.0031507664845301354,0.0024159880413941507,0.003186492198041808,0.002112737517767983,0.0021735357471829165,0.00206283808172732,0.0032435271328886297,0.0035633440828781444,0.0035999097920970317,0.0014521073354144506,0.0025268782766369145,0.0020815256439541243,0.0036730031040837275,0.004928083506325059,0.0031804870030020973,0.0022153776194476344,0.0024342932734530832,0.0030821913681646383,0.003814723394239282,0.0021796271838827905,0.0019308479265349942,0.0020398921557112305,0.0019768563379937974,0.002739742399830535,0.0029256252075293867,0.0017775110732503035,0.004013653580792129,0.002812268194387154,0.0031221451164458744,0.0017833412626875437,0.003095567993748387,0.0038804720643777404,0.0022813820839149134,0.002339249060278923,0.0023168805108322744,0.0015619927413406491,0.003117779709869945,0.001350326449019105,0.0037037505213219305
3652,0.00291290787582398,0.0032437830056884836,0.0018043392623670752,0.004336901723508245,0.0029835697231794488,0.003840761524051178,0.005604053055250757,0.002669667794924486,0.002658220721652723,0.004591640019921252,0.0021847063341451666,0.002875096430226075,0.0021438304547196324,0.0029290281414803064,0.002633176768694903,0.0028461102699769217,0.002656086799076584,0.0026180016943658986,0.0019437297188258725,0.0036338675542177752,0.0031175561248387136,0.002326696881627007,0.00532582709042448,0.0021640120302112748,0.0012353405780553151,0.002807579182550161,0.0037360265904370213,0.0021979596234678917,0.0019993584412124677,0.0024923070145947434,0.005661023547200585,0.0020953212797961873,0.005905723237816335,0.0017286833415882605,0.0023515314773357265,0.0009577196968274594,0.0023769774874240683,0.001750537188638656,0.0025645946814585115,0.0026252086494431923,0.0016591522864400103,0.002000774318758062,0.002063478753997496,0.0036946770185728142,0.0030298127685004016,0.0036385474098858486,0.0029427432274057694,0.0026955992409061816,0.0032460609223190543,0.0036948228625544558,0.002542643319859793,0.00165021482411273,0.0022905280176626877,0.0017748118844181115,0.0024264689774453107,0.0019614234967905756,0.0020876019221816376,0.0019211764317176466,0.0031854556089395527,0.002394001694128089,0.002963967008753436,0.0030690929914645483,0.0038114825799516563,0.0032748570389194227,0.0022858947862648797,0.003586607394101285,0.0022338694325921165,0.002155007298641293,0.002023295506682491,0.0035387963168805915,0.003620164139568441,0.003709994501526291,0.0015212921359562589,0.0025763947677766644,0.002184641141994788,0.0037065915103268224,0.004906538360253195,0.0030817524400335405,0.0022731384989274467,0.0023919164442481313,0.003154963468436392,0.003755715690771358,0.0022488416265526757,0.001942800447683517,0.0019890146397119213,0.0021053592262599984,0.0026896397882080814,0.003021114733743509,0.0018721046276256737,0.00398040237541441,0.003158112469555498,0.0032107948874169475,0.0018688938057878307,0.00314939236514179,0.004113043387698268,0.0023869953743030814,0.002313699185741226,0.0023475308243210255,0.0015890438827661833,0.0032320871261178074,0.0013698281093876485,0.003602046582347199
3653,0.0036432500783382792,0.0039073193871184434,0.0022174006361596974,0.0051674638860144655,0.0035972064639670084,0.004525506839752124,0.006520958108953756,0.0029086934419528415,0.003391976870783919,0.005445747040115523,0.002766465801399721,0.0037044426183587514,0.002429578844958749,0.0036216390961373917,0.0035687741390299887,0.0034199727213736746,0.0029912967232529923,0.0032237749046649914,0.002590634521557296,0.004400192917121252,0.0037125371113039423,0.003011308535661492,0.006206357145517902,0.002595081537452089,0.0013998158258685504,0.0037759967781776887,0.004472331717047913,0.0025177887663304726,0.002351322045061068,0.00299535188908696,0.006665560048595915,0.0024873401442283816,0.006986163568932251,0.002076760234197374,0.0028396059739253738,0.0010587849689781147,0.003072216509383742,0.001977465297784033,0.0030618928723205605,0.002922601870936552,0.0019105953548335464,0.002353973485218819,0.0024153298541969674,0.0043886518137150115,0.003906817158255489,0.004435017251689278,0.003453705825189597,0.003621058479214024,0.003557547479081112,0.004441566703881663,0.0029977514217877322,0.001891816376259264,0.002950523453676402,0.002122945493925231,0.002894809705114358,0.0023445062048000564,0.0024991616789880504,0.0023922087978650907,0.0037201936488100084,0.0027588368699867395,0.0037544116106416085,0.0032931346028851425,0.004718649918419557,0.003684213590284002,0.0025784682285070683,0.00406097749492755,0.0025340530940684306,0.002504366316886943,0.0024476047975105835,0.00477718472067621,0.004830983287476265,0.004532703987621097,0.0018130271929936992,0.0030844565494151893,0.00269165658880401,0.004361889508925493,0.0056129712852164065,0.0042622232979055655,0.0025567580395807234,0.0029729170087026474,0.003950389313910368,0.004854426208235263,0.002825152948969629,0.002306010624827484,0.00246466462158928,0.0023790473891868963,0.0030246706615096697,0.003341345579956727,0.002142973451471358,0.0052677377462556855,0.003619583713893043,0.0038156885313907624,0.002195049757144092,0.0039652464067747506,0.0048419455279993025,0.002861512837387181,0.0026788906070469203,0.0030644007466241836,0.0019675740685846698,0.0036774753917033017,0.001640115618542762,0.004626613589127964
3654,0.0032271907038179956,0.003499180779215885,0.0020983039897902686,0.0049193273129416746,0.0036763407501312186,0.00425949725368705,0.006301656300742036,0.003164277615911034,0.003030770205775345,0.005196918004914364,0.0025264099307641197,0.0035775376135919416,0.00224984096578427,0.003520117059935412,0.0033180338284776838,0.003262632170331418,0.0027226407427713875,0.002857776769542361,0.002570839758252238,0.004086052450745944,0.0033455152279939183,0.00291028154924781,0.005754020510179236,0.002689876966665679,0.0011335308139183086,0.003614094410709617,0.004252744046849421,0.002307933043514791,0.002248532570436443,0.002780053300879603,0.0065737028581266494,0.0021647344380484705,0.006496480270600342,0.001724910738955053,0.002807087262034555,0.0008696674328630462,0.002852234801858079,0.001838751887183989,0.002880470021684505,0.0024985654030830113,0.0017713233528053201,0.002183428647237956,0.002232544009870612,0.004025345671377571,0.0034849984174420206,0.003965872731613001,0.0032774136072192066,0.0029904530281125133,0.0033409922546596745,0.004047095978903393,0.002678082856142838,0.0018192016568249227,0.002728393947222812,0.0018944054879314058,0.0025924571814228575,0.0020705733966757214,0.0021503828419723358,0.002076596907320253,0.0033460913789211057,0.0025855013873514942,0.003455398964473031,0.0030521261700356484,0.004046593217374098,0.003333015417337289,0.0024740979119877307,0.003830508243166098,0.002284646963973985,0.0022237848797871675,0.0021306742547795863,0.004122126099860877,0.0038921499114284866,0.003881194875487697,0.0016812457752457422,0.002955227212213845,0.002471351192415218,0.003827378327255579,0.0053473716583738624,0.003753592221043057,0.002522715944233318,0.00274385506688434,0.003846949297035619,0.004652299612902232,0.002567165167344371,0.002171459285260446,0.002123483549185262,0.002170329058571406,0.002639877573950883,0.002878911264183056,0.0017717908382297767,0.004618783843046161,0.0031053065337909268,0.003642419007289641,0.002150051477242573,0.0040163791552218124,0.004296730966400475,0.002520139844945456,0.002493316011767105,0.002900890264083045,0.0017047818601428027,0.0034861805251834746,0.001754504453758604,0.004405550300057116
3655,0.003684572880402502,0.0036768933869619548,0.0028352538140250425,0.005302340626767408,0.0042341507642279595,0.004557997469384403,0.0066542296264767995,0.003282160469890306,0.0039119156624300485,0.005592716714110915,0.003044132810271699,0.004344735261824853,0.0024763383118273905,0.004072770031775143,0.003545018030276134,0.003724389287588921,0.002871352798185797,0.0030976998786625375,0.0027082783631023704,0.0044941319933340385,0.003926084630644168,0.00311935307501381,0.006219451857307258,0.0029162337632235944,0.0013299066026618929,0.004120472142857224,0.004451483843343857,0.002465047073465627,0.0024258677724438775,0.0031720343750422757,0.007164915561842848,0.002653532041570614,0.007143545081974872,0.0019999031851344177,0.0028849169256676614,0.0010597841449146066,0.0032946630002624083,0.002338671738769601,0.0031456817976042886,0.002884998176091723,0.0019784171025591098,0.0025522100605661637,0.002422227552483788,0.004341150401985055,0.0040007097880745135,0.0046190168972980615,0.003512688554329177,0.003767285689028299,0.003776291575167921,0.0047668057276174245,0.0029391541168772507,0.002074783061083336,0.0032210043974531376,0.0022902013419212643,0.0030448717715144576,0.0021481423052126564,0.0026456195729013484,0.0025004785801662783,0.0038265786454005197,0.0032189692528122376,0.003752393350715186,0.0034403667893798872,0.004644116844570681,0.003715557165283456,0.002776669371230856,0.004166941859713006,0.002574425481170459,0.002551398066029063,0.0021933659264407276,0.004574392763420628,0.004880863809025336,0.004675308351901789,0.0018907904697992573,0.0036442842938730585,0.0029552554224042647,0.004454190764616368,0.00592681801655443,0.004215141691657992,0.002477696512062091,0.003305720723046905,0.004072802272073201,0.00501918477748222,0.0029046711039538435,0.0023784277721742735,0.0024184278023137266,0.00257888544538887,0.0032003375767308143,0.0031797077801357264,0.002053145591792421,0.0051148514944265805,0.0032411304390020123,0.003765072311106251,0.002337445132022248,0.00424214013559672,0.005025056337311587,0.002813642527389926,0.0027938902018311705,0.003394567603306162,0.0020559011806771063,0.003771415046037857,0.0020456512083310576,0.00487225716020481
3656,0.0036221194951894637,0.0034811610453215854,0.0025997308062603143,0.005625123769704447,0.004260224152722874,0.004596798242745415,0.006459739349933295,0.003000956282194325,0.0036944048500335254,0.0051346382530295985,0.0029100715334807875,0.003779068833779345,0.002461131408243257,0.0038602323264412225,0.003875961434688658,0.0035611473199201244,0.0028431529690692925,0.002987378603745447,0.002597165366141706,0.004613602949871736,0.004067309499573214,0.0031963657758970303,0.006188046849591729,0.002621460098967687,0.001333003624343654,0.003990336158810786,0.00463434536800184,0.0024395296921497123,0.0023703028846990973,0.0034578562933615504,0.006767206264149347,0.0026232869571378944,0.006949647533337385,0.0021311398937612453,0.003054615488180644,0.0010457445133230626,0.0034486439595039398,0.0023941719319711206,0.003135132725836837,0.002683904836711343,0.0020127453847118048,0.0025051719562650273,0.0023404107934416017,0.004212488696591813,0.003937140638996905,0.004951322500622119,0.00366421204159823,0.003458766126263158,0.0036979952021791774,0.004126716299575728,0.003021462009713116,0.0022677206697704886,0.0031672618934999288,0.002400615243523662,0.003212581813414341,0.002145582607009753,0.0028337886354887444,0.0026892698430397008,0.003556229984290024,0.0035089433446282327,0.0037404621544275267,0.003299071073898876,0.004685471685559208,0.003929259168429199,0.002918256214838214,0.004312347741513313,0.0027461242584327053,0.0024526275173359455,0.0024931243706627494,0.004300313696355303,0.004603597756584294,0.004552944557722434,0.0019569379107314084,0.003651465149118267,0.0029295066069329506,0.00439501392852954,0.005819029475665919,0.004966750979207978,0.0029204893456559345,0.0029979897174652673,0.0038898684645111933,0.005294613178662612,0.00293193528993804,0.0024934814816925666,0.002482310676155373,0.002489369333320411,0.003353437322926966,0.003339707161838038,0.002115738984893406,0.005126098701591858,0.0036169179313551305,0.0038385442628230417,0.0023959089586520557,0.004074183543052338,0.005152946429390687,0.0029237834577853813,0.002791265707788506,0.0032027808098065535,0.002092170504163286,0.0038807081995312904,0.0020666577714265966,0.004464593591152784
3657,0.0036059234338770715,0.0030662532834161964,0.002344986766552471,0.005403296290470583,0.0037836075098886396,0.004252539983145573,0.006179735850936745,0.002571828885153931,0.003570242373972555,0.004518596407696472,0.002635553086224879,0.0037634320968637264,0.0022163150423309295,0.0032776606821427797,0.0034737469056968133,0.0030408116925460353,0.0027754812499602185,0.0027966498569414514,0.0023873920330223846,0.003977849557594578,0.003589502119981539,0.003066171295843772,0.005749255632750455,0.0023739535047434834,0.0011537733696876597,0.004063873715961403,0.004423094874867101,0.002158239404582768,0.00252771915062241,0.0031225030684677727,0.006400849225343426,0.0023587794646621092,0.006545100243037147,0.0018838547974382156,0.0030904443688124115,0.0009116027949503144,0.002996644793594542,0.0020439711104767505,0.0029735963691872812,0.0024566522679133154,0.0019201326429444904,0.002333885658401067,0.002146580807524321,0.003918455836716087,0.0034847700891705202,0.00489856695066042,0.003605049635234496,0.00310422492207255,0.0032430965930905185,0.003793645204298742,0.0027504511973177755,0.002111112810480856,0.0031370333646022395,0.0020584202892290813,0.0030707757873465916,0.001778848136725989,0.0025039604801885833,0.0024090042960517337,0.0030757122428672207,0.0035739562690372006,0.003494146302760903,0.003013923052017588,0.004307762035333107,0.003755699955775855,0.0027372777358523233,0.003976629997818595,0.0024618337612180782,0.002404378382069399,0.002447903388972628,0.003596651938886416,0.004306616447482326,0.004243133782087319,0.0017822983643020652,0.003338914577526958,0.0025283806575441842,0.004084927952170679,0.0055101550403491096,0.004904591431186688,0.0029399383346871704,0.002688998509283507,0.0036459711547020867,0.004639108040149795,0.002805090796767626,0.0022051463703349245,0.0023722327233378347,0.0021290531616994786,0.0029772089129123922,0.0033845045704431684,0.0019213780400552656,0.004940664983911123,0.0032629757095449085,0.0037233397690817137,0.0021314397649889122,0.0034922437270165107,0.004887234146738325,0.0027014608831931078,0.0025259769187962297,0.002866565484538628,0.001959189158958366,0.003516926286047707,0.0020543898090096364,0.004614035120924741
3658,0.002979210894544047,0.0028830162454152627,0.0020486183886493604,0.0044240783005535505,0.003441531145875934,0.003584621710397541,0.0053272415483451765,0.0024498101190463767,0.0030927153070360197,0.0042131157649949605,0.0023175712057744943,0.0034579127999905196,0.0018716434867351967,0.003046266855763352,0.0027039996789487287,0.0025813565643831864,0.002500203431546284,0.002376408912767636,0.001930233140910536,0.0035812654179895073,0.003146906409402434,0.00269831279479796,0.0053839587815936426,0.002231909265094171,0.0010795759393008183,0.0030122760038421483,0.003983570508369466,0.0018633069820587745,0.002209036421699058,0.0028964511055912154,0.0054738521195534075,0.0019293267419419461,0.005697487579936748,0.0016597818347344458,0.0026744766070121314,0.000856214398844723,0.002563080631307643,0.0018173263449073184,0.0026584724411635803,0.002254054682441839,0.0016607473289316523,0.001998305278172175,0.0018677283251151073,0.0034923304926549104,0.0029627837717651896,0.00409372889675299,0.00324040592585359,0.0027397124602642066,0.003117289808402527,0.0035600757689907133,0.002356555586553264,0.0017487467625010855,0.0025383020737289657,0.0017635355238583667,0.0026131053256374433,0.0016715271865805805,0.0021679364606992093,0.0019797215195596824,0.003001837907835015,0.0030011254724418976,0.002926728104625822,0.002814868665787988,0.0037354932886733464,0.003426705307740994,0.0023335140287198664,0.003464845743392611,0.0022549495162483275,0.0022198875475101295,0.0019574213762829132,0.003259100310812295,0.0036483581442284326,0.003693910031054013,0.0015393495044183172,0.0029568788704468743,0.002221199937119164,0.0037381238033643155,0.005221243719840387,0.0037377085549204236,0.0024171641768658053,0.002450394490237925,0.003194510547355856,0.0038344420761552748,0.0024178118409365367,0.0017960420634848464,0.0019507595662795348,0.001832332591295634,0.002606656917969948,0.0031411006208166953,0.0018736837576411084,0.004595928454374609,0.0029566378101017394,0.003098584006227154,0.0018959831837351924,0.003146708183297703,0.004347060503310599,0.0022775661238258658,0.002229166356399345,0.0023313402093575455,0.0016843061899707696,0.003135857929680183,0.0017697326963770936,0.003909575033316192
3659,0.00293131384827101,0.0028803080331619426,0.0020869437381780013,0.00438675158348837,0.0034891442993994657,0.0036975968056943576,0.005635612624675674,0.0024759544812646187,0.003241987199820771,0.004309752329998239,0.00228703552003195,0.003113859734527447,0.0019218980923577332,0.0032368135921397915,0.0028230326915123154,0.002723268434584804,0.002471933427176781,0.002406247915508304,0.0019727052888866875,0.0036233165166321777,0.003170234496020705,0.0026554664812626413,0.005575435204545348,0.0022382271432902674,0.0010923073012715403,0.0032001569370424896,0.004219332562348964,0.001964723442773192,0.002198397982471469,0.0029410655538000103,0.0052552285442348575,0.0021484706093281556,0.005504630861080467,0.0019497453797910674,0.0027151849932299894,0.0008468886127660447,0.002600905743552117,0.001891122093431432,0.0027380595168420077,0.002187357540964229,0.0017320485932479195,0.0019612388196550176,0.0017982968919285813,0.0035938703306215647,0.0031415675895098624,0.003990296938555,0.003085538025671843,0.0028694590435068574,0.0030292457727045144,0.003634563968432498,0.00249897664459207,0.0018084895057375438,0.002633148362177703,0.0018468366846871372,0.0030975578035628,0.0017061238257048445,0.0024102844026831793,0.002121070561756473,0.0033751123252075492,0.0028713789044565513,0.003067493666307212,0.002964546344199339,0.0037617546619306843,0.0034864176126387742,0.0024908741352216977,0.003310520145457375,0.002301186363433437,0.002300640968153226,0.001975665517881125,0.0032809901179563852,0.003706413881512068,0.00370656545067258,0.0016127370256324965,0.00307575385845347,0.0022114071486189608,0.0039520658038504335,0.005582518298800832,0.004186664938623914,0.002353716309456056,0.0023819400426903442,0.0031706663700554086,0.003863976134924144,0.002526184189924145,0.0018486005116054756,0.002055255280344824,0.001890037564075044,0.002877707856227949,0.00339656751846415,0.001919967622919571,0.004523224491414512,0.003040944105597293,0.0033487724429470908,0.0020236509472425102,0.003124684668508223,0.004465222421397545,0.002377049902434283,0.0024677126555591013,0.0023980015147153978,0.0017399256228854132,0.003320976908102213,0.0015869231650739927,0.003964930103773286
3660,0.0023894883665342473,0.0025946196974869816,0.001558287806181408,0.0039024756886634746,0.00286478012039544,0.0032902214393497596,0.005154386456342805,0.002252168174357606,0.0023817211394768965,0.0036996456094141364,0.0018840038529000206,0.0025821199959198374,0.0017530820950959957,0.002529468309034334,0.002461125529636025,0.002511225011566377,0.0020344091899898464,0.002222415043778904,0.001802422380242378,0.0031679602786081787,0.002499784649556303,0.002374755122149047,0.004664042061221648,0.0020063737244270952,0.0008874919102376331,0.0029197088691527394,0.0037365625172711033,0.0017180213314064298,0.0019587158497506164,0.0025456704322069116,0.004670709150016061,0.001750211429390248,0.005085900960530289,0.0015795556871750062,0.0022966781207951537,0.0007182929001644684,0.0021803773472281055,0.0016046226873590091,0.002403986213195938,0.0019416734741168737,0.0015336818949346026,0.0016281412826360817,0.001544173341202939,0.00304123562270006,0.00274192981594336,0.003479759953647909,0.002613186291996057,0.0024025497176180326,0.002636198677262879,0.002987143289374672,0.002183304947358665,0.0015348976884261487,0.0021706232003009395,0.001497478544002647,0.00261502583811734,0.001383544117330283,0.001975324824555636,0.0018078829357655577,0.0027020259736309778,0.002128138549710379,0.002563132084757884,0.0029171118751950102,0.0030947204566416035,0.0027543004999052013,0.002244171739929643,0.0030206800676525194,0.0019254750370250383,0.002056881508945618,0.0017549959857765466,0.0027999745302518687,0.0027948974567276346,0.003166536385290227,0.0013789442642087755,0.0026258550428011136,0.001907977277248713,0.0032818119529955834,0.0048013918776583665,0.003515751394908138,0.0021043822528062062,0.0020107470580547075,0.002772972984249114,0.003382801274906575,0.002141384153258827,0.0015820525913695371,0.0016684676988008747,0.0016492127289927537,0.002500951061356959,0.0029750631475235338,0.0015579069604532926,0.004001224955916934,0.002443853426926637,0.0030226272156257524,0.0018063259587853889,0.0026777023502891446,0.0037305626958335173,0.0020970272615299106,0.002195941440995828,0.0020653284648738377,0.00144975955801666,0.00298440164433722,0.001396240187113502,0.0034601157294464383
3661,0.0024704023684788147,0.0026217969182751634,0.001541634954317163,0.003764152946124607,0.0029770806665265766,0.003420236340094582,0.004999309752683214,0.002468830849394776,0.002368206734429259,0.0038188162995676693,0.0019068242930629271,0.0028600141228310515,0.00170803525987736,0.0024690862997998374,0.0023361756874876244,0.0024732908191642216,0.0021725894710201174,0.0022169575513666614,0.0018110747041054946,0.0031392295257002376,0.0024911334458091825,0.002404242105071575,0.004797431264280145,0.001883658711954113,0.0009029500130505328,0.0029720827182773426,0.0037004844109707774,0.0017090552975467055,0.0019469499748894985,0.0024288495355974083,0.0044493134738208245,0.0017567247117408343,0.004915365843527229,0.0015370034671318294,0.002230014606032489,0.0007198327850689423,0.0021628682550723,0.0015522665852096837,0.0022990937369450257,0.001943705264338774,0.0015280354187241483,0.0016202276667214818,0.0016146179930171655,0.0030463822600513453,0.002839848523055566,0.0036746944673830446,0.002626555543528419,0.002323786452168679,0.0025020528858019334,0.003160246878590297,0.002246524286551702,0.0014655971015981686,0.0022275555333727513,0.001553107998686926,0.0024192463109997796,0.001321741503652441,0.0018970406347111324,0.0017438361374608488,0.0026013455000626017,0.0018627521848362369,0.002466166703708765,0.0028389390361419973,0.003008945252014724,0.0028557145631935943,0.0021989688937781348,0.003123646633068089,0.0019468189173093258,0.002039298302368023,0.0015923134290776618,0.0028268839356544837,0.0029612178341938138,0.00443373809656594,0.001401556540415961,0.0025109914599283933,0.0019026200910407815,0.003223959113941585,0.004634396620362617,0.003053827288781228,0.0019784507525992616,0.0020893459870894764,0.0029140924783215296,0.0032017984008974472,0.0023112486639433583,0.0015723725246806403,0.0017341345386945731,0.0017292372948563178,0.00250228860024322,0.0031846971466819654,0.0015965505930835163,0.003884841521158846,0.0022838249049483817,0.0029350763479839724,0.0019136804474846204,0.0027295297872750317,0.003975857985427942,0.0020313716491432996,0.002176240166417661,0.0021747204196152703,0.0014588507308976857,0.0028952546789447276,0.0013724177814093824,0.003414899187103372
3662,0.002531564359568582,0.0026509858691249003,0.0015689797431489411,0.003933779414621224,0.00299418601900439,0.003705600515296787,0.004974831015049458,0.002636355905304372,0.0024455091693664165,0.004221916530119343,0.0018946575819430678,0.0026070985987411994,0.0017580446157102504,0.002551079758493704,0.0024537924737384723,0.0024969849741668967,0.0020399183778180047,0.002091417843443544,0.0019650804481328287,0.003397663620721862,0.002573883889438426,0.002407743519218991,0.004910396866535298,0.001901064217617424,0.0009328274402148466,0.002739416130307602,0.0038382113330691003,0.001704795717770095,0.001892148916669004,0.0025582358874386897,0.004591505415532155,0.0019427074842558875,0.0047001466855923985,0.0016713503247741488,0.0021470597013514407,0.0007310033820839246,0.0022811425513608735,0.0015059355419867314,0.002324551084356405,0.0019161376431950713,0.0015629246007229892,0.001654724751645332,0.001635732508437372,0.0030706280825706493,0.0029458547729387034,0.003623170933424162,0.002615442606127102,0.0024525701111846997,0.0025811766940866247,0.003083860582282118,0.0023460332860673716,0.0015320394400601862,0.0022935486901541737,0.0017138106078506674,0.002472126196560845,0.00136009602328294,0.0020153928383756705,0.0018484623153430617,0.002731726169412265,0.0018293902348991377,0.002571030160663119,0.0029552395106973626,0.0032891648023326563,0.0030611555032273524,0.002257611388866864,0.003019011963559613,0.0020780306104860435,0.0021108468238795358,0.0016141828822787989,0.0031063724895499236,0.0032248836562675676,0.00443230200129729,0.0015486312696534543,0.0026148583457994523,0.0018900472154150265,0.00349581986344217,0.004908423185191413,0.00321939802800613,0.0020896294882764856,0.0022062202201712116,0.003008658414223254,0.003359512816964765,0.0022810207400933455,0.0016688709493892426,0.001738693092374924,0.001822706113805571,0.0026009465294580857,0.0029765461468420525,0.0016561357643913714,0.0037678339584197302,0.0024568788612056745,0.0028834257217889557,0.0021332412615651594,0.0028618482784140897,0.003952211583763096,0.0020705460112512347,0.002322423030327055,0.0023664880092286464,0.001487088047880555,0.0029604525995220775,0.0013658964208181493,0.0032463158945871076
3663,0.0023586421502177143,0.00246712639245624,0.0014849688317063149,0.004058004892872929,0.002857798224230232,0.003755253283161621,0.0053079478944811015,0.0026090263674219366,0.002284862103311556,0.004055168790888705,0.0017538444006572527,0.0024070112475031396,0.0017638017713681182,0.002334549136330096,0.002341252102561378,0.0025704643179926168,0.001893719320856045,0.0021157966003040396,0.0019499048352989725,0.0031931439452225676,0.0024632675473421455,0.0021735632493130024,0.004388303834488062,0.0018772241780326993,0.0007861285650573333,0.0031008064134441303,0.003683858332949195,0.0015755624427807485,0.0018527543884832782,0.0023841394093939063,0.004546512385521397,0.0018769403339840857,0.004357422376417953,0.001487024494213192,0.002032472202558111,0.0006429870341441077,0.0022753490631573924,0.0014822468328257688,0.0022534593074685807,0.0017517382035111774,0.001556845470485862,0.0017145554053647782,0.0015281569487961878,0.0028053925663262783,0.002896111719953173,0.0033979598148152932,0.00246792713273168,0.002228896497630782,0.0023338383168443654,0.0027524666375390097,0.002229444494978925,0.0015843381726735931,0.0021738022851439513,0.0015735942966345565,0.002587424898394484,0.001205490763165527,0.001862562374303699,0.0018472983085341401,0.002446299468527173,0.0018609162597635301,0.0025037284303620513,0.0029498031005417338,0.0031800409253197174,0.0027991953757340376,0.002253294818771969,0.002999132169177263,0.001972514864692555,0.002068443352647877,0.0017176001812318764,0.002654983045783883,0.0028675278164812246,0.003989757674747584,0.001484290996649564,0.0024860048912834763,0.0017276103201431616,0.003219566526164148,0.004863413624637732,0.0031708548227909234,0.0019657743016539084,0.0020116434143858226,0.0027062527477176995,0.003400318561145848,0.0019484031749162003,0.001633256778816875,0.001658419110133444,0.0018125577235200221,0.0025654640000847087,0.0028316635877083897,0.0014673514824355162,0.0034804443532616878,0.0020650772423652136,0.002997175215490385,0.002073968605187845,0.002775852992618093,0.0037619373338665715,0.0019359736868032652,0.0022313984821508122,0.002428599367005823,0.0014019657925614533,0.002847265933664754,0.0013439970448891633,0.003082541769110653
3664,0.0022889298212525533,0.002396707615587823,0.001366737003834641,0.004118076844428833,0.0027065828875515777,0.003477555537072197,0.005129232003396295,0.0022624505629396216,0.0022686038748772025,0.0039486333928404815,0.0016734352950121708,0.0023447411115612425,0.0016914449697673806,0.002368761934272116,0.0023576581231016234,0.0023700913116978177,0.0019218222538388053,0.002159149580847502,0.0018062486572604302,0.003141208034889888,0.002547462957816539,0.0023639914653321536,0.004158145858594863,0.001651972302640951,0.0008271852780996212,0.0026472710990921044,0.0035516728945980346,0.001535425306723379,0.0018235567217474381,0.0023369334641320616,0.0043194699178932825,0.0017218153660785343,0.004753148448829117,0.001363774752888533,0.002064157009405702,0.0006731194905992933,0.002282086628766866,0.0015449808928390822,0.002151168269307368,0.0017857577763779298,0.0015654605230851135,0.0017206096260006238,0.0015609593623281716,0.002622994154220698,0.002809169636269662,0.0035437696604747634,0.002487587387812488,0.002186362668983509,0.0023922852340650157,0.0025336337158107557,0.0021278604559622155,0.0014767837754573524,0.0018347229350835716,0.0015508268578787146,0.0023717385939819435,0.0011966937929706893,0.0018143613464051645,0.0017177869797779805,0.0022165675431282147,0.0021116646382437826,0.0024199897207828076,0.0027781366450228247,0.0030906617132701497,0.0027274680741300288,0.0021342065777824634,0.003007203872659763,0.001970872052518046,0.002089419222440693,0.0017237897042348895,0.0024885540075997,0.002903946407888619,0.004118183541227543,0.0014441816378018718,0.002472721209774616,0.0017272870685443485,0.003082762215643879,0.004983880073303431,0.0032606211597007925,0.0019882074051375026,0.0020453918411643124,0.0026704849489247763,0.003351958865573652,0.0019165598331689323,0.001553135732122821,0.0015965116934207484,0.0018639261854283963,0.0024900588795514107,0.0027287484326648462,0.0014188050270128036,0.0034145374934079395,0.00210877102836793,0.0028470118491639488,0.001797820267308708,0.002748726620158889,0.0038316043474004883,0.0018842475573755514,0.0020672975974280945,0.0023221600599386445,0.001397938158430157,0.0027448396914673866,0.0013725230867547176,0.0030049132120811345
3665,0.002252842885131909,0.0021536120118774075,0.0014305466658689956,0.004303140016907599,0.002439999203884213,0.0034332926991208854,0.004733454589905988,0.0021906340935847683,0.0022306152042264886,0.003877949656332924,0.0016349136370520118,0.0023585649163511027,0.0016282675799248604,0.0024132430835925598,0.0027068294828634276,0.002130802725075687,0.002006466567873819,0.002085214672322932,0.001802655846898757,0.0032622319041501085,0.0027364516544260598,0.0022936501221166037,0.00430371898129538,0.0014732119841654756,0.0008672533342582646,0.0022865398431481127,0.003410169792007702,0.0015618084945249432,0.0018653304398063876,0.0023843542839599757,0.00438586433171878,0.001823404658702753,0.004637833252291401,0.0013842393251870973,0.002146536854130989,0.0006960836497243502,0.002156373910258335,0.0014405406284029006,0.0021900942644258225,0.0017545847099606326,0.0015397798994174854,0.0017034329511890678,0.0016730471604597243,0.0027592336598485398,0.0027369766549851992,0.0033826177634391514,0.0025420866496988098,0.002362513226796092,0.002338403819447647,0.002432005946290705,0.002163432242748011,0.0015008564259142566,0.001804524857359489,0.0017266689872670175,0.0022930457983740336,0.0012424679159013263,0.0019361522036176334,0.0015894020180344621,0.0022304564502358243,0.002348721347949035,0.002586240353199027,0.002690123709681549,0.0033699454034114024,0.0028100615047340384,0.0021687741477604775,0.002896678699132263,0.0019794914570915,0.0020495697070523154,0.001790009227792505,0.002362111155280329,0.0028855975409435987,0.003872475183696702,0.0014376860017006367,0.0023550599200972493,0.0016040633658264054,0.0032105127688094783,0.004967299449354287,0.003516015510527799,0.002297300029635021,0.0021173144584254442,0.0025580528051585673,0.0033293867913823144,0.0019445310847941585,0.0014491093686781857,0.001554652290224634,0.0018775738377942077,0.0024826679835641624,0.0027978331122007695,0.0013487146965495088,0.0034334435030601474,0.002312809823567757,0.0028509771329418175,0.001836475774051138,0.002764656663888904,0.00376323575934282,0.0018389591077363596,0.0021240621452732087,0.002169402907969488,0.0013955146464812787,0.002722620618010944,0.0013600932828929427,0.002792868161451388
3666,0.0023355026995180387,0.002348976695873189,0.0014972225435180067,0.004484933414246058,0.0023519270945712833,0.0034239149564828752,0.005197228946948523,0.002291608134746352,0.002304161236345088,0.00410349632764681,0.0018246888282135415,0.0024213237146946524,0.0017577359910493841,0.0024634607108949495,0.002870719921737076,0.0023629002623993004,0.001937094865797022,0.0022630974925852217,0.0018624719820368638,0.003524373301477285,0.0029103060570158886,0.0024291794191557163,0.004453119737032354,0.0015842342040057898,0.0009311898005617381,0.0023099251913645826,0.003446739746224334,0.0016810061277383217,0.002005020654292819,0.0026513011306081085,0.0047989174346684755,0.0018512091427280767,0.00522339361303717,0.0014102003040361323,0.002118682861643724,0.0007711231591944623,0.0022862426605541547,0.0015333245545178771,0.002405391883598677,0.0018928738308697179,0.0015808927851633273,0.0017714821994613279,0.001835032138561746,0.0029415823476828524,0.0029510508975273478,0.0036230986591678227,0.0026490837605754078,0.0024567174582169906,0.0024723796550348543,0.0026718890175419755,0.0022166461237032625,0.0016267620678306687,0.0017110623682061537,0.0018453017411092314,0.0026342834345032197,0.0013577827244568824,0.002238514976762864,0.0018382317655179906,0.0023397216539075448,0.0028769679099822,0.002847348816028982,0.002890079625018004,0.003733142451311447,0.0029364720776056293,0.0022629548797488195,0.002880184782227083,0.0020740029828032864,0.0022059703748494434,0.002069239710055824,0.0025555632823147357,0.0030739046006493373,0.0032138173505292496,0.0014582415304646612,0.002529152976876764,0.0016826776465466845,0.0033750767212062157,0.005353126511754581,0.004192482263409162,0.002752260685072539,0.0021916687028629687,0.0025496523730354275,0.003704323033484808,0.0019132378307354374,0.001590346713972502,0.001568157222601596,0.0019249575858092738,0.0026193193919255685,0.0025516451553654748,0.0014108774959786109,0.003786053716607101,0.0024376893089696344,0.003066415274184795,0.0017479042242147913,0.002838123654055722,0.003785588688597964,0.0019945061375873886,0.0022377271013164324,0.0022679038996713924,0.0014886741968746565,0.0028719175074329454,0.0013889053830390512,0.0030492710143201927
3667,0.002162693133558051,0.0022914379526769715,0.0014913794328497618,0.004293262459578574,0.0026424910404926434,0.003458338787360283,0.005235088867885652,0.002215906188785099,0.0020774706448894427,0.003844218468835581,0.0018213026672726155,0.0024266229953854392,0.0017435541325419928,0.0023615642363286637,0.002759832387556156,0.002341638535778111,0.001931796050871524,0.002255770586732678,0.001842806631058332,0.003262823167924223,0.002627479843564632,0.0022982784085481675,0.004308004491790185,0.0018674210175456984,0.0008888447542135413,0.0025249339307065488,0.003262086197070801,0.001749721378598677,0.0019252204712618382,0.002388632696589411,0.004941598419540411,0.0016334407566955054,0.004980981238444805,0.0013534050838844717,0.00217411829015976,0.0007596512841682213,0.0022650104360684383,0.0015506671558913176,0.0023179348572880637,0.0018060129937030136,0.0015577293682661477,0.001707470624933763,0.0017636114268281533,0.002860427233390716,0.0029068329732382142,0.003328813296716355,0.0025483453077380373,0.0023089666617593183,0.002496097326999571,0.002655860485180753,0.0021923125544223493,0.0015553572670446369,0.0015535688874073383,0.001795614659754864,0.0022501143864948844,0.0012919649190886741,0.0022246338971918353,0.0017643924511395513,0.0022456672351685416,0.0027463904091523847,0.002793316068793315,0.002838757278695912,0.0033248465422070013,0.002729878202444684,0.002242382099462182,0.002936738050821403,0.00199709761691538,0.0020630891327137043,0.0019378974311656497,0.002399467879920235,0.002762038701830373,0.0030601707797642003,0.0013431758297877045,0.002430852985251064,0.0016960664046579694,0.0031757267018098184,0.00507899897757973,0.0036679946982163675,0.0027027289937513917,0.0019789020596075913,0.0023306727429281394,0.003572456618361899,0.0018316050789681999,0.0015990557157827235,0.0016163515110458298,0.0019224492606393971,0.002545970745870539,0.0026082281308203972,0.0013659857349084229,0.003708777396721828,0.002323210750863455,0.003022061219934361,0.0016709194446264588,0.0028115199893704924,0.003544921519516278,0.0019047728165972107,0.002110486847041249,0.002162113184269389,0.0014118964395452207,0.0027625746230127307,0.0013086829724108576,0.0029551882292789744
3668,0.002753067106323222,0.0027754689590692443,0.0018529687461349585,0.004971634641824687,0.0029691955381648517,0.003946260394702751,0.006038493582513568,0.0030237075245384886,0.0026630100387603937,0.004587270466959774,0.002656499277734909,0.0033707558946060785,0.002137459561087973,0.0029204158236095937,0.003621890787200789,0.0028698709556843134,0.0023241774007172434,0.002592146084459139,0.0025908984088820974,0.003987892580269879,0.0030645147276149066,0.002887189692487372,0.005518623656298457,0.002161372994782939,0.0011396229266006416,0.002730912632571414,0.003978660963853063,0.002128992472937917,0.0023310615280251767,0.0029499209761944486,0.005683248992912277,0.002135010554482603,0.006340262363636053,0.0018192925233162284,0.0025933365551823076,0.0009194653879595235,0.0026386024447608448,0.0018961330264903977,0.0027205281596457613,0.002225960603812893,0.0018092498962323335,0.0021013659734458443,0.0019994288245486543,0.003529774414649948,0.0032892767116712543,0.004092365381584774,0.0029958372887057437,0.0032607898929788615,0.002979636719068319,0.003639940092886676,0.0027486853434470753,0.0017843447086866443,0.0020307318829214265,0.002266535179754693,0.002691876004850276,0.0017259034819652867,0.002567834531878718,0.0022859564115648087,0.0029030606189535567,0.003337996737109634,0.0034888633746913296,0.003147392428165814,0.0038935042113387684,0.0032723834921208087,0.0028095803083853705,0.0036639740045309936,0.002252140324357721,0.00253771189630563,0.0022631222869349764,0.0030478773825804903,0.00386227638985541,0.003645605774133985,0.0018043055031203633,0.0029716150626781564,0.002272076574573799,0.0038225221925567232,0.005654248803882807,0.004599764087429566,0.0028941203187722135,0.002680811443508168,0.002845776029042134,0.004340566279354039,0.0025380303780757995,0.0019156914010453466,0.002264243744250846,0.0022183401933963116,0.002967049929974298,0.002861561788168485,0.001627127850697303,0.004451108481577841,0.002795749958420453,0.0036890916025978113,0.0020408479320666636,0.003494142386668844,0.004026076085763052,0.00243784838991897,0.002679107765897687,0.0027452621632502706,0.0017896400885961576,0.0032320606639267445,0.00158049298640651,0.003834057343445697
3669,0.0032610666728861487,0.0030429965777809638,0.002030120252843206,0.0053949134465472205,0.0031466409376824417,0.004372968875344273,0.006924202614432247,0.003483260244552559,0.002755906868231909,0.004900279134392755,0.0033207010450650764,0.003955016789961467,0.0024104089448320435,0.003331468613814918,0.0038637034594407936,0.0032062949764478624,0.002518858824908954,0.0028653991667276202,0.0031564120028095242,0.004320053883538054,0.0034340750656127886,0.0031201751890516773,0.006745226581504892,0.0025245661547807666,0.0012855141312866525,0.00310031383026922,0.004652664981393733,0.002431253058876044,0.0025370714517187424,0.0031865899354302806,0.006044398573812376,0.002341535464384924,0.00629330825650523,0.0021108246515850857,0.002826942538499142,0.0010482656763737327,0.0029811528998530865,0.002017925396593521,0.002945900953093608,0.0023083694519458555,0.001966319424229735,0.00237361752290054,0.0023681424943574675,0.003926590757349056,0.0035928492892491875,0.004636731773078077,0.0033296594720922364,0.0033318036593397798,0.0031695481411016385,0.004296280781876907,0.002970455348272707,0.002176110108034209,0.0025449278221677148,0.0024438307387304415,0.0027741536854234633,0.002026095052788669,0.002717344821173544,0.0027374387749612397,0.0031639858506056825,0.0032416965894821524,0.004034675189348059,0.00329554822109917,0.004255466351056275,0.0035754541840513168,0.003108236621261954,0.004447944056441032,0.002495355338041701,0.0025672265545935414,0.0023461735769790474,0.0034739881131163174,0.00438608543152287,0.0036547049758213737,0.00216074636065216,0.0029708511739287343,0.0025518928355312055,0.004132183811472378,0.0055563717088701415,0.004619888953806715,0.0029725661373314746,0.002894572181983062,0.0032126017262619107,0.0049921125595725965,0.0028588226997424623,0.0023208064025511638,0.002529464405998567,0.0022664007323160633,0.0031858378251488715,0.0029214580455774086,0.0018231554983415064,0.004499626543101932,0.003077222823201755,0.004012283429642067,0.0023012867786346026,0.0036421876259056197,0.004154126774491642,0.0027853054390762377,0.0028965953435245912,0.003139752827916623,0.0020670905129169686,0.003457002183392927,0.0015710174607960234,0.004155997137846712
3670,0.003275949357910047,0.0028726287849293684,0.0018766269005649077,0.005088278239518288,0.003059456164517067,0.004291117208643082,0.0068553711180696225,0.003241004660272014,0.0027247395862164173,0.004688146113234755,0.0028848885741648805,0.0035697015768298254,0.002261406652703933,0.0028592186820405488,0.003433083250443981,0.0030353691170241478,0.0024870835444722413,0.00264316592170348,0.0027271573100557745,0.0035572288962768244,0.003095692394587927,0.0029674868120940605,0.006089927751000546,0.0025093456750683676,0.0012080312741172665,0.0031115787357635758,0.004369777424016621,0.0023364898883099427,0.00233992402473737,0.0030001563211045894,0.005621174966361795,0.002111638704634549,0.006384555751442029,0.002024996510459258,0.0028265447689445953,0.0009964882268581733,0.0028304573209496113,0.0018728734342288542,0.0027792644327941287,0.002249662103829736,0.0018530652242439221,0.002148583198726273,0.002195263824468653,0.0038193413016857723,0.003361660358834295,0.004564060071291667,0.0031739430929008062,0.003092061314113917,0.0030781343320872455,0.0038103328543294887,0.002736339587112661,0.002058740198219655,0.00250576773212803,0.0021222058645347414,0.0026937036671412745,0.0018698933961078833,0.0025032110607615364,0.0026192959559117623,0.002926371029638337,0.003210401656555278,0.0034952710354728455,0.003146841537526613,0.0037904617895096666,0.0034359089821074914,0.0028339660552102177,0.004493719181873444,0.0023654470377993783,0.002558147395797569,0.002328884016040207,0.0031935669868022264,0.004285810425440177,0.0037402028593576738,0.002021314978153091,0.0029074383122043115,0.002419520900459765,0.004021474261793428,0.005333172034320621,0.004425207956071433,0.002696320452727701,0.0026126198887507523,0.0030233648811661554,0.004715063304202764,0.002545271259087583,0.002252370741785614,0.002450326862789675,0.002211246025611838,0.002896626640391651,0.0027544272990089034,0.001774245310935389,0.00434634525650667,0.0029374141712771333,0.003796237491579376,0.0020223412525173503,0.003427452248006238,0.004145000641656657,0.0026929820312737445,0.0026430663468510356,0.0028146489538465568,0.0018694978040291051,0.003211766260589459,0.0014862247267672208,0.0038458312409200487
3671,0.00310063231437309,0.002604196193158316,0.0018328279941647503,0.004715995500928437,0.002862424744374213,0.00390891795524474,0.006438447790230648,0.002934293801186402,0.0025672883147047536,0.004244654484933058,0.002593100637191355,0.003018289456343086,0.0020768948369957268,0.0024774474393101605,0.0034437265687821254,0.0026506212814171124,0.0023506332385802345,0.002368056558839662,0.002409691440802596,0.0031457556952352015,0.002808861045132046,0.002563965543004347,0.004965520429494187,0.002301115037434005,0.0010813254648304918,0.0027106931646726133,0.003925951260604053,0.00205170816496941,0.0021352172617666856,0.0028042236667076203,0.005428400964053479,0.002087140074281587,0.005785682045700306,0.0018692010947189014,0.0025489625612679003,0.0008751625474937298,0.002435722455601393,0.0015996178051045668,0.0026071835109679553,0.0020699461374207462,0.0017007182915816429,0.0019437348038367059,0.0019212743922662992,0.0034607707695125975,0.0028307273635747626,0.003919691573339657,0.002923174889791336,0.0030369349480513634,0.0028171905835207784,0.003217920679422876,0.0025123683364345053,0.0018422541750666435,0.002333761617041324,0.0019234767415413016,0.002404394093612866,0.0017522267705674702,0.002286207350723001,0.0022423603166218226,0.002604916290895417,0.0029086337556845634,0.003004091599742911,0.00287149386703989,0.003404022763538247,0.003057052850104252,0.0026141744376351637,0.004119215517447581,0.0019969915416768297,0.002375305173492417,0.0021117502057016574,0.0027906512904813103,0.0037755248293696443,0.0036027597058280263,0.0017996843016836494,0.0025215617141354793,0.0021722888272014055,0.0036629192452207254,0.00489327824419434,0.004032849480511756,0.002497623074978628,0.0022728106469130567,0.002672781794248267,0.004250711915614063,0.0022660752551200954,0.0020168709127310527,0.002259000028631512,0.002059036411649608,0.0027189129456546375,0.0028101516265196806,0.0016213908231189084,0.0037680983171027,0.002732559688323299,0.0034867266402842747,0.001969495266516341,0.0030387829028337868,0.0039015488764703107,0.0024563301428034996,0.002586356335031351,0.002441177983540419,0.0016318643924308216,0.002995104345130536,0.0014129288542470294,0.0034962027028465755
3672,0.00325096333909194,0.0029239543876811054,0.0018930976368626944,0.004722968214645228,0.0027307144489328496,0.004109234778570271,0.005593988142979908,0.0028559112547961066,0.0027998218821820475,0.00424555782437538,0.0030057004332147094,0.0031682162308444032,0.0020994707112484846,0.0027624753224500926,0.003291970013915866,0.0027262311076865805,0.002380049374016328,0.002389626067153568,0.0024835269454041584,0.003326274199723495,0.003059845000497299,0.0027664085115716676,0.00498145798312483,0.002126242709922901,0.0011243558132599922,0.0026031365044043363,0.004222670437728603,0.0019888053524310255,0.002221581873136124,0.0030063485948766708,0.005240142493043917,0.00281099990465318,0.005888664172289627,0.0018788813408619574,0.002495598514299209,0.0008910899590131746,0.0026171325695530066,0.0019110870109775996,0.0027869980118592802,0.0022335644734780514,0.0018338683234888995,0.002053473489654084,0.0019525284795754052,0.0035110093166776427,0.00319219839654974,0.004259151157272783,0.0028883789011825175,0.0034046386603057235,0.0029129431883781042,0.0036902104559999073,0.0026350600755126476,0.0018793928974441482,0.0023874996405839274,0.00195762464110432,0.0026966758562534977,0.0017627113834921297,0.0022858115310779863,0.002211225151425827,0.002782868246266046,0.0031378427929817133,0.003354062528871757,0.002996002292126775,0.0036783997315497927,0.003241197126532492,0.002761884757515068,0.004309424627512201,0.0021416799142457876,0.0024980222494671474,0.002045916946157831,0.002932666738209652,0.0037548467476933105,0.00378595118769976,0.0019703963330927957,0.0025371100107814586,0.002296993470774009,0.003685886581224917,0.0053223152540065365,0.004387125626313866,0.002611229330671602,0.002577004619519077,0.002893261077810184,0.004470373660345256,0.002485288881149054,0.002276177967406041,0.0022000948993658558,0.002046009043215784,0.0029052711277673384,0.0025686598048567737,0.0017369460139068187,0.003773980000900295,0.002882584600420928,0.0034233803859634385,0.0020229287080080647,0.0031503545430697877,0.004217877408903843,0.002501060501690809,0.0026684366016291286,0.002570996741167757,0.001730881267335332,0.003394903183222499,0.0015059424278722033,0.0038412284511309303
3673,0.002668642255441328,0.0021520543027260144,0.0015127834909890048,0.004092074849952588,0.0024241243630836093,0.003528174235238063,0.0050182349471090786,0.0024075711601381808,0.002347664919893541,0.0038456355940495236,0.0022031030452567464,0.0022841119168218005,0.001785891471141436,0.002218898384484231,0.0026566113728346027,0.0022180020047505313,0.002056089923256584,0.001981123154627181,0.0019147293086462232,0.00296446418888992,0.0025372471549929146,0.0022535894437488465,0.004206131435087018,0.001752362339085668,0.0008900654695474426,0.002275230147430698,0.0036728768069731244,0.0016913559763325468,0.0018465966431241618,0.0024998230448695165,0.004108242417613748,0.0022268603536945196,0.00519207421196528,0.0015790044604828916,0.0021980782934805728,0.0007098526576400696,0.0022623007653751873,0.0016607199478114651,0.002401547605838228,0.0019410171322898726,0.0015674375013242916,0.00154620846564559,0.0017229620897961358,0.003061710868943879,0.002675828026308742,0.0039767710502735115,0.002425582070678581,0.002625548908582042,0.0023930284113553263,0.0028902729400509023,0.002333444028305061,0.0016190305686930003,0.002007923632204416,0.0016528424883711736,0.0022954159359840627,0.0014399479210293316,0.0020083579978806333,0.0017338823158247391,0.002487656526870226,0.002491620701745968,0.0028365117812160995,0.002729158504556165,0.0031820275673056877,0.003127018505256933,0.002336275569226922,0.0035496829014739326,0.0020792850755817376,0.002063205810661517,0.0016347800367573634,0.002580531310120249,0.0031438765377314586,0.0038758529417524134,0.0014728138969526067,0.002113195970913216,0.0019262756153112107,0.003133065849457404,0.004726628659700978,0.003476701100194944,0.0023138518477806972,0.0020330216195650745,0.0025662429552810477,0.003759563648329618,0.0020392425869190382,0.0019588505392103177,0.001613505518499234,0.0017367777060027113,0.002458317889553073,0.0020450613428743504,0.0014482419598493715,0.0031905915474897094,0.0025826392264312386,0.002782931647341397,0.0017538317925417254,0.002760537671202957,0.003688854104145285,0.0020764486963380396,0.0021211515406802453,0.002147746919608467,0.0014294259184558585,0.0029438224883098184,0.0012076531054236207,0.003168979144639416
3674,0.002571204108634024,0.001973275225251949,0.001505633334643216,0.003704774761448794,0.002573792883825698,0.0032818171461582624,0.004738516716850976,0.002118703716122142,0.002254950303215046,0.003724884383748658,0.0019026049239841475,0.00208598466451918,0.0016933078597077648,0.00182953296230951,0.0023136281545997,0.0020303925373168614,0.001955662891182331,0.0019327693782365469,0.0016276113657762612,0.002806600755564475,0.0023464735726440606,0.0019680438968242464,0.0038879847401827546,0.0016180816882898968,0.0008416186786004407,0.0021065971864993364,0.003313243183303976,0.0015610969340912276,0.001674214955423418,0.0023163386732200446,0.003963193306479668,0.0020659141457287835,0.004871688245530682,0.001517042631162655,0.0020272228345147017,0.0006766562951449355,0.0020870506129287915,0.0016790631811263248,0.0023026242591688514,0.0018805469638203856,0.001433386505832551,0.0014685508433700818,0.0015267896908523102,0.002967501003780511,0.0024297844303389133,0.0035367733882303034,0.00231925152476892,0.0023147533845819237,0.002160964515393871,0.002604432115542356,0.0021943627524650504,0.0014122704612344035,0.0017204089234894799,0.0015621724263296696,0.0021461110764733277,0.0013807901538495343,0.0018805017153345363,0.0016344955521550423,0.002463909938477182,0.002438271411882113,0.0025933071596070515,0.0026909211474146623,0.0032753964149191076,0.003057408809753398,0.0020985095200726535,0.0030902548983621353,0.0019096034169362353,0.0019560036072288098,0.0015255190067025334,0.0024749144310390837,0.0028374810619965453,0.003762829873104848,0.0013091498586933052,0.0020562785224632727,0.001799648979812985,0.0031783280303137526,0.004424863593249717,0.0033345581374576317,0.0023137318099305045,0.001961200911406955,0.002289015595968389,0.0033871261598495033,0.0019857228712598556,0.0017679779568259726,0.0015198834236285447,0.0017354165343115547,0.0023882850156255195,0.002196826126053472,0.0013675830487262794,0.0031926243478310754,0.0023939771146828624,0.002587368105295408,0.0016168266204022587,0.002593818227291705,0.003517422309472842,0.001982479454925969,0.0017316343847972866,0.002034024734008182,0.0012572795427384124,0.002736722737926793,0.0011520389807378314,0.0029040437344765285
3675,0.0030920656424778866,0.0028094597352940295,0.0018318728225536925,0.004235937463224402,0.0030157078988366226,0.00399731928946599,0.005678982844927963,0.0024792453223158846,0.002954730744377665,0.004619314955837062,0.00252237166667847,0.0028309541334085244,0.002025054164898713,0.0023550225003687733,0.002950723318577239,0.002630912192028298,0.002224769427253221,0.002262509554410322,0.0021035544761581182,0.0035199947324713785,0.002896986255415922,0.0023470494761954315,0.004892284538152232,0.002001929458015569,0.0010561051149043132,0.0026325220045056567,0.004144339391255776,0.0018370985308407716,0.001995060030437323,0.002897161496359396,0.004644978523357146,0.0025582960213579326,0.005527275292683858,0.001809711170134923,0.002236934225608407,0.0008223491208115876,0.0025923134249013005,0.001991496793226957,0.0026334839738308214,0.0022601972694499158,0.0017701826665891174,0.0019040475159381232,0.0019450375204095355,0.0033795609227977546,0.003128410179394226,0.004103213391421319,0.0026227686198118626,0.0027677734341038,0.002694616583420424,0.003426970262217432,0.002539975767902879,0.0017650778103888486,0.002222197505260375,0.0019096527403713332,0.002753157992512502,0.0016429239322872209,0.0022981558415417825,0.0020143801238587914,0.003055833773869101,0.0028572186283556604,0.0032961148460218994,0.003036839646784365,0.004037255994304979,0.0034652640233371703,0.002618955585162038,0.0034284496476676765,0.002302456088278107,0.0023117913148214464,0.0018364819459696466,0.003399085793932148,0.00333559782181896,0.004140675738241571,0.0016041629317484001,0.0026722797229415465,0.0020694087584555796,0.003746373416724437,0.00531833333885217,0.0039538962081348186,0.002583778348127705,0.0025554488003567332,0.002868539552048495,0.004181765503595363,0.0025375270118132833,0.0022635941819892196,0.0019064418223202716,0.0020863074158202198,0.003090535793051441,0.0026158429298822118,0.0016676416082300818,0.0039741364010421444,0.0027509906604364057,0.0030640730417588503,0.001954024702093285,0.0032277815269616283,0.004152980424447218,0.002444862560032031,0.0021466523713093728,0.0025452550912215973,0.0015888211076205635,0.003330025982616585,0.001399815394019936,0.0037625434489584417
3676,0.0029574281120781135,0.0029285770672617503,0.0017894080250555218,0.004318377147214688,0.0030409570754203444,0.004213463633532623,0.00545008318395792,0.0023591159090606256,0.002858257403576093,0.0045850191098169915,0.0025336238180673804,0.0029774862949846024,0.0018404120585301094,0.002767646819167859,0.0030119575659071736,0.0027640955309467556,0.0023876663887428813,0.0021685667688762012,0.002262968580261512,0.0035910478305688563,0.002947959209706481,0.0026394525406931014,0.005411035475281215,0.0022841365589481525,0.0010134634816300922,0.0025425642401691755,0.004583507999766683,0.0018955657875854483,0.002033863048321571,0.002720590996041557,0.0045403219205099364,0.0026022788388894743,0.005185567096054418,0.0018173069928413507,0.0024468587566280225,0.0008036707923902185,0.003376791660614706,0.0020699348913022584,0.002542037895896506,0.0023153907428457394,0.0017136630941003014,0.0018385624072035475,0.002050932186007152,0.003476947091547331,0.003222139484800182,0.00403932482045966,0.0026179806390024788,0.002641269805228698,0.0028546882718043223,0.0037038368155715325,0.0024967913522485883,0.0018051167361854633,0.0022255994771505573,0.0018789360860016562,0.0025933719904813984,0.0016398580640241448,0.002089285825418931,0.0019280678951543442,0.00309552323409854,0.0026830377324740104,0.0034071973104930747,0.00298701806159289,0.0038760488047640145,0.0035697188737079,0.0027314876786760545,0.003405440947263309,0.0025101810588753913,0.0022004412769340443,0.00184480178001421,0.0035176234302867265,0.0034399211624261093,0.0038198184402305838,0.0016396237230102164,0.002642843525756263,0.0021619996757734324,0.003745882076716712,0.005302591082877028,0.003866151658626891,0.0025801520795739933,0.0025869947685450614,0.003220733339011222,0.004180457279172769,0.0026191267300099156,0.0022682991132494572,0.001824821705644679,0.002058225462289431,0.002869408744372461,0.002601581118772519,0.0017037265644766204,0.004120913161117726,0.0027986748611605254,0.003061511079594846,0.001976962704744264,0.0032934740176104294,0.004042128945631831,0.0023026512671835584,0.0021250574121466884,0.0025935435653893627,0.0015641676288499495,0.00344707541289714,0.0013446439543113589,0.0039401425330477195
3677,0.0027428686549935614,0.0026920400522877355,0.0016543826453335336,0.0038141538251782064,0.0027059533076706694,0.0037812825348200853,0.005327586873383806,0.002441171086933841,0.0027317964821880554,0.004245569305083632,0.00218208603497209,0.002817856136981111,0.0017682528025679404,0.002659283590562179,0.0027274553482276058,0.0025274796139983626,0.0023752894018650747,0.002017843657970178,0.0020425665255695458,0.0033809920397344703,0.002811994855948417,0.002427053576998608,0.0047975958096306455,0.0023756604337935336,0.0009581764836003675,0.0023649643919299522,0.00410210610654997,0.0017796233889914345,0.0018999685511145701,0.002438310319323151,0.004344492587985899,0.002070373145930213,0.005298792154394559,0.001768253490992272,0.002313127318937185,0.000745641006951084,0.0028753394246011205,0.0017708285487803206,0.0024148627680209765,0.002521688786526468,0.0014566801088554137,0.001765965249250263,0.0019718826445574147,0.0033883792641139264,0.002673088129662325,0.0038488707431633307,0.0025209100521084507,0.0025036400965253685,0.002868237217869342,0.0032611160919398174,0.002235457228719334,0.0015353351551882165,0.0022579756987463383,0.001692787649887458,0.002400801226027899,0.0016297961935128943,0.0019081729882178063,0.001818727208964147,0.002887605784879214,0.0024874742460732854,0.0030061389896806567,0.002877011845227343,0.003545971387567597,0.003331900683859005,0.0024067388097254753,0.003136984797757052,0.00226112536182143,0.002070212330602384,0.0017417099227360422,0.0034741941588218054,0.0034741277067408603,0.003574043193835416,0.0014584831420628894,0.0026598849905376,0.0019855277517357374,0.003556999586717005,0.004796191767060412,0.003522312913903777,0.0021403790164243592,0.002283517437703841,0.003192018951195835,0.0038626402835817064,0.00230058469695201,0.0018797248234681376,0.0016816692439476759,0.0018422845165894548,0.0025774421292207314,0.0023279230179957993,0.001558021372178339,0.004358161570599598,0.0027080845182914466,0.0029922544014143486,0.00175335078042518,0.0030167889899290344,0.003968978566459998,0.0021828380110930487,0.0020092476023915633,0.00226757309957752,0.0014560894753010872,0.003028850593658804,0.0012297592268643498,0.0035241160109854472
3678,0.0026730975717288727,0.0031014115967890683,0.0018173477465777065,0.003675112374064141,0.002795993966522981,0.003792649433986477,0.005112067723396125,0.002438071039532301,0.002890902559717763,0.004287626299664033,0.0022521615642569566,0.0032922351285699122,0.001820061149922588,0.002814744611101329,0.002817611560110837,0.0027879443973084423,0.0024146169502337013,0.0021148236553238447,0.0020957109905528136,0.0033528756536043113,0.003069889609905773,0.002562882943773689,0.004878724818174772,0.002727573135805018,0.0010514689299221476,0.0024033970535355647,0.004041082718624407,0.0018209690288250443,0.001995072307051613,0.0024664830581230496,0.005183912289532596,0.0022190893372123627,0.005550075558648702,0.0018756395578494733,0.0023009564116985783,0.0008210539839061388,0.002662834747738596,0.0017260115510927573,0.0025044338639146355,0.002538645696114215,0.0014641410027757702,0.0019958126122032824,0.002045351687909413,0.0035256617604203177,0.002830837448674069,0.0035922454770642522,0.0026780220134785975,0.002452208241532378,0.0031854389203545656,0.0033840463075762647,0.0022318833871809354,0.0015397242630944383,0.0023069660843700324,0.001673607222607598,0.002445674811403002,0.0017042606488443606,0.0019167366277251486,0.001886765487372654,0.002919860350542052,0.002496833730653819,0.003038389845008501,0.0029699456661630924,0.003768304812646692,0.0032383808102974076,0.0024671097056354085,0.0032009852954992596,0.0022636581917491088,0.0021651268344457255,0.0019352442919190536,0.003548220549889033,0.00348812905041969,0.0031893701600510973,0.001546803440261748,0.00286933995130744,0.001978929044782651,0.0037819295842079137,0.0050417946999050155,0.003511259463947666,0.002071941946620287,0.002342847291331522,0.0033602396265023427,0.004094031717978561,0.0024092929631562487,0.0018305092396204098,0.0018913799554453102,0.001949334564878866,0.0027478722308932205,0.0028889801939219655,0.0016592074847082998,0.004055634500008276,0.002862016057841742,0.0031878405622448847,0.00187110061510206,0.0029432809133558254,0.0040482263375916285,0.0022598156809032735,0.002113308399281989,0.0022060857087753292,0.0015019141734699492,0.0031038034344023496,0.0012888759164342155,0.003599200842512717
3679,0.0024090273002292588,0.0031964278401409325,0.0017484388236631324,0.003913258688547396,0.0028108766384885068,0.0036885329252105865,0.0053137187554295005,0.0022224372656128037,0.00282163720842374,0.004493557122458987,0.0021460401905970816,0.0031879286536676175,0.001740446861217421,0.0029212543437918633,0.002939358430559899,0.0027428555929193818,0.0022967063217101285,0.0021044389420446664,0.00213677597191777,0.0033062144743939304,0.003079040814298287,0.002701867108916796,0.004539028497048994,0.0025054205213917184,0.0010306583863350523,0.002304265409915476,0.003985928933260006,0.0017892882396730243,0.0019449570121069814,0.002629295766545499,0.005347506863751784,0.0021277489857865605,0.005882001811227418,0.0017585658868915274,0.002294222089796111,0.0008033937986287592,0.002661734675521455,0.0015695469540230557,0.0024897621597525905,0.002362543064005782,0.0014669427871354596,0.0018344006995170093,0.002004775293733179,0.00335995235372982,0.002942611781289185,0.003766663150081648,0.0027380431982581515,0.0024571678059034483,0.0031684267846880175,0.003055743716695507,0.0022383207219021347,0.001636747636486838,0.0021916432611952434,0.0018029362328785094,0.0025587717411242024,0.0017111667260991184,0.0020211624488318076,0.0018866871859857235,0.002826735661907088,0.0027173778375229525,0.0029073000867299013,0.002884273056879342,0.003570478606795864,0.0031505475114223256,0.00243641306431813,0.0032851614946530637,0.0022636749581525254,0.0022210540565426175,0.0020057871271409273,0.0032339823417279856,0.003339649078270707,0.003067325860438195,0.0014757201584781592,0.0027609118419477867,0.001798199536111111,0.0035770999070927735,0.005369066915812991,0.0038686053524878737,0.0023331446074120175,0.0023429965714812165,0.003388485972052472,0.003992862241706548,0.00229156629075754,0.0017667217844712436,0.0018905902144271403,0.0019310980523171493,0.002688987434998022,0.0024647208832982064,0.0015836315717622461,0.0038311230478760383,0.002748539917775871,0.003250787417730296,0.0018811766538607347,0.0030030070598729484,0.004231702484989207,0.00215622378684019,0.00268173463917122,0.0021970108139363863,0.001504388710618638,0.003027569959824338,0.0013612381556435485,0.0034197105668345926
3680,0.002186969389404849,0.002756889127144505,0.0015281282515289306,0.003572551287991055,0.002541039270524769,0.00332812953674394,0.004606705767945507,0.0018070218810790565,0.002309123544128435,0.004014270250925215,0.0018553026774323646,0.0026950019111048624,0.0015497998922892565,0.002620959395805375,0.0024578884370735294,0.00234345830989782,0.0020255099839156044,0.0018800097239330203,0.001868669954060575,0.0029635648812800113,0.0027664204977689453,0.002353451889131534,0.003867470100738871,0.0020234440025038336,0.0009102494717809144,0.001939790487205658,0.0033143420059620382,0.0015766624993827803,0.0015678623236631713,0.0025230320632527842,0.004737871537605746,0.0017661718525891594,0.005569498839258114,0.0015125971689199144,0.0020740164607317138,0.0007176354767204639,0.0024563621161898517,0.0014096703245827847,0.0023277855408525183,0.002127718203407115,0.0012606780567145856,0.001543097050331258,0.0016339464358314847,0.0029556623659111178,0.002595772097325903,0.00338600478876052,0.002566965063564289,0.0022580033418701873,0.0027733360507640756,0.002519516253584566,0.002032007297918985,0.0014161544657507778,0.0018642648907361784,0.0016565408007876235,0.0021231185713041505,0.0014996011508877504,0.0018573332100977865,0.001603017764464606,0.002520141799853796,0.0026101225293927812,0.0025258359429303026,0.0027100412227023083,0.0031334222273826217,0.002952343903070311,0.0020504690109265466,0.0029679170317475304,0.0020097799383562635,0.001937581239457896,0.0019030246915430875,0.002522186716801889,0.0029283120490529346,0.002476868349294164,0.0012854847085476966,0.0024032815646240534,0.001651563132405334,0.0032410183199096396,0.005019147690166533,0.0036098441540432075,0.002566660561712234,0.001928706154949675,0.0028484885368017876,0.0033678872177450546,0.0019649488200839766,0.0014752296543615066,0.0016211835982367006,0.0017188228407887102,0.0022778051787013228,0.002075725100982169,0.0013766593386670433,0.0034150006216491545,0.002521810119407761,0.0029393838798507615,0.0016802767781169878,0.0026735609542128448,0.003926540368808827,0.0018798369177488582,0.0023949351451135457,0.0018924612139580154,0.0013694662328942605,0.00284302073019539,0.0012449473444686875,0.0029579589594665723
3681,0.0024262884862289703,0.003028658921639615,0.0017316685001937903,0.003971550916966143,0.0028491671140251063,0.003829719180690339,0.005314548390134396,0.0022708046895568274,0.002597530586065525,0.004367207742220493,0.002086062474895784,0.003354406387704341,0.001922438910070917,0.002908871426556882,0.0028076885742116878,0.0026455331564487136,0.00221182063969914,0.0021915892364929254,0.0020059186365182485,0.0034938477111016906,0.003253367545657112,0.002605788116898362,0.004383635412963245,0.00198968242148859,0.0010792096193486004,0.0024096632026763985,0.0037923964645291443,0.0018494226731051683,0.0018106627050802457,0.002742611520712718,0.005147367082845291,0.002058577195858149,0.005978938967245827,0.0017346007596695245,0.0022566646169736282,0.0008752695973553156,0.002348550038796841,0.0015302854565392003,0.0026747303764470213,0.0023538455336074623,0.0015235611660684622,0.0017918227852462255,0.00191886621997275,0.0034029952217181666,0.0029247909851634617,0.00408516790190977,0.002971533674094086,0.002666609906066236,0.003012913102390213,0.0030140372488426906,0.0023901912413054763,0.0016456739608022618,0.0022729420534443,0.0019031830929333012,0.0023930737102509972,0.0016175595063621978,0.0021132346983696033,0.0020528474600762132,0.0029931157980699263,0.0028591050290234627,0.0028039411414947845,0.0030019483764283004,0.0037206917883343955,0.0033471885645433882,0.0024753322855323636,0.0034977286236349764,0.002250405995013997,0.0022021732358760804,0.002046985809161911,0.002857035022996588,0.0034046588061067643,0.002998643913119862,0.0014486510079343062,0.0026686071882939116,0.0019215740606323569,0.003580836420824683,0.005404284176634528,0.0038989623613039036,0.0028527507458110386,0.0022394496328877163,0.0032527000308395213,0.004108932866288898,0.002285291654869681,0.0017291895249503379,0.0020157875780105255,0.001959360973473549,0.0028209724802320366,0.0023411228382298785,0.0015824709446734442,0.003731647981502057,0.0029089042891592993,0.0033492469085436008,0.0019323523901077148,0.003137612615760267,0.004556252216530822,0.0021827974098115035,0.002594726797551222,0.002242738320140856,0.0016418504929367466,0.0032035727109746806,0.001427393891081289,0.0032176910555112275
3682,0.002589633956851716,0.003019401520564074,0.001789743447737066,0.004173658335170811,0.003011516180949066,0.0038681221899487745,0.0062763823768550615,0.0022785256173722106,0.0025630518157474815,0.004387441704285557,0.002194863612149039,0.003287610595928179,0.0019343874110925854,0.0029506920732427257,0.003024069071853055,0.0028769817746262154,0.0021720831801353624,0.002305857749040434,0.002210813876459473,0.003495312065463191,0.0035776110917229336,0.0027579058181632617,0.004747176481690363,0.0019202571245289922,0.0011116434709605907,0.002629126911112577,0.004017064889701206,0.00200225526766275,0.0018951739363877826,0.0026912818788916537,0.00539680712013625,0.0021739649174377018,0.00575281577931827,0.0018016125899338001,0.0023660809021906724,0.0008824045108938572,0.0024444718389522594,0.0014651363400554297,0.0026807970088409483,0.002087117275254478,0.0016280916775178935,0.0018393331336000705,0.002039327460919281,0.0033074706732547617,0.002929960744999989,0.004147362275107205,0.0030595092018752073,0.002445958405183955,0.00293183415703797,0.0032404327245926083,0.0023496069731120646,0.0017096461950420966,0.002201758337617343,0.001961866641123826,0.002380888552633249,0.001944806799974967,0.002045707641430168,0.0020149112150653335,0.0030820120298669924,0.0027304699266649003,0.0028374970111227104,0.002813722640997077,0.003427209577371871,0.003490827824219643,0.002522840771841843,0.0034691087734353707,0.002324489278364774,0.0021253616452215325,0.0018474554206770908,0.002764795834248651,0.00343246685999787,0.0028531251430302584,0.0015796162530505471,0.0026482837951335735,0.0019849589851943066,0.003552800448250744,0.005261083697643344,0.00373567714539042,0.002645621906916124,0.0022812854579288087,0.003246585486331251,0.0039067596940571,0.0024391555375572077,0.0018711717419196239,0.0021806230778807652,0.0019314943384993576,0.0026977627389553867,0.002559849509256001,0.0016289471655544711,0.003447325977425578,0.002950623898136403,0.0033407325832212004,0.001951162598302512,0.003083789592249691,0.004403486126921016,0.002184426586281947,0.002628619887923108,0.002548024737816763,0.0017149084987764047,0.003052112739696244,0.001475921971930599,0.0034270346137953624
3683,0.0027114960659110937,0.0026096662047132074,0.0015333973649740598,0.004049119868723526,0.002823083005171332,0.003817216615523775,0.005795365680744689,0.00193356103146951,0.0026292055706694565,0.004222961119942724,0.0019539204289633705,0.0027181642593342246,0.0019058118191261919,0.002461688061609789,0.002758899481850025,0.0025361283880733177,0.002067956906502126,0.002259320717921242,0.001997008638757037,0.0034307929528118713,0.003205094798135003,0.0025174624062389546,0.0044672573793185085,0.0016721841659033917,0.001032908493947311,0.0024332749448163476,0.0032934782211664045,0.001879096761919201,0.0018076365768770336,0.0025543100548866046,0.004747941204527249,0.002056252569327803,0.0055494762564143475,0.0017152598328963686,0.0023827643745056777,0.0008148518103237793,0.002315111753419539,0.0013870575497040615,0.002484849455660678,0.0020214499844338953,0.0016115998842332684,0.0016993908221858796,0.0018702136565140744,0.0032343529285796912,0.0027761155604703186,0.004352553497857206,0.0027818485767027636,0.0023978827825913347,0.002608394484630778,0.0029234535323134476,0.0023587863971368367,0.0016618921531500474,0.0017648616678366767,0.001880303292635351,0.002282872013007936,0.0017729707999979544,0.0020151112125199075,0.0018796763824451023,0.0028177406938015167,0.0027934588434207516,0.002716734224956035,0.002714235696533256,0.003217088501027201,0.0033955086526757223,0.0023118409082378594,0.0033125247816736827,0.0022220046320787293,0.0021307688711665025,0.0015743303969279847,0.002603334530633362,0.003095820716394697,0.00352560562973838,0.0015009981813619354,0.002591277885391096,0.0018876822920416056,0.0033937775661133135,0.004864960768986921,0.0038002995755922067,0.0025506411095845226,0.0022832330672914436,0.0028747720161089586,0.003367849792756586,0.002377145292413907,0.0018450814970309112,0.002024213074638245,0.0019650736719257446,0.002559475599804132,0.002219241650250811,0.0015262618983077612,0.0032788333901568635,0.0027530945979449524,0.0030251180786657734,0.001873821810444916,0.0029432508650977522,0.004415430882982381,0.0021099753048619487,0.002509694236098668,0.0023967810837052287,0.0015374560849536441,0.0028403042539517855,0.0013875050977426963,0.0032097679156242068
3684,0.0031577311091115245,0.0029035723201565797,0.001709390351046799,0.004382495237528909,0.0031874644239451152,0.00412848263515043,0.006091369156356878,0.0021308013235302446,0.0030438663998126982,0.004603887771459776,0.0023681874729502388,0.0033376218759922794,0.0021175881216217705,0.0029731686410290194,0.002981025807666853,0.0028271908933051124,0.0022504613607390077,0.002402829100288166,0.0021285225487791717,0.0038148405532398354,0.0032699507215618153,0.00279376452119149,0.005124221519960705,0.002192566123334506,0.0010996139699755336,0.0026255322558914507,0.0034877336940705547,0.0020805406638860404,0.0020854687309438368,0.0028054705780069136,0.005078372067361953,0.002276846465386009,0.005784220986822216,0.0018778771900467826,0.002564728216494175,0.0008406853474041522,0.0025126361860103065,0.0015323984971730988,0.002692724141669237,0.0023138921217403232,0.001744373138852497,0.0019281827560125948,0.002036325036760729,0.003708809758197357,0.003110922022331629,0.004514151640282547,0.0029115565230927207,0.00284777887540991,0.0028111167410030677,0.0033831914213597503,0.002654639217598529,0.001842785272284745,0.002041113636654515,0.0019665540666252905,0.0025441691706474755,0.0018650985859565688,0.0021530169487909666,0.002096082940769269,0.003154718754114061,0.0029336069009245724,0.0032092424417520687,0.0029843194467333556,0.0035944016211973424,0.0038491330226757764,0.0025385410284755826,0.0035100161991357755,0.0023786147061553137,0.0023248351718032786,0.0017692817235969872,0.0030379304763703224,0.0033510143127752708,0.0042595527933209955,0.0016110626895275537,0.0028807817518205813,0.0021832244167588927,0.0037927892437885496,0.0052989069592633406,0.003993326130686553,0.0026223165424792503,0.0025963522527630636,0.0031631757562316683,0.003609488591582992,0.002559878073318495,0.001927255922802258,0.002128992808702915,0.002115299577609523,0.0027800008649153064,0.0026203668913550326,0.0017414675952650302,0.003843011536103771,0.0029776534829939697,0.0032321872060891922,0.0020617681009829137,0.0033844927972867763,0.004670171312053779,0.002302500309916838,0.002512107188526072,0.0025389466705235267,0.0017231228301255494,0.0031944421814220697,0.0015181978442230402,0.003831245738665236
3685,0.0031383924790829546,0.003057025879051461,0.001798116507156633,0.004416250648893276,0.0032019281833886738,0.0038936577643815234,0.006378901722496973,0.0024673779939379135,0.002897996062086592,0.004510524822575311,0.0023351851214312887,0.003352869352756247,0.002167823380874048,0.0030823943136601938,0.0030006106265935474,0.002877350030160809,0.002306761015134642,0.002550988039694184,0.0021522082536824002,0.0038705457936182254,0.0033884661265014397,0.0028141070572821813,0.005193862991653317,0.0022983118117128067,0.0011663446778098134,0.002713963341491138,0.003804058125346914,0.0021082731745562717,0.0023121886783257443,0.002641860451040784,0.005194592974417757,0.0023099818715766377,0.005405619673554582,0.001867760108688585,0.002702188920647206,0.0009035513217789083,0.002469567989773807,0.0016007299798611741,0.0027260249281369038,0.0022772701412558743,0.0018667675059201123,0.0019488103267803112,0.0021061010173929746,0.003688976720634873,0.0031610696052077046,0.004276913477068872,0.0030459955274960647,0.0026060355303370456,0.003025753882467564,0.003572509026063203,0.0026294873798328733,0.001890504818309464,0.0020198447843044524,0.0019669181180824564,0.002565465159432599,0.0021365212269452523,0.00225834912833769,0.002167180952961707,0.0031988075665699087,0.0027710716852536593,0.0033480636220690105,0.0028254843804499056,0.0036498513815254817,0.0039583585928573105,0.0025282109028188474,0.0035725088042569924,0.0024248605222920074,0.002277971392356383,0.0018447345031859744,0.003092858973950116,0.0034127318167904153,0.004343966421720175,0.001756636278154962,0.0027520875119790874,0.002355707412936344,0.0037249373310424124,0.0051377964523059705,0.00388076609287776,0.0023888119633580012,0.0024079087045375774,0.003284557153889985,0.003476482960405016,0.0025269317761088977,0.002020928939547951,0.0022279414296122197,0.0020101699344219777,0.0027544218844110673,0.003032773262492184,0.001905349275352152,0.004017138309941047,0.0030440239693310727,0.003353516676355713,0.0020126953163840883,0.0033772758792924087,0.004575816868086902,0.002346380247117682,0.002497073854677201,0.002690480612837825,0.0017246381140741524,0.0031649344485223004,0.0014654514524534556,0.003993126655370018
3686,0.002892074409763923,0.0025412764594557775,0.0016521954539197492,0.0039038791863511483,0.0027379602028993867,0.0034291813799824673,0.005548253943313712,0.0022454684575559138,0.0026257698659264113,0.0038815952776557684,0.0019466838551520762,0.0026473665370910808,0.0019304280578712899,0.002399086180307223,0.0025027723075341586,0.002523160316703149,0.0020158133486310906,0.0021899406299818545,0.0019141069007765682,0.0033296798255900034,0.0028213061584811986,0.0023391199560025807,0.004557365682387859,0.002123019735495261,0.0010412572345227585,0.0023248552458753117,0.0031109601536088403,0.001857820194944002,0.0020120501001540695,0.002128350699509403,0.004611482828898029,0.0019237539889954028,0.00509314343051285,0.0016695994946529544,0.0023889449294082856,0.000821239617615601,0.0021342235957663627,0.0014598487926145488,0.0023552777788413927,0.002065310714359997,0.0016714333121462303,0.0017479565112159827,0.001847746563199744,0.003326923484436439,0.002742275307861703,0.0036012772010162236,0.00265129618485942,0.0024787325422563956,0.0026295116528709224,0.002945837872126925,0.002318757928975946,0.0016765516980014497,0.0017025554024979782,0.001719150704630641,0.002444189971166019,0.001840040376675126,0.0020654156418552522,0.0018441253466875529,0.0027403731396781245,0.002309102760720948,0.0027768974729658674,0.0026933438793981523,0.0030158644666128708,0.003591677315221627,0.0021900289037790153,0.003056064774624488,0.0022102166558033536,0.0020641905160625976,0.001606383529725245,0.002587213980197145,0.003121165806118018,0.0037869420890128155,0.0016073211174457119,0.002370954514548176,0.0019864236111356744,0.0031759462691842693,0.004474779535742825,0.003441048943208946,0.002111680358127518,0.002128266426086945,0.002722301791247166,0.0030563553282607347,0.0021578057318291464,0.0018422649279010099,0.001970299940511148,0.0019130196410263355,0.002314437948850125,0.002688727853366037,0.0016900425174038937,0.0034786251749284324,0.0027699054893518065,0.002958618129650981,0.0017342346934239878,0.002822997621714909,0.0039230116974044325,0.0021893417018259,0.0021077823092373067,0.0022147155781323613,0.0014199622732372918,0.0028284082057979287,0.0013738067305113187,0.0033396815078478347
3687,0.002944156426532686,0.002504988540945916,0.0016489642151914393,0.0040406647684454785,0.0029341765538282855,0.0033828608626986223,0.005206619779847313,0.002366905123167885,0.002749006164491685,0.0037910428566250622,0.002098027080596574,0.002666694049118714,0.0020250592025834986,0.0024418226483299684,0.002541686669575703,0.0024372757288386626,0.0020399483911234173,0.002255084899946719,0.0019542822095328016,0.003485975401260193,0.002811548731131502,0.0023269457269247413,0.004749443429276815,0.00215757737805469,0.001135628791966664,0.0024538073819451132,0.003000642797956552,0.0018957124243585788,0.002036984799119851,0.0022866370620224412,0.004639630191435345,0.0018097579506808263,0.005163730538662409,0.0017038103174962485,0.0024078467783808,0.0008775095158550592,0.0022343871513298133,0.0016150788389321647,0.002440884944188435,0.0021320527003155193,0.0015960082975407374,0.0017488602924256003,0.0019631102685456923,0.0036413323260432373,0.0028465583870575673,0.0037269614037115212,0.0026629068545608306,0.0025453860615052347,0.002750404695510514,0.00289752071956743,0.0024334023573604493,0.0016914514528865953,0.0018084548719802117,0.0017217964443865667,0.002541638158661712,0.0016882671068403183,0.002053467921663904,0.0019226187275327392,0.0028644451468821303,0.0023924523455872045,0.002890120990041126,0.002620569574798712,0.003241755573258931,0.0035774383690847494,0.002293493432449654,0.0032648175645139748,0.002230720316298436,0.002140007588223436,0.0016465918918890578,0.0026324966615529632,0.0031233597965767503,0.003574886824530837,0.001565995832931838,0.002585777736240506,0.002028559984363177,0.0032129757487938783,0.004688577875103739,0.0035565808117114486,0.0020793993029611852,0.0021360867316647905,0.0029543313020895575,0.0033940188489357576,0.002311609661505765,0.0018259646724968627,0.001983126388471559,0.0021012465664173694,0.0023880393504901952,0.002844513590458072,0.0017406065913973705,0.003452520571508275,0.0029126929679531267,0.002933949443259238,0.001746948692190582,0.002945484390427059,0.003903600060302619,0.0022383373827144456,0.0021057685425643216,0.0021836142262346876,0.001443196211178705,0.002909419740658428,0.0013996778420561056,0.003470540255342111
3688,0.003019263332118383,0.0028862221681923927,0.0017244903220591421,0.004432049408596057,0.0031271640447674055,0.0035642151815869477,0.0053062095838396165,0.002545664704554954,0.002663692732064012,0.0038603590462397645,0.0026137456238882442,0.003057239595933696,0.00203704915374616,0.002938052222687531,0.0027722951503147382,0.002754979674385767,0.0020615915764075677,0.002301680205970193,0.0024025375748341978,0.0035027822207271057,0.0032631787994855874,0.0025521125774013585,0.0048417448839189366,0.0021701208426365927,0.0011949553454542552,0.0023760003325335793,0.0033781272146147976,0.0019386547301019185,0.002080768140301858,0.0024467715312040937,0.0045394900457103315,0.001762665837286816,0.0052881964329708426,0.0017507513011122005,0.0025379106442081634,0.0009264776429299671,0.0024239331374361567,0.0016261304510841999,0.002475168735528303,0.0021031196457145414,0.0017227881799847372,0.00189961415441976,0.0020856333950374424,0.003424455068385196,0.0029962223261611434,0.003666154386360492,0.002745920017974681,0.0025583217402131743,0.003044391211687505,0.0034039981959797373,0.0024361707096541324,0.0016764231553427704,0.002044656892747386,0.0017441008032591473,0.002508244481358906,0.0019220316268161633,0.0019661891399460263,0.0019220055378642994,0.0029145539770277845,0.0024810563632522535,0.0030400716635789323,0.002625408287453721,0.0032250247738686865,0.0037563995902720614,0.002354518321834089,0.0033282013512127805,0.00227740603485439,0.0021345491989188206,0.0017010703702015015,0.0029111674864560812,0.0034242994852325763,0.002991121691624621,0.00173239564683039,0.002591328633204523,0.0022201407194943536,0.003440661608628028,0.004770161892200788,0.0035157258188347204,0.0020587048241693102,0.0022616155898451755,0.0031965715809694974,0.0034111738257268727,0.0022663219949380147,0.001868949046352926,0.0020178270608075385,0.0020824132539667664,0.0023340032679055873,0.0030802903719571806,0.0018011078094165621,0.0035858076200288155,0.003115140605669451,0.003194983780707235,0.0017744520930692573,0.0029401733811521744,0.0036708886907226147,0.002267841402499823,0.0021839644607704873,0.002349897145412896,0.0015885114022152768,0.003025289574819806,0.0014889400916218915,0.0038222750495284824
3689,0.002785837320251929,0.0025410962337879196,0.0015888902177315948,0.004023139782262277,0.00275348082243477,0.0033475087167717,0.005099751741307124,0.002594732996705287,0.0022803572548081032,0.003609233593079323,0.0023948609592311415,0.0027613368922869263,0.0019796989404969106,0.0026904144203148297,0.0026201264056069165,0.0027957589634933317,0.0019355251202945428,0.0022048028929454004,0.0023893146200158716,0.0032827702742077953,0.003075962273224698,0.0023195805006798052,0.004663358568298514,0.0018621206672428364,0.001175772239509225,0.0022446069207723175,0.003209925533039539,0.0018607954959991013,0.001923614243524612,0.0022342783743396362,0.004340533140997238,0.0015741965032080659,0.0046516784230979085,0.0017740730504613685,0.002374423760524976,0.000958341991002102,0.002302100492520937,0.0015321031774986435,0.002248453106817216,0.0020173713469479222,0.0016818497405825241,0.001761365311010808,0.0020221617929917254,0.0031888847186109606,0.002796193071364837,0.003481707908825737,0.0026418405442546248,0.00231395186388108,0.0029529303026443053,0.0033733130554188494,0.0022431580080550908,0.0015647024764595127,0.0019967100780674185,0.0017202932656133327,0.002285860304052494,0.0017656779844103018,0.0018477299866167239,0.0017537479606693804,0.002662096612321236,0.00216783190579068,0.0027635441872412123,0.0025387758897964163,0.0029623618750764615,0.0035301549232164813,0.00226977575560169,0.0032789751461007703,0.002217079527746573,0.0018576563001612952,0.0015963415706110207,0.002631924725454014,0.0032669367062269665,0.0025573218600046317,0.0017278763179490483,0.0023053689703917035,0.0020997123559869544,0.0030879552709147124,0.004399120149484773,0.003112528576662582,0.0019668677615374956,0.0020814358895884406,0.002872890607187826,0.0032851785456475702,0.002168468373178436,0.0019039806870231215,0.001938335910773573,0.001963224110270399,0.002210425645971731,0.0033731683481772975,0.0017066710532510363,0.0032310759389673075,0.003009059489707902,0.0031407938285784288,0.0017491398555701944,0.0026414050677722777,0.0033827075682619358,0.0022062882297807455,0.002079738505632688,0.0022394307691898526,0.0015128991287019064,0.0028486236002696758,0.0014059488965493506,0.0034561463483114506
3690,0.0028727769670192425,0.0026925557041299927,0.0016262564395846041,0.004296646829364294,0.002911766869816898,0.003634900715073336,0.005534076249438633,0.0028595049515816712,0.002456819957939471,0.003919546645647108,0.0027372114896837716,0.0028122968978506195,0.002028287338743997,0.002891630304607471,0.0027226535621998208,0.0027118517462042806,0.001856158714933208,0.0022324539234976387,0.002671864438787247,0.0033633664906766742,0.0029148668710073733,0.0024016240637729468,0.005565535451656758,0.0020261734488190145,0.001157755025829139,0.002460028718070715,0.00354573288393164,0.002037736625265456,0.0019454175092727228,0.002318538944307284,0.004599247604800898,0.0015671307361938543,0.004866602075229822,0.0019226183426499647,0.0024391846281212786,0.0009294754893562174,0.0023963171556084214,0.0016518857662266902,0.002399237711501283,0.0020657733239497884,0.0016540395799851408,0.001802101190585511,0.002103472922717759,0.003391655831965637,0.002785579276988607,0.003723722232869734,0.002712144816659737,0.00252799846574421,0.0029744362435877025,0.0036583304794784582,0.0022927621948674263,0.001627560974204283,0.002176842271494247,0.0017636867048916383,0.0024079517674415267,0.0018155877867726167,0.0017834874528186455,0.0019073032381845434,0.0028206069669325143,0.00201894986534091,0.002935501377577654,0.0027903835525651894,0.002963303906608431,0.0036067282468098066,0.0024561033447276412,0.0035403474959626235,0.002261525705369432,0.001983185779918323,0.0015969900982610718,0.0028263044832515685,0.003466897815179436,0.0026577774742457213,0.0017590548779372547,0.00240107839605947,0.0020864408627720254,0.0031041087912116,0.004439011153551661,0.0030740325937904972,0.0019249040621056668,0.0022690777659953665,0.003024476689828094,0.0034696847542264268,0.0023133777428973644,0.001959657157428842,0.002005774838936082,0.0020453799383547927,0.0022425733177261057,0.00304856921203481,0.0016695839416158002,0.0031354612451127127,0.0030125354794196626,0.0033226048181443685,0.001797732808335944,0.002871517218325169,0.0034157437861369,0.0022362274299631353,0.0022062814487475682,0.0024867269179184187,0.0015812622354267772,0.0028386516495277027,0.0014462198766940387,0.003426616926346151
3691,0.002955477725775542,0.0027972289563264934,0.001545434977739497,0.004507837498201977,0.0031708597513931316,0.0037562029747373465,0.005623146285217108,0.002615101511926932,0.0024147258304072785,0.004055123265375454,0.0029710075719704505,0.002991610184384379,0.001935379509394099,0.0029875756714804764,0.002871088770219953,0.002744228490759099,0.0019184131993958478,0.0021990125105971034,0.0029021756343157725,0.0033031448602308918,0.003080521164598712,0.0023615763464734,0.005208550570396837,0.0020090085631464735,0.0011156681490325673,0.0024837351539412876,0.0038219701258804563,0.0020495397538579877,0.0019454432715487182,0.0023968687647877526,0.0044887447791877545,0.001564230027282379,0.004660162245757764,0.001896439520129445,0.0025601822823168078,0.0008765436227028428,0.0023864541327359573,0.0015773505399816622,0.0024503894174630306,0.0019628537319983375,0.0015833188049763592,0.0016509315483813167,0.002143030125406251,0.003265688275682805,0.0027191692752295826,0.0037341402168242447,0.0028683557455165473,0.0024467293839554533,0.00314512358716866,0.0037337052591466155,0.0021638889791987252,0.0016456000719495434,0.0021577331421322155,0.0016501797738620045,0.0022522496635033707,0.0020132573834564737,0.0015790854220030586,0.0018611660473250604,0.0028889257904495882,0.0020176469611228967,0.0029946121414283584,0.002585423317461773,0.0029200645267714264,0.0035866424940129843,0.002362963596059703,0.003550802703093431,0.002255677688339255,0.001743618392228845,0.001497829210012344,0.0029477821426155417,0.0032914522671765407,0.0026787376638018343,0.0018270572257545897,0.0025520876742227104,0.002158444363918977,0.0032652724166287515,0.004450900701017568,0.0027983658433922685,0.0018249149822348362,0.002252926905575765,0.0030901226514157176,0.003338780060449879,0.002468435941526808,0.0018908249644106442,0.002008380186282563,0.001900564529588901,0.0022126960045073816,0.0032247197549799015,0.001599644430525996,0.0032686084143947382,0.0031043883825277565,0.0033929030982781595,0.0018872939068396535,0.0027719086129440896,0.0035195940211418327,0.002128987321026109,0.002316812894799517,0.0025951254230350026,0.001585587163478179,0.002737135498521548,0.0014263631655212622,0.0036000715339134966
3692,0.0030052528992023,0.0028029496398316684,0.0015748516968645387,0.004571274305193787,0.0032943301209525638,0.003595056105397397,0.005445234655031332,0.0025201478450964493,0.0025442884204917695,0.004012377368529431,0.0027052341475910318,0.003031487974907912,0.0019175900474294064,0.003153401057515385,0.0028661283734879033,0.00284162169724396,0.002269137505300675,0.0021458782114934984,0.0026567406609540917,0.003292858643827908,0.0029950894862821997,0.002449202837387953,0.004504113587671566,0.0023001389652597196,0.0010760972877018164,0.002344475024798702,0.004105090465992246,0.0020209069835629605,0.0019566374657396138,0.002411355508852658,0.004767010816897116,0.0016875080277597887,0.005013496820964806,0.001854149723456637,0.0025181182225297674,0.0008817555394980606,0.0022862290872981304,0.0015344025619045288,0.0024071182864150394,0.0022053768252458875,0.0016574756232211074,0.0017177652466552921,0.0019807593067227305,0.003283320103003375,0.0027358479474122645,0.003952036556096026,0.002861567019329361,0.0023865908935444312,0.0031466580875901214,0.0037487793288562355,0.002126550205958004,0.001662841883527406,0.0021367526993338838,0.001702523784482672,0.0023851999096892846,0.0019336588287032007,0.0017320607210413246,0.0018424359542782256,0.002779034589410559,0.0020580490672120555,0.0028951925227719074,0.002860988504266904,0.0030102068090088322,0.0036207487671366502,0.002361028907206644,0.0034540112609290296,0.002257485768005563,0.0017758866547221298,0.0015485056878134008,0.003050569589243795,0.0034010848187107402,0.00312658952758914,0.0017397776614141195,0.002483915996423307,0.0020841717821093236,0.0034352665018070366,0.004395059493831744,0.0029900621795485934,0.0019250436678819275,0.0023856199025883455,0.002926562363469832,0.003338527933338463,0.002352757075354443,0.0019020397437654471,0.0020211534828036663,0.001850225237147797,0.002280348167307363,0.0030409633785543335,0.001601289578554473,0.003462961982413297,0.002994301715805448,0.003518906188165576,0.0018840361510646224,0.0027216874801883123,0.003464144955713158,0.002159053191922496,0.002327351778494622,0.0024760960489669435,0.0016026198752027855,0.0028467727260973836,0.0015288099760562403,0.0034240262329428804
3693,0.0030842067075174846,0.002774223408987036,0.001814287605524006,0.004632562196673645,0.0034685098607267362,0.0036563951079095595,0.00605354037453955,0.0026662983040314616,0.002742626783149446,0.004241495765064213,0.0026347391263333245,0.00300889389051149,0.001995433039581192,0.00331247554633655,0.002876973558272735,0.002902838046251263,0.0025224170926136367,0.002187319706408989,0.0024480994041148926,0.003567288606418871,0.0029438064462040166,0.002479344719062715,0.004794368395055603,0.0028319644055095805,0.001084221935212688,0.002657890326597069,0.0043870662308862505,0.0020832310900886037,0.0020039011742525397,0.002503753234802956,0.005124400263642402,0.0018106171863579977,0.005066842541368721,0.0018880818548185035,0.002488341313033976,0.000871333598606054,0.002333187433054904,0.0016003036358736115,0.002553945764079449,0.0023802080328843116,0.0016343110860815413,0.0017737356625804424,0.0019581490028713613,0.003853053969173413,0.0029085426690770586,0.004020773171710441,0.002927256202746076,0.0027648767230337686,0.003255647626207405,0.00380348098949747,0.0023075433767940465,0.0017626105072787797,0.0023524268196234563,0.0017868547719490948,0.0026620336062882135,0.001980501103920721,0.0019033136442636648,0.0018987607465880674,0.0029031644856028545,0.002069239366039266,0.003033717647910263,0.0031464491081603916,0.0032391226115222665,0.0037601237716483322,0.0025440541017609257,0.003534737055059302,0.002320582841638996,0.0018379917108805703,0.0017300466369870866,0.0032546828207376823,0.0037349433141144702,0.0033792183980209238,0.0016655029607900702,0.002682600286305345,0.002048484336359595,0.003540812394638062,0.004659814722528051,0.003241413641100639,0.002293553294081686,0.0025226274791970036,0.003058722080855404,0.0036903969139939455,0.002360120508982256,0.0019712895123013894,0.0021026902543482898,0.0019032899231782832,0.002446420056827557,0.003159793420305611,0.0016835595360424678,0.0037582601686833184,0.003049538464201896,0.003630646632258735,0.0019754452411721592,0.0030050086878305182,0.0037369693029459922,0.0022808232967376535,0.0023756081878972997,0.002482394459691516,0.0016984113771377895,0.0030742638271573255,0.001559950858983516,0.0036664219382599337
3694,0.0030467582964755846,0.0029428624390721468,0.0017872479679010471,0.004748500884694291,0.0035881259984174465,0.0035677300747902017,0.005740694813881212,0.0023864633547636535,0.0029017721320312097,0.0041878649908358,0.0027203199875692635,0.002848289863853218,0.0018421208981607893,0.0031299894243875487,0.003080478343281806,0.0028509390076860344,0.002335709008331009,0.0020808981719792692,0.002593981344314702,0.003515432926135111,0.002997287689685523,0.0023309228891217923,0.004531459565359746,0.0026950296021127887,0.0009871657253177687,0.002745690141416238,0.0044258481573081895,0.0019891714518516374,0.0019198447300617075,0.0025233093389488096,0.005016759320640382,0.001862276827154091,0.00530758921939916,0.0018495272679192219,0.002457201030669978,0.0007770668764989307,0.0023044889217395744,0.0014933466273343815,0.002485161751874366,0.002118767950505233,0.0015837762244648567,0.0016602276048998108,0.0019098124969929343,0.003583363118448871,0.0027723076430412725,0.00392898153697451,0.002861839923462714,0.0026213599457337545,0.003057683162989822,0.0036760458209506085,0.0022636194762810815,0.001735277661606861,0.0021610128098833396,0.0016884862935125128,0.0025575820691533277,0.0018402337771780998,0.0017429791500711484,0.001798113976357661,0.0027087713881654148,0.002116915037306147,0.0029731739234436726,0.0029046085406816886,0.0030250994093136176,0.003636631015343123,0.002390798564759139,0.003387658916196634,0.0021993530377623556,0.0018816233798489767,0.0016627433738145131,0.003217080315430529,0.003414655531672584,0.003391247681763366,0.0016765214763526603,0.0025973212183702096,0.001969220614236799,0.0034240652009025646,0.004596999423029961,0.0030618473816733625,0.0022025135763286984,0.0023959906737732145,0.0029709053282255277,0.0034285571731468172,0.00228380174533704,0.0019150210317112376,0.002002092588051995,0.0018210974775030682,0.002309109289508451,0.002587109978459824,0.0015985778308266216,0.003574232299301784,0.0028808293022197225,0.0035690815655150298,0.00195362274694829,0.0028481825188741575,0.0038144928851884985,0.002194374157199593,0.0023619423327675406,0.002381082105069731,0.0016434657762878005,0.0029462984135738635,0.0013128347536264543,0.003644643907596863
3695,0.002816473613328728,0.0028793982577205893,0.0017488881215162308,0.004744926868564305,0.0035940777407041883,0.0035599226586421214,0.005372055941383986,0.002582625468407538,0.002832219379818267,0.004415901783367206,0.002757184540686309,0.002685694000060801,0.001816014551658784,0.003072479355410178,0.003148424820280407,0.0029955783174135213,0.0022471895349000736,0.0020642763257804984,0.0025726583299312557,0.0033133754557804923,0.003102272815232985,0.00237457738390227,0.004631867785254301,0.0028006056477438306,0.0009697242860057139,0.0025952721791618234,0.004171421894346737,0.0019016867464760024,0.0019454226291450358,0.0024355368040526043,0.0052582031711775005,0.0019423679139471154,0.0053720253045734115,0.0017841308312123536,0.002411134403026886,0.0007699380212090047,0.0023612475075755306,0.0014626897170010918,0.0024895822270792523,0.0020613845196236283,0.0015693427621265082,0.0016985822534130188,0.0019039101845902803,0.003360880523807863,0.002714852998005693,0.004076449931320456,0.00286586972004924,0.002562187353939898,0.0029450501579507144,0.0035423498076430845,0.002267415099672816,0.0016132063260106307,0.002212992962329972,0.0017187403176039606,0.0025459343121837564,0.0017442740355205415,0.0016657298406041058,0.0017730905794305456,0.00259737296030453,0.0022147497453539285,0.002848047697037999,0.0028647709023198052,0.003086630895539005,0.003391632840518047,0.002347538927665577,0.0031963359964031946,0.0021396122169737883,0.0018390340708610627,0.0016245887616642696,0.0031802384554541646,0.003217565398023943,0.003228643096597522,0.00168645471000456,0.0025746506718729418,0.001925311773373132,0.003523835523877683,0.004669508118462071,0.0028671513121228663,0.0020222154021026137,0.002286772727755987,0.002997387500046355,0.0032436594205030537,0.0023102498540741798,0.0018625554210538276,0.0020269277330901086,0.0018389138130285934,0.0023698825006577915,0.0025599540294128777,0.001591562062122413,0.0036751653915981374,0.0026726491506432093,0.0035534949723179006,0.0018488342501613475,0.0027259880452495462,0.0038291874748134533,0.002192842654195545,0.00233153517452647,0.002494514383692154,0.0016396645559544547,0.002858901345482447,0.0012986166482518242,0.003624005869561174
3696,0.0030885247752547216,0.003114036387884599,0.002562384620666275,0.0049479267710814834,0.0038694826884229667,0.003974800677824988,0.0053664360896511715,0.0027094106365495997,0.0031851210386060415,0.00477478687449832,0.002942403527278624,0.0029334534987306266,0.0020049739257391925,0.003227989249526794,0.003216854384033348,0.003236655118882361,0.002454254246483552,0.0024043440768943772,0.0025172277420478363,0.003433584281428563,0.0033075676391352647,0.0027372404498659467,0.005384070876137243,0.0030378204921275766,0.0010899164376330878,0.002943736986145499,0.0044603994051541015,0.001989078964380299,0.002182902148870747,0.0027507091991795093,0.005846014849661794,0.0022672817349374476,0.0059787021189448035,0.001906829363373782,0.002577985736910377,0.0008713803962510522,0.0027621125173926506,0.001908037858790991,0.002690324205043887,0.002304423527274436,0.001756569968405639,0.0020859211000527453,0.0020212476920966355,0.003660471454136869,0.003144774024605208,0.004529039554200698,0.0031136833720156187,0.0029022073777139647,0.003130828494877103,0.004104829077749977,0.002668642225364078,0.0017931333120970035,0.0024535934041602734,0.0020212978651811884,0.0029070858876456777,0.0017605772021742929,0.0020142500642173658,0.0021172540174266754,0.0029995753991434245,0.0024507191526989755,0.00305856934430034,0.003241421912749751,0.0036469184618499626,0.0035697082982638637,0.0026277001255374218,0.0035181923270782905,0.0023572891178678325,0.0021817875264088906,0.0018323245827073194,0.0036003338453517207,0.0038564759057194953,0.0036887565453352857,0.0019514492729192552,0.0027432123361777142,0.0023624818679806605,0.003960280521668984,0.005124735582048807,0.0033701582714664646,0.0023969920878568677,0.002530741989610364,0.003361710060168882,0.003694931945626217,0.002480142117974747,0.0020844055658978053,0.0021874383509205494,0.0020526053549341024,0.0027065716341979893,0.002639737489990014,0.0018282220685112483,0.004012578325380512,0.0028402703859154977,0.004029982777603453,0.0019994456970655683,0.0030876078167590714,0.004375161444872819,0.002336659776077554,0.0023693556481611698,0.002840966312885133,0.0018770725521502069,0.003141253047306151,0.001442393572925843,0.0042201651410308984
3697,0.0029921232718122795,0.002840622792876809,0.0021818573593431582,0.004462430374362725,0.0037120809394211125,0.003974022435690381,0.00494616004624285,0.002560325746876732,0.003087829369923823,0.004687734762867884,0.002631263446837759,0.002831724297332387,0.0018925341998685518,0.0027401090255030685,0.0030904324724237687,0.0028428022135283254,0.0021147210660710713,0.002224399190735451,0.0023396374315640084,0.0034494885680553997,0.003021613293659082,0.0026126988279533032,0.005198376677922198,0.002471421505858639,0.0010231382096847468,0.002905764870332551,0.0038424749000581715,0.001837405781024251,0.0020245056156695685,0.0025473503088208633,0.005237159833020456,0.0020521820297271644,0.005517061591127188,0.0018963358533161255,0.0024798349411236115,0.0007801350575162735,0.0025725673430434877,0.0016969787105268871,0.0024170912022449457,0.0020953013963171973,0.001719633618674146,0.0019097657465141765,0.001980925889486038,0.003523998421650734,0.0029833933412425147,0.00451510347768129,0.003015381812153308,0.002464226569900654,0.002920691857694422,0.003784939819193469,0.0026740449267801214,0.001793072207846001,0.002450899009564207,0.0019432675889477084,0.0027371124014677426,0.0015686170011627336,0.0019688181982024117,0.001983120683827938,0.0028598865505136514,0.0023956191101970593,0.002844320304192629,0.002987492632222499,0.0035027585312308544,0.0034183678553167548,0.002472692773812053,0.0035240106101383523,0.0023116938035428404,0.002051028568928773,0.001582152682679241,0.0037307977842400285,0.003399457672994947,0.0043612461857638,0.001947685712839357,0.002642082079200155,0.0023019285193090445,0.0037001446795234152,0.004900065845333785,0.003132445731048572,0.0023375934292202117,0.0024116224753114443,0.0031844044513758512,0.003565513881756105,0.0023961230400041987,0.0019831527557702213,0.002069533492595455,0.0021514163253642006,0.00273300572511876,0.0023684499267447793,0.0017334355696193232,0.0038509052867927223,0.002852935580430049,0.003745578823515914,0.0020187712928141223,0.002858388265890407,0.004459381286056659,0.0021905887630874255,0.0022904932901303358,0.0025724364804097467,0.001754296725406483,0.0029076135484219653,0.0013451756217095468,0.00402471043091873
3698,0.002884991210149075,0.0028376866554296384,0.0018875364217154286,0.0039162391260673035,0.003226012974757182,0.003986101201923361,0.004797137687116104,0.002561390361586428,0.0028756852227961632,0.004698702026919896,0.0023304249421239047,0.002654162497405849,0.0017996508462026978,0.0024831232051496562,0.00268312073542316,0.0026571706791208,0.0020653544604005746,0.002163987641454245,0.0021554373897579955,0.003242099739906971,0.0027890112251761716,0.002549538785326223,0.005116822084891109,0.0020765649163357047,0.0009845225018693237,0.002690271261324207,0.0035632785184469824,0.0017189593514579573,0.0019846337226164315,0.0024255246445498277,0.005211868255140531,0.001908907205153485,0.00531423214602116,0.0017350622611348873,0.0025344856570332155,0.000755100904691424,0.0023113402979331064,0.0015624747121010714,0.002372131625876071,0.0019290700118699728,0.001634331854516955,0.0018304037172895526,0.0017600833391753382,0.003193633578652282,0.002774966240740362,0.004302394100210336,0.002955278265376617,0.0022330016494044908,0.002661042205278629,0.00350058633689126,0.002516115554128661,0.0015609753860595012,0.002422453938166297,0.0017775115300508156,0.002512980768606988,0.0014922803933030268,0.0018391985415951322,0.001944952382795549,0.002702432232140806,0.002360502863055678,0.0027980259234463255,0.002691376188728531,0.003318434598264008,0.0032122912624489588,0.002298514364484178,0.003379276261711701,0.002129959424794813,0.0019958427645900773,0.0015791633733161913,0.0033975006189495187,0.003227081696655135,0.0039826031841163805,0.0018936359634290022,0.002437439410819343,0.002241302151666144,0.003452822571847331,0.004726391639295568,0.003060282533286335,0.0022035738090038083,0.0022699521971730665,0.0030529571687540596,0.0031858191395826,0.002341549441091996,0.001832864301796824,0.0021180460159171332,0.0020404692981058487,0.002642326694156949,0.0024766351987097614,0.0016634225023486147,0.003739274155060711,0.00276451663542423,0.0035348269149195854,0.0018097268439836414,0.0025601342869450124,0.004161694415972841,0.00203864285004557,0.0022511405036044828,0.0024610921520630017,0.0016639223399685496,0.002765668643002822,0.0013133509219920413,0.0035821348761466616
3699,0.003445426988644683,0.003515406616561386,0.0024110831912651396,0.004715851806915776,0.0035702065940486374,0.005149720125797697,0.0060475320186822055,0.003128500124863097,0.0035756085324533107,0.005229723546362819,0.002823080611900602,0.0034658031828949795,0.002451890439799049,0.0032723401585665703,0.0029481850704847303,0.003138449033051162,0.0024811356362771865,0.002749547025193621,0.002308541581818293,0.003709055339462949,0.0034423995618155932,0.0031719898631420505,0.006325594539882615,0.0023526132345139433,0.0012325690201685697,0.0031337464993427665,0.004561567371731271,0.002039863813582828,0.0024555196285627923,0.0028531130913057173,0.005955202346653092,0.002420797018771073,0.005879757234401766,0.0020231659735652674,0.0028173860076287204,0.0009399704409980778,0.0027558319790697166,0.0020530047777838132,0.0030189150410707276,0.0023592964503306806,0.0019573520972603247,0.002552130659313915,0.0021089301539856044,0.0036240869328177687,0.003491346255554354,0.0051077597051740285,0.003523351324457293,0.0028662566989727622,0.0030948074195789573,0.004498565566127532,0.0030975684050333855,0.0018536098856770209,0.0031110712801679465,0.0021801431084842097,0.0031152320816117663,0.0017936682799978192,0.0024853409348226307,0.0025683992704997804,0.0034910742411893327,0.002806768451808743,0.0033094587279548014,0.0032441207120289025,0.004282397691723504,0.003879547243054052,0.0026875375265508587,0.004289555513723957,0.0024439729491880294,0.002483883815247925,0.0020009804483173774,0.004139507841585995,0.004084447119485017,0.004782316507032185,0.0022972397702001475,0.0029072018938088753,0.0026819199818109104,0.004240424018438365,0.0055560426534688795,0.003560645257071342,0.002659161127580406,0.002842954022443124,0.0036749135752831273,0.004026055138509524,0.002814671158552117,0.002149445951157365,0.0027757301134807384,0.002565396601204095,0.003385073850768047,0.0030187989772698133,0.002080878274377396,0.004468202685896986,0.0032882621136726712,0.0041315164627853266,0.0023089331143974793,0.003261131152779906,0.0052764930416639615,0.0024162860827476704,0.0027484651215728146,0.0030083920554966714,0.0022635302656784447,0.0034120134191980593,0.001888425672545817,0.004361656292013866
3700,0.0037368324955573606,0.0034294112625720304,0.0024705659999107086,0.004950186353732745,0.0037520954989970277,0.005472687323760237,0.005640822019484613,0.002897799375406076,0.0036078785894898924,0.005521191209071669,0.002960270885973175,0.0037042763705728535,0.002506489717187545,0.0034394206354797065,0.0029980064634510598,0.003071168647680599,0.0027206776596824895,0.002659808363873891,0.0022937682554420168,0.0039109398643302025,0.003858456980371134,0.0032358614545021265,0.006157550457290612,0.002115285180165712,0.0012697009827514793,0.003179486209594769,0.005060895888788067,0.0021220623086396838,0.0024873691756845382,0.0028543977747712327,0.005601330460443181,0.0025512885747268374,0.0059253924015850255,0.002138866169236819,0.002735481244722341,0.000980235158293431,0.0028762465085220667,0.0022215111726670345,0.0031029744229273326,0.0024207893662486026,0.002062917341518862,0.002581352263935097,0.002303643302752349,0.003681472446751716,0.003733354955441197,0.005162666863552508,0.003696413731449391,0.0029694365631701,0.003086325221362955,0.004495099676969559,0.00332794774731043,0.0020774595205317564,0.003164130911804378,0.0022917501553427273,0.0030401426361599117,0.0017416057278907113,0.0025784474395059037,0.0026381698574337482,0.0034268165733033107,0.0028549582617214595,0.0033171954079268665,0.0033150704238747502,0.004237467800964275,0.004180079533995704,0.002671955221523345,0.004621715098391058,0.0026018372168407954,0.0023994972501137322,0.0020264616390661323,0.0049363566350830645,0.00396224822144704,0.00532918973914267,0.00221026079354596,0.003008009908330782,0.0027699601063461607,0.004476445606845376,0.00565840833988088,0.00392598898326899,0.002922519200637508,0.003022489110684761,0.003630460696084073,0.004280853980844748,0.0029048669901923633,0.0022982127273714482,0.0026726978886008,0.0025768622487330694,0.0034379166050762205,0.003041499437670366,0.002483376900575886,0.004323927364893603,0.003475627914193993,0.004143955721889929,0.0024570084511485023,0.003269047551846135,0.005503927278532649,0.0025740428311558285,0.002815580604260283,0.002872567827244603,0.0022729892215317396,0.0035303182645652427,0.0018890737137836468,0.00451227127181426
3701,0.003788559574797796,0.0034334961448870714,0.0019835886588198126,0.005029549239001914,0.003352842851485644,0.00518708460655815,0.0059999550473994944,0.0028431924116647557,0.0035875981939773255,0.005538495650386805,0.0028507328740108753,0.003594069302095879,0.002475889724047171,0.003286537071934163,0.0030400225001216224,0.0030529358438161716,0.002779888609702774,0.002629870022224646,0.002292787706946412,0.004174252016568823,0.0037260511130329165,0.003154067510325438,0.005717632004146007,0.0020612115120602955,0.001263907942053998,0.002992868381198385,0.004984229580065457,0.0021363507165997487,0.002421221045028722,0.002963279326115165,0.005707411342257106,0.0023806096295112926,0.006215474830505241,0.0020462944283064126,0.002696141990654867,0.0009590846010561792,0.0027618875922232732,0.0023075025432315903,0.0031333535659181086,0.0023577035247181253,0.002030429148982765,0.0024187963712008066,0.0022757066639401816,0.0036874567808124125,0.003729897318234891,0.005535480690267788,0.0036260554242829287,0.0028810933923698514,0.0029745848822246576,0.004256095373042084,0.0031657307532131722,0.002063157751598664,0.003090808213542295,0.0021378455648773677,0.003149821478976357,0.0017250356951115256,0.0030387473572636705,0.0025122108484750753,0.003267957445638807,0.0032023630294430493,0.0034261272907577535,0.003216185387451562,0.0042717410784087724,0.0038687812307483015,0.0025252926379501685,0.004621156304376343,0.002525254347384156,0.0025067271209139163,0.0022972171412838525,0.004607174361478007,0.004045467477854559,0.005021334979410796,0.0019655196017100566,0.002978118688810799,0.002603420402523445,0.0044440884516370495,0.005592352467105658,0.004633860254367293,0.003033878355202391,0.0029126810473678855,0.003614450936770549,0.0043894321851479364,0.00278908170178854,0.002240976983428823,0.0027312241010223294,0.002480892263994384,0.0034197753526440814,0.0029860469445888685,0.0024371730058305925,0.004427567063456786,0.003189290643012666,0.004130687243547641,0.0021642361171731986,0.0032459940869684206,0.005394983886114569,0.002659591533878065,0.0028306451057059073,0.002684030981578176,0.0021187751769543234,0.003486362640712844,0.0018216492434848296,0.004311059477879215
3702,0.004705626062618957,0.004822946991100345,0.0024843870647365904,0.006171819542826736,0.003956067410461309,0.005731429799720435,0.00795435023490898,0.0031349020668946133,0.004441435533639821,0.006388105061992173,0.003578096896158239,0.004519076745988205,0.0029670172446894555,0.004118025486564157,0.004167282888368608,0.003955754592510207,0.0035333050056126918,0.0034724000750088885,0.0027994516397736777,0.004878365641406117,0.004574969762470505,0.0037836689891318828,0.006676255744543102,0.002517303919841953,0.0015560576208135841,0.0037716347785501318,0.005810840058084898,0.0025452036422308555,0.0030112185152558297,0.004031304195417255,0.006917702241970148,0.0027996731662429998,0.007503371438959896,0.002291292999527239,0.0031634670251977537,0.0011429359800765853,0.003579055787929368,0.002910282766797796,0.004029820914307411,0.002820172560129677,0.0024185322217585453,0.0031616366110481086,0.0027035407316751804,0.004353675155630807,0.004693609052617459,0.006204477526976358,0.004340411324462849,0.0038822267435358795,0.0035639043802663823,0.005111422582435694,0.003643895658765361,0.002428063440575073,0.0037596098955094263,0.002747954614420685,0.004307914867754531,0.0022596228623489563,0.004270857861552222,0.0032543611502967276,0.004073548107157235,0.004346772581974054,0.004220402619905871,0.003544227212185006,0.005707327235472092,0.0041682389319821775,0.0030039033766595686,0.0054798847424120944,0.002986573069637122,0.0030897885940673778,0.00321767210418056,0.005172158806491678,0.005326477558700571,0.004967581031120529,0.0023612311872248286,0.0038534161860413712,0.0031052293824167273,0.005468119728574167,0.007024396021383118,0.006706572767404969,0.003640416406691487,0.0035595989678663086,0.004507326014891065,0.005155607815215258,0.003315176268182593,0.0029758347309965408,0.003425045339719526,0.0028808992985423355,0.003935947002203335,0.0034310872346683795,0.0028696675677498517,0.005133125696035719,0.0036815906752391326,0.005264307204694554,0.0024645517066580348,0.004071830483240174,0.00616176551424713,0.0032571855640303035,0.0032749340102861757,0.003319812911903016,0.002778806159093438,0.004366851922894073,0.0021814627576902464,0.005057728875026578
3703,0.0043877609490196035,0.004290027965266513,0.0024362743347459935,0.006539670890170148,0.004584603500289361,0.0053982073279403705,0.007320681250369218,0.0027785871467839104,0.0040266549339822225,0.005971895939348824,0.0034967619603724965,0.004419977750752217,0.0028643341378933713,0.003809973045606809,0.004504337395404321,0.003955558138288588,0.003525761760690345,0.003208941980673564,0.0026064321956726123,0.0045507376253314785,0.004584058647511003,0.003652200932894579,0.006621218271756615,0.002574814530796384,0.001428512577945953,0.003945711028485779,0.0058472663290319695,0.002561339038854187,0.002948508844737164,0.0036826215723906814,0.006170698492153161,0.0027202565967854872,0.007268847226819028,0.002267487135803353,0.0030325919439267972,0.0010547913272186498,0.0037281040836450122,0.002981192149264247,0.00385674169135576,0.002737714022177688,0.0024053379957668,0.0029681297435087068,0.0026419176586098664,0.004314486832962464,0.004224522785100177,0.006107532432088694,0.004152878252074169,0.0036751029018369198,0.003508964144681039,0.004977271075317298,0.003333637772471789,0.002349684778394915,0.003338985683759827,0.0027727822594745847,0.00425277448914748,0.0022347612623662572,0.003684588448513564,0.002861663868358108,0.0038263051239269506,0.004098622563996878,0.004032255556160912,0.003488749242881409,0.005392850001689335,0.004077542994946125,0.002991870635402587,0.004940648997223636,0.0029153865265320903,0.0029374736880009205,0.002771882119541413,0.004924328864592753,0.005037894574308266,0.00496953785196053,0.002212305794195368,0.003500288158643882,0.0028358977843148713,0.00503393370269763,0.006782885578069039,0.005806537705903491,0.003220525167683816,0.0033554421449979058,0.0043225354285092955,0.00530982594830751,0.0031807071559284607,0.002808426640327688,0.003034121160922331,0.0026984344457162343,0.0035141943460330776,0.0032195640417385764,0.002735783598046755,0.0047669282175175345,0.0034922078308129334,0.005137635630348908,0.002400909739876352,0.0036796102002435312,0.006034724868753948,0.0031465453943075395,0.0032277951745843937,0.003213830847521818,0.0025615259861122125,0.004024734359271405,0.0021096050164327853,0.004750700296692462
3704,0.003339594878674073,0.003142242526651328,0.00192518204663651,0.0049238534523473555,0.00383480393877109,0.004153171855366532,0.005777048041620022,0.0025022575632033797,0.0030106320132343373,0.005165244040608266,0.0024966233021417577,0.003142815378659009,0.0021653097433266388,0.002770355771012877,0.003451436749394579,0.0030865746854977427,0.0029205432236944166,0.002546046781424661,0.0020279632258619115,0.0038132879558361622,0.003461623837098336,0.002860115257424813,0.005255461316640177,0.002163550970434385,0.0010885374406039239,0.003132378041662688,0.004624396512705138,0.002088924400289612,0.0023092342461929695,0.002938947672890051,0.005118784578581161,0.00218702180147974,0.006343451625212304,0.0019039345593328037,0.002484687377074734,0.0008287202530961206,0.002791374100549799,0.002334254867874509,0.0031250251420194093,0.002266919943649194,0.0019643656754534853,0.002075520352797647,0.0019850799569972647,0.0036610140540948525,0.0032675588756150347,0.00504405165893729,0.003294895783553098,0.0029804556559577143,0.0026876923294175477,0.0036507127925352314,0.0025887744801707034,0.001893611549957886,0.0025351488885150433,0.0021556135857845565,0.0034782840734756014,0.001664274770972341,0.0027949272471729926,0.0021138684104712595,0.0030597858946526937,0.0034161336693324506,0.003201780589026863,0.00303147592694628,0.004009177701202005,0.003667395349339213,0.002694149415080248,0.003769184377891396,0.0024905471844469426,0.002491100201100734,0.002044701573392074,0.003921657536990391,0.0036998597256209793,0.004763074656770487,0.0016463789630865536,0.0030765744052255175,0.002142795657956045,0.003943882272451663,0.00538169450794127,0.0050622297911380185,0.002519714978039035,0.002745656143128003,0.0036112786895676277,0.004293120463119764,0.002627736893204368,0.002203725619889987,0.002197512045619694,0.002236345195115521,0.0027534136265077954,0.0026859047952819204,0.002050148304725585,0.0038107830500847526,0.002787949164497077,0.004336068267540304,0.001911199451752108,0.003027232018207223,0.004974669483474968,0.002667796523011108,0.0025455043058696097,0.0026046982176379653,0.0018677456408734757,0.003204616578207258,0.0016585022028474828,0.003755945555080281
3705,0.003653826384259537,0.003625252934012158,0.0021206440716897423,0.005390407331177655,0.004238112955870449,0.00423612769022217,0.00741941108301732,0.002685281841639206,0.0037579393927534314,0.0057168440557866795,0.002744147994629454,0.0035091257076643447,0.0026346434872396357,0.0030104811830136595,0.003828327205218551,0.003618476244842828,0.003137849955315996,0.0028963592737222092,0.002253832195907433,0.004506879089659525,0.0038193387731603576,0.003008630225723435,0.006486160526686345,0.0023968316068087793,0.001266659332083896,0.003505567319725977,0.004960018574850783,0.002264760351660386,0.0025397488846774356,0.0033632826191380793,0.005966686192952693,0.0025640003331557325,0.007551853808426151,0.0020708854668763654,0.0027916845291908288,0.0009447727622541133,0.0030426920406584203,0.0023702485156250654,0.0035176652468381334,0.002657680725276028,0.002116737156130652,0.0022349359651871216,0.0021254973263473208,0.0040878983572486295,0.003756274494173318,0.005583622457292966,0.003643389363903414,0.0035014377157404648,0.003083972500321171,0.004010396380451693,0.0028453341123776325,0.0021753384123741706,0.0027537612211791284,0.002569870696651908,0.004237169947405883,0.0018132761988677274,0.0033969900178365303,0.0026240287329905433,0.0037890252655945755,0.0040250902467209755,0.003660624624490007,0.003335734375551915,0.004852821718248755,0.004146019603168404,0.003481833004816073,0.0041543444822336765,0.0027983723105106865,0.0028630051186772244,0.0023272999534592743,0.003983436455948362,0.0044728202831583646,0.005639784585943825,0.001918407507924319,0.0035182198155019524,0.0024731431966493094,0.004546167813145107,0.006321020775247358,0.005972713604626336,0.0027483001548660405,0.00315772233959367,0.004163300932200519,0.004901184178168781,0.0030127196498673002,0.002560320716133655,0.002520303339976437,0.0028875199752316384,0.0033353303096182252,0.0029173848361069288,0.002052616004726212,0.004420204336763688,0.003046985775373319,0.005103764234940487,0.002295062763255023,0.0034786034165563756,0.005263272756954845,0.0031861040729676067,0.0027765233952614606,0.003066075352859303,0.002191325499907792,0.003587437082663459,0.001979240515558045,0.004032218011204203
3706,0.003273542051356764,0.00333729238543305,0.001975284007080034,0.0051585675673077175,0.004257241184066395,0.004123132622862768,0.006944399539175898,0.0026972289752325005,0.0034326103393626265,0.0053709725030695625,0.002773911538831076,0.003112714914373917,0.0023682258024604217,0.0030325562194867925,0.0035926532137052843,0.0035721636440159605,0.0028820733577672917,0.0025656074005742666,0.002461201263658685,0.004074415348849002,0.003841988073128733,0.0026705954558251823,0.0066101816928386525,0.0023222290321935684,0.0011780361595172557,0.003313694679864537,0.004320297303995115,0.00219976027220129,0.002396982666450293,0.0028855848496745664,0.0055777476438626,0.0027015206573973703,0.006643117758304883,0.002043878289805991,0.0028419537221427414,0.0008639049827498822,0.002952349624966932,0.002151888303636214,0.00331271675685927,0.002357661896896587,0.0019571715940830503,0.002196670990426747,0.002022575933962244,0.003941215656772396,0.003382889091450164,0.004866455595651652,0.003620750465624055,0.002983771559716508,0.003177285229029433,0.003867014300603023,0.002851836174060072,0.001936013519890056,0.002426441168252355,0.0024135800464877627,0.003575269267310168,0.0018764732388548426,0.002622980077258644,0.0025104040231340306,0.0032493290484197704,0.0034591182475445115,0.003551262064229423,0.003015989019977745,0.004065101332203884,0.004144967199762391,0.003553276215452625,0.003926978698131924,0.0026870142165045384,0.002440939747752559,0.0020422758321077114,0.0035265822565973015,0.0039003154700579363,0.005186014556484274,0.00193570592986733,0.0030621441844494272,0.0023368557042874514,0.004365489837310613,0.005806697913999719,0.004561720080786113,0.00246659054833741,0.0027296919974182307,0.0037757658805242706,0.0043419262851257375,0.0028970489821687397,0.0024613211906757532,0.0022924978185290238,0.0025545650933807445,0.003080457448411371,0.0024520829106191616,0.0019449718771303837,0.003787174431743387,0.0030487053892487804,0.0046915364884920156,0.0020799407829524157,0.003037533739363578,0.004542343134840501,0.002906714333449959,0.0027283446328160094,0.003058476234231315,0.0023438564268998424,0.0034308458690119016,0.0018278906256085168,0.0038800685011668567
3707,0.002640555396610593,0.002598040132744131,0.0017202841773691104,0.004320536552110183,0.003363109344968712,0.003484213833592117,0.0051377674766145045,0.002142718062476404,0.002760566313895534,0.0043544871158302835,0.0020576608581041895,0.002623914019074928,0.0019743983678234037,0.0023543857673610563,0.002685513104639775,0.002741849433333209,0.0021555613004461084,0.0019466553505700411,0.0020434175063702474,0.0033072345310793706,0.003094871450181893,0.0021533271352641293,0.005145384525885851,0.0019341267907336992,0.0009381369808172925,0.002562777180127436,0.003651911489267809,0.0019350645050534546,0.001968032459853867,0.0021486671400063775,0.004657258100059804,0.002217723526750787,0.005581210465153314,0.0017187290922748516,0.0023667844784008634,0.0007408060404050968,0.002218894885163485,0.001756818822765992,0.002575722704247303,0.002008181136870299,0.0016011404021987112,0.0016696482067440116,0.0016119319678028414,0.0033907909220808902,0.002750646773716288,0.003942298716340839,0.002855326700080074,0.002729193129722782,0.002447144324648856,0.0031533241278276546,0.0024759086713378796,0.0015994714211057597,0.0021015037324174915,0.001811742466755135,0.002568700541793052,0.001415912961194169,0.0016767034851217996,0.0020174174873046733,0.0026609904399025872,0.002544466085171118,0.002803016840914976,0.0029016494992455556,0.003070915003103465,0.0036556313332603736,0.0027019967906609906,0.0033145179219379113,0.0022915027624413335,0.0021190304239353547,0.0014821000760336617,0.0027487431304693837,0.002975335604398287,0.004487669299722727,0.0015662001502099042,0.0023548467536869634,0.0018878660542032976,0.003221727865567191,0.004862224839355856,0.0030483139500260352,0.0019096632239040123,0.002274351553656254,0.0029494087431363902,0.0034058380636561225,0.0023263320588242627,0.001843446293543658,0.0018197299694714317,0.0021754610314627387,0.0025999541311402152,0.0024871880919495114,0.0014978620028672691,0.0033027813837100467,0.002468717706881344,0.003452001379997948,0.0016975393162832943,0.002500880985349871,0.003834033486414764,0.0023785301284559622,0.002249326105871847,0.0023256674305639786,0.0016930978122412085,0.0028760146956677024,0.0014580361866601364,0.003104037224885629
3708,0.002799106728559242,0.0027636555498257802,0.0018492900909990596,0.004311342272052991,0.003190757652970368,0.003471161619571804,0.005299122855870494,0.0021662691559981265,0.002867637670540017,0.004674669029308922,0.0019709320726499567,0.0027083975008376734,0.0020646571118510698,0.0023029668905713385,0.0025676427427319096,0.002796463332344941,0.00220864645394009,0.002127998870060589,0.002160690093061298,0.0035971712189727676,0.0030181711819492,0.0021835898427144686,0.005224500399036113,0.0020505653272806304,0.0009631110503404737,0.0025832806178167794,0.004255242671929372,0.001866617680981464,0.00202551674414244,0.002233280345912421,0.0045570013873943655,0.0021654898273250275,0.005506277133753614,0.0017680392875031527,0.002404755534302832,0.0007548967058632296,0.0022591982440975976,0.0016458329567131062,0.002600012960492152,0.0020484640993658626,0.0016946430050131503,0.0016843159210746543,0.0017170876640112262,0.0034273929535304642,0.0028920383664278355,0.003887280029283212,0.002880592320957616,0.002912076547876591,0.002442306793244223,0.0032205500778141145,0.002509689001449637,0.0017599081855124957,0.0022931659042832826,0.0018425116715448026,0.002643977896613668,0.0015517110949234286,0.001749678015684195,0.002060921569345931,0.002933758916266869,0.0025741203267173906,0.002847941782570622,0.00299848131997899,0.0033276456398659733,0.0034602068914650207,0.002760111257489474,0.0034637867567695007,0.002448477294549162,0.002198060378542844,0.001574150702785284,0.002805415343160207,0.0029232653356075144,0.00428964834982878,0.0015607222983093929,0.0024827419805393256,0.001938684561803474,0.003246774044294118,0.0050465283706637495,0.0033338419930254264,0.0020544060749375015,0.002454581855974565,0.0030371488744299346,0.0034363336768262415,0.0023848497875631884,0.0019335062976581178,0.0019195031452916985,0.002274599491722753,0.002696623492119462,0.0026318775635140092,0.0015338708440169428,0.003593098560693777,0.002486010536821578,0.0037491912729353412,0.0018029006431739111,0.0026087327866049963,0.003749888785321298,0.0024842375448836844,0.0023386357349781408,0.002348916644005105,0.0017347894327667218,0.0029031681886910535,0.0016755114199520128,0.0031262977198361843
3709,0.0029191440157344817,0.002885341990864587,0.0018719857928576856,0.0045124933321297805,0.003305451774538807,0.0038407953427924395,0.005721009812575767,0.002252776505927006,0.0029678388630351945,0.0048657756666790316,0.0020660581917446817,0.002801463200258372,0.002116378086674911,0.0023478589308413168,0.0025274285467907593,0.003028937480654941,0.002479637823499231,0.0022360060235725025,0.002337668709455684,0.0036738065083913537,0.003160381025151286,0.002199268571199401,0.005207970929131597,0.002253169360389416,0.0010018961717405267,0.0026716841415596673,0.0042625911688781845,0.0018818891961058354,0.0021380816367012278,0.002267351308570772,0.0047060548053584695,0.002126891329523308,0.005686508028083468,0.00175809486786822,0.0024991541088562725,0.0007901858895048867,0.0025938491720121056,0.001711133468359219,0.0026167796351601685,0.0021395030800492416,0.0016899110728749117,0.0017426718950776258,0.0017759905705396978,0.003468428544445392,0.0029738346400440094,0.003953841816765222,0.0029985827573923997,0.0028692102439783515,0.0025852179051172237,0.0034363881673216256,0.0024644518673269597,0.001690880604503445,0.0025772040075644647,0.0019310813277998344,0.0028156667342025166,0.0017914264698116456,0.0018449494784995432,0.0020655462495274765,0.0029896215375621272,0.002689300960339048,0.003098026605995301,0.003019231144623437,0.003522287334695902,0.0033950423427294763,0.00275684835646411,0.0030986136304612913,0.0024094392753687337,0.0020895508423310837,0.0017658934650713874,0.0028704716551488222,0.0033793916592711306,0.003940594872727483,0.0016530946996506852,0.0024003681857595023,0.0020929762166010278,0.003354657753904295,0.005040210102549642,0.0030481635575023806,0.002080765014445867,0.002439924216954054,0.0028506037447177473,0.003478565455363267,0.0024413243677925615,0.001894951759502908,0.002028419774485393,0.0022587163557315024,0.0026253047288417935,0.0023816330488695475,0.001567992292028756,0.004039063765311986,0.002539561938418089,0.003963525881064254,0.0017388706601059085,0.0028312886828524815,0.003708531776154678,0.002494940889474697,0.0024060892837631225,0.002429526482716294,0.0018033279914875604,0.0028916430104890477,0.0015837250415672204,0.0031418851962948524
3710,0.002677934308445609,0.0029175684298201774,0.0016211232498885546,0.004243035938202432,0.0027444611040294306,0.003326013487827525,0.005146201136274845,0.0020261884271313845,0.002572342229649684,0.004133082994356344,0.001807502629443214,0.0026310714108222968,0.001795909920275317,0.0023093375356325473,0.0022433835691566635,0.002590051392500359,0.002299152135779166,0.0021931621884493683,0.002103404727757533,0.003267615000319108,0.002648629024781051,0.0020084491555295357,0.00428677201344902,0.0019597079363959545,0.0009299881038520352,0.0023955988628895524,0.0036011800792119597,0.0016876519053937544,0.001975939958703147,0.002107894568429347,0.004404495742972921,0.0018476864418712337,0.0049769005400817756,0.0015433842275135667,0.002263315850170289,0.0007164097396798256,0.002272300893415248,0.0016081466173147468,0.0024018303303318935,0.0019034306010135553,0.00151753004778696,0.0015829798921138624,0.001592103585821335,0.0032619861410757124,0.00256886797756012,0.003283255005814173,0.0026355421926980956,0.002415279152165187,0.0023943549588193933,0.0032916704455422884,0.0023205511008104873,0.0014753518087113355,0.002222240418746237,0.0016562952942814294,0.0023936160660187143,0.00161571159393255,0.0014673033917456926,0.0017161975241167231,0.0025906562821037113,0.0022571448556077383,0.0029343448883273958,0.002924171213645814,0.0031687970796041866,0.003235810355679448,0.0022262170618521635,0.0027502072221417045,0.0021238345494076724,0.0019108167809229065,0.0017258253443163745,0.0024872740064040178,0.003238036533486677,0.0033103017877601395,0.0013756299987446215,0.0020501196414479004,0.0019013354526185428,0.0030397468006829035,0.0045527160994240845,0.0025878469539150225,0.0018724874854906626,0.002094695386763148,0.002574747931678134,0.0028819625276581377,0.002337964719166596,0.0015289991753672735,0.0018497059530183475,0.001814402676943167,0.0022896794893493434,0.0024265040369053363,0.0014307589253466767,0.003988806405869229,0.002308118981811879,0.0032755870454647573,0.0014918290803010105,0.0026479945009752815,0.0034567262642965714,0.0020671831438981445,0.0021098713594670426,0.0020627182195409946,0.0019259417204696237,0.002731718378739861,0.0013368610008789889,0.0029822020090863213
3711,0.002634874364933956,0.002855631001072588,0.0015460794802720577,0.00421837795411999,0.002593450669897849,0.003269589723442628,0.0048730079679832755,0.0019085608065992218,0.0024310854583055046,0.004327224521061759,0.0015817917524888312,0.002641285052515409,0.0017712693993775467,0.0020344573843679797,0.0021428570173038617,0.0024041958338370966,0.0023769302344121236,0.0021417380972272347,0.001865165149212682,0.003179071492834107,0.002597374398182592,0.0021509704805970195,0.0041239534742903055,0.0019847690867575984,0.0008775943496135144,0.002201210734244729,0.003945662339627503,0.0016622096267484593,0.0019159874909930805,0.002163144120850405,0.003730909158992047,0.0017299719605226372,0.004958209581019581,0.001538989216123236,0.002198538122530305,0.0007031884034160861,0.0022186156869928413,0.0015579142107353765,0.002397842306738795,0.0018847315661521353,0.0014886348864584572,0.001420754697908186,0.001518234420279064,0.003060990193870841,0.002530275003966323,0.0031434796079926122,0.0026772285867151086,0.0022344890934247476,0.002451894343247025,0.0032135292682945187,0.0022520313865354896,0.001485042227295701,0.0023368209222655797,0.001708380641630358,0.0025187494131408694,0.0015611770243389802,0.0014677583170714433,0.0016175288844881334,0.002724215707980172,0.002181462450770943,0.002681638319563726,0.0028753563533540786,0.003098829493380146,0.0031711591570474126,0.002198695661510309,0.002613206734399022,0.002053095598902602,0.0017320683590431006,0.00166203129012676,0.0024076861383261895,0.003152504441976178,0.0030222547477162173,0.0012769919016507936,0.0020683675208755603,0.0019254343637344718,0.0028823654960694785,0.0043932685047652804,0.0024027962427425283,0.0020407719233316137,0.002139031331223419,0.0025367070432713227,0.002812100289922727,0.0023113319809224455,0.0014031290075372375,0.0018423497404590537,0.0018891551257152952,0.0021757763858298498,0.002235977929041179,0.0014123546893353846,0.004076906353283132,0.002222847660049557,0.0032236823863099084,0.0015503219689122028,0.0027158175851701707,0.00364846558311521,0.0019870455306679356,0.002072063400893309,0.0019283260972042496,0.0016934531728185955,0.0026145383950525376,0.0013463330958551258,0.0028335051067888456
3712,0.0029390045180871403,0.003081451822309104,0.0017450207874442803,0.0043083378506100466,0.003006963958930841,0.0037595253421736953,0.006167006967643595,0.0021324451729868295,0.002787504726150275,0.00506080805483479,0.0020226765442795066,0.003003279824376373,0.0019201792293343904,0.0022787284200672365,0.0024164880247176945,0.0028780203512718478,0.003018510872814284,0.002372072422172014,0.0020118430741629142,0.003604988908615233,0.0028908169517850835,0.0024356049799398993,0.0046317397771105,0.002246958138702771,0.0010050029104928357,0.0024533507715286834,0.004325230587434457,0.001749913402033369,0.00212640794388515,0.002561676318117917,0.004100496890478777,0.0018897856404182123,0.005559861509543091,0.0017922320221903825,0.002291599768377255,0.0007925860923557595,0.0026619979819980854,0.0017352770978309698,0.0027270713819316575,0.002097900557484039,0.0015817113107331599,0.0016376404924995293,0.0017388547317934687,0.0031773878543723297,0.0027931006377558626,0.0035560061387069236,0.0029652364582359383,0.0024243540676610296,0.002915009671958052,0.003796494918914333,0.0023495605942329173,0.001587473406436239,0.002614718094986055,0.001923257512767139,0.0028570044140781292,0.0019201805678373983,0.0018368062364447133,0.0016916146669041735,0.003275060110140952,0.0024043530658969425,0.003032688998776685,0.0030919373084631304,0.003599713736141478,0.003330179295830633,0.002478121961018389,0.002725162180367281,0.002135037751822188,0.0019626366960626973,0.0018893920837418322,0.002851917261458077,0.0035101166530152883,0.0030544687068155838,0.0014213261666653392,0.002389361850189078,0.0021857300441631504,0.0032942215224318057,0.0046571420007047665,0.0028816114930894626,0.002311739545650296,0.0024833898493411884,0.002794375333958645,0.0034240291549079375,0.0024707942657310965,0.0015246496048598576,0.0020639101939529045,0.0020344634641978397,0.0023811637932541884,0.002210441058670822,0.001589379191395701,0.005017089101513942,0.0025720438459751597,0.0038097938374948735,0.0016887975041288983,0.003216205370597701,0.0038624417539091706,0.0022298178090711302,0.0024517642895669537,0.0022195846855811493,0.0019630206888330225,0.0028429835133480293,0.00155201432664988,0.003260019913358893
3713,0.00281554943733589,0.002801406042153366,0.0016183486604049334,0.004492234756216371,0.00285962880837093,0.0036933719203512496,0.006134920498078612,0.0020713715313292595,0.0025395285321712594,0.0042511348985515875,0.0019503072342235844,0.002816576146197189,0.0018965184050297394,0.0023936173294046947,0.0024578363951200818,0.002778831191832111,0.0028141751968732984,0.0022522261255108348,0.001951155471810845,0.0033635966760492066,0.002789095260864623,0.002480427955324649,0.004643358399714295,0.0019229909348527697,0.0010180506409937814,0.0022292604547868304,0.003948881661101143,0.0018249507013601942,0.0020256796290866975,0.0024405207773093712,0.004283517428024461,0.0018929652590159234,0.005211900617212248,0.001747880172341139,0.002279763705456821,0.0007995863812659267,0.002530230935052107,0.001617501742216543,0.0028338775569327415,0.0020343045820158624,0.0015236811043387436,0.0016205702513044761,0.0017101429961810719,0.0031306427717431276,0.002727537134908655,0.0036110749418442082,0.002801343872420417,0.0020028326098551707,0.0028141574256454814,0.0036605915972947522,0.002372400094528192,0.0016222949009268327,0.002364746019828738,0.0018532641688221157,0.00263634215331953,0.0017307697315041423,0.0017339230873248854,0.0015972687562666827,0.003153357751219343,0.0022912004401193786,0.002979674070652509,0.0030925323154798725,0.0033642340593367623,0.003416037842320661,0.002395340220177896,0.0025956229653069478,0.0021237771510625907,0.0018658739811824314,0.00189618436816058,0.0026482930026980873,0.003512678643464696,0.003024402612506245,0.0014715378584984889,0.002376871640079012,0.0021057525972348985,0.0032341446993752257,0.004652332259893473,0.0025891018029668127,0.0022406151639554096,0.002218919064634037,0.0027676140045188595,0.0032601541981370943,0.0024089004604985675,0.0016121126455599594,0.002043191514229611,0.0021739525504494363,0.0024265133172840267,0.002207075820904632,0.0016131562296393509,0.004418520681976583,0.002596993895248397,0.0033939785344837565,0.0016904148666006167,0.003130314383074796,0.0038744940606692635,0.0021327014280558085,0.0024219805116883954,0.002175870303123979,0.0019116087916798668,0.00298883591190236,0.001347956597658033,0.003168926138303384
3714,0.0026164517297514772,0.0025944088737519847,0.0014918938797207773,0.004470969577174063,0.0024747341366852683,0.0033790013111633255,0.005396557753950949,0.0019403154345909131,0.002459383764297312,0.004208090742421425,0.001861012760849402,0.0027364394963041304,0.0018300219464649707,0.0022231237673934084,0.002318020555753337,0.0025946220069114905,0.0025943378254234426,0.0021999536350015042,0.0018641585169947214,0.003170484044633186,0.002543665779056018,0.0023824748136695357,0.00443742468063632,0.0018559704827221747,0.000939434117771072,0.0019163773567025101,0.004163661783270567,0.0017666190132961089,0.001927594053305621,0.00234561630739519,0.003909099181260496,0.0018593501493874287,0.004982097674544209,0.0016491090608134645,0.0021326701849165085,0.0007469134163738994,0.0022126928730200604,0.0014817743652488589,0.0027104990541944683,0.001837902697040472,0.0014665922470948663,0.0015600709779179478,0.0016237309870142133,0.0029074346692955105,0.0025057269213913506,0.0034354285242557147,0.002776506551528048,0.002000426116686038,0.0027197806769573554,0.003476260479848321,0.002322185448427896,0.0016095700926695973,0.0022396766578873135,0.00167159878782734,0.0023671617327073735,0.0015866318386142655,0.0016691341901124473,0.0014595936698648991,0.0028834881696768676,0.0022009691115124296,0.0027919631780071222,0.0029442085495453504,0.0030978106116945625,0.003258693899430274,0.0022289823487191764,0.0026939571799131997,0.002021505514253716,0.0019602220666903643,0.0017497395954728435,0.002547052226271674,0.0031720130215202535,0.0030730641777964537,0.0013625389910382792,0.0023172721529522745,0.001930778711840921,0.003190610186381531,0.00425433371586531,0.0026862541841460703,0.0020296836733931334,0.0021400642218966925,0.002709917860506355,0.003467534035127395,0.002260109037963383,0.0016175288170136824,0.0019092918232716288,0.002021719893340402,0.0022554095500512254,0.002361743439550994,0.0015146328400537424,0.00385277265707859,0.002216933175319383,0.003308860439128165,0.0015902325091936638,0.0028905975428576624,0.003807472616805461,0.001994690056383116,0.002289090928106888,0.0019560059449305494,0.0017159374406817852,0.002788633790870069,0.0013880967679961611,0.0031572073851388015
3715,0.002700928801991333,0.0026613031784316963,0.0017143221558528017,0.004628111444906742,0.0028162636454618964,0.003682490362331891,0.005616466340666138,0.0021108787012116426,0.002681848516932645,0.004643757125053458,0.0020946315438807117,0.0027505094541131867,0.001901212338986152,0.0022549965669467755,0.002431552368613658,0.002856384956807471,0.0029258968673109105,0.0022300748682385664,0.0019861008220377944,0.003561716627504759,0.0029163648826266222,0.0025191647459258406,0.004707899136097338,0.0020975366625597715,0.0010064686688217334,0.0019741771780785325,0.004084619439327295,0.001957315682280615,0.002059343658383364,0.002574783516677263,0.004036226967334136,0.0018031497958420387,0.005237294519730062,0.001819628731618663,0.002180478092233058,0.0008053748461897229,0.0024523891057290064,0.0015097480198301937,0.002716260529954711,0.001965410063685703,0.0015179060988968008,0.00171900222413159,0.0016640961949688543,0.002979238405926519,0.0027318670758312326,0.0038315988347702003,0.0030399699852132474,0.0023197982675691024,0.0028722757909243057,0.003748266371581377,0.002495962321534624,0.0016809289109907767,0.002454413111509959,0.0018122907931599145,0.002491464775774114,0.001753650818730327,0.0020693882791878184,0.0016629470497884153,0.0030262929535155134,0.0022585176177027347,0.0028449872261918138,0.0030030754132341934,0.003264917198293259,0.003198257871131159,0.002314291747930063,0.002784718808072284,0.0021372792237078094,0.0020564584434022513,0.001867338174827443,0.00286208174238703,0.0033484439936714745,0.0031465885166265355,0.0014846705607493712,0.0024723545614379143,0.002035348163361298,0.0031698078519556143,0.004559915934384408,0.002830375198996427,0.002094567871751389,0.0023578257372703654,0.0028222687775252514,0.003975270915017913,0.002346102344641175,0.0017880675771402574,0.002058576336347348,0.0020942062281325254,0.0024199491081148754,0.002434972574688549,0.001561264332324207,0.003954414821323857,0.002280374549339203,0.0039045842589110185,0.0016482168348558388,0.0031012011216740468,0.0038470311133868896,0.002129006650110622,0.0025095131791529027,0.002027855960272464,0.0017140413376731777,0.0030939344634530424,0.0014280633501967033,0.0035229509111640105
3716,0.0028490490626410367,0.002892434368727559,0.0019525441493870276,0.004691926830885277,0.0031561380877485642,0.003745803314776899,0.006002013371358731,0.0021578008243193624,0.0029035977366616804,0.004689123907398178,0.0023245835225025897,0.003084189640514918,0.002030078999967944,0.002629267826494249,0.002655112966731509,0.00289124926119356,0.0029260700209562595,0.0024468423244298995,0.002110023110421689,0.0035987312913827634,0.003205734003414935,0.0025382968656503364,0.005180437699278933,0.0019306730676618413,0.001112062135967993,0.0022762755272601773,0.003933511983216907,0.00199743949037156,0.002164341375372911,0.0027722581033676084,0.004907675530416537,0.0019244517175435068,0.005537401975349853,0.0018625442040935193,0.0023853112137967388,0.0008529245259698421,0.0027874257666703883,0.0017838816685875347,0.0027812628619806943,0.0021033703367540533,0.001673837852093097,0.001947092620706702,0.0018789182935472829,0.0034724181421224953,0.002950816761149436,0.0041481702068998086,0.003000911158620848,0.0024872604983664157,0.002979894513322343,0.004019382893546065,0.0027486634920952926,0.001805570633926433,0.002349285548743388,0.0020780940473480412,0.0025270666378105397,0.0017957460118609063,0.0022201095782962373,0.001936942277001861,0.0032697573778216293,0.002314274294533928,0.0031460399956893745,0.0032568220020609533,0.00361057167530021,0.0033247236115172747,0.0024593277458390224,0.003076310158530754,0.002314110681329185,0.0022288404684963725,0.002047368721606755,0.0030705452604188666,0.0036342194892384494,0.003152359066618218,0.0016305537875026495,0.002642818389716335,0.0023431071643163445,0.0036464803314545375,0.005076375522900116,0.0033014180425299843,0.0022482485850686563,0.002568657875713405,0.0030097495747649777,0.004012219005666108,0.0025609148783675927,0.002040212195835826,0.0021195038890509427,0.002191151044886738,0.0026376267108428096,0.002730736709655804,0.0017583024250209431,0.003783487532735872,0.0025766045843924777,0.0036570053763627423,0.001781276248740087,0.003309270566468914,0.00403074965546864,0.0022766876151171563,0.0025023031335417085,0.00231988643033323,0.001799908867766002,0.0032255359941891523,0.0015027418470300138,0.003781646024640628
3717,0.002743218057698881,0.002998509804713803,0.0018822331639246409,0.004504845556988581,0.0030344223271347773,0.003798281271551202,0.005312962782375211,0.002352000674612296,0.0027403740561843556,0.004389898337182247,0.0021775638670629392,0.0031042563439024067,0.0021746541508062553,0.0027632814675662455,0.002691352255560564,0.0026897012106968815,0.002539711715023927,0.0023996826628543935,0.002026274149905262,0.0034251563761893418,0.0031046523773444624,0.0025757949735518803,0.00485302833044448,0.0018166389550405093,0.0011820219164047098,0.002350859731307554,0.004028051612244019,0.002014737655994833,0.002180850826473568,0.002626628079986475,0.0047191628501285195,0.0019137371529589654,0.005140143987360244,0.0017980084525919995,0.002378600435060656,0.0009108910509581088,0.002651918692741072,0.0017858024075735612,0.002703859422542764,0.00211204499667417,0.0016840260915462126,0.0019291432518908586,0.0018553819282453325,0.003501738898523546,0.003006800204357035,0.004062957691202103,0.002900130826514884,0.002538551438301348,0.0028490245841239787,0.003950978766866645,0.0027494609312578217,0.0017779889013955013,0.0022653998868925754,0.0020462767039418094,0.002447829822169757,0.0016363627542179745,0.002156394361606437,0.0021180297495092515,0.003032961854398501,0.0022064794685917777,0.0029716303213542863,0.0034124364673839285,0.003378645131614571,0.003285303219199148,0.002470526500715472,0.00308097496344669,0.0023199612178961817,0.0022225924400218065,0.0019678757914143074,0.0030940567313644672,0.003813966817434946,0.003275376673584391,0.001661459536889987,0.0027099346045437885,0.002293041327900032,0.003495975047626886,0.0052769267912573335,0.0033539186025831414,0.002171688552872191,0.002538229875113346,0.0029873489088506192,0.0040024294465626055,0.002638137322363908,0.0020881353814797155,0.002136574759659861,0.0023964489126618374,0.002724345528088858,0.0032968273056948137,0.001758159829441234,0.0036236544675913164,0.0026007999158922717,0.0033322334944577404,0.0017950561698130345,0.003181072920904964,0.0041036555830705045,0.0023722948978001338,0.002444872000366994,0.0023819390693768966,0.001636166347574853,0.0032511135978631127,0.0014740513967895603,0.0036468220968843626
3718,0.0026721151689603224,0.003007200326474329,0.0018656675695281797,0.004476382748858427,0.003107221052438674,0.0037819127623702903,0.005450057468967287,0.0023675558855931035,0.0027664488648568458,0.004582978587722791,0.002165385728038063,0.0029470098795379798,0.0021178662847728,0.0026909686232666264,0.0027556311738256367,0.002790360302747982,0.0027353029176437602,0.00236522010401126,0.0019709438345380838,0.0035668789775400076,0.003192886153318304,0.0025105294640764193,0.005155405479403794,0.0021832055229584375,0.0011333857887509836,0.002425353167335211,0.004360535448023025,0.0020193121473321978,0.00213060759947313,0.002531815090391808,0.004563087663831507,0.0017598864694044055,0.005249199567641157,0.0017690628778014494,0.0023134000137237905,0.0008727245314243088,0.0027312309109610838,0.0018288112910925748,0.0025934479889928998,0.0021397415993829405,0.0017584649923981642,0.0019297622873324272,0.001764182016371006,0.003606500291309946,0.0029057399834023904,0.0040511900350724845,0.002949965437459127,0.0024153453930896352,0.0028926705536195495,0.003883996307222251,0.0027025406779291926,0.0016433657941913858,0.0021228342522259074,0.001798764789412902,0.002472851084698429,0.0017687176307635017,0.0021533084734738184,0.0021178956017161065,0.0030966457237635798,0.0022473104362222152,0.0030767989336350785,0.0031532404884018895,0.003498699277287409,0.0031105483007957293,0.0024684932779143604,0.0030412111525538344,0.002279143657256279,0.0021818356897539085,0.001908888006861502,0.0030518662178243214,0.0037209739415453524,0.0035036821347454233,0.0015696818404315918,0.0025564473575640538,0.0022436623916326386,0.0033599110620804364,0.005056875087619342,0.0034461442296419495,0.002129190333670473,0.0026643005252881486,0.0030478721592776693,0.0045101764986575,0.002557057088176949,0.0019900180108230986,0.0021083291871141553,0.0020745956970524963,0.0025448121280396484,0.0026062503649557076,0.0016656280695577887,0.003657073874992762,0.002578693845212359,0.0036128158749459552,0.0018307402181431023,0.0030594677757749475,0.003906936286750859,0.0024171777957530715,0.002423652061041928,0.0024140555357866945,0.0016007180058413013,0.0031069924292817935,0.001523456653830308,0.003616143602257713
3719,0.0029177736209089872,0.00315943852024234,0.0019806384536605274,0.004512839444184338,0.003202322246763627,0.00417743850379316,0.005307354592469379,0.0024421359408402904,0.0029486431980238806,0.004909104067251016,0.0023021374261924282,0.002937486565457946,0.002200585068849118,0.00260662067661123,0.0027049800435946713,0.002675023717384119,0.0026152412624490255,0.002349217498613953,0.002005639901918399,0.0035809033568669365,0.0034812074801120283,0.0025047579630076357,0.005341325717489604,0.002021688064942589,0.0011055432462429436,0.0027399242783458246,0.004292501478732501,0.001969252321939035,0.002088719285062478,0.002659154637247089,0.005028192876303249,0.0018553741587251555,0.005622908488187802,0.0018024165242241247,0.0022819654602743095,0.0008788446072663728,0.0029034390401606416,0.001929803634853155,0.0026904559089843904,0.002203545485816836,0.0018626278826197648,0.0020249561804293967,0.001860308621226011,0.0037040089349907133,0.0030004502970111995,0.004235084805425077,0.0028887127847182195,0.002659618317529142,0.0028455429151922128,0.003876144335168939,0.002744260592168935,0.0016003568029593833,0.0022799061721711683,0.0018340488914933071,0.002660613383471523,0.0017118177040741367,0.0021803103017529607,0.00212929404898608,0.0030931780334998893,0.0024192115742464188,0.00311322223297424,0.00326167473361511,0.0035409922929510733,0.0031720550513342186,0.0025432564837550207,0.0033843760160897733,0.0022782428547428457,0.00224739269605648,0.001864540874321776,0.0035222995313121297,0.0039448340423475624,0.0037841737765530537,0.0015991971497762863,0.002639026555049443,0.00235387107903054,0.003802832919352257,0.005038016428736952,0.0035988174871440823,0.0022660739863914,0.002728137829679537,0.003109009432848544,0.0040560520410529875,0.0024269887068824347,0.0020174709200551652,0.0020931682643759485,0.0021417921214187297,0.0026820491528204236,0.002431214124118904,0.0020093733493968084,0.003861211131326742,0.0027617920894495965,0.003364282397140949,0.0017940288262340268,0.002990797350559532,0.00401470502928164,0.002584899502351718,0.0025079267844290007,0.0024487681254670318,0.0016836350232119607,0.003114577704818749,0.0015354466488917123,0.00372089973579849
3720,0.0026623032862483987,0.002970524345955799,0.001759614051794759,0.004079972948106628,0.002999111625420867,0.0037354731219017496,0.005161182523807082,0.0020591943497309845,0.00262497343507661,0.004451559776075352,0.0021269075214433203,0.0026945643986947517,0.0020591910715091065,0.002474411506945872,0.0026174755768895728,0.0024044025863228175,0.002325928705532048,0.002187557165033757,0.0018167447960715888,0.00336397723700444,0.003212768685914369,0.0022746994737346676,0.004651995573322398,0.0018241205856074907,0.0009574988358399959,0.0026543547277057804,0.004311154000163622,0.0017687024963430348,0.00197988711588828,0.0023447625845419147,0.00460478713942888,0.001915376168497505,0.005377087533452016,0.001742627136981373,0.002108153583390134,0.0007637269917630647,0.002571538529225028,0.00188152492247109,0.0025111155003699104,0.002015003164021032,0.0017813141879768559,0.0017878826793731753,0.001871008744206472,0.003382202432426694,0.002687105694437771,0.004123202662175154,0.002618082768011947,0.002357677801970343,0.002741365942824813,0.00339452826176889,0.0024979908797397345,0.0015996588522815029,0.0021045636787552784,0.001679031110242882,0.0022539508687201906,0.00148008895442924,0.0019997937681327915,0.0018479671878971046,0.002815904225841213,0.0023025972275207856,0.0027439872216496325,0.0030514641586415208,0.003091814862294671,0.00305275861937499,0.002273015151797957,0.003508912586448139,0.002082478960411682,0.0020842343562724117,0.0017501214486998482,0.003006956018135763,0.003548656464783025,0.0033550042261778212,0.0014639035026146779,0.0023861124561182488,0.002200580434422935,0.003677038066403425,0.0046110231752378526,0.003591102547498806,0.0021124001519249335,0.002628817578316193,0.0028229164211206565,0.00361473183456418,0.0022675373462571315,0.00185042602841539,0.0018456132756297632,0.0020132319961266684,0.0023557131591328702,0.0020616051688515232,0.001905553139506938,0.0033582892099035407,0.002581922258979268,0.0031078948669510196,0.0017034809101214373,0.0027032156831216817,0.0038791578243303594,0.002397804428868662,0.0022302688772527454,0.002189084896214464,0.0014904687886538783,0.002755471018890539,0.0015037341696026731,0.0031940654862849353
3721,0.002444158851283211,0.0024047106322248575,0.0015752823476915508,0.003919646445501319,0.002703433203061153,0.0035283333568208847,0.004842243848105262,0.0019532035421947866,0.0023702307809860055,0.004277234709089812,0.0017395991732236055,0.0023030441222134123,0.0018954242209207797,0.0020418774883324943,0.0024680783103155505,0.002158287759370414,0.0022049518370640796,0.001961488062193492,0.0015888795352548995,0.003361600923719906,0.0027197405799075417,0.001972440382053419,0.004067972388095046,0.001851665870734833,0.0008287251633702118,0.0022762968546934893,0.0038200855121100883,0.0016940076817401498,0.001834828654812225,0.001991910361717732,0.004185768567177677,0.0017951967099986885,0.004903115869249808,0.0015371474638570188,0.0019055186248599211,0.0006893226974031469,0.002147888572525256,0.001616234927851036,0.002309885568055625,0.0019454582201634395,0.0016349774908595216,0.0016733736954301403,0.0016761381367498798,0.003079234800294207,0.0024132908738916073,0.00398749043586518,0.002512139963304105,0.0022906421092196002,0.0023763741987026313,0.0026070159892080357,0.002220743703479897,0.001470945665746357,0.0018770873929898854,0.0013953330593769419,0.002016091289615207,0.0013206685982252303,0.0018202814835618746,0.0015093110770839774,0.0024613597864045263,0.002198736930892146,0.002427372968651623,0.0028087392184026894,0.002936787463555624,0.002949344086931089,0.002175726180096671,0.003201467477461761,0.0020103915141753614,0.0020519435467187025,0.001603082095608291,0.0026787753680534666,0.0029863523471669504,0.0035687516077569956,0.001289989813795523,0.0021960040834342223,0.0018336904092335548,0.0030725638067496497,0.0043697879373601175,0.003182827795978663,0.0019462059086961029,0.0024108728359302886,0.002715792282674301,0.0034637103720751286,0.0020705971383612413,0.0016654542577019108,0.0016666905865904455,0.0018754003484074554,0.0022127253719432037,0.0020661492113865226,0.0015629325436052784,0.0030283538247316243,0.0022390807129888334,0.003181625593099777,0.0016130413068900942,0.0025514146870138266,0.0036444016999909574,0.0022783406756913902,0.0020965302976652333,0.0019481241935588771,0.0013397926437919447,0.002473108240437836,0.0013176969126115763,0.002682186601103198
3722,0.0021864814073265584,0.0023155567043961897,0.0014482693305340282,0.003974180631578388,0.0024921506497481193,0.0033035924599250054,0.005006041037864045,0.0018706513661981203,0.0023085835411505275,0.004088270749793244,0.0017261647562117181,0.002256342929985804,0.001694039044541579,0.0019240779502227125,0.0023378644292146146,0.00220185590464275,0.0020991842548314984,0.0018491958971116453,0.0015461831976024626,0.0032339189755826556,0.002580084180865898,0.0018558182435995853,0.0039544466267412365,0.001781113729162168,0.0007874030907169954,0.0020530486694724523,0.00358668392529614,0.001609522871711358,0.001741827866098569,0.0020023260052975185,0.004035077365317002,0.0016965606127247517,0.004649455459481404,0.0014356070182326211,0.0017600528798435411,0.0006701718902255128,0.0021236099824179003,0.0015086033778987573,0.0021553202122162112,0.0018702608163352833,0.0014756540613217834,0.0015051142703083088,0.0015374832277246615,0.0029255228856108224,0.002271871747291546,0.003917251205018011,0.0024536694741484834,0.0019509428479652594,0.0022835813923264637,0.002398702406687818,0.0020180157106681547,0.0013237972792445316,0.0018884201902599543,0.0013439148547670144,0.0020241069591582623,0.0012886584264282465,0.0016833707164861293,0.0013882104861834776,0.0023555387830514795,0.0021360560499639335,0.0024286720229542078,0.002814583444732687,0.0028381321862769363,0.003014798280607456,0.002135416540684458,0.0031273354801204137,0.0019540784918838706,0.001984084264042208,0.0015707599982462653,0.0025811757760220706,0.0028068666722990666,0.0034159303636872277,0.0011913951966409859,0.0019910557765839324,0.001758955720293587,0.0029274361305917356,0.004202901026031336,0.0026534814915879653,0.002042551635519483,0.0023720557158819315,0.0026443718834214367,0.003269923343363846,0.0017917572883610821,0.0015233270745825917,0.0015743513916746334,0.001692948767376449,0.0020787519132249356,0.00171431559473586,0.0014724111345085483,0.0029385994446180733,0.0020068601076310504,0.0032340473021477637,0.0015578405269757473,0.0024774684419761744,0.0035279616892307593,0.002099640293669509,0.0020252233719996,0.0018671452860576543,0.0012714708056829678,0.0023527975329964866,0.0011933721491244804,0.002570041591913501
3723,0.002190622395364934,0.002194204421467538,0.0013835463204022037,0.003889266947629302,0.0026102667084332083,0.0033350939160710366,0.004795025875079402,0.002048647653850803,0.0021574490751120642,0.003905622472015624,0.0017578275510954854,0.0022617647317425466,0.0016476627221453947,0.0020371624709949,0.0022956330700719184,0.0022310650632664506,0.0020591987571967965,0.0018483744665786911,0.001617661518473344,0.0030709925200705446,0.0026245829797080897,0.001879716809956492,0.0038130667370397855,0.001625296415048238,0.0007746468621289065,0.002082826214943911,0.003467609363446908,0.0016184815399528864,0.0017743408834465426,0.002042679425596156,0.004024496837359947,0.00153882515970571,0.0046706385233184124,0.0015303136446509326,0.0017890253719961855,0.0006515666008245853,0.002014819595511129,0.0014815469452911939,0.00214772233007232,0.001808906902584733,0.0014233154331406443,0.001528916803109963,0.0015420995731709253,0.0027480617054173786,0.002278342439924658,0.003934382074152782,0.0025002471769287873,0.0020891446693548244,0.0022937500072591622,0.002441113184974869,0.0019730857585750342,0.0014428521309798686,0.002054311752216613,0.0014103822473044523,0.0020190400196485993,0.0012973766410733097,0.001696230644098217,0.0013909799872120114,0.0022406576177158156,0.002123152708195909,0.0023127041891269277,0.002699647590033867,0.0026891755215614358,0.002918683074209745,0.0020853006947174277,0.0033490972543331176,0.0018919145104012533,0.0019104340449722257,0.0016242924264149243,0.00263486871861353,0.002806979985185268,0.0031188605019957724,0.001229726335284332,0.0019472755140553953,0.001740364277502684,0.002968399421159636,0.004125125138917524,0.002385770124220384,0.0020160113601156745,0.00236524303416422,0.002387102893255214,0.0030098601027265673,0.0017562710017230286,0.0014474854375777048,0.0015341077102196134,0.0016202857727009412,0.0020711618349913796,0.001969885382942955,0.0015088674735337308,0.0027961694473305197,0.0019369444755113331,0.0030699466978836108,0.0015467244810267176,0.002299731907720277,0.003617404980413823,0.0020783439789142447,0.0020356766151611912,0.0018385945963984845,0.0012747312024894268,0.0023742434520270237,0.0011521338816757344,0.0025065289872787827
3724,0.0025915273005390595,0.002714717868063739,0.0017630598007400485,0.004650595656312589,0.0031454128504268,0.00366950062054005,0.005862646094933095,0.0023402377839558497,0.0026035749589571966,0.0046795850783884745,0.002285153487692573,0.0027487092661144003,0.0018020716810146368,0.0024762492074844517,0.0029926811014859096,0.002917135602609041,0.002468983332583149,0.0022072281569061342,0.0019530520634262459,0.003766258608181813,0.0029119037131576067,0.002440963916889632,0.00428360822185742,0.0021217687064384217,0.0009256947945426672,0.0023906816956653617,0.0038081226447898575,0.0018742471873750795,0.0021864001759997064,0.00250875350043154,0.004635425617844674,0.0017329661868347405,0.005239433007278523,0.001736667807112982,0.0020504335746828624,0.0007368591821512286,0.0025388016857686275,0.0017109266929888542,0.0025113644404490877,0.0021320144854188802,0.0016465292626420412,0.0017963503475614039,0.0018012665575250213,0.0031456585197859347,0.0027731623397238715,0.004485433086538875,0.0029979113773466993,0.0027600592703554737,0.002751846982338557,0.00308675818889015,0.0024098129837590945,0.0017089469487187425,0.002467193624467842,0.001852838950132841,0.0024903238619773736,0.001602362298238006,0.002064221023822268,0.0017444262854027445,0.002773668735688759,0.0024842471784813796,0.0027068175309196184,0.003024136171264167,0.003299769801895076,0.003388385325306378,0.0025617552035702355,0.0035398262018956675,0.0021398682500171165,0.002258318049320845,0.001989958811058972,0.003070522067519837,0.003307147004162976,0.0033663970465450986,0.0014631456647834669,0.0024791200615953833,0.0022522083510645315,0.00313004571803479,0.004718273052989757,0.0030441304496051924,0.0022745529932182602,0.002852450012603766,0.002745319467364019,0.003954976928556657,0.0021538945787633428,0.0017123632056252737,0.0019411698303381203,0.0018550361246484398,0.0024988430220685897,0.0024017130259657146,0.0016039454485703803,0.0036080776941208085,0.0022086703027186716,0.003760768079637531,0.0018854032314564143,0.0029354884731066745,0.004233345146205652,0.0023354568590974885,0.0024028097717624266,0.002475844836005167,0.0015391697581759382,0.0028429086772860145,0.0014019478178128651,0.0030569711724839402
3725,0.002558831920939588,0.002459745056383562,0.001689795281632652,0.004642485534038777,0.0032747470600707324,0.0038509786344574507,0.005464952941153071,0.002385474224233556,0.002526376320052678,0.004459632545631008,0.0019139969711628579,0.0026632187527528997,0.0018313264909716887,0.0024179865981955027,0.0028526754079190677,0.002704199781712908,0.0024112027696298393,0.0021005140905171775,0.0018931758627257402,0.0037698098134542404,0.002690790302590432,0.0024692896490987014,0.004096231172402069,0.0021363517483163003,0.0008922640945426786,0.0023058091613706658,0.0034509793017437414,0.001988544712054224,0.0020521312009703255,0.002380625963418652,0.004860718946137166,0.0017026667450915718,0.004793649533796085,0.0015793456682199763,0.0020828090433032,0.0007094093468762806,0.002473521632643005,0.0016148598364853876,0.002375188757929586,0.0020797222676365392,0.0016725747349290942,0.0017808172285788786,0.0018120044849716929,0.0034528711694706005,0.002774619325902409,0.0042392777920967455,0.003072193169633696,0.0025930303976421406,0.0024937496252652566,0.0028055495195333595,0.0023973206705938037,0.0016894615415714198,0.0022644210514136884,0.0019074798579098958,0.0024886545910576315,0.0015595513060483296,0.0019016280117380778,0.0017059269429448875,0.002636284688714408,0.002390139046833936,0.0027598258535691533,0.002716521774540156,0.0032383725623256494,0.003501989159998852,0.0028521187650873045,0.003299846158013933,0.0022309390243138187,0.0020906471758905063,0.0017327789047886762,0.002835995397687684,0.002771295142000267,0.003942094854587063,0.0013823329168827516,0.0023549659222082786,0.0021492196531483223,0.0029566096598690164,0.004691401324475429,0.0028762208862103357,0.002585352969109108,0.0024657265235331523,0.003165124766952728,0.0037645810454036625,0.0021395719471092403,0.0018537864182850978,0.001897837680815291,0.0018671716700122047,0.002535021117388048,0.0025560614802292154,0.0015681212280013463,0.003295985346900564,0.002344150693715783,0.0036418242729334455,0.0020189860232082625,0.002837042434850241,0.004280428280644443,0.0024118392370994727,0.0023408867327473696,0.002559845538935639,0.0014935764984638973,0.0026492806378588902,0.0013064032230494166,0.002970490287267271
3726,0.0024853556803115517,0.0023290973643980855,0.0014907561369338533,0.004115597646144673,0.0030175385524333726,0.0034340138044730685,0.004799572917082326,0.0024458325043078886,0.002373083363703518,0.004143309052249929,0.0017526119979644126,0.0024047230641764342,0.0017930494889673457,0.0021511176167342996,0.002382073614059433,0.002544182820355189,0.002193184694289956,0.001978606879762809,0.0018808017005120321,0.003219844420504098,0.002626940559799627,0.0023726379169672603,0.0036872058552607752,0.0019341350090091199,0.0008242912373451765,0.002351766789120369,0.0032315560322302857,0.001859189289339682,0.0018448843846474558,0.0021486761774283034,0.004522233366523672,0.0016024162518413069,0.004845994232934637,0.001535927408930073,0.0019107446977307521,0.0006624395136307698,0.0022452545711578865,0.0014708287534241694,0.002137229194616851,0.001982244633236971,0.0015839109182686072,0.001636047411176924,0.0017254513176756807,0.003163646940682059,0.0026687141099700686,0.0040152779569332135,0.002769537673590756,0.00253260638280002,0.0022575373759238606,0.0027827832217007195,0.002318756086203539,0.0016215543107007738,0.002329822167343268,0.001778238025021627,0.0025345594219993695,0.001382004968156645,0.0017353099042219195,0.001647293954343139,0.0024277957868790775,0.002315524909431403,0.002516102102428573,0.0026258049939321608,0.0028687358101221173,0.0033517189869218915,0.0026650005828984472,0.0032656318550365816,0.002058547932246375,0.002047207965881332,0.001468101412485417,0.0028639083536595405,0.0026579069538850354,0.003948977426490914,0.0012959523895506066,0.0023493972085793036,0.001959125991754836,0.0027561918304254258,0.004378856657136866,0.002770541473235432,0.00234021630155995,0.002285796418819145,0.0029913200520035794,0.003331085932934666,0.0019338048186083407,0.0016999666757844959,0.0017713260428544413,0.0017726984663851053,0.0024571436193986038,0.002292524396640435,0.0013256647063625625,0.0033071560938711525,0.0022152487051590856,0.003428872346292322,0.0018531137933218845,0.0024563723244349304,0.004234060342830997,0.0022746928159006197,0.002251341229287629,0.0022873762085129827,0.0014888205459358775,0.002422742646325413,0.0013484749877673175,0.0028703306450410765
3727,0.002662780859909,0.0024254347186988393,0.001662946608147735,0.004377239535911363,0.003195455859386962,0.0038896472268768446,0.00486334194101874,0.0026609931009078415,0.0025634297046075684,0.00426429303077506,0.0018615080231799799,0.0028108278416635185,0.0019224742764907016,0.002248839042836712,0.0026575503785528946,0.002714884326408712,0.002361027852921051,0.002193010258059017,0.001995692004583065,0.003462364346892638,0.0029204227682563355,0.002588463393833494,0.004003272522104695,0.0019584691514566194,0.0009174667451589764,0.0027674091778056827,0.0038235499107579563,0.0018395694374648765,0.0020412321332815187,0.002347588811550273,0.004835173696468665,0.0016736026535178379,0.0049200325331725725,0.001637916457752049,0.0020826917774632394,0.0007215056364464157,0.0022679058635118403,0.0015764327819321336,0.0024299393679961256,0.002158643431128764,0.0017706501943503988,0.001855806250209013,0.001809976902361975,0.0031963726193495025,0.0029870462847836157,0.00423193251627635,0.0029501325449078036,0.0029872166347230866,0.0024066584370025885,0.003152502431355323,0.0026632886130274237,0.0018176145876851592,0.0025981059744068762,0.001961810277604759,0.0026541680253728893,0.0014080097459935144,0.001962835351437416,0.0019148536691871183,0.0027255871190136035,0.0024754911949137247,0.002636192559001682,0.002820835861280226,0.0032833228930315363,0.0035780408115349167,0.002786395336736461,0.0034223159467101946,0.002211932369983876,0.0021869869593332293,0.0015315507438942344,0.003014880529237037,0.0031848281717560436,0.0038087699684175363,0.0015281999697535408,0.002601744574853037,0.0020921268084978886,0.0029880423726711576,0.00459254366938166,0.0034206594905315238,0.0024653537841000245,0.002382973349387165,0.003172365767823761,0.003862651283830354,0.002135437209470497,0.0019172910854654052,0.001882157141570875,0.0019311370009142976,0.002757314456397013,0.0026950038428122567,0.0014073661725439955,0.0036005185209184907,0.0025030225410952547,0.003505197435286821,0.002032787248242826,0.0025427791924282684,0.004593959492319659,0.0024049717922978954,0.0023520653722047674,0.002452559564768998,0.0016056901458764584,0.0027578390122566902,0.0015131497593105965,0.003144651267860387
3728,0.002808230103358936,0.0027616143721602136,0.0018891719704574271,0.0046609296048784775,0.003300770472238665,0.004087873738489222,0.004719054643290716,0.002554483010677589,0.0026833293589490713,0.004170581140432027,0.002011115564402474,0.003129356579463879,0.002091055636842123,0.002498310575253913,0.0028485250205739074,0.0027731902225898207,0.002503069424247322,0.002252075356833873,0.002066073072971173,0.0038032165548369575,0.003049263063914248,0.0028751591470579955,0.004407689220518291,0.002083418476828264,0.0010062234793844194,0.002782236479947286,0.004235225560519276,0.0019322211566886658,0.0022047148962827876,0.0024938743473403866,0.00506859326488707,0.0018056858594177184,0.00490072137167473,0.0016827064847068963,0.0022422481260248603,0.0008314065115624893,0.0023976953414545795,0.0016521663344032328,0.0025218384092075383,0.0022070758672759778,0.0019333364384051409,0.0019736321609536084,0.0019514636270423927,0.003434950401290031,0.0032102236277489174,0.004032009499246997,0.0029065845100557253,0.0031412499303401283,0.0025250002724394012,0.003453219578519468,0.002802823490223089,0.0018342320975112414,0.0026137065386352748,0.00209495874772848,0.002691383731069707,0.001402416274857752,0.0020989753748456488,0.0020865717139349847,0.0029068419753505203,0.0024774692957608363,0.0027765185219820023,0.003047710311840618,0.0033802518827003663,0.0036015557319085136,0.0029066368957939345,0.0036054166605879157,0.0023005590458448993,0.0022723921824803787,0.0016580067392885298,0.003182049883381559,0.0032644985040406428,0.004159321324130156,0.0016453238761351273,0.002790037209328411,0.0021828410419562788,0.003079709608295883,0.004969398987812942,0.003824519122161149,0.0025577608666066216,0.0023619647291946854,0.003482870020723591,0.00427008799504811,0.0023139097067311136,0.0021940178486906194,0.002105881269768404,0.00218962276564114,0.0029890912126256833,0.0026524841715774533,0.0015303411307258379,0.003922389709490567,0.002950349305634465,0.0034113714484191563,0.002199359778560252,0.0026653410987096575,0.004584598928925608,0.002626737985291654,0.0024375288053133997,0.0025173730722798833,0.0016834243182021014,0.003113596220584723,0.0015830136857515368,0.003393714496926571
3729,0.002545762414053904,0.0023971841865032656,0.001627346364023738,0.004321232244856685,0.002733733508611332,0.0035178677991556575,0.004430681006232942,0.0022481962469672267,0.002388033615256879,0.003836677789168233,0.0016676101741677793,0.0028915134016482933,0.0019138367122104533,0.002180718325481382,0.002396108108980228,0.002531805820461175,0.0022907495019630726,0.001975304368355431,0.0019168724932288991,0.003405949258369877,0.0026440620626513455,0.002346855913312281,0.004270384779869087,0.0018265805482075102,0.0008923646469637243,0.0024419399023126852,0.004013138846449527,0.0017291749879962905,0.0019932837914373703,0.0022289570521925187,0.004730705726250285,0.0015192443879397644,0.004526320870831571,0.001632164852212094,0.0020749869314865845,0.0007497837031995835,0.0020887774594585333,0.001493101421275818,0.0022240004918128646,0.0022156236904273133,0.0016715611510745461,0.0017587715254875646,0.0016898837614022738,0.0032153055453461124,0.0027293732112671047,0.0034635641805545246,0.0025959049509947127,0.002654391456396611,0.0023193883295979235,0.0029586644054055565,0.002445281885513087,0.0016570330801539436,0.002320341087072011,0.001726035051816202,0.002327109302760678,0.0013425146230220718,0.0019250600916802117,0.0017698943289565288,0.0026748643349210344,0.00211031090356856,0.0024883196255680346,0.002892043321835452,0.0032566525367663393,0.003033020315835919,0.0025178857969423143,0.003144193543232072,0.0020812517530281564,0.002022666205876644,0.0015851583700113002,0.002731957854320325,0.002953460441697269,0.0036614137736972704,0.0014574790785877186,0.002413041277682297,0.0017387339137437934,0.0027782938125208694,0.004880359032001721,0.0031197490358941893,0.002334820359405739,0.0020433809609837162,0.0031071339993114346,0.003623442520321223,0.0020950267122283265,0.0018245857212290072,0.0018377696524810398,0.001980051414276376,0.0026780547647185056,0.002283972826959363,0.0013696687740126056,0.0034647829594470826,0.0025125158421735235,0.0032142523223879513,0.0018459258915115323,0.002317336404994733,0.003929852497306205,0.002383100624155004,0.002218092020275442,0.0020886895484314525,0.0014321163294207927,0.002805678581889956,0.0012535280731622066,0.003037521990987577
3730,0.0028552151935384096,0.002520060922797925,0.001857359442736418,0.0047805251883715205,0.0030395689758674544,0.003927291142516357,0.005112678024821463,0.0022520873051690166,0.002843264863974561,0.004338965188475962,0.00198347634108687,0.003333157863824711,0.002210157709039999,0.002378676655030815,0.0026474358059330122,0.0029000696671652483,0.002454302212751628,0.0022789584672996627,0.002114876640377897,0.0036453608472370247,0.002900687209086015,0.002712504792326641,0.005230869555535268,0.0019812366821961506,0.0010028111483237098,0.0027544298605253876,0.004613075893407533,0.0018120904242224416,0.0021275386875647755,0.0024345995163217275,0.004806728975387417,0.00171503129225136,0.0050042868360389865,0.0018224253496552368,0.002354598826427893,0.0008171866917487152,0.0024127701058436917,0.0016103645195093713,0.002629047454332567,0.002374468618179309,0.0018024353204763885,0.001908855312744066,0.0017555389734203151,0.003274156457396063,0.002996258742390318,0.004119581343570099,0.002742457412521853,0.0029011749873545426,0.00255366310854756,0.00331757325104082,0.0027015659673186934,0.0019096485301291334,0.002511082952282893,0.0018841645748507857,0.0026588235439924017,0.0014849828334726263,0.0021167881786291545,0.002086622229155592,0.0029956511661892947,0.002183459942864992,0.0027685763911458865,0.0031651839292692217,0.0037801666849059663,0.0032808548351341456,0.002713283382113982,0.0036626743927382858,0.002296431508390809,0.002210186781815808,0.001968546012380627,0.0031752236616584798,0.003399914869185168,0.003926773164224646,0.001683354575068899,0.002563376959768099,0.0019638561787045854,0.0033188216769023515,0.005182036244321313,0.003409519126909809,0.0025221044825952045,0.0022663116037928985,0.003245064083861801,0.0037794048209237813,0.0022685696221429403,0.0018846722376968759,0.002064434989295057,0.002473848066684492,0.0030148884462654867,0.0024791110792657303,0.0015483786900870986,0.0037753729319003875,0.0027287139543346333,0.0035133073410857085,0.0019779411313831812,0.0027913368256366877,0.004180925352258822,0.002721218057199952,0.0024343699735261846,0.002260290001863636,0.0015831156443173653,0.0031192211710633984,0.0014363454743087068,0.0034016408227751844
3731,0.0032366046618030595,0.003055949669039597,0.0022239949897414615,0.00505936663593932,0.00334191504528805,0.004911189017466554,0.005598342016055851,0.0024096741012212338,0.0031877677113026598,0.005178885880109375,0.002487458360854257,0.003979035124100718,0.0023721340284327424,0.0031222251870467554,0.0029336321027799406,0.0031438063009321766,0.0028201449101632066,0.0025351130488158054,0.00224655153478091,0.003917733932918831,0.0033920222674928336,0.0032133311427290723,0.006093498323853321,0.0021166270642625157,0.0011861650587091364,0.003183119257425711,0.004791855670075435,0.001946675689044054,0.002344794246545597,0.002839044555535877,0.005326597862118327,0.0019233575813486898,0.005271101404472441,0.002022874392897283,0.0026001689415943927,0.0009726437016628944,0.0026744193457280733,0.0019340805522103045,0.0030115622457109756,0.0024799046331529574,0.0019767537769094373,0.0021097235943238137,0.0019521322104533547,0.003632184495766243,0.00344300507788331,0.0045194735768131124,0.0031259273984917397,0.00296847668216093,0.0029563816729705505,0.00401527086913972,0.0029212071790860293,0.002059630515456721,0.0028376225137274973,0.002228947177343477,0.0029667562237899224,0.0015584191305632624,0.0023964039203337594,0.002407585381845353,0.003179652161305523,0.0025557676323455197,0.0031620114527274082,0.0034240636133304457,0.004325231879982955,0.003585351858133428,0.0029275268170028657,0.003965404693832942,0.002547347645545459,0.002449731057822837,0.0021108652080716246,0.004144050803323091,0.003939813937959175,0.004240014170534549,0.0018693738434441077,0.002781641358672273,0.0023242474758202424,0.004085212303728181,0.005486153346033466,0.004256562873115213,0.002585012975510942,0.0027078877331929885,0.003255589684667573,0.004087785657630474,0.0025911059080228546,0.0021259700793855914,0.002255435027457883,0.002550434386169799,0.003264574514583889,0.0029329799424078597,0.002108995772876517,0.004215567615609243,0.003127771333132411,0.0035625821091689464,0.0020878110993792338,0.003187026499288559,0.004321469480377767,0.0029936202303973425,0.002677040048307922,0.0025465898613891173,0.0017829655989444798,0.0036080539135439466,0.001519995845214624,0.0041684019089960524
3732,0.003389323653376774,0.003215158861833145,0.0021000088094113517,0.004745053617138007,0.0031224451262758424,0.004758074438469901,0.005625415899386216,0.0024051970502292123,0.003194956549406509,0.005005630921977236,0.002619466539348281,0.003869327191522666,0.00239411056077488,0.0031641852968905372,0.002844756367005036,0.0029789075174071,0.0027561137121415503,0.0024631477346241386,0.0022408024072523296,0.003840231751298324,0.003404412631940892,0.0031823669428880487,0.005818281891711993,0.0021088087106581025,0.0012449607183332855,0.0030293985034143306,0.004452447689345941,0.0020081793423247373,0.0021562811898703563,0.0028360463228738974,0.005288371493754186,0.001974183900744423,0.005423023162537171,0.0020487664778020454,0.002584905793520833,0.001021197112480169,0.0027787402651536677,0.0019181948149143704,0.0028799951583366916,0.002520579356955017,0.0019024019235370278,0.002069619598741418,0.0019882871783541652,0.003638915166673972,0.003310075928201527,0.004231536427250206,0.0030837782418016153,0.0030100723837737545,0.0029790008325274223,0.004034588132087122,0.0027861520193399993,0.0019781557824690415,0.0027776478486476164,0.0022004090725736133,0.002806864547956758,0.0016858353902870623,0.0024192198702910287,0.0023002552832658723,0.0032183624360833203,0.0024522021917291006,0.0029820831985101115,0.0033325370369170094,0.0040661587099907375,0.0035898543914958977,0.0028353925835807796,0.003859946061638839,0.0025467370722679857,0.002435484493586759,0.002051812400209787,0.004305411588919468,0.0037801718920306452,0.004287373239662061,0.0018147392173948778,0.0027357632191072536,0.0023777693285047417,0.004146995788971052,0.005624016533741532,0.0038171180385420276,0.0025320820272087476,0.0026752604639223784,0.00303365790801383,0.0038336296089805607,0.0027032070672808758,0.002111921328276628,0.002247107442249298,0.0025804342830164292,0.0031884215593782996,0.0032685284601388343,0.002215727920887121,0.004309708080558983,0.0032807031905542987,0.003368640678278672,0.001939122798363435,0.0032614319195040744,0.004165858731030955,0.0029851769345938307,0.0026943033696343135,0.0025261328765267504,0.0017641283966034742,0.0035688669147204122,0.001477747658580853,0.0041586881466156465
3733,0.0033116135991924905,0.0030754766479520364,0.0020053863974693353,0.004873455851089127,0.0030873263327582372,0.004665212666091939,0.005859461673742349,0.002475953571196768,0.0032099195085697205,0.004523068043872337,0.002363796736723852,0.0036762277472534017,0.002316563337580296,0.002768625920098623,0.002632918621274552,0.0029951162071882157,0.002602788456349589,0.0024264978246827853,0.0021167947674266994,0.0036288254701946753,0.003243270097887829,0.002903262155024206,0.005404443003041924,0.0021152359721363792,0.0011647620788455782,0.0029319078171337843,0.004116131922119572,0.0019713114710925967,0.002242336237326879,0.0026130440294172747,0.005112157841886177,0.002081159537741483,0.005452657018512908,0.0019907558131122467,0.0025507224476730823,0.0009343935368718485,0.0025902771228728597,0.0018679391705323243,0.0027404571510642782,0.002476811818520044,0.0018150812926446545,0.001994578236849299,0.001982211904233357,0.0034262008183192473,0.0029798343381265057,0.004424649071482988,0.0028200406604624276,0.003079153725792063,0.0029502036766355876,0.0036958164051759342,0.002763934274139951,0.0019003904766227535,0.00259494415670431,0.0021000569395872503,0.0027676118928799394,0.0016642874523506046,0.0023034523270960014,0.0022776414864026607,0.0032150447133468315,0.002420039286381664,0.0028854144993257324,0.0032130716368828907,0.004101625335032935,0.003520466630276629,0.002896966065873662,0.0038737344929590032,0.00246703907683494,0.0024070481142599923,0.0018169910957296204,0.0039343320604348095,0.00388151796889801,0.003932890358210187,0.0017801913188856655,0.002563808523292863,0.0023245021995561173,0.004092506971375289,0.005363135017613353,0.003671171498655618,0.002443264898235464,0.002862682597074182,0.0030688007966772897,0.0039285884779673074,0.0024856465274650714,0.0020470274570377196,0.0021330217034955744,0.0025721424358038526,0.0030843571092133955,0.003127604443601993,0.0020643379228089047,0.004090080488056889,0.003215806773913539,0.0033158140954778403,0.001870672788715668,0.003331793917203004,0.0040608404476705755,0.0028314704912455694,0.002628487730035138,0.0024941521872969743,0.001677022191011036,0.003296332239248716,0.001457789606926038,0.004106312895859653
3734,0.0030424222096046495,0.0027977860819813887,0.001997046823005231,0.0042720284957488254,0.002978716234287307,0.004482264800196253,0.004970766654944538,0.0022163572195709976,0.003049904264014848,0.004533941794666291,0.002161163561740871,0.0033429255733199207,0.0022285930971702875,0.002645392640519496,0.0024471538183507453,0.0027234934200039505,0.0022030285548737486,0.002381092481143216,0.0021462877188795568,0.0034106207508605908,0.003135759248225344,0.0025565525330204673,0.004965619395590565,0.0018464199189094166,0.0010859571565864086,0.002653241185944817,0.003552677156992217,0.0019197217818725605,0.0020491725403301965,0.0025243281893044867,0.0049974266751741025,0.0021293357975686695,0.005450682491250532,0.0018113706684959716,0.0023371422734536013,0.0008881435460320778,0.002427857652978193,0.001991285407566931,0.002603170349845886,0.0022188519361830365,0.0017054158930583513,0.0019309495741496319,0.0019066835616001912,0.003230457374035186,0.0028834871441811086,0.00434167607685681,0.0026774669928420567,0.003001542417923819,0.0026573722148397834,0.0032816840102544995,0.002781218246024029,0.0017513422549750948,0.002246711659226577,0.0020371552218182835,0.002395935243829294,0.0014198959708030025,0.002079794371899332,0.002177274220303171,0.0029090886325558265,0.0024790783441375076,0.0028286724136458814,0.003192161434399,0.0038204507438619416,0.0034409894784537096,0.0028738715772995142,0.0037661902427874733,0.0021977496032447273,0.002213747607203156,0.0016188305494111432,0.0035740095642668914,0.0035772879515060738,0.0040662712868882,0.0016920637537810596,0.002414073627730317,0.002365923470729142,0.004188228486992303,0.004953958835779751,0.0036986105060411393,0.0026763836886040202,0.0026833327879724786,0.0028478905563265712,0.0036857162569682487,0.002351255271953757,0.001998179000878557,0.001903897950721517,0.0023890717918565976,0.002919958468203608,0.003020289738243873,0.0019842544441739662,0.003936620528557535,0.003144622611352195,0.0028656269244874905,0.001777911402473929,0.003265551401354253,0.004063234150713421,0.0026914628175014528,0.0024462014996635057,0.0023644045667472135,0.0016520848216033902,0.003099666787227693,0.0014560350154916317,0.0035955349333821576
3735,0.0029143778020966587,0.002741111855973976,0.0018868716116919523,0.003854124262833465,0.002697581677938928,0.003963420807468808,0.0047154508701670525,0.002123682676628998,0.002721564749342524,0.004325916609495724,0.002012677982611113,0.002991129021220948,0.0019811220208594224,0.002445205155915124,0.0022978106090022045,0.0024313993292781767,0.002102776737542668,0.0022307968381245487,0.0020454700864824486,0.0031956629670348417,0.0029978720376287607,0.002274598631220509,0.004582887445923182,0.0016557739453367023,0.0010375886775895865,0.002541954656561878,0.0032481850804918226,0.0017810066449735974,0.0019553504113530413,0.002359080725071123,0.004822010732242717,0.0019933315726588905,0.005317785025312236,0.001712950209720622,0.0021793559587219877,0.0008834416281667941,0.0022561777476179847,0.001995421793480606,0.002486630585174945,0.0021041446882290615,0.0015502545044354039,0.0018590402571411542,0.0017943767505033798,0.003125836029932136,0.0026329648186588935,0.00397253155475854,0.0027464003365202353,0.0026460498918262085,0.0024750133992197023,0.002996147659474539,0.002664294170901106,0.0016031099452889354,0.0021725979936764246,0.0019466168052746534,0.002121992565928625,0.0013504138788856558,0.0019895852988936345,0.0020198831184639484,0.002698896422755436,0.0024745411000529384,0.002595145940492287,0.0031943010073774945,0.0035660719287115457,0.003173543895506401,0.002618183086317753,0.003197489940594114,0.0020083855188077005,0.002124429976165975,0.0015111445962333414,0.003308486320454359,0.003386367478947444,0.0037519449387367738,0.0015318074266059646,0.0022960126923832424,0.00228537216370184,0.003948885153453551,0.004805694181195938,0.003450110318521219,0.002819104464179007,0.002664539414182967,0.0025138523079493344,0.0035839318581211577,0.0023771795965236756,0.0020729415825100654,0.0018017566368683695,0.0020333101176245945,0.002624040479436438,0.0031150040475005597,0.0018513718759156595,0.004071334465186151,0.0030373217752246045,0.002539375306099281,0.0016547131631504844,0.0030463390856536074,0.0038712077518927852,0.0023207082024818484,0.0022558106859097895,0.002254556135328512,0.001476194206009525,0.002916808285413194,0.0013580204007088137,0.003283965890406749
3736,0.002621429608415109,0.002398233826045594,0.00177743348898257,0.003511800051626639,0.002583202414666369,0.0034621807186010272,0.004358664620136181,0.0018789968449523515,0.0022596949122289027,0.003579292868527274,0.0017738770123444552,0.0026122848757643706,0.001790318925771419,0.0021793523912358023,0.002204201763123998,0.002228800928707276,0.0018166742303914263,0.0019886322815479513,0.001841222835383604,0.003010259792152839,0.0026181622688307943,0.002052954143823876,0.004327736109159626,0.0014860256928691381,0.0009526894158386489,0.0022812659970047936,0.0030478392921154617,0.0016995127936141486,0.0018277016173938844,0.0021529079768260887,0.004470265405268166,0.001968625516291114,0.005196919032282069,0.0015712778792282471,0.0020357278751321674,0.0008090850839251525,0.002085719110770415,0.0019195239713656362,0.0022617414945919198,0.0019770343709746246,0.0014149781243359058,0.0016810788973843453,0.0016622624105769475,0.0029895809315695493,0.002384325951137878,0.0037731673549402794,0.002511580980438651,0.0024970947012102397,0.0022533493690958277,0.002620390733604041,0.0025561039381451385,0.001477023069601722,0.0019472383602761577,0.00179367537891885,0.001941915861603924,0.0012459501582571383,0.0018918425532168488,0.001745814254136161,0.0026252808472393505,0.0022800160007731343,0.002422466412009262,0.002862930036760103,0.0030610248234853006,0.0030543457119560536,0.002332709731905667,0.0029111584603260113,0.0018429254477586251,0.0019054262654198096,0.001502054411437228,0.0029064274325329804,0.003159103963611161,0.003490379832973963,0.0014453923306191703,0.002121489626295467,0.0020832229074512106,0.0035283979357318153,0.004723196043807092,0.0028398955950257815,0.002517366937365077,0.0023410396414049735,0.0022781063353213608,0.003107128212012559,0.002128195994256079,0.0018732176452779786,0.0016671664389325085,0.00190156903946855,0.002429470442545298,0.0026144715749065565,0.001541080672366811,0.003630181530731558,0.0028058845859115673,0.0023581780711384864,0.001596978020551158,0.0028167045332723427,0.0036537024035106255,0.0021196948583680486,0.002087444805776112,0.0021706664087406268,0.001270839124393285,0.0026277466584048656,0.0012588290148958792,0.002817189548169354
3737,0.002471881425728241,0.0021746863817484097,0.0017781125364363204,0.003449245923950257,0.0026739377390466103,0.0033912501925017872,0.004021127819495955,0.00168752347452921,0.002123681495743218,0.0034630731088661176,0.0016082376190184988,0.0023305665038545562,0.0016900700785513244,0.002068853579028245,0.0019752404288282586,0.002220356049236857,0.0016848269770792172,0.0019108368218638749,0.0016809164451190664,0.0028560632905330597,0.002389222545066407,0.001906578375624645,0.004007645982663704,0.0014117355809606014,0.0008681906336629533,0.002113546187493563,0.002922155408312489,0.0015919698548924886,0.0017998415886113486,0.002031287055997615,0.004446458407702411,0.001970941602736551,0.004736070155641046,0.0015388375830608944,0.0018680142656860587,0.00075051404600403,0.0018406122268832517,0.0020149507755826907,0.00217231829359863,0.0018371326326759691,0.0013950999052129355,0.0016131048834588295,0.0016294360157186635,0.002859760927326826,0.0023500273393819216,0.003597368122421854,0.0024607503273935886,0.002295788300779119,0.0021634832833028663,0.0024003689658269483,0.0023981012455924003,0.0014010996304744565,0.0017424357872687587,0.001697530773826311,0.0018222496189373594,0.0011409482360562897,0.0017477961254021587,0.0017270967312032375,0.0024066023553542685,0.0022381354356211225,0.0024407781523272756,0.0028221302165982584,0.002843639571649246,0.0029990603936905073,0.002251064792280118,0.002727481749127612,0.0017255066344167287,0.0018989336467632623,0.001374717542825593,0.002593989661600846,0.002854336971099857,0.00333381640383657,0.0013386529914941596,0.0020489105249231715,0.002034628360766159,0.0033297707829083585,0.004377078018055284,0.002808207348676143,0.0024259861775498184,0.002137520381229117,0.002084216036406801,0.0030417362117308175,0.0019351349165032004,0.0017605455300657605,0.0015890511541281186,0.001773876596284498,0.0023609771839016892,0.0024066343511740295,0.0014971840825520942,0.003194243611768013,0.0024665829651450803,0.002265521962110639,0.0015364845260040381,0.002649419856868409,0.0034924428160449505,0.0020014743225797186,0.0019875626015436734,0.002112025862097254,0.0012746261414922008,0.0024720366970103916,0.0012286853373938208,0.002585428634028157
3738,0.0029180794724889656,0.0027920031200547347,0.0021747794824126753,0.004034401360853127,0.003246401655535296,0.004091353162874233,0.0047824163689504165,0.0020018028127528615,0.0026191465617599404,0.004838379570050477,0.0020938049778025094,0.0029497358146536104,0.0019258695425311038,0.002620552141384868,0.0024989223104571754,0.0026378071454746456,0.0020304792549474702,0.0022351501104133685,0.0019615504830036465,0.0035387728742222384,0.0030329995783360234,0.0023855190557812694,0.004646859324602635,0.0015990193467247818,0.001019473657894424,0.0026272245420211585,0.0035741668520603547,0.0017513525898644959,0.001893023983215879,0.002540162410264727,0.005185195098408926,0.0022004331882759308,0.0055355389687840265,0.0017981111540704806,0.0021402803093594765,0.0008156667531906677,0.002193934214304674,0.0023906410682456415,0.002626292080860151,0.0020791513097497293,0.0016603782141540624,0.0018878987901917433,0.0019453773515978325,0.003539214655171426,0.0030462964274613003,0.004176822145731896,0.0032196061637857027,0.0025143806897883884,0.0024734518197052973,0.002994595283049429,0.002637492432500768,0.001661091393300457,0.002185161503049661,0.0020552097697175507,0.002195108498699602,0.0013434642896320952,0.0021180613260812584,0.002209895159753972,0.0027690860549919585,0.0026545958834183255,0.0028517358721544274,0.0031334264909305444,0.0035573014124223733,0.003431994460073276,0.002530029487009577,0.0033419048530867654,0.002036149368475602,0.0021093616168827204,0.0017411642846244628,0.003567933573110262,0.0034276691851484716,0.004023022291605872,0.0015769620060500722,0.0024287273951738063,0.002429550987960129,0.00394329954897293,0.005145821323596934,0.003926243265575344,0.0026758264827872035,0.0026043656852043485,0.002559762347046689,0.0037967570099020614,0.0024022284666321268,0.0020240510460200734,0.0018972432348670072,0.00197024486260438,0.002783337169575929,0.002709145725265664,0.0020721190269315836,0.004000974175735846,0.002707928350419737,0.0027394934194883186,0.0018761407692071523,0.00312035967013156,0.004292417392799376,0.0023582664858437198,0.0023540665769554497,0.002620709919340728,0.001564084420733986,0.0029627109010144444,0.0013879301320831223,0.003113102183298734
3739,0.0029089982578598367,0.0025522452867177367,0.002052514146203472,0.0042152408463679335,0.0034595740508754657,0.003996499351629203,0.005116616661684087,0.0019667556200135146,0.0025480528227673346,0.004525546219677543,0.001866089096717132,0.0027076974410220195,0.0018668948847092913,0.0024727402861076547,0.0025570252816603696,0.0025907468147428315,0.0021429871996220995,0.0021184742060392702,0.0018614701656077127,0.0033923271319057625,0.0029080799875556753,0.0025197477869432373,0.004737713659862545,0.001752111670895897,0.0009480215077387266,0.0025369833099168765,0.0034441137442764937,0.0017340761535272525,0.0018612696773353682,0.002338201027069651,0.00471200709337402,0.0025671132234373318,0.00531705130416359,0.0017380902222258572,0.0022675700074696525,0.000743148992373017,0.0021082748455002217,0.0022307987789575655,0.002742145924689726,0.0019895637400487334,0.0017729245762827764,0.001840847491855688,0.002041557121010221,0.0034660124968079894,0.0028540592943282644,0.004160302014634514,0.003237739186720886,0.002024813085802371,0.002524876395595839,0.00292764163292851,0.002556827097769848,0.0017008881437499826,0.0021008595418063104,0.00202812884556005,0.0024119205295907503,0.001353038552602038,0.001994141018377613,0.0020759939323925754,0.0026597040110661525,0.0024419640200007316,0.0030897651124283812,0.0029428040568334544,0.003478012334341851,0.0035357022298226942,0.0025794447895163327,0.00341963817972131,0.002155129880053674,0.002043032295172963,0.0017513821785080904,0.0034441018769080776,0.0032889854780966377,0.0035029070795512783,0.0016548481636529894,0.002345364035407674,0.002231514217513152,0.0038231131702177465,0.004950986838238178,0.003602064420318918,0.0024458399205309045,0.002369987442540006,0.0027066938094311866,0.0038287410486606286,0.0021875833425543958,0.0020061984650339483,0.0019194634734306406,0.00193975691869044,0.0026262921758713675,0.002678574996900874,0.002020346778324937,0.0037733006438975822,0.0027264282553424893,0.0026939551595455712,0.0019856044104909908,0.0028990872438852135,0.00414356566944877,0.002335250191646628,0.0023751950207433234,0.0025819240674278053,0.0013986975028947224,0.0028362477802779075,0.001382753589860029,0.003170177927043711
3740,0.0027940629586149252,0.0023360202576825197,0.0019565598961986982,0.0038396943089469924,0.003224612923025142,0.003664312887376905,0.004859257655361934,0.0019523165655442455,0.002354424769657052,0.004043217173463984,0.0017630501954616516,0.002564139338068898,0.0017781970355011157,0.002383391532232327,0.0023510043042659482,0.002485392170427994,0.001961602458046437,0.0020277433813625312,0.0017268271265148954,0.0031274787486464434,0.0024422632541127743,0.002358883070307586,0.004489714907552178,0.001671806540048047,0.0009308329880530825,0.002291948375136495,0.0032042517046689547,0.0016758841660559,0.0016962876216987312,0.0021420632020422345,0.004679499876556497,0.0025047141698561737,0.005062336702378043,0.0017145058912652724,0.0020818381638271115,0.0007268520869861752,0.0019673843827426162,0.001993679323839414,0.002538503729960239,0.0018788386665496654,0.001657274781082037,0.0017179272646690915,0.0018914806398182523,0.0032290766438169893,0.002714928929356855,0.004048025949533825,0.002879244947073421,0.0020702063483567226,0.002391404025157694,0.0027547870269761998,0.0023491115121050173,0.0015978536658226284,0.002057629659373141,0.001862992418057613,0.002359249639804241,0.001263206089942615,0.0018981149444369683,0.0019754006899082065,0.002513238405759615,0.0024132076592669784,0.0029727071870762063,0.002747356583313759,0.0030737182189388783,0.003319849972845073,0.002460789095754477,0.003236559069077532,0.0019887943550701177,0.002025056470719785,0.0015269973472121375,0.003085612493884483,0.00320629632947526,0.003341171695582956,0.0015855542336617626,0.0024356337102209445,0.002086404721865274,0.003610006807152572,0.0047951116402229306,0.0035349555867498685,0.0022963058779510597,0.002202917683846427,0.00249165037801792,0.003507762809820884,0.001969422761088573,0.0018162407294302918,0.0018420785876786595,0.0018690872059743578,0.0025386704427912367,0.0025175480559714272,0.0017991551647122883,0.003495821126853822,0.0025794167379900603,0.0026193074418488517,0.0017402499175205412,0.002662234039449233,0.00381905387366715,0.0022393998425598786,0.002254342932020723,0.002447624130137815,0.001342731553249237,0.0026373934569972612,0.001342780031050269,0.0029909523331456676
3741,0.002859959430349073,0.002588138809802089,0.0018030164663284413,0.003933540052173997,0.0031633146106962466,0.0036646953235032627,0.004769109854096491,0.002081377838598052,0.0022959971606233785,0.004010612605624838,0.0018134402443705498,0.0026143237643350284,0.0018700549524645273,0.0023387402835200743,0.002276791452646711,0.0026299562705113925,0.001990975426575707,0.0022012492983732087,0.0018251047963644183,0.0031256789162857224,0.002593636755447099,0.0024384574606991015,0.004214221127413247,0.0017970749373164097,0.0009832298694233818,0.002197976954041234,0.003326841695665813,0.0017076834230046825,0.001694275602051115,0.002203866348864152,0.004998510407541322,0.0023107981766805944,0.004733153120572488,0.0018081037604104687,0.0021575488101829247,0.0007744542441417472,0.00208157856460058,0.0018824002124793486,0.0025836957096792208,0.001839042631752523,0.0017114468376910636,0.0018069913535974206,0.0018882832063381256,0.003283371780158529,0.0029195554971283215,0.003954128084141263,0.002849728603715158,0.002005309604907065,0.002532198472552381,0.002913535788047133,0.0023681003669699554,0.0016397002664198872,0.0020882651338760237,0.0018512457502688632,0.0022927371010424934,0.0012690212128430931,0.0019315418363568411,0.002144069050887462,0.0025341015056924996,0.0022999097256481537,0.002816710711988878,0.0027247547298936865,0.003283928190906062,0.003210476115864156,0.0023683796751959147,0.0032824210134094647,0.002038143862454181,0.0020245687217624584,0.001505297912730112,0.002816351339810924,0.0030946555171791007,0.003160501706672347,0.0015775423459446977,0.002421734593210514,0.0022405733985950667,0.0038335425330279327,0.00466061949610201,0.003461744124750787,0.0022509536006005953,0.002162357350683341,0.002690396814827069,0.003863775861253273,0.0020820516271319468,0.0018515511686440153,0.0019276112839861869,0.001994459763347549,0.0025354472129638646,0.0026332852889695653,0.0018134800584562476,0.0034332681797296324,0.002706069362717902,0.002645472338478577,0.0017458947759008455,0.002628046676694799,0.0038146328841801784,0.002234926845531968,0.0022421329778640037,0.0024517031933633856,0.0014021153906002145,0.002772967714891445,0.0013914317299498606,0.0029122118517599486
3742,0.0028282572920271835,0.0027733359890859816,0.0017276014314555502,0.00396395762925469,0.002957876454391217,0.003522041315975591,0.004370465522336994,0.0022219501021241974,0.0022707056804458716,0.0042397656811339985,0.0018754695172507447,0.0027466223374847574,0.0018899591318875884,0.0022168943747508177,0.0025206342371043326,0.002511053750261272,0.001963866335776157,0.0023514087486078026,0.001891461349635573,0.003245293338127898,0.0028129953350745415,0.002371310112496709,0.0041257389254603614,0.0019174613757199628,0.0010175062831329544,0.00215964611455043,0.00336384023400141,0.001761722017584468,0.0016487720556264227,0.0022852453888286208,0.004962372745208049,0.002286855048037789,0.004686587102412381,0.001808543800260437,0.0022698371715888822,0.0007909618803405834,0.002261322928443544,0.0017871267217525848,0.0025517950111257795,0.0018702369452949833,0.001678468841162467,0.0018306505815423747,0.001891065584966824,0.003309590450123466,0.0030109333155647357,0.0037381875159154085,0.0028403041405900414,0.002048657069349406,0.0026495731561974704,0.0031322539682700195,0.002504448486925008,0.0016000772425192877,0.002189977133469596,0.0018800281609747673,0.0022979086929131322,0.0013061745714119596,0.0019433391554936916,0.0020251682761617254,0.002625325660307264,0.0023407253298623684,0.0028695508701706823,0.0026344147500925856,0.0034832198346172838,0.003200473764280152,0.002421602841211266,0.003370533431504909,0.0020495402243779176,0.0019276149826954645,0.00150759820345012,0.002890564619933474,0.003250429087238241,0.003104400665843745,0.0016423366957951523,0.0024010190575836244,0.002257523940733304,0.004226857398432067,0.004796550350801042,0.0036576237014905306,0.00225536597540566,0.002263699840822936,0.003013154389165369,0.004022327836200566,0.002003928126128548,0.001768764556965825,0.0019006769898956611,0.0019944095697963715,0.0025214922415176732,0.002260628745244897,0.0018226171940090173,0.003554941415771636,0.0027530255700062385,0.002669928684810656,0.0017682456894970876,0.002624252886198292,0.0037049506246590765,0.0022292970629480668,0.0023195991356457363,0.0024002081911292297,0.0014538011485887826,0.002915551813211895,0.0014497663043899186,0.003012653253853551
3743,0.0024544016627379866,0.0022712867524033375,0.0014290378220625144,0.0035074762952522695,0.0024181477277432383,0.0028773595634526855,0.003959977186161968,0.002003799275011843,0.001962685675198463,0.0034960243494152336,0.0015649621169582775,0.0022444401287320006,0.0017062954104329444,0.0018588411579472603,0.0022941756573074735,0.0021659165133057277,0.0016557646760837405,0.002099921685681453,0.001701392684352351,0.002962311237185937,0.0021624215171533044,0.001951764006280669,0.0038018690381344537,0.0017246913367870169,0.0009278778680500425,0.0018587079248547687,0.0030206220852533328,0.001689726500774117,0.001540597587295044,0.001996394887873111,0.004376692710333173,0.0021023204347397372,0.0041715143964865834,0.001582854160333855,0.001965343497046469,0.0007523918391913681,0.00203384120657941,0.001552006952061833,0.002262030493132921,0.0016980913733491106,0.001422425032897274,0.0016064962924679175,0.0016207222743260122,0.002830802035716035,0.0025225060443655432,0.0032592501146931287,0.0023400234583211043,0.0018055907390812542,0.002351063904739079,0.0026536197217545635,0.0022843949118426716,0.0014146977605879014,0.0018834191873083952,0.0016611628167756522,0.0019232455697770297,0.0012147779101565612,0.0017050284514484996,0.0017278974207337041,0.0023435537928640604,0.0021349176741326786,0.0026286692597062324,0.0025035469779843937,0.003039188540369812,0.002832808761854646,0.0020761139630674223,0.0027610092208403443,0.0018248348422392822,0.0017375639624469643,0.0013564765846076526,0.0023212641700056233,0.0028864468878709118,0.0026560350631223044,0.0013973356188053338,0.0021665833567892116,0.0019141979173412425,0.003665848336003841,0.004400210866817267,0.0029908442308186015,0.002093178843004811,0.0018348686373465214,0.002613334822116469,0.003351475093674074,0.0017590911435965515,0.0016201345541438684,0.0016920624459749699,0.0018303554780950313,0.0022699276970242687,0.0023735294669104154,0.001477486273590748,0.0031469152076937547,0.002551599882710389,0.0022421386670108297,0.001567891256353923,0.002282095180961448,0.003286646637529996,0.00199336119029868,0.0020536861289693707,0.0021340004719040185,0.0013130851978875528,0.002697195206149352,0.0012938117349897194,0.002471831126110973
3744,0.00257028114912671,0.0023888757835344183,0.0014689041880405478,0.003629892542493717,0.0025446060429273826,0.002901955263535328,0.004018998504115075,0.0021033986342675086,0.0019198708149032863,0.0035273524985038125,0.0017574796372901629,0.0024057674302340242,0.0017803325101470422,0.0019960932049643376,0.002433211126680118,0.0022481131902870937,0.0016666302643370558,0.0021665203922655515,0.0017044545647003535,0.0030776286278689034,0.0022120892924109635,0.0019750551442583256,0.0038896662176092353,0.0016908276348232977,0.001011007316258261,0.001964684679444319,0.0032631052087335206,0.001779007444055358,0.0015855493202873894,0.0020627000934300248,0.004531668266055324,0.0018292247574571404,0.004342932740389941,0.0016560031236157436,0.0020108266049801613,0.000812744342703913,0.002156817877958652,0.0015384954634861266,0.002260847353026822,0.0017900672424127559,0.001435582642484923,0.0015811366510318306,0.0016738556680640664,0.002984071070181812,0.002696628795287757,0.0034532398902318876,0.0023272937330518855,0.0021541273748947997,0.0024012012956496796,0.002818215983204424,0.0023611735313238892,0.0014775503825309652,0.0020721641701509745,0.0017313475775109315,0.0018954961078103865,0.0012714378088939315,0.0018980288053725607,0.001953594943869139,0.0024395923007775517,0.0020937474588722514,0.00249498170246471,0.002576188383737415,0.0031471750712657102,0.0027739521435886727,0.00200718883267368,0.0028632840856633894,0.0018560366809221456,0.0017805364942691066,0.001457031333046146,0.002489139160795058,0.003092278267850005,0.0028294005472005693,0.0013473936220425276,0.0021936812243884387,0.0020119731141776966,0.003446698549575389,0.004619888072120475,0.0030646998286654433,0.0020226569268185285,0.001991650554563085,0.0026412698912026485,0.0035246001885765837,0.0019101312801226892,0.001700867979974324,0.001773018341308696,0.0018810013483874259,0.002447846790528702,0.00260737635192965,0.0015193767590545016,0.0032611538906716763,0.0026970050058246152,0.002369761256862238,0.0016103369592012115,0.002410545094078504,0.0034829948145812784,0.002059761485176248,0.0020322016427569787,0.002237864813952806,0.001437350870834708,0.0027563055283511984,0.0012889634186993102,0.002485358511663492
3745,0.002583595391591112,0.002558929006958766,0.0015238354815077153,0.003986029007671777,0.002663697818812598,0.002868394250256933,0.003899502046137305,0.0022177355231345554,0.001945008962198937,0.0033946359753878187,0.001855038872739597,0.0026275576727765792,0.0018057129732950308,0.0020491127496722063,0.0026317617598124545,0.0022502331136820698,0.0016669354402520634,0.002233753303354146,0.0017811569103720302,0.0031924883538672513,0.002324661046597656,0.002070106118986685,0.003932487656082264,0.0018416897460197205,0.0010271782178876262,0.00211394517636943,0.003280724143628159,0.0018272775623319661,0.001604091793874939,0.002160841461124781,0.004637169803084851,0.0018082525274097116,0.004327220310202314,0.0016329688374566993,0.002088761075022057,0.0008388916552899967,0.002367273855690607,0.0015329865178373178,0.0022648244192551123,0.001885573224347376,0.0014765448399159569,0.001632900923834838,0.0017693262219133003,0.003014739674393929,0.0027770534530178683,0.0035157802806842398,0.002334280888776689,0.00240788281378738,0.002493157704972985,0.002912645946567833,0.0024474343670048307,0.001570703607622226,0.0021349527687126563,0.0017956545704041881,0.0020076571744676577,0.001310877290932913,0.0019358933786263503,0.002041615957390538,0.002522528546059354,0.0020534598863535735,0.002478235808525414,0.0027392959837655136,0.0033026529427229857,0.002958726595714947,0.002058532547876494,0.003026292505690691,0.00187410088887681,0.0018039354488259072,0.0015227792857872519,0.002708908760471514,0.0029670771239029415,0.002969461122299956,0.001352781131647328,0.002258517784879047,0.002058562864818567,0.00334827742622912,0.004645410701652792,0.0031866724174956867,0.0019486676558717415,0.002137514579206002,0.0028429037888192247,0.0037192664377181657,0.0019268558842831381,0.001763827134784735,0.0017244046969202517,0.001980746635861307,0.0025547630025765673,0.0026422437172246697,0.0016075816297673742,0.003237314024338584,0.002806844331836465,0.0023744573506092764,0.0016622155489581104,0.0025052044640128516,0.003566853904740792,0.0021378205148041246,0.002045269506852375,0.0023218332855239774,0.0015547363181359086,0.002838890509693871,0.0013203924232285547,0.0026054173106677568
3746,0.002625359821916049,0.002512356533187428,0.0015362786248375197,0.00404872509801933,0.0026266154913705307,0.0029044860023686434,0.004099450283846014,0.0021178637147534415,0.002014445043380166,0.0032813365803640044,0.0018004294743393216,0.002594113404624493,0.001775843259451138,0.002076062859508084,0.0026532350874400794,0.002236525644770722,0.001706766542749702,0.0021802790278190784,0.0018542625200313858,0.0031268997802934343,0.002307701435608107,0.00207250118115785,0.004068341432652318,0.0018722905022767193,0.0010278502234019314,0.0022965316389258242,0.003126091861216636,0.0017955263084283531,0.0016373712541311609,0.0021445405493348436,0.004717321631584088,0.001842668568382415,0.004279083472348085,0.0015794043086200765,0.0020352221094376097,0.0008437388395119509,0.002248979759216391,0.0016009763072742426,0.002195434507207798,0.0017799729564214534,0.0014558227838749754,0.0016412174742748218,0.0017291453034776639,0.0028867142722618835,0.002617862072286002,0.0034780568041409975,0.0023475510657591193,0.0023108901420816836,0.002532233159091071,0.0028773336546261633,0.00238485543378837,0.0016117535411199347,0.002114095900416638,0.001796615651380272,0.001981007479157216,0.0013298268633221886,0.001913076206093947,0.0019056183396715652,0.0025762134910127543,0.0021064287004661265,0.002469022600743259,0.0026998145204600596,0.003184596722274765,0.002985401578986695,0.0021659021547559844,0.0030279230989815383,0.0018616175419195508,0.0017974525240322195,0.0015368547506338674,0.0026043068137369986,0.0029748375961591014,0.0028431085856593257,0.0013425695160087297,0.0022815838441051822,0.0019790720412260795,0.0033174014983003977,0.004531633961800484,0.00329641958959873,0.001936153471037676,0.002195279758950799,0.0029625308714257208,0.0035293283852745293,0.0018386686742226455,0.00187195952855664,0.0016539716848729706,0.002003589268479824,0.002655925161576402,0.0025717771386742695,0.0016081139952162438,0.0031785090920474495,0.0027148394898366957,0.0024175691898601303,0.0017103716262755167,0.002502723925238861,0.0034151771007146633,0.002157986974166295,0.002098695573861889,0.0022697171476209386,0.00148823166132406,0.0027731336717315776,0.0013124990525846998,0.0027022940234149116
3747,0.002511408531358393,0.002305252026141275,0.0014914518669665582,0.0038743514668129336,0.0025261998613396283,0.002839159835072542,0.003633423216387533,0.00199956176137545,0.0019568741365070122,0.003327392473112152,0.001726281463135934,0.0024999227289364385,0.001698578590489363,0.001976595303227712,0.002299606018119785,0.002100662076467784,0.001626580339846428,0.0020390074008509508,0.0018420282100844348,0.00294051925704636,0.0023070015311956373,0.00205298567440915,0.003930706442830532,0.001679465417189859,0.0009349581514712735,0.002067582755460954,0.0029382657412767464,0.0017411829019347378,0.001541884317675941,0.0021539104981475677,0.004460670809868082,0.0018261270314479676,0.004266828508140712,0.0015362804467192294,0.0019405090255733086,0.0007615589798705908,0.0022553105100432676,0.0016157940158361356,0.002157057774956415,0.0016517512344693668,0.0014254727700275874,0.0015957613489139188,0.0017188124131016092,0.002775008024161104,0.0024916178564648316,0.0034515172791367153,0.0022439548498940404,0.0021759905261306777,0.0023622047933939032,0.0026323650145379167,0.0021929926908591858,0.0014870614241563646,0.0019923050965092053,0.001664500334527551,0.0020342727809643125,0.0012253870465537037,0.0018058004521267817,0.0017419012326927972,0.002462710214605988,0.0020617410805670684,0.002365466892098405,0.0025755620921104226,0.0031329103811804883,0.002983169271845732,0.002083705584377313,0.0029207565033265884,0.0017847805153366402,0.0016843952822474064,0.0015837533207840103,0.0024060717615398083,0.0028793507093674915,0.0027780882144763613,0.0013070175266746158,0.0022053768891219802,0.0019806255222849013,0.003165055069528523,0.004426355139045013,0.0033099925619698017,0.001769552680018915,0.0020721806018356307,0.002642601212263481,0.003466998326683935,0.0017740399062413277,0.0017280078593670558,0.0015049870318647736,0.0019247496682349681,0.0025914347637651285,0.002660981187776986,0.0015692185564242021,0.0031148519378288247,0.002417117677958249,0.002426850954896996,0.0016855748298991145,0.0023161924328966832,0.003465712780344962,0.0020010020798305983,0.002120084822615089,0.0020868743871784484,0.0013695040226102035,0.002659757651845355,0.0012577208123368243,0.0025550572911030656
3748,0.00239640107317386,0.0024438029219360767,0.001486078192938184,0.0038899867903600073,0.00251016868668498,0.0029743139317554737,0.003457996045500387,0.002006304782777734,0.0019450151625085674,0.003906277446383239,0.0017635301862566999,0.002558375341335079,0.0016603611147446942,0.001931393694381639,0.0022902800086956523,0.002125332234488502,0.001595981870137887,0.00222514547987527,0.0017670485309335018,0.003129717575390082,0.0024724568993530847,0.0020506554831830185,0.003679613827870422,0.0016415146234497026,0.0008794311038013824,0.001955095524026182,0.002961544851383045,0.0016402077510938298,0.001451446150156783,0.002154092842009172,0.0042588682201015185,0.001778077854177738,0.004356541537840549,0.0015337997452871998,0.0019940006748060874,0.0007184591041416934,0.0023402937764043182,0.0016360958984967388,0.0021991039088726087,0.00168367714267867,0.001384075255644643,0.001658363216852366,0.0017667416618111073,0.002914970011709444,0.0025259454608099552,0.003500923163861916,0.002291916786793573,0.0022394802029304076,0.002405719079802308,0.002789565312448578,0.0021478107118404885,0.0014329282870345456,0.002024742469436047,0.0016021543503886501,0.0021487988433130196,0.001155776183581633,0.0018781411755204491,0.0015794433911496882,0.0025007363937235086,0.0019448628036715843,0.0023410083124840823,0.0026625631555503137,0.003143480985637694,0.003123642486308373,0.00216870701161487,0.002755583117886219,0.0017528744357296888,0.0016155240440333082,0.001491384143087739,0.0025636032666090775,0.0029297229600084617,0.0028109832383844927,0.001358489468831536,0.0021758868869144144,0.0020233747502464683,0.0035702659910268842,0.004698932913552115,0.003175080847988334,0.0016790297477932994,0.0021689939764885746,0.0026177899550428913,0.0034451158263584616,0.0018383779211249018,0.001584234248215056,0.0014703117348366058,0.0018960596946267657,0.002513906263208059,0.0026327857337068218,0.0015438750985020836,0.003101467507385376,0.002256746300328218,0.0024340763100142767,0.0016597102990906245,0.0023929663699985234,0.0032329663000843284,0.0019328266290984226,0.002122691648301435,0.0020084709123704544,0.001337739276632199,0.0025925270299223635,0.0012782296528401934,0.002662320552286296
3749,0.0023138524471583927,0.002441514878114359,0.0014054569075152795,0.003899250148929449,0.0023767451287669745,0.0029211989354977663,0.003358846084527454,0.0018616303180760563,0.0017588158629785642,0.003779797666236407,0.0017615040936113185,0.0025592977270326497,0.0015287172976416773,0.0018500378003811658,0.0021373044273054155,0.002082581511153966,0.0015945911570530524,0.002191620924720684,0.0017682770382302143,0.003048190871876146,0.0025152563614422563,0.0019394182744576613,0.003684801339248454,0.0015564915430352018,0.0007976799259172889,0.0018957926432047226,0.0030012983964591493,0.0016127365252931603,0.0013558017830084083,0.0021954552478875805,0.003977963581861028,0.0018269976602701748,0.004263304297548298,0.0014488721666173058,0.001962106950053499,0.0006525193157657513,0.0023366136425175695,0.0015511965118781628,0.0021688340362788494,0.0015488359157670127,0.0013829286155459615,0.0015849354717703097,0.001642562413992807,0.002938357311246851,0.0024753984392178667,0.003448502012185207,0.0023357671750053265,0.0020228788220635853,0.002376181387236994,0.002725080959035015,0.002080734125765407,0.0014161639616126769,0.001891432284797104,0.0014684126453051614,0.0020612286402038075,0.0010589396408883568,0.0017456731921558625,0.001391917964402878,0.0024698716596646326,0.0018872339122783662,0.002233987278148381,0.002485422036885945,0.0030707959199135185,0.003091504925866818,0.002161398720958015,0.0023706169922656124,0.0017285725549320856,0.0015902933309209055,0.0013490426351760463,0.0027148092304170143,0.0026654536709393556,0.0029278564275316684,0.0013395075975167756,0.002071290222736759,0.001956553646329173,0.003662955935392791,0.0044943566185444315,0.003158787614301211,0.0016240691370336448,0.0021381734003460464,0.002742388687009605,0.0032448298321085035,0.0017477478776797885,0.001617651589286786,0.0014038346733854664,0.0019096648077392036,0.0023546392796228726,0.0026502433410941855,0.001504660845581959,0.0030968973590430725,0.0020713325278392575,0.0022571373623732254,0.0015801037374433135,0.0021968028157262776,0.0031087618986071343,0.0018005504375103736,0.002126175770845929,0.0018898466530644746,0.0012636636326617667,0.0024463209608557067,0.0012501421082787999,0.002747083149043437
3750,0.002268948660418303,0.002328544918539213,0.001252573393755385,0.0036698713684909603,0.002225589945866785,0.002795778018475874,0.0034038075019279693,0.0017618580827840772,0.0018085600220350993,0.0037596781697115493,0.0016435320496089264,0.0024885673463492615,0.0014454928042419485,0.0017330713199312031,0.0021176647825566965,0.00199056706744348,0.0015027967108577585,0.0022349104080735555,0.0016764122644622132,0.0028017224508135015,0.002578092664755652,0.0018333076403889063,0.0034386795628500283,0.001507948209190923,0.0007617269583254699,0.0017633661527612593,0.0028882170608873336,0.0016123645280756735,0.0012954551984071185,0.00221805528763947,0.0034816829116133146,0.0018640216866958157,0.004384914531499285,0.0014022346455020882,0.0019409760749606979,0.0006028752563356074,0.0020842799748091883,0.0015050997789268843,0.002212610291278798,0.0014882146335624565,0.0013869122790311373,0.0015079048748230326,0.0015744282706454857,0.00287341261174102,0.0023905858902070793,0.003283247535896799,0.002308083670653023,0.0019152582252675904,0.0023966539470875246,0.002612909432120613,0.002056852062230845,0.0012483886704631572,0.0018884275344571496,0.0014011969118499273,0.002060167765921989,0.0010281298273499273,0.0016838914759789935,0.0013128445534323315,0.0024551400310295676,0.0018644980518007907,0.002242139527783508,0.002382081212666515,0.0027613267260219307,0.0030645953105506046,0.002099722699727425,0.002148640443220576,0.0016702403557505862,0.0015835816219227203,0.0013805612147460955,0.002290667397719583,0.002699339904421903,0.002917331378363263,0.0013587816707479764,0.0019993465443471866,0.0019181392845096768,0.003959736730529552,0.004422173971957549,0.0029865895931744345,0.0016267207571338987,0.0019543474900921027,0.0026357634174830023,0.00304237187406754,0.0016737243451942678,0.0015081139987852099,0.0013563326674195298,0.0017809547063171245,0.0022033521338989726,0.00294417845286069,0.0014404684358564357,0.0032428385230794617,0.0019357345861606584,0.002286016133287828,0.0015196749770529786,0.002154672197874989,0.0030714824882591162,0.0016777955518376688,0.002165747117881676,0.0018550627125605923,0.0011937393786850732,0.0023944096557558933,0.0012090761880316772,0.0026003067794815055
3751,0.0023614095662616024,0.0022620038557462393,0.0013693614863214216,0.0036557079071950225,0.002308905359848927,0.00280962263787672,0.003320424153482562,0.0018560077858943455,0.0018463212096018373,0.003819877543546579,0.001592773851490615,0.002396235336806293,0.0015295473612435043,0.0017829556424478273,0.0021251097737392663,0.0020003465418629547,0.0014209259559235176,0.002191680253235737,0.0016574984027944361,0.0029492692431343677,0.002544685085695128,0.0018373657861826098,0.003332303744027852,0.0015624521832302825,0.0007669557002394287,0.0018388351100130191,0.0028778937667142445,0.0016697482817825255,0.0013265116142972746,0.002226396190150713,0.003456509456412021,0.0018092999768483842,0.004449129402833404,0.0013850708784034407,0.0020478659890018932,0.0006681638234356085,0.0018911351056171057,0.0015991413577905774,0.002196471745318401,0.0016246350253718777,0.0013647929950477463,0.0015105523422589957,0.001699635429402672,0.002913441242539391,0.0024357652218371796,0.003129821613203723,0.0023055911404767596,0.002222850273837646,0.0022805036535894553,0.0024709445196566845,0.002116418242315285,0.0013173517391020953,0.0019440552497653665,0.0015037374729457013,0.0022047850985210163,0.0010424073441571713,0.0018098204513191524,0.001503339525926702,0.0024378277630894853,0.0019491841534135948,0.0022369781784213525,0.002545703647928689,0.002670083583373375,0.0031926914904350416,0.0020971291303542817,0.002224842688952975,0.001743191907646048,0.001720650651141514,0.0013179270369303969,0.0022609250381217852,0.002942297578001068,0.003114858893583449,0.001449273778061102,0.002021584777493934,0.001910804355789712,0.003716666589892996,0.004456086463159428,0.0029739317476130656,0.0017499590359177075,0.001977341659248781,0.002529667392834449,0.003080633634180678,0.0017421785521923986,0.001539416177352027,0.0014877775337327095,0.0017820504106482813,0.0021640164481271985,0.0030291249776940535,0.001372900106807573,0.0032502561218164193,0.0020296194529303997,0.002348654591704779,0.0015845588544973648,0.002164677002047793,0.0030801071805279133,0.0017495039857814583,0.0020399438006821744,0.0019240897338636627,0.0012708644275977049,0.0025423475649947657,0.0012705594889719566,0.002634540608794134
3752,0.0025744965353129046,0.002464432569907604,0.0014739174947271208,0.0037439843012793995,0.002585785581957645,0.0031724426462829336,0.0039042825312066067,0.001924113474993593,0.0020708507398764842,0.00385924362434295,0.0017751143860533372,0.0025659695327971896,0.0016598555374131403,0.0018341386133681296,0.0023205777936882188,0.0022535486486107877,0.0015846924073034821,0.0024161784043583916,0.0018654784978765855,0.0031483411731985417,0.0025319613670309504,0.0019006641678995042,0.0036116542240678916,0.0016674809461040148,0.0007858110392068752,0.0021445068203573892,0.0032607067805453856,0.0017008637069289712,0.001489664185050694,0.0022677663431608123,0.003759051141534968,0.0019564742129620527,0.004643115900508924,0.0014428797480584116,0.0021205781694674706,0.0006811306250255972,0.0019798464218739502,0.0016487038223056648,0.002297944065594654,0.0017347140447923086,0.0014746673693095333,0.001594321856248527,0.0017912448789991098,0.0032904084159504163,0.002395275672812618,0.0033251416380804307,0.002507845303206039,0.0023205254209660996,0.0023339362386442606,0.0027976462852083396,0.0022768262867046453,0.0015288985320273255,0.0021397046696608945,0.001705345516125503,0.0022396204157712494,0.001128736910004354,0.001930788058541966,0.0016610149852447904,0.0026454403494248838,0.0019787276392075333,0.0024205496075557407,0.002738170316611412,0.002787253198422502,0.003273514552096836,0.0020199374669184066,0.0024041736227998095,0.0018902580500654831,0.0018913681404781645,0.0013237651528680838,0.002433197844137669,0.002841798991857096,0.0030490910794655135,0.0014313887978583822,0.0021236082901652862,0.0018591920933353858,0.0036840855725502487,0.0046821350685912495,0.00294381924419124,0.0019071064705945865,0.0021383034152466147,0.0026659147341070145,0.003440487875431159,0.001843805705097638,0.0018722155083279797,0.0016463629731228594,0.0019521584480358433,0.0023040129222289063,0.003079244525151897,0.0013594498396911367,0.0036149726041536006,0.0022409098824168463,0.0025126239642300277,0.0016535627771923733,0.0023859249793367274,0.003315631000339124,0.001913527229028941,0.0020713071368958324,0.0020693591115881335,0.0013675790716843408,0.0025807419691350497,0.0013018935801833449,0.0028568547121702215
3753,0.0025907153118404007,0.0024169171392602676,0.00146226851466623,0.003920315968088401,0.002542565816113637,0.002961973986291639,0.0040399194462759315,0.0019334263805277465,0.0020512034057036206,0.0033715967188217145,0.0017453543778439627,0.0024732845962690455,0.0016646657699483734,0.0018747039277413012,0.002306865075353622,0.0022198771157724236,0.0015581883169877488,0.002227149661767181,0.0018121774301082336,0.0029050160958837266,0.002476460085122443,0.001945117339205148,0.003782209508134813,0.0015867478190369588,0.000803273325213785,0.0021866079678992704,0.003117678492248028,0.0016615278801728583,0.001522341438515635,0.002237351578467997,0.003903907442692337,0.0019073076228006002,0.004810464783920434,0.0014708043718859468,0.0020677370999188493,0.0006758859447881839,0.002000671648799609,0.0014685332892257312,0.002237214920392154,0.00170150019637054,0.0015500161459163697,0.0015473858679561825,0.001796590000815648,0.0030300973071357555,0.002358430926820472,0.003276636329930574,0.0025010171676884655,0.002255945345172746,0.002450816673092563,0.002702872939191727,0.002297652774256633,0.0015291168198368417,0.0019932412993176525,0.0016905665580531518,0.002172926154647499,0.0011616325653378019,0.0017730737220366356,0.0018280160580808442,0.0025781381067363236,0.001974450153626031,0.0025134878583291964,0.0026132655632852436,0.0027282295300137273,0.0031613584370395933,0.0020143409556099747,0.002477977844592512,0.001868811080542667,0.0021587966824911193,0.0014327849937029193,0.002321685332243126,0.0028041712315183217,0.0030609467665555774,0.0013032235383888698,0.002058755607716723,0.0017900645892342567,0.003259520835545854,0.004648076778320047,0.0027798218601394376,0.0019111380139551371,0.0020653627948848917,0.0025475125706485584,0.0035770096291840798,0.001753386022882155,0.0019319281988334077,0.001640759751694786,0.0019050313152752518,0.002375112784498602,0.0036050904270748256,0.0013906391889883043,0.003607195395062646,0.0022788488169895446,0.0025435124892945644,0.001619136234051035,0.0023924403914419635,0.0034627171347597074,0.001939811650679971,0.0020689827413080788,0.0020866678419423136,0.0013811783174460441,0.002604530788595351,0.0012845973800503982,0.0027911251698503653
3754,0.002561346533367022,0.0022699804508152953,0.0015116053732147513,0.003836563685821061,0.002533773480928882,0.0029985887908996257,0.003615536280847118,0.002014078970439345,0.0022042990633627034,0.00324556853937797,0.0016484838106562375,0.0024357574971733543,0.0016890595748441197,0.0018278984813075634,0.0022688723986100732,0.002200661150284163,0.001513893483832359,0.0021538807003694998,0.001698902182383799,0.0027908489902334246,0.0023584961919951974,0.0018563654985481381,0.00361135125727081,0.001587866905892602,0.0007835525421493264,0.0021175528730185563,0.0027108059775745965,0.0015965695286122808,0.0014459046554248915,0.0021661947419004874,0.004067840955168283,0.0019389593310686416,0.004925362448053857,0.0013785543180793083,0.002094338169628964,0.000651774522253513,0.0018761787483675438,0.0014395368362097587,0.0021832213994454307,0.0016123507668371327,0.0014490266673268225,0.001545936962841723,0.0017590428655480958,0.0029047967788632216,0.002287407565315386,0.0032573275874837,0.002454889203177529,0.00225897220222189,0.002440312215394974,0.0026375645758002857,0.0021437958029147304,0.0015101526924206944,0.0018168900340358937,0.001618398676696154,0.002237029201830944,0.001137047320690724,0.0018246240806169686,0.0017718478926408035,0.0024518848330081196,0.0019683584420626633,0.002449626485196098,0.00254515104238999,0.002755070797955137,0.003195137258860247,0.002183972076847074,0.002688642306415207,0.0018433698479541406,0.0021903632573667584,0.001364826461607834,0.002157689660338678,0.0027537573415536754,0.0031111757434389466,0.0013437785112210604,0.0020929219385618252,0.0017118838313205098,0.003354005948984561,0.004699690141662385,0.0028102964899430817,0.0019108745350044105,0.0019895984057221767,0.0023533022607013804,0.003160568440018838,0.00172201142762346,0.0018401944072890784,0.0014751752100639602,0.0018472146597704009,0.0023251854311492244,0.0033266156551548785,0.001322791490239284,0.003305981186708421,0.002230020844026627,0.002724091292423599,0.0016334144598334685,0.002341138238646589,0.003290704776377149,0.0019874091322080677,0.0019744358566454075,0.0020050378547600612,0.0013497931386914218,0.002542097815760715,0.0012406496353594438,0.002671338749707971
3755,0.0025775490194986034,0.0022725947217281223,0.0015246996849883404,0.0038303089257674017,0.0026554796940086987,0.0032260552040074444,0.0037574774941045576,0.0021387755572935545,0.002241306933909284,0.003176485584333638,0.001735652100781806,0.0023266390918525405,0.0017453034090622586,0.0019406186073422052,0.002289850940347661,0.002289150243754176,0.0015438913464131771,0.0019747429488027324,0.0017802672964952228,0.002931002688130333,0.002421784483397311,0.0019150641157976347,0.003738882603686028,0.001587165675904729,0.0008145849512027667,0.002295162574486778,0.0030035753781467935,0.0015814186946057998,0.0014871255039263461,0.0021492627123991625,0.004335984848858721,0.0019388087979130336,0.0046668355620476925,0.00138541463469624,0.0020826950385941447,0.0007120060979092565,0.002026684404695083,0.0014708076403123899,0.0021546085421259324,0.0016851317809792835,0.0014289163964274856,0.0016827765855741412,0.0016917823058302335,0.0029136556747445842,0.0022903459214272913,0.003311918060063157,0.0023025584307114727,0.0023651828698020134,0.0023222207258453216,0.0027190743308931056,0.0020469741469516345,0.0015981041795544648,0.0017954405253524726,0.0016744213954003858,0.0020822534847198247,0.0011295533787788901,0.0017891795321111881,0.0017812395021220462,0.0023271085215341185,0.0020525671415245568,0.0025356582538943358,0.002745750906671765,0.002944674382952072,0.0031614062096672877,0.0023097545136258274,0.002772903759814434,0.0019398426003160117,0.002277011360659729,0.0013403147722537122,0.0023016067783328616,0.0026052368166049754,0.0032048648390721455,0.0013478569780426516,0.0020283132092300355,0.0016563586955487858,0.0030453863582948003,0.004661683390368624,0.0028912128950179493,0.0019236039632827848,0.0021038816371477496,0.0023416936018043843,0.003351480335132258,0.0017787982289811034,0.0018342903979955976,0.0014969912198843033,0.0018618875124979076,0.0024157277621707327,0.0034827900655648486,0.0012643020994144909,0.0031540336638757453,0.0023012340805524858,0.0027416205846361183,0.0015924173409958841,0.002434411588795323,0.0033485252726399625,0.0020696686110617986,0.00195738014819159,0.001963403394127254,0.0013213050983757466,0.0026017010070518046,0.0012617277924907625,0.0027296680354568768
3756,0.002465593791877219,0.0024448263749365716,0.0014627374491137902,0.003972263437385607,0.0027509901913471526,0.0034278961832369943,0.003770615210645208,0.0021503658135830312,0.0024274875129627867,0.003225058450588549,0.0017822582598490304,0.002601541832525836,0.001770622590501296,0.002084803570830837,0.0023870005822644487,0.002311269873860194,0.0016698090197242985,0.002016329103119781,0.0017886119717984207,0.0030361975070555816,0.0025734215720047866,0.0021228619934598545,0.003749247942333973,0.0016431851696241887,0.0008558125597155233,0.002220242635087193,0.0035565049908599248,0.0015998397787303717,0.001645526281693918,0.0021922382150573595,0.004262105412780167,0.0019871886661844596,0.004807599741981461,0.0015023606209224095,0.002046043186005262,0.000694168540149845,0.0021635621901259752,0.0014434375839581886,0.0022655466935986544,0.0016744038302192318,0.001494059032515881,0.0017528226711796108,0.0016772415715418183,0.0029847326499410983,0.0023397481674783675,0.0035526094375564294,0.0022264979094594123,0.0021342240602233104,0.0023836254715124275,0.0029605015054862296,0.0021589891569480314,0.001507053253941879,0.0019335560631701864,0.0017018034563516286,0.002068317768219617,0.0011685857978538845,0.0017420322965718037,0.0018892697028838662,0.002465736082134263,0.0019074436436900028,0.0026741077107488324,0.0027219044071690774,0.0030570466701355663,0.0033092599813885543,0.0023693952903545076,0.003011835449591413,0.002030363435591345,0.0022089690417328024,0.0013998030920696237,0.0023651771974467803,0.002415530772491882,0.003215622236852011,0.0013525684520542282,0.0020996390424654087,0.0017918980762808257,0.0031653866410543173,0.004878244015315078,0.003151336196233314,0.0019139929907985814,0.0021835019944681463,0.002565426569076484,0.003982928990618954,0.0019282966878061238,0.0018234131202248967,0.0015176684495941271,0.0019310346093500698,0.002490433451844923,0.0035106258907368704,0.0013815738507968079,0.0031238717188624113,0.0023887872531759592,0.0026284197172445757,0.0015795584951876396,0.0026767655227122804,0.003458026748681579,0.0021044681485818707,0.002130914630012435,0.002064277791172696,0.0013375753004166236,0.002769481850724628,0.00126904768666473,0.002831832885113665
3757,0.0023117338482996747,0.0024260375746270367,0.0014864353474747863,0.003971075950156209,0.0025542047302097924,0.003439076908168324,0.0037000146908907337,0.002223783649044735,0.00237298549099961,0.003327684918088366,0.0016888942332366115,0.0025213511592426722,0.0017752427320575348,0.002168856072251114,0.0023140580617128054,0.0022405677136060486,0.001689167930888478,0.0018933553495566419,0.001662388920409513,0.002900142582702598,0.0026679903564306912,0.002087406209454698,0.003927008675894142,0.0015891485997363917,0.0008834842727263488,0.0022316654656008472,0.003561263383689702,0.0016559139684076392,0.001678902244602883,0.0021686593569890267,0.004094712771463041,0.0018781850426060759,0.004910681415890877,0.001482432459314818,0.0020528883732538637,0.0007152580829721078,0.0021969420233399323,0.0014432043641141893,0.0022539145710830516,0.0016964340978539137,0.0014392820307954515,0.001728945030384545,0.0016871465289277111,0.0027909992064162636,0.002311582901304239,0.003562453517896349,0.0021487949430115845,0.002197505666394993,0.002417388123113626,0.00292739222747803,0.002133502031313417,0.0015112446486028198,0.0018569559699036233,0.0016002651163676866,0.00204275671088319,0.0011772134010258105,0.00168782079402955,0.001758541730820665,0.002409400437731168,0.001991245451817064,0.002631960574230981,0.002715335898712234,0.003070591411118006,0.003322630927842422,0.0024624715452575673,0.0029263253842305927,0.002050890681150796,0.0022406614465210364,0.0015533467264583565,0.0024036920234548386,0.002458705068841507,0.0032010769594816336,0.0013955563177733233,0.002008070333579373,0.0017792008091081488,0.0031555749100382027,0.004265583418980284,0.0031104364994408,0.0019474197714485619,0.0020734319551637625,0.002623851502315561,0.003943423878876267,0.0019305027036935376,0.001672795056311179,0.0014924960085390608,0.0019710403157315068,0.002483389600612979,0.0032978654278381764,0.0014557953163733411,0.0029306610836089307,0.002376658155271783,0.00267513831819752,0.0016407168303192825,0.002565163425395792,0.0032863885107070182,0.0021161953798663913,0.002180051658122796,0.0019687162608229445,0.0013199267449193425,0.002851038840314082,0.0012140219716369062,0.002978954855541177
3758,0.0028027010181620265,0.0028182928984136963,0.001811452043556803,0.004508858035917702,0.003082248466312381,0.004170143149604613,0.004738579814125999,0.002563030468676011,0.0030886318925677078,0.004013124407953395,0.002112348524380666,0.002965276321465321,0.002054063473892464,0.0026263192315750324,0.0030042186652987956,0.002619452832828642,0.0020290196128298276,0.0023763625468153017,0.0020321036506360376,0.0035901606832963303,0.0031034636820426666,0.002353534346770902,0.004576761730038568,0.0018346115654378655,0.0010027652987539758,0.0026457560294769877,0.004467060092146457,0.0019631279815547817,0.0018979490706605025,0.002675722299381289,0.004875842842224748,0.0023428053760970696,0.005997674976690572,0.001654831259992869,0.002364548066350724,0.0008032719682330742,0.002704207064105686,0.0017838163510154107,0.002654063797483759,0.0020423264864658512,0.0016750776484874645,0.0020747984792586728,0.0021931374700207605,0.003582528318563063,0.0026905188092489355,0.004350633086419745,0.0026136512877534294,0.0025390570287946463,0.002684219935659357,0.0036998654244195773,0.002584621712351289,0.001816797454356318,0.002145977585038929,0.0019970820106348123,0.002342980495073022,0.001384248040952205,0.0021287186337831557,0.001971743137466106,0.00276463249123606,0.0024914745934350334,0.0029748119065715357,0.0031200993075622004,0.003734311668966065,0.0038419183631703945,0.002805503680718606,0.0035021762664610378,0.0023939078641654786,0.0024252261926507304,0.0018837466834505726,0.003020246393215638,0.002914635583138679,0.003875182875648977,0.0016614684351945444,0.0024388508759473236,0.0020733745434169913,0.0038789849231078348,0.004874688688625381,0.0042994788404004045,0.0022373744718567345,0.002848115569870285,0.003001677718655735,0.004593403691948564,0.0023917297033370943,0.0020562573271704137,0.001788309466422617,0.002287267117620921,0.002985657089060406,0.0031445056231804726,0.0018344356173880918,0.0035756860014174476,0.0027809181574420974,0.0032632848064603963,0.0019505249244297254,0.0030074992079887884,0.004004990776935528,0.0024865422238752955,0.002438267801310461,0.0022521057080304753,0.0016920017423740729,0.003188184815204144,0.0013937069667201653,0.0036665459274630168
3759,0.00288771118566518,0.002912162531566495,0.0018365026403694873,0.004574412797287697,0.0034645897446027737,0.004127212095768658,0.0050942893682238,0.002818570088134957,0.002905133366499434,0.00417431275606403,0.0021699398927780295,0.0029885447673348347,0.0019766917738080017,0.00271910912863978,0.002936191088701461,0.0026340976939347857,0.002045892207162325,0.002592699440416062,0.002203223417013944,0.003761624713232413,0.0033386307689960426,0.002605196319114854,0.0046428280198113825,0.00197059210615295,0.0010087814154247112,0.0027722174773294407,0.004887972540300226,0.002002077650082116,0.00201881150301856,0.002561295162520996,0.004769296975479899,0.0022757696944462414,0.005445464872114656,0.0017309896624362311,0.002482096509426382,0.0007995726379218847,0.002793287883987911,0.001884161806964908,0.0027411428178329834,0.0020362311857897246,0.0017591203402402239,0.0023358786921223347,0.0022426879008755466,0.0037348971926090433,0.0027326373222525623,0.004570508891879289,0.002709378526478961,0.0026327164747286832,0.0027506044363883844,0.003658628283016897,0.0028257098893065156,0.001830024435826115,0.002357907317434399,0.0020855500440159856,0.0023472350109790085,0.0014786654042484276,0.0020055020463283467,0.0021326465079871664,0.00284908967685986,0.0024970559978490215,0.0028465144200219435,0.0031050714605848967,0.0037524463452931955,0.0037971072823441425,0.002888829867896713,0.0034243886141586436,0.0025172018332909655,0.0023056662397843157,0.0018513834700415771,0.0030477358517006416,0.003061185722362285,0.0038448903194354157,0.0017394350180316078,0.0024856316474911374,0.002256246126386354,0.004049398055611781,0.005013190880277994,0.0043235549210886666,0.0023621069837644493,0.0026508474074219265,0.003240717514265287,0.005059610196917986,0.0026137532696637153,0.0022184798873151903,0.0019308008224458951,0.002239388899040845,0.0029355450922773376,0.004014050951706381,0.0019151846040931517,0.0036618496515108856,0.0029880056028866934,0.003090397450805632,0.0020714662644442383,0.003178066157779937,0.004041950790071744,0.002435152708943741,0.0025178864147437103,0.0024579908292321384,0.0017352535395656137,0.0030994431057060857,0.0014318826497674065,0.0036149614925967905
3760,0.0029211692266369192,0.0028701664741284643,0.0018791163886698618,0.00437870704394142,0.003352163130946581,0.004029704426091586,0.004793402246046558,0.0027886788470739446,0.0029884639826094675,0.003985792911774029,0.0020978564633263408,0.0031961256993338623,0.0019459247575409162,0.00249018868470897,0.0026055667479995383,0.002454800401046614,0.0020446230474947006,0.002497821065055741,0.0020200921654206874,0.003377673981832122,0.0031731914764023643,0.0025732493472481405,0.004554765286059907,0.0017374135741282494,0.0010081812811719953,0.0026352302243501644,0.004648082481897672,0.0019493882298708164,0.0019737676098003335,0.0024727530299441776,0.005132293678378077,0.0022657523188684137,0.005321882593883356,0.0017521964788628469,0.002348121994984449,0.0007892292377974091,0.0025244979698582064,0.001738115536665718,0.002678136710115725,0.0020010048286358477,0.0017229972333744673,0.0021766819556731888,0.0021069419803951155,0.0036146763210838967,0.002725657337189242,0.0041753022698074104,0.002526693496792674,0.0024779884108506174,0.0026779580907348804,0.0034596517354083863,0.002665216900210999,0.0016975293868927998,0.0023266086349813925,0.002018734501572483,0.0024081342479772617,0.0014515661510285534,0.00201489476134991,0.001954441716846161,0.002864578001881986,0.002411903938556075,0.00270026679182922,0.002965133438015511,0.0036436472471413008,0.003563370473744327,0.002548598919656682,0.003143517354100102,0.002386498254566882,0.0023349396075514066,0.0017426933065037,0.002883869900014721,0.0030432076207365997,0.0036799488315106374,0.0018373336183481394,0.0024297592057599448,0.0021725655607131833,0.0036699388086094543,0.00495721499564377,0.003926219968418521,0.0022136220819485527,0.0026002515189981075,0.0031898824911655555,0.004840930631356194,0.002489422556125697,0.002135423743087724,0.0018773416201172978,0.002315609246698875,0.002841118569748785,0.0029952914805173986,0.001817060193829111,0.0035058831027526484,0.0028779247873060216,0.0030717640538073226,0.0020558255819612794,0.0029800177562876694,0.004000114148344713,0.0023103303692526395,0.002362990744451822,0.0023229272622777904,0.0016530249069545758,0.0030111297833963903,0.0013529408478177944,0.00361005424638657
3761,0.002892290243757391,0.002674532201060667,0.0018442400306928931,0.0038920728081312445,0.0033865966358769834,0.003754293171960725,0.005031561000597167,0.0026273158935078422,0.0029043118303910547,0.003850984377018679,0.0021207280516215158,0.002861366618216752,0.001950891626413011,0.002455362871483227,0.002626059248719529,0.0023794689966187064,0.0020229749291686854,0.0023865569985810566,0.001964912628325298,0.003247189197222464,0.003024675588791047,0.002500923723664369,0.0048352455632386035,0.0016578476889453314,0.0010436602143231372,0.00262261764870735,0.004303544624879977,0.0018667037087941186,0.0018560921264240415,0.002420842016835299,0.0049101975704482995,0.002142960513974059,0.005184224977336007,0.0017068275654694269,0.002249979329387506,0.0008156108237292904,0.0025662409868822196,0.001658413061949731,0.002596538560737318,0.002145754742130844,0.0016994987969885008,0.002088411206224028,0.0021644083338167018,0.0034619517776047636,0.00263610720792495,0.004078286912446922,0.0024951234287811726,0.002598703632071433,0.0026240689419564757,0.0032774905254277895,0.002531630612129095,0.0018083099896101754,0.002088800130420806,0.00202076352131294,0.0022920430053580405,0.001478617483377995,0.0020191927164379606,0.0017948086224829263,0.0026887486409544296,0.002383124276638221,0.00275368061026077,0.0030489733892991653,0.0035223639641360415,0.0032598692127803934,0.0024187828109108254,0.0029116527901977703,0.002333741483607195,0.002350879185424465,0.0018368174404076816,0.0028506595438736616,0.0031818422875851435,0.0036994178502145615,0.0017323188228253697,0.0023725576254204042,0.0020109055115743258,0.003480006081233549,0.004726567758220185,0.0035135288506270997,0.0022462265322897522,0.002315928779306709,0.002965331284656566,0.0040709210881999264,0.0023965337866149877,0.002141150215643582,0.0018458051603367474,0.002415249879794432,0.0028125153937473323,0.0030595660642273796,0.0017599680810234,0.0034862912862920043,0.0028151821425551034,0.003252447124329756,0.0020674650322848862,0.002828889378027372,0.0039423598218986475,0.0024316030495271264,0.002341656032069663,0.0022495458644486896,0.0015330841455777728,0.002975702631115992,0.001315031914709162,0.0035167758843222064
3762,0.003134623833361262,0.002742531047469095,0.0018847178117542447,0.004044133146064958,0.003627969752730844,0.0037457378760232564,0.005012006444128734,0.002690045354924506,0.0028730581244893554,0.003985242272967925,0.002159105271287918,0.0028549022066606438,0.0019734317447687275,0.002534919684848498,0.0028212941833001192,0.0025137377168846725,0.0019994141780941975,0.002653369141488618,0.002033739050044128,0.0033881788739961918,0.002971348126234183,0.0025410751734806472,0.004966461886905794,0.0017430643538466429,0.0010610023552795125,0.002678899788692415,0.003958481813996046,0.0018008952542858743,0.0018520445228291463,0.002456123892113031,0.0052705545125123635,0.0022481178441269875,0.005277418352856144,0.0017080498868465301,0.0022681707116900813,0.0008389852121881297,0.0026738889220766786,0.0016843939971023867,0.0026858744359732805,0.0021137358541403624,0.0017800640596464226,0.002154063285595646,0.002166657076706436,0.0036695402855897756,0.0027249506281567196,0.004059371354042271,0.002551305978883276,0.0026052139914582643,0.0027406980576430233,0.0033518838977388016,0.0026411531398195945,0.0018987515344151783,0.002172711954671169,0.002100703877877105,0.002460437994928887,0.001468854630165145,0.0020773563142880633,0.001928996254162349,0.0028036002589257804,0.002316675643927839,0.0028190429716811695,0.0031477699282680474,0.004051268374859471,0.0034577474641284724,0.002475165435513041,0.003028921806314252,0.002366114751786169,0.002303952229121794,0.0018774352949640994,0.0028965865670250385,0.0034148712391885395,0.0039943134491706184,0.001756088378482993,0.002538303315670165,0.0021481876681575386,0.003938292605955337,0.0052997918901181865,0.003754797377215186,0.0023138596057281175,0.002457752877092652,0.002972268136353061,0.0038924542261997803,0.0024637987104357286,0.0023032330768729724,0.0019588432203628465,0.0022492968606522266,0.0027479358569495183,0.0035119498366541833,0.0018210851635088348,0.0033792911602621976,0.0028210097764675354,0.0032305150301352105,0.0020869324448790716,0.0029380991619176794,0.004017650311621185,0.0024413139694488663,0.002446420973649493,0.002308372598587303,0.0015798916579845472,0.0029805578384278016,0.0013905167599129302,0.0034446388768921902
3763,0.002819326321028836,0.0025289535552503414,0.0017119307283229453,0.003798143220512638,0.0030704862742075723,0.003552260971137865,0.004430834793992708,0.0025062491670520574,0.002565345133890169,0.0036954514686722267,0.002043467015533292,0.0028183307821947334,0.0018141222977535684,0.0022061125075948226,0.0026095952763930098,0.0024782476756414753,0.0019014013687823031,0.0024081395432984337,0.0019370181142861073,0.0033467412487189763,0.0027441270321768487,0.0022590236801891396,0.004826410408435742,0.001581512679245782,0.0009561262554159562,0.0026228018231507903,0.0037364570127415985,0.0016664318904394397,0.0017737785743374209,0.0023702053387773714,0.00456408878807608,0.0020315004962382604,0.004552000073764812,0.0016542758699277559,0.0021026298467968336,0.000779556486136143,0.0025197763770299134,0.0015950318261275537,0.0025092789910960474,0.0019751329090629006,0.0016794410490291371,0.001943413179199036,0.001845523666430673,0.0033153650336031973,0.0025804367401994354,0.0038688585490052854,0.002272352409443509,0.0024643333583875037,0.0025765871845533886,0.003200863591824013,0.002529036042682247,0.0017807260289486933,0.0020901330255716846,0.002022817344665911,0.0023668613867433973,0.0013818980981041148,0.0018921384590253182,0.001822240093501193,0.0027295278594996752,0.0020079132396731507,0.0027023684370463307,0.0031526164743097924,0.0037425506029479688,0.0033939003449579242,0.0023150831538619803,0.0027158451919582012,0.0021927616767700377,0.002140433274044512,0.0017710890878103675,0.002661494746943741,0.003173502274768543,0.0036930009273363827,0.001644327560785714,0.002262258644892469,0.0020747612314337906,0.003714573219100556,0.005354554429897481,0.003242123772918235,0.002140376050701759,0.002204031684069452,0.0027162400089142877,0.0036038651724821687,0.0021684556511153983,0.002058358827462372,0.0017408645510410491,0.0020738702170633406,0.0025602514013799323,0.003474282635877316,0.0016012057498483439,0.003314976021168803,0.00266104311522704,0.0029354047458606636,0.0019413327249043614,0.002708211308805206,0.003726330502887203,0.002083606973869975,0.002313948164432466,0.0023582565909321803,0.001400917156265271,0.002825512648471151,0.0013494529914636992,0.0031625838431383318
3764,0.002790201630767782,0.0024733378652761436,0.0017529326903238216,0.0038021178519221845,0.003065963903127938,0.0036072832832316497,0.0045712135327444494,0.002390776535619087,0.002696556336351135,0.003480027356872806,0.0020179620715688774,0.002853899520762356,0.0018961182135365019,0.0022104844751796313,0.002512504672642798,0.002489178192029297,0.0019786527752233543,0.002255857411638316,0.0020049762544565226,0.003462229351388531,0.0026117023921799504,0.0023110148638067316,0.004763054678352295,0.0016040148481277433,0.0009292138918570295,0.002706341733623307,0.004035386170044342,0.0017587194779089528,0.0017482534959611517,0.0025995225471099866,0.004539400648919171,0.0020411066970812256,0.00471032641153062,0.0017141363132672323,0.0020640815120611038,0.0007693457536635443,0.002535613395995694,0.0015939543816724624,0.002513974071115253,0.001974257196285403,0.0017096414123181256,0.0017732784090031478,0.0019042497435843911,0.0031203352952803138,0.0024458346763425206,0.003926706853637378,0.0023350851691458967,0.0021355180886894255,0.0024065315901086698,0.0031862830758699794,0.0025038801285801587,0.0018194530494569285,0.002171131414160694,0.002148593698527834,0.0024544436598645867,0.0014097695287251866,0.0019878044508394453,0.0018677229367678192,0.0027287666271639645,0.0020477985777568454,0.0030068886024974036,0.0031251492041140436,0.0037363933409832613,0.003551570682337034,0.002230604550626441,0.002963811944573722,0.0022639900088659267,0.0021667339780843758,0.0018039667542300482,0.0025260300108427636,0.003332119603810902,0.003509758747716831,0.0015752263047453844,0.002247074224816718,0.002051909446486029,0.0033026477611224005,0.0055363541300789765,0.0033060140170362777,0.0022307407343845997,0.0021352068981090305,0.002756444083584736,0.0035850731478804525,0.0020638475776866556,0.0022257274425966393,0.0017371284976000726,0.0021514332865019237,0.0026752988104711364,0.0031084555150133995,0.0016245121192303717,0.0031962669311168296,0.0027633522247181934,0.0029336530420082116,0.0019025084177967228,0.002759909598305357,0.003908987296424105,0.0021045263535740635,0.0022483539830928582,0.0024495797475792107,0.0014127448299692457,0.002780214883536066,0.0013765463781092605,0.0030279705177795016
3765,0.002613733553768688,0.0023847501530189718,0.0016954967312917098,0.003996517519720492,0.0029563082204708095,0.0036286730334829285,0.0045543890681802686,0.0020727389330922642,0.0023912419373454535,0.0031196598172011755,0.001828624637408683,0.0024697394889994662,0.0018884058456490507,0.002151287112123762,0.002402850224778272,0.002425415464501692,0.0019506707430080067,0.0021763154635666884,0.0019400829019508808,0.0032110510169189883,0.002452035808309638,0.0020894906511631393,0.004477763338425294,0.0015260707581689148,0.0008689981665645946,0.002647851092060019,0.0037653810588610037,0.001651033666693166,0.001610554993982485,0.0023577841680413815,0.004157135890850827,0.0019090074626546953,0.004785346547451315,0.0015679309296826724,0.001964835881227414,0.0007101051015332921,0.002376776667610537,0.0015282691351232234,0.00232405991410764,0.0019158183033595032,0.0016240987744007699,0.0016514145687451542,0.0018008676007612425,0.0028823736962851247,0.002319210082736053,0.0037189891825941675,0.0022586882876609155,0.0020363407748947063,0.002246148139824762,0.002993555247669696,0.0023881084618914967,0.0017519133036790907,0.002157817262598528,0.001958295039985468,0.0021876097057141235,0.0013120108986779133,0.0017661005580723056,0.0017748521616246832,0.0024734530470923457,0.0020114665125405187,0.0028514997595662523,0.0031046153719337783,0.003097667104674005,0.0035632784465589804,0.002291337772672547,0.002886340822684811,0.0021278552940437313,0.002032472353831596,0.0017064799304634926,0.0022207540096874623,0.0031542403774206,0.0032122310149598,0.0014975446641032895,0.0022328635852003173,0.0019353453544066798,0.003220982349620761,0.005005370580107914,0.0031857198067321156,0.002246321927834361,0.001955443331782869,0.0024515726401049295,0.0035284589895887473,0.0019270535858642245,0.002037626098452147,0.001747828814073838,0.0021103361166720574,0.0025267455578887876,0.002946497605192964,0.0014769172138518639,0.002858130753865206,0.0025421215754892214,0.002902771816411223,0.001728486145620553,0.002561973180341461,0.0036023538791648164,0.002029393370403042,0.0022308075224436157,0.0022642471737866305,0.00134747157768559,0.002670959452056444,0.0013738069649464142,0.00258948616246116
3766,0.0027541942842635252,0.002605406312632058,0.0017380520637467704,0.004360822279642872,0.0030218800702025194,0.0039641945759150915,0.004308465610704494,0.0022284286345720574,0.0025843996762678722,0.0032483061955993677,0.0019508244300284212,0.0025109964781311516,0.0018720444228754111,0.002257898071365512,0.002404853628677399,0.0025298076675836106,0.002008551559730895,0.0024162204594351407,0.0020342983619517337,0.003258714338076675,0.0024924816277660097,0.0020549553901947205,0.004362301829835012,0.0015706678170392782,0.0008518387216845178,0.0027445319538395643,0.003642700296415094,0.0017056638233657344,0.0017270102687047266,0.0023121740997949563,0.004454385923779304,0.0021356084322934395,0.0049787745579771905,0.0016262346598269785,0.0020593815844725276,0.0006970732432970303,0.002434232397578631,0.001647424603301057,0.0024535312153726183,0.001840275990639624,0.001690366614948958,0.0017648354878278783,0.0018385886164039216,0.0031715360195164384,0.002527673923025586,0.003924211020523055,0.0023244908121701703,0.0020844934954532867,0.0024600523348660987,0.003205547536786151,0.0025720988672299156,0.0017258327163433816,0.0023494999666000046,0.0019606129917093726,0.002405405577026503,0.0012856335217753124,0.0018265474464356363,0.0019351693918523405,0.0025827583866542487,0.0020988829584231363,0.002955415344483353,0.003223208562975786,0.0034414728931768395,0.0036627887891591856,0.0023003025415596966,0.002985270018039693,0.0021351543580995225,0.0020350848108366924,0.001682285618327291,0.002357219021187612,0.0031199354114260875,0.0032938261624657593,0.0015894124700388365,0.0023320674069805805,0.002034283434889632,0.0037342212803548147,0.005094607974657848,0.0036703204550788807,0.002164519009880467,0.0021988837863612847,0.0024593283250669245,0.003961217377053224,0.002030973912657097,0.0019599649500996632,0.001798636876286253,0.0020087036105174015,0.002562562838621934,0.0029657077210307682,0.0014711671619537356,0.003082919031088931,0.0024885689726668755,0.002977749129875779,0.0018108235112572063,0.0026111398350195177,0.0036399045893805286,0.002035129405666237,0.002330577748874388,0.0023272481967924713,0.0014868497665938489,0.002711150302807119,0.0014182858996130486,0.002754007196080444
3767,0.0028306531577194385,0.0027469652444459354,0.0017824095560327014,0.004283465589899462,0.003215844930161916,0.004132572342930979,0.004419433627597445,0.002225544320130443,0.0029148174774101202,0.0036228641049196966,0.0022021468003431263,0.0027771579703115825,0.001958911694279986,0.0025848687391642664,0.002594326265317283,0.002597873786507172,0.0021545210393105366,0.002688016813585607,0.002211346940732529,0.003569992235657351,0.0026106481239649365,0.0022672680153261035,0.004657735277200419,0.0017328993725189454,0.000910146835596113,0.0027833023682805142,0.004012642844456942,0.0018109545700140265,0.001842564821794064,0.0024959169065102414,0.004613675450397178,0.002348353738490952,0.005221165673438019,0.0017674714636686996,0.002175887662971074,0.0007189918054974986,0.002654355310858036,0.0017467706576440676,0.0026118794285979715,0.0019510903718542322,0.0017819906312206463,0.0018009912893180136,0.0019743740623514,0.0033174908469922318,0.002798049520908072,0.004332730842830231,0.0025295409149622443,0.0020784910980113365,0.0027635117363453325,0.003552455126728775,0.0028970180313361224,0.001863939581021397,0.002531403973290187,0.002141954984283464,0.002471307857589769,0.0013569966331387561,0.0020142381685311593,0.0021099073371982167,0.0027319017481528367,0.002244760000439037,0.003011440103443561,0.0033977223770856797,0.0037208778262073057,0.0037549613503840965,0.0023841370803605036,0.0031829672530186157,0.002250253282263544,0.00210406057034012,0.0017326414483865742,0.0026053486553332798,0.0034517580486089876,0.0033670075455035312,0.0016164031006803935,0.0024650269004357415,0.0022572621909649564,0.004090184495915729,0.005545310904762832,0.003837026316676787,0.0022858707574209404,0.0024862871880826833,0.002793098650460392,0.0038857082470963047,0.0022430321202181708,0.0020418539598878395,0.0018712054992737332,0.0021335478649077474,0.00278838919869062,0.003283479091622223,0.0016486481051805487,0.0034465252014049667,0.0025860232540064615,0.00329509544596735,0.0019261283761327491,0.002847252262079083,0.003939460203476817,0.002180900388616053,0.002395689157368389,0.002509340714503211,0.001509870994565701,0.002893939631035477,0.001489561050174333,0.0031428988547197844
3768,0.0032731288271592362,0.00319128994603245,0.002138506200435776,0.005209368981585768,0.0037982312150425064,0.00448842230218968,0.005104140575111198,0.0024656870485084033,0.003078258048523288,0.004335616481563811,0.0026240171867854623,0.0030386812958350523,0.00220845606606787,0.0031912461377622903,0.0032435628654522057,0.002879114937220943,0.0022300180483641628,0.0032935418936314597,0.0023488115510570356,0.00401640972393588,0.0030774992738688395,0.0026318917627232135,0.005395940579760338,0.0020144278257030984,0.0010385141254441097,0.0030765422253004634,0.004706823309751603,0.002016091532396307,0.0019496837618073483,0.0026549906458433717,0.005241419864291006,0.0028359078509903614,0.0057739217681640935,0.002014494457993159,0.002386089411505013,0.0007616424122230469,0.003005816470847137,0.0019632370531360434,0.0028921256281782787,0.002167829525436442,0.0020188260667894386,0.0019678340545874,0.002220058157769608,0.0036752745878886055,0.0032578861436125856,0.004527702252386689,0.002996463243622248,0.0025375941024913637,0.0031605837018855746,0.004176006838651974,0.003190784484915155,0.002209919363532745,0.002825022858240106,0.0023602697316457357,0.002688273744159083,0.0014829322259162201,0.002229501876387617,0.0024157273297816533,0.002997166493890828,0.0024632973421089004,0.0031488350611036707,0.0035232602861436455,0.00404177749154817,0.004218803748124882,0.002709496967964554,0.0034915961617000774,0.0025020133761659937,0.0022987925607880298,0.001960334326936436,0.003043562165594779,0.003983854646747166,0.003714939159580203,0.0018939328034976305,0.00276089384703054,0.0024157816080373072,0.004964057082415926,0.0063879546621293795,0.0044756823966865325,0.0025103297163861127,0.0028092112753685854,0.003236214768335168,0.004465815009760521,0.002660630089910001,0.002250238496418937,0.0021553194070883072,0.0023481392557564563,0.00302059605866821,0.0038241179759341175,0.0019024611651816486,0.0036816052294075235,0.0029084563965892144,0.0037006173471216507,0.0022338755644011844,0.0032072531893030465,0.004184087231365598,0.002606110978882088,0.002612531593501775,0.0027465150423692892,0.0017705155083774912,0.003291003969102815,0.001659423225835409,0.003549997546045242
3769,0.00313297220270551,0.003027764600323187,0.001992798485378428,0.00518898915263579,0.0034779028591398835,0.004231413931795669,0.005195747097479841,0.0022289470470743694,0.0029879371950592053,0.0040223868547756845,0.0025038879012760007,0.00275503960837256,0.0020770405896591414,0.0029028636408615,0.0032348973535547593,0.0027012450968525274,0.002196279113812155,0.003157020473901869,0.002289083159620712,0.0038820573129233643,0.0029924192388887986,0.0024217339772744247,0.005368223968559694,0.0019358204197615747,0.0009583535010067926,0.002910801073709283,0.00439436180847579,0.0019391009223855178,0.001930386324868096,0.0024221255325475666,0.005050369668702045,0.0027265225954929487,0.005367095549578031,0.001958805148853615,0.002359701320550218,0.000729075590225971,0.0028478188003270987,0.0018618427956031917,0.0027994286272126547,0.0020198389311210044,0.0019483287008773078,0.001871600710516224,0.002168823430369283,0.003766368411862066,0.003130419873356814,0.004208545887222515,0.0029465717352312503,0.0024444890869598722,0.0030101517297407465,0.0037928302859126318,0.0030736246846084256,0.00207545407230309,0.0024617215771926414,0.0021916449535688835,0.0026093929777450497,0.0014036774550654715,0.002124971393617741,0.002249333105212059,0.0027789865061379985,0.0023783279000786904,0.002919562214402333,0.003301584960458778,0.003598603994148795,0.004176330449779918,0.0026902019716627734,0.0033876087725536446,0.0024066576511621923,0.0020507485492210304,0.0019029769387479624,0.002554086012964781,0.003303491287852472,0.0037248258371435357,0.001803032445003931,0.002596442741700308,0.002282327781797993,0.0046355040636261976,0.006396563366549883,0.00398752208737386,0.002461232017477583,0.002770063874673418,0.003073595153027962,0.004720027017954307,0.0024989309420160874,0.0022568680134909414,0.002105019097045274,0.0022866665990185545,0.0028656346358454216,0.0029801906319680124,0.0018040272936634355,0.0035898479351834283,0.002965943459852098,0.0035362282752217328,0.0021995403376697115,0.0030638586745526334,0.0038852953701949376,0.0024915321898903078,0.002475778535733734,0.002488023314517911,0.0016248399904849407,0.0030634920066248184,0.001583754995464545,0.0032399701258630344
3770,0.00337660784183779,0.0029890010904814707,0.002090747704924732,0.004871737878105165,0.0034940127286478147,0.004169209253086708,0.00534058677111551,0.0022193826490993665,0.0033885936612123723,0.004198361472848843,0.0028089491811562153,0.0030720377315983705,0.0021429430405795935,0.002949666139239382,0.003186655960280767,0.002805163607193255,0.002111932840679469,0.003264153930072253,0.0024242882019235488,0.003891002476979478,0.0029882605236158373,0.00252262495437644,0.005593932252712989,0.002164683454364832,0.001001829120908679,0.003044014807422475,0.004746523849950432,0.0020057848893341754,0.0021206060137052367,0.002694840193217034,0.0054382573171164695,0.002794418906162616,0.005722288669013013,0.0020925069280578862,0.0024339829848115152,0.0007922057587989601,0.003050325566686492,0.0019379548787091013,0.002995006425081517,0.0021966994448731135,0.002013302050166849,0.0020635337647866778,0.002332339048961258,0.004109616063308168,0.0032600209592353485,0.004641078372545099,0.0030799209508645194,0.0029315004027774916,0.0031430431078291908,0.004117575141450564,0.003244004692127358,0.0020065200963556872,0.0027394931910178135,0.002316502881624832,0.0031035098728344193,0.001495021055103016,0.002449134542715236,0.002381321125885401,0.002953639238124774,0.0025461434139561045,0.0031467463683822715,0.0034873263610438704,0.004132977151315031,0.004017547368256015,0.0026740989386917486,0.003855321228473078,0.0024761345473029066,0.0022565086801345446,0.0018556626305480282,0.0029951350715388073,0.0035620064076786985,0.004103061958522333,0.0017797164112750721,0.0028217924228217625,0.00241209323154625,0.005037161962656997,0.006713140334732277,0.004541412051409684,0.002510917282573511,0.0031638578485932755,0.003432557161171949,0.0046610259757835695,0.002541339674298897,0.0026359339659145485,0.0021339375648546507,0.0023897786034280544,0.003035017726296673,0.0034287447260998765,0.0019744008911527365,0.0040403146163893585,0.003160242467735128,0.0037251262461412667,0.0021688278237677826,0.0032769138676760627,0.004244486874376141,0.0026601006575640725,0.0026023045653726685,0.002615379658270512,0.001769321056530069,0.0031027535572310506,0.00173715464391985,0.0040423834809883135
3771,0.003057039687643544,0.002704951607028124,0.0019201222177947835,0.004706459024207291,0.0032111050007259884,0.00335700875910707,0.005139158076829249,0.002262850301366908,0.0028590760676851334,0.004109825725459324,0.002605085889483999,0.0028119492423787,0.0020083125525382347,0.002677390899884431,0.0030365811797964585,0.0026698215756825335,0.001972697735496084,0.0029722771665726573,0.00227850080159136,0.0036901073541406597,0.002849944393140337,0.0024318759967648265,0.005675734750866187,0.0021765521637188267,0.0009093625847055023,0.0029279488579175535,0.0048374800518085565,0.0019415139362629747,0.0019695254967197753,0.002665150136990668,0.005285290369497342,0.0025065328552457047,0.00560714561085064,0.002006967974476978,0.002337180452225871,0.0007029974565553574,0.0027981604175896582,0.0017886021601471467,0.0027861979667037602,0.0021498148553505034,0.0018849328993198566,0.0018028774850385593,0.0021976549859104764,0.003799530109378498,0.002978105618239893,0.004362982261255267,0.003120070328638,0.0027126626009081104,0.0027691824153379336,0.003746754240178642,0.0029565714845076986,0.002028659014797936,0.0025825153377880905,0.002150974539193809,0.0028575624177277874,0.0013901070480386369,0.0018474640900977633,0.002185419176313034,0.0028226913355053813,0.002505533048455724,0.002971058934477841,0.0033945000452364773,0.0039168166340649525,0.003782792204406992,0.0022847963223318352,0.00383338415693799,0.002244528991930366,0.00215723729950739,0.0017189161665474807,0.002982496859596472,0.003234741607859784,0.003843969227487769,0.0016819722696617145,0.0025750837783344717,0.002265293396084438,0.004452107577348751,0.006199688500015045,0.004019471997112174,0.0024219879213810114,0.0029953430981261822,0.003208686823453747,0.004268431074346044,0.0023395048456973815,0.002598369403583594,0.001916355996247633,0.002268391797236107,0.0029182386280175257,0.0034072504860959128,0.00196924137817482,0.0036653044699510194,0.0031651980698456207,0.0034856693616592063,0.002102946876125777,0.0030315012000427595,0.004168168655526928,0.002337806027349926,0.0023679785395063105,0.00264137452494721,0.001498473959332367,0.002921526239713261,0.0016934445812584358,0.003905254477448387
3772,0.002958613791948056,0.0025923787475689497,0.0018755353445776763,0.004581913783183951,0.002951964651084232,0.003295309761399257,0.005389805035634624,0.002220380632527104,0.0027952011894818406,0.003989874922884517,0.002382438666762886,0.002648092373098636,0.0019753096357655636,0.0024038593722400378,0.0028838246891222568,0.0025072303171823126,0.0018949381425445945,0.0026077458301641565,0.002145883228234444,0.0034636949715413498,0.002790819466075974,0.0023492299950830012,0.005308666615790055,0.0020570156862717535,0.0009193740552989751,0.0029404699495074625,0.0045395383770456404,0.0018964995864033224,0.002016441530852573,0.0025335268589882147,0.004929713258819031,0.0023168624240891616,0.005201576433823829,0.001956466274315086,0.00223881057101662,0.0007215667396124266,0.0025563593284919643,0.0017777550002072027,0.0026994689318498646,0.002085532306485035,0.0017921579232969187,0.0017657234651128715,0.002150848439911086,0.0036935544568273857,0.002864163657644616,0.00416291590509374,0.00304484203587749,0.0028290265227331507,0.0025968265987000847,0.0032900249528034042,0.0026274330906735396,0.001929719175455211,0.002500125993235495,0.0020691182292596447,0.002882568395496953,0.0013511269384114647,0.0018529748828648896,0.002079845758121774,0.0027739134945119195,0.002451020171811933,0.0028028859038793387,0.00331413991632071,0.0036738751505347345,0.0036925987652976595,0.002172350711936308,0.0036365013718239153,0.002165688581142334,0.0022004662366576946,0.001693323416615516,0.002745781646712118,0.0031465081516061657,0.003734635375283052,0.0016735304627921023,0.0024570048744386244,0.0020402958931306915,0.004081117362967974,0.006014907663736824,0.003915355875655466,0.002334911556571871,0.002794978410925247,0.0029455194526491466,0.0045733022268765865,0.002175190021774464,0.00251584321518833,0.001894939115161222,0.0022069699952931092,0.0031781841813484303,0.0029453302447277887,0.001824282806125386,0.003411250595929321,0.003117448338416531,0.0034169296334115814,0.001961689235200786,0.002985460912208688,0.0039049060780102416,0.0023011209543193556,0.0023462045817497046,0.0026620508406684108,0.0015133398349997324,0.002940523016473249,0.0016219016571568843,0.003592032268121216
3773,0.0026056928604722284,0.002662633431429447,0.0017589965415101983,0.004345955852245641,0.0026078250608988504,0.0034386558030874387,0.0052963162104709095,0.0021365050435903114,0.002684914844209098,0.0036909586838757744,0.002161428773427243,0.0026479483653828475,0.001931640723862213,0.0022670190474344196,0.002555551068647415,0.0023918211967026543,0.001900690915790723,0.0022259916988318527,0.002093043617715143,0.003235902052849797,0.0027175249934332712,0.0022268801337816516,0.004836569158821222,0.0018383526028084478,0.0009275507644075349,0.002673133145073522,0.004822565299917692,0.0017969599777436923,0.0021027381219516717,0.0025851003536335507,0.004513086177917464,0.001980216373880237,0.00508419392140656,0.001766011714426375,0.0021764565162751353,0.0007370744832673029,0.002426942425796672,0.0017164841296570578,0.002655721729369075,0.0019979113176039455,0.0016509735529205412,0.0016533357997556967,0.002010406437687253,0.0036796906399307852,0.002756783346976904,0.00401211065863833,0.002832802553064472,0.0024731689180945374,0.0024695473087694747,0.002923857259299002,0.0025128196274435822,0.001882919453742837,0.002188283425441321,0.002007748954994977,0.0027378629319375555,0.0013526981005642965,0.001875791925108889,0.0018808189996270875,0.0028029339181163144,0.002146488223395245,0.0027875827813778524,0.003185166112137146,0.0035649549932326285,0.003390267040623323,0.002266946830082461,0.0035679509808179037,0.002096161104913244,0.0021066467753485234,0.0015678886369381094,0.0026277205266619394,0.003131289275738747,0.0035270593062586186,0.0016281497002745354,0.0023322090224376993,0.0019171003540791839,0.003548816735845197,0.005538834445912128,0.0034693040602825445,0.002384843581158298,0.00260400716185953,0.0028347301271888824,0.0045115120845683485,0.002053466926639314,0.0023403482774525942,0.0018881910367625407,0.0023029322304743095,0.0034750400631088038,0.0024459734786740042,0.0017397350187132866,0.0033512233724730246,0.002888253984734513,0.0036707175015485392,0.0018666376625304719,0.002846853567087211,0.0038574579524121534,0.0022434294562219542,0.002365255732575018,0.002482625283518995,0.0014375667206721339,0.0029617850630706045,0.0014512255501054768,0.0032912373052949085
3774,0.0028687509310623732,0.0029159706568660476,0.001909000867089522,0.0047180554726590765,0.002845884785626613,0.0037920446983009458,0.005562777377439583,0.0023240280253729,0.0027986596155936917,0.004085521673338636,0.0024003354773296554,0.003043661995229075,0.002146725467420817,0.0024378004874176496,0.002791100650767604,0.002671382611340977,0.0021637934231564133,0.002425952955285383,0.0021137412233899764,0.003386352884950987,0.0030361172339983585,0.002522467032520408,0.005392632035398483,0.0020428864988629243,0.0010448666664597155,0.002845957147644656,0.005446933345523827,0.0018517231481797129,0.002211009404206793,0.002814042362071294,0.004771843757367876,0.002072026337746004,0.005643674599977893,0.0018462048314345713,0.002359482276009628,0.0008041087815631074,0.00253823555247399,0.0018760089204099433,0.002809662684975628,0.002141041151735972,0.0017747325971295765,0.001864847842892866,0.0021009392894314927,0.003856398373826213,0.0031009235250681277,0.004446569662044468,0.002954287070370072,0.0029029166594436904,0.0026786600585636507,0.003304261649378084,0.0025923196968231066,0.0021302155944142036,0.00252116004654786,0.0022462256580306726,0.002936953003530267,0.0014233158515993371,0.002062670128945302,0.0021170180787160255,0.003068492668887766,0.002277456507045353,0.003015647420641172,0.003326149120360705,0.0037178974218800027,0.0033707981347112477,0.00248197166533147,0.003817249480518381,0.002264322644326949,0.0023912037084815024,0.0018068300367444076,0.0029880180116351684,0.003289046059620074,0.0034223590198416355,0.0018135902934367763,0.002476519809858927,0.0019948040569691956,0.003958926029225849,0.005475779891989356,0.0038037822179663476,0.0024870282675494614,0.0027560422235556985,0.0030785630529591543,0.004724785937484048,0.0024015780134430866,0.0023515307481502315,0.00200468082788839,0.0024551509647862246,0.0038670539671602725,0.0026964282621416967,0.0018422861158889714,0.003408492612866953,0.003034003299867338,0.0041368604510423354,0.002112270814587712,0.0031131313583529904,0.004356258077115355,0.0025217760736335904,0.002602158506355433,0.0026721810444826103,0.00156179499644709,0.0033038297999152043,0.0015883240133820343,0.0037666051952632775
3775,0.0027479082413360877,0.002789565244858441,0.0017505861680165917,0.004408402880416279,0.0027825253090377772,0.0034870074101671306,0.00518926332839186,0.002256888136492588,0.0024461867171646267,0.003927504604341283,0.002086531483817924,0.002696433106311274,0.0019681374177876604,0.0022571590291830977,0.0026074210141006095,0.0024914640007844347,0.002136328303397442,0.0022003457625327716,0.00201058640672602,0.003035686742699154,0.002701085161408683,0.002357918280839279,0.005156760969456014,0.0019736514794649255,0.0009118372355242072,0.00270836393140514,0.004364864258802264,0.001654057312810249,0.002012361824033593,0.0028746195598092837,0.004420359938785358,0.0019360611561496793,0.005158731323152448,0.0016425117172576532,0.0021688881418329077,0.0007105355600577914,0.0022861664785050004,0.0017637715313721266,0.0027133418081555912,0.0019259010742956007,0.0016347824141714525,0.0015936541336988058,0.0018981772922788864,0.0036839370220203894,0.0027114880272805135,0.003979234208801383,0.0027554713821581135,0.002464940358989996,0.002418915976462061,0.0030866118171122303,0.002347354388888409,0.0019203375246567118,0.00221738763217982,0.0020844604879852,0.0026018732615067453,0.0012545121587987551,0.0018266302097868063,0.001983560303407311,0.002678828199532486,0.002285480396640627,0.002629719462989299,0.003186592068744629,0.0031546711954203405,0.0032175766586213907,0.0022807188090050476,0.0033320566403456063,0.002058062784887963,0.002261292897363854,0.0017603362459343546,0.002644714452455346,0.0033063535993174114,0.0030007808715110875,0.0016855324385829755,0.00236740002366302,0.0018109816722119403,0.0033785497440685054,0.005031312188876495,0.0030445428756764766,0.002348241938787834,0.0023809237810676013,0.002819913433147054,0.0041051042521664735,0.0021983609901482294,0.002186661184770356,0.0018398778545600256,0.0022850975850546044,0.0033954893783588315,0.002583829969291913,0.0015986835000774916,0.0031480992033315076,0.002780812961760298,0.0037246770644591073,0.001997333297190904,0.002976774407081956,0.00401831130435119,0.0023109843724553026,0.0024215701452151156,0.0024449912177763574,0.0013795615052421724,0.0030793774939516807,0.0014513610799709732,0.003305506728702096
3776,0.002938873199475979,0.0029461471714820305,0.0017548437578302184,0.004417861382571933,0.0028024438485820397,0.0038222226647180624,0.0052119958933699445,0.0024383464476320314,0.0025116763684153586,0.0037617235153768794,0.0020495713325102043,0.0027885277606682574,0.0021215515296347264,0.0023931715681404964,0.002628265881784023,0.0024098341108757817,0.002151329663123612,0.002134468221010963,0.0020165198596218304,0.003056559847855071,0.0028182656177949627,0.0023057697555966096,0.005036703281882027,0.0018758146825854788,0.0009691944438101744,0.002838701316687091,0.004300981193616062,0.0015992795943013448,0.002009751642090061,0.002698963754809547,0.004245855568865982,0.0019355077716934378,0.005213513754880066,0.0015847310251246843,0.0021672512901834717,0.0007501111449469666,0.0023099303959328793,0.0017776540956315585,0.0026997347725013832,0.001925483189792788,0.0015924593570195707,0.0016100273687765854,0.001953181718719168,0.0036216583808327285,0.0027472240817468293,0.00392423525116883,0.0029005824202186867,0.0026480169171472475,0.002601483495311212,0.0032960215382251347,0.002356395309250838,0.0018734246202286615,0.002197549518062205,0.0021274485977931267,0.0027066042239165555,0.0013199808117098507,0.002088693105078106,0.002035024693311306,0.002663026248513648,0.0024722850245787785,0.0025419112276500403,0.0031835361743951063,0.0031997956652372746,0.0031775230792258262,0.0024691674907707287,0.0032876797908207023,0.0020357292101233523,0.002291668955177508,0.0017908008879315414,0.0027097645864752645,0.0035828445032607997,0.0031165491187640382,0.00165023411788772,0.0023914689961274803,0.00179253349923188,0.0033921737010850126,0.0051559351785926645,0.0031522832960725134,0.00238231453890253,0.0024915519775403423,0.0030010962107443876,0.004128894414817741,0.0022909552039278537,0.0021012299545598366,0.0018816529568611705,0.002423643340553394,0.0033835436543380062,0.002668997426430319,0.0015611125386024679,0.003239051301085369,0.002565749350014323,0.0036852806018365654,0.0019746584200589523,0.0030285253874015893,0.004012869654800576,0.002484860674242191,0.002386892417417893,0.0022917229564534346,0.001469551324073104,0.0031541603987590427,0.001434244495404983,0.0032792922049739944
3777,0.0028793391083517163,0.002785067453092277,0.0016160588935201958,0.004210773265403611,0.0025980024174504356,0.003497279568274917,0.005120103404496622,0.0022478610781385133,0.0022397663437126064,0.0035863132488090344,0.0017973508043887289,0.0024541395668325875,0.0019830028912741415,0.0022867601221434656,0.002421082238633853,0.002289651720682067,0.002025524623436747,0.0020332480447206084,0.001913456405814651,0.002764031774256426,0.00266354740652265,0.002126922538432854,0.005262969519459126,0.0017584253117344417,0.0008792544795214513,0.0027814393536589764,0.003932449353586309,0.001482775425959373,0.0017844404410883106,0.0025290808288257844,0.0044919398873340365,0.001681201340306181,0.0051097412741161665,0.0014587822778064105,0.002115558858530893,0.0006622133994791691,0.0021708968773593157,0.0016234659301395987,0.002548065327652675,0.0018276718993552096,0.0014990181288854624,0.0015628891526436664,0.001779657987275642,0.00332909560768903,0.002700960186729561,0.0036239771750686727,0.0028402304329376692,0.0024137989979442376,0.002558910037686446,0.003141354982159741,0.0022975788644161717,0.0017435252358999113,0.002033241665459478,0.001985794728317281,0.0023537704341807754,0.0012688322525420469,0.001973860906260379,0.0019116795261201883,0.002448690711650388,0.0023604865612900055,0.0024086255062906463,0.0030145289903302673,0.003007307977699206,0.003172709291858514,0.002284477548143115,0.0031429513807394558,0.001865052153648882,0.0021563930530121987,0.001693155616872696,0.0025790366072159813,0.003548008098809557,0.003058048199467389,0.0015922457406698412,0.002395251067236589,0.001747834347053661,0.0032657450884246296,0.004879286615894387,0.002957958536341452,0.0022960227484505615,0.002266220706872578,0.0030444320327972585,0.003709881054491942,0.002279986416086532,0.0019031337660366677,0.0018033160691131632,0.0022883507172049133,0.003060792173902557,0.002386871522839701,0.001540799095285076,0.003006136481507649,0.002371246571219841,0.0032647614267161903,0.0019330368284178653,0.0027389058010464143,0.004145299914607875,0.0023811861919525923,0.0024616506927156822,0.0019966198314075425,0.0013619270941651687,0.0030856477401328356,0.0013699753766859477,0.002942852633366877
3778,0.003708703306456696,0.0031281931708264502,0.001762880751892152,0.004604817204271519,0.0030427498030968373,0.003974298180950758,0.006209331537566513,0.002176526826584832,0.0026575894016769093,0.0043416084847191375,0.0021072632167234203,0.0027648230770708415,0.002159407103601827,0.0027715855595155077,0.002709362307055133,0.0026286120586982015,0.0022833286051285777,0.0022873755207097365,0.002126602442286429,0.0031946016003164277,0.0029939190895971477,0.0024331462604760623,0.006455921614790801,0.00201827309923348,0.0010015954102365996,0.003060212805162544,0.004027128398721115,0.0015843791564391244,0.0018939173438604704,0.002799511284859246,0.005167667045391215,0.0018121577490324866,0.005716011026224674,0.0016945158477760756,0.0023432809818043484,0.0007512241932616437,0.002524437157948551,0.00188851528982397,0.0027905977400193684,0.0021405711539839276,0.0016604350376931154,0.001741224266726633,0.0020350762130590624,0.003838670714466385,0.003033740573525086,0.004216593840112382,0.003077024343006972,0.0028760254146363434,0.0028244485479915022,0.003873941020374952,0.00262661957193641,0.00182165433244699,0.002400067129466922,0.0022947581725488815,0.002586006209647368,0.0013879769001337323,0.002330431792872285,0.002349276155399892,0.002885795955676354,0.0028433992541115494,0.0027803680698263,0.0033428444933985353,0.0035505911940708953,0.0036398338505999966,0.0024905342010331922,0.0035147907551807463,0.00212640621790402,0.002335793871771718,0.001967903801800449,0.0030339517328021276,0.0042056907769708095,0.0034020363007901495,0.001834855752799745,0.002711293860367615,0.0020295073850211593,0.0037076350836780132,0.005621810418405959,0.003532882122366685,0.0024272532503169563,0.0028073482270784705,0.0035428678140134624,0.004090777435503491,0.0026856348440104745,0.0021584981983743486,0.002062969879162477,0.0025113115892813143,0.0034160667481596403,0.002678366537599962,0.0017129344494740471,0.003519796183728658,0.0025675765959609982,0.003434896507715591,0.0021208316033543475,0.0031250856822015276,0.004887583045247638,0.002686086471463938,0.002704020213111452,0.0022972149278233478,0.0015807118391359476,0.003377175354661498,0.0015550283749530922,0.0034959290956391243
3779,0.0034879662403719544,0.0028111596863541932,0.001531723969504882,0.004566668370305897,0.003092064177409337,0.0037299665430223336,0.005482511058941052,0.002039818624337698,0.0022239501586103203,0.004136717956521215,0.0017805833052857477,0.0024089737854319825,0.002039841565047683,0.002539297567342883,0.002629588451620665,0.0023974366816402973,0.0021291159927454917,0.0019798215276019943,0.00209555566394697,0.003211183047718296,0.002771656348529709,0.0020059789234103806,0.006099930246265128,0.001799653625039503,0.0008767417801892954,0.002933639130461613,0.0038834178554079993,0.0015899788492940723,0.0017347287835689045,0.0025508833603375162,0.004871590986632624,0.0016980591892161415,0.004896023323410927,0.001597774729381526,0.0022370578723250175,0.0006542286744484949,0.002341203359163045,0.0018467841704040337,0.0027000049136464413,0.0019346633999747676,0.0015328343108567243,0.001511643361022952,0.001908329535478503,0.0036051683168680255,0.002651083908497014,0.0038465661818866638,0.002856717515004956,0.0023966878278425256,0.002690181505152414,0.003475251182395683,0.0025643265422586187,0.00170704150972741,0.0020463736953473394,0.002059075694193222,0.0022525135441859205,0.0013299709538021384,0.0019376695667339115,0.002035725216613276,0.0025166665126406737,0.002830427625048316,0.002573193112285302,0.003102169145135807,0.003356527528577301,0.0036083981952784792,0.002450892695166872,0.003311663743062609,0.00199045337259174,0.0020029757566675716,0.00181513943528141,0.00282856334406684,0.0037389089829683,0.0031559060497430434,0.0016844778218815376,0.002342199921717218,0.001896927903272457,0.003358053855418299,0.005188238727798014,0.00328628618104363,0.0021405365668447215,0.0022643363116259586,0.0032852012951179307,0.003656188944601362,0.002472435194886756,0.0021349712311371045,0.0018801986830375291,0.0023564073828854625,0.0030413899788396858,0.0022755190842140387,0.0016191702793991389,0.0033519133742332635,0.0024153082999551737,0.003009518049149327,0.002179606426246173,0.0027257238355578085,0.004385648112217958,0.0024598618666847047,0.0024926480267788566,0.0021292316621270378,0.0014043646398307673,0.0029525302766912334,0.001311810753655777,0.0031153075859248593
3780,0.0035752645768288268,0.0028858056918651424,0.0016296203691461995,0.004592433082712941,0.0030429881424926374,0.0037270001415751573,0.005538510802634409,0.0021818431256796244,0.002431351524785513,0.004060611079249495,0.0019343949446567002,0.0025355249781158413,0.002175231768607224,0.002468249896458265,0.0029439474831484294,0.0024350456306343428,0.002172334466043474,0.002077082431077247,0.0021430311663374188,0.0034082435384871017,0.0029063659876463702,0.0021155401067654072,0.006271633410577963,0.0018373776351157214,0.0009234540341492668,0.003086884521003807,0.004078857047092513,0.0016615144204567755,0.001845455667419055,0.0024281195251926813,0.005219887374369225,0.0018328799020423075,0.005220592793790093,0.0016405260723359233,0.002254349768869516,0.0006904162753703158,0.0023073685340996206,0.001859138066370773,0.0026818412011919185,0.0020238581472501365,0.0015616558245640578,0.0017457999821746063,0.00197548630810586,0.0037976630392158217,0.0028361148566423784,0.003956516112908529,0.0028100523096743204,0.0026493360432185953,0.002851072946673091,0.0036240591155826674,0.0025141825717145223,0.0017717123142554723,0.002217090855766586,0.0020882208745550963,0.002498370562545396,0.0013722041080765231,0.0021327520267195926,0.0020772154496872222,0.002650176632109713,0.0028164375440352177,0.0027815638999406445,0.003290933111794422,0.003544425000634862,0.00361552393890225,0.002576741418340318,0.003558421221511157,0.0020360406828326618,0.0021895839115553036,0.0018758100621477092,0.003242742022489312,0.004119788186083088,0.0034137142266282942,0.001709941610846044,0.0024391655017119724,0.0018847701249038817,0.0035698496119749984,0.005035164790211561,0.003860203943878995,0.0020595180181313794,0.002658485616657347,0.0033652827592276224,0.004103216161327477,0.0026262887776445994,0.0019859174332928857,0.002029998899886284,0.0024911335123944845,0.0032251040085981516,0.002268856942897712,0.0017005257812643625,0.0035402796645627086,0.0024687915846473337,0.0030043179557433385,0.0022961173234378276,0.0027299704631369107,0.004479317583033044,0.002536947173342427,0.0025233363076038974,0.0021465018141464775,0.001429561819367662,0.0031489927211925195,0.0014039842239987538,0.003194131632101188
3781,0.0032860398390023343,0.002723151540822527,0.001562578287418281,0.004318156306627812,0.0030655406292630968,0.00362431373729966,0.005512673692603816,0.002097076286913486,0.0023778457427615974,0.003807145724869819,0.0017369338389552286,0.0024665797102348327,0.002034043234548284,0.002382741437157887,0.0028180528572866333,0.00236332244551982,0.002095416867577665,0.0019734074293526966,0.0021403826695150173,0.003086496433819,0.002548783887671047,0.002053428794059304,0.006285949789732822,0.0016918604372497994,0.0008328505234182009,0.002893725082822302,0.003882136515305646,0.001709138944268196,0.0018483838326858678,0.0023622162137259574,0.005072870183416877,0.0018230431897778164,0.005150061271315836,0.0015690140354225654,0.0022507546685759426,0.0006624038704214897,0.0021628745260535115,0.0017755488759150634,0.0027628729855170113,0.0019061162989822196,0.001562588532344185,0.0016598961994365004,0.002033393437346445,0.0037135921557125326,0.0027039357924461254,0.0036660095301528136,0.0025608291870901564,0.0023749235700538363,0.0027041863283243906,0.0032971912576869014,0.0023801273876033298,0.001677259036707184,0.002112882084283763,0.002075358249571055,0.002237907983849692,0.0012862410420164411,0.0020137867614734234,0.0019832557933618968,0.0025659866848965203,0.0027169713823553985,0.00266353400553597,0.0029953769989588042,0.003497572677147046,0.0034786012866823003,0.002522520813418569,0.003458308515538198,0.0019473250126871018,0.00209560122806138,0.00173887828849055,0.0028948268996571514,0.0039130694314499495,0.003266996176804972,0.001674061434723069,0.002327869141763135,0.0018608768644933884,0.0034265241341814414,0.004977902576176852,0.0033958419811693603,0.0020387428626269326,0.002310809383402495,0.003144134846135826,0.003824747743136344,0.002512261176133984,0.0019653228285215216,0.0020096314686684938,0.0022513490030504246,0.0030807543176306004,0.002010286987856124,0.001629888663833374,0.0031670352746016777,0.002346508200428894,0.0030202402993776893,0.002305511047310827,0.00250441227100397,0.004371338226642825,0.00238362344019021,0.002527372753582822,0.0020153454047658107,0.0012604359456653731,0.00311415517618751,0.001391503448239924,0.003100742489557459
3782,0.0033491064096748944,0.0028599084535081026,0.0016522623412842745,0.004736255851971982,0.0030595622968330673,0.003751250856642733,0.0060422236723855546,0.0021675925880321524,0.0027055359780900116,0.0039844460743591005,0.0019900620965630435,0.0029515270916314344,0.002174079752992778,0.0025157215804143367,0.002943962587197677,0.0025236015945743085,0.0022528774051733457,0.002041180025110821,0.002230266417631142,0.003423160507204825,0.0026770454992305036,0.002144515997519984,0.006242303464107098,0.0017931344049372652,0.0009224908402581696,0.002938283560971845,0.0041287668439811,0.0018180085710624045,0.0019830382136326935,0.0024752175125657867,0.005275155763714797,0.002107941380060772,0.005332398128024291,0.0016577162992999627,0.002202288214515222,0.000749374739622808,0.0023432272968191763,0.0018511437001300654,0.0027760057482097453,0.002110202395819874,0.0016135141039649564,0.0017579000690575077,0.002268423605947802,0.0037332272821151134,0.0027388610713001524,0.00369772567457474,0.002522855046751498,0.002685950952511285,0.0027831474091583506,0.0036997505627667467,0.0024322774690105358,0.001694856495648639,0.002229257185633611,0.0022296270339168265,0.0024514564624510777,0.001351330006602544,0.0021380116352216,0.002113911903232424,0.00276481415553138,0.002671439581059144,0.002780428307072887,0.0032887864550111526,0.0037829699762992283,0.003345682430723544,0.0026849988242483493,0.0036994224436919317,0.0021185471106168,0.0022763820547835145,0.0017992067771733173,0.003146951213023378,0.004408166855103237,0.003205892657462414,0.0017193216718718104,0.0024124413234808176,0.0019599879998801794,0.003522503278930875,0.005240647244479676,0.0038135712441192,0.0019490338244127728,0.002553714688386497,0.0030911553910677888,0.0038679322299877686,0.002545026626766067,0.0020764042319601477,0.0020717968811897617,0.0024183258698893366,0.0032963399633709365,0.0023949331200801196,0.0016875444334118715,0.0033618501308971924,0.0024624569133194696,0.003066265684396322,0.002316354113375662,0.002667961026098343,0.0044107243122524465,0.0024511287456820082,0.0024848942162568615,0.002152622776004304,0.0013303462660766647,0.0032764003792274195,0.0014991614103650728,0.0035346808617131927
3783,0.0025901055693678273,0.0025715805992083127,0.0015297582537099415,0.004428347629320867,0.0026875142293447465,0.0035009737564222695,0.0049071617411226235,0.0020038059281295363,0.0024691282741551475,0.003592715135914578,0.0017626475945606503,0.002565843702022384,0.0019506846300845716,0.0021775662293505847,0.0028260652777199707,0.002336781127926108,0.0019508435703046118,0.0018681573748788682,0.001961185486612041,0.003086732395812777,0.0024091675417412584,0.0018976853216854976,0.0049782431840732985,0.0015791456298989007,0.0008410469109119515,0.002516510075487916,0.0038965044616180726,0.0016637226667588502,0.0018994196483147227,0.0021563441001421955,0.0048195665995211965,0.0018584836166522858,0.004495111217531367,0.0015014678041438195,0.0019400814326448537,0.0006789214441965404,0.0020334121474578503,0.0017758347799011335,0.002527694151648286,0.0018090536660213719,0.00148725820740205,0.0015948479783433214,0.001985106026965934,0.00319658596155135,0.0024823295820404472,0.0031246756705796516,0.002237653784900142,0.0024830176883452754,0.0024904373819864623,0.003252655518449764,0.0023668597535019625,0.0015216842219264095,0.0020488383186176773,0.0019532916219779416,0.0022350029218372344,0.0012836740238642787,0.0018321280414854242,0.0018815472432618927,0.002386608649861115,0.00228906052059205,0.002525165548877284,0.002979215025934007,0.0033289732753973254,0.0033379270939801115,0.0025010420044960296,0.003294833591634887,0.0020862044171873688,0.0020414750153312715,0.0016415558248793595,0.0027613830732269927,0.003869559282907176,0.0031094667601656066,0.00152163867767137,0.002111402256641496,0.001767889594994694,0.002996594840394708,0.004980485479266083,0.00335839789419973,0.001899121436772129,0.002126529614221041,0.002758650747571635,0.003702369990662536,0.002217172223399412,0.0018528079268244665,0.0018629141576603533,0.0021810535741885544,0.002948014233924976,0.0021628902657358294,0.0015718356398726858,0.0029388513276137496,0.0023406017632644684,0.0026713422595990547,0.002029733863924138,0.0024359506099577723,0.0038412549295345592,0.00222046212991733,0.0022450143984470584,0.0019619232082234515,0.001159787465583233,0.003236306600328029,0.001384497453976784,0.002995622519472792
3784,0.0025235077922179335,0.00261807616919499,0.001580076323061946,0.004166218342396154,0.0027453034460976815,0.003466438465968321,0.0049601429719304535,0.0019812836488111952,0.0025680585151330155,0.0034698402057322794,0.0017108361746997582,0.002560136103136272,0.0018945470527144443,0.0020333589404561304,0.0023115489234184455,0.0023360654724226227,0.0018096684989178922,0.0018251110816173222,0.001894780980898929,0.0030258063434454915,0.002329931844329119,0.002084865183172052,0.0045742753788243105,0.0015028667310497729,0.0008349509258996101,0.0023779163955363497,0.003860684574063385,0.0017032912426988506,0.0019282560965172527,0.002140844798905543,0.005064518906630801,0.001687984535246378,0.004678327155762748,0.0014866596008003595,0.0019861486761590013,0.0006767901159145473,0.0020632235962480525,0.001690560102167103,0.002401669777571646,0.001782944593551228,0.0015353516589368295,0.0015450380289330262,0.001976906348345463,0.0030908635563522864,0.0024872918481336596,0.0031378101030864465,0.002326479022212985,0.002325821690692297,0.002311992923514218,0.0031175620701177015,0.0023939642187674427,0.0014526290159880106,0.0021168978613336185,0.0018501120862846518,0.0023394785195444516,0.0012317200290603782,0.0018300780890494856,0.0019435765728247542,0.0023857822596442817,0.0020984450551962187,0.0024796690360651755,0.002958309688798247,0.003176549565696427,0.0033869524251400806,0.002433328871537637,0.003330136490457491,0.0021434559172764512,0.002045131233512294,0.001473701808120415,0.00274574113195846,0.003873012192856027,0.0030471846236414285,0.0015309048178218016,0.0021372576318221667,0.0017801761187874353,0.002906166792473452,0.004996004609170994,0.0033097218930162316,0.001970642247820498,0.0022490829231945897,0.002692798149252799,0.004059949786517522,0.002124962771013157,0.001814230906548486,0.001882223871911016,0.00212416328776502,0.002805325495821373,0.0024312593691072013,0.0015442646683422121,0.0029751360231659706,0.0022862025287244013,0.0025930757133561244,0.001924640787470381,0.002317985429770389,0.0036286423335509894,0.002212049328009978,0.0022342476569563578,0.0019789911418067727,0.0010936124569230219,0.0033202641818529622,0.0014143370255871143,0.002852967416867893
3785,0.0022838409594843705,0.002402803629731605,0.0014493686670083786,0.00414744460136856,0.0023581045978814893,0.003178562054309152,0.004897986013384539,0.0019993905254859392,0.002521582362742718,0.0032046230356116865,0.0014892424469839503,0.0023441869829422222,0.0017502042396803624,0.0018740383940407967,0.002116566780653438,0.002154860915178031,0.0016629299217726483,0.0017365628663303908,0.0017421998760697027,0.0029703789372196726,0.002023631541345236,0.0018722089574240966,0.004162031125362955,0.0012855901122663359,0.0007749525020785108,0.0022106039615646307,0.003525795961317944,0.0016540074392950338,0.001786286526083718,0.00203419458212459,0.00479536034283259,0.001999804380516456,0.004355047694495805,0.0014445131018639731,0.001861162793049279,0.0006353883423414259,0.0019747370136828555,0.0015067213674838367,0.0022147553313690486,0.0016645987688698124,0.0014091004913622074,0.0013800533263943933,0.0017555975281942835,0.0026384205260073248,0.0023576261363522323,0.002925780258588983,0.002216334013671125,0.0019850940293945655,0.0022191272914382928,0.002980113451525361,0.00225817111149391,0.0013272443356353541,0.001972265248473591,0.0016870087872800645,0.002090860354991123,0.0011484282062529984,0.0016176305186405991,0.0017200373934275004,0.002182283622531632,0.002059732168172648,0.0022292695821767095,0.0027581468763886174,0.0029980027120919996,0.0031540755265293393,0.0023214271695792908,0.0030064895696013073,0.0018653765620693001,0.001959596061976388,0.0014074379722574402,0.0024968690688034036,0.003558418454074284,0.0027897717369526715,0.0015152914237623377,0.0020004365205444213,0.0017619808802330638,0.0027714414688844616,0.004713776659688905,0.0030288575090190403,0.0017404948468240503,0.0019701304991588922,0.0025203629002501947,0.003338846752057807,0.0019848464282067086,0.0017294099051630332,0.0017229265991263747,0.0018631207489405448,0.00250410696368966,0.0029028075222894316,0.0014295677176137873,0.0026984387592781365,0.002185587831996404,0.002331619601472391,0.0017882396060271164,0.0021699125562272543,0.00340399145941567,0.002025570831883711,0.0021642954490409755,0.0017760363513355142,0.0010203272593723933,0.0030278273065250274,0.001323411054727289,0.0025764280286696218
3786,0.0025140001723981957,0.002527326038689058,0.0016091425665787109,0.004468010771233005,0.0023701731443703665,0.0033982693784436594,0.005196868779257684,0.0020233508298271594,0.0025873687158215115,0.00352142453809124,0.0017106392621673515,0.002514333549114013,0.0018580201264521243,0.0020557799036839395,0.0023886757165966044,0.0022251485936282925,0.0017338810776798478,0.0018861333582292168,0.0017356565605027288,0.0032651643239082,0.002220788370952257,0.0020365535777500917,0.004406030736364857,0.0014560764574454228,0.0008447543049891867,0.0023580997068960137,0.003898252962887547,0.0017187010860077003,0.0018023015913925025,0.0021903208634687812,0.005078538121627432,0.0021954545070625286,0.004385270019133005,0.0015960203209133138,0.0018923444200337229,0.0006673621746679926,0.0022045474130687488,0.0016010161416097712,0.0021813830201356955,0.0018598810281036104,0.0015216724820272933,0.001483562716674185,0.001804073888882008,0.002785283088384223,0.0025429234340244534,0.0032565666108903333,0.002368126498046866,0.0022339055666429426,0.0023779576374566786,0.0032281612065105524,0.002397474094572774,0.0014688348987284313,0.0020066453011240663,0.0017490311266368313,0.0023515776733888808,0.001246730592854207,0.0016875077161382585,0.0018991989214689267,0.0022947320589776646,0.0019845280746324766,0.002407771323365012,0.002952728218563515,0.0030364592086964564,0.0031900825175624416,0.0023416626245856944,0.0031483753817119595,0.001979453731643982,0.0020327952275978637,0.0015479835740597162,0.002684647907746742,0.003903640071963979,0.0029684588358775345,0.001563206479506912,0.0020168221963177335,0.0018512829315854267,0.0031791244926554284,0.004875015785523626,0.0036065343005602895,0.001775780397457628,0.002237158233538298,0.0026717075997238866,0.003500998383856224,0.002201007401555603,0.0018123285484234353,0.0018568410280945871,0.002051868060051923,0.002620619693605936,0.0029272982238033544,0.001523970530494669,0.0030150318596286778,0.0023359912967883902,0.0025836063557636408,0.0018381030356070802,0.00237831050297317,0.003700655928929638,0.0020877120461524133,0.00221449242807404,0.001947258742425143,0.001159124782405712,0.0032316181014471514,0.0013629694898846872,0.00283819612119342
3787,0.002272834075186634,0.002395221317917656,0.001541201246561733,0.0039041098078128568,0.0024004531125264845,0.003222758106345339,0.004439814472115858,0.0019393647153306266,0.002278810711958398,0.0031009642277255046,0.0015080787952879407,0.002167557390666589,0.0017662377437774525,0.0018458554767508447,0.002175597824211812,0.002047693160753911,0.0016634782191701156,0.0019344115219445577,0.0016042849851184177,0.0028925396043463286,0.0020763385688377777,0.0018581102854025836,0.004016279819406905,0.0013350534730451468,0.000725881763815382,0.0021341878522253546,0.00366114091038801,0.0015601016656154798,0.0016700029132297256,0.0020533678269919397,0.004631081131913091,0.0018734011084631376,0.004211031596325035,0.0014673561102077825,0.0018440533609584062,0.0005854823270740522,0.001992932762106325,0.001453203925632935,0.002159822641214562,0.0016226922831391792,0.0014356035392667462,0.0013182243634421505,0.001694563700821585,0.002467082584460753,0.0022786654410707585,0.00318917678634621,0.002243715405458352,0.001948889310658921,0.002188956092050125,0.0028497569180050883,0.002298834715735155,0.0014207152465920156,0.0018530643760694384,0.0016567100384877345,0.00220176236052615,0.0011292450896872588,0.001550783108563346,0.0016988538852222965,0.0020924881261691905,0.0020912209676709763,0.0022496354393110275,0.0025568096554078024,0.0030216821274017813,0.003228000504850101,0.002153182252069267,0.002996708827386925,0.001817261208610038,0.001909968987664651,0.0014322543424531466,0.002584037804158548,0.0035830391686365605,0.0029267790696932204,0.0014412630976633992,0.0019000525019474885,0.0017444574472781052,0.00285300821308767,0.004542110779373758,0.003102048095695907,0.0016846449891991543,0.0020664173096411175,0.002463247115558425,0.003158930288775736,0.0020043818152117856,0.0016811276991817155,0.0017160586160590544,0.001935215355820341,0.0022832652381769773,0.002695396285520478,0.0013520774023837807,0.002788117391491105,0.002163961778034464,0.002494859477804206,0.0018295058716241077,0.0022329192289632068,0.0036409973139905987,0.0019003456186731924,0.002040735221618323,0.0019529289042730744,0.0009720022553005099,0.0029359366169532824,0.0012161526060610523,0.0025115525364039952
3788,0.0027797831989688202,0.0030198168975208908,0.001891602393006712,0.004416385370255435,0.0030248869895630284,0.0036486429305161443,0.0054440476328809035,0.0022331947230071728,0.0027022296978464807,0.0038666824173000797,0.0019063090600527843,0.002868748470616673,0.0021435930413159065,0.0022460237236241755,0.0024662936491638863,0.0024988067952642127,0.00202215878888671,0.0023718319436855455,0.0019194754002239626,0.0033884764262993947,0.002640449666808215,0.002199161084006422,0.0050477024413280005,0.0015194855962059307,0.0008957652340021627,0.0027704720127370106,0.004189694909702182,0.0017654920737014495,0.0019155527372475064,0.0026344498517526516,0.005414782059413984,0.002300237628553615,0.005096807324343321,0.0017383051129239526,0.0021846043449262474,0.0007023389166223596,0.0024462943127247475,0.0016587752099284719,0.0025852251473262406,0.002011310229633864,0.0016230000949864676,0.0016563330411648548,0.0019802029382908494,0.0027544969657681507,0.002768082370588239,0.0037373709431591786,0.0025879994990567305,0.0021880499363078564,0.0025188917467133085,0.0034613561153363707,0.00251068914785727,0.0018130539451904385,0.0022068026981386353,0.0020488386133763687,0.002446515438871681,0.0012886491315533088,0.0019088069868293065,0.0020231235648394902,0.0026472728946965386,0.0025593620261247048,0.002718274429613071,0.0029696001313932346,0.0036327203394025185,0.0035343816542886164,0.0026511381632453243,0.0035450051488774403,0.0019759668314962226,0.002213527176325919,0.001737651526340351,0.003172710341810342,0.004202935811137299,0.003401831240762725,0.0017056924751632264,0.0024957909228352886,0.0020014345812648837,0.003346493070647948,0.005147106547458495,0.004065253596540817,0.0019390566437902557,0.0026459076335716395,0.0029584721846363077,0.004658186899883086,0.0024401244078506097,0.0019893913481806857,0.0020704380895485088,0.0024387317568137154,0.002929792106989926,0.003195027342295423,0.0015515303891023985,0.003369349152846414,0.0025388988196337323,0.003240434034915754,0.002289349464444952,0.002630119896875709,0.004242924161001407,0.0023521652544051847,0.002362367177865127,0.0024805900754183334,0.0012751085195238402,0.0031877875596746643,0.0014425898384408126,0.003194254989345213
3789,0.002618051585321655,0.0029049390251457623,0.001749553508619994,0.0042912821801698526,0.0032298381046362685,0.0036636808220163993,0.005168654997109351,0.0022260139880281417,0.0025713998868097977,0.0038559771952568424,0.0019177085014604495,0.0026932619831907885,0.002130933419259537,0.0023394806530786234,0.002701453281736656,0.002480784306403214,0.0020686779268135865,0.0024872511358566304,0.0018823180976690202,0.003158004059423089,0.0025988051023868005,0.002138072512865706,0.004930099372618846,0.0016219267052770424,0.0008925323400305709,0.002663299467473403,0.004175219686988672,0.0017803554367818606,0.0018859147057440468,0.0024855481946239695,0.005040605542653937,0.0024813496900624684,0.0047341532344350725,0.0018400465341352704,0.002257388105157668,0.000712323736351741,0.0024640844698854245,0.0018873695213989297,0.0026171976656428142,0.001922042710028049,0.0016445217761575084,0.0016930680848257001,0.0019744851507196904,0.0028068516340678594,0.0027586721876355184,0.004145513056387915,0.002669265353561033,0.0020139077680150336,0.002600068791826114,0.0034049177388056325,0.0025631583512127428,0.001965722997949348,0.002006182658297293,0.002068812977141932,0.0022843518548595243,0.0013414727535896046,0.001864814225104903,0.00207856848249319,0.00249292422547097,0.0026250778545454864,0.0027031622932522405,0.0028814097358786242,0.0038581167428283786,0.0035280368170789015,0.002559420870028727,0.003451533821131662,0.001982959371640133,0.002158828225936273,0.001861929563671706,0.0030104050827100912,0.004115929305058954,0.0033069160328888653,0.0016618212037229445,0.002387266904146627,0.002049831684719448,0.003375489794819003,0.005016325791798437,0.003873911373359963,0.002104572097374178,0.0024120302911261296,0.0030398770981145875,0.004288837490415284,0.0024534342308050495,0.0021542327874079243,0.002006240933067891,0.0024198280662829203,0.0028963030370467197,0.002935468826569182,0.0016165034804839096,0.0030237911162446186,0.0025340183939890596,0.003249099532162852,0.0023135345840130726,0.0025503973897458526,0.004332891148849299,0.0023153447858210675,0.0023145976552183616,0.002372875638866482,0.0012746165904488674,0.00302516318726512,0.0013512414871007558,0.0031700257569574957
3790,0.0024408088793934136,0.0027955347195380447,0.001632688445656014,0.003965583475092032,0.003055581341528731,0.003138307093118078,0.004983670085307533,0.0020808221798989546,0.002270249984617553,0.003637542510762929,0.0018943865787314667,0.0022188758257600943,0.0019242621974445166,0.0020285143528975557,0.0027032320700984365,0.0023971452685471488,0.0018662538626154752,0.002351802929947561,0.0017860522357255049,0.00296264216191899,0.002459663823912393,0.0019536596709070187,0.004171335221679408,0.0015510189515788278,0.0007757980097352419,0.0025008808234274816,0.0036614447747045403,0.001687468534352129,0.001820234448001064,0.0023031000526775244,0.004758918668743737,0.00206099834902574,0.004963704043877463,0.0017226523226436582,0.0020595809090374387,0.0006328152980595453,0.0023704389430149646,0.0017016668181300788,0.002482717341339968,0.001887771523321496,0.0015941946823794355,0.001556343372841169,0.001905004974809183,0.002725933843277021,0.0024376374403129765,0.004144289448256984,0.0024652882175367936,0.0022921461390914195,0.002304320994109334,0.003016178467197515,0.002379607349361089,0.001788951191003525,0.002006909135851035,0.0018985719704963156,0.0022987332939085297,0.0012283669162933056,0.0018161259882546197,0.0019182148141095089,0.0024403258284592865,0.002507542097376257,0.002595780710304388,0.002847176344444594,0.003525334814846647,0.0032986385636894584,0.0021830206869359456,0.003334299982663148,0.0018882262414495218,0.0021466689698314513,0.0017048330227964145,0.0026295282475212326,0.003302242075021761,0.0032540055121709002,0.0014246153838078602,0.002213773191711324,0.0019309305162599117,0.00331813885990305,0.004820594419121898,0.003553041780969374,0.0019514483109614093,0.002431141772117291,0.0028327416808845273,0.004075498674382015,0.0020898534851533255,0.002062966987699505,0.0018553751545018434,0.002429744357039819,0.002672681313019123,0.002700426733017604,0.0015315990505314955,0.002891693217019569,0.002311473447053359,0.002965297999507021,0.0020375981115284846,0.0025459739439443415,0.004130850678169078,0.002181242193778103,0.0021320277439164015,0.002241204126122828,0.0011869962174001524,0.0027732130104290965,0.0013175755809760026,0.002991796992413125
3791,0.0024073922494301284,0.0027414417561950634,0.0015497339431619838,0.0037358825043886483,0.003076561205610612,0.003204868910947248,0.005102136250535458,0.0017924798432344046,0.0025165747132983043,0.003553935223739006,0.0019082037220644402,0.0023315480756980708,0.0019793019086945126,0.0019287405530646782,0.0025358273998811283,0.002404226626735785,0.001913597438948281,0.002335283151325388,0.0017544761653307773,0.0029835682972740355,0.002548703913457507,0.0019408090215357876,0.00397113686523806,0.0015170003233274483,0.0008232311271204964,0.002474508008526576,0.0032734475495849497,0.0016432098260698866,0.00182159869137517,0.002342709458045743,0.004825797644308406,0.0019195898178178054,0.005120677568831389,0.0016491848113865354,0.002106554273703157,0.0006722619504630551,0.0022974860918756716,0.001569354318091924,0.0025249499737246095,0.0019251828227700067,0.0015356273521666805,0.001563352416961975,0.001761750667508761,0.002647032220623742,0.002516504033996544,0.0038803063913629503,0.002414648860220027,0.002209808411306799,0.002245136350607394,0.003145708708033157,0.0023110768675200285,0.0017133873455249886,0.002090721331283487,0.0019224939000433811,0.0021915117526504118,0.0012398559053060614,0.001855480496475009,0.0018336267309686037,0.0025060739090367757,0.00255132104703348,0.002592764787166721,0.0028646296962452173,0.0035040371155718995,0.0033597111792378173,0.0023379274910520966,0.0033610673613991074,0.0019215696095294848,0.002125108986466058,0.0016599089825129149,0.002701644057476978,0.00312408740525238,0.0033194213070348575,0.0014453385247096067,0.002410836452642272,0.001898393454473563,0.0032727430904861323,0.004690875113172569,0.0034295717561684705,0.0020045244516248653,0.0024384678110556737,0.002940061265558278,0.004166490790205742,0.0020228498540895068,0.001984556853948703,0.0018342830660945724,0.0024200699788906196,0.002608593495935441,0.002619750990379999,0.0015566506069968867,0.0029242294672953795,0.0024314161088872274,0.002792434729612529,0.0019763326234861155,0.002732358665302455,0.003987140717285742,0.0022628798956628856,0.0021850252207695556,0.0021874039364776004,0.0012067392832972356,0.002720356174959662,0.001336232482809573,0.0029981983091211775
3792,0.002632046209645208,0.002691492763349904,0.0016644358974587945,0.0039058111814238177,0.0034215153536268053,0.0035146359527405825,0.0057476404431981805,0.0018974091467007879,0.002878529091654525,0.003936024576905284,0.0020889967490710644,0.0025756857455189117,0.002177433384810282,0.0019942412479004596,0.0027658088712592083,0.002565432459118816,0.00194818925486489,0.0022490628857309574,0.0018182811726130761,0.0031117163969476874,0.0028123272417394807,0.002074581138949152,0.0047008651397961124,0.0016729549228894638,0.00095608148248093,0.002731505282258495,0.0033469606928600054,0.0017983148691848056,0.001912269714028845,0.002496016127421702,0.0051286574149190835,0.0020316818855012765,0.00536722295952573,0.0017509288656896496,0.0022267287471843633,0.0007590756831687801,0.002606449475782869,0.0016709532956675716,0.0026573183014661846,0.0021706268079571705,0.0016798690041358434,0.001674563042543643,0.0017893485015459379,0.002900836931851893,0.0028877227154551315,0.004200098413337699,0.002561299582665543,0.002302928084391872,0.0024820739862254073,0.0034123265428503895,0.0024042723138108257,0.0017930231417554979,0.0023764012494791285,0.0020862410948366615,0.002244399382066595,0.0013292087058395861,0.0020157137265021433,0.002064700078858442,0.002698602499054951,0.002488202113372178,0.0028192277594874604,0.003092530547960119,0.003592125987421015,0.003213077404736275,0.002470506047028743,0.0034983018271941466,0.002133247141323396,0.0022099612463894478,0.0017774579052622478,0.002699977748325053,0.003189103895841961,0.0037285732430670368,0.0015324001015116836,0.002518748842323989,0.0019382143024073396,0.0036880159544952487,0.005003575086912441,0.0037663279059180245,0.0021916137743050717,0.0024394429418334337,0.0030579282422483435,0.004890490078127651,0.0022426456459454566,0.0022452611465601123,0.0019375724769427846,0.002641723071069695,0.002898698295955892,0.0028813036774091266,0.0016764963108804956,0.003132754740603559,0.0025798713708545216,0.0029872633482415883,0.001985610314453092,0.0028479780522788017,0.004099583968280479,0.0025087049975194816,0.002453244831114184,0.0022915165890582084,0.0014196873352383163,0.002887523198998349,0.0014314596820515228,0.0032925522272846982
3793,0.002356868847738734,0.002312437741955464,0.0014877490108282248,0.003674134814287187,0.0029405793005234473,0.0033187559966590813,0.005106946232527078,0.0019258953545206493,0.002605287425790627,0.003634638462939263,0.0019271322708050308,0.0021639349942469657,0.0020243655821652593,0.0017866536628537819,0.0026167020600800376,0.0022836923705869226,0.0017151226521213245,0.002056792443646321,0.0016815554733627535,0.002850632379630738,0.002506568723009786,0.001958115420985419,0.0045989867524478725,0.0014619557409012583,0.0008874557753006415,0.002454629952363613,0.003109268283880743,0.0016978632276582657,0.0018084549233408891,0.0023089693376535767,0.004589543154113272,0.0018451783205566978,0.005167470646470979,0.0015766969898877421,0.0019858680305184844,0.000691390795837796,0.0024253315466234186,0.0015371878366490757,0.0023499412483870964,0.002013300103096472,0.0015965950605043705,0.0014838199545676313,0.0015847427521445273,0.0028526603799952743,0.0026777235030436847,0.0042484217811643,0.002416561985094965,0.0020882761286238156,0.0024051242350243505,0.003045060929991659,0.0022529888201795367,0.0016505213918588037,0.0021056243536019723,0.0018422731460874683,0.0021580482153580535,0.001209579871272453,0.0018626096877681186,0.0018181559345339373,0.0025572007183161613,0.002177990007862676,0.002636057708199113,0.0030313334922596968,0.0031900381284303346,0.003019174595453937,0.0022414177281747734,0.003323100571206162,0.0020183317761523836,0.002098182112260964,0.001684082091769186,0.0025688648007645746,0.0029507137732642237,0.0036314009155806516,0.0013936565009836622,0.0021252173467103345,0.0018274896939117207,0.003591645193972247,0.00482639285372312,0.0034536625058051757,0.0020615907959713573,0.002139726198497708,0.002744845304887563,0.003492428621746329,0.0021688856711397472,0.002004206394047159,0.0018061984196610773,0.0026553036437421762,0.002642498325981901,0.00272956178062209,0.0014911892848232446,0.0031033029877880025,0.002375150304317386,0.0026596989551852207,0.001683998159725766,0.0027774107105800173,0.003919925370069291,0.0023124364844198,0.002354804532842693,0.0020071633132671815,0.0012751599947894092,0.0027816503826678055,0.001242816103296583,0.002821603809328276
3794,0.002489045285705257,0.0022128535311107694,0.0014749972198656095,0.003483582358923267,0.0029453210782340706,0.003123430556689976,0.004902898078790335,0.0018494659456125791,0.0022570784285025954,0.003622092905228618,0.0018792896840802104,0.002077452633762896,0.0018301944941547972,0.0018065491288054745,0.0024566729018309073,0.002171502107635469,0.0017390698684808437,0.0019972207737251084,0.0017177194285060947,0.0029032490172888146,0.0024301056986668146,0.0018774815115545338,0.004410282774091604,0.0013877009487272857,0.0007785346818640866,0.0023735470978808013,0.00325961719879937,0.0016097936976598017,0.001726867149238634,0.0022804718207046293,0.004334253382376516,0.0017952642813197097,0.004988999384017605,0.001499496171915491,0.0019676572369754963,0.0005915510983593326,0.002285492791993352,0.001437387164567958,0.0023647086363139283,0.0019507291362094853,0.0015847551961612463,0.0014337243112398058,0.0014188098904670962,0.00277447666599248,0.0026334202312306688,0.003870629741898307,0.002318058073467209,0.0019237963020215646,0.002198160976918286,0.0028903568077636222,0.0021504269206368463,0.001644078684123598,0.002212757142659396,0.001773878060126953,0.002088800876351822,0.0011717272862966756,0.001847986006274461,0.0016934820585107191,0.0024662553876759466,0.0020880737102501948,0.0025135072709402723,0.0028803462717645082,0.003057263653265926,0.003153910275049473,0.0022693682415875515,0.003412295379993309,0.0019580120363847098,0.0019757970475875928,0.0015207875085808005,0.0024795337288180353,0.00248679135401417,0.003489503933012418,0.0013387866568184946,0.0021669292434898222,0.001665623148594441,0.003217058428741842,0.004666690019018148,0.003362942054491644,0.0018920663916534596,0.0019491583383426491,0.002540494305523963,0.0032997036059509662,0.0019677636909403574,0.002004814704215247,0.0016433672504472267,0.002441649178799943,0.0025022878842391053,0.002635723758999568,0.0013859408613680565,0.003373394732003094,0.0023282931583872763,0.002571665647217509,0.0016446033557997004,0.0027738137191210877,0.003827779402458743,0.00216450717787755,0.002328619981360252,0.001962946407570884,0.0013185397571043689,0.0028050078970763385,0.0012488588019936538,0.0028285221833012574
3795,0.002544075438991888,0.0021624946105337746,0.001464387038348923,0.003371225657830525,0.0027840261200971837,0.0032458271377590288,0.004585645216568252,0.0017011533969733407,0.0022999780607153913,0.0036537416438718003,0.0017802184762052335,0.00240620714137739,0.0018436211794786695,0.0019372371170568975,0.0023635147303990483,0.00209195908903424,0.0018379625657014126,0.0020690003713303615,0.0017277622162831965,0.0028571094140863403,0.0021872650876429973,0.0018425572711579842,0.00447236916556868,0.001441208855361649,0.0007533660398369138,0.002468325507323165,0.003482359766950034,0.001539137581560132,0.001639438887894934,0.0023005585841150747,0.004579706712099794,0.0017851047203252578,0.0047364766899675725,0.0014895392670649028,0.0019176382153208522,0.0005832713248073086,0.002177452395908148,0.0014527222968050636,0.0023773134368033754,0.0018274895927173017,0.0015410029800179785,0.0014076914375045458,0.0013707549513654368,0.002629778141988506,0.002647872408107059,0.0038612472591592014,0.0022519117522613683,0.00197935694711788,0.002135938067805166,0.002843063639955941,0.0021592268839218157,0.0016059926429610554,0.002244714237689301,0.0018534073434171192,0.0020605623331048867,0.0011685498740144514,0.0019292049921724895,0.0016929618165219863,0.0022515713544104393,0.0020610416997363656,0.0023186786686026787,0.0028213622534143824,0.0030043328317928726,0.003044885779075093,0.0022644856103375016,0.0033896984332746423,0.0019061331624142684,0.0018815001525921422,0.0015687491765581625,0.0024412882602847965,0.002586204970139452,0.0033382580033524583,0.001349587788677063,0.00212278208689335,0.0015939948494448316,0.0029852155814911914,0.004667277486985594,0.003220987400807374,0.0018428656162223236,0.0018389897862884095,0.002481263350132891,0.003130405199182853,0.0018662119727018553,0.0021974635510644807,0.0015608257762741219,0.002285881434751099,0.0024516682626765296,0.002457879673202393,0.0013234151491325174,0.0034106029994988114,0.002228743122993555,0.0024253273078667457,0.0016453130443241717,0.002555802586343931,0.003781257313547478,0.0020660822606082666,0.0024076454361634846,0.0018971016055770143,0.0013953129656586517,0.002806837813861424,0.001208003930353021,0.0027672190867217387
3796,0.0025543241330563417,0.002137123384397803,0.0014676764321785837,0.0033592721778625736,0.002789415893116284,0.0032065760678754956,0.0043346141216660285,0.0018026572293657304,0.0019905879232432607,0.0035061526433608115,0.0017392219833608617,0.0023836142384886403,0.0017439989480697732,0.002004604980572952,0.0023421570198810648,0.0020571277469529094,0.0018637779646596766,0.002026667595563666,0.0017523358910315218,0.002835268885479833,0.0021759950563528326,0.0018144586015572432,0.004557184344475147,0.001432889862703487,0.0007611589482823803,0.0023978362459537283,0.0037029445989712,0.0015987507531278634,0.0015950556199735258,0.0022811828186425267,0.004715693366104569,0.0018227355389731517,0.004618088173284477,0.0014961261912944527,0.00185196134662324,0.0005845007180636112,0.002091486117142426,0.001476003847722008,0.0023224264652116607,0.0017871830318652085,0.0015491933645357676,0.0014197028751906772,0.0014406338785282388,0.002660036767025612,0.002470276331809793,0.003979357825188145,0.0022621154281059373,0.002038594498908051,0.002215908948151613,0.0026750853232423042,0.0021240623469928454,0.001642228824042693,0.002145409708895214,0.0018777438950958014,0.0020204961113101235,0.0011576562402821743,0.0018393491939449331,0.0016783067711451938,0.002310040673234758,0.0019806410235845475,0.0023412626738294087,0.002754118934187604,0.003003784433085873,0.0028177370235474867,0.0022079840158063255,0.0032679775159593703,0.001864747141100871,0.0018599815658090569,0.0016675265621056987,0.002469088792872358,0.0026088982909746134,0.0031207220887114226,0.0013142039880132794,0.002203728487552102,0.001592793493119925,0.00284646137823791,0.004753333134579591,0.003066531788143844,0.0018750220414786279,0.0017886567039348208,0.0024675626191710993,0.0029469586090988937,0.001823207862747,0.0023778498581588647,0.0015350643558700058,0.0019588289232170034,0.002377687357276264,0.002522194359858961,0.0013117581521364687,0.0032226984792769558,0.0022231261026281323,0.0024014797390647467,0.0016453389351028362,0.002412071400889027,0.003630994037621516,0.00209031403595957,0.0023319539841866023,0.001885813601539036,0.001351075960777573,0.0028206046321440467,0.0011785418892613557,0.002561636353142157
3797,0.00242191171325337,0.0021579635159356537,0.0015613303244430019,0.003093883632807979,0.0026110439089466137,0.0031425134856111966,0.003718028222747771,0.0018056047410331707,0.0017109421970029272,0.003322363167039219,0.0016809264643566214,0.002170646192788162,0.001619869112937615,0.0018667102893111594,0.0022418675956942516,0.002000672514433212,0.0018213250263631254,0.001989639586324346,0.001825535716365702,0.0027751595035920666,0.0022096251568543717,0.0017468798605992481,0.004175661555706382,0.0014214951907588521,0.0007376098272894082,0.0021598291879614687,0.0035601390495490224,0.001580752237156261,0.0015957075535877141,0.0022889421902141612,0.004630783590442979,0.0017606575840118865,0.004302715476468349,0.0013990027613078745,0.0018148682973813,0.0005740487882413718,0.0019605093361376,0.0014199980618977866,0.002190832751249756,0.0016902551850177076,0.0014878277519595783,0.0013817215702774902,0.00145797333427504,0.0026698555207722067,0.00229559747627578,0.003847727682438796,0.002190926981505443,0.0020361840118392864,0.0020268321878584516,0.0025730048294998475,0.001927168439744953,0.001584003827014594,0.0019349495516092457,0.0017736391078221835,0.002152841220606721,0.0011676072843775647,0.001704704881891345,0.0015751466235436455,0.0021030820706859706,0.002011868441397934,0.0022299412079759525,0.002771094929413002,0.002827475988097209,0.0028365405978524583,0.002098488596793108,0.003045696637920585,0.0018086923694939727,0.001733566853115881,0.0015794120844697965,0.002322676874770062,0.002645893417705001,0.0027848425791036345,0.001297728034982036,0.0021728389915117714,0.001477410067757766,0.0025673791824182145,0.004523865794315279,0.002793942721019067,0.0018219017277029815,0.0017831134346759433,0.0024129375156465654,0.0026286682394942667,0.0017077372142862291,0.0022961290352450855,0.0015154131836089028,0.0018861248918773672,0.00236606269528248,0.002641700545337062,0.001261997346579424,0.003068316128776084,0.002240436996345084,0.0025684626885711117,0.0016284999573406224,0.002275796092264698,0.003453676459179492,0.0019944938182092998,0.0021642204846649806,0.001787819787385458,0.0013306889624656198,0.002641846591631441,0.001117036660820436,0.0024100364560301134
3798,0.002590065557441816,0.0026549249398802217,0.0016553467963908628,0.0033139058502570356,0.0026509350128743484,0.0033742970140213753,0.00406437707368786,0.002110870451095682,0.0019637427316201955,0.003678331471668484,0.0019731053670083757,0.00256811999841664,0.0017326447225487153,0.0022870169795841636,0.002531422636368935,0.0022260410481213756,0.0019375960864528733,0.0021613617846085475,0.001967376756504213,0.0031773413490272227,0.002513644848085866,0.0020158260082786704,0.004007683526739837,0.00161216835353215,0.0009272466711170482,0.0021982657649734097,0.003734199981599155,0.0017002835305648244,0.0017435842248884519,0.0026094506445085756,0.004906023508100893,0.001929872501407368,0.004499112755878145,0.0015954643876426669,0.0020073837160768772,0.000753540853580361,0.002278990760018058,0.0015819932515158132,0.0023984788804292845,0.0019353030993149026,0.001560881229309621,0.001527811708152534,0.0016281653677988432,0.002755637475237948,0.002713660841089592,0.0037263000875340014,0.0022519981763540996,0.002379680340878137,0.0021401596203053435,0.003008169045884983,0.0021986416255410494,0.0016654059836625809,0.002127664921322158,0.002042936420849542,0.0022765154981414684,0.0013973999549170308,0.001994448948482056,0.001825855819458064,0.002267665005919995,0.0022251365805054657,0.002325022869445081,0.0030111360224295996,0.0030367626460215064,0.0031276747774521534,0.002178176237796694,0.003021762274406955,0.0020339917829531695,0.0018907986721429,0.0017587770404681078,0.0026052399230790204,0.002894439751002264,0.002921361761335087,0.0014299610834144821,0.002458610278264718,0.0017812010238878382,0.002688213148636841,0.004669017455652726,0.0027914270313925994,0.0020266644492464804,0.0020444310309045166,0.002697892856565873,0.002922994959864314,0.0018424476419153645,0.002468803917942044,0.0016283701818498185,0.0019930165129914924,0.0026217271694817528,0.0032482327763885543,0.0014974035743430352,0.0033510660650632636,0.002391815671156306,0.0028358029505636184,0.001855392471121205,0.00248805189154415,0.0036343782868874714,0.0021481582597498057,0.0023794613057464614,0.00210405607104021,0.0014652784570162098,0.0029780346498010425,0.0012936299867565856,0.002771801031302276
3799,0.0028974634921167756,0.0028738333251486807,0.0018368022800450718,0.003964261595479649,0.00301266239493423,0.004042269288286665,0.00443825295195407,0.0022706099681162207,0.0022885819239181005,0.004140030554445851,0.0022728300096125915,0.002949784044352549,0.0019111926840712336,0.00276637819101083,0.003146672978894282,0.002533419446219579,0.0021940017548176703,0.0023182039214936826,0.0022114454371552324,0.003582497994036619,0.0030468068404896497,0.0023990049338502915,0.004719067144804404,0.0018993937718385441,0.0010458063876934798,0.002604138874480441,0.004200131149277713,0.0018773092035449506,0.0019487504500398615,0.0027476199779465915,0.005227164672394636,0.002122916563170748,0.004895929493308879,0.0018227350313939604,0.002386459058422258,0.0008425667399578846,0.002476389694764893,0.0018400972209284756,0.002693026974577695,0.0020858536872127866,0.0017608771186959852,0.0017759678210612334,0.0019201795227415924,0.0032045059624801597,0.003035933332231269,0.00413491238224642,0.0025853969467361524,0.0027023891555386006,0.0024489176058068024,0.0034226695183910924,0.002657494881535072,0.0018916479508016676,0.0024037961256264204,0.0025712736244037112,0.002558547731344139,0.001591698752087878,0.0022038330558875325,0.0022567492939823018,0.002677125973297461,0.0023813521866488533,0.0026760965332521766,0.0032091288387094763,0.003493574149630147,0.003223626794167902,0.002392082492473977,0.003343221155648553,0.002320809579542834,0.0020792764480305832,0.0019584843502817844,0.0030937114561785193,0.003495090996446944,0.0033690936331885655,0.0016804589156040955,0.00259203513440857,0.0021203423817467795,0.0031450572897356492,0.00552759702600569,0.0032751423853599956,0.0024105543805905006,0.0024255893134388345,0.003261213576021738,0.0032860822445883765,0.0022408110514011365,0.0031727870343185695,0.0020231052996452607,0.0021466842896996304,0.0030009787302415027,0.0031128779151512365,0.001787795856009248,0.0037260346182199254,0.0025964152244138793,0.003340954695530414,0.0021913377090123872,0.0029444888737096193,0.00395346420730539,0.0024304322610579844,0.0025570957173948715,0.002502972046155511,0.0015724114572242625,0.0031328124286090684,0.0014519366962600319,0.0030658030886264575
3800,0.003218650069455641,0.0028645620416588493,0.00184621209432399,0.004037626379429431,0.0032850855303601318,0.00416585506709679,0.004491013440088318,0.002254952457753173,0.0022875909580684296,0.004009799976252555,0.0023699547093812075,0.0030705938366213385,0.001961102584014676,0.0027572413257648453,0.0034420568309209837,0.0026322470658842355,0.0022464569924111155,0.0022148937820165903,0.0022704098252640946,0.0035999525610004046,0.0032456857880665295,0.0025468437677974597,0.005134454672839938,0.0019395244828673281,0.001069962057624227,0.0027595958312134853,0.00422583173408937,0.0018927632003459026,0.002038800183013376,0.0029543740791763084,0.005226978555093828,0.0021833689119169827,0.004946875248425326,0.001872836220109649,0.002552666452820411,0.000862746081690372,0.002403650767207509,0.0019380900407062205,0.0027874649498694747,0.0020702167275128223,0.00186313192168802,0.0018909525738500328,0.0019940183461056283,0.003650646191273291,0.003036779021614964,0.0042054643081351414,0.002719575049327338,0.002905087324268552,0.002497120053009007,0.0034107131292486033,0.00276198974557456,0.0019219406272529551,0.002539732192492345,0.002711439697673228,0.0027998480399936245,0.0015470820750263952,0.002085588147031869,0.002251118737751408,0.0027654251601247452,0.0025858432344933505,0.002869977383030316,0.0032930397155640136,0.003750833956011347,0.0033741341278917722,0.002331657747667901,0.0034224821494219207,0.0023610417229631185,0.0021967396830877423,0.0019410241190163594,0.0032995694268619503,0.004032690829886971,0.003506942114729666,0.0016806654252680762,0.0027105275940721187,0.002104216763999088,0.0032413123222958143,0.005510736612846982,0.0035789822740735474,0.0024629150817548334,0.0025942311595885253,0.0031276915735950765,0.003419104715722683,0.002243254502650362,0.0035882351509713547,0.0021486303840078463,0.0020981649782954317,0.0030830344819647716,0.0029188699700993283,0.0018544938277043896,0.0037732727214273326,0.002589204198951341,0.0035864523859105066,0.0022367674108755954,0.0030990412599960493,0.0041595104203100575,0.0025005860091249473,0.0025314658578458435,0.002445598490971157,0.001573713886467304,0.003084341234461277,0.0015065550712434674,0.0035080939250862796
3801,0.0036391035190741607,0.003584600321920799,0.0022882133004551415,0.00442089827201,0.0038295274540710404,0.004631748182095663,0.005386585366462973,0.002478716807626511,0.0028823628872192294,0.004687698728282691,0.002947236420876042,0.003682950046595397,0.002306153941584422,0.003143877020197226,0.004868710504010215,0.0031947749727677488,0.0026212627073015685,0.0026856984712352876,0.002667069023210753,0.004067585637023543,0.003857416376068989,0.0030199285480907927,0.006039416773539479,0.0022013328701251155,0.0012189426641940999,0.0033922045082979864,0.005293175047541483,0.0020957575502397454,0.002327201185173564,0.003463554881135563,0.005776621792680131,0.002549031096299868,0.005815408268667053,0.002180003427297112,0.0029562973533769346,0.0009890420597278718,0.0029780182908862754,0.002312954616755929,0.0031942025571382406,0.0025596516751824902,0.002125034024526568,0.002182512800396972,0.0023672403371419472,0.004354805296254243,0.003642020392791899,0.004651599629008886,0.0033207585778850905,0.0030501381405559354,0.002856570933538357,0.004489830825988037,0.0030288353106214935,0.0022597213085769822,0.0031373017122265944,0.003417010560158944,0.0035919565539111174,0.0017821792294189177,0.0025349974301267356,0.0027480461627377144,0.0032176494786560696,0.003217408175996546,0.0035162354704400306,0.003688556561701454,0.004317535261639167,0.004009127888665111,0.002715658851838959,0.003913941155331878,0.002691640284557548,0.0025048500455381014,0.002330719486854161,0.00382303436299459,0.005019998332446121,0.0045329609366890795,0.002007674548327848,0.003060179811110069,0.002504732564249852,0.003824984603958243,0.006276145836891857,0.004350393393280255,0.0028153368055953507,0.0032168162096027583,0.003632797416935005,0.004378939820105455,0.002871182650373168,0.004621079582124876,0.002561574688637945,0.002652268991995614,0.0037594142742236516,0.00318328490588511,0.002299342174585186,0.004433405372840164,0.0027890604951296793,0.004608407300034129,0.0026034923882017657,0.003615387282751589,0.004760593024639503,0.003005681752339228,0.0029119599342497227,0.0028974802491951793,0.00187931308804171,0.003439365138751011,0.001723173032736666,0.004254188471548616
3802,0.003937274160809893,0.0036996534275328626,0.0021255671343811664,0.004724959303187446,0.00421720666315405,0.004858289155123363,0.0062350567051477936,0.0026512825594533075,0.0030269214800519883,0.004690538127649812,0.003150081367129599,0.004125120107505205,0.0023764718856124434,0.003441322971812386,0.00503674307113814,0.00315832114461399,0.0028561888141149286,0.0028353352293285145,0.0027181907775441967,0.004183528357714068,0.0038509171848717847,0.003295394354790524,0.006156198408632572,0.002185928105773163,0.0012609888857313548,0.0035547326891968846,0.005763943696772581,0.0021753122972464393,0.0023014286718773176,0.003493176567756642,0.005971578380494896,0.002557114523875216,0.006035455242571065,0.0023757734426956834,0.003058599528911926,0.0009983946216352562,0.0030410318528851267,0.002484603422148218,0.0033447781836134626,0.0025044836793610688,0.002260581129890464,0.002307857944646487,0.0024566524199184834,0.004361714560124228,0.0038353426970426925,0.004573858934489899,0.003449296721036245,0.0029086272316572663,0.003032292862552879,0.004578116285924632,0.0032200291706855305,0.0026389383419254033,0.003605117943643464,0.003723226552090552,0.003443042875585349,0.0018669667061141748,0.0025414617063108454,0.0029146113226281023,0.0034968965477122213,0.003254099443352017,0.0035315049652314243,0.003611379739946367,0.004589870698870906,0.004132899571200207,0.0028701697462819044,0.004191035806623934,0.00279950216236875,0.002613679043872763,0.002442060378910846,0.004073902393463751,0.005119688452018576,0.004921995488793717,0.0020671785013759085,0.0030494590058434455,0.002669292666913901,0.003955284930705534,0.006483479941684417,0.0045609832923481745,0.0029973023490007644,0.003257009973185402,0.0037697077886573657,0.004443974400111018,0.003046109643323381,0.005239031836365437,0.0026404503472136362,0.002620752452407059,0.003789887315018283,0.0028082970459260784,0.0024069081439417658,0.004670732883985489,0.0028466047562014534,0.004483468509825911,0.0027616047002550345,0.0036038446027477264,0.004870558894904003,0.0030681732617007947,0.0029868623180536033,0.0029743267964967273,0.0018493404497259341,0.0035546448534794542,0.0017225278634035379,0.004632140729213173
3803,0.0034656697429620584,0.003309155384892949,0.0018418608743954342,0.004273100458954848,0.003779813913425045,0.004253347218422871,0.005556029753467579,0.0025999864563813007,0.0027387438327261147,0.004112856499714406,0.002752102652116424,0.003472377024133941,0.002111443656903072,0.0029542900939477012,0.004471694189462057,0.002808010117843865,0.002603022031732382,0.002449725364859731,0.002414818102361785,0.003686256298973039,0.00328482751674901,0.0028339225070003254,0.0057806630095291155,0.0019690530558699342,0.0010058472528664093,0.0036365308478773445,0.004784325350204295,0.00195545936286357,0.0021012340983430178,0.0031628656223781472,0.005830820426356722,0.002259501043147036,0.005486566039117335,0.001998157922905455,0.0027249785178512856,0.0007897989412108216,0.002602938302501603,0.002280621339691505,0.0029451260543552583,0.002150785770182316,0.0020981468992415046,0.0021188281187574797,0.0021895309642588393,0.004015520850830875,0.0032864942304387484,0.004352156442136013,0.0030770613693895275,0.0023827222852800807,0.0026800980675696527,0.003909177284152376,0.002960133058477359,0.0024359543676233386,0.003230836776268734,0.0033675480298447445,0.0033328917834921567,0.001584894394751946,0.0022312574239942875,0.0025156880069636314,0.003106437056791831,0.0028682298253014434,0.0030794434949417784,0.0032978286125269892,0.004123707088384438,0.003557741674520593,0.002547116696734896,0.003978236807967065,0.002447247673326623,0.0022739954996771564,0.0021120210224756693,0.003540306719015646,0.004632971028410195,0.004442800810487746,0.0017970937170393056,0.002712923344548255,0.002132525166159898,0.0034580443205687,0.006048488038552567,0.004467579834831611,0.0028406699729241875,0.00280844091455746,0.0032328805476170177,0.0038574922402159462,0.0024489072935645097,0.0048150015876967656,0.0023708760489216324,0.0022857844689190866,0.0034172819324187337,0.0024617131522208405,0.001955415902092044,0.004571329965863894,0.0024109852860919097,0.0037668623323811124,0.002378257002531129,0.0032351794969973035,0.004456599158903593,0.0026161546688414977,0.002686689094414716,0.0025148242846779836,0.0016192423648878499,0.003048062020271296,0.001439956539666606,0.00438410998696088
3804,0.0030556766116781727,0.0029988509716708926,0.0015981330245792122,0.003942832817748111,0.00349633674146504,0.0038549981371672564,0.004987134300778281,0.0022858486249819547,0.0025536533706208477,0.004021182202235145,0.0023492119561164815,0.002943904739674442,0.002024196312975304,0.0025211430394275784,0.003955253934812104,0.003140320372272946,0.0023923657495700675,0.002235858465058872,0.0021513439767306803,0.0033412505920709617,0.002788051981182387,0.002509186016098886,0.005360670124530464,0.001748957043899558,0.0009210286991053263,0.003312129294436469,0.004460210565467491,0.0018446242629791385,0.001915828473889749,0.0030283210269341273,0.0054248719120593755,0.002217667614769864,0.0050575428081661225,0.001809307114890924,0.0025123262018151788,0.0006799183655270258,0.0024511538229416135,0.0020560389299206904,0.0026160505415254126,0.0018732699840197696,0.001872906399150559,0.0018729784842170544,0.001932339340628727,0.0034444827975028134,0.0029669479362752936,0.004085641091709419,0.002747924551873037,0.0022975472724865525,0.002468921718327174,0.003347415083563901,0.0027014024846830817,0.002156412039921287,0.002596568343146277,0.002861385840940137,0.0029284130771314184,0.0014157117364400932,0.001948721713712184,0.0021014780530612645,0.002836854190555844,0.002744362798992201,0.002805165358867103,0.003100566399297778,0.0035879858793296067,0.0033004080913099946,0.0022906804949171947,0.003621042589145691,0.002248079303071646,0.002026640569310947,0.00188440572621607,0.0029360806489595495,0.003942389491738242,0.003985799553663761,0.0015729669202661472,0.002300162731343367,0.0019485939229820918,0.003187712266096205,0.005458751469789241,0.00393779667481097,0.002768363445724637,0.0027014925493582826,0.0028103931915995297,0.0037197092092238265,0.002109141593794802,0.003954552079067696,0.0020049360880252973,0.0019777413843998486,0.0029868382360107915,0.0024285872620270696,0.0017284931322789079,0.004059658486695708,0.0021887278660674744,0.0031506677355669682,0.002063334504034539,0.002819439991265042,0.004121601991366944,0.002409227295369667,0.0024127324705158575,0.0021398483654889036,0.0014853196393355649,0.0028913085993275273,0.0012915700414578414,0.004003281446817845
3805,0.002822713307047889,0.0028056563379459678,0.0016126916395555867,0.003813556771082929,0.0031826207734620953,0.0034799119237031036,0.005043924133565742,0.002091716079124271,0.0025319737335111744,0.004012972996132829,0.0023166719708752875,0.0028554629134922827,0.0020917982369266126,0.0022504240516514995,0.003523941787382536,0.0029222216103252266,0.002102462671434662,0.002160876480205829,0.002061425680790081,0.0030560923574561353,0.002719771480767295,0.0026278637643557742,0.004765531114964863,0.0016250559389043113,0.0008970469613728263,0.0030232362242883716,0.003958365753787887,0.0017309992493992456,0.0018230357119601464,0.0024903012814790396,0.005010603071902646,0.002104591703513946,0.004677397531177391,0.0015926983394427916,0.002337873949594762,0.0006510864759836427,0.002394094122787442,0.001737035482135664,0.0024855764747612327,0.001874225454473157,0.0017160537611903644,0.0017744797931562451,0.0016800558998909354,0.003091305849244685,0.0028740806105594947,0.004001499145628539,0.00262743531532337,0.0020537231134349332,0.002335537636955213,0.0034856227546059197,0.00253354176454767,0.0020193557163988443,0.0025216694277198064,0.0024857725892052105,0.0026820293718403825,0.0013247479831409012,0.0018096274489890196,0.0020257331512592725,0.0027569091925976627,0.0026147399795666965,0.0025806365339914104,0.0030010839109245284,0.00328108162538023,0.0033667112170125586,0.002268857118300756,0.003431155060200441,0.0021828416914842206,0.0019582659399576536,0.001888413855822818,0.0029175440855350905,0.0034539991312806852,0.004047920628518153,0.0015150328645804558,0.0022605939966660986,0.0018917169528535774,0.003153899789079813,0.005224474070100904,0.003725345726076958,0.0025741458984694997,0.0025052291473674805,0.0025942149341307875,0.0034016038810135603,0.0021113308284227217,0.0031959422028481365,0.0018836748270139882,0.0020275406029851375,0.002984842049634881,0.0027913740364825823,0.0015358444636594957,0.003726997734472578,0.0021819480328496657,0.0031271791342464563,0.0018714462718279364,0.002788508921097175,0.003960639211212068,0.0024179094500148923,0.0023104730980986012,0.002076861920524283,0.0014042007639447124,0.002764392937333159,0.0011732152804839943,0.0037453749683926123
3806,0.002526936603209664,0.0025790167625863655,0.001418178641731392,0.003419506988319885,0.0025939751658463238,0.0031630026386325854,0.004832892618599308,0.001991147581412255,0.0023879332293343424,0.0034664515568527243,0.0020842674499851797,0.002492192908582282,0.001976921956331452,0.002094626327883505,0.002765385476081848,0.0024151197073699706,0.0018060832488167949,0.001880967395631063,0.001792929115629128,0.002965250288210872,0.002528963504918233,0.0024463292015814105,0.004053348452984179,0.0015269456283871852,0.0009131548601894971,0.002635685284884278,0.0031321794191198427,0.0015550406772754592,0.0016945162339453222,0.0021912970701660536,0.004777630200253487,0.001877383910966022,0.004252085210046698,0.0014014408390061117,0.002052987837124603,0.0006668872086314647,0.0022167837240499293,0.0014741752440578127,0.0022235233240111324,0.0017797002878107877,0.0015107116773422256,0.0015930810875545468,0.0015364578899528805,0.00281706914078105,0.002655645851324477,0.003640005161219494,0.002371162773211348,0.0019321702651358796,0.002121149472578027,0.0030811930801441924,0.0024106961678871624,0.0017783755532226222,0.0022030607910092804,0.0019992816175902054,0.0021890202170385376,0.0012461021242430544,0.0017256467200490247,0.0017169258893263038,0.002564904250555825,0.0022149740664777653,0.0023337027461607066,0.002823323537511343,0.0028569959889140056,0.003110595199620088,0.0020950906828869744,0.003062424258953241,0.0020393621815642,0.0018556419883654085,0.0017532186748721818,0.002619714278706296,0.00308113426748462,0.0034314278739603437,0.001374193269176407,0.002083562817703388,0.0017564239154737112,0.002853924662968874,0.00485045725193504,0.003185348347716257,0.0022967696068346855,0.0021884043651699795,0.0024230046109458953,0.0029583991533793613,0.001871288958343637,0.002269772404235133,0.001642398730655556,0.0020270503846234306,0.002639346426056101,0.002953643701094713,0.0013661724464078778,0.0034025291248296207,0.002253436162450987,0.0026102600153853333,0.0016193957998312768,0.002595147508527815,0.0036265313647708816,0.0022102608190425563,0.002135157238957366,0.0019011219501370053,0.001297966745214539,0.002677360933411949,0.0010590046670037817,0.0033823026936950374
3807,0.0025176596273619673,0.0027921561796052587,0.0015166133174529456,0.003606350886856083,0.0026694682552003677,0.0033225756192645332,0.004616626344291152,0.0018803727684875277,0.002682022631391544,0.0036169582524105135,0.002100090509022586,0.0024689692495136156,0.002015662795219344,0.002141002971469573,0.0028696966746892356,0.0025080854788072423,0.001823419799556041,0.0018981622800501332,0.001840288523172347,0.0032012545198061913,0.0026533775765471943,0.002366004594078518,0.003978112956701169,0.0015773706443757466,0.0009884895563853852,0.002668401644090114,0.0034047401716370794,0.0015923197883759644,0.0018655998850456534,0.0023027453054912292,0.004715838404876298,0.001868659324784146,0.00439294461199201,0.0013967385348299733,0.0021562186219428884,0.0007236933812934022,0.002291081623888133,0.0013818044591278594,0.002242912649438956,0.0018877550719115072,0.0015818841111990807,0.001633004298920282,0.0015660843967654633,0.0028734136735131892,0.0028080268130769763,0.003712261570863366,0.00248734634484578,0.002247152377252679,0.002316941100550015,0.003278590172767355,0.002472693596826841,0.0017322229694058328,0.0020566651916418366,0.0019636565546191126,0.0022362162032445623,0.0013184133552032237,0.0018378251572148331,0.001732565690602214,0.0026594234849262703,0.002209216442984847,0.002599022459069616,0.0028696364785359093,0.002928294918349955,0.003215852685415533,0.0022032809020721814,0.003255058697276538,0.0021034068097929427,0.0019007454027647923,0.0016720349376899192,0.0027499366914660317,0.0030718087571055784,0.0036222137343588164,0.0014221089814958684,0.0021254225435197987,0.0018648541413315662,0.003022869123630822,0.005164435654281991,0.0032817466211299,0.002233722415494668,0.002244348927322186,0.0026060448594042458,0.00330105783565768,0.0018947412387587072,0.0020242209624187876,0.0016839634425108274,0.00209064300437421,0.00272908163954752,0.003296565227276235,0.0014553855674987017,0.003566286568481883,0.0024063898803063396,0.0027767229839151288,0.0016880515241185284,0.0026239270496508232,0.0036592181190343936,0.002313962062500041,0.0022575279858236875,0.0020982541943573977,0.0014179102039828244,0.0028328019707583867,0.00120238552656292,0.0033735009295234905
3808,0.002880427041244831,0.003008168586458909,0.001689007401470484,0.004052824086839892,0.002809924526658769,0.0036264417931961197,0.004848829560851428,0.0018810789192247527,0.002751949805367861,0.004023951294127632,0.0022715056718083685,0.0025576043814930375,0.0021317358659590988,0.00225382075145295,0.002823536559585693,0.0027184186640036535,0.0018724508130275163,0.002003852919612998,0.0020856957570753753,0.0035048369222947617,0.0026986470232843516,0.0024975675431345014,0.004271047623753409,0.0015976431809814951,0.0010432305847610384,0.002728914684723245,0.004009988609840869,0.0016208362666114918,0.001978569047819374,0.0024841793082689884,0.004639817853806265,0.0019157489558775296,0.004897548755222327,0.0014691861924186955,0.0023316634886090316,0.0007646298953771372,0.002435151783636482,0.0013945791921960678,0.002414885203972358,0.002044184523618829,0.0016283082832658044,0.0017791413548966454,0.0016190163779145207,0.0030367336550726617,0.0031074662505373666,0.0038175649684545447,0.0026626305334546568,0.0025315235399178478,0.0025199305435492825,0.0037006805796905864,0.002564778836260823,0.0017988893594363604,0.0022234052983865563,0.0020023177572334526,0.002241508938166031,0.0013673050874603643,0.0018851390756770242,0.0018710161812383152,0.0027655571684918425,0.0023901694566657882,0.0029153938672181463,0.0030440430466870706,0.003246001354181345,0.0035916030922406015,0.0023529743026829766,0.0034729103981756583,0.0022518536542166286,0.0021418745997640416,0.0017235208015237498,0.003043854490021703,0.003378288885979359,0.003961869808587655,0.0015466734783219018,0.002234553930758268,0.002019300374811958,0.003323032947904238,0.005682077706269203,0.0035936803967989367,0.0022163192142892222,0.00253135474482099,0.0028599475996383765,0.0036723648728811133,0.002084398404565428,0.0020442372013233442,0.0018343283388779512,0.002161242506696573,0.00281360742238854,0.0033299472742541253,0.0015636657206113157,0.0037684558560562493,0.0027904236489231845,0.003086028974106782,0.0018584564787708737,0.002789324364841836,0.003945853227182512,0.0024126177944409073,0.0023953320826711057,0.002229430145245863,0.0015244112096854596,0.0031658472235508773,0.0013632609726228683,0.0034872841575011204
3809,0.0030908579270609074,0.00310491176459568,0.0018554921316864042,0.00422696885745751,0.002844414141171068,0.0037270707715563096,0.005285100095883213,0.0021576115687266775,0.0029589499712783423,0.0037928598463514715,0.0022905639610214853,0.0027541039633042176,0.00219546603868031,0.002502136150676026,0.002599386481404174,0.0024992265788699327,0.002053909935947262,0.0021307482697562083,0.0021236277344249886,0.003682263435621454,0.002842541652654134,0.0025466482342967455,0.004533743451239026,0.0016774856486926882,0.001115298004038478,0.002917188428314554,0.004269192170925691,0.001736705815741394,0.0020900265238405053,0.002432770433305119,0.004839299073180989,0.001873992584737303,0.0048532549550442255,0.001504483313159346,0.002424098986192512,0.000877898719230227,0.002403793062580487,0.0014518071956846187,0.002552264024568529,0.002199058842410287,0.001727889970960242,0.001810389145314178,0.0017234620331014955,0.003375663970928094,0.0031842934140209112,0.0038739524959269522,0.0028466202286935205,0.0026633870778021633,0.0025963026519257534,0.0038946893130161857,0.0026108833863413726,0.0017944872814356445,0.002471668586427676,0.00202485124565075,0.0023712543739604556,0.0014162884897194147,0.0020253659460752306,0.002003225754110922,0.0027355244272694685,0.00226503678209824,0.0029931677553437317,0.0030363038454491345,0.003309064964961583,0.0037510460591582526,0.002536618701491354,0.0037446077805583853,0.002344580892239679,0.0023414954622321496,0.001706231897323354,0.0031381244242108452,0.0037737207036145992,0.004188986584978884,0.001546795132331038,0.002488960268072246,0.0021349840954230015,0.003380477228153684,0.005793481212515733,0.003529452604579036,0.002277909589317667,0.002446423251198476,0.00317512024195286,0.0039051723204738694,0.0023151492396592424,0.001983724490093455,0.0020466861824481966,0.0023251581521754345,0.0029378878169843753,0.0034073655469471294,0.0016443235547837886,0.003943252764508738,0.0031417810128637363,0.0032424833593703265,0.0018362114615321449,0.0028629498665583807,0.003857542717333346,0.0024883325537483248,0.0024852583195889098,0.0024687990545315323,0.0015618568750376022,0.0032798559532695674,0.001460761757227324,0.0036180776072363492
3810,0.003684097409056293,0.0038901817900982437,0.002254528194030762,0.0050821662262088944,0.0034135052060538257,0.004387241189768537,0.00605830452311336,0.0025342691452677744,0.0035037914908053612,0.004430141753207176,0.002776396829673421,0.003601654513269126,0.0024110616524580207,0.0031575183238691643,0.003331692793776517,0.002941654826680828,0.002621161139559705,0.0025007099568864384,0.002533183491471685,0.004483640345334536,0.003656042419442564,0.002612398346045571,0.0054742653828448885,0.002100164447774354,0.001310607040532862,0.0032317784443488,0.005223482315254017,0.0021972367285617994,0.0024521336655234306,0.00304624529949645,0.00559473997877192,0.0022534892364580368,0.005940413619282233,0.0017757646341353287,0.002700034064178906,0.0010423759030121626,0.002816133567089148,0.0017651129160656974,0.0029272320087893457,0.0025865607113493934,0.0019365564912310754,0.00221704428053976,0.00211610224552283,0.003903403099082744,0.003734967795761336,0.004389791514916324,0.0032764546991023084,0.003326330884216887,0.003105971285983601,0.004915655215863802,0.0029429146573170563,0.0020396647700617328,0.002825676892259352,0.002369647944942704,0.002923918891369833,0.0016737895303129964,0.002387367739303367,0.0024013770603968465,0.003281064766814379,0.0028632969311954484,0.003455868337198629,0.0033172001466235407,0.004089230836130288,0.00418009601962026,0.0028040492056302276,0.004416260257354193,0.002638541392890603,0.0028735974772700675,0.002027497708759201,0.00389689410765306,0.004624222191451615,0.004831291978409414,0.0018312921504373854,0.0030274419855209076,0.0025683519389198438,0.0038107701809992926,0.006646628023157518,0.004019048543811618,0.002568165478470672,0.002989351127268795,0.0038527714994931596,0.005255091757515777,0.0026411649579589597,0.002428987390625715,0.0024489683067947542,0.0025811042553444932,0.00314578716183076,0.0035461445311408893,0.0019397479590396597,0.004789388131454618,0.003428692808760429,0.004039444232108062,0.002104221403150125,0.003178996554899652,0.004654625269373491,0.002699929690207893,0.002945405644404744,0.0032172757319302923,0.0018821666662371332,0.0036510597153879857,0.001829180333775083,0.004109107605793019
3811,0.0035577005942520417,0.003703763720197253,0.0022237866336971292,0.00487509185074003,0.0037548053406424205,0.004340910494229826,0.005809271202281608,0.0022257401334734458,0.0032606799505154158,0.004454631826469962,0.0024590739460656303,0.003356854273294061,0.0022893751757599124,0.0029109784124474883,0.0031139057790013263,0.00286003889513835,0.0024846928505667305,0.002316465103857973,0.0025283828541417357,0.0042795186117069155,0.003571470193775996,0.0026176986500404645,0.005026433495719326,0.0019537535632595596,0.0010637815352465647,0.0028194716995472036,0.005383172949076285,0.0023047729405494786,0.0024083472362104253,0.002841721982544551,0.005276919671541755,0.002127939800769401,0.005743393978197919,0.001668294386420219,0.0026943984460908277,0.0009033405868329083,0.0026415843789339786,0.0017437132676986114,0.002843819030333769,0.0023234109171547134,0.001912452641490081,0.0021142991385528034,0.001783270123841699,0.0037849173457652815,0.003526757668900183,0.004302972080704698,0.0030258933990578696,0.0032366444055069456,0.0031820901455318095,0.004375251942346377,0.0030859246703212628,0.0019493870350465543,0.0027902015960437087,0.00229869792447648,0.003065897152372531,0.0015561793178248875,0.0021813320220829832,0.0022303985909833636,0.0029961761469659578,0.0026713964556195403,0.003331043059379752,0.002968347671814441,0.004202839049714007,0.0041193569288343656,0.002905523516404987,0.004252776259317938,0.002629033850593003,0.0027099819721816366,0.0019047604002560082,0.003756940034102036,0.004039516516479921,0.004529797075317566,0.0017709056613874296,0.002737629334505629,0.0024371789541462047,0.0035822213324413796,0.00610244582691338,0.003979553460112752,0.0026472389015086586,0.002633776780137069,0.00362797556675681,0.005067146124634253,0.0025458969855548684,0.0023190287581057313,0.002414477438776391,0.002357306092063998,0.0029036895245721224,0.002788553611167298,0.0018544314598013538,0.004512833298957247,0.0030513793363174707,0.003964729676416448,0.0021720371400986535,0.0029358435190344934,0.00430369816275202,0.0025885019242825,0.0027954912782596065,0.0029827127905898737,0.0017647065640189633,0.003638543988787937,0.0018195546971548889,0.003957236726103543
3812,0.003329865295988984,0.002999506681721272,0.0019761946584014706,0.004246293312192435,0.0032117450123357524,0.0037907912277234846,0.0052111070518025635,0.002213316677647437,0.0026675925621598173,0.003939103235204942,0.002012537988941663,0.0026677884199425446,0.002104059950709057,0.002350749771420818,0.0026229429796105026,0.002537530157560883,0.002301648097037194,0.0021276747785622095,0.002219756695414285,0.0033088974771667548,0.0028776554531675866,0.002188016112244804,0.004663345053161556,0.0016574665818217783,0.0008697947918269429,0.0025921211703995085,0.004491937623369356,0.002095578162025445,0.0020314347854263155,0.0024383864353566017,0.0049189107761291075,0.0019472428458395103,0.005141438808673336,0.0016100389210386811,0.002350606209989356,0.0007646404488680738,0.002267795701458508,0.0017214575553294144,0.0024989161171988716,0.0020630927377050506,0.0016629723054998459,0.001791993638546825,0.0016597481757796432,0.0033218859410745964,0.002885629681407057,0.0039050476860710698,0.0026213681256378675,0.002690784693185842,0.0027265250771297367,0.0036221901159375334,0.0026355823881525353,0.0016194310784099601,0.002431868490178605,0.002070773830966908,0.0027165569598908675,0.0012763834682368773,0.001848083873369912,0.0018809751924658967,0.0025724307730727344,0.00249690120036487,0.002876816619525912,0.002769321946498007,0.003925497414342702,0.0032189824442309892,0.0026875100916316005,0.0036655214202746893,0.0022865967715307127,0.0025245619678245764,0.0017045025754951165,0.0032934696300026536,0.0037033263281811783,0.003936891185404671,0.0015321636149691006,0.002442435704019984,0.0020851844570828914,0.003217144782886818,0.005396080943486578,0.00362415931553126,0.0022202008472872177,0.002337412922811446,0.0031127053440306194,0.00434567002156652,0.0021814447716360205,0.002005742003462778,0.0021137823374941015,0.0022460220282168293,0.0027337743768050086,0.002740931212155455,0.0015675801354983609,0.0035957483183035365,0.0026398629778613385,0.0033190251944866826,0.0019610173296590247,0.0026495243379083145,0.004172822142087802,0.0022954085499931817,0.002427532072378089,0.0025129432846688134,0.0014340008093233262,0.0032580606484599816,0.0016198599857389314,0.0035065780235698347
3813,0.0030424486721152247,0.0027591884256026634,0.00184963550827132,0.003794322598445651,0.0030512259206967865,0.003534018769536296,0.004628165826699269,0.0020871718426518915,0.0027778925958304636,0.0036950179157214246,0.0017088509451702821,0.002668075201439415,0.0019286044234263116,0.0021556540258698713,0.0023126097215341885,0.0023451983230379832,0.0021943657742540703,0.001998730787943596,0.002003558635538506,0.003027401450952394,0.0027122657717101968,0.0020286093859353603,0.004084395174563657,0.001464532831099326,0.0007875099880344412,0.002322202913514057,0.004051445883169196,0.0020708549829446536,0.0018881947247154837,0.002247150265506484,0.0047618069491702445,0.0017704450492135228,0.004720386109315798,0.0015328611543651745,0.0021078686223097464,0.0006909486220813164,0.0019118767519446804,0.0017286546098138694,0.002375632239348,0.001938153360591393,0.0016076565892026607,0.0015841216455566773,0.001545381495762676,0.0030391892859748127,0.002591668433879516,0.003511292279920397,0.002289693736448153,0.0025353565997192663,0.002592006829671959,0.003072265770970576,0.0024406657717045057,0.0015422112754665863,0.002264738730509345,0.001885779208555746,0.002495755041054203,0.001179530190693422,0.001705158132665161,0.0016623933216861212,0.0023690458981864664,0.002196866844543722,0.0026420364679766908,0.0027304833263555803,0.0035960380104588284,0.0029749390305523916,0.002425971052497612,0.003301041200154428,0.002122116497741377,0.002381538737930367,0.0015501737863823657,0.0027745665300308647,0.003148066471888892,0.0034205808399021863,0.001353093959402599,0.002244388711127721,0.0019247244299217974,0.00293717329148979,0.004835248995996639,0.0033140264781707307,0.0019517100595802229,0.002104914074023951,0.002746285537518174,0.0037829103865815203,0.0019183136219074277,0.001697131350083852,0.0019286467809687697,0.0021047172983249523,0.0024687785208759917,0.0024129123633555892,0.001388620121276087,0.003360607078545375,0.002410666166149363,0.0031355209151856665,0.001770098276618911,0.0025858769603623187,0.003645800131374202,0.002123481772552193,0.0022478956437820027,0.0023777516538078195,0.0013425972726836153,0.0030854443370569628,0.0014715682129303198,0.0031474512038315353
3814,0.0028474926998496002,0.0027832261449699746,0.0018194359565819646,0.0035586843259183716,0.0028973984403344645,0.0033605356665623418,0.0041486324798393984,0.001807921092851956,0.002617562876630991,0.003770754461251749,0.0016841364563410012,0.00240428640394213,0.0018546897662795473,0.002055299861444119,0.002172095202195058,0.0022183214293320735,0.001966325067349134,0.00187632861462937,0.0019518912249190945,0.0028312874757986644,0.0026588307400665324,0.002081651984586506,0.003782036475066239,0.0013333109058451006,0.0007209110330686497,0.002143710402147887,0.003784155639011726,0.0019355778445467311,0.0018720952437868052,0.002034601673927511,0.004577920331260703,0.0015875908549787497,0.004641326176994728,0.0014193056227719495,0.002015179352884136,0.0006316140577682966,0.0018444883081822378,0.0014680535470652147,0.0022362216200176145,0.0018148657318532773,0.0015864651818484094,0.0015463445681358134,0.001502032734383685,0.0028720032971498674,0.0025247201413690114,0.0031441681330281954,0.0022128931508554384,0.00240124576111296,0.0024732201148823124,0.002940211560605325,0.0026792703812571796,0.0015215068111619299,0.0021145533071446065,0.0017380900963458903,0.00250155125647557,0.0011343461429664007,0.0015902087934015561,0.0015111102245312553,0.0022258789563226766,0.002198440969705523,0.0025295227230173107,0.002723820127175532,0.003321284766605256,0.003313597658850972,0.002245052698238612,0.00305287027042228,0.0020333243346157904,0.002353991612005125,0.0015534301243018587,0.002468973081199164,0.002917208643112302,0.003416144368902406,0.0013799301040119587,0.002043516322074297,0.001830345467462305,0.002944878729601367,0.004646076198406173,0.0032511854658353982,0.0018391740787618055,0.002133897282573847,0.0026039164036198285,0.0035853366293035543,0.0017790330358282154,0.0015619587702611307,0.0018133503117806879,0.002037631341985834,0.002397491768205865,0.0020907295462444537,0.0014080340028824725,0.0033378721812398864,0.0021141696961313444,0.0030192449660441044,0.0017544074305288154,0.0025452480076858888,0.003569500496174576,0.002004790217760159,0.002202704349775267,0.002218070664817935,0.0012926218958761032,0.00302997235722917,0.0014041036562938663,0.002849681249300315
3815,0.0022546452678203735,0.0022132697857126433,0.0014906602756155232,0.0031892132365913648,0.0024675545973473303,0.0029264456767606802,0.0038262888197491854,0.0016361102426453607,0.00234150803113208,0.003386455190147593,0.0013519358690987212,0.0021115412890138924,0.0015755885283739374,0.0017610369948079952,0.001942730106576118,0.0019769085105082467,0.0016213875148461858,0.0016914487591262362,0.001712010138618523,0.0022710527926687514,0.0022577599343330205,0.0018124842659463635,0.0033355735562121827,0.0010986368185232156,0.0006415775158270605,0.0018002218130227263,0.003228043366577145,0.0015827500770854168,0.0017340425046892137,0.00183757702673799,0.003947369918554253,0.001361055658681449,0.0040140727602318085,0.0012516425051715566,0.0017794528327568686,0.0005671242780058557,0.0016874038121185108,0.0012700953361942798,0.0019385733514859446,0.0015917004086636035,0.001445088870753449,0.001334379758970452,0.0013464819025972487,0.002470079673986145,0.0022376051201656033,0.0025720886559520034,0.001919605431982665,0.002066192898802996,0.002159183751089014,0.0023794624885684246,0.0023835781270459696,0.0013667154688514252,0.0017767742531545156,0.0016102339537306055,0.0020380067115940786,0.001017721495593597,0.0014267425678510103,0.0014009936085830218,0.0018685882415209619,0.0018093676998892415,0.0022562282427151786,0.002578589185991258,0.002881522632698313,0.0029741635475546984,0.002067863973240468,0.0025950157527783874,0.001831449958319084,0.0021631767217457783,0.001356267749437962,0.0021485614904016167,0.0025932228093412174,0.0028401071639559796,0.0012213756353744844,0.001726602533893142,0.0015218650467958182,0.002705322346475219,0.004222395487764246,0.0028838605936584573,0.0016087985142260303,0.001782122917298242,0.0022799615571388516,0.0028582366674951088,0.0016688163977052876,0.0013646766194344104,0.0015237325994436651,0.0017839843359688846,0.0023152334911050333,0.002139351631629668,0.0012479597635397452,0.002696868970109267,0.0018480139132248576,0.0024528030711319228,0.0015505650971631632,0.0021286112830842837,0.0032069519127070484,0.0017825686758121038,0.0019869158082752897,0.0016825040013730332,0.0011072581720911298,0.00275262133843443,0.0011641601926233023,0.002437797577838073
3816,0.0021014028953411966,0.0020599081348029557,0.0013896167843813851,0.003185054149673223,0.0022771052595090546,0.0028383983298984196,0.003947907274957679,0.001680494809312585,0.0023152272978113546,0.0033741496011723804,0.0012736368441064708,0.0019931738711319808,0.0015571831915548978,0.001699183187036028,0.0019304782018318735,0.001937772255197789,0.001651851726355277,0.0016431394739763595,0.0017023084690850243,0.0021968800752684716,0.0021216632215482812,0.0017299983601392732,0.0033885554208078358,0.0010793241270753138,0.000647468799037885,0.0018610460634828955,0.003032269984503799,0.001574784980787062,0.0016953141882963,0.0017690538170527462,0.00386608188094345,0.001388190748197555,0.003961514372770535,0.0012910200064700185,0.0017280611949523766,0.0005787140330237923,0.001548829835320145,0.0012445147029933744,0.0017781460623008658,0.0015899138168381933,0.0014537991661125866,0.0013018792927573153,0.0013577165550071456,0.0023015280794746323,0.0021997579375612414,0.002608038757788702,0.0019083057609560953,0.0019338455655845046,0.0021238414983127743,0.002188505843207324,0.002245695963589867,0.0013666334344502797,0.001658613755145341,0.001565711658510783,0.0018942709683508366,0.0010313024285523553,0.0014086315978146136,0.0014736017878715457,0.001840129752054079,0.0018623163931507148,0.0022201009025411087,0.0025210552391555507,0.002679760535762917,0.002659922708732157,0.0019608931995760558,0.0025871227021683455,0.001791108679797942,0.00210026124272499,0.0013997889353643432,0.0021369036686566954,0.0024752976397534724,0.002729553278263632,0.0011787033542087727,0.001735510507122402,0.0014393341758344104,0.002628946241614488,0.004128801750521543,0.002927442386069982,0.001588932189441979,0.0018643127225982945,0.0021229836010729494,0.0027082294969884746,0.0017044557778889554,0.0014307689589741744,0.0014794805765317618,0.0018172291198095098,0.0022043163265520276,0.002206170223346738,0.0011764242782010242,0.0026068631054690186,0.0020258050036268834,0.002424535777633085,0.001538110316064338,0.002051485215974624,0.0031309963808886666,0.001727068296194964,0.0018398066880315751,0.0016419115625902214,0.0010600076376124086,0.002704456658335821,0.0011067768761243901,0.002263704511537852
3817,0.002092100650114774,0.002280488082016532,0.0015063781279040069,0.0031244562943601897,0.002526607682964626,0.0030521616591199295,0.0041116635553257,0.001763159852032769,0.002583159064920604,0.003240866264673236,0.0013496797631097,0.002110689991866607,0.0015754668612913416,0.00171987950097032,0.0018609493364639897,0.0019930831155574066,0.001685072717073901,0.001624482864600652,0.0016845268153159762,0.002547848556382517,0.002054375371851841,0.0018435213018799018,0.003373153453592894,0.0011212801820964936,0.0006690970964530955,0.0019508120146876902,0.003150596755375048,0.0016076445291312844,0.0017908585147772792,0.0017611668092298765,0.003920862793566087,0.001409199390325482,0.004247462058065402,0.0012573519388172866,0.001699046746195793,0.0006049872370809974,0.0015717720512225658,0.0011895802184386508,0.001955596874645604,0.00167057790997224,0.0015894883009941068,0.0013426277809635606,0.001339695773112481,0.0023942683393442135,0.0022486214461401146,0.002700158262638347,0.0019245761534604315,0.002032761515890593,0.0022142784166510293,0.002487410985583049,0.0024755407335940757,0.0014428005435065058,0.001825894028720181,0.0015011440205562668,0.002084938675225511,0.0010373171141689912,0.0014522913853360292,0.0015211121183137056,0.0017723885559464084,0.0018733080027775956,0.0021702184582848396,0.002735597430784295,0.0025369765486791657,0.0030253874397450507,0.0018325257743103192,0.0026895780770479993,0.0017781128390639534,0.002209383240082908,0.0014398957136681754,0.002072194460003108,0.002583500817107504,0.0026569547045752133,0.0012729585955022205,0.0018052210004075716,0.0014625653899153254,0.0026479493614939027,0.00426337119934126,0.0028601158650799403,0.0016622346261758883,0.001939164225616055,0.0022610484436509782,0.0028247204812032758,0.0018221521876640111,0.0014839888556372615,0.0015999037802234151,0.0018245881585537884,0.0022691925695546055,0.0019782880424775483,0.0012419299840677651,0.002783991431532625,0.0021208978788991944,0.002487247482740352,0.001521156986381542,0.0021397309297260187,0.0029877064766232835,0.0018344985537446091,0.0018911694735710446,0.0016429631209086252,0.0011429704210684482,0.0026422253073439214,0.001183263914907071,0.002377528495385232
3818,0.00193843305979234,0.002456489272056542,0.001529405361036209,0.0034891445487180875,0.002656212453019057,0.0030650331692038692,0.004347893893894046,0.0017653962157279323,0.002472917422086976,0.0032356935535105824,0.0014155269225995173,0.002228906011831604,0.0016333193012907853,0.0017453728589436777,0.0019525433294765998,0.0020626945928842078,0.001660685478853008,0.00165991076659553,0.0017116754381307612,0.0026886772540941173,0.002141348819764873,0.0017980823500155772,0.0036798258953868565,0.0012264464228798626,0.0007012034596809173,0.001977012990699369,0.003282292250403438,0.0015789777629477105,0.0017541658816714123,0.001770412275529914,0.0037087732671213652,0.0014776680090575489,0.004252044598967486,0.001294950397984072,0.0017716936351140017,0.0006268366110950087,0.0017032183103872966,0.0012128543185042525,0.00207265368155857,0.001684785031902465,0.0016313946947843553,0.0013706704824570212,0.0015158589077598236,0.0024639323085989184,0.0022501385753782876,0.0028192447518096317,0.0020874840656066613,0.0021287560746039015,0.0021910581583528617,0.0026053125902729952,0.0024959945515431676,0.001528748993398943,0.0016588581819713924,0.0015018709658517473,0.0021534094092089543,0.0010534293055793685,0.0015064593311201482,0.0015034921816902075,0.001851460922167197,0.0019491649292009247,0.0021657183789472066,0.0029563747063141876,0.002594145897297532,0.0030018884159986534,0.0018151560693950507,0.0029152239350669655,0.0018256700706468898,0.002216836707427325,0.0014355375778107664,0.001980048010151751,0.0027687973599785165,0.0029795864300693935,0.0014011883299309665,0.0019826343504575536,0.0014884224459057265,0.0027379885093264528,0.004311268525702165,0.0028710565160460404,0.0017963481101548376,0.0020864552341205147,0.002521621466799134,0.003164916987488503,0.0019853442352053717,0.0015781723373915846,0.0016585298559335792,0.0017710033044471116,0.0025064717083715347,0.001691790278595771,0.001302778525607686,0.0027642600243655375,0.0021367077316482136,0.002552650129593768,0.001561014540715373,0.002050436341399999,0.0032094302993101987,0.001840166811940332,0.0020466175046918497,0.0016712855633864224,0.001140849217536395,0.0024594465036083986,0.001225344239798527,0.0023658233992913417
3819,0.0019935981743557703,0.002422749914655909,0.0016346922984590729,0.004066754165033251,0.002862020784340528,0.003176139766937777,0.004676068522923572,0.001960689763359204,0.0026306811239000917,0.0033067057609279123,0.001484088287201101,0.002536613059875877,0.00162120021489781,0.0019338589467523472,0.002108990030544534,0.002233442500194046,0.0017542256207744168,0.0017134185531306639,0.0018370729383433988,0.0029743050286999352,0.0023174214833328443,0.0018973292773265505,0.003951407815139545,0.0013846317194555118,0.0007570240347980737,0.0020120257192444606,0.003588851426530029,0.0015920746771825416,0.0018751223820235362,0.0019891707055262014,0.003906340833029078,0.0015893402070332654,0.0043323104756978845,0.0013965841015226735,0.0018237952190919369,0.0006615033348771943,0.0018223961042524459,0.0013933593637039303,0.0021003307282445116,0.0018062634613391147,0.0016630368523227385,0.0014812832090665062,0.0014582364235089609,0.0024758466269491144,0.002376542997162867,0.003116850626977941,0.002224428262622873,0.0022306880219785455,0.0022985595192146937,0.002814750450072527,0.0023043814099914122,0.001538673921731355,0.0017943234528999866,0.001588145148557766,0.0022048474508245845,0.001109640950467163,0.0016629393818210281,0.001713886067316695,0.001949275912097564,0.002041535169433058,0.002239382714490285,0.002994601542444174,0.0028487013472782573,0.0029741026710768275,0.00186022674985429,0.0029846520591942983,0.0019188857874047982,0.002218373059018136,0.0014201780313831246,0.0023041189550435034,0.0029959594826209175,0.0030306173545148456,0.0014260323429747062,0.002148074959859827,0.0015729911600388519,0.002749424431271075,0.00461920582721809,0.0030995793430285104,0.0018944975973716643,0.0020077160114697146,0.00259185250616158,0.003302020595383213,0.002181098137291433,0.0015957525351814688,0.0017196565034054358,0.001844363228145608,0.0026030342027902,0.0019167875006638158,0.0013587197624821733,0.002851634641006843,0.0023355411561655523,0.002781752117503329,0.0016012567099399477,0.0021049508686566804,0.003270391908395286,0.00192896472496087,0.002080459545113557,0.0017785356716324412,0.001155752631284586,0.0025975082394992474,0.0012726482516837736,0.002561839347242843
3820,0.0020444149238909213,0.0024557060975229795,0.0016335488806726898,0.00397787622463108,0.0030507592462446285,0.003240229596025875,0.004404653268479437,0.00197097715541254,0.002712652728380614,0.0032640085854073317,0.001441056294228971,0.002087203324108977,0.0016696005516889615,0.001941425902222552,0.002020949118722383,0.0021893134060112546,0.001819936877856364,0.0016596372915471279,0.0017305412446555796,0.0030877366209484743,0.0020646360624815294,0.0017763011773999859,0.0036884561283322026,0.0013386061848876328,0.0007168086988729661,0.0020383757246569163,0.003673127307217498,0.0015257222024252198,0.001815522278214652,0.0019189715797006672,0.004103878386556939,0.0014735524503304454,0.0045342723501359235,0.0013852092837927231,0.0018533200386218508,0.0006244567643823702,0.0017517968027989928,0.0014004931896426601,0.002119279597446974,0.0016976303889870877,0.001630872594568663,0.0013245491904783295,0.0013721198088336582,0.0023506747016357995,0.0023177919229977694,0.0030406654565218348,0.002271386340737796,0.0025557644295700894,0.0021733557945197114,0.0027267209342892564,0.002495695935759247,0.0014506826099279088,0.0018523544582274263,0.0014902094030950681,0.0022860471922297658,0.0010560474784398481,0.0016056454186868486,0.0016394782779110136,0.001917010084248704,0.0019431008991969338,0.002221414625015173,0.0028735965900709036,0.0028025994329386517,0.0030263893671842357,0.0018164559834793791,0.0030283463837049852,0.0018755753580251807,0.0021790555042612548,0.0013657290324203602,0.0021743259690326284,0.002743363758796123,0.0032586776558137967,0.0013965828333741786,0.002166844019820656,0.0015430007792186537,0.0026164638172151283,0.004225855754371836,0.0031186969080775426,0.001909436124398263,0.0020418005801223025,0.002457033293798178,0.003520688670476425,0.002090500639149565,0.0015974317151466258,0.0017490428920385775,0.0018889127168484426,0.0024373454421608067,0.0017567336421917966,0.0013098921703128751,0.0027472286769739183,0.002343760666138365,0.00285510819150416,0.0016356010547220429,0.002061594050943942,0.0032050125400647934,0.0018935776007314871,0.002004827511542917,0.001914127387186786,0.001081418141672473,0.0026608771286589623,0.0013058530192993586,0.0024899417937187833
3821,0.002143212524443851,0.002517044626031089,0.0016080592396524995,0.003605606158689559,0.0030598015487760754,0.0033620323659894354,0.00426803941550007,0.002027349322957366,0.0026513415678642515,0.00312833826260085,0.0015735003678012454,0.0021130708674381078,0.0016883633954934874,0.0019720464795149094,0.0022327061381582332,0.0021955057932811673,0.0017933079878230495,0.0016419550921582505,0.0018492469817861883,0.003173096564914919,0.002173833712520709,0.0017652940953577511,0.003752167798639635,0.001431232224713515,0.0007491168908401034,0.001946989235453341,0.00375891650793976,0.0014641211631008955,0.0018364360724180235,0.002001792784997176,0.003949813846518046,0.001462287511396982,0.0044632563632204915,0.0014112004886076607,0.0018125654326207204,0.0006320773101477487,0.0017950516548550838,0.001414173629603768,0.0022703179580097063,0.0017316499395169619,0.0015574310916038126,0.0013565764113616342,0.001494273563751679,0.0025828322937393074,0.0022762889156266457,0.003148505069837921,0.0022703986542737496,0.0023152175662490065,0.002085073837376102,0.002989153389815553,0.0024493225479250784,0.0015095993746055472,0.0020210036820269527,0.001507274897893683,0.002319979112311704,0.0010754471198097472,0.0016519129953173066,0.001601272439523921,0.002086840879560329,0.001858838324083544,0.0022791484491429368,0.0030351783637979526,0.002932468485592229,0.0030184545037610123,0.0020647407381041926,0.003200126232452749,0.0019204874259286457,0.002067731967546365,0.0013657569881318254,0.0023129320361861385,0.002948711318560529,0.003252797955047169,0.0014120493732028162,0.0023394087415799614,0.0015471994948308796,0.0027343477895577584,0.004386896413278388,0.0031989746039887534,0.0019524449106479676,0.001942664072002788,0.00257913079372679,0.0035590199615494504,0.002037075099165443,0.0014915700405492389,0.0018158100256789737,0.0018628083988668183,0.0026456047354200657,0.0019009477307531883,0.0012813696736164724,0.0028177216307740996,0.0023369402363057424,0.0028246426835838727,0.0016845509227721687,0.0021228829556508276,0.003330745866324839,0.0019551190215110524,0.002160794939090271,0.002007302853177521,0.0011588044601335142,0.002604717689464324,0.0013636977861279146,0.0026272588670992678
3822,0.002179280746603175,0.002397472314488807,0.0014832407316269839,0.0035839103817790954,0.0028757489646651737,0.003237958456013965,0.004313292077103532,0.001803913104124554,0.0026683409933867985,0.003357553502575468,0.001533878452408776,0.0022272072835577395,0.0016783970649151049,0.001972168183742288,0.002122784213698752,0.0021971468945640627,0.0016556142105292777,0.0016310736801663263,0.0018601202329341139,0.0031031754749214005,0.00236973428320007,0.0017014445439920889,0.003767021768075039,0.0014081084134759695,0.0006969535772590587,0.0018835632251039565,0.0037164484893651628,0.0014184483225660152,0.0017987535081919004,0.0019563194065548577,0.00426058068394151,0.0014790013938192517,0.004250407675380268,0.0014338863889689342,0.0018707294198935134,0.0005969909073980689,0.0017001886315827018,0.0014350523007483715,0.002118920994454332,0.0017662077588764024,0.0014844126481016533,0.0013629923650224716,0.0013347542460546414,0.0025687592975367525,0.0021857014434114833,0.0031863896925451458,0.0022486798046204765,0.002481841958639923,0.0020807313012687558,0.002834565424372156,0.0023542610424765226,0.0013842676852377212,0.001985684151303615,0.0014110410227598522,0.0022292373073694925,0.0010798502733651754,0.0016873122755770565,0.0015437633094548095,0.002047882428975683,0.001778009417762261,0.002299817984914782,0.0028225629165207875,0.0031210540349484997,0.003056217552475202,0.0020825084414882837,0.003067236868939994,0.0019209741969005664,0.002036805382885973,0.0013040562269732733,0.00223736506035887,0.0029912924679958517,0.003363591363609353,0.0013717318512123835,0.0021612527400273634,0.001553259456315996,0.0026190151404294204,0.0044356660198851825,0.0032608985221737143,0.0019503177364817575,0.0017974943251356722,0.0024969219468174942,0.0036112334799165116,0.0019143202262653569,0.0013893283323132444,0.0017651855803556364,0.0017634419190478612,0.002690972600374072,0.0021871951316823563,0.0012185828935152077,0.0026624010141657354,0.002284495410047859,0.0027541251345762374,0.001678693856210271,0.0020438073815285678,0.00317357390108866,0.0018509162322137946,0.0021931829619062666,0.0020673410004686745,0.0011844101895414666,0.0026650705203064336,0.0012561267710547391,0.002636961064213022
3823,0.002293320243302004,0.0022859876539870452,0.0014011839355798272,0.0036029668072902698,0.0027809266649694844,0.003184694881449075,0.004195629360123788,0.0018517472021759244,0.002275870750042111,0.003348534659489555,0.0015292321471192054,0.0023017263198135424,0.0016235526944279168,0.0019628590573319508,0.0021191291458037753,0.00211000787178282,0.00169994360221518,0.001701100649128936,0.0017216946442127113,0.0029619152667107363,0.002371211489552248,0.0016880450919562848,0.0039895368696452535,0.0013129618296787316,0.0006792594820491084,0.0018317546028306078,0.003518571083812946,0.0014201079415309028,0.001784268597016165,0.0020672971650942803,0.004308250595827892,0.0014600361529023135,0.0043633113542073795,0.0014360991308973638,0.0018681133781335128,0.0005867728594692022,0.0017075223648374755,0.001393273657499235,0.0020571716110944767,0.0017688623838451735,0.0014384626708802673,0.0014020048877898875,0.0012595406650540303,0.002432482284832621,0.0021517223823459236,0.003377295230054065,0.0021520197785265182,0.0023096573443848363,0.0020608902014762442,0.0027747426188625395,0.002256531499094086,0.001318734720994772,0.0020496484912963823,0.0014323235449583088,0.0020090320819761706,0.0010641113970794457,0.001658889895371072,0.0015996370669122918,0.001952906802779927,0.0016455401485529922,0.002119943152447377,0.0028694732093007083,0.002922860593065124,0.003107308790930788,0.0019943441490652813,0.0029614192377266516,0.0018581852179606966,0.0019079044169149433,0.0013299229200233423,0.002260454383407647,0.0027806737670021844,0.002972594799133202,0.001312057088039925,0.002053448086767393,0.0015391136017755941,0.002463026306266029,0.0044738474469697784,0.0032441717244644903,0.0019034119047457035,0.001799520854608357,0.002340871446627955,0.0033239108509081033,0.0017292120455200215,0.0015399983159048967,0.0016259912426109518,0.0018106550135936431,0.002400164986857292,0.002419258994337043,0.001215406645058529,0.0028721003535071084,0.0022254052962367233,0.0026285968975626535,0.0016136124621233686,0.002081738996377093,0.0032009118823097143,0.0017935187054384024,0.0021234293444618957,0.0020568940592304076,0.0011752617695498062,0.0026390988000782314,0.0012244219397453094,0.00273966767549269
3824,0.0021659698001120723,0.0021315227833068394,0.001366338195487518,0.0033067294950813045,0.0026811067568209665,0.0030803390126990073,0.0044008357432662555,0.0018823233127971916,0.002214495682035177,0.0032657221268701554,0.0015102018367604514,0.002249823129210548,0.0016686152593921998,0.0018223007262227768,0.002209081799437549,0.002122201768359417,0.0016727058353500249,0.0016914592393912845,0.001727447592606815,0.002898255762880184,0.0023906183924108995,0.0016527987227712487,0.00401567796047186,0.001287868132557037,0.0007045430923078995,0.0019811155749944994,0.0035323622536416457,0.0014513807954687962,0.0017500725268080376,0.0020658537937937875,0.004156221885874766,0.0015129945893952246,0.004232194384661012,0.0014794735443594746,0.0018703496327227929,0.0005979763930535686,0.0018214052171067498,0.0012949161104612442,0.0021605167983661123,0.0017850001096664288,0.001406490625046304,0.0014008574291185867,0.0013525455724482495,0.002493727117157364,0.002189513123725309,0.003427809688409286,0.0020552234088373825,0.002390618214171382,0.00221301553015178,0.0027924034744779675,0.0023210153939906123,0.0014213740400445128,0.0019943264311692637,0.0015247337774293393,0.00200943300437509,0.001105822821437421,0.0016736850932342557,0.0014736640373861282,0.0020657147170013374,0.0016841924393242106,0.0022364053476116464,0.0028556532316380647,0.002864248074687435,0.0030602493393517005,0.0020965362165574876,0.003024293854558834,0.0019186278168341082,0.0019257584153745944,0.0014762740581343104,0.0022138336296599797,0.0028700274135824316,0.002980577939782611,0.001366184941671386,0.0020757693833730146,0.0015393222605262482,0.0026141010776090956,0.004556113679208689,0.0029823607588615117,0.001910898121441389,0.001717458593489836,0.002328305163442026,0.0034321452241661407,0.0017877791209226926,0.0016184969863977526,0.0016453818916203756,0.0018755063872565269,0.0025316551153398894,0.002561114123778357,0.0012771308676267211,0.002632696243927803,0.002238190101215451,0.0027200696800540286,0.001720416784262145,0.002114112440681219,0.003237560739726953,0.001871849073271333,0.00218510319994737,0.0020466470428756865,0.001174503840178929,0.0026981658299308846,0.0012117180348901035,0.0026656379717180795
3825,0.0021060140582979106,0.002010204893768547,0.0013068449318065923,0.0032624570723625767,0.0025497076160249633,0.002996729366916583,0.004303719928441355,0.0018887089314905796,0.001978064445158979,0.0033762175766890138,0.0014731324515254254,0.0023421925870909964,0.0016282964542536575,0.001776074705588322,0.0022392197339823013,0.002157391743344764,0.0015920075862824665,0.0017580473390712418,0.00181411039612639,0.0028104654374692846,0.0023243982059886004,0.0017568036451885056,0.004121611055117907,0.0013605646051541445,0.0006774051995526901,0.0020254410706266254,0.0035615913170573828,0.0014847876472769681,0.0017399391621370642,0.002123617224712228,0.004106720222423732,0.0016391615292660653,0.004022159045997611,0.001542780828194764,0.0018516205013857758,0.0005708156384066929,0.001859653364707433,0.0013611233609794292,0.00215732869209259,0.0017382067925890033,0.0013755535543709294,0.0014785916710242841,0.001391450916225854,0.002542144790437415,0.0020368807069884613,0.0036470310019826,0.0019982169416717464,0.0021290900369096842,0.002195511927637495,0.0026941180830492325,0.002206238497060267,0.001354522096090701,0.001989461248987219,0.001664793041357184,0.002000891374868615,0.0011009225469943039,0.0015957791938045398,0.0015269401780359467,0.002093381816885352,0.0017279985979745537,0.0021793956222635356,0.002808443164316662,0.0028712001714752415,0.003180701378911732,0.0021919948076613506,0.0027894994104680345,0.0018744025119946555,0.001762492776881239,0.0014876181836079988,0.0022000390621694783,0.00291415884427585,0.0027762054395033355,0.0013269273517155348,0.0019515332441338508,0.0015252915865218012,0.002555671950306632,0.004653388366268797,0.0027695920929528056,0.0019633095875443425,0.0016366833818249014,0.0022687422671164754,0.0030939236278887034,0.0017370809741895274,0.001692297066830445,0.0015272730033837067,0.0017738938172741105,0.0026159650943562854,0.002478675605137092,0.0012253291599203897,0.002693006649701508,0.0021479396394320496,0.002616667526449881,0.0017977920591884654,0.002038670768702601,0.0031791064498405282,0.0018536946208813651,0.002166605088496381,0.0018838044935201408,0.0011981848624362823,0.002626751965373102,0.001156777296099105,0.0026855133892964675
3826,0.002150331676249547,0.0020006189277730693,0.0013001083571227581,0.00338966836491137,0.0026303228247742598,0.002922646215703045,0.004226456977028433,0.0019035239648943286,0.0019571654482329155,0.0034270157868134333,0.0015164612052363813,0.0025067289179624107,0.001609878734542779,0.0017325453243400286,0.0021215840970682403,0.00213781240951529,0.001657400218101119,0.0018195294887874752,0.0017128795103599698,0.0026983248905068126,0.0022593988173731316,0.0016310353296294501,0.004046078435257218,0.00134957221260315,0.0006588961423855319,0.0021867064910020433,0.0034975731910782096,0.001422236330238679,0.0016420907138301791,0.0022203769276513004,0.004403970356241869,0.001676200118512681,0.00406890606852049,0.001517185230408952,0.001920279091595265,0.0005482419672448708,0.001885565563572523,0.0014314336764020591,0.0021344681912213426,0.0016799282443059305,0.0014036257023666869,0.001477680585774017,0.0013766159853804668,0.0023821206746693193,0.002041161962080657,0.0034474288095472064,0.0020637597625045075,0.0022484797031981163,0.0021636593136775796,0.002531496947273909,0.002175751228948456,0.0013837593559222995,0.0018834187956144445,0.001783620191874332,0.0019389331386573234,0.0010970008872540928,0.0015047561598950832,0.0016167907387789752,0.0019244036668565245,0.0018164001026967323,0.002081515265389811,0.0027582130342141613,0.0028088597332935165,0.003439242704631325,0.0019908888226351723,0.002737754321655952,0.0017741172878086985,0.0017951797760921895,0.0014781321517151657,0.0021848770718785712,0.002870016833243861,0.0028495756534920686,0.0013043530318572526,0.0018761463894398727,0.0015204481932368447,0.002408165531957267,0.004818131968696038,0.002622352899995847,0.0019890508604772524,0.0017135183085178133,0.002188216707668651,0.0027349946861039295,0.0016155619837682977,0.0020334765260786396,0.001519525964356166,0.001778747348688809,0.002505737424036291,0.002265216830946296,0.0011880912257201113,0.0028286237828616958,0.0019724446545028827,0.002448526733429578,0.0017187238634346687,0.002112985827204485,0.003317222120688143,0.0017704886773736144,0.0021906751631172775,0.0018765924628580846,0.0011979731463587662,0.002472956835705986,0.00109551755003482,0.002624395571413282
3827,0.0021690339828320778,0.001902909391844765,0.0014019685289860416,0.0034724836200325515,0.002779676582125928,0.0030129246967994868,0.004385441891259087,0.0020941344132593106,0.0019278474457518854,0.0036188136448311622,0.0016317968915738445,0.002552849067700768,0.0016725721948550327,0.0017909669746837748,0.002291739040866302,0.002168096832149356,0.0017493798043011813,0.0018229765919016464,0.0017974746134260817,0.0029542630718563576,0.0022912511154884667,0.001671047463901174,0.004443641429933593,0.0014169736114446419,0.0007610209181157696,0.0023070954433414715,0.0036090472771183853,0.0014480674888346983,0.001634528134710023,0.0022371973254686323,0.004080631713591403,0.001758089661014657,0.004221635272010147,0.0015270744144959267,0.001965423842204424,0.000588578186661332,0.0020128234904529785,0.001444808505311275,0.0021795018641979427,0.0017734506386750874,0.0014806790302458416,0.0014946066234667115,0.0014705333237321687,0.002523535920829096,0.002257130249556614,0.0037408552382088163,0.0022068382864206624,0.002172646897344662,0.0022931031026250477,0.0027035761106451476,0.002164850005881445,0.001552501673624499,0.0019347563533130606,0.0019831198837738265,0.0020352411929498763,0.0012020091629704336,0.0016093989292497118,0.0017373359858083531,0.002132244007051921,0.001958177300104462,0.002244347169627212,0.0028585004236629267,0.002745656620975034,0.003365839603113369,0.0021266563146030647,0.0029424736298613095,0.0018842933228264906,0.0018822457361178226,0.0015590477910510374,0.0023690520120255316,0.0028393004539295423,0.003146313908824397,0.0013598628616054642,0.0020204156379252133,0.0016119717690971404,0.002882192926022223,0.004898936158745644,0.002636201744790258,0.002022011447105419,0.0017636099459283432,0.0022292222616689134,0.002779158633139966,0.001793004317729432,0.0022208302617922446,0.0016228618227396778,0.0020861973221779607,0.002531233306927339,0.0023975929308452915,0.001270387006149027,0.0030539881909170015,0.0020762509451311985,0.0025720278125553764,0.0017286471250443586,0.0023636134380804787,0.0035175219970386587,0.0019760259813811974,0.002299410525995804,0.001892179332777973,0.0011707330238440257,0.00251721826642171,0.001121048658371589,0.0026572436508777923
3828,0.0021595775422039547,0.001957016956389793,0.0015081353737626266,0.0035473943709205206,0.0028549207512163907,0.0031309600804289126,0.004759652597122049,0.0019444259024061228,0.002193061666432473,0.0037104321129358122,0.0018125582349552713,0.0023000099041674544,0.0017306888240342193,0.0018520613418671844,0.002220307351288352,0.002213539316025145,0.0016946398230440471,0.001802509200680771,0.0018616599455112094,0.0030121586191652634,0.0022537317784507675,0.0018536117921389948,0.004494344861150544,0.0014150493040963623,0.0007636903148214385,0.0022316532555213256,0.0036126810629222668,0.001472307988148585,0.0016686630993908817,0.00218256801706984,0.0042435941752664115,0.0018362770547776166,0.004040246814624141,0.0015457836742323577,0.001966665994020505,0.0005563951482170105,0.0021547073041470514,0.0014730848369714224,0.0022244206059874485,0.0018378820987753114,0.001477031506016282,0.0013631801714475507,0.0013955549783844997,0.0024928318087237616,0.0023481014482845384,0.003970591254967565,0.0022136111357346135,0.00221154360691911,0.0022363752422332617,0.0028716447111950586,0.002074413565494742,0.0014156073237348808,0.001925015608529316,0.0019618614827520563,0.002242913194705874,0.0011596277172592469,0.0015863355718771087,0.0017342614819765834,0.0023390749045187915,0.002172801434317599,0.002486955987730257,0.0028375190127768036,0.0028770276572675497,0.003568640024327788,0.002271644897006909,0.002980225534236295,0.0019086947063013861,0.0019383330825518126,0.0015113001118046766,0.0026038785480524042,0.003048482687328481,0.0033627654966658215,0.0013523621347544112,0.001964553128109699,0.0016283155034057084,0.0032277220984312386,0.004709174628259024,0.002584885868160877,0.001949756995350265,0.0017792883382320727,0.0021684209120295572,0.0028523420031257014,0.0018941013206412868,0.002100473981373295,0.0016807114825776457,0.002094507036824698,0.0027514716484948634,0.0024241288352159058,0.0012592016590271713,0.0030780789668347843,0.002152906495799902,0.002935196199085984,0.0016635862556474933,0.0024620278992135407,0.0035444253437028625,0.002246216434449903,0.002381900493725231,0.001807611081629047,0.0011882245923751204,0.0025141467276889613,0.001091127628318351,0.002738031447882151
3829,0.0021946468582564444,0.0021966263409676804,0.0014566345258311838,0.003476003668097119,0.002749986017233471,0.0030894517906848652,0.004582510324392031,0.0018610212603943055,0.002110330375610155,0.003532106503438023,0.0017933901770965665,0.0022372252065200973,0.0017724304623646457,0.001850345293887543,0.0020776041931769443,0.00207113589456725,0.0016486326858455064,0.0016832063988403275,0.0019731327114879582,0.0028730116283408264,0.0022021436817679534,0.001955828406495584,0.0043858569023825875,0.0012825432541619373,0.0007499042033290073,0.0020666868169560287,0.003445654627531838,0.0014156834198369818,0.0016335580150678977,0.0021585333350697127,0.004438635456192916,0.0017841988529917637,0.004094985750543495,0.0013829934803864807,0.0018762183208030254,0.0005361001597360655,0.0020838559734288097,0.0013795630145337766,0.002220964632333582,0.0017571755324143072,0.0013431896562967358,0.001296670562209902,0.0013433828256117818,0.002457114610615995,0.002280012838938593,0.003930897198936551,0.002232295520029832,0.0020456453302685985,0.0021239052408448156,0.0027736710128898044,0.001980534190119353,0.0013556057796662772,0.0019268746129183533,0.0018065923515330463,0.0021785451740464028,0.001102267483072701,0.001513647795371666,0.0017573987990914064,0.002374692303967408,0.0022076430181710155,0.00239271304339866,0.002733946142140461,0.0027564115164067297,0.0036898467140934143,0.0022867242342384277,0.002940938941678837,0.001813418373977128,0.0019126760971322767,0.0014698987293126913,0.0026311261303201793,0.0028660364916521506,0.0035375715564425043,0.0012775156176190357,0.0018869174521912732,0.001605026249420923,0.0031724645712752787,0.004495609604433264,0.002628967901153003,0.0019185560643549986,0.0017995108485046698,0.002222201855519057,0.0026593249187366816,0.0018433817947973762,0.0020559380336603885,0.0015704119419588623,0.0020045166957246225,0.0025855316702448985,0.0023900576481737934,0.0011169833486886398,0.003150731030258353,0.0021512941617582854,0.0029144125469023827,0.0015713870170499713,0.002396885611155133,0.0036173017323988792,0.0021237479115512325,0.00226023337726425,0.0017896987270223223,0.0011906008456236913,0.0024212031554361143,0.0009799827705628161,0.00271609878515284
