bucket_idx,0,1,2,3,4,5,6,7,8,9,10,11,14,15,16,17,19,20,21,22,23,26,27,28,29,30,33,34,35,36,37,39,40,41,42,43,44,47,48,50,51,52,53,55,56,58,59,60,61,62,63,64,66,67,68,69,70,72,73,74,76,77,78,81,82,83,84,85,86,87,88,90,93,94,95,96,97,98,99,101,102,103,104,105,107,108,109,110,111,112,113,114,115,116,118,119,120,122,123,124,125,126
3448,0.005653799599890908,0.00397790048169558,0.005783699056616381,0.007418479425181059,0.004591817041831961,0.004509207219724096,0.006950458266804081,0.0026253222008893293,0.004645453675522871,0.005577994093726417,0.002729110033149729,0.004512218451792489,0.005588873635637734,0.003585164485269758,0.00427234499135839,0.0031838475865771476,0.0037148269278733134,0.004649406205240649,0.0028130979019485858,0.004526634698744178,0.0035878285376265704,0.002475806229920268,0.008833302932448247,0.0021181319312384744,0.0016771851871078007,0.004316130616426322,0.004179514097911274,0.004003989344735241,0.004451705851266031,0.0030919840132794273,0.009330380395547297,0.011169818800430355,0.012684126273385863,0.003031371626327938,0.0036345674346442863,0.0013543714517060292,0.002646551185718149,0.0027157005293658586,0.002611815440398678,0.002231555682602781,0.002143270846557551,0.0025535832051999125,0.0022929642211876383,0.003581673141214818,0.004093398310846056,0.006626955144081402,0.0030816360187688042,0.0031811473494640337,0.0033205379519414056,0.004412817852783284,0.004299886537607587,0.0024608314891439637,0.003347478402062035,0.0070524657394526345,0.007507564643760981,0.0018581659334494945,0.005112055608171069,0.003318783024092061,0.0029967624445105356,0.002544867512371061,0.002715748428685625,0.005190517395027401,0.00405200672735952,0.003952785256730459,0.002874230989521474,0.003996100021433722,0.0028602640785284138,0.0024285019896277834,0.002271061978730476,0.0027938602950985194,0.003908712746023863,0.004227091073708455,0.0031460149535047824,0.003423152736420142,0.002643397840894886,0.0038583788331968327,0.005963372184296323,0.011831500619249168,0.0036537630263466553,0.003567031110109763,0.003970877399437681,0.007038322389934693,0.0031424689269992003,0.003102882990376907,0.0032710352375109743,0.004402716390371464,0.0030293398653320315,0.0033948800686990073,0.002387261824103459,0.003555316910621492,0.0035308378037027556,0.009565825367326426,0.0020146797322891665,0.0040498797591398475,0.007856585541596694,0.006833992838566685,0.002271051055746606,0.003268698258944045,0.0016007217104285496,0.0036046955649390927,0.005419261138945638,0.006735327462538786
3449,0.0061080171139186725,0.004061560667619367,0.006068317105656476,0.005786909906476058,0.004487164206813949,0.004098885123217499,0.006334371973777702,0.0026824820918859567,0.004557460454681302,0.005390705835487176,0.002542722083838115,0.004577612702568197,0.005517139434479042,0.00350460389184497,0.004187618508095804,0.0033231391624570453,0.0036992982719159313,0.004899226167003958,0.0029944244651799404,0.0044727531177821515,0.00355246704150078,0.0025292792269061303,0.008342756404327667,0.0016544465844426956,0.0015369688374086796,0.0041737825488047595,0.0048468736958311815,0.003123414689390015,0.004439256851774208,0.0029576264465213287,0.008187793370379186,0.010840779468316636,0.012772930243391177,0.0028718144126585687,0.003296601134480363,0.0012131635647143716,0.0027961855255262125,0.0021904934860513476,0.0024344156175293767,0.0025504942789749533,0.0021556403227129058,0.002606164844216021,0.002130321540994458,0.0046882067078430414,0.0040789099273804835,0.006721865380323345,0.0026259179967074407,0.003273472454105602,0.0034518255587370934,0.004648949613147866,0.003533395492091368,0.0024333536696828683,0.003259944283956296,0.006992930799103036,0.007539481470255671,0.0018518682299839535,0.004957278396843106,0.0030397523726095497,0.0029873129602895777,0.002795021776692193,0.0034821818835184836,0.005160715914756108,0.004509553003174012,0.0036615006062891407,0.00293233761091566,0.004362581337376722,0.003051871725381212,0.0023200344475297965,0.0021407013526160605,0.0029506525683928625,0.0038127536174501347,0.004124216812507032,0.003076013895733429,0.0037502656888959117,0.002561342279487868,0.003616742510332742,0.006430190972592653,0.01194337197696321,0.0036938282625679905,0.0029618300750615108,0.0037926181400190218,0.0066977179231919965,0.003173715528855481,0.003114049683052487,0.0034541387280919334,0.004253687690421645,0.0031187866698470373,0.003338849334451459,0.0021578560281943064,0.0036977099628613818,0.003997480452156186,0.00931583732778637,0.001905687528313631,0.003928690857840927,0.007673931683173819,0.006706837185599719,0.0021792342693390393,0.0031880427864581277,0.0017198982341658673,0.00333181834608048,0.005387783713923942,0.006293916575317245
3450,0.006606323286826098,0.004202101403573905,0.005791357632271597,0.008659468335726082,0.003150864184559664,0.004360961763975744,0.005911990656296748,0.0027643172702038854,0.004958865555967129,0.006293326125220032,0.0023743655360504733,0.0033737395517268553,0.005752999453163509,0.002843561635645109,0.005195344282440692,0.0030490448350418893,0.0038268195452857566,0.0054554374666118365,0.0018324762011709015,0.004201252863545519,0.003909430103248629,0.0028735854876184826,0.007719152791629474,0.0022799486431055492,0.0014942895154927524,0.003042660253291569,0.005441789685722461,0.0027022530524644334,0.004992314778346963,0.0027285894892445555,0.008141287013727575,0.010857299638308535,0.013004604162346594,0.002834495877995041,0.003115060615246787,0.0012810217453195652,0.002914016804018121,0.0020531174492080142,0.0027949346891832636,0.0029567499996151444,0.002780611198043225,0.0025491892420654843,0.002435409427118475,0.004257372093778074,0.004000418099270723,0.006790595447142457,0.002646296029517472,0.0034531028004332618,0.003442719268237998,0.004076426881774795,0.0034287785613450815,0.0024339166094020435,0.0035283918673148476,0.00762764677094566,0.009818050470963777,0.0020503813139742216,0.004853051199214706,0.003012689632653732,0.0029861694890640123,0.0026384008025727664,0.0032624352298937054,0.005403978488763527,0.004277272454106502,0.003917683310170711,0.0027960707416479396,0.004888958308354331,0.0027966441013123956,0.0022012939834764366,0.0022568348331596477,0.0034433018563197154,0.005119693719559801,0.005449545241943581,0.0036602311755467936,0.003791561788006547,0.002626312878999515,0.0037318885707308133,0.0064613596793294025,0.012265754075127035,0.0038041570291843427,0.0029369121813696357,0.004234545264437697,0.005421239514019409,0.003370561580847602,0.00352461644622587,0.002728746902842053,0.004339966636336418,0.0034505845920025243,0.003338759663468792,0.002210421397822085,0.004209294109770537,0.0036857343357545665,0.01010602380038129,0.0021334707233486992,0.003586546269531563,0.00939758111866461,0.0073260191757025805,0.002172284309842695,0.003324121523842256,0.0019392235803003001,0.004044185444728441,0.00564652454314855,0.005134436115380247
3451,0.00697505421109348,0.004612765511572926,0.005709021050975656,0.008381641088525979,0.0032257191220159778,0.004967535819455992,0.005685459353429792,0.002676749280431634,0.005066017216266822,0.006172881071280853,0.003817228888616437,0.0035646832855940835,0.00516169562313665,0.003981875299670443,0.005305581891478722,0.0036248694695180956,0.0037575357078382843,0.006408654993126788,0.0019111088152518258,0.004959736594528643,0.004079493478773307,0.005070002932405208,0.007598747580745124,0.0020942459355712813,0.001509121530717327,0.0031131704058112086,0.005810849559701183,0.0024748657315786164,0.00455180618040132,0.003056569632096966,0.008301427701481555,0.010764956164781365,0.014411214278766347,0.0031468817537216413,0.0033531295032488465,0.001239387864572215,0.003452077326482316,0.0019395263940211972,0.002719693982808283,0.0026186855614721417,0.002981246417871894,0.0026235408000741594,0.002282619261114492,0.004560309848736862,0.003844242860539733,0.007013138712223069,0.002931770325780178,0.003838280509155103,0.0029387104839241314,0.005749664421909224,0.0035012122936329574,0.002681143571719675,0.003329759127483449,0.007441208408039258,0.009590138492190842,0.0021602271423458042,0.00522667255482902,0.0031179488500421024,0.0032592815529187947,0.0028034577278908536,0.003913744103334433,0.0054083508825597225,0.004678201132216992,0.0045650934131003275,0.002993436135826053,0.00477587663104965,0.003496722628139039,0.0026435739069288144,0.002372023851920219,0.003992017836062215,0.005958106913963719,0.0054233399191455645,0.0034673261583795896,0.003860330261639715,0.0026966612426877444,0.0040319108114990326,0.006782673772553033,0.011888445450951352,0.003492012292623203,0.0031610683987314024,0.0043046250308586154,0.006235039222715264,0.0033176202981813267,0.003505115905359488,0.003022770837230658,0.0042305154025101,0.0036611708149904385,0.0034579835106925143,0.0020912886624987127,0.004421398861370668,0.0034818863069098266,0.009838342755137404,0.0022172849945146598,0.003774802274839087,0.008854891347407173,0.007393033625628673,0.002246117593109759,0.0040026443105490115,0.0021437608306452633,0.004409840808093554,0.005631987217087733,0.0053773712140446185
3452,0.00770876754979759,0.005442111363575177,0.0054729789018309735,0.006655221011405631,0.0032651521828874113,0.004972368963424962,0.0069395357867037795,0.003031588632944169,0.005154487213427636,0.006177456755333627,0.003454818192448447,0.005048399624478146,0.005321705399297321,0.00341804676315294,0.005391789148109608,0.0042673935720062605,0.003979653694912391,0.005906921061162251,0.0018451115997408635,0.006585473359351996,0.0034282462057010415,0.0047146563958837505,0.00920199480741042,0.0020431004294270186,0.001775831025140824,0.002591491631893904,0.005031399491317042,0.0025079749485293116,0.003923160647252187,0.003533128430904816,0.008380034688331414,0.01020543100693758,0.013794800013140804,0.0037287951315997654,0.003307750518822258,0.0012219190753714833,0.0033892100696083977,0.0018139123505365841,0.002678842258222079,0.0028824845173369734,0.002038727446469207,0.0024911950427796274,0.0022565250121028848,0.005819401683547892,0.00415424605687832,0.0071272222912097515,0.002908681757405935,0.0032886131589387724,0.003222021447509069,0.007707399175724084,0.0034355244241906524,0.002383247411176083,0.0033018051035515715,0.0061749275208595675,0.009429176076905663,0.0019926551670850774,0.005364264637954828,0.0025227363523440726,0.003290234626398702,0.0024517936162011854,0.0036661288658069806,0.005496025594727286,0.004649277590699819,0.00489121125970014,0.0037417288877939917,0.004081449824317383,0.004121784498261292,0.0035673776789559614,0.0024925160411901686,0.0038665955427511136,0.0036107026177103338,0.004584362479411104,0.0031290001349769704,0.004443398163271777,0.0028748441839749886,0.0036367212290271365,0.007878464380321776,0.010586320654885495,0.003787220317999017,0.0029436163769742418,0.003894929913231596,0.005929558440565537,0.003711612719562212,0.005725786691999253,0.0029814643179832236,0.004117067431891147,0.0034914213417653914,0.0034802080234848033,0.0023613226662624795,0.004474727092368439,0.004115906659044157,0.008614126388273042,0.0021742745752751534,0.0036944681748956576,0.00833692184793706,0.006938237654182839,0.002507715294252801,0.004426447539981974,0.0021457803655810714,0.004364938816940674,0.004664369815794912,0.006291832704848735
3453,0.007988628001170527,0.004405484988030635,0.005751162066488077,0.007087948035671501,0.003364539346389078,0.0053107648523419305,0.007089533609178618,0.0029186943455948105,0.004967779685211659,0.00574621681813682,0.002926735081484353,0.004178498902929607,0.006282627089207386,0.0034964073044585543,0.00575241944815578,0.0035139470805916574,0.0032637606256433415,0.005694353517578591,0.0019251801353968516,0.006070346991305519,0.0033554088393317675,0.0025458408968074627,0.009576717449086588,0.0020423077540117443,0.0015269487596593532,0.0036328149776180137,0.00494066415130173,0.0025540958384456794,0.004689131752293243,0.002818994386375948,0.00901407091582442,0.011237345366473311,0.012338539369034446,0.0035168588048776718,0.004897402579618369,0.0013809628144760685,0.00310428280285783,0.001506714991191608,0.003051170784731215,0.0028399163183487975,0.0022278968834492665,0.0020981003764517754,0.0020599097507415062,0.004663824144618667,0.0039922305468334425,0.006711552295602938,0.0027329419348565537,0.0034675670103609638,0.003274668470054863,0.006205318827433141,0.003282935107701858,0.002678044746554044,0.0033249014589055536,0.00766332675727421,0.0069278057875482215,0.0018919741693091009,0.005466087466662265,0.003149732634537816,0.003080685611699913,0.0025673974174061373,0.0033321754276405733,0.005308135445107142,0.004277420211543084,0.005336905790626374,0.003694254903156522,0.004015185561760325,0.00243387812362665,0.0028064971347917266,0.002257494943055242,0.0038671050783330727,0.003924454716815908,0.004399444047333783,0.003623618614571607,0.0037814243676676696,0.0029139138575286147,0.003363360521966607,0.00920160692731956,0.011052021661331582,0.0037705495760806647,0.0026465488819190156,0.004139408401483365,0.0056464635210268154,0.0034977829622853795,0.006146540337706195,0.0029265267922650765,0.004492762998664859,0.003468304173580177,0.0031205375366099492,0.0024854855698989726,0.005005277953137052,0.004285119296540099,0.009109106060782177,0.0021936020381913444,0.0033510258495993545,0.00792549352864686,0.007338887972454941,0.00276999073555358,0.004221497963873717,0.0020427730292670574,0.004134935155385021,0.0060420267981760815,0.005730231466165705
3454,0.007300535359378909,0.00398002927282385,0.005615516518988453,0.00642746968869638,0.0038959292968225277,0.004754292699986368,0.006505187568492047,0.0026713975737177914,0.005154526657411426,0.005759391334829932,0.002776179058291185,0.0040362023896981375,0.0068272376450806685,0.0038784494123560664,0.005195293999560893,0.003660637184046247,0.003477234534519076,0.0054907382242398595,0.001992322818223618,0.0058487312058606985,0.003422218989429578,0.0026638729877888345,0.009591230062803748,0.0022512957198220942,0.0014955236077298273,0.0034349821272221825,0.004769906444935726,0.0024687316786524767,0.004418063954377832,0.003059809103471807,0.008987997555412724,0.010842915122835837,0.013761365067678291,0.0036995147384342605,0.0038621177504776466,0.0011788934156154425,0.002990805783429088,0.001906407097739778,0.0032829825676968195,0.002885843197422982,0.002180174370744357,0.0024837931986353293,0.002202488236255126,0.004912048487394279,0.003984408417851959,0.007505028398964905,0.0032069064892357854,0.0033274416733870675,0.002960579019537977,0.006443736748894005,0.003829129170348811,0.002465996426314725,0.0034314486949087973,0.00722060481724937,0.0072064614211911964,0.0019390333441240883,0.005192030790012877,0.0027270115581274415,0.0031145420469791,0.003025160619265882,0.0036311758273288954,0.005804257549630114,0.004438710635575556,0.005040824100814469,0.002975138002831015,0.003998599497359689,0.0029315042842473164,0.002751037586096196,0.0020798512656512048,0.003773997107750186,0.00499894649691678,0.004019760184094361,0.0035461946649437467,0.004029237831343004,0.0029611329710681725,0.004814663756936509,0.008142084213707424,0.011352910843627852,0.003627801277555654,0.003083577732029299,0.004008679921399975,0.006733694878407508,0.003110460394375808,0.003262877378988379,0.003048155843255272,0.004032180391909937,0.0034164874487585023,0.0033467246664886955,0.002442544994019999,0.004967324430682663,0.004126700643535477,0.009099809822194306,0.002325797026002458,0.003268916366853399,0.00792728105945756,0.007657948315694462,0.002737677687058109,0.004278405676389493,0.0020791160113700297,0.0037564480794156723,0.006413229540568585,0.003913476924912535
3455,0.006628971879458709,0.0037318994802009978,0.0058024584125477615,0.005400892900843057,0.004363009458358331,0.004591014179537992,0.006469259943706583,0.0028990181925177606,0.005501806127207372,0.0055719304240531035,0.0026408821094783923,0.0036743250085305283,0.006421711302679918,0.004070279917982665,0.005069950379702339,0.004178117642214531,0.0035031092260046216,0.005596040850538234,0.001830198105547211,0.006327201130707711,0.0036357816698770113,0.0025854260698754405,0.009108171814869745,0.002677650237158786,0.0017369855988395584,0.003639338143203207,0.0044725410114316395,0.0025115607186526026,0.004010426026627254,0.003393019682123325,0.008552626802692592,0.010921975029219919,0.013368929251291932,0.002300179029918284,0.0032638708436390843,0.0012868377099560081,0.0031448467752184803,0.0020460351481377285,0.0030572586078930846,0.002545810101587713,0.0018999260421844165,0.0027651404568844657,0.002587352785497721,0.004452738628847223,0.003797228149005884,0.0060640657067426865,0.002921424787727336,0.0031515622847101328,0.0028316623979977983,0.006919372460229056,0.0032655042153261647,0.0018464107467627009,0.003408934880933496,0.0069372652786278445,0.007498563223857748,0.0019391865376405446,0.00502578494170763,0.002794488006052713,0.002961459376407838,0.0031033043260320996,0.00344315001614904,0.005371022043572519,0.004405399675324743,0.0035882187341838615,0.0033909020860931386,0.004930128463847431,0.002357589574271444,0.0026128758863594704,0.0023812298551150485,0.00349911404414654,0.0034210280808174747,0.004505283450749976,0.0036701268092438335,0.003826127787222768,0.0029926530072241315,0.00550241660471406,0.009199295901649128,0.011317889248775182,0.0034752260891955486,0.0029876479116048424,0.004122315616527719,0.008262564211984126,0.0034039218816339853,0.0032289487386523365,0.003038607688710884,0.004254255024878416,0.0031028359705043214,0.0033953411123291174,0.0023786678638335335,0.004367832434619814,0.004137427150504954,0.00941998055827476,0.0021288846571545696,0.004009571122591361,0.008066341661045223,0.007219815913294456,0.0022438372217591564,0.0036714932594594414,0.001887787871145805,0.0041108182666542235,0.005766651569956224,0.0043310239616155995
3456,0.007649740501379224,0.004377218902952197,0.005527358926930069,0.005508985081895677,0.004635031247731795,0.004839150664385692,0.0063406082882428725,0.0026991328529821987,0.0049886964191646465,0.005516131793494389,0.002745820876556355,0.0033544263818476258,0.005861642155030883,0.003965577792930965,0.005361538620776311,0.0034975472856259675,0.0036001562451991238,0.005294525584107422,0.001862531440879465,0.007005907546576487,0.0037728129904555773,0.0027394444014046527,0.009915766076467027,0.002883470790403675,0.0016233754323002017,0.00353331037654753,0.0050121806945492365,0.0026427282313369535,0.004040056679717081,0.0033523346762606094,0.007988220519443149,0.011185888444697457,0.013128622797289607,0.002386652243868189,0.003377913468612456,0.0012455206672704908,0.003784027349654781,0.002009236834626457,0.00279915326896306,0.0028112578379096424,0.0019631905880774696,0.0024830259578175347,0.002605027534027873,0.004029473088131286,0.004018326678714986,0.0062671260847181175,0.002913557679545715,0.0030111080021545137,0.0029471436989006406,0.007122522900768315,0.0031104325739229883,0.001977992749048077,0.003753153943900089,0.00704063938588223,0.007430264487821049,0.0019622956500737,0.005011110517388277,0.0024738771093142063,0.002981067455318292,0.002930074930069237,0.003148066077636117,0.005471505394152123,0.0045625257755011915,0.0037046150156217726,0.0033135889487162376,0.004601104837706224,0.002717246751522453,0.0023047306290573805,0.0025259746350135607,0.00420386147051042,0.0036868078957585713,0.00518928695364323,0.0033978112641649474,0.004034293035608045,0.002951506005451168,0.004859498765623884,0.007620857024925634,0.01191854794521927,0.003480896177658836,0.0032081331162792026,0.003971786674996077,0.00857993297779967,0.003915365787399023,0.003201208503815105,0.0033893181323367627,0.004225267294129902,0.0031582968835104233,0.003326128550480098,0.002439123348739341,0.004783926582878863,0.003825352524545803,0.009400072053928912,0.0019742849621865854,0.003932944509255576,0.008295521536135844,0.006978734380789703,0.0023085363788961765,0.003467970283800198,0.0020045007432673186,0.004382445312696169,0.005905698574173814,0.0043249888194469574
3457,0.005501857857032228,0.003757801377294947,0.005750892184378008,0.004988184878310601,0.004163396661603729,0.004363754409684335,0.005355606489704167,0.00271959684852683,0.00357450200613575,0.005155364322711877,0.0025546783497684545,0.0031625860908236617,0.005680272552829355,0.0037778002335512977,0.005588588079595474,0.0033978453004342318,0.0038151571474158326,0.004746856641335493,0.0020525693558594836,0.004238976413027891,0.003957256489489769,0.0027573161480876967,0.008296143076640042,0.0021629562513992198,0.0015438981783321814,0.003003980734473917,0.004693520204810865,0.002719384741514312,0.004605607585893543,0.002780240707474572,0.007164598052710431,0.010934354555982803,0.012748874705550223,0.0023549785949393094,0.003192663756144419,0.0012180490707577147,0.0035261989518513832,0.001957735525535967,0.00272348098067378,0.0024163631848664437,0.0023057183147749648,0.002311065147762326,0.0022566326514200843,0.003849272881220369,0.004229125984407239,0.006178595995183603,0.003112630195635679,0.0034566276962605764,0.002809015877322303,0.004881839070133056,0.00317895057016475,0.0018583180167298762,0.00306450617600989,0.006715543515454222,0.0075019629910204185,0.00196725526752657,0.0049765107923881394,0.002906082993112243,0.0025016552806545783,0.002749638674274447,0.00301868073665694,0.00528462361320337,0.005099530193106436,0.0038005635417829994,0.002557442457605985,0.003895226200609829,0.0023841049780324967,0.002059485670718761,0.002333808136503332,0.002819052693274446,0.003486026673526109,0.004105325199331851,0.0032681430992303434,0.0034303034494062748,0.0022933200642514715,0.0037443142015775943,0.006965081410469891,0.011681304583524354,0.0038484773249694844,0.0024512214599865657,0.003986473134202445,0.007472775516720018,0.0037446331906046894,0.003087359199474389,0.0031764042268488135,0.004424517762165768,0.00346732140389672,0.0034759820913189115,0.0020422480408863863,0.004432854525114305,0.0036253130726641974,0.009988684592837548,0.001959604261306894,0.004068936613997841,0.008142722799230541,0.007332553423479373,0.0022599342554254654,0.0029004918532243478,0.0018351377253300884,0.003958669550627086,0.005987909235373967,0.004141577503198415
3458,0.005754926292715258,0.004279408647976086,0.005613531610101939,0.004833723868899278,0.004900649603609938,0.004597837621442027,0.005245561288535114,0.002941859869589019,0.0032769901168643936,0.005244120726110861,0.0028071200133773025,0.0044288475842907266,0.005646135686283907,0.00384706198069086,0.006561644967520549,0.004145646883453446,0.003656289190059039,0.004593083039048565,0.0020267082513723152,0.006021242386215591,0.004227414296596123,0.005019149036966275,0.007894776075766406,0.0026686159346339393,0.0015174045870375243,0.003284162853718455,0.004296643340637943,0.0028653390950940222,0.00478181356317853,0.0032564474191804386,0.007330671716205919,0.010340251612421438,0.01271984598654028,0.0025798396183942343,0.0034205165948551627,0.0013808103778350752,0.0032355204611585167,0.0020610372981397364,0.002306010081346157,0.002440275860029997,0.001945337709729177,0.002849872909171326,0.0023996346676647433,0.005003148842264209,0.0039921132288217075,0.007204183977042979,0.0033245422267553096,0.004195518966192007,0.0027026472269395495,0.006148417760687921,0.0036809914238330483,0.0018880026868432504,0.003518208597891728,0.006816117495572399,0.010206284412376308,0.0021840573704175223,0.0051339750173402055,0.0033284201082102406,0.00270831697097389,0.003050847254577643,0.003410109443106371,0.005524198171952362,0.004486122490532489,0.004401277189458686,0.0024478915239726506,0.003697102902990192,0.0030176557797288316,0.0023221100441042472,0.0026562593626999055,0.004308002833999551,0.004445880663537908,0.005039676961640892,0.003277242378589326,0.003294704347198131,0.002252609373389438,0.004416049605960493,0.0071787150217337194,0.011444772076294444,0.00361817669661014,0.002737332713125629,0.004017727467355917,0.009314485949522385,0.0038755287677450993,0.003339534604819657,0.003637283322745106,0.004335542390917346,0.0034717287427707493,0.0037215477533602873,0.002168421649510129,0.005097142357133775,0.0040162571478979175,0.009226990892487678,0.002094321713459326,0.0043093470646306435,0.00802440955174834,0.00702585470541456,0.003148983053156458,0.00295697739795281,0.0024053187281641037,0.004160007032726128,0.006249380337333451,0.004512016841465769
3459,0.006409371918440752,0.00463315122620816,0.005711756470104075,0.004908782223334877,0.004961268855914232,0.005029677192834937,0.006603951067092041,0.002904852872820184,0.0035468764972315277,0.0055974732279358945,0.0028068082786532945,0.004827493949024087,0.004902827268972322,0.004133772016019182,0.005519475784075038,0.00476816435262769,0.003860398019491319,0.005438094500831789,0.0023472837686403254,0.006605426297703755,0.004093161497683292,0.007166442750999681,0.009637595652492826,0.0038159655339710125,0.0016743322205646923,0.0034575595590949446,0.004571262258508623,0.003570467075565474,0.004577923765796036,0.003057865499117253,0.007399446392461991,0.010993158235828065,0.014304501498426159,0.002610658888415846,0.002775531576814228,0.0015445899839641962,0.003833390807457394,0.002388885350912452,0.002850148640934176,0.0028082068865257857,0.0024866925044915705,0.0025905039385523266,0.0028530010273674043,0.006100010221883673,0.004000051890050075,0.0075799564273033885,0.003708336860866585,0.0048280212066183666,0.0029756451073213175,0.006241460138288618,0.00379165999785952,0.0020445881053464065,0.0033829252014026165,0.007336093676869507,0.010286358403854428,0.002246774413913334,0.005818988421453027,0.003544865970797045,0.0031247317954182672,0.0028750969405926426,0.003301641075862942,0.005517479914845641,0.00411644124817888,0.004961498108148333,0.0036515619508126164,0.0036887392154420664,0.0037241377820098572,0.00256514883431629,0.0025852676011434202,0.0041891161226343164,0.004215365152743782,0.004705477346237475,0.003906682976726239,0.0037567053916276135,0.0023409123826074302,0.004868315139065817,0.008455799040968088,0.012185366697646858,0.003736893457547554,0.0032062599639941297,0.004400229039509011,0.010009098585126202,0.0033969047695550343,0.005098814701175234,0.0038073359537580793,0.004366507606553839,0.003714724717412735,0.0036777908059903216,0.002455589306029767,0.007796839685006904,0.004026476479729083,0.00952562048152081,0.0023250569056587544,0.004600139259836985,0.007044775731655334,0.0072738754337271045,0.002900026788205136,0.0030686212920395094,0.002290757001563085,0.004818209107217538,0.0060375130298432654,0.007173840887993739
3460,0.007106450666699999,0.004397245340134982,0.005748753649104194,0.0045831543738864495,0.0056454617584604265,0.004947494556969056,0.0062032417820868,0.0026201864114082925,0.003252798971007621,0.005338175758303256,0.0028953897796645594,0.004089881266672769,0.006137216760415319,0.00416210102027074,0.005060503274048415,0.005350260311434253,0.003247512612488361,0.005402592920089081,0.002556961840277916,0.006994052780721043,0.00427771289734606,0.008793323554947354,0.009544811353756195,0.003369919636542345,0.0017624381560959635,0.004277259058241909,0.004288551867341652,0.0031313553349692266,0.004465300146803589,0.0031610550874441434,0.0071641229755003205,0.010768755234694559,0.013387083320025061,0.0035696731740069544,0.0037103027748490425,0.0018271174283822334,0.0035736735361726613,0.0026621443482268336,0.002776269708171095,0.0026701604647290616,0.0022580452115873407,0.002616766462986893,0.002785797521536976,0.004403950861966855,0.004369387963776811,0.007949223590413716,0.0034681639701030567,0.0037129166367589565,0.0031153853345831533,0.004419732755145859,0.00329498022060364,0.0019730670326745994,0.0032244437406649218,0.007087381862383606,0.009797621630342656,0.0024012560802447644,0.005742235038369105,0.0034263935192635534,0.002727852205403287,0.0030682351522513312,0.0033798898613485863,0.0056241233205747525,0.004286280841615933,0.004090499041341578,0.00360935980425241,0.003595669664256611,0.002490466406712505,0.0022704909640957477,0.002640658089269425,0.004550347868693745,0.0037924973073532233,0.004106211890882584,0.003782824636149061,0.003780758871170288,0.0025680011360731123,0.0036667485633720335,0.008079670995283169,0.011064186986665017,0.0038120302423965318,0.0036801907948512333,0.003917658145030683,0.008554665626808889,0.0043656208285697004,0.003187691820504728,0.003909534921776175,0.004390402777523559,0.004383707288046861,0.0031294684724054627,0.0025975250777751273,0.006798059069103623,0.004157497446220014,0.00972491176097987,0.002057688707559525,0.0038544663527266933,0.007918564204782137,0.0073607853912370635,0.0031160335607398493,0.0038748527926705965,0.0021957891633464146,0.005314844789914471,0.006058631422869751,0.006891612776069724
3461,0.006575661550250136,0.004275529665820196,0.00578895587966439,0.005220956478211903,0.006063682461068003,0.004547139433747719,0.0059385626581507246,0.002617029514012668,0.0033708531309215336,0.005398439360399955,0.002758917261104737,0.004206698413874266,0.006064460711076538,0.003815910754707084,0.004951966544871024,0.004790408028555229,0.0036624476488143444,0.0045458782545332,0.0025246493281270844,0.005902957916313086,0.003937506440427631,0.007001063711955734,0.008902908885809878,0.003991277342357446,0.0017409807800620822,0.0046244522016824115,0.0044988462189863914,0.003690975912714224,0.004445878256724989,0.002892144483965969,0.007302592295674579,0.01063290148645736,0.012827781478020476,0.0034785586410455045,0.0032228144163644417,0.0016943451233998544,0.0033370753459083286,0.0025534976566258336,0.0023313201719365713,0.0023404040025525813,0.001990005052520509,0.0027080871654463026,0.0025519927661492962,0.0035769670536968793,0.00399287394645731,0.007017137914033713,0.0033952647840851395,0.003632269482641353,0.003082430413156986,0.004864147045053139,0.0033383142519400107,0.0018591862933677674,0.0033960058734131254,0.007316336134294814,0.009998247707676156,0.002096364747413624,0.005179249114277241,0.003236165842652296,0.0031678474228377107,0.003169067357246868,0.00314367563965325,0.005724087966744817,0.004189689440510653,0.003994288030382893,0.0029359697160005996,0.0039598180881087654,0.00267128998941349,0.002404649637316054,0.0026629997361270795,0.004351300717016455,0.004050341256734537,0.004026068249730098,0.0038144133492575504,0.003986626812351476,0.00236731888862829,0.003416619696609074,0.004818508295739686,0.01115408281893527,0.00389574897040545,0.003306057451353548,0.004085324804957515,0.007395066074984878,0.003752425241517255,0.003338064213521303,0.004149319744476304,0.004216775304713259,0.003910660612340809,0.0033823912569115057,0.0024010712648422088,0.004596678053532714,0.004100769873205291,0.009949475418224104,0.0023404448709868114,0.0039883572943653555,0.007719705912068494,0.007287174389758094,0.0033584870064987493,0.0031298105429707797,0.002064316728020974,0.005375805023205732,0.005929218958342735,0.004846082756665702
3462,0.010673034360397229,0.004593516737492647,0.006098641550619715,0.005514501369280102,0.0067603459822795035,0.00438783744230769,0.005512485030850452,0.0035202113503404403,0.004294529687057792,0.005507519878326639,0.003528781742653349,0.0031899372954933745,0.00566498229619778,0.004276295585880402,0.004778931644507481,0.003014839572339377,0.0033344678047199376,0.004873358390358779,0.0026467221577199445,0.008002169254348799,0.004380261032576812,0.004603802017383835,0.009272835985116442,0.00272133138711024,0.001666829464328354,0.0034078585951985447,0.004864940155474028,0.0030832957861378243,0.004783574377992806,0.002865301162214885,0.008022123179807746,0.011313298704130966,0.013336694734529359,0.0022920824583997036,0.003213906831658182,0.0015383969884882416,0.0031583758815887947,0.00223940182017104,0.002786858997061447,0.0025488966668132497,0.001955004912860632,0.0028668839753922906,0.002286579188208259,0.004336404626748653,0.004230780579110152,0.00629480916883263,0.0029792406489828824,0.0034317090675293448,0.003293422318167927,0.004596376603349629,0.0028656924090807927,0.0016807690985497022,0.0036934880596098773,0.007336082131758907,0.00964697686448782,0.0021518335133164303,0.005083613727119503,0.003380884805164409,0.0033210964526793206,0.0033721743003442754,0.0032879678139714668,0.005427585340161593,0.0043981609834786144,0.004057099175233221,0.0029455502278785523,0.0035160334078073465,0.0027132661663515864,0.0030731587346450903,0.004008482558918017,0.004848303521900884,0.0050516801731350595,0.00399843160004134,0.0032858588111352002,0.003552184649905769,0.002496185252250622,0.0033717166544136637,0.006158787845858956,0.013011453249019997,0.0037252315281769656,0.002848300970127506,0.004277840515702684,0.006472408556102376,0.0033233106131724567,0.003132414768992262,0.0034661077418877825,0.004330299885148205,0.0034472421898121106,0.003127839011392498,0.0029657525907676205,0.0044750065208204745,0.0042646836552437265,0.01011201718241319,0.0019189010847824072,0.004265065816034407,0.008040109455446203,0.007410416868096432,0.002246350725653537,0.0030252048615585165,0.0019415098741151708,0.00474590208206121,0.005678123627930612,0.0044531116335611
3463,0.011025319325257752,0.005305820610296632,0.005720415392678094,0.006416396624025302,0.008323025697072684,0.0047430432664055545,0.006245155187834644,0.003615625825401293,0.004804220240602708,0.0061255515545381185,0.003851194729387983,0.004287204446138187,0.0054463980418833985,0.004359873286221938,0.0048481383639877775,0.003953388659789036,0.0034757741732892138,0.004924695428592514,0.0025641890145438016,0.007630370721988656,0.0048409380329287165,0.005193347499564494,0.009413864338136714,0.0030991414521342304,0.001671950481666631,0.004179162093130523,0.004696254580468657,0.0038788245981115185,0.004276805709528734,0.0029983492999722593,0.007629318271588307,0.011260023739164082,0.013376261967011272,0.0025317377228754826,0.0030175342975705143,0.0018578084185123652,0.0034432038790984877,0.0025582281682513678,0.002791325899957584,0.00261214933989986,0.0019256770087292823,0.0028213394722399034,0.002465046816304088,0.004243589890841679,0.00452061615337037,0.0069802898673186195,0.002951761716468735,0.003995195547495472,0.0034054635621908313,0.0057567688684483,0.0031600573616599723,0.002010675925022859,0.003508896851745027,0.00766315058208399,0.010333704747140427,0.0022810311181128196,0.005179211812688723,0.003459355329012821,0.0033308443246951097,0.0031347343762366192,0.0038157987257500412,0.005605034143782956,0.0054037297039068125,0.004226608129096172,0.0037186452400244587,0.004053109871707182,0.003088185724523149,0.0028179697760952415,0.003522746162023782,0.00593830755110441,0.0049085639920061685,0.004820893293064563,0.003509478087837948,0.004663671346160977,0.002926176299882837,0.0036531835533712316,0.0052491367082786134,0.013407531080934976,0.0037352499533060374,0.0031131249665228905,0.004217170103923764,0.00884573337355575,0.003595099881360972,0.0032174461562068063,0.004074610210276145,0.00438944454479584,0.0034715818706513263,0.0034000760836152724,0.0030578678179595388,0.004282209643173561,0.004146076404222255,0.010304457367581355,0.0021538402360674453,0.003873122481581341,0.00787385465393662,0.007518526172501671,0.0024505369923281117,0.0037211931156576968,0.002243119858290022,0.005272544856577037,0.005665502709601693,0.006404864716381393
3464,0.01018405930254594,0.005284580587566647,0.005570761941258787,0.007014641617631048,0.008173017123929725,0.004999799535674299,0.006947171991136667,0.0035990667704416807,0.005163397035609309,0.006157134979137391,0.0036598193175894295,0.004634537833216835,0.006077253161859825,0.0039506496081973255,0.005164753409354477,0.0045410416224625555,0.003466458027904597,0.005236182267142113,0.002438780071117604,0.009154249539618442,0.00477847393423892,0.005086434364239694,0.010057193351771916,0.0033690637716421233,0.0019132806345491813,0.004338135725287664,0.004363748256728725,0.004724124745137845,0.004670326617313565,0.0032979641301222186,0.00773836722991247,0.011173541601402196,0.012878931560651292,0.002587006397788335,0.00346959326265629,0.0017138259393562688,0.003855627913002279,0.00252065995239643,0.002870296493636313,0.002410446497233995,0.0019788794700649538,0.0028052285910772894,0.0024214220863257585,0.00430144160253568,0.00503359610443389,0.006915223637765859,0.0032300984157143634,0.003871381249997174,0.0036465399856832025,0.005173577701674119,0.003363065034416444,0.0019018905502188163,0.003220772888839678,0.007596232327383465,0.010353062671448296,0.0022146055708453503,0.005449798704023832,0.004003396476537073,0.003300080557737431,0.0032044728237945845,0.003812194140520931,0.005519012919686529,0.0053555139987048524,0.004102707183444966,0.003887088856942198,0.00422116860001329,0.00351692199942441,0.002554665848198165,0.0035172290418032013,0.005788342259529306,0.004872011853227914,0.004634103115101972,0.003210763894759457,0.005143785493431198,0.0031357450813244833,0.003931795363128808,0.006162130473209007,0.011569770907414574,0.003710164073158205,0.0031979050076696445,0.00428135879871465,0.010187099414663996,0.0037345632307238777,0.0033345900409334998,0.0038683765722506095,0.004246246971807637,0.0034263133040746433,0.0033652805507006175,0.003186566874798914,0.007438248179100769,0.004264090849317761,0.010712584218276752,0.0023963156751957296,0.004133077815162201,0.007942159434080595,0.007630286491511109,0.002898710190596618,0.003956777603196829,0.0021004543397528707,0.006198503686407564,0.005813989451377829,0.006822172923796963
3465,0.007455119309764895,0.005022156572851916,0.005656836050500309,0.0070041651166367425,0.007045105677188777,0.005676402897019054,0.0070625158498391506,0.003357763140303542,0.004780472772839466,0.006161254651771723,0.0027793406964227688,0.004217631589392216,0.005850188731865598,0.00372263702882428,0.004946037073606279,0.004340162679557249,0.0028292150314836667,0.00493203162582569,0.0025738230159767102,0.006811536107301166,0.004485098265107202,0.002867127828230257,0.009379633108606627,0.0023976036197196045,0.0014619690470147916,0.0044189831674920094,0.005214236515478691,0.003752871288832598,0.004310816281927659,0.003107898330046633,0.007673055957032157,0.011463572929220341,0.012983428313448635,0.0025696607418631383,0.003521085280448037,0.001182062753748417,0.003800810101317347,0.0023543082409463907,0.003421992387818857,0.002407120668910846,0.0019932021056099716,0.00242238664208207,0.002084517138535447,0.0036326729434344425,0.00403380007283962,0.00664404716317983,0.003069835718632871,0.007147314923053945,0.0036088301295771202,0.005114653560733333,0.003427007273806314,0.002253747781387463,0.0030110829250266564,0.007490889647678593,0.010157194799024036,0.0023598941932020993,0.005163687797872492,0.003716741509043709,0.0033447603418306293,0.002928193481671405,0.0035550211141827347,0.005862304023920309,0.004742434443734862,0.004128373725452922,0.0038844243641466074,0.004827825332894607,0.00263714395661915,0.0030394076581625636,0.0024037077436647337,0.004745971984988667,0.00625881757553241,0.004840475042720573,0.0033555059061428118,0.005230681419501045,0.0023629509221125755,0.003844400968400074,0.006561526730920783,0.011993198819589606,0.003959936593679314,0.0032577800148042083,0.004190739893288065,0.009705664172656095,0.0037049241864118634,0.0031519822771280915,0.0035902025648591666,0.004238881037514081,0.003894580533362162,0.0034002961333929947,0.002424661376015843,0.0042102851370654625,0.003820869148107864,0.010158726611827382,0.0018612056181241537,0.003937910853864507,0.00781469579253853,0.0073768883379528635,0.002786776160126176,0.0036000860967318675,0.0022033298290742263,0.005332377304865419,0.0059269220770807405,0.006870508235741117
3466,0.00687290784233727,0.004924604498748168,0.0058541061818070655,0.006013182174640555,0.00675885319161527,0.006254021008024164,0.006469587735075112,0.00329202536021939,0.004500613673900326,0.006309918490889625,0.0027834948458782816,0.0053808252676105185,0.006278946751680993,0.0041123345868807806,0.0058555847558898295,0.00412978774673852,0.003182549532111811,0.004711303648146516,0.0023724689543020276,0.006257407926093546,0.004056854131916816,0.0026356227430249526,0.009087900522638746,0.003514676284046098,0.001420579859356201,0.003953538108021803,0.005571061113523958,0.002578890104403546,0.004123107499514326,0.003364601406762038,0.007797911936055325,0.011381110472950297,0.013062799582667413,0.002659753129462134,0.002999725854218116,0.0010922656207252464,0.0034818819189859347,0.0019943405865333703,0.0031977006422323913,0.0024215926757034617,0.0020699315504496114,0.0028352005321633186,0.002247793467156359,0.0050554023735732735,0.004406608791623778,0.00839821818087113,0.003439510339767111,0.007047014373779213,0.0034333570945134315,0.005044955825804731,0.0032882584150336217,0.001989257957413839,0.0033423954329137376,0.007480204901383068,0.009865603250789695,0.002337076704948037,0.004713327236041941,0.00348606664944195,0.0033375186206994994,0.003121169133429851,0.003632686967905002,0.005688470183437136,0.004749686200742759,0.004653245067610875,0.00326652257548829,0.004898028961712495,0.0029004938065686245,0.0025290627219243193,0.002089394681704318,0.0047069446365769815,0.0068312637926576224,0.0050638239756380515,0.0033921897323360537,0.004688549265335736,0.002289524240665374,0.0034299949723374462,0.007085407966468805,0.011823770232061144,0.003646171566731212,0.0032620086671046105,0.0038752417692518755,0.010599537596530957,0.0036151094954244315,0.003219068315638322,0.0037827016555320387,0.004315663448861027,0.0035888841028263404,0.0033871397652126198,0.0024138633390820728,0.0036068066365369735,0.0034228027441927152,0.010211209941518322,0.0018908132315710857,0.003604584153874382,0.007828067235083584,0.007246430397240329,0.002536801738740926,0.0034812941405830996,0.001974199791241645,0.005432614012375563,0.005692750378150968,0.006203911486172027
3467,0.0067475989969093,0.0047690584361961925,0.005626237217875038,0.005903461962742672,0.008202156242364119,0.007793917036341732,0.006728061501585263,0.0039645946920738645,0.004644274337114369,0.009760520835349803,0.0029045694875979365,0.0045186131006066145,0.005560770718493948,0.005011746862681248,0.010410832601239511,0.00455231225307569,0.004367118310917105,0.005319164965476754,0.0028769935934158273,0.006642501657199397,0.004332167053209014,0.0037296740938346814,0.008125000621415919,0.0032923121760852314,0.0013999430571211607,0.0041387629340161325,0.00785964802558733,0.00418793005374587,0.004419062254685991,0.00871067390008074,0.00885314527787835,0.011276488462291935,0.013417088183184047,0.0024463941276263194,0.0027962134762709707,0.0011743412925330806,0.00382117861314844,0.0026003352336856516,0.008018911087737616,0.0027811818995212055,0.0020969481171885197,0.002523524579942705,0.002032757061864782,0.004381337959877092,0.004055771524429389,0.00898435790008244,0.004427475452600681,0.009381893819136778,0.0036097913472764006,0.005537027623337737,0.002609119723916594,0.0026584988584202876,0.0029476654153882823,0.0064444330471353775,0.010932501459949017,0.0021497947923252263,0.004261695488372851,0.0038841325716766632,0.003460906600235132,0.0031062448599797335,0.003726933842301801,0.007267998464814567,0.004544996052874765,0.005513457792962623,0.0034801860000512616,0.011869108844328295,0.0026863119394750887,0.005725742503728748,0.0023938999685838417,0.004336982874631585,0.011003007219709334,0.00471228738353523,0.0031969098965808273,0.0041581270688150354,0.0025143032353833602,0.006895629826202946,0.010301926304372478,0.011806601763722524,0.003545856094078165,0.003372614381331152,0.0037153154677495334,0.014732792310987402,0.005644553153549408,0.004661955263627627,0.003883134273782218,0.004171566413988438,0.005355998025891854,0.0035271144052849875,0.002379189727663079,0.006986769544109844,0.0038137824645401155,0.009036409853102816,0.0019459054138401713,0.003805504693804865,0.009028954050389015,0.007027034220287082,0.00423330946334665,0.003772924248499474,0.0018762007118613667,0.005992905446755301,0.004583918107264376,0.006396521354016252
3468,0.00808341793575478,0.004231407497014912,0.0062562845595833015,0.006468980964211094,0.008882106727204223,0.007059850811151981,0.0073524660336613205,0.003952654369098373,0.004215177411808404,0.009671243683995077,0.002929023300677148,0.004048569238040567,0.006072445963475286,0.004493888496515077,0.005100484158883231,0.0050433483146780375,0.003643821094934023,0.004302907953721695,0.005797382108368239,0.007411230631001412,0.004788895063287482,0.003051331785727357,0.009797025329661506,0.0033052842004007263,0.0014607613360275436,0.0046613411539673955,0.00797163840601858,0.003403174449156805,0.005051341643041029,0.009192495330524818,0.006788537199169855,0.011178537067275554,0.012010529444193334,0.0023611903366851806,0.0029145193000318322,0.001210121813215135,0.0031819072237722575,0.0026141416224598423,0.0030544137866508544,0.00279128915132844,0.0019731041270726656,0.00212283266870366,0.0019203640310212502,0.005821031892868671,0.004444523158324517,0.007737136253820688,0.003707159692582804,0.007227720135851888,0.00316261591621596,0.005780169132753365,0.002592905335600811,0.0023640195847029247,0.0029127629016466802,0.00821710881527148,0.009603236905169022,0.0021297439624218847,0.005602664240698533,0.0033808606500926363,0.0035617858144540693,0.0024360301143436557,0.003142780148659949,0.005348458751547954,0.004237970437567286,0.006484314072809494,0.0034454199925494605,0.004597789464979088,0.0028443192622216017,0.002431437680788194,0.002704415038507373,0.004735791389772057,0.004015524462015515,0.003992376121195351,0.003479311139729485,0.0038779317195971478,0.0016890049137783258,0.00562499287428289,0.005377389264054485,0.00980552460923878,0.003312226239866314,0.003317777114182096,0.004121741848161322,0.010575280436302322,0.005785707673494652,0.004341283878179325,0.004543615995453611,0.004526272444659967,0.0053557607142175395,0.0035220735005898345,0.0025646457186391273,0.0038166539010525244,0.003994269838648235,0.008872720474058848,0.0021332857946732794,0.003925521242472929,0.007698118515575577,0.00743501146342366,0.0025059263498006202,0.0032161177708522415,0.001887813623517458,0.005729226725611779,0.006210196496234382,0.007154917038710662
3469,0.006925606933503471,0.004596657010433307,0.0052756932348613636,0.006020600451127159,0.007583480552459025,0.006504581998182332,0.006557542338683932,0.0027709286463679203,0.004010770442082423,0.00607212741300374,0.0028010807227803153,0.004012092024285856,0.006568009991858761,0.003940778779585321,0.005267437420647321,0.00344759936223554,0.0038707955128364615,0.004337690914250022,0.003150770991932142,0.00620439597990978,0.004092615953318261,0.0027478820594410993,0.009163976896203992,0.0038077988317397264,0.0013631065940940535,0.003985553209951258,0.008163966345316315,0.002586641936597842,0.005044855354425606,0.009243424043096523,0.008324726818332193,0.011023386436568295,0.012462561817776581,0.0026319677981677214,0.0029732308161662304,0.001041630699045849,0.0037224865581962285,0.002474300540898514,0.00259143285415038,0.0026162250831930816,0.001978093111128009,0.002059279962001205,0.0018722592528070132,0.004926404374524303,0.0040778372716567795,0.009244041763665908,0.003517780275230495,0.006342434664235878,0.0028803482626204168,0.006876972991133066,0.0028910814246274406,0.002453446184068484,0.0032645748828971023,0.007395455338795526,0.009980159878672273,0.0019062720138263475,0.004709467959653049,0.0032010248844034947,0.0026319626600474527,0.00282414631005368,0.00311832059239818,0.005664491479453971,0.004122627767345227,0.005832897970290198,0.0029636559367667605,0.004207991774578369,0.0028125696128698777,0.0022220986617917183,0.0029761202457617977,0.004453910546084914,0.004213364189357473,0.005024929235412254,0.003701300578893646,0.00411265863283612,0.002161290467747902,0.004968893933345456,0.005253884494118867,0.01144141197600615,0.0033411494238336265,0.0034181298560180327,0.0036923745142778634,0.008104373577174296,0.004751350571174131,0.004052012640562524,0.0031180207605287598,0.0036252199835274785,0.005440893572039963,0.002996829731866075,0.0024090983416909266,0.0037836934731287413,0.0036953523207428024,0.008903855475755082,0.002034693209261908,0.00321477450570654,0.007998962933353374,0.0072747430196163036,0.0023417318748029303,0.003685045426635564,0.0018747940866404185,0.004697811054090917,0.00580107235062528,0.006599563581023349
3470,0.008871462319499137,0.004014724254863658,0.005263609694785091,0.005561516251533497,0.004687789425204163,0.005086616175862751,0.006903566720473558,0.0025267711573214286,0.003912921472498823,0.005598266941377527,0.0025887940594605642,0.004170698214083704,0.00617024085176418,0.003455366655070755,0.0030482370595660765,0.0032043538137415516,0.0037588486428773112,0.003583775549882679,0.005698778128460481,0.00499706705425746,0.002994145861896519,0.0055713330789940564,0.009014665708576845,0.0026123540023200373,0.001407053962740378,0.004314438665815071,0.006447673377635832,0.0023237817140020866,0.0036974387897113358,0.003178138726597695,0.007687676992696928,0.011029181333235907,0.0124343785873216,0.0020032829552247048,0.0027722805862180496,0.0010893852328614346,0.0031698235220407388,0.002576965544045499,0.0023484516407344027,0.0025599171467790617,0.001851186930332023,0.0020240118053003594,0.001861885653133322,0.003943131910266661,0.003018620501970592,0.005923621194050924,0.0031569328213571384,0.0037460276275032836,0.0026094641325955835,0.00478445317443824,0.003290961485904453,0.0019361889005693985,0.003319490546742486,0.007108115815992892,0.009365971680561476,0.0017765478582988895,0.004837393357790335,0.0033030652997927223,0.0024464703056154232,0.0024468127947269947,0.0031663064863806014,0.005190479046557627,0.00333639811506405,0.003826825940643172,0.003182192735283323,0.003982019362663637,0.0023497248775307396,0.002447048766960449,0.002648631300336684,0.0031311142762444357,0.003934461369393173,0.004328882010987542,0.003225344422831218,0.0026044564156592425,0.002073568571732363,0.006636180660059996,0.004899730458160819,0.010745103925069655,0.0035211227184136344,0.0036988363783921454,0.00349499449675244,0.005523636855067422,0.00373967900017882,0.0040981495587820915,0.0030718982567993895,0.004279765742415491,0.005104934294541852,0.00310914108102952,0.002427943513858557,0.0037705075078240647,0.003653103388668875,0.009363936130367448,0.0018044245773017405,0.0030842125003093996,0.008203402640575331,0.007083187202408937,0.0018727102644999028,0.003111650656115965,0.00197964540818682,0.005405956333364604,0.005802073514492956,0.007375547146805705
3471,0.007295849884799176,0.003781406343566218,0.00523781206580627,0.006102565366749511,0.003162286600066855,0.0038860959101337674,0.006144824181864243,0.0027290437268094585,0.0035910774093322454,0.005809005451515367,0.0019682825679454836,0.0043172704691197316,0.0060616968598814725,0.0025589648599071086,0.004565856438340656,0.0027163046677756326,0.0033637735145074514,0.003457989821998395,0.002190009808822097,0.004140506980094539,0.003275654301168227,0.005912626365157611,0.009827199428511697,0.0019043005544937138,0.0011657417787119964,0.0036724520509864864,0.004534653823244349,0.0023148555534177476,0.004077151826570443,0.003131701754609603,0.006978935504798122,0.011239941651603904,0.012701969817576866,0.0020917904633817822,0.0025261365490478025,0.0007179214837648619,0.0031272846858537103,0.0025748670316026907,0.0020277662008358318,0.002456913319484562,0.0019054834290043886,0.0020762712302845317,0.0018979045406201443,0.004061986746787417,0.0029338541037200357,0.006318682366368869,0.0024969640167035435,0.0032866719744134806,0.002439523696932999,0.0034157706087117002,0.00217790502259132,0.0014480341769327295,0.002970874875465051,0.007182578083234264,0.009561916631207467,0.001747464239650142,0.004760373248877426,0.003004625276473741,0.002430504198425691,0.002895737523508381,0.0029771932065299107,0.005400644960940512,0.002764151788142546,0.003653936770740719,0.0028730558452939566,0.003876111176759234,0.00243915248867163,0.002304826283788079,0.003749690067407015,0.0028944568240894288,0.0035450941950821544,0.003938806202025964,0.003348647431335766,0.0027830594071900595,0.002064742332910602,0.0066510362798978175,0.004874234792610478,0.010840751939171887,0.0034780635850803253,0.0040400962181870136,0.0028284669159667876,0.004743566503142766,0.0034725367777809144,0.003709517437856091,0.0028528416221579402,0.004138211835622885,0.0032416340415993223,0.0030565468414956508,0.0015612786852168441,0.003478001866684454,0.0033905273012506125,0.009341941098335364,0.0017919732309270595,0.0022577336190490464,0.008697660409991077,0.007134631708270696,0.0021385835879653035,0.002515534113935003,0.0029861635625389013,0.0046300965444557845,0.005751800040521126,0.004260291772716336
3472,0.006886329722360381,0.003490748341631131,0.005081300306039372,0.006034317646497484,0.0029960633411754683,0.004225518336804545,0.005782610481132404,0.0027760050610623733,0.0035809600000248224,0.005427898610487482,0.002128843981503475,0.004039437384599399,0.005975864348730856,0.0023980128698045935,0.0038211007125111248,0.0031448490358867774,0.0035776000207264564,0.0034847652631067867,0.00263268425895669,0.004238401286891267,0.003221432666894755,0.005566354374024954,0.00974806063752838,0.001988261904032204,0.0012684208958959181,0.003727397729669823,0.0061876774800873864,0.0019532849670857045,0.004359465482073983,0.0025601814073088376,0.007619391217668888,0.010979690668831013,0.012947897596653215,0.001861859562623351,0.0025699448529715855,0.0007244442701910706,0.002707864952822634,0.0026632875195108856,0.001878647885532467,0.0026196331026615213,0.0023090167949569285,0.00237806798289696,0.0018697107069460225,0.003626678148049727,0.0031770663036764938,0.005630519064980486,0.003221488525865415,0.0027780879677494394,0.0029362118057433217,0.0036859664914768915,0.0032254449304420863,0.0014808915784975593,0.00321488761472643,0.007012956588031566,0.007458676531972716,0.0020043862087935657,0.004987612556967294,0.002912447811046146,0.002718187948235062,0.0025395780353016477,0.003409509173505596,0.005232631243228165,0.003432443710339685,0.003472895061814243,0.002856569535941094,0.004375528638790395,0.0026742092860783068,0.0032328509171143708,0.00414066271135394,0.002606511455485882,0.003446171112496931,0.004239973087526457,0.0028306385543715755,0.0032102393090755648,0.0023811312548036342,0.0074902742755337485,0.006713986560991615,0.011832920097940337,0.003392172285522609,0.003915873595114814,0.0028284467368443044,0.00496187359695018,0.0030509465084493145,0.00316261883867707,0.0026523032767145887,0.004297909481683535,0.003206323119936179,0.0030441476886464845,0.0015791786188083768,0.003641934509382466,0.003174046243991073,0.01046484124460613,0.0019515632547086514,0.0035848374932915717,0.008250149156156418,0.007081596360926423,0.0017128016012542776,0.0030256526601368707,0.0030961030181096204,0.004504924413691104,0.005613589677172281,0.002951214257447744
3473,0.006469480525317674,0.004363357444394959,0.005527854465139685,0.005456819905047529,0.003729962707978066,0.004428575381028495,0.0061001587832308045,0.0029849785377337916,0.0035911010546828947,0.0058676956633273184,0.0025730658008590477,0.004560182056448412,0.005355670599147504,0.002917546066297632,0.0038918636522760975,0.0036933629402202514,0.0037805502961911694,0.0035131439719265503,0.00405763581213556,0.0047797043854718325,0.003230833020144685,0.005277421362345411,0.00988106568440371,0.002488820008329547,0.0011538322159322946,0.004245510179752504,0.007218524075776008,0.002130255520174474,0.0052000748952140486,0.0035335422541303988,0.007351240054170636,0.011220100476307749,0.013894775218708338,0.00199550297540198,0.0025805569306901715,0.0006846363270235379,0.002975939833647387,0.0025080960615982226,0.00245169569561082,0.002467183970715517,0.0019411910558173031,0.0018353489306605765,0.0020230551889611746,0.004068988124728829,0.0034070049284225527,0.005790692321261559,0.0026367632944429187,0.0033995366131062263,0.0027221676736733634,0.004269996865551661,0.0028288887073476816,0.0018330131544981318,0.003432678711890014,0.006672975194254479,0.007495061472153618,0.0018798636688177983,0.004200586418361319,0.002938436866949019,0.0034308649663424054,0.002469160676372763,0.002918931101331298,0.005423989723189555,0.004593523194265569,0.0035790791758460797,0.0027372249252209553,0.0050843325391583035,0.003803139044846321,0.0026946460061993186,0.004270065925391743,0.0038976888174085548,0.0038239670270003513,0.004955430204764954,0.003352553893718844,0.0028888179242424357,0.002209986991752,0.006606781967849013,0.007186329551479975,0.010988691301526472,0.0037019534974879554,0.0036944034400906126,0.002958880646991452,0.005112871832961297,0.00344349451221046,0.003162902916628785,0.0029423788243869422,0.003808420937930686,0.0033424271037271955,0.003178881131818987,0.0015147718026773669,0.003645863610943121,0.0034011356560109743,0.008803803461693877,0.0020719952774151257,0.003346577612916066,0.008114257011456577,0.00736716386956488,0.0022185892250910512,0.00252940088688309,0.003130445788878631,0.004698988618499224,0.004710890972540189,0.004791804434877302
3474,0.007034933410814777,0.004528282898742187,0.00633731725318543,0.005250992692634325,0.0040014394214006824,0.0046253157177953705,0.006722385876279541,0.0028914609476277135,0.0033857130787760346,0.005710537101649195,0.002711085122543537,0.004682564734271392,0.005861595001935317,0.0032013726218660045,0.0042244934987616415,0.004262393109095312,0.0038106948820033145,0.003782521992102457,0.002287217263132824,0.00617891606129691,0.0033406479452799285,0.005859349770351452,0.00990097024062946,0.002469688508871163,0.001239780660456536,0.004510119057915409,0.00668035091044543,0.002291707956157429,0.0038577532290718945,0.003923713374978649,0.007518617599009259,0.011366569939347662,0.013029500346420225,0.002345030180368357,0.002695528767125072,0.000752394795736354,0.003211261795424824,0.002770302116892137,0.002887703773584152,0.0026859627803352934,0.0021262844172092983,0.001984055474128416,0.002486738188582726,0.0038532812435883982,0.0034196606605236975,0.006220116818895192,0.0031567542745539177,0.0037077907422636276,0.0027143182210980863,0.004561795875340208,0.002633231172052506,0.0018246606499508632,0.0031590488519206094,0.008372259391951525,0.008081908042152015,0.0016619625600214237,0.005462472201372664,0.002982515539999374,0.0027101550935608835,0.0024975486808428084,0.0033607828203221775,0.0054330807498678,0.004622738880733935,0.0044915717914631136,0.0028807397754901333,0.003740125942705192,0.003985320234317395,0.002294469222269108,0.0029267961693150435,0.0038285173656225835,0.004115916557596443,0.005292164644124039,0.003157679222527233,0.004559151743423656,0.0024439541094107165,0.006943287718985634,0.006002817817336047,0.01095700207566441,0.0034555420684499938,0.0034215468184773845,0.0035141763916521998,0.006115589794747952,0.003629037757106998,0.003379865965171765,0.0030180480357780517,0.004353167365456323,0.0037436982973317145,0.0033117240413687585,0.0018742616554396129,0.00356081061169061,0.00416041980633271,0.009048122753281323,0.0021805687795210605,0.003184946391132478,0.006737521854000398,0.00741266397681264,0.0023863276112973224,0.002695522353391698,0.002167426574144028,0.004372525116815306,0.005889713167385308,0.005485705049892424
3475,0.007209881938362094,0.004433191806783439,0.006003071580532465,0.005734279933070374,0.004094020900076141,0.005037236495530029,0.00653381203485801,0.0026486870577462902,0.0035621015930220896,0.0055828382585067565,0.0021552929885261,0.0043090591168836265,0.005853999901419596,0.0026243503087235226,0.0028377851859803624,0.003650748117714164,0.00444581533725678,0.003089887412898485,0.0022531588711090823,0.005835139742549914,0.002913496277027368,0.005363063595696844,0.009232285544183507,0.0018059199952271626,0.0012270534988340828,0.004702516853711351,0.006336068828403271,0.0021058350805908594,0.0037923040173662393,0.0027656596678160136,0.007578566478171532,0.010823004822477215,0.011773500701425086,0.002073126606742617,0.002423064522996249,0.0007724175027823569,0.002286532464050537,0.002551628974806505,0.0023266127108536538,0.0027139639431336448,0.0019489581368628442,0.0020279489993266678,0.0016883903907315562,0.0035596910357671117,0.0030225362338793774,0.007171408644064784,0.003133204176634254,0.003329247471159588,0.00241941885107891,0.003345232976946421,0.0029406288365615395,0.0017382852607195263,0.0032330091574481116,0.007345361935168593,0.007534736495451818,0.001901265828128701,0.0045665449287866835,0.002728545601153966,0.0024554699860390833,0.0025943088746876496,0.002267748402378218,0.006076091310402122,0.004072960203075071,0.0037118674589676002,0.002841985982642192,0.0036026936652052313,0.0031241004830374923,0.0023455077034389227,0.0028357989841947717,0.0037654820054555276,0.003742307495134471,0.006129868695511746,0.00310044343780247,0.003749684585727312,0.002158213673690422,0.0061262393645445164,0.0066745709550218284,0.012252835724027895,0.003478426412258509,0.0035448443602816328,0.003641604901819293,0.00545275556997272,0.003565368390473135,0.0032413882149589747,0.0028498759241073067,0.0033094956043975415,0.003444176841895953,0.0032294981374921734,0.0014813030072714688,0.003667765175282282,0.003589383559722079,0.00906839481604365,0.0018866563462625987,0.0029329373740631676,0.0076203225286311784,0.007480546437311968,0.002616226507933098,0.003736194670361772,0.002128463919355743,0.004397047862009076,0.005536302159071956,0.005371969751020851
3476,0.01098178093450087,0.0032455412324646346,0.005526884520049914,0.005423451788777856,0.0037057468482367046,0.004808698803749596,0.006030682655618608,0.002541431270733122,0.003846569298809026,0.004947167931477592,0.002268016602461166,0.004066550332268183,0.0054401096732089775,0.002751910985453374,0.0035777731810741997,0.0030778026250566316,0.003892414923228139,0.0034529693101403905,0.002681853817822643,0.0051310476915352975,0.003407828418864671,0.005746299491184146,0.008879219959615109,0.002235195795717185,0.0011776094679750153,0.004044857113202273,0.005617874810032389,0.0022389675210609658,0.004969908376259103,0.003148790507237591,0.007534407908964756,0.010388625804866668,0.01224927814861912,0.002085458768180389,0.0023507140166608245,0.0007058680702549518,0.002203022497890597,0.00257109444088432,0.002050681198052998,0.0025104094895559734,0.0017781328075880238,0.0018815661341313927,0.00207206445340495,0.003952205182723658,0.0032517562287919617,0.006162247115990164,0.002976491416473883,0.003398109105152833,0.0029271750895885525,0.003341677890211096,0.003569972793848692,0.0017421135293008059,0.003055317279948334,0.007280165176639724,0.007419237464201502,0.001751214404674559,0.004389726932875404,0.003160587060980379,0.0024280363158473597,0.0026833213157199907,0.002862156262668845,0.005655812428280843,0.003940583922385639,0.004102595519419414,0.0027590878923205776,0.004241522829680953,0.00276210129509535,0.0024450463825148924,0.0024205990258351043,0.0028592482723295,0.003764093648593153,0.005055242477183315,0.002927997696630751,0.0029937680651628664,0.0022610638420506118,0.007323606565967626,0.006295808205934294,0.011258059816626777,0.0034925400851143636,0.0032467921621027744,0.003103515111290395,0.005076966360158585,0.003619612158578891,0.003358115922692085,0.0029428150696031432,0.0037401444539115355,0.0034738627549725193,0.003368076296655125,0.0016460974187769424,0.0038768606818056052,0.0034324658520318014,0.009438389367134512,0.002001264224132729,0.003231390615467003,0.008093570897910653,0.006813232921875234,0.0022553320984867726,0.0028092123519437087,0.002413523834168014,0.0033864378410357904,0.0052586239813837265,0.00423325030397992
3477,0.010975535050438206,0.004553299263307505,0.005207410452534537,0.005714445420910528,0.004044775216017744,0.005815199954564073,0.0064817055562513635,0.0034151194616444075,0.004846666742078966,0.005159785577448993,0.0020526563096424756,0.003712632058988611,0.005025034978407902,0.0028861603698315057,0.0035029353950834785,0.0029241120004034086,0.004074622846032123,0.0036769559482380436,0.0027768582240140275,0.0047929212245575135,0.0036265833881142123,0.006131730039221542,0.009294712508912702,0.0022760911760285976,0.001177347706778769,0.003936748113262598,0.004004018679100371,0.0024530303953331687,0.0037707788207485414,0.0029986050323960686,0.008762258294905664,0.010967565748911737,0.013457426617416057,0.0020832123695343667,0.0023120151611365184,0.0007342100665366297,0.0025984395219545145,0.0024371357321040905,0.0022158277437938014,0.002767057518453749,0.0019454495714711106,0.0019898493934817456,0.001908350897761293,0.003556507463518149,0.0032137007362467557,0.004027513031719813,0.00370541052763441,0.0029822916282490567,0.0028438413036514583,0.00347903961519345,0.0032501054672236527,0.002042017833749222,0.0037150249908633804,0.00709411832654015,0.009917755164167503,0.0020446458283380456,0.005447781378643189,0.003757001266638019,0.0025358701229863385,0.002328698259328802,0.0032681610433002647,0.005349472462065023,0.0030917025511101952,0.0044159876192614925,0.0038561171823067245,0.004056504455310458,0.0030476459532286955,0.0022455276098035234,0.0023688621447171365,0.003946259479399632,0.005891381704916493,0.005140944343041823,0.003464567570923928,0.0035811045690957847,0.00242412803202093,0.007048685826449072,0.005617004344676321,0.011152451921773327,0.0035731585126694766,0.003610938632742435,0.003630745480613644,0.004556307822125503,0.003742400098576407,0.005189271071494327,0.003429943180435937,0.004075514000489767,0.004577323894414723,0.003320244637118314,0.0016553531292041563,0.003632567023612407,0.003389053155032448,0.009283702958751121,0.002360553049829638,0.003660196219669179,0.009075420873872227,0.0070591974952233134,0.002448136863309043,0.002880759546264172,0.002708418047641592,0.003914776569999776,0.005531570648745978,0.004393668398508651
3478,0.006271995300639875,0.0041577551919500955,0.005072672659163937,0.006473935977164613,0.00399351051028872,0.0045163193908719975,0.006157614491190479,0.002686812320046688,0.004072049770634151,0.004597044056180464,0.002265586262552169,0.0028037613894061147,0.005528380901169464,0.002648433016319353,0.0030179183320098025,0.0036740578059714563,0.0035428000269965964,0.003627871575477564,0.0022270709426738737,0.004448286587404964,0.0031548308291992166,0.006350166062472418,0.007572806232866458,0.002082775707524288,0.0011270882594241272,0.003170366866754214,0.004005357362576635,0.00211528541466783,0.004364796645485265,0.0023291185333968335,0.007929762966793489,0.011007807595481062,0.01426380111571973,0.0020350341371940376,0.0021737626858218755,0.0007619650501133352,0.002583353464216204,0.0018877963714255806,0.002373420310338953,0.002557535221758111,0.0019156043720030345,0.0020304656250241084,0.002026808528044246,0.00413781730059917,0.0029909769916430565,0.0032970898320889507,0.002491213312805561,0.003215758993125751,0.0023453157790469287,0.004627727167239537,0.0036406886424494786,0.0017326916542594892,0.0033901364290234376,0.006890723722727624,0.009673660458537368,0.0018572563588302613,0.005623299666712868,0.0032929959719454082,0.0028367871893659677,0.002669948697980325,0.0025995461856614206,0.005329990207992826,0.003611652705180463,0.0038151503374959485,0.0038396763539320523,0.0037201969588689958,0.002423486721365602,0.0024375469056583,0.0024963476397789506,0.0032375050953982977,0.003322232979714644,0.004377520705719048,0.0030476331347663054,0.003710785081232796,0.0021818615575434244,0.0034079434101607175,0.005495513951431286,0.01128810086009861,0.0035084273911788434,0.003426210144144435,0.0037864490365923983,0.0043600898059438205,0.0029232658544670552,0.0032510846293295425,0.0033965831611141996,0.003954461199159508,0.0032639001364502237,0.003134982070108064,0.0016333811691076007,0.0036757185127862975,0.0033140594650351014,0.009252051903461277,0.0022624759349669696,0.0035145842182276216,0.0076225347069038074,0.007093647562858681,0.0023105743627552136,0.0031210894592651464,0.0027652541635935246,0.003283013300358149,0.005540708259389035,0.0028307163640299074
3479,0.005217576107645135,0.0038134963693718348,0.005090269864007143,0.0059445566168935225,0.0038951600513563436,0.0044237309622243304,0.006014925499756475,0.0026044217296292116,0.0038139595345739975,0.005180604491701452,0.0023092141526754994,0.003252480188603818,0.0059854705333140246,0.00260131437703124,0.0035097691886242692,0.00338246635678144,0.0035062495442336602,0.0032692890691196973,0.0024391978411168417,0.005010965499208017,0.0034379459097568644,0.005253548671256542,0.007304291007625959,0.00216504815945896,0.001185603632008649,0.003152053928815488,0.0040213769948937465,0.002065549234079482,0.00455263976893658,0.00273963850340261,0.00842075918823386,0.010990434187153661,0.013891860433037168,0.0019878689071092465,0.002362541228604203,0.000776224560221551,0.002649206099872266,0.0018411968456479306,0.0020388799603283446,0.002661216832385264,0.0020012181056454294,0.002072930140502295,0.001772703038335912,0.00445809843226277,0.003217020707796584,0.003134248423030957,0.002772153982349886,0.0030428169551829725,0.002649639383052218,0.004254535884618303,0.003710857159197367,0.0015491010324105,0.002591973326336471,0.006913526142303136,0.009618358017914842,0.0017914535406877768,0.005231520107065718,0.0032463824411900527,0.00318273449144395,0.00238432124029975,0.0031810081927022543,0.005733740413622745,0.004334191953114285,0.004365638485547129,0.0028393085107966,0.0038083308675581043,0.002498996013128184,0.002401827603787379,0.002381163177058334,0.0031666730409149984,0.0038284992768975123,0.0048788576027593575,0.0030329626879953063,0.003955672899616683,0.002090592363831888,0.00365848100177543,0.005455034264330671,0.012111775710658636,0.0034354583957428297,0.003178216997386735,0.0033953328444816526,0.004216823265785682,0.0030409379800876947,0.0034843315776107897,0.0035461029320096797,0.003963459092798331,0.003106022336728641,0.003147247523049892,0.0016281261517580826,0.003757207128343476,0.0033451167606627545,0.009993793600318176,0.002263709438119731,0.0036665815390466493,0.008623511120615018,0.00700359787999406,0.0022660795071465438,0.002948680880747027,0.002521924191389732,0.003397717715407898,0.005645257922906864,0.003851826574204911
3480,0.004495462911336627,0.004046529047672343,0.005293193287598712,0.0062116365797929545,0.0043190448902541605,0.004475204060146649,0.005464770036144335,0.0027041055462287303,0.003816562161163037,0.004916345400695626,0.002259253263394886,0.0027461256206470406,0.006107094043521578,0.002263445684111171,0.0035643956045172186,0.003232428286220282,0.003264675114394832,0.0033984852804316147,0.0019881519357361744,0.0046383495054318,0.003404599295288983,0.006796586048654735,0.007164282022259594,0.0022551163799033316,0.001202377934802847,0.002441118225058168,0.00416432838785037,0.002130866064483644,0.004671037329167102,0.0026353831900993857,0.009320370654543783,0.0109422957796499,0.013288533463530433,0.0019972194595762657,0.002375706730367639,0.0009750161211054862,0.0030200084474950296,0.00205166229921023,0.0024334616844073095,0.0022642089241377934,0.001824142398240734,0.002172612381649486,0.001838901225205652,0.004090363123956074,0.002987334866568018,0.002835274857288608,0.0028190650800627706,0.003161739827566722,0.0027602523240533882,0.0037655166316113253,0.0035003023708063594,0.0017004933481457067,0.0028879237523577,0.006880260425227107,0.009208891130479882,0.0018578340153280412,0.0049847743114602334,0.0034106817497595756,0.003211460306604166,0.0027887957495642992,0.0033168237760502835,0.005312738809975242,0.0030149354087910265,0.0036608948784775906,0.0033590365593554354,0.003946431631651739,0.0037800030915328604,0.0026545658085441303,0.0021745502162772066,0.00325668793391981,0.0036132365351929795,0.004615688426951517,0.0030994991308628244,0.0037005759209669995,0.002319145671955212,0.0032237295498110967,0.0054839089002599395,0.011516506161180672,0.003708035651643801,0.0028276460070127477,0.0029972372501232427,0.004915329212267993,0.0030274821615952916,0.002938504276747505,0.00326327074426521,0.003987477859486701,0.002905858467982403,0.0031144216600946925,0.0016005278963049337,0.003939161906706727,0.0032925008157009134,0.010936119219645553,0.002270115930062616,0.004207649957011881,0.00757464841044791,0.007121370297547631,0.0031496392323669565,0.0030121494380838626,0.00181195580070054,0.002854268633186727,0.0056027471462456735,0.0028198539237541285
3481,0.005135454555933807,0.004342712121296509,0.005366193785465957,0.00638934756064759,0.003927482272839795,0.004407725753200753,0.005694607617173609,0.002772780843738499,0.003739977890857997,0.005138544626885949,0.002265504512451546,0.004627912686473852,0.00603462826720021,0.002319682693180323,0.0038875821884360425,0.00335856206752035,0.0034187277774181796,0.003251558293558934,0.0025067677715100677,0.00436209274107603,0.0038341469066933056,0.00508238344746812,0.0072640883042661,0.002428361139342082,0.0012543915775593895,0.0030756333071620115,0.004043999676905125,0.0021410382866807274,0.004247216806139674,0.0026036506120533424,0.008351101780416065,0.010689927043879917,0.013577791091659432,0.002064749674069113,0.0024520719836223187,0.0009493325099601413,0.0029084147024382944,0.0018715330108962486,0.0025166284454395888,0.0026632608183625984,0.0020187944450174872,0.0023466363606271653,0.0018213786630555966,0.004669123073119709,0.003634920781700688,0.006320220777677349,0.0028977961072108207,0.0032159175821490126,0.002660913810909728,0.00413481744525837,0.0037180425108511547,0.0018152402087360348,0.003134751593479293,0.006942652371329442,0.009133755429731057,0.0019232404909252006,0.005061013359926062,0.0033508822479268075,0.003177173966653402,0.0023560778427095448,0.0030202043258183518,0.005842224249034556,0.00368925158756254,0.003966259711028576,0.0034723965720974883,0.003808700866491256,0.0028409368064481995,0.002538047329465798,0.002079899546577765,0.00323256013788309,0.0037402791299730293,0.005348380611465906,0.0029874664227668058,0.003821896308497063,0.0026182776310901233,0.0033822428573926718,0.005513577527788495,0.011574702251369291,0.003634624601084298,0.0027152237305674834,0.003820825506800783,0.00457536768403356,0.003007757445689356,0.0032751302206050106,0.0030019022373717298,0.0039544869881387845,0.0029184328810706677,0.003098524247307949,0.0016348262357851167,0.0038802248873371957,0.003368098776315576,0.01000121255227703,0.0023500691603367658,0.0038563767516886713,0.00826710581006832,0.007014513854021317,0.003057890432440271,0.003026234374525555,0.001803261836473281,0.003454515587599452,0.0057548920314261075,0.0034417323831157096
3482,0.005321229569623908,0.005004088969430778,0.005299672272439661,0.005088443570389989,0.00418414706261274,0.004257104361144504,0.006408578434620557,0.002774359846930372,0.0038336667720593287,0.005046519491488072,0.0024743671074889694,0.004991779403064297,0.004911735849898624,0.0028534625131551865,0.004701014660704806,0.0037332523715409367,0.0034582624769767256,0.0034485073162396776,0.0025625191808232024,0.004681101081555919,0.003345454595821654,0.005506265323690511,0.0072592142953250526,0.0025336473208892028,0.0013310216268264663,0.0031075180884187954,0.003988771901072765,0.002272748662239412,0.003784837811472847,0.0032181188147464485,0.009487255251263366,0.011076742085061719,0.01541697390261525,0.0020611027415673518,0.0024243652404694477,0.0010277694336981958,0.003502001878781681,0.0019488572033590267,0.002867286519506548,0.0023301509960107426,0.001905922959140372,0.0022430233839231912,0.0020837657547976268,0.004467482097083641,0.0030339601766560345,0.006065411187831402,0.002750714110094788,0.003724088556135593,0.0026243416487162067,0.003852278367057565,0.003573647810253439,0.002011249830360707,0.0036998141711750893,0.0069633441651513455,0.009784973003153485,0.001578495331197581,0.005029623830957814,0.003780171941138893,0.0034726336482666246,0.002364765731381865,0.003146381682293122,0.005376630603938937,0.003438511223828917,0.0039909846255932555,0.002912207920035903,0.0035288904314421253,0.0031923421491770383,0.0025975427764980815,0.0026326129239810834,0.00367090658434247,0.0037356788246613428,0.004931627824457,0.003164257817866024,0.003916458452683758,0.0027048022744554415,0.003463856861649432,0.005691290632344872,0.011463833683242403,0.0037165830052983432,0.002816389604642567,0.0034335730292534,0.0055154432162196326,0.003113187287763543,0.003272634059500674,0.002651629789678615,0.003986806698145265,0.0029682511482475985,0.00324886889680992,0.0018199121712597144,0.004176963875396944,0.0032807738391546102,0.009644526957843614,0.002476472077006082,0.004051792314822278,0.007377095108242018,0.006961216663588798,0.0026761483423588636,0.0028934792185716985,0.0018169787768208877,0.0033953755245750695,0.0055151119181231145,0.004563042007610938
3483,0.005586827173853483,0.005371076064201393,0.005843671284633814,0.00502224560688509,0.004822169971802973,0.005622608602763988,0.006862695172054906,0.0028532950634310625,0.004262643848226944,0.005630779106113291,0.0028523954420436753,0.003939145331716327,0.005845336910290276,0.0029088327309956972,0.004076582574254694,0.003219169833494747,0.003000356267996339,0.0038915187582621896,0.0025523968904498165,0.004811994234262241,0.004455643601593412,0.007411719660689448,0.007334823169661972,0.002108257790426958,0.0013001653640195632,0.004400363712355944,0.004797338577906159,0.00297645671824468,0.004124962475162566,0.0032600558450849816,0.008224184363224009,0.01082832450933702,0.01360932952947854,0.002236953428913666,0.0027226524948033353,0.001124834243096957,0.003532054167482515,0.001678520056043239,0.0032360009354609233,0.002529503890505251,0.00204118327136964,0.00247192004875956,0.0019343713523709847,0.003878008019695286,0.0030742375326930937,0.005917062272903119,0.0026274516204196964,0.00438591267564944,0.0027430907438421976,0.004032502813925075,0.003610672753824239,0.0024880645998492704,0.003373666928550088,0.0073353570439190965,0.009965382356503289,0.0018200240901418438,0.0052090073144797295,0.0037923652705533013,0.0032109253368956107,0.0027205739555384123,0.003365360228914461,0.005482022296982833,0.0037671901904214903,0.004078770318497619,0.003462423207862717,0.003913290926099192,0.0030054795163524275,0.002490321337510968,0.002420625077590696,0.004719514903401759,0.004383896688179001,0.004483607023152547,0.003276686271251009,0.004602214946133801,0.0026257886416303873,0.003827913979259581,0.005699794236518141,0.011255042971254075,0.0036898909208231616,0.003309987593512521,0.003365204070971685,0.005664178012789288,0.003590829047861267,0.0035693583016471273,0.0036743963913321628,0.004240154524792557,0.003595924946593912,0.003345023894551118,0.002053901406288019,0.005115503900068082,0.0035068018956543423,0.009684779808162366,0.002748556328618415,0.004031112536498553,0.0073505219901075156,0.00782830800160773,0.003199834391724856,0.0030337832493874213,0.0021670590588112122,0.003975049748817682,0.005590437139071162,0.004391108357968841
3484,0.005316171415450853,0.0035848110460100844,0.005639301801018068,0.006127756918417327,0.004407626398011952,0.00458003036997118,0.00639417983071111,0.0026295369668979814,0.0032659905738999366,0.005657815317821781,0.002337236703691074,0.003932473253341464,0.006341581365718645,0.002458233461428542,0.004357232348230238,0.003104921818808801,0.0035956857713160774,0.0035742990389990886,0.0022763542782927846,0.005728570721457947,0.003869422461103062,0.0029094350538683062,0.007553190137621052,0.0019891802437895538,0.001282981230760055,0.0043796720390038065,0.004539221393203027,0.0024837058221940512,0.004043972200600651,0.0024909383103803692,0.007993635898869011,0.011046693742519306,0.012683940482364117,0.0018076684744603312,0.0026711124621881456,0.0010205719247125085,0.0024209403523821503,0.0015850784107087556,0.002681932962269188,0.0024938725617451637,0.0019066916148031442,0.0019019309021356642,0.002076519412634909,0.0036623977353659825,0.0030266474752578885,0.0035381166387249137,0.00271047440641312,0.003892193797266893,0.003349159869032804,0.004727870448318847,0.003093546183949004,0.0019513074789623776,0.002957061440593766,0.00711348402766146,0.0096085378025241,0.0017077233712419993,0.0049201509508224935,0.0035691978667431157,0.002940723324841419,0.002673286466828978,0.003324047377482201,0.005555215839126847,0.0045828345924282445,0.005112476729196078,0.003226937715528639,0.004156226615348773,0.0030880804743430076,0.0028732262132622737,0.0032627633257542965,0.003367472320527339,0.0036554766848839733,0.005367708813315481,0.003250167401342919,0.004687114951705392,0.0022411073639069376,0.003290850476095209,0.005950493320660409,0.010756086095834784,0.003545456557850232,0.003033035332043398,0.003709739868501624,0.005093070854815258,0.0035904420848879774,0.003190282780406194,0.0031087605488992697,0.004141049928929848,0.0034557783520603597,0.0032732488456585934,0.002008481776452801,0.004831455804130498,0.003149466295710794,0.009218416358090708,0.0022062669743856517,0.0037954019158830178,0.008654397547417364,0.007232041530844031,0.0026434885784116812,0.002891250804257844,0.0020757755759622286,0.0028238068792554648,0.00557326581685482,0.003751067083470635
3485,0.006026146398728934,0.0033921249542931274,0.005924361903106473,0.00588039707563499,0.003930548422399348,0.004358122057524343,0.0057760228364800515,0.0028087599902398733,0.0034960687023403983,0.0057675340326715265,0.00225699614913978,0.0031548315450450207,0.006266821401907389,0.0022949115729612255,0.0049311762119060975,0.0035086702934490326,0.0034006263456234486,0.00400006858119195,0.0029527141956489935,0.004158389991066029,0.004053379496648794,0.003020599242829872,0.007366570908069432,0.00252071210987923,0.001429775630406916,0.003123726745108132,0.004420446515488711,0.0027338862597381056,0.004604021685847688,0.0029529705440876778,0.007958154885317072,0.010686509699866302,0.013047069542495498,0.0018945153554293186,0.003048672372700394,0.0011374674787051078,0.0026461283399368527,0.0019833696712334087,0.002976019860077516,0.0025286024875191223,0.002056558087187933,0.002312482313914365,0.002199692986246921,0.004144702627518057,0.00383563963151724,0.006099608785597462,0.0029966775848424506,0.0045995304674682335,0.003126459924880386,0.003968834188412251,0.0032655816882745914,0.0021024890337824173,0.0029626776710159485,0.006943856683687131,0.01032763914490917,0.0018066745802038332,0.005116547539406961,0.0037250556439795785,0.0031462785938350425,0.002858919574725285,0.0034748041807977615,0.0053241674680833215,0.0038821021446766835,0.004697871962387028,0.002747146599388296,0.0053349316878275165,0.0030935755446690368,0.0029497137085585,0.0024497642355809993,0.0041091417449901505,0.004177111567971554,0.00603288359117586,0.0032282599045792807,0.00382712097555715,0.0024370678588539136,0.0035631879267342703,0.005679148614902514,0.01105625212319208,0.0036235551957909617,0.0031685410756990763,0.0029160754953193057,0.004998867897328198,0.0034424213088722786,0.003125469178666527,0.002989699706121847,0.004120180810156699,0.003648809236603358,0.0032680216986895197,0.0021737772565328124,0.004629514943279989,0.0034904647467584346,0.009547610857319689,0.00237173048421438,0.003144419664066678,0.00791001636930859,0.007301341983859943,0.002286224525104076,0.0031747941955134686,0.00219241801041809,0.004250659594910482,0.00583487499590267,0.0040695677975187885
3486,0.005297521597257227,0.0035259955485606185,0.005838309659640683,0.008286292052059913,0.0031615941794705675,0.004457075391164505,0.0058165028523223606,0.0027811194059583007,0.003062592303721886,0.004938585180858951,0.0019481369252850455,0.0028790486853647454,0.006260407659991956,0.0025039684839231044,0.005248894502458777,0.0034406731662781935,0.0034036086647081117,0.0035831171080131876,0.0031710790443983546,0.004053063474703926,0.0039024514178680842,0.0028510523715441546,0.007246860975951677,0.002352192517334264,0.0013013302910547197,0.0033721158963480016,0.004297308894727887,0.002310076848289615,0.004425958047071064,0.002714086112220699,0.00827905109005906,0.01076213084696873,0.013169784525706775,0.001954900027849894,0.00295498926787049,0.0010994550128196785,0.002836719837680287,0.002346637930684574,0.002652395665269735,0.0025060457076522577,0.002010371539823445,0.0022869235208471954,0.002264575274387053,0.0038856858657257505,0.0032113562030264323,0.002874638762107351,0.0026588337303563034,0.003804917232245911,0.002876650164574239,0.003789861450004579,0.0032210749318962433,0.0020002393720051923,0.0027612949558367323,0.0067794713026426865,0.009954220897442558,0.0017875171851570396,0.0049281710168975435,0.003599979476915337,0.002941147516351165,0.0028374783774792653,0.003597180283212868,0.005343446791932819,0.0037237569642834998,0.004455599980757044,0.002865731727060393,0.003932722931487235,0.0031034334663980574,0.0029775974235397218,0.0016651449227464506,0.0032308099345385167,0.003617544374764681,0.005422320505111391,0.0034216979040528383,0.003814342291183684,0.002393013467990137,0.003837451260490747,0.005837270172806127,0.011133444939736867,0.0036260618063703345,0.0029043731468128484,0.0027182037844103793,0.004485220306681167,0.002884548312348579,0.002990019628906249,0.0029831571636609803,0.004255679197906473,0.003967916192630177,0.003498239189285722,0.002074643137880043,0.00436277815350327,0.0033719204452721053,0.010129691870111618,0.002450931641847979,0.003084918546258153,0.00830481199200685,0.007367718144380623,0.002019132858905927,0.002826193980105777,0.001983097961979516,0.003700424262884319,0.005648805571010779,0.003740345545245565
3487,0.005062795765747474,0.004008959184497349,0.00575258527834083,0.006070218672198466,0.0028014532556678105,0.004067906064237335,0.005544460599269659,0.0027905638838793324,0.0030119587399109653,0.004494358217858115,0.0022320192702781913,0.002851993872288587,0.006263414535791532,0.0023626878433051337,0.004557422535091441,0.00358335178644802,0.003314568233790251,0.0038916157582193824,0.0018414982728349467,0.004419362393734398,0.0038924500378257013,0.002896424419095998,0.006815477600540273,0.0022235345076823975,0.0013337000130110913,0.0029479636021595102,0.004689342875348722,0.0023892835518636844,0.0050912303021488385,0.0025673894346263794,0.0078106380412455425,0.01066042990837897,0.013361447052152288,0.001941654203001353,0.0036043963353956723,0.0010346690475983478,0.0023545575990142954,0.0022293426389539996,0.0028649690863142047,0.0026474010619236127,0.0025656866336970733,0.0023288472193713945,0.0022000564240986483,0.0038064030524724082,0.0031814801667465796,0.0026953356926427263,0.0038832387444292533,0.003971227711065225,0.003423617721769689,0.003763191527587814,0.003050245770526383,0.0014764166391205145,0.0031595035272268157,0.00705497870048572,0.010119103765513572,0.0019017978972965426,0.004888138429905578,0.003471352581728233,0.0030713002243772354,0.0025772381404243912,0.004112690254512429,0.005342694859927085,0.004251922640196448,0.005865098041351515,0.0038544081888167055,0.00510960019261954,0.003250281325173527,0.003188274275319003,0.0018391129900199293,0.003291223655320228,0.0038093057386027187,0.005529594034506952,0.003946755395154262,0.0039060516046183556,0.002412659648376314,0.003561255233370006,0.005905708770496367,0.011332384637408365,0.00398223059490722,0.0027493572336319064,0.003323194745331569,0.004221740841492917,0.003247589847508717,0.003042615942439985,0.0029964518898472677,0.004186268988987884,0.0036550736334650153,0.0032378291894163127,0.0018712235045105685,0.0042146870655332454,0.0032638357663933937,0.009836014880503964,0.0020951066598545345,0.00349529129839164,0.008602255904581267,0.00722022738446436,0.0025322504614856654,0.0030956938703131506,0.0017476465464544674,0.0030379687591107723,0.006042121851601907,0.0037338488994859724
3488,0.004470899489783089,0.003934441584115945,0.005606860846472128,0.006852161362359167,0.0029942318826661728,0.004096149909516594,0.005395725314686035,0.0027527924107658814,0.0028761977636804913,0.0048768986276636365,0.0021672510561964553,0.0027487452192358312,0.006049245708105895,0.0024633843893100194,0.003995339545687643,0.004503407888294105,0.003520005510797593,0.003991596292998091,0.001769448580993154,0.005305061470280307,0.0035093717879729554,0.0029924474019430054,0.006762209986789068,0.0023881258288825763,0.001282467955058193,0.0027987441373701107,0.0044568175415204215,0.002410572863763211,0.005166255576818322,0.0025300929580296823,0.008058251733410394,0.010859941300970875,0.013129827024051174,0.0018925403323259151,0.0032106409092360964,0.0009527882061779126,0.002443952183871904,0.00214700838611448,0.003023863107208692,0.0023673262344234957,0.002496322487016794,0.00229085970760208,0.0019673815491760846,0.00465707223622427,0.0028372516797885,0.00279932485042962,0.0032131552352745413,0.0032716240925268216,0.0031232618543270605,0.003090645754657752,0.002565746912403276,0.0017335283777888005,0.0032184661760542707,0.007033794451495969,0.009958601724971362,0.001942768752580214,0.004532535285951022,0.004063509701555753,0.0032982237261094892,0.0023241587807966797,0.004206828637235533,0.005216402118815411,0.004474518817545447,0.005169882676193721,0.0034406148880369784,0.004290171032798236,0.0029258756948372603,0.0029543284613036376,0.0022026589942025572,0.0031293701815413265,0.004266839444266106,0.004420040737179346,0.004067630602012447,0.00400342649506649,0.0025429726570187234,0.0033945597348395613,0.0061073490937678014,0.011625900715940985,0.003789409368421334,0.002037340105844254,0.0035845070803857673,0.004582753301619443,0.003260042740752974,0.003170153502624475,0.0031866845811699012,0.004264237930491346,0.003672355009263029,0.0031204845064063368,0.001993714221703075,0.003933990620225022,0.0028445346530303903,0.009850955980791715,0.0023487699270028123,0.0033105699026787384,0.007853343354550665,0.007308548342492874,0.002137339849658915,0.0027079710112869145,0.0019612766101436818,0.002652401754588151,0.005783810932297634,0.004218542639831649
3489,0.004976249977774682,0.004141410729772159,0.005395158962129381,0.005914359503753229,0.0030898820494023012,0.004160997119732279,0.006495606298541072,0.0029901975368938592,0.002893170733132853,0.004311239262754399,0.0022070507257908717,0.004615304631115718,0.0052987531857548575,0.0027904801993493744,0.004822213526790037,0.003981371287649223,0.003550674364549638,0.003937635950034561,0.0020526666402342626,0.005628995124727047,0.0029115772550413963,0.004099128560089356,0.006919938606117043,0.002020846020842326,0.0011570638827361852,0.0032546473859715263,0.0037912792791216085,0.0024883782114655615,0.003884711058290104,0.0028558994990296725,0.008411218815042316,0.011088564222748967,0.014238268455334427,0.00200391918545132,0.002483296254370384,0.0009892697461877005,0.0024311511231322296,0.0018526959395030241,0.0024311784520844914,0.002568815443461799,0.0019569917980621523,0.0023208263807705065,0.002106291674969143,0.0045554984891194705,0.003827817956340153,0.003054247438978723,0.003145120620995925,0.003908281252941103,0.0031507386814726406,0.00414304522529822,0.0028754057940003574,0.001807249922394959,0.003184526568522659,0.006880409915228125,0.010067350488279976,0.0020247037287654023,0.005402663011031703,0.003730949580138659,0.0034325579563059096,0.0026178578460994036,0.003473721173856242,0.005373905618648093,0.0036807283581377862,0.004407643444594622,0.003304847861542413,0.0039510471337314565,0.0033162246471314114,0.002707558866076786,0.002073654803388388,0.00276855140607955,0.004663905895671958,0.006155812634277938,0.0034377313027463222,0.0035590660859941836,0.0022012118539258014,0.004194092442692008,0.005867455575538475,0.011404804491778116,0.0037876116921466483,0.002607713757150579,0.0034543074503434086,0.004428228040873071,0.002879747932415117,0.003437717538677865,0.0029256587763495383,0.004111101783502793,0.003200878884689056,0.0020024039496816144,0.0018300545347324697,0.0036941741939810237,0.0033641805220038764,0.009684720262398569,0.0021215763291546163,0.0036510723067754054,0.008942953510302588,0.007255107048909752,0.0024175493031272683,0.002858802325224154,0.0019070525704095284,0.0030010026113032316,0.005850720211872264,0.004010511607100923
3490,0.004784461819126755,0.004015302027278333,0.006592854047625354,0.007235879441626057,0.003056427797852086,0.004224753765496309,0.006776820687382403,0.0026194650518083997,0.0029081914902487193,0.005087870654083879,0.002756210823737659,0.004545132726462276,0.005753003622637636,0.002945470319297861,0.004681685508576793,0.003162661148015817,0.003761548981250524,0.004027152032288349,0.0022427799658063822,0.004917850563751933,0.0031529974909363066,0.0050792736720272555,0.007307627206861338,0.0020440315747919193,0.0012785118882029307,0.003042492967525521,0.004160682919378441,0.0020886096566447416,0.004068543733371856,0.0027638733983639994,0.008911686824132792,0.011201585009124434,0.01229645871986094,0.002207893318704594,0.0026375970704719423,0.0009137655800135705,0.0022769903095099255,0.002059573897442041,0.0025752208635612455,0.0023801409694039436,0.0020356163434419295,0.002006789853189139,0.0019100258474256833,0.003598702532296335,0.0033994571314039284,0.002713648676219692,0.003241899524278176,0.003430830695799635,0.002906779627223291,0.0033936058521045584,0.0029341395252019758,0.001581321537600665,0.003316521520727813,0.006950442594068734,0.009455358775872204,0.0020601130368591374,0.0049734212168939754,0.003904019368060824,0.0024211749894158365,0.002580342245400146,0.003425279124837934,0.005516091987106052,0.00547875605128805,0.0045115071727319205,0.0037246894563525788,0.004067521917838873,0.0024619681975432024,0.0023942864691038792,0.0019917407507391433,0.0032849908025095976,0.003701313378736014,0.0052126617998683985,0.003470297524488448,0.0038300143419361557,0.0023766837414889745,0.004054666970394407,0.004395637670475697,0.011380189663544302,0.0033039986102368327,0.003078159709335776,0.0036911733523885,0.0058273705219995895,0.0028064830154772534,0.003188180651099467,0.0027572406089107185,0.004273905290902109,0.0030755267048235184,0.0027277001852841483,0.0019200660490397033,0.0038831568165170476,0.0035704623801779147,0.010019895578347237,0.0021155671929253077,0.003161600235697354,0.008475159323309368,0.007663632719561248,0.002476953822383505,0.002865470408525626,0.0020176947778990885,0.002949431503942985,0.005937456057973145,0.004141429675677906
3491,0.004990592540154395,0.004216432293916455,0.005357092745873017,0.005642228023240296,0.003185386781254579,0.006004744922932339,0.006020656209030752,0.0027645123430133857,0.003437643230689175,0.004664525762020927,0.0022592816674941512,0.004326716776759526,0.0056800341269541465,0.0028312917734831804,0.0041170465130265345,0.003447862546306384,0.003953114633755155,0.0035335697314491667,0.0020876431732846697,0.0060566073436170405,0.0027552250005209874,0.005038030017002529,0.007358526496815725,0.0020771881723983285,0.0010949621489631937,0.003668499036677551,0.004690991066722626,0.002265132107743865,0.003769400365056794,0.002919079198563906,0.008577767195780725,0.009850720236390855,0.013113300618298893,0.0025528604207948175,0.002346548798043068,0.0008770609139711531,0.0021774305696438383,0.0018986948482572542,0.002795621284157858,0.0029331797409625363,0.0022613937336304715,0.0020236250642479765,0.0021004345047926014,0.0036722690401997512,0.003504432330876005,0.003418260108425366,0.0033602618357308073,0.003605565277480367,0.002770224064077018,0.004768456783008442,0.0028798344402176496,0.0018268642888401377,0.002990038307735169,0.006446647550548585,0.008065400584915247,0.001729063701843282,0.004617159283334409,0.005240013968784784,0.003795913775071764,0.0028291707390713274,0.003336663770555719,0.005699961575833024,0.004816351277486378,0.0037469458069347384,0.003287718716745548,0.004044220546899353,0.003332940691193223,0.0029569642952190535,0.0021232153456574826,0.003438986040564115,0.004005467194748771,0.005778715377771095,0.0029437875339432635,0.004132066392624963,0.0022598531811960877,0.0030786907649386916,0.005677417073620229,0.011362762268095376,0.0036096359357963587,0.003350563133926335,0.0035842909352803726,0.005286883294578957,0.0034372550949790365,0.003218373958903965,0.0031681780489359926,0.003933807860062548,0.0030760390871563356,0.0030308592194965857,0.001990242224684569,0.0038625935675591764,0.00373909874815902,0.008422641624943484,0.0020250793671253626,0.0030775247067785106,0.008427965477202384,0.00734425887403489,0.0028272693152079993,0.003148466924799756,0.002189162502555423,0.0032745404774045923,0.004653228935096266,0.00373014629093485
3492,0.007090207468905334,0.004270615821943236,0.006040959302656976,0.009881642108638925,0.0035458996316513817,0.00728402978774481,0.007149587894953137,0.003276973943967628,0.0034543262582897253,0.004493614226301148,0.002235988790003932,0.0050502137956031125,0.0051173917451833245,0.002745471680424413,0.003988648773016075,0.0037967548691127625,0.00380835158182671,0.004642361207300975,0.0021322872397561677,0.006481219379772946,0.003143425150784188,0.0054532211721742335,0.010803106559361356,0.002474421280749279,0.0011709675149748102,0.0029443331785479776,0.004486899307858356,0.002122327552570417,0.0037358588112620175,0.0029650917822168863,0.009250750962605381,0.00904340062115455,0.012768106427415042,0.002371511260225037,0.002513475251041016,0.0009495954474553153,0.002041095433731534,0.0016964972378932896,0.0023404215747202957,0.003308722577333391,0.0018427938139295595,0.0016570772356463421,0.0024227398201103908,0.0033956243493874264,0.004318787408042934,0.005424857350984761,0.0031602494607363214,0.003308617018181082,0.0028496105869240773,0.003925463859736762,0.002735307351763337,0.0020244110105421278,0.004436708006490477,0.007518434140875593,0.007916669242137428,0.0020784839848158737,0.004260220545375836,0.008492705003171225,0.0038674198030880717,0.0025603391405732245,0.003154784031985211,0.005167101874601254,0.005414517727801239,0.003635918401799674,0.0029494989148951857,0.0036578983757559287,0.0039024579738669222,0.002899021273443798,0.003045711050474594,0.0036527235047273507,0.00543362067528838,0.004443943443373121,0.002801785981705023,0.003622915000825536,0.0022321694013781182,0.003429339626446752,0.006214967880736392,0.011862798564604054,0.003646117108458256,0.0029409733253315537,0.003288353757862059,0.005615800040165552,0.0043107570326395925,0.003954219295713854,0.0027660034601244706,0.003631704289733518,0.00305907947064494,0.002740326304376092,0.0018373892843842,0.0035200183285594437,0.0038553127844454015,0.008636776543594942,0.002241757911125151,0.003352212908361061,0.008223809287301527,0.007138290070379126,0.0019931771389526368,0.002647633773628152,0.0025759209980216217,0.003804474013385121,0.004783845749200605,0.004014009300640877
3493,0.006871507520997015,0.004322161210157868,0.006590364343358754,0.008124938382710568,0.005772244424824631,0.007898878882294971,0.007211277469073217,0.0026752564025322,0.003638768069331601,0.005577258867572544,0.0023422088286524055,0.004530611732700107,0.005775489190980783,0.0031095960451574564,0.003584001404476126,0.0038088205346761437,0.004348927983971308,0.0050974702859605415,0.0024876600113379103,0.006729332622091877,0.0030705583045485996,0.008874314932414282,0.008587281402089447,0.002226783703057969,0.0011180192390810462,0.005802022454915558,0.00430886115991449,0.00215011526036494,0.0046043683842203606,0.003296604623805266,0.008543019458679513,0.00936267680685238,0.012530274686933573,0.0023842326192554763,0.0026847027515452464,0.0014675404333518048,0.002476922585087159,0.001645816495978958,0.0022750435454145846,0.0025536596203546646,0.0018729143638570045,0.0014740156185881225,0.0024770846986319007,0.004096666572758685,0.0040605834327607886,0.006977764761604054,0.005895702421778095,0.0032460267312417485,0.0031497153480284953,0.004013360996202625,0.0029607935522620137,0.0019452234965809658,0.004757174299719094,0.007276869147784025,0.007153837586795701,0.0020344525285401374,0.004561709017458444,0.009403062343678477,0.0036788580251671324,0.0026542702261769854,0.002708547721478322,0.0056058766946314315,0.004375698016517652,0.0038293432893312628,0.00305338958329875,0.004274891608424539,0.0036753458491717065,0.002552160797501264,0.0029544935591304753,0.0034386265835350273,0.005243070752112906,0.004417481805705573,0.003911882582492269,0.0034293007823300997,0.0021142615524599537,0.0033800733616532086,0.006114533260163845,0.011471438218384863,0.003535912645986316,0.00354711495873199,0.003507962160295926,0.006263150795713367,0.005340307211549083,0.0042499115801039634,0.0026984487372424828,0.00443385059568459,0.0031339765005839178,0.0026709999180279105,0.0021575976064951968,0.0052139335429738955,0.0035090834529482176,0.009544763016483099,0.0022793821228517157,0.0038138240396799407,0.00804452332060392,0.007562596184702367,0.001817817646505,0.0031318910005666244,0.002315522472196535,0.0031430585797329047,0.005314479643612489,0.004126546692796323
3494,0.006706341885122447,0.004401479389524611,0.005958919978804937,0.005740067849604792,0.0053412572360462705,0.005910799039907894,0.006346944634418822,0.002595208548603338,0.003788517829320682,0.00570141282119758,0.00232338045244456,0.004203060656598356,0.005950623622073254,0.003545079475933778,0.0044889438142977234,0.0036300036007084107,0.0048207358729195305,0.004010022842493233,0.0024481820183711845,0.00579032841283132,0.002943075887147159,0.004820205904811081,0.008167398427082254,0.002691021519090915,0.001137461115763488,0.003591589689779312,0.004642921523376085,0.0020498193798284578,0.00467368512757127,0.0029137919509780283,0.010534611021153096,0.00995562061906467,0.012808079229636424,0.002738312113231054,0.0028561950293784478,0.0009527774625481033,0.0023552754524870066,0.0018157701051683742,0.0023849581989275706,0.003031834841704536,0.001995532941313586,0.0017840581042695637,0.0023484749205690517,0.0040931623088358874,0.004645422079566648,0.006799445523416038,0.006733686203674893,0.0034889302380180956,0.002854914448270841,0.0033975183773432165,0.003026871446816996,0.0018590959353492421,0.003916908052415305,0.007405849900429171,0.007439377855533355,0.0018177522973937365,0.004276679250720477,0.007986152202185626,0.003357511291353409,0.002916168145323298,0.002722865338579445,0.005746262874189875,0.004355290116808822,0.004542580242975977,0.002852715203974479,0.004242847465352878,0.0033645960175014912,0.0022315431490337913,0.002434355544814184,0.0036224141478144794,0.0035420928816883327,0.004629673772849815,0.00363139758691279,0.0034120676173753513,0.0021709342011319074,0.003361634414798005,0.005405432042582021,0.01112904287552262,0.003480569682099678,0.0032968727845636724,0.003261989712779777,0.005462310225917192,0.004311537137975821,0.003967073439245638,0.002909029747124368,0.0034370265674301386,0.0034165638404569996,0.0027724246843148117,0.0021884992081055332,0.004211587250142366,0.0034920746412353963,0.009239757998392327,0.0018251510082564486,0.0033338711741746287,0.00857968389801971,0.007215897321332604,0.0019996247430824725,0.0031951381524778196,0.0023729006886178843,0.003588419511731774,0.005263279924664066,0.004392590204960655
3495,0.011154132804282695,0.004244213348411353,0.005485745775850499,0.00543213015055694,0.006224896387702296,0.00783969059866104,0.006967341446058897,0.002852017467522359,0.004197647417141439,0.007752057904936612,0.0026545091343806904,0.005756773429320879,0.005548172980247258,0.00364160374434736,0.004156865865803022,0.0030295532813554905,0.004671566988672581,0.004050480475962825,0.00249890092927852,0.005175981978860013,0.0031297775175320674,0.004368255442142942,0.009396204762485013,0.0030711749470487015,0.00131573346143755,0.006135570874895345,0.005700879428153851,0.0022594650992227806,0.004074225177143374,0.0034105102363470837,0.010309424747836724,0.010094812980899837,0.013122240699383284,0.003662191078043498,0.0026404918128618967,0.001009900234348344,0.003008693819385202,0.007783710970011805,0.002467397819626908,0.002592538704092067,0.0018036022411467903,0.002447923960366678,0.002884904810961034,0.00461335291031952,0.004125128200010094,0.006395124789481897,0.0060805026707253925,0.005245982244964334,0.0028007846571477158,0.004022259493936112,0.00385344327874102,0.00180543758177562,0.003758103264544696,0.007513203693470174,0.007506790510711407,0.0017868593705801933,0.004859874836758449,0.008454255376492388,0.0036477480353032097,0.002457738659239189,0.0040135663034093485,0.005488210101399167,0.0038254798954027087,0.004024247940253135,0.003552060999713321,0.005617743139549172,0.003031640042062055,0.0026095597454997444,0.0023737833855926897,0.003644496718974732,0.008334499625049533,0.0047691970393749766,0.0033770853013928665,0.003620147495392347,0.002552935230910415,0.006209769008259453,0.0057919032391817215,0.011083236211443174,0.003660624861879285,0.0035401239795029354,0.0033951406914639166,0.006329412429582154,0.005328629281674375,0.006698297357124791,0.0030157554281456827,0.003847963613121597,0.0029664794169455546,0.0028636232258082814,0.0020001425771399503,0.007480099519714276,0.0038196719017469724,0.009339388432739057,0.0021806427387844403,0.0038287259182621164,0.0083686881289942,0.007108297549223483,0.006981091902462719,0.0027376817678349493,0.0021585289374256005,0.004844218042853408,0.005179033736822926,0.004043214456772748
3496,0.0058948129909144375,0.00372000439564427,0.005861872511515039,0.0050943165460286795,0.005578022017168105,0.005449590009877316,0.007029129784829977,0.0026869269452608974,0.004029828424782923,0.005347227320816992,0.002694302278292542,0.00492691830326236,0.005707230147514773,0.003162642469613473,0.004061865551716837,0.0028482484200625757,0.004062228725717819,0.0038631704920368214,0.0025997786924962904,0.004855088884296091,0.002633634860661442,0.003835548304033507,0.010055555098215535,0.0031004857004155086,0.001204200176187439,0.003393166065241507,0.006240419483976972,0.00209822709970882,0.003949543894105812,0.002633589450921978,0.0077143672697235766,0.010184385222791296,0.013295320795517138,0.002151814652281987,0.0025093080606409567,0.0010627329904504795,0.002359257363510416,0.007926999539614087,0.0023557249124671435,0.0027210013345883672,0.001892773324855939,0.0020019741824560716,0.001982733439159689,0.003929966494164654,0.003079175470033651,0.006847924238646538,0.0037846909739077264,0.0035738615941335876,0.0024844273374206288,0.00374936658233467,0.0028900931608330386,0.0018294901779870934,0.002815045123828507,0.007146151518232262,0.007346997660785311,0.0018592907506104464,0.0042006515871960285,0.006883983396744808,0.0032042084466311414,0.0025378751842750637,0.0023998420324926693,0.005293487523657397,0.0040562254619914565,0.004226301867774081,0.0027922087763629986,0.003781043362382101,0.002700410257588128,0.0020913820531169107,0.002675574851263363,0.0032684527177398795,0.005475287023393723,0.004118704161556801,0.003105026634228947,0.0027312142735267074,0.0019766468161322988,0.003367304836730394,0.005843248584515439,0.010848932427000703,0.003539289336530516,0.0027867272873521873,0.0029991256086761495,0.0049425911734280676,0.003500726553295526,0.005853670634945157,0.0032416785640154598,0.0038710546133802672,0.0029494482230011296,0.0029880121936472354,0.0015877237193433014,0.003726889563807748,0.0038050797528293655,0.009468416317149774,0.0018430378718920187,0.003574751866540999,0.008163703796711518,0.007122644840108151,0.0020477732181640933,0.002839904103712766,0.0019093272440146622,0.0027615468710776893,0.004843707684776638,0.0036840398105682398
3497,0.005033384031684322,0.0033886786270416404,0.005731872582178106,0.005879359866632592,0.004393423219188683,0.003960219427510129,0.0056528364183983555,0.002734317287803168,0.0032463803210250435,0.005777605441488925,0.0023999028151765515,0.003921449420199674,0.005557583457831219,0.0028554289964513916,0.0038493140032979166,0.0027786342767930922,0.004106181560418602,0.003299930078503459,0.002576858353090891,0.004677498399775453,0.003154366357253388,0.004056093757988601,0.008911193569681924,0.002794715692089543,0.0011924108067181789,0.002691206310338963,0.0037325018752055847,0.0021411638121229797,0.004431422646300988,0.0026369578274990854,0.008413333033766542,0.009116924985568393,0.01400625065187784,0.002091969981177966,0.0029232936219308805,0.0009417138049434134,0.002404764061667145,0.00254653693047204,0.0025710582733103164,0.002394785522527743,0.0019892792904611144,0.0021314984262673226,0.0020944473309356935,0.004662929687714376,0.00324553433946465,0.006300519848418105,0.0033743014049768968,0.003698619680880643,0.002874419853661023,0.003872491663723964,0.003288931285611998,0.0016920646215552943,0.0030915623522461523,0.007097685477644782,0.007465612110947676,0.00172470723481333,0.00436983239108061,0.005351358301763539,0.003074036414252981,0.0023322891530303254,0.0026066137257245788,0.005381246011714009,0.0037863768075953297,0.004733286833727279,0.002635509884970787,0.005220152159877547,0.0031967418787483505,0.0025343188983833792,0.00263008698694958,0.0029441712603038594,0.0036569227819409898,0.004450744402701369,0.0033033324387026974,0.003008179276068266,0.0020730688803685163,0.0034319062034830128,0.0059813783606590155,0.011747675395043443,0.003597872229106181,0.0029715241234869886,0.0031088112125476465,0.005135024657091369,0.0033006280359819634,0.004315635487756597,0.0026985681740169564,0.0038816895469558537,0.0033518188158516435,0.003178939856041838,0.0015015382169384325,0.003529142984123079,0.0032496809563296674,0.010090472734531957,0.0024961019102919257,0.0029306422747886612,0.008798469400504914,0.0070814027201148875,0.0018392463762352657,0.0030904552270789483,0.0017435739733978504,0.0025945018297110775,0.004888543257711211,0.0039562548031299915
3498,0.003995466896616614,0.0036697844020403794,0.0056972370325459095,0.0063348478539151385,0.003047658064159021,0.003831806947311182,0.005303424851766558,0.0028192901692651404,0.0031744284059653915,0.004715884374213755,0.002368593071027901,0.0043187232221564235,0.00570240876075188,0.0029042114974096663,0.0036472254083050565,0.0031192820865677323,0.0034829790348189856,0.0034368225814823137,0.002376801716897162,0.005414292921124613,0.002565151707778821,0.003830425044860598,0.009287429278245383,0.002249447931902863,0.0012569354938187505,0.002626976675149101,0.003588919216177016,0.0020920799624119936,0.0042599364118782335,0.0024299744569227792,0.007911970152204567,0.009195820190299771,0.013446023516168375,0.0021685775068830404,0.0027617036668738165,0.0009840522858407526,0.0022715269574407706,0.003067083873818716,0.0021508368905344723,0.0024372913610526395,0.0019363173849795989,0.0019929215498668785,0.0019565589735697766,0.004701188071885703,0.003396431408216211,0.0061274740006102574,0.0032227463283535877,0.003090984800095665,0.0030891317296245792,0.003778628720749948,0.002865114729539734,0.0016403065615449711,0.003024653590757983,0.006898925872406577,0.007408133108911274,0.0020641560665310447,0.004043216319035291,0.0051330730888155705,0.003240120301905119,0.002277344409840694,0.0031536164829470102,0.005250172013036926,0.004137971661500679,0.004580130898367373,0.0025831294245856804,0.004132809155896923,0.0029896681844887854,0.0031197137073797968,0.00320256496804549,0.0026581981788381596,0.0041921544257311665,0.00436720271047206,0.0034306349790144525,0.003130231214675578,0.0021987459566484516,0.003370647206218152,0.005349611652496972,0.011463093835324423,0.0033992086723211527,0.003235884526582252,0.003233991460271347,0.005389618710292238,0.0033445365438374884,0.00311433481942644,0.0027685156839064072,0.003884509461459174,0.0032493540286721704,0.0032702817211590746,0.0015512603716014877,0.0032419548942683417,0.0029179226118742196,0.009844303341484334,0.0021053306088282256,0.0030107568112182465,0.009209676216728347,0.007137019790050199,0.002205658872667394,0.0032026155649291983,0.0017662224089457306,0.0025820916615107966,0.005660910724452098,0.005564664502256418
3499,0.004093032598271341,0.0034502349011812346,0.005379217951740544,0.008022277114669867,0.00323454271833968,0.004268483578955823,0.005775252302455824,0.0026495475994451328,0.002936792371024379,0.005222736553127597,0.00220333721730514,0.003912033357144626,0.005633905776710799,0.0027630891691683476,0.0038878732400112375,0.003206095026111431,0.003550002627410034,0.003574114238980176,0.001972855463411628,0.005252748025177452,0.002665234343256042,0.0026542519482804223,0.007003268220920627,0.0033478580564654157,0.0010900561448539553,0.0026374445399212063,0.003907098942424841,0.002237849905835868,0.0041693645657590855,0.0021783657637896568,0.006763870369196398,0.009069518554496876,0.013294487097804722,0.002002390284743355,0.0027197470505818237,0.000682533973572153,0.0019498506730951288,0.001905339299877313,0.002004668549104101,0.002452690779037863,0.002307400881778165,0.0020163744466216472,0.0019632594375269003,0.004505914079521376,0.0035223692475661846,0.006160853609350633,0.002604611625100137,0.003166421776325214,0.002767600845006287,0.0035047406263834743,0.0021862079335186082,0.0015659544591319046,0.002861259144258901,0.006611981984259951,0.007416738971806387,0.0020359653488469655,0.004216632226186219,0.0031554372797502686,0.002790191487650534,0.0029323488746339273,0.0027833921528404885,0.005238504720049383,0.004968242599971664,0.0045873498303317176,0.0028526341212994385,0.005074626384438445,0.0028597624941797645,0.0035849825943524804,0.00249430108966938,0.002597112409534189,0.0035037993344563608,0.005268671366805211,0.0034925600018093964,0.003753445342925221,0.0022814920584598034,0.0032566190324778647,0.005506398952345078,0.011693961099330496,0.0033503647470007583,0.0023825405940321506,0.0034329524315533985,0.0047299154940207136,0.003276104381403006,0.0029780660198840884,0.0027073148500880257,0.0039217015171322854,0.0027958456185084683,0.0035728549383349795,0.0018489201171501847,0.003546740034932116,0.0027317815373507476,0.009840091093435529,0.002589100255754031,0.002759783609182923,0.008018363447307714,0.007024717716509485,0.0023378497725361686,0.0030605634788426783,0.0016207206928480458,0.002672823468780589,0.005728454223189023,0.0034799378539432445
3500,0.005752511321566144,0.0032338145511547445,0.0054211015340938145,0.006519881607917417,0.0033714621137632627,0.006495390550389855,0.005684071475846647,0.0026137019050562838,0.0030662231162794065,0.00476396594917474,0.002057947409895215,0.004381415823769025,0.005812016817950452,0.0028208041048870614,0.0037758144562385462,0.00396718353623536,0.0033555072848204335,0.0032534199844735587,0.0023211634244874693,0.00529558007439418,0.0028292414927839245,0.002721558261688928,0.007237724708244026,0.002009935270628867,0.0013422293355539127,0.0030558296332550317,0.003911465113485391,0.0022985919395059847,0.004436639419879169,0.002608026282123526,0.007365463195381611,0.009023958962170795,0.013223166699648086,0.002040077664071117,0.0035819999896926523,0.0007175865941765178,0.0019580119378015547,0.0021685258635723336,0.0023277797266585284,0.0023974031136091817,0.002426935173394716,0.0019469930841528088,0.0018293013052364069,0.004194508878424233,0.0035904008284601877,0.005773775924163135,0.0028006583567287613,0.0028339647974983213,0.003050981046193121,0.0034666931609712236,0.0025872520208628388,0.0018709096057957933,0.002892055795044536,0.006716590076348313,0.007419958236355191,0.0022916751606018087,0.0045187203910145675,0.0031420968163921744,0.0035373623751709556,0.0027960027645357226,0.0029162689463305444,0.005315980562824668,0.003534541640720306,0.004593474111699301,0.0034726648680684256,0.003617744153452754,0.003070433487418467,0.003529067880955029,0.002895704494951309,0.0025727203349213456,0.0034498279189218765,0.004789397310955751,0.0031282111395113206,0.003602529394343821,0.002198817289750477,0.003478445612655455,0.005841169601051699,0.011669944174404952,0.0035475047400007017,0.0028030161425489333,0.0027097503650667033,0.004545420672203685,0.0032963013535707497,0.0032177104039825873,0.0030982376134271613,0.003976707412937961,0.002917892900192946,0.0033153136101877717,0.0015145952407576322,0.00341271964502844,0.0029824532729468465,0.009769963079257605,0.002427480661263366,0.003447114573028046,0.008100958269551237,0.00702564518904694,0.0019359096373847823,0.003060149223680793,0.0017335607858323025,0.0036758707443318678,0.005501606047770237,0.0033088801350242628
3501,0.004120749413502857,0.0036825465162016882,0.005323685130278472,0.006108547721364076,0.004911100120656725,0.004641257850179759,0.00654483518255745,0.0028883741126483793,0.0031229716076404705,0.005718071396722964,0.002247226891983075,0.00485202714632066,0.005177740183493672,0.002962144026650663,0.002968054938994851,0.0037451326476895357,0.004071596617783042,0.003081543393574728,0.0024232863782023112,0.005221451376160488,0.002945185411054374,0.0026870466426449323,0.00807492201422224,0.0025132780909000838,0.0011926122425111108,0.003236740157247027,0.0036766747197379706,0.002398529100683907,0.0038495694907386435,0.0026579053542580477,0.00695373363153498,0.008369344244557599,0.014100209784249784,0.0020889859326019295,0.002443009419943457,0.0007662635328308143,0.0020325199195676685,0.002150537246950941,0.0027952241006780516,0.0027117263591373768,0.0016537342289657106,0.0020596857421228444,0.0022142453260536464,0.004285447651667732,0.003643438062074163,0.005675110577636396,0.0027106247777815766,0.003983903375999026,0.002567263321320097,0.003608972881766635,0.002752060952237359,0.001512012384952886,0.0030295322021717,0.006820479580905358,0.00753774947481663,0.0020583685839629896,0.004980190905915817,0.00349224745322738,0.0034008119096439913,0.0024229243228692256,0.0030724932584709564,0.005230363826172119,0.004263078539488383,0.0034537560497588295,0.0027291186011544695,0.0036071144024940067,0.00331322388068214,0.0028624656490218972,0.0029912200117873603,0.0027028603248058698,0.0036415558142392328,0.004635606746805872,0.002710537658950171,0.003750235749391104,0.0024473452148021124,0.003410060094788936,0.004935949051017662,0.011024619177753676,0.0036291440973831206,0.0026977466274196293,0.003524094765466815,0.004902179398588259,0.0030244365477604196,0.0032838464139101366,0.0025807464417549717,0.003881661887734451,0.002471963194521163,0.0032209343149364736,0.001483664255799318,0.004014697650494673,0.0034855718680873674,0.00862581383207685,0.0021589228763344453,0.003189552344629875,0.008553277393573448,0.007013831749027352,0.002346915123500527,0.002983751586851678,0.0017519643516903565,0.002861860775654458,0.0057169658017214246,0.003876462280023637
3502,0.004998627924507105,0.005278145975702284,0.005182212072848566,0.005807801092515566,0.005290139745045941,0.004846858688047012,0.006958201824085588,0.002943260602433322,0.0030218312356034608,0.006553189067289913,0.0027435534655900987,0.005426743592552696,0.005866524368680658,0.0029211478382617853,0.0037719472936893705,0.00351715822400811,0.002827859112916781,0.0035633614334646337,0.0027991293789548953,0.005041706867968251,0.0033442257953274104,0.002712203038718006,0.008283963080767183,0.002201498030210271,0.0011897243473886683,0.0036252378008342846,0.004652975979637422,0.0024168116355357443,0.004556464533900412,0.003344928387513727,0.008440874148955837,0.011075950432579088,0.012322416518106236,0.0021253823462031385,0.0030139010974643806,0.0008488767820020818,0.002309430542338554,0.001752228236601486,0.00269016459481284,0.002672065917254208,0.0025706931318144354,0.0025948745492074673,0.0018590956251351002,0.004780765370521017,0.0033922129675677277,0.004070154095957733,0.0029954312796509398,0.0031356609945955923,0.0028224146402777784,0.0045923371174293745,0.002977907322072563,0.0016335891530620565,0.002917284347185113,0.0073670989902237475,0.009255646349164938,0.002001471801250887,0.005767649376456497,0.0038555399804749337,0.002694601481156326,0.0025651545367173056,0.0037077924319688545,0.005334681354248952,0.003663289752215726,0.0038992180873625402,0.0038449628817513997,0.004141734098434166,0.0026023445476047523,0.0030558624202993013,0.0024587421075775865,0.00453721818284634,0.003951379813154217,0.005375222542019106,0.0033248860473167044,0.004958314647315911,0.002687303995286016,0.003611741670280687,0.00569184039222901,0.010201211980943524,0.003500581089040779,0.002963026695466379,0.003579341323831976,0.005377654677624491,0.0033149134058051114,0.0032430461328125924,0.0030795267461594805,0.004976614167614869,0.003695564852790682,0.0032886858145373603,0.0018228552356163654,0.0040826616056501225,0.003173589935586105,0.009002847700286292,0.0025832050354491366,0.004060413796418959,0.007799591965096088,0.007351350097898268,0.0025684506261271804,0.003659541236136569,0.0022519840952712525,0.0029126275678181403,0.005927865675524861,0.006051741580356105
3503,0.005004375244318825,0.0046484028519591545,0.005053990016102845,0.00556320569840251,0.005153994221440041,0.0044172090701251505,0.006424087543582634,0.0025823425578601193,0.0028515712333610833,0.00551388014064852,0.0026803749551664213,0.004296800876164555,0.006385996646390467,0.00279541574873771,0.0038938167739433777,0.003698028885920045,0.0034976616582760465,0.0033065710733432294,0.0020634090149588896,0.005343589515643897,0.002666913687622781,0.005369323013429301,0.007149926553910956,0.0019302667029494126,0.0012222960396879312,0.0036150838769712576,0.00424209309049427,0.0022633106213728635,0.004694078304907334,0.0027597159547542442,0.008178003632040815,0.010379698780712494,0.012836974818673446,0.0024134711965678388,0.0027381278926537325,0.0008339576737138559,0.0024756765366352523,0.0018913876940068644,0.002339624044158533,0.002595584044439518,0.002314681570653776,0.0027184451231270237,0.0016853154755018572,0.0039718532101499756,0.0032266368524695955,0.003587281632919727,0.003220393336217134,0.0033015061008985183,0.0031641382935544892,0.0038547354968519096,0.002847576245574871,0.001572574557500353,0.00236994811178623,0.007497652626289143,0.0092438985083887,0.0018893283017684312,0.0050689788059565385,0.0029651200734340417,0.002787282288091977,0.0030325373888109605,0.0029397640019232737,0.005850887084436491,0.004646622426502716,0.004216114185724087,0.0031713970469788113,0.004045344165019489,0.002893068825778265,0.003157568816706183,0.0025605922101450784,0.0039818636748687785,0.0038205938999828423,0.004503244032646339,0.0034398501447847297,0.004305481219605227,0.002492160828338022,0.0038194878139070545,0.005511958822914859,0.01122636096187673,0.003543558230915505,0.0034042994881916012,0.0033864234374154437,0.005483028739098171,0.0032188830977867315,0.003189770597252168,0.002861846050801844,0.003513679642358021,0.00325440653763718,0.0031573223590916563,0.0018054791896561088,0.004457485800801764,0.0032535826264029014,0.009368026361594946,0.0024238307964857203,0.004249118950306163,0.007905190247468498,0.007131384898349512,0.00225829892540718,0.0036590717607970767,0.001919681206533202,0.0026205028799572588,0.005848953515731658,0.004542573199168105
3504,0.004939860401732642,0.004291738447587958,0.005140121805068282,0.005576100808922782,0.004750701515818012,0.0034402228218017167,0.006355419443879564,0.002869666262007354,0.0032077083458703294,0.005186948360637294,0.0024025657847912443,0.004218549501307764,0.006111416867887595,0.002269737816568655,0.0045194248692176755,0.003236734502119002,0.0031922865613891434,0.0035807778887877624,0.0021821313364603972,0.004184707408315462,0.002419551630791298,0.0024514321347399856,0.007280931367999805,0.002816729435832305,0.0011630564064836167,0.003225593784552895,0.003949552170242065,0.0026519655353865104,0.00419018962072825,0.0025737800957050592,0.007853727811532785,0.010552088372594762,0.013928102085597636,0.001907054062249403,0.002993513755772045,0.0008415816650518726,0.0019876741736323507,0.0020628441298763175,0.0022555555550407887,0.002189027063832647,0.001985059539933578,0.002631471178221532,0.0015862210727329625,0.0036922744678333104,0.003044225119718413,0.002928595761405943,0.0031695373210219287,0.003082132007447378,0.0029428343212361706,0.0034979508594568504,0.0033312998330964627,0.0015096321561799404,0.0027271407000592604,0.0070238340425585275,0.007325482439628948,0.0017540180306970501,0.005086233310652954,0.003234379383562053,0.002599722904963296,0.0027190134166018673,0.0031292646346669354,0.005398111182513415,0.0039227875382768385,0.0036636477574134053,0.0029462683991398554,0.004647326361037125,0.002478228125062487,0.0026038368113269687,0.002678285759999238,0.003410295933153415,0.003496819197088093,0.004999370931393655,0.0030523729116483434,0.003634732867743769,0.0023115933540209382,0.004027120089985829,0.0053808943321756305,0.010940601213737671,0.003522108446973844,0.0021111844443774484,0.003130187463344274,0.005563488655920226,0.0030242924995411615,0.003196554813599614,0.00292920416186515,0.003897291220411752,0.0029737891844324907,0.0030857188027393133,0.0016783207759501887,0.003745584146419546,0.0031007713087686122,0.009460093562920617,0.002087219932038478,0.002986116580478296,0.007983487877987272,0.0071937256239059,0.0022038918184426005,0.003123006643055318,0.0018342320582704552,0.002646378179505744,0.005635174663094772,0.0031156591192942735
3505,0.005704626773407671,0.004253823249087127,0.005045226476400799,0.005882913758426537,0.0043568050298270575,0.003706941547193855,0.0065681444494716,0.003293676670913979,0.003234187069394914,0.005291797845886273,0.0026345863234009223,0.0037835692223551903,0.006038899797641267,0.0023291186555645773,0.0036749541195670956,0.003520214995179169,0.003498438904431662,0.003452143144458606,0.0021985069666278388,0.004135331674198976,0.002862208243520408,0.002451122403828693,0.006997853928160159,0.0025486739011893462,0.0012865201107932626,0.0035717891035560645,0.004744643206405836,0.002585966401821747,0.004262239060316907,0.0028592725927407787,0.007943637406661028,0.010539549271004546,0.013596788909188369,0.0020466777112692135,0.002880776680934508,0.0008776977935060407,0.00210930587093858,0.001923582738485977,0.002730999711112771,0.002482405848699109,0.0019639140371786414,0.002973729734257239,0.0019788293203172416,0.003636955324581007,0.003839167467404193,0.0029444110993139885,0.002464734855569098,0.003138318246140841,0.0028884732734300632,0.0036495733667559712,0.0035113574606644997,0.0016640911440378558,0.003252156511746713,0.006958745703572067,0.007155675432965336,0.0018212088683399997,0.005568678781991281,0.003310407707649423,0.002675995773891472,0.0024686011766494845,0.004293303908008179,0.005441293256125872,0.004380304334847967,0.003930617659590246,0.0028752465174485087,0.0038446104361501716,0.0023905093037002506,0.002638267109945873,0.0026217862789024147,0.0038663497503533648,0.0038677947681453936,0.004308144940975496,0.003117581470802049,0.0034331639791717957,0.002414843149889755,0.00425308121825026,0.005406826909898953,0.011030240056304125,0.0036684554553882975,0.002703028921605897,0.00318795763121169,0.0051358632433760225,0.0030473325770515,0.0031646909832421617,0.0028880689719803457,0.0038108810343712063,0.002828434174468325,0.002935316243719046,0.0016358533980345728,0.0037640513034539773,0.0031438220781282457,0.009428214488762578,0.0020974509098444795,0.0033070242650062383,0.007923056394084912,0.0071937256239059,0.0023319569873861026,0.0029819049602216796,0.0017837724258406976,0.0031840078797596852,0.005636391290958118,0.004011160237550238
3506,0.0042383745309978425,0.0041901195619511045,0.005186773909281393,0.00623643324300923,0.003409657198243843,0.0042370701799108335,0.006569424352546927,0.002820995168539156,0.0034888258324900995,0.00470191863139478,0.002480782206707138,0.0036012154300137417,0.006047624468832318,0.002345997452109524,0.003550537662285658,0.0033582633339037877,0.0037579125362282523,0.003817729252428484,0.0019851266840506367,0.0052436151671770535,0.003162749250122092,0.0022667977701214138,0.006901800028727248,0.002012338529132939,0.0012462490255370378,0.0032002994786517643,0.004485006818376725,0.0021384752785058104,0.004653454043770243,0.002544022775989734,0.007935345031297013,0.010630649251791266,0.013388678303568255,0.0018570561795709323,0.003474648344951177,0.0008183099275311435,0.0023587465411734477,0.0019514140028918017,0.0022152636582582533,0.0025252545161227927,0.002013160786549806,0.002360497853438265,0.0018601414410185214,0.003835757079769637,0.003004670915597531,0.0028421243933119972,0.0029256003870368973,0.0032491181742330634,0.0027562509701331028,0.004002103919844342,0.0031921246725293228,0.0017392570570900524,0.002552135825031984,0.0070755276588854825,0.007385548349457424,0.0018524768846667889,0.004836337607266414,0.003718070835911985,0.002519423642084419,0.0027456677157039937,0.0036347580800347038,0.005441775172471495,0.003947096739844082,0.004123932358754,0.0033242430953631277,0.004893214857086526,0.0026433469845163534,0.0029257832971820766,0.0022894114342889606,0.002726702680358842,0.0037893949916372777,0.004059619619238201,0.0032658982936248286,0.0036362510869617916,0.002532747448209029,0.0033048378305311397,0.005210884879781931,0.011350741746161555,0.003612904515303247,0.002539577348014298,0.003227815258512877,0.00493983633865682,0.0030424018785564443,0.003038955453675989,0.00287816599807762,0.003905647192687971,0.0033238492368585244,0.0032523550485993495,0.001661742468341998,0.003830172277093373,0.0031935455326441388,0.009609519600704818,0.0022457004953810996,0.0029654810720646098,0.008406236686266031,0.007274039447037999,0.002252974031348508,0.003344025743560234,0.0017868212032840477,0.0025207516920842414,0.0055244923258013405,0.0029052794087285547
3507,0.004894053526100602,0.004043629501969091,0.005154741963566528,0.006461527631904507,0.004267444487597794,0.004376091892379253,0.006872592216936823,0.0027921605293292815,0.0034082982384546455,0.005138248097546499,0.002387295059244474,0.0037861262554434428,0.006047624468832318,0.002529061279939584,0.0029325679189483728,0.003873921134016479,0.0032040332936318183,0.003613448663616326,0.0019007171544855182,0.005497492433608051,0.003451056905011441,0.0023080695194406266,0.006715179381039885,0.002038310351890484,0.0010646282259892598,0.002735980615984091,0.004685766894002925,0.002117616104985038,0.004950758916074225,0.002499907636465707,0.006851840946874911,0.01026891356725831,0.01306366067078523,0.0018152689686277308,0.004716242250930434,0.0006584399748098468,0.0019408702304697211,0.0017896229403657764,0.0026162684969749917,0.002958752011770809,0.002079679004077403,0.002337948299342655,0.0019242230467814724,0.0046476932806646335,0.0028308137974710572,0.0028664926977314533,0.0029903179074361615,0.0034118120963871124,0.0028396779420705675,0.00364307158599756,0.0033404445593255856,0.0018885745048375145,0.0025488387304755814,0.007214994994462556,0.0073502173310837455,0.001817206183306639,0.005112128045092102,0.0028693916998022,0.0024125397568354736,0.0028720691193156564,0.003518036639864055,0.005485898594965572,0.0038528230562954366,0.004565874218965483,0.003918992240810094,0.0039691732180580355,0.002646309308303218,0.0030612119836540557,0.002193973553127372,0.002917250739309846,0.0032953055434650396,0.00492482491754406,0.0032221409260892544,0.0037339488183658516,0.002315604222406506,0.0034346528282515085,0.0054734278089354224,0.010975089190404578,0.003693476781190612,0.002389701315735037,0.003261897623350876,0.005122455351747621,0.0028286238353543804,0.002974831949637889,0.0029125851529294023,0.0038201117093488355,0.0031634548363165455,0.002868954951282699,0.0015291448597414474,0.0039024888499931097,0.003206155744195451,0.009690678900726052,0.002099020079349664,0.002868831343889291,0.008211563375323439,0.007274039447037999,0.002289463682244813,0.0032007370796156304,0.0017630841961789431,0.002656032092012109,0.005610770292931074,0.0032509760076445543
3508,0.004626177514141485,0.004414908187725912,0.005229951569281469,0.008400421384706999,0.004298715866511771,0.0050550527721807,0.007085975127856413,0.0029300222457642367,0.003497081032049905,0.005497074510546681,0.0023767566905866923,0.003765951158725753,0.006010098297202041,0.0023049857788516254,0.0037141250550071035,0.003474236751429153,0.003494229536211827,0.0035728025516000793,0.001964488644253166,0.0066195224548977905,0.003450698329619105,0.0021872928489062083,0.0064483666040913885,0.002301935816917434,0.001200085802030116,0.002926290639522387,0.0046153002097617775,0.002178718198789051,0.005015348486059968,0.0026209189486379003,0.006813678041207924,0.01060492093662467,0.013133939259206794,0.0018153947888331304,0.0028469334180403574,0.0007279058650027661,0.0022146253376337374,0.001767805612067014,0.0022176505840940013,0.002502992006863549,0.002266118107746154,0.002817994207640889,0.0019734946282310376,0.004565181019533872,0.00332391193408345,0.003077730060082296,0.002889663553015794,0.003391180062748856,0.002878306902702758,0.003956070527375792,0.003481075543098955,0.002005805153353919,0.0025733130972055017,0.007107725569587352,0.0073861565044446974,0.0018678905250550941,0.005159676906603052,0.003319053790247226,0.003079875875581086,0.002445470129922019,0.004419451454279493,0.00537891157818535,0.003715105100536722,0.004287938265501856,0.003072860777259754,0.004108278062683578,0.0037680483929368844,0.002797363954997153,0.0018576309544919992,0.0028334284711104426,0.004289012490893673,0.00477444755998853,0.003388443107166678,0.0037774780777414074,0.002400707146173967,0.0033000794018144927,0.006052354033278791,0.011646086930765385,0.003456914774536617,0.002580577578266596,0.0037109074871142364,0.004691673997050617,0.0027864430929460935,0.003087070508029289,0.0028076733222978695,0.0038236840341485884,0.0028713399581909733,0.002650935233922141,0.001525703001086946,0.004201130862454903,0.0032874206656469456,0.009410883333910287,0.002437651885740051,0.003165629842747003,0.008116691824018186,0.007274039447037999,0.0020277436325705765,0.003115379982659373,0.0018010793424238526,0.00263036073262592,0.005543152573166219,0.004312895791708205
3509,0.005032272189170723,0.004454300720374804,0.005154007321360898,0.005058970007953072,0.005836870890256019,0.005856932975639728,0.006042505811323939,0.0029451352402754113,0.0037910561393994786,0.006076050755944074,0.0024932086218270545,0.004734734036086971,0.005260455410938051,0.002782344813838091,0.003278070794044367,0.003692274143185656,0.0030661451415219484,0.0038143512647557604,0.002217644454471652,0.004642335150802296,0.002780824777375437,0.003005973291411299,0.008510865509027639,0.003605324732579848,0.001192049382230893,0.002655495143745825,0.0044569636763626165,0.0022334112178389134,0.00397681030170768,0.0028459287535924213,0.007178729564222925,0.01105767025554623,0.013313115014516978,0.00240788359192277,0.0023783094763911647,0.0007923766964187852,0.0022605599413628615,0.00167584359013883,0.002294311291229004,0.0023235126867335748,0.0017662342835688555,0.0019028910927159437,0.0019409758533800977,0.004343280381887664,0.003188212674180165,0.005606284799524931,0.0031201065965822477,0.0032203544874319263,0.0026881158858486727,0.004417347989361282,0.003969952229103782,0.0019929872663420113,0.0028023910877850717,0.006188119167437529,0.007595661038078494,0.0019032472851030684,0.0039593694795807466,0.0032679268679667484,0.0035462168140860655,0.0026090849242236458,0.003441817925593156,0.005463757965024313,0.0042128293519278085,0.0037554730285942264,0.00330274126652419,0.004104103954509859,0.003525126215462594,0.0024210301798397635,0.0021473825448773682,0.0037630889889015066,0.003475057598321437,0.004872216958504129,0.004184679960326179,0.0034836891621414963,0.002407985648460788,0.003054784707304012,0.006114619061746972,0.011259599215399294,0.0038375682124293068,0.002878252542963159,0.0034569839462868907,0.007090616682371304,0.0033808221360224137,0.0031340816965735327,0.0037475204066161586,0.003911669821879463,0.0034461260535112747,0.0030787480720655598,0.0014584416813640186,0.0035048311698088024,0.0032809267743409884,0.00863442139682273,0.0020034267839205092,0.0031142977076645314,0.008610633904808717,0.006938879318971328,0.0022668744854173807,0.003123228405891384,0.001882790285116026,0.0028171080995488306,0.004550565188374667,0.003598968976626651
3510,0.005621807176904971,0.004346323174430707,0.005939832044956263,0.007277079082742831,0.0054217239293851095,0.0049040069268569434,0.006771852002165451,0.0027842518775020295,0.003978820382101761,0.005920741837245085,0.0026834397877176642,0.00492022538717503,0.005603731321192371,0.002768204502662129,0.003724868783258762,0.00332995058881472,0.003035868537568175,0.003942749594502103,0.0020916796585447373,0.006386213787409813,0.0038363344476895675,0.0027377891275105807,0.009559956624806173,0.0032022358900693076,0.001135487083578926,0.00403857136739573,0.0059604346443444785,0.0023862555810260514,0.004398868264172122,0.0028570169786090267,0.008035835294330364,0.010868002805076618,0.013507849363972682,0.0024457836443751834,0.0025004069716295673,0.000776490459743297,0.0023351027585734986,0.0015057542564630264,0.0028931770707268504,0.0026151101820535002,0.0018730837897111207,0.0017048722651997153,0.0018122430182562221,0.004058397940777281,0.00332676485966172,0.005802575049778462,0.003322862520919839,0.0035720205175493805,0.0029104824932019093,0.00430603104200238,0.0032118135772107076,0.001894990276008002,0.002937188239522476,0.006704757677922706,0.007211692462530039,0.0016710493423895685,0.004411532785607382,0.003180913284023514,0.0028793142060809917,0.0028957346507619912,0.002870954490761825,0.005676721201077451,0.004259920897169866,0.004002578141413572,0.0031087070045248293,0.0036785652556364156,0.002882137950812312,0.002355789144239567,0.0021355517447889457,0.003925975765172922,0.0037923623554170817,0.004400960146978426,0.003321669425599213,0.0039055555355364075,0.0023242653840107484,0.0032686950152365562,0.005793907580873345,0.010155866008822633,0.00356245326536648,0.002930990760001261,0.003380919486370518,0.00884157757462365,0.0032994194134467227,0.0032731273839977063,0.003668444884737219,0.003968161235149734,0.0038620066164179964,0.00325991352785683,0.0014782085687874151,0.003933576615037702,0.0034044074415642478,0.008976081917460053,0.0021881175947879544,0.0033633849971799737,0.007676441644084699,0.007238661647229722,0.0022478046182640493,0.0032773526962008607,0.0018978515045346143,0.0028892633241014514,0.005948677813818476,0.004283052349103457
3511,0.005257696680214051,0.005049405813337644,0.004970434183812996,0.0064189406065636445,0.005231816145595665,0.0048845811580596485,0.006361118675400826,0.002564594803160997,0.004085515821922504,0.010075191795787116,0.0028384000723179377,0.00449837238843311,0.006352827523752224,0.0028281375073250705,0.003268157437130702,0.003408541372636231,0.0032201854221513937,0.00357257124525172,0.002226744587981039,0.0061448586731264725,0.0032752826095567536,0.002210199974248049,0.009500317053384747,0.0028895353280730053,0.0011624711712879263,0.0035025994192612827,0.004725732119245099,0.002008982707384746,0.004653968928737622,0.0026214949740670335,0.0074917861544330925,0.010989280791908914,0.013384350249185549,0.002532837994689525,0.003084132803819664,0.0007130685928336482,0.002989835552802542,0.001718177367413953,0.0027476237194192996,0.002512407042877253,0.002022340672610106,0.0022084953245434485,0.0016501662789057173,0.0038840755940415398,0.00330329895532682,0.005259858171325327,0.0027131601200975288,0.0036145215834469603,0.002920668433055604,0.004441558840947047,0.0035336559432399203,0.0015174059724906183,0.003029413417258356,0.00715265461941597,0.007152977272793484,0.0017654117854365556,0.004617344407271897,0.003044355413246314,0.0023729020248918755,0.002473309288705008,0.003737435017283707,0.005594789771247294,0.00518186192703907,0.004261580587431306,0.002968568124724012,0.005078095180274063,0.002830243574901257,0.002626572501030536,0.00187860538528704,0.0032929456015873258,0.003969680112943249,0.004598570945891057,0.00328686602631288,0.004538534854743915,0.002298064418065516,0.0032071518949993555,0.006577325664159138,0.011848652199021854,0.0032322832833225905,0.0029669906485154016,0.0034422137721561454,0.00812299743525098,0.003165171139562881,0.0028789899690867624,0.0033831819936342086,0.00332062753401428,0.0030212062339287837,0.003137457879677088,0.0015519940146616717,0.004392500115706054,0.003422634747029703,0.009063374089515434,0.002025899462608647,0.0028749299958520996,0.00839787595657395,0.007420677836588561,0.0022540114753454707,0.0037058088891018626,0.0021806019529441406,0.0030049303541355497,0.006370522718448547,0.004142921138923027
3512,0.005149652061736495,0.004274309668362742,0.004914175970926665,0.005503343795247246,0.0036261590871131976,0.007624880410067883,0.006590795907313138,0.0027300882504289006,0.0036610236310067345,0.0044762107408072805,0.0017942408234834398,0.0030759980351985727,0.005998427139748191,0.002626578223062607,0.0028324211408830686,0.0028583233339654415,0.003428947380838942,0.003497202056645807,0.002266126506972624,0.004970140398671497,0.003051721024017424,0.0022264615137071583,0.0080800091256454,0.0020401329333316655,0.0011870028262248328,0.002604630526694063,0.004377824840516034,0.0022952304914480486,0.004266499997900408,0.002598912610302883,0.008543966139704356,0.010576831668999951,0.01409085227248113,0.0022351529087174583,0.0029179650154642404,0.0008719911461477084,0.003600132758102414,0.002018712006490999,0.002347349598988803,0.0022978109414174656,0.0018844403363078403,0.002153272332788424,0.0018196925513310905,0.0038853227142437463,0.003152246907258609,0.005729304994322862,0.0027937414608437874,0.003076260614843264,0.0026448514107306987,0.003464034524756165,0.0023637378265054273,0.0016313550100552424,0.003160449637316901,0.007009023608943677,0.007245441779002484,0.0016775637343624465,0.004612532862348999,0.003207676434124118,0.003662054403240617,0.002526996677676935,0.003183457705754729,0.005399340652435962,0.005092657310668483,0.0037639409850584267,0.0033592760170182475,0.003817719010480204,0.002707269607104823,0.0026782703562089932,0.0018687458825197957,0.002793802970383334,0.006240482478221851,0.004289965901960587,0.0031537807990435246,0.004149912099238662,0.0021628000301495767,0.003148675323491474,0.005315533016851763,0.010546327750631398,0.003487610758226066,0.0027679680758525556,0.0033355103233308975,0.007650547873726346,0.003052570777589876,0.0030494871276919855,0.0033396748018621847,0.003903001140179156,0.0031713334404651133,0.0031002153072523745,0.0018958613241283544,0.003635405869571249,0.003434938912790918,0.00955000887524934,0.002079581945955804,0.0038107538435329896,0.009110739886001924,0.007137310108166163,0.002143286466014834,0.002898659986782672,0.0015711111758228925,0.003423188124243859,0.005861259473614981,0.0029282780646600263
3513,0.006193671309012601,0.004504897224712942,0.00497949371454939,0.005477907960061152,0.0046689591605611645,0.007009977878946358,0.005917933804268061,0.002863245476875969,0.0038520538234603514,0.005555690858533985,0.002282037511035203,0.004229846469978187,0.005283274982070547,0.0027950302874106534,0.0040808716026410575,0.0034207843671469292,0.003415225731681935,0.0032786793293661824,0.002394503125544126,0.006388342751832279,0.0031461983703744444,0.002638895394845151,0.009000560770991919,0.0028165613775638187,0.001224778650889878,0.003203855680230596,0.007677635765419308,0.002291870615848712,0.00407181489960796,0.002633808635149017,0.008047555961798781,0.010797796681859973,0.013402788362287501,0.0022566477224406703,0.0029930004162001425,0.0010216152909960515,0.003076177589084218,0.0019164173494869649,0.0024925972144520117,0.002831549887621236,0.0018982125352245372,0.0021497581659285074,0.0019349034045747769,0.00430821935358073,0.0032561545370685336,0.006920050439356368,0.002741926552423241,0.0032231009178347865,0.00269515511533006,0.0034088833311461822,0.003068641618565124,0.0015371805851846522,0.003406678534523709,0.00675259368925872,0.007274867816455427,0.001726132365379558,0.004485476519271743,0.003395148238705477,0.003743557836191075,0.0025374230246845812,0.003466344258428013,0.005439004830531004,0.004803125299722801,0.0038727595527287134,0.0032104846910014522,0.004144974599154528,0.0033725079563188824,0.0026197671498485076,0.0020595033267921926,0.0030059992303161876,0.006034764668598338,0.004383660829516888,0.0031865755003922876,0.003524985423202791,0.0022163973433265063,0.0030724695365940756,0.005547693162069387,0.010750934042525442,0.0034910446848368374,0.0029757214423668217,0.0033302886703005232,0.007901731740231264,0.0032318629111929282,0.0028594356304435706,0.0034248104014205894,0.0038622474677010707,0.0030219886886102905,0.00347759234344513,0.0019083567249366098,0.0038046395002431653,0.0035338379266602144,0.009474795785747194,0.0018288897312344471,0.0037035794497890543,0.008478203523897106,0.006927032028047438,0.0022698032074261166,0.0031534645041246794,0.0018570713844088468,0.003100478568317223,0.005976454691668246,0.004642883559645254
3514,0.005510177155711635,0.004440284194574312,0.004985886333395442,0.005143621414543156,0.005261504679323449,0.005395048300922196,0.006302931351104893,0.0027512266073795115,0.004042550055620962,0.005509146831641777,0.0025611340518489545,0.004848736502185402,0.005764218316490726,0.0029527430776118695,0.004203457114170773,0.002985413996130327,0.003297565959059045,0.003182482193788085,0.002325292535672685,0.005702468771617476,0.0038534376334296403,0.002525912740886806,0.00792602952701294,0.0031451216404148477,0.001274954161204273,0.003982464965920801,0.006544783887788601,0.0021757522194268734,0.004631613774334441,0.0026368345950748676,0.008050826499058271,0.01086622985754809,0.012701982372016907,0.00242991779038269,0.002823628094197404,0.0010556631164342779,0.0039036257090572964,0.0020172617364892804,0.002575031377604028,0.00259483303346175,0.002365812466312432,0.0020326182393795786,0.002038503554008261,0.004106000785512074,0.0034622243368121574,0.006887851546033109,0.0028255458833071254,0.0033513971924322393,0.002964578664505937,0.004496502429129207,0.0031717607942359847,0.001858139890965765,0.002615298645954908,0.007159327405405458,0.00767842934416853,0.0016018274275865787,0.0045018573125360515,0.0034307206140985792,0.0033148038791936214,0.002660116244044083,0.0032112877039948712,0.00551982712363325,0.004083159781402264,0.0038948077928862017,0.0032924508279051504,0.003964203809706783,0.002549735093232644,0.0025411402302025327,0.0021297367664375936,0.0038318551677256696,0.005676220990044036,0.003888259950459898,0.003228034079092955,0.0036923379665430916,0.0024977381843095934,0.0037650996158661945,0.005103134347482686,0.011744293912363497,0.003716593978115839,0.0032836585588992256,0.0036567264823901065,0.007667501199337516,0.003105997839689635,0.0031200235890607294,0.002717157036835564,0.004202307702803295,0.003047623601992878,0.003733524676511846,0.0023331573082022872,0.0036441834739298824,0.0037414957442108293,0.009542162074530944,0.0020184803730937985,0.0039519398268309325,0.007532716563673639,0.007372135740116049,0.0022270909033953873,0.003282641372251447,0.0017838331236643104,0.0033055287432842504,0.005785406638194716,0.004229645975153854
3515,0.005324834963662124,0.004068077738098863,0.004899490340519855,0.005121313551166355,0.00473703832659788,0.00437796114118926,0.005600953992969372,0.0024716251313597628,0.0033787132541493485,0.006016587117129378,0.0022865531492165967,0.003856023409013651,0.005224308239773272,0.0031074081722971144,0.0026204772771233624,0.0035760518955923336,0.0034939505970657263,0.0032577782108294453,0.002283056484259731,0.0053947420677366124,0.00350080581372063,0.0022446049648735637,0.0070478115439500935,0.0020591821479106448,0.0011362872728387125,0.004074517254676036,0.006386887682204739,0.0019515754761181472,0.004630898855782471,0.002491437714026618,0.008762379046948567,0.010562017022033205,0.013547052829957985,0.002281544651987884,0.002743988192991762,0.0007294775087908551,0.002109783326919332,0.0018116008840164772,0.002000164778272603,0.0022664879252633683,0.00200066345877042,0.002110723413795524,0.0019426837896510288,0.0037426897216031305,0.003049359235553779,0.006136111984228762,0.002759953209717375,0.003331352548449563,0.0029741286418085476,0.003389262603533522,0.0031115404204866185,0.0015400116637060402,0.0030237214198619556,0.007120875666590735,0.007614885406276331,0.001727117071083378,0.004488761121271715,0.0030064489649808276,0.00287547258916785,0.002838227867659929,0.002691087208651683,0.005701337363069056,0.004348871097416418,0.003904090578930231,0.0031315121084742664,0.004050830100179717,0.0023764963961792427,0.0024619991080950675,0.0021113488643237075,0.002707083340532766,0.003552447850786173,0.004519337276531851,0.0030211775973366575,0.0035122000965545877,0.0023173934762685962,0.0031728335957548117,0.004497808953114183,0.011193908264783873,0.003754214137504952,0.0028009388556889713,0.0032318417277219847,0.005318758612029799,0.0031509029504425182,0.003063025561606299,0.0024849653313687263,0.003862794913721717,0.0028867547213827015,0.003698689089033049,0.0014099372530964195,0.004273576276076882,0.0032187318493033723,0.009428039229140373,0.0019229814927742132,0.004166720642911756,0.008299895854072889,0.007019223735452234,0.002180837755611835,0.0023393026801010537,0.0016522413259520783,0.0033187074662624095,0.005537692549026547,0.0025800174319172958
3516,0.0055937820972145865,0.004029041505141688,0.004847485402327727,0.005443901524280334,0.004052561399626361,0.004516855769503965,0.00565779849756258,0.002741642446631943,0.0028879505401816093,0.004550549801150578,0.0022555463938929285,0.004419293172827117,0.005259737016819579,0.0025662832046760464,0.004096448253890187,0.00323975852822504,0.0033966468842217138,0.0035393659270456642,0.0024733973880692074,0.005322918454166613,0.003309864330955713,0.0025959199867739966,0.010869402365020238,0.003866032870643943,0.0012802695859773212,0.0037280024092591797,0.005747623355863597,0.0020177161875961185,0.004561824050247225,0.0028676422639683356,0.00842017714459714,0.01094244437487309,0.014402257730475765,0.0020629276874249195,0.002761956473497747,0.00071263636537312,0.00202608434769006,0.0017936190168277842,0.0020285568506448566,0.002527325725137133,0.0022559921109698024,0.0018037826279115425,0.0020922128099776175,0.004910462132962833,0.0034242268806205117,0.006122067952409482,0.003949992003133144,0.003620150660717417,0.0031171850609341555,0.0038563564080112338,0.0030426484207205654,0.0018417824415273203,0.003491777150495707,0.006926603545699485,0.007822242697204008,0.0017449593654197287,0.004275888598342343,0.0034612084649103016,0.0034115245077461485,0.0025278382683996347,0.0035174834684457753,0.005420182474297271,0.004916159310688957,0.004136199061475762,0.0039455945339360145,0.003941243788057457,0.0025683322752914246,0.0023796159601538547,0.0020469062542185475,0.002823253341974888,0.003746358178614553,0.004610369439486197,0.003005422126860392,0.0032593430316789243,0.0021846848268687663,0.003708684709712466,0.005942878586915316,0.011341569845794704,0.0034551526212378567,0.0030539025265470246,0.0032622404929263126,0.005013453666486254,0.003017468279066729,0.0032359546451196835,0.0026397642742130834,0.004008988653814116,0.0028687376661862777,0.003798012674521424,0.0015605682638585177,0.003613891856363542,0.0036627259810259306,0.009037551439962228,0.0024896192041952083,0.003614581257292756,0.00797078563774093,0.00710062903479565,0.0022856535883001385,0.00288421542180758,0.0016721288429450726,0.003384773781108176,0.005655118474715853,0.0045071774290391005
3517,0.005678997746523392,0.0038808169191602757,0.005065679906146978,0.005174052104886686,0.004165623999041437,0.004555283995055897,0.006752620108555529,0.0028046777596438003,0.002928453093313644,0.005411762252365483,0.0019211960293037465,0.004627546615837498,0.005246121161370136,0.0025343262806198307,0.0037621769701689685,0.0023139497698541163,0.003438920349115471,0.0036441265318843496,0.0022855651771590043,0.004369774492822949,0.002730359309217522,0.0024164649216918835,0.010822055935859583,0.003154055758317611,0.0011422457272409505,0.0038414212723867553,0.007078152267280022,0.00185532698155711,0.00486462664580757,0.0028047096567751636,0.00810961304096588,0.010965537300439778,0.012716907964777173,0.0020296957138450813,0.0027820854329519123,0.0007708324388657472,0.002274503407739569,0.001870796263955781,0.0021547017290014596,0.0023898035556179672,0.002077726616538697,0.0016971766396662597,0.0019077330188350694,0.0035823899386368697,0.0031319780565868586,0.006333064308005033,0.0033646709690558036,0.0035862473705884964,0.002948603862851538,0.0036303823474802123,0.002522300999965505,0.0016570626687498883,0.0031637424318083215,0.007254893594070791,0.0076004441185198775,0.0018477712639832558,0.004967833833542244,0.003912465863029309,0.0028484411799452295,0.0026488353554770887,0.003232393600220531,0.005448212267097933,0.003446027691759523,0.004574111192894172,0.0033429545816898846,0.00395828897897086,0.0022363869564568086,0.0023616055419045335,0.002150054450396988,0.0033282334126223806,0.0038852756532543366,0.004099308743613838,0.002857022011359507,0.0032036852182050672,0.0023732857834120975,0.0030283027178819315,0.004822899169113058,0.011843788399942606,0.0033840295741875506,0.0029574325898826834,0.0028858935127180603,0.00504519595571926,0.0030997264289131395,0.003116098705030814,0.0026680856474642725,0.004066630539949519,0.0028074454872820155,0.0036323254470088974,0.0014312738313799257,0.0033921389704218816,0.00351856808626595,0.009701429837579288,0.001848339636342511,0.004225507620400303,0.008133111502372888,0.00725659401054033,0.002251263935921639,0.0028144561199547596,0.0017915498811339155,0.004291685769936567,0.005698674023855091,0.006436521625380523
3518,0.005829321850022063,0.003281392476633358,0.004765407946884552,0.005135122866267164,0.003056936678453771,0.004129517644884667,0.005565330404765218,0.0027324239188836518,0.0025713673772079825,0.004693716773614017,0.0021784562949951737,0.003981796981660022,0.005624564372623794,0.0023150152136379755,0.0025876676349545842,0.003606260596713243,0.003381237828099183,0.0031073271640057252,0.0023279297497656418,0.004473778728044773,0.002668768851754819,0.0023276337300574294,0.00999700712622108,0.0024053391461619526,0.0011797342151391157,0.00312827158744351,0.0071942190740990975,0.0018516583676451248,0.004547560459493297,0.002714962301129825,0.00796770279165084,0.010540656876111526,0.01317920291419985,0.0018811853344731415,0.003120847382660282,0.0007153140195655318,0.0019081253714394923,0.0019065240493652783,0.002126267990880219,0.0023908386436168514,0.0021711755852177332,0.0018911632761590585,0.002119699188929262,0.003459401774526571,0.00301512263525578,0.005931846608560298,0.002606604526419194,0.003340506360900654,0.002862393044803415,0.0033989641085750053,0.002382497748591022,0.001590733878757995,0.002895675796380527,0.007114915102926653,0.007726545175151616,0.0019189197222272939,0.004283916669677754,0.0033089339848200983,0.00254632753550003,0.002795828854562041,0.0028732592580052872,0.0053379036192509255,0.004674465834354784,0.005444927062933604,0.002844362581841966,0.003922770696735815,0.0025217696233808214,0.0021997415465494904,0.001965237907951421,0.0025781955442966513,0.0038279804916730316,0.004898530071741414,0.002709968525421327,0.003405011367845034,0.0023621506833153855,0.003253073804626735,0.005443520834927562,0.010975712632415919,0.0035020592835499293,0.002840271699794305,0.003745527622638161,0.0063298549331958585,0.0029427191296700806,0.0031484770553881964,0.002439741636110316,0.0038742434187638715,0.002985335584074447,0.0035158721651474887,0.0017705849846732491,0.003754753546466079,0.003031737741698144,0.008973264204721925,0.0018886103469994886,0.003526362332517205,0.00882039039234809,0.007029763452469732,0.0022340517521867334,0.0025934543032019182,0.001628627281199647,0.0026867779968163972,0.0057195568559419065,0.0035195305799789393
3519,0.0046893792947312754,0.0038116743730171937,0.00505333245272104,0.005905000456002315,0.0032541834439415197,0.0041582292877630385,0.005793187290062452,0.00274668808317982,0.002675229148919578,0.00511227036745115,0.0017961468955030148,0.0030427724864995833,0.0059854705333140246,0.0019704910922463906,0.0031317002178825252,0.0034455809888399662,0.0035476521953286605,0.0034591015946258724,0.0024232479605496736,0.004119017013342401,0.0033204597335747344,0.0019403470819323045,0.0067894778109901695,0.001953997287450254,0.0010537170625808257,0.0025701088000762012,0.003976859039437965,0.0021881923356392046,0.005687652900872299,0.002649798787589727,0.007703577350077249,0.010916559538939422,0.012915463478692775,0.0018326207761463738,0.002989635247950534,0.0007380072457883706,0.001992547452189341,0.0020288511438892446,0.002737356333003381,0.0021698774835423665,0.0022233212208492325,0.0020421630219684284,0.0020611784325560716,0.004583606065501552,0.0030091908302545462,0.005152757343359504,0.002727422357998598,0.0036568486935121456,0.0031383204925924664,0.003911925387126516,0.0036877392794736484,0.0015438628211827993,0.00228389387816775,0.007158115603207729,0.00964162774431597,0.0019692763591407244,0.005030618889497462,0.0028944886279046347,0.002855693021573655,0.002499067843082733,0.00474837920038792,0.005328762778624459,0.0037086901279816337,0.00611372081658173,0.0026605783477097193,0.004490302337442173,0.0026339033392509628,0.002753574975724531,0.0020791401536191636,0.002915045438764766,0.003908140905161249,0.005489232327513988,0.0034958377380634497,0.003503900524132023,0.0020416083978649717,0.003702606211718061,0.005492790811545717,0.0135374151943797,0.0037211688821297308,0.0026920728010431626,0.00318854698781304,0.004466996060776736,0.003087105555225388,0.003073527417910789,0.0025395160126284065,0.003962701587209709,0.002669153935829742,0.0028200979344026266,0.0014160824980991942,0.003746930871633342,0.0026918079679380505,0.00951971273225065,0.002424861624173833,0.0034327496896220952,0.008839489466037753,0.00741010594654934,0.0022234490567860595,0.002754063658711922,0.0017848533939122603,0.0032875160116308134,0.005736684492813112,0.002778382946531144
3520,0.00516067349118003,0.0037053708194951436,0.004982928664888285,0.005547888432119156,0.0030462459020391343,0.004234493318760066,0.0051778365593044134,0.002801648261384058,0.0033260919491392366,0.005272094539714774,0.0017221098397248505,0.0027660033013145297,0.005918709695456334,0.0020782023685034625,0.0037341882579436255,0.003501415650272872,0.0036920636421568912,0.003347038763368095,0.002547546771408697,0.004122652921914406,0.0038198287609284816,0.0016809030750414582,0.006169442570239507,0.0022742185529822114,0.0010708841717824273,0.0026241382721908665,0.004254376398267085,0.0021582197750074994,0.004659345271290392,0.002855290733700475,0.007866658336146082,0.011077837009123374,0.01266145556731511,0.0018265934384259783,0.0030645974452312413,0.0007649365935657261,0.0017568643598413435,0.0020568613323642547,0.0022197972784323192,0.0022406618246304444,0.0023246653195472156,0.001853192619225713,0.0020678147921119757,0.004399115274600827,0.002826102989803603,0.0048558373179009955,0.002631090417206107,0.003606372648456831,0.0030479113128784067,0.0038877905581800446,0.003461840001509473,0.0016730402180465142,0.002329676447773226,0.007123330685057895,0.009613291636727667,0.001903966416174594,0.00480256709849184,0.0026354472254488358,0.0032522972792431255,0.002509706546920218,0.004154745874657517,0.005317335487261121,0.004296619295077047,0.005998036532540749,0.00316464039723431,0.005322584685061139,0.002615998084900176,0.002678732864865386,0.0022247473680301034,0.0033556692757907105,0.004517598390198683,0.004560688192451978,0.003566523234556556,0.003307573713224535,0.0025252748565368632,0.0033591022130151555,0.005901181823597118,0.012692360646720165,0.0035572914697846454,0.002813922149919553,0.003208282122642917,0.004756280420117426,0.002968210684441129,0.0029483956930658937,0.002532081847645356,0.004204797186091097,0.002553660642568447,0.003170988849853774,0.0010188450577488554,0.003775751693724518,0.0030749811097684266,0.009389059047944102,0.0020881134410027707,0.0027166844001056557,0.008555960278827053,0.007191940926897974,0.002249910197088661,0.0030606816943198637,0.0017267174395754004,0.003077800435048343,0.005918161444302441,0.0026379280014971695
3521,0.004373151871006544,0.003932766123537937,0.005377058631901559,0.006126123777676351,0.002944154951061234,0.004801632176175683,0.005374378633628713,0.0025196714488918523,0.0026643043758730603,0.0045618729451432135,0.00198964004736385,0.002995043460427603,0.005964292512335884,0.0023329407468062734,0.004027300845360617,0.004173572562662441,0.003811214186252344,0.0036375275119302644,0.0023016198420366665,0.005051557813524094,0.003735468746460333,0.001889186313299708,0.006678224823465054,0.0021602042903447203,0.0011592872456564146,0.002783707664722174,0.003859548080668023,0.002192540324134455,0.005002951635037778,0.0029629681252689526,0.008111819271616758,0.010810898843036553,0.013550520450635567,0.0018905122192512272,0.00421932133768207,0.0008250676783755287,0.002363065375343368,0.0022609843388006826,0.0024218941699321282,0.0030819840188262043,0.0024498084483247635,0.002281687004330545,0.0019015830909112903,0.004613233014064888,0.0029856429784190478,0.00489420698432996,0.003047824872405534,0.003226328066648329,0.003244419355228677,0.0035319896452471436,0.00346718863096653,0.0022684446380715267,0.0022009004742469863,0.007247761049658646,0.0090064541804063,0.0018506242148033597,0.004863631872019311,0.002671891480519926,0.003087941071358886,0.0025542918815931854,0.003590780957510285,0.005320756774123934,0.004710174594568031,0.004656242750035447,0.0027184895545865374,0.005977316204230531,0.0025193938645644513,0.002627807883777783,0.0022160417615094594,0.0028660765239808456,0.0037950907744255732,0.005026606191710313,0.0045053501326996585,0.0032488414645749225,0.0024319887867805118,0.004216621161633079,0.005614743457162747,0.012504838046293189,0.0037660646522225073,0.003407917730859375,0.003575472988001928,0.005209346556586903,0.0029393973377406686,0.003057130506396219,0.0025446214388860095,0.0042612600907534475,0.0031489926715592416,0.003367864819962426,0.001201675771304462,0.004760388017643929,0.002661437859347235,0.010015595079556225,0.0022704801953877694,0.004094137456289203,0.008203347094164534,0.007327244075986876,0.002168507044396332,0.003278176428436554,0.0019318536510108933,0.002595416977585247,0.005732603958563011,0.003590664408563746
3522,0.004630815793271916,0.004029382192833679,0.005240185565466571,0.005723172176358121,0.003261388311610586,0.004922666681756118,0.005329924995785484,0.002533565984103647,0.00285483232110452,0.004555469852976804,0.001902674041910528,0.0027253651804902356,0.005987841975507705,0.0024040466258779987,0.0040574193422646026,0.003329116525516753,0.0038309109853906266,0.004015148683931896,0.002431597607711406,0.005038760472912894,0.003486229491967067,0.001782787080853103,0.00625577386800455,0.002238747741748103,0.001205394589911464,0.0032660467523030327,0.004256958867782235,0.0023573664602094648,0.004956891926442155,0.0028419186538007446,0.008232519087870933,0.011204088142195213,0.014148559662322282,0.001826170730479524,0.0031881003187573488,0.000749084971982128,0.0026229248118129025,0.0020868466475030597,0.002493968702126798,0.0037259319827211697,0.002308373982792062,0.002316947917131432,0.001985562137684046,0.003884179377747519,0.0036666947909368593,0.004926639594669182,0.0035278823304188815,0.0030829066830490564,0.002794462816762119,0.0037400816244605125,0.003926750061108052,0.0016657926096555603,0.002140503018729762,0.00702591263592821,0.009151459923155053,0.002017267968059234,0.005197874083161064,0.003124989245786503,0.003865973644649241,0.002573302518830376,0.003511867134084241,0.005367798987367396,0.003825666328408459,0.004290326704427444,0.0029276221502091255,0.0044353190669499205,0.002526073187078625,0.0024584694107924114,0.0020543064948890604,0.0028416399148396073,0.0043767430428851145,0.004931570808396475,0.0040968699910833755,0.0037148741910341377,0.0023301889743176625,0.003380110994619864,0.00481562403883894,0.012683638331741754,0.003594442206278856,0.003033786596165848,0.004025914334656193,0.004734082071805127,0.003037376042657428,0.002757680727518651,0.002599570986054258,0.004312964259482031,0.0032005663840871533,0.003487453511473575,0.0018241476565268597,0.004547613838427748,0.0030803926312371627,0.009829923497882665,0.002128326717201441,0.003841754592002427,0.00834960967541277,0.007324783115282922,0.0024204089754676934,0.0032404999908207384,0.002157208752502545,0.0033048098224571425,0.0057355299587778874,0.0038872556885230676
3523,0.004593238765511864,0.004219162541284411,0.00522377842714946,0.0066235551436015574,0.0035050468882744023,0.0044081126847527845,0.005421620766894924,0.0029858975732578934,0.0026996654796946668,0.004127463556843662,0.002261716502610668,0.0023963020470973194,0.0060919164672766455,0.002470223125243933,0.004440058913714646,0.00358346780529745,0.0033201747324395014,0.004331205191968616,0.0024970801946438284,0.004194804088047071,0.0031012379414552265,0.0017527763313237284,0.006507373737733838,0.0024849152487881887,0.0013649892367295126,0.0032332993975062252,0.0040393910346799905,0.0022285032086609116,0.004956324173239318,0.002836705514598467,0.007807875105833556,0.010954820980281534,0.013639481003112032,0.0016976010254291284,0.003040243375286072,0.000738756383954041,0.0022868574525058212,0.002100492064829561,0.002267997569619745,0.0037502760933993944,0.002230856447055047,0.002366757769845858,0.002486650841549235,0.0040668279631856635,0.003289745095650587,0.004688381630305722,0.00340299750343801,0.003252326911354138,0.0029570258305280607,0.0037584654051716166,0.0034736207431386745,0.0015165655171393213,0.0025098252644301607,0.007096203216022491,0.00894089250252237,0.001814188186711329,0.004911603029915876,0.002933757294220171,0.003464022917490046,0.002908206458631135,0.0046112725754355426,0.005420495248860372,0.006069410629322683,0.004545031383236031,0.003028213813026793,0.004203025964012058,0.002936172311963726,0.0025697616601413216,0.0022466185771523295,0.002999949467567845,0.004623368903101992,0.004803578145119842,0.004074136263757511,0.003772647809465622,0.002326748234924274,0.003432251096944944,0.0055810102366212425,0.012273626469876609,0.0034623235949587266,0.0021297132033501454,0.0035853540283666565,0.004838140541252004,0.0029301001571464527,0.002834594168018112,0.0026284697662965766,0.004292342511475842,0.0029480645646674866,0.002916923487077914,0.0017763567069113758,0.0046843513112525435,0.002942231563623328,0.01000884953392543,0.0023193477530226475,0.003971417532530424,0.008955730064362132,0.007203562927714019,0.002228744120972606,0.003037213860261506,0.0021843739255952657,0.0031158467320884175,0.005583861113245486,0.004110351917006296
3524,0.005115330608176959,0.004679542876137741,0.005192760888268591,0.004679940542565601,0.003633543214339187,0.004582906493876656,0.005567160873977138,0.0028824150768717166,0.0030192713409125933,0.0045878185117642105,0.0026057131503903373,0.0035813135403922262,0.005480190665130118,0.002505102011904055,0.004333927358793896,0.0035830055774255746,0.0034228558192231306,0.003928266796505261,0.002427294801948759,0.005716973152676125,0.0034278428894599,0.0025142137133781785,0.005772111806148902,0.0022963089165730765,0.0012190954668848733,0.0037670891953701657,0.004603304044519262,0.0020824220320499903,0.004897691196869756,0.002704480921090431,0.008311265847877414,0.010779563999778856,0.013488342228396361,0.0018681481902638247,0.0028374011765683314,0.0008020838826731859,0.002729230975320224,0.0020128262012651717,0.002374355124971708,0.0024231681450220407,0.002327830963222786,0.0022725934601576596,0.0020823172552684377,0.0041092904218508084,0.0033207147507916426,0.005912315020974168,0.003297169261786858,0.0030936877535581017,0.0034096927611031386,0.0037247056723655014,0.003346738381537915,0.0017195239262934319,0.0025158180747835027,0.007041560410818426,0.009760452395691165,0.0019394603715536284,0.005759569195387073,0.0032078923495824103,0.00337304485090127,0.0026721698067404443,0.003417582135620918,0.005485554086488313,0.00477617770525121,0.004830111225457945,0.0034622524738037556,0.004981274529922505,0.0037636529466083713,0.0026947893323334025,0.0022406655847047076,0.004248784054315919,0.005179871809913443,0.004393326191467,0.003389277403510938,0.004540413912077834,0.002224546385513398,0.003283530052615398,0.005578482426975667,0.013608990930056629,0.003847882017029551,0.002951198274943467,0.004065628820516578,0.005990402121413792,0.0030497666617720306,0.0028512963269524795,0.002625472109672758,0.004074627309116637,0.0031516174698493038,0.003015461048217403,0.0016394242692249848,0.004430789633746094,0.0032711467103694446,0.009528253105024257,0.002462680705443398,0.0037435624747415943,0.008597661974458397,0.00728377224174556,0.002659676764506468,0.002813276264831084,0.00206367662099307,0.003305098697947973,0.00572928182449391,0.0039775654433902375
3525,0.004776758840894575,0.00455763465555831,0.005208053804126192,0.005166196099414872,0.0034040130997674994,0.004424341458829086,0.0055591774880471186,0.003014123635191614,0.0032655997717944483,0.004126221924862717,0.0019489905096907664,0.002640278722170784,0.00558567835144384,0.0026119567141178676,0.004067061295434857,0.003317055584932816,0.0035362631231692972,0.0038584370299232745,0.0018047774833963007,0.0046249529864930495,0.002672908991943785,0.002497097051078351,0.007168983380609195,0.0020697624886809487,0.0011869657061004118,0.003591748767890052,0.0047900202971483535,0.002093521930360748,0.0046599763945065695,0.0030790053751448125,0.00769837200132231,0.011035088540434243,0.013235124406633273,0.0018146911354632994,0.002289573149480766,0.0008235724142568978,0.002475660637852021,0.0018935453540966532,0.002129273912119159,0.002442502975432548,0.002137121393293308,0.002071644125295663,0.0018401664145633893,0.003933908268643058,0.0032508654889219103,0.00482724942197291,0.002705263088122938,0.0029687795391454635,0.0031017134621843267,0.004774487069589766,0.0032472043860675807,0.001729375133282854,0.0026529119789853004,0.006903274294430892,0.00961978425760159,0.0018464592924395395,0.005030776781204336,0.0032431184576924483,0.0028271396227758433,0.003009126775495275,0.0031823459769679506,0.005464084209527788,0.004324458004242764,0.004327982835746388,0.0034839688827844953,0.005412358146112539,0.0024012762523759933,0.0025615757258985908,0.002112265099571161,0.0033029876500118753,0.005337489293470665,0.0038051658447367134,0.0033177999819562105,0.004091985430902735,0.0022490932813481125,0.0031991989116245388,0.005564601380723387,0.013239890174169029,0.0037196237567439397,0.0026105888531366217,0.0033801877967151403,0.005598925395759227,0.0031468470323814546,0.0030368686718955334,0.002623652448549589,0.004089135799444226,0.003238795150456038,0.0028803783552028505,0.0019353552361379759,0.004609283108612496,0.003485415484358933,0.009671839632731397,0.0022448045232075055,0.0032512566850950945,0.00830645805651873,0.007513684964874478,0.002517259849608048,0.0028849184613732376,0.001974246295185405,0.002466295998305942,0.005624319122249311,0.0029963601248124065
3526,0.005012187595713875,0.004228750337342514,0.00522193129816178,0.005637035944559795,0.003235281707777019,0.004395786146775373,0.006029434096276557,0.002770986195992265,0.0033555995834586632,0.004615850753508109,0.00212027495903166,0.0027435639486050882,0.006174012649043728,0.002212655720025506,0.004598936129380762,0.0036690548739781144,0.0033610512764491677,0.0037542355330510693,0.002188933090349386,0.004670531473449465,0.0034598741260813723,0.0023834572999053122,0.007367245659841178,0.002324407942349365,0.0012123027173157493,0.0035209005266758557,0.0046647055511010345,0.0021411366076941993,0.004779440319006127,0.0028004419725039427,0.008652517227341644,0.010697669077356956,0.013343910627991189,0.0017258948554640082,0.002468735651954817,0.0007709605204707516,0.0025668264286660665,0.0020621076841347633,0.0020946835348695935,0.002598388200798617,0.00225025512087421,0.002253224847631511,0.002012197381289783,0.004134577037920054,0.003622788250564129,0.0033596322276660965,0.0030849850720849445,0.003285954162919495,0.0033520303083039234,0.003677572605488878,0.0035898067770240936,0.001865174719305985,0.0023398888983182983,0.007293096918232273,0.009592638901914466,0.0018547241348348482,0.0049859947776466984,0.003030930358180601,0.003144888930000738,0.0026115009582886855,0.0032980286322327294,0.0055412627566743195,0.004427131499214432,0.004394129323702078,0.002677757723555694,0.004197162666000722,0.0023059008308132815,0.002258173914885771,0.0021387230969249437,0.00402973317860435,0.0054620733993913555,0.0036134660650366463,0.00336756621058919,0.0035660461974056376,0.0023793739033251687,0.0035858614154759653,0.0060152746011287415,0.014138564083136598,0.003797850551540468,0.0031929658318380124,0.0035292364882232867,0.004858418337089452,0.0031766762348001865,0.0033891653794385747,0.002635048183381554,0.004115394552367954,0.003159902394536203,0.002918245107346255,0.0015110549961758336,0.003999549934989784,0.002966785987807913,0.009622832759616555,0.002103717274589669,0.0035630489052159943,0.010032468930142546,0.007319622686912373,0.0022869156822822676,0.003158669807413528,0.0018250265884647797,0.003072069887378286,0.005618957929403853,0.003976077795859982
3527,0.005184642040744484,0.004452440942250356,0.005242088265434163,0.0057072630905082205,0.0039223038710915195,0.004377203552816043,0.005740460637343963,0.002942595689718267,0.0029174876370947614,0.004750244621437731,0.002242148439147756,0.0025363435256635643,0.0060895038071212895,0.0023378996565011434,0.005079599211536443,0.0031099216986784648,0.0030875142372630508,0.0036404562462766473,0.0018756387102310513,0.003960664169479853,0.0036349814444597383,0.002469577411525192,0.006897594422569388,0.0026848054676835535,0.0011755961946948441,0.003323990866678677,0.004772575315527953,0.0019839444956718474,0.004780076869656881,0.0030136926819247984,0.008168483652802889,0.010953020160878586,0.013054614294325551,0.001882838290797985,0.0025743126345160986,0.0008065397558093434,0.002664406538286881,0.0020163290877482907,0.0020862741029189194,0.0025715702413688013,0.00230340186446383,0.0022713746582283686,0.002102411736916728,0.004086842950202631,0.002812965523084973,0.005012323192972983,0.0033472978943411076,0.003395267789205531,0.0030486896314827995,0.003695945816740951,0.0028109016625346424,0.0016903877703678173,0.002858766756325563,0.007236428741383106,0.009970258977505208,0.0017378375609623845,0.0051692634988090794,0.0027784139402988223,0.002770716952056768,0.0026660600300416498,0.0032395510939360037,0.005438813426007549,0.004318645556136591,0.0047076090827245405,0.002808945211094963,0.004089333041804278,0.002473404372379297,0.002546404958523392,0.0021713216794717327,0.003293635956354409,0.005254520752658359,0.004291461956692109,0.0032627831902745457,0.0029463288401562686,0.0024137179725337472,0.0032985496896874643,0.005189638900496984,0.01379263435263557,0.0037919839146824054,0.0022923277405352744,0.0032086987517592883,0.004387765642317076,0.002861546628486047,0.0032761235299955875,0.002805898457712336,0.004094914259196688,0.002434546993451481,0.003113610832697662,0.0016031556847050823,0.0037611886646644623,0.0030711173217998025,0.010371540292859385,0.0021403678163652755,0.002788959938924342,0.008292613809084748,0.007271804682817905,0.002281904153849002,0.0030687658216850557,0.002009013474482992,0.0029740692137565083,0.005656097651681351,0.0035053745298214713
3528,0.0059476728412727635,0.004731887766939453,0.005339351608827591,0.004730943659061977,0.0031886234922177425,0.0046356690968280085,0.005603764818248585,0.0032894431864869305,0.0031501948582427293,0.004620323389391265,0.002342519563206347,0.0024400990884056793,0.0052026864778681,0.0027918976599391643,0.0037060659673590784,0.0034953396058759597,0.003486193014038789,0.004047664165373053,0.0019971302718410967,0.0044205395612993865,0.004307692621691417,0.0023005952011288786,0.006287699631466267,0.0023970739256068186,0.0011840277095103745,0.00343094755423085,0.0051781463573819545,0.002077681653193942,0.004930686544603475,0.002975675243954383,0.007956212393594377,0.010885978158291391,0.0139234033679876,0.0023738312612697626,0.0023037442717739305,0.0007010629766022353,0.0023133657076613067,0.00204523072532826,0.0024569181149577115,0.0026824283926233793,0.002325616080125263,0.002139946815964644,0.002112223164622127,0.0035731259184918233,0.003343329208742967,0.006580246299871153,0.0029637281094731125,0.003459798733449676,0.003404348736525018,0.004803106834707826,0.0035017028487679494,0.00202104173753513,0.0027611066374225116,0.006794248744202358,0.009866381215869191,0.0018323501286412781,0.005852690633910152,0.0029628424018687573,0.0031555918447590857,0.0027537057681227047,0.0038155733605115994,0.0073773698902350505,0.004342448951872584,0.005067491988520987,0.0029050142431737273,0.0038741504406198946,0.0034603902883110662,0.0033733462867841036,0.00232889757757002,0.003386680803873099,0.0046446987878789835,0.004469509164711087,0.0033611968137186596,0.003681924733283496,0.0025260447620275993,0.0035788410818729083,0.0057433009911713176,0.013499006671179368,0.0037938130720353526,0.0024892248569226023,0.0036486475273830436,0.005091417861510891,0.002975497534224296,0.0028855747797414937,0.0034414029068465055,0.004080290524862695,0.0033754446435516738,0.0032681079899999138,0.0017946012139832333,0.00377354218064107,0.0034626259167831737,0.009558067518169193,0.002167853720824088,0.0035397761806746616,0.008329494433497717,0.007150887525500469,0.002398188024553353,0.0030190463082419615,0.001950544136680496,0.0035320807557503264,0.005682217319740517,0.004110433890533056
3529,0.005479952605084461,0.0042447913417478,0.005097395621905482,0.0071399114700023344,0.0031069143321268504,0.005359671602698007,0.006816746462510198,0.0035778813690316357,0.0033377994687505213,0.004813528526072508,0.0021829170616736145,0.003504486394039005,0.0049899351240648895,0.002871466950425391,0.0031123343969911383,0.0036164076917162657,0.003181841901847631,0.0036799683484240505,0.0019688079085186582,0.006165171195283004,0.0034167136605551722,0.002770416893370006,0.007488902010429891,0.0022951021796504285,0.0012678051970055977,0.0033979115397288684,0.0072356859525728595,0.002300749478309096,0.004394926653982724,0.0033317528771469192,0.008294872777831162,0.012064000342540616,0.014814556024940539,0.002187701640350882,0.002444800822362012,0.0006621368825633074,0.002138386630406042,0.001851364942536409,0.002590366238606744,0.002418876060610156,0.002403692298224277,0.001700579774848533,0.002115794211972465,0.0037176588420040645,0.0038512894285475108,0.007398809265130769,0.003565984841520737,0.003163520644635925,0.0030677324290599556,0.0034837380497743,0.0029524298383531624,0.0018551195342673397,0.002571208180047379,0.007084435259773538,0.009929793374273705,0.001865412555975365,0.005515915564764175,0.0029332773579294276,0.002796738805323944,0.002539494127314834,0.0034551276919339013,0.005229880918231077,0.004435783529051075,0.004076368100976518,0.004195657947359202,0.004476075141127233,0.004081250767654159,0.0031509613679379807,0.002724047372950667,0.0038120000324107866,0.003902014313805141,0.005134351502028295,0.003374852534865602,0.004407568359509907,0.002257455611916265,0.002875144533947091,0.005356210962151926,0.013735904399807314,0.003873749897133812,0.0028675063285524987,0.003963869085568575,0.005592471454038383,0.0031050573942347517,0.0032825885926960293,0.0025987869225190595,0.003601286428216423,0.003794870342566485,0.0032960314638262374,0.0017671539526967867,0.0038754659115394926,0.0037150352659076724,0.008987275083745184,0.002682860154338052,0.0036802786574336925,0.008175277613931806,0.007445023084453416,0.002051869618424984,0.003063530294584012,0.00191227737410277,0.003034224309619225,0.004627976440594413,0.00393644842659243
3530,0.011073130764987631,0.004382806026948009,0.0052242716570413215,0.006890671924750622,0.0032447175452278093,0.005555541726379244,0.007414299692555882,0.004118136312466673,0.0031689629950656635,0.005002287404231939,0.0025530319158452316,0.003657173572251468,0.005528196759906047,0.0032216819527454365,0.003906484931321139,0.003992840470337972,0.0037230664621255797,0.0039649617900759555,0.0027700807387584024,0.0062090486205964475,0.0038065229763101587,0.006005217553771302,0.007664635659458779,0.00431783159117723,0.0013325960626137472,0.0035598139279002412,0.006646820566558612,0.002418692554676697,0.004651841436288385,0.0027593440672001633,0.01038068893602139,0.010838581230962933,0.013664492173868044,0.0022054705388646124,0.002878109355123103,0.0013698104753548377,0.0026105343699828827,0.0015765662055588347,0.0028235418545876734,0.0032143460406640957,0.0023035893007149004,0.0011302313768414938,0.002162489302340262,0.005096721646449102,0.003476160697435778,0.00889839516742011,0.003281390898663638,0.003298258852772855,0.0035690218666209602,0.004014840421675143,0.002906528701605511,0.0015487196685066093,0.0030887307250198246,0.0069020427018466005,0.007754441255897078,0.0020314484769345803,0.005775985232516274,0.002861934341119831,0.002999490550638136,0.0026398216034171453,0.002806180219866068,0.0056080682966720054,0.004788202003132739,0.004841835505497004,0.004052160016407515,0.004306553180662102,0.0030578191672085164,0.0027234522382730266,0.0022201270066243505,0.0038775223784626115,0.004025022433493258,0.00397082744113319,0.0033045066926527863,0.0041140355424631415,0.0024024496358272768,0.0031645047805836804,0.00538352315722374,0.012804145149190855,0.0042437746055583635,0.0027907556390468456,0.003584187332339943,0.006052498883423195,0.003301853674100361,0.003511298622202821,0.002701858456216285,0.005003063316340261,0.0032016952383398575,0.0032953580159868993,0.001992458965253405,0.0033612474270421477,0.0035113721004251183,0.010137111124731903,0.002765241524934015,0.0039659608828087325,0.007673127574153399,0.007361245700915883,0.006859327985059051,0.003199731047354311,0.0019089160369466828,0.003373449200751247,0.00616903022672829,0.006894317751318091
3531,0.010961702127277642,0.004250113102573488,0.005588751304846648,0.005696311398982413,0.0029346800126768993,0.006329562061113703,0.006699820855206149,0.0025680819937572937,0.0031051764888817227,0.005080318345714078,0.0022432005175539596,0.003807238141049576,0.005829369279366253,0.00302721449056671,0.0037514392000673725,0.004251854936110678,0.0035046105026929077,0.003896928329647027,0.0019333860327896168,0.00556674763049137,0.002906322326807732,0.0024974114840836527,0.008765841271693189,0.0021671270573250007,0.001176285125590596,0.0032377013134143114,0.007527841900881342,0.002281023361862996,0.004052484099981035,0.002673018512576401,0.008382048377076368,0.010640390301448255,0.013295736117744069,0.002405785764402087,0.0029299543190181958,0.001112773142355899,0.0024089059423482444,0.0017589331817975174,0.002644838484976819,0.0025317304605700524,0.001960008348218037,0.0019120383517037649,0.0018696459673961622,0.0046702823850452374,0.00316812188530641,0.009294366660846655,0.0025925441706599597,0.003121670916791589,0.0038470012585032224,0.0033697832245685195,0.0027337815762454353,0.0017857425782549202,0.002763926867831251,0.007111039657238201,0.01003066423108378,0.002216515435996122,0.005292699863409712,0.002755539295438867,0.003245633263443187,0.002382454612168914,0.0030951529823879283,0.005610991873778947,0.00446820120266331,0.004392472717513253,0.0037790757162051154,0.004901030877256993,0.003163481231748427,0.002666828599293634,0.0021504948670605316,0.0038069633126657384,0.005591997414738049,0.004452099952778382,0.003231010340425249,0.004643633388348005,0.002084012156755767,0.0033081978588081476,0.00552332000372654,0.012954948719588884,0.0034831396760013154,0.0026389265234771087,0.003577716692750451,0.005895935939288003,0.0034892362349001056,0.0033795213420499417,0.002723967626601771,0.003376309215870894,0.003140065318214149,0.0034219086855491973,0.001403919337466865,0.003794137193133517,0.0036182890421698633,0.009778836336731458,0.002427602834804239,0.003384101011403201,0.008263236027281184,0.0073239461039829165,0.007404074994664688,0.002961841858513903,0.0019300969606015697,0.003584893434973281,0.005913525088955721,0.0041005999556266255
3532,0.009989410003405187,0.004683848717409183,0.005554828524804836,0.005369205179318449,0.0032544957580789,0.007986004760937767,0.006622225030613032,0.002788774035339872,0.0036862746908552426,0.00814035459395713,0.002512007442149283,0.004186360593512059,0.005319784153400517,0.0033562282674924984,0.004457361486901927,0.004003031569887593,0.00406701483993303,0.004810976582623101,0.0021282699867500652,0.004828495577152707,0.0032691565990337363,0.002986885387141753,0.009345045423276951,0.003924704964569168,0.0013225310657490475,0.0038468971096102217,0.009283892363225464,0.002342510651586988,0.0037783453337078337,0.0026782271750962006,0.008203805037668911,0.010569881359962268,0.015361636260964545,0.00212159816695371,0.0027835696307843836,0.0015293839476458468,0.0024658757440772683,0.0015720720262248444,0.002482722234607157,0.0029607691200187925,0.0020819106157339146,0.0019985111692813386,0.001989493427287944,0.004735893542869837,0.003932961876184458,0.008114538833995918,0.0027781977322356675,0.0037012707839964706,0.0038547157580564296,0.003841982497781702,0.003026060077895552,0.0025989771773439344,0.004579234193634919,0.006773269867444175,0.009275236616811327,0.0019895672521266445,0.00623685561404252,0.0033509648746223876,0.003643483975190493,0.002749886010036841,0.00377696796279469,0.005415317632974153,0.004815730778592421,0.004518598427553943,0.003042426545962038,0.003869715552438829,0.0032937249348588523,0.002485114532506959,0.002214571880789819,0.004736898613066811,0.010072619068394555,0.005361109019260527,0.0036758170422974885,0.004085826080456479,0.0021271983676928057,0.004593551791657569,0.006579041329600197,0.012017524891215298,0.0037839768641176903,0.003256012061469182,0.0037187481932156744,0.007936408116589942,0.0036485876709929812,0.0039261378986153,0.003304075654172032,0.003767616736439031,0.0031856978095294516,0.00363283098163357,0.001541925575307085,0.004223379060513058,0.0036159741025534506,0.009673048603126434,0.0022432783484081903,0.004304899632345638,0.009148371380486747,0.006896558768672503,0.004563600450719913,0.002836428775345462,0.001955007759746451,0.003861855338559735,0.00590843158403457,0.005493507716973323
3533,0.00696597781948449,0.0039248443612940245,0.005257395543813672,0.006329316179113856,0.00307435712991996,0.005643588709984122,0.00612191945815668,0.0023830893579332374,0.003081660092976047,0.005895437506823207,0.001873031353721771,0.004446133751208011,0.0058632374604260205,0.0034688206888043075,0.0032769127455460905,0.002944811508415007,0.0033332509784410433,0.003935766186431648,0.002110949436954759,0.005015015011983761,0.0028883680585223715,0.0024435203333626238,0.011553580198552727,0.0022552860001445376,0.001147540961415092,0.003554340771258047,0.0069936742698378145,0.002257233409896703,0.0038941349626485473,0.0027636828373874905,0.00844936573715671,0.010839983810673649,0.013407559873583063,0.0021592887605752153,0.0026729153918786386,0.0008270292466809435,0.002493040438333167,0.0017943115373852095,0.0026812336922201144,0.0021387868337286544,0.0021054057344592368,0.002179816944408977,0.0019566905741870253,0.00385251800325645,0.0032656182030974083,0.006483918794551105,0.0025995439000993607,0.002981742642760969,0.00259612053641645,0.003818619192862026,0.003053733321313271,0.0025118989831762533,0.003327791278359271,0.006677639619474036,0.008860943139581511,0.0020455516509543335,0.005868853405192578,0.0029994195074877976,0.0034344868195084802,0.002428575863776807,0.002900378122983213,0.005401843994953822,0.004080244028098891,0.0043212110038209255,0.0038536369650232945,0.0043149702587810075,0.0024651511038578343,0.002517659454412718,0.0019721338292697575,0.002828603873149402,0.0033246432153269407,0.004229697801985482,0.0030725812623050167,0.0032446231276344025,0.0020752715514262454,0.0037973868408739267,0.004851315800231851,0.011556216194347416,0.0034854416114918525,0.002803884907150057,0.0032351111353021477,0.0073950477316841665,0.003193890178347707,0.003589320164960428,0.003011008112111181,0.0036071272179220852,0.002710828201783722,0.003149967450256846,0.0017066989020673969,0.004247332641460513,0.0032950678633844642,0.009076027510013808,0.0020836570973318865,0.003083256618427189,0.007906878327008666,0.007277320247223352,0.0022058545038096903,0.002733813140433897,0.001636326639772287,0.0026470931395253766,0.005685008185820443,0.006617270349339834
3534,0.0065122922339506725,0.0034744363427223284,0.0049927692951361536,0.005708965466764017,0.003308838563933282,0.005009188419476818,0.006095919897217862,0.002234279923958201,0.0029249213461564785,0.005962474572479869,0.002031299490762379,0.004110472508699074,0.005921239469801827,0.0026891135805842134,0.0041777270105019994,0.0029436168162880346,0.003838946424068431,0.0033708026110773393,0.0021253194719410783,0.005481298901193042,0.0031314801100338907,0.00254719405699737,0.008502658412142376,0.003175165190776664,0.0012544483994084183,0.00398999184652526,0.007112364561978891,0.002012231711645358,0.0042165972123134245,0.0026764198260312315,0.00789684998437877,0.010372274760747263,0.013283333976267473,0.002001707950538612,0.002887198775214388,0.0007085662111868874,0.002231038740253797,0.001875863212732101,0.0020684094805074925,0.002293962024049859,0.0022614276046497494,0.0019756608420941494,0.0019831600835925798,0.004207615177682557,0.0033152047363089127,0.007808682558114381,0.002724113047039032,0.0032474766519433977,0.003245131332811812,0.0033815910764209618,0.002985922556766649,0.0018053917929793462,0.003359774303033481,0.007065331240661854,0.00939918659181267,0.0018545180791526676,0.004732153736969782,0.0026363848034374345,0.0025866416743141013,0.002981438234130927,0.00297933810190782,0.005535778224052521,0.004099293007567221,0.003837152783657594,0.0034309787699173,0.0040907209208421585,0.002697291083940347,0.0024254774497691305,0.002109743818342414,0.0026238208221566225,0.003987702114087933,0.003647385300116581,0.003144431175634522,0.003585329058492504,0.00220428761285855,0.0033002092420546096,0.005781945040278898,0.011532268631774966,0.0033723991344506306,0.0029954640657613315,0.0028686398555664255,0.0076128315930836885,0.0028703400986483146,0.0030312993921709215,0.0029489637781784693,0.003674634398083261,0.003625217068552902,0.0033545267437248808,0.0018689143604052165,0.00342331079180898,0.002958357490751271,0.010005270857991633,0.00220890864703083,0.0033107001429307625,0.007863416703681278,0.007013763566891049,0.0022618575258998826,0.002679538683034904,0.0016656011620034628,0.003083017390065604,0.005624611724719542,0.0037529904331840063
3535,0.005953453707578805,0.0034494041534404367,0.005104868770207534,0.008082076275314286,0.0030345471092624765,0.0048143425015224565,0.006080059555392685,0.0025761857378372778,0.002872692818692926,0.005033726461355479,0.002038991091954869,0.0035668397594829375,0.0059067935200102575,0.003124337866714417,0.0047829718486129364,0.0027704456842156887,0.0030699935250126926,0.0035458730659149486,0.0022969312650650614,0.004771734985120293,0.0031934958748309266,0.002389484772422046,0.008561607102092575,0.0025563669649302334,0.0011722767850571763,0.0038892579170865357,0.006817893298425811,0.0022133011224407285,0.0042528643006261545,0.003253342035426056,0.008160348048499227,0.010615337992682921,0.013059323022118693,0.0020620004485853377,0.003123930357842003,0.0007449270985736496,0.002266087387580922,0.001967564256211478,0.0020940535638239834,0.0024876798470344396,0.0023315467155199648,0.0016560436736078202,0.001960237868701451,0.003501154164569013,0.004397363367767816,0.006131820175957471,0.002860180592970628,0.0028928088482480067,0.0028844988966850492,0.004210546743107069,0.0029565725687000556,0.0021276044472619345,0.003089470981066551,0.006886864363250679,0.009328949590713499,0.0018065361213246047,0.004820447908167327,0.002920714621314312,0.0029445074877267685,0.00231762736660368,0.0030966535979674546,0.005322103384793874,0.004566279340561169,0.0038261092000029776,0.0028652393787387542,0.004957153441382498,0.0026472105038190825,0.002618180040135503,0.0018120324304804986,0.002713936159612939,0.003904350125016568,0.004464020768190523,0.0029481297936990074,0.0028685862676612744,0.002318572247525531,0.003332372860433321,0.005042066354516449,0.011578932548329682,0.0036056538899610145,0.0028361524547318648,0.0029858255459644122,0.007591710991358692,0.002796739978794556,0.0031949572116919027,0.002676777116296752,0.003977096706418459,0.0029284724013846756,0.0034385437357793026,0.0015466568439507554,0.0035754290750908157,0.0034223011891339155,0.0111319864799119,0.002034467580931995,0.0031331991483169587,0.007592039203080187,0.007060653170276534,0.0018995614292106242,0.002682982834569256,0.001792494359757246,0.0030794010125031425,0.005613065343049006,0.00479457008627397
3536,0.006100589460817792,0.004391170218394778,0.0053408013544667884,0.00554374810235124,0.0041447577371689324,0.004752066091922952,0.00650985664990565,0.0027333168975985636,0.003155327850775767,0.005315817915510222,0.0023297235254032796,0.0035384452892107477,0.0053113445591125765,0.003175854876269129,0.0041660931154814985,0.003259458856427027,0.003468963252722151,0.0034314545064774962,0.0022407931521634186,0.005914350179861555,0.0034436954053737364,0.00257914297260892,0.009360979368972976,0.0031536476240161307,0.0012790826962205482,0.003857571582562066,0.007645123855911444,0.002218144806256169,0.004293628516735965,0.00304498892394728,0.007790284105821158,0.010658529982184925,0.013363755969242016,0.002090156720263137,0.0030867834316691835,0.0007929750359528917,0.0025234935200826327,0.0017620651143670659,0.00219058471511357,0.002325805411618001,0.002243016593549838,0.0018039197078697194,0.0021533119883307607,0.0037477926620014374,0.0036522136599470498,0.005904808371844203,0.0027689619903152247,0.0031356029534324887,0.0035115059375754342,0.0039931914009994005,0.0031179846056538893,0.0018520445504316327,0.00301782240073073,0.007056170226288945,0.009212718531802756,0.002094113090176716,0.005022820349280509,0.0030983619118315105,0.0026441832473475596,0.002510213860498439,0.0030554447785088442,0.005372105904755306,0.004870306351064022,0.004178014265367803,0.002761481901667991,0.004788058157267584,0.0034220532734583176,0.0025460492650722037,0.001845685386080813,0.003987754352871287,0.003895638904296639,0.004574578863329501,0.003111697403580446,0.003769462259735579,0.002150269872861081,0.0037124701756071033,0.005079290591510587,0.011695546494352201,0.0035611546307800826,0.003100060020931791,0.003380282986063796,0.008348979208941511,0.0030442059666290567,0.0032145893154226935,0.0029365246256572984,0.0038977143386205535,0.0028614802459352245,0.003752309675092084,0.001966466164418164,0.0037680128108757856,0.0034604788982841557,0.00932352480828573,0.00248911846172028,0.0032868374193714485,0.00749865698061714,0.007065067573769453,0.002157757888255147,0.0031546049185202955,0.0016400133863622203,0.0031904584092600254,0.0055634985823854195,0.006501326819647057
3537,0.005705326828643095,0.00452736982685581,0.005599149867988225,0.006003100923127891,0.0044892821521530565,0.0048349616790856085,0.005890063646006882,0.0025709435561323915,0.0035525839448309203,0.005009237364492116,0.0023961519116513703,0.0035657055126173142,0.0047555041535570965,0.0031761483962335574,0.0038970263190924396,0.00296675119039914,0.003509491181258886,0.0037537665285925412,0.0025430831137731795,0.006025382006690725,0.0035269956601575773,0.0024124648262335677,0.008974886826528776,0.0028961744388670916,0.0012602945957282665,0.004576266916938237,0.007310510742898808,0.0022071900043351806,0.004208497606791588,0.003191393341971988,0.00964547468454768,0.010854544015227943,0.01333665061370831,0.0024366643210698377,0.002937164555901163,0.0008829648010467394,0.0026234267932435506,0.0017864789188958392,0.002495192195968564,0.002787461936846882,0.002344219252206682,0.0017991036623807074,0.002027625799878408,0.003960124695054282,0.003905317038788782,0.006279570196975045,0.0029883266763755228,0.0029726605266543983,0.0031898659618642485,0.004441758408256242,0.0031949419824606412,0.0018885563442018504,0.0028167566082307697,0.0072023017394562275,0.009137182363834914,0.0016465469830883922,0.00505690531313385,0.0031616375685264964,0.002978006477450868,0.002893325407216225,0.003294182661949001,0.005237661336962734,0.004718797914639361,0.003709784721210431,0.0029090391523214983,0.0042197690818461695,0.0028483168547834793,0.002225964719221758,0.0018134039654721845,0.004483326707535784,0.004196368930118769,0.0045728566344138645,0.0030513655579138136,0.004166786686746299,0.002494139727820334,0.003689235677522381,0.005485778417367612,0.01228395845490935,0.0033652471939695843,0.0033648189995841363,0.004034857807909199,0.008072990336189353,0.0031912376964845814,0.0033984085118964223,0.002813955080631614,0.0039535881455650766,0.002662331995547338,0.0036720952463354414,0.0018468402245731541,0.004268739476317363,0.0036486160368318947,0.009913495918365026,0.0022470039844708508,0.0031542831966712565,0.007896962755667956,0.007085422742729562,0.0022017305750253427,0.0036597176381546583,0.0015890855061543858,0.0033027196025212794,0.005618989806582428,0.0072412466887329385
3538,0.00535615128223602,0.003919586734175552,0.0050219393123278775,0.0055503117210277415,0.0041576489070605325,0.004490890542184343,0.006959662479625473,0.0024078516426314102,0.003460972598850892,0.004787312872747801,0.0021395972600976813,0.0036238366739123258,0.00538643829156686,0.00358417314067534,0.003292218949574025,0.0031730342537840735,0.0033474502537872643,0.003981043977907411,0.0024803958638531538,0.004705992392569782,0.0028320930234890128,0.002300633188404655,0.01015584547771243,0.0018092525973924189,0.001336850972811961,0.003557591454108519,0.0061850615114669,0.002226560850387337,0.00436740037190155,0.002491054554741716,0.007173904899624461,0.010738276008749536,0.01327381549638498,0.002104238686756739,0.0025839504568682978,0.0007737447607903099,0.0024958829914250294,0.0018604725784405049,0.001830058062795697,0.002319598758609689,0.0022124708704332765,0.002050166273553458,0.002046833548115664,0.004097232744846367,0.003428864464128608,0.006082177918434843,0.002441426638484745,0.0030661559250914185,0.0029900989825609133,0.004502299099009399,0.003194143465898935,0.0015144388715955179,0.0030012725006763486,0.007028430240867758,0.007371807731591402,0.0019371112218464972,0.004519306187459833,0.00274916452785472,0.0024811100137540677,0.0026344932546557534,0.0029053207039657592,0.0054932075365275,0.004020922550237792,0.0035914040852450873,0.003074862172039951,0.004182902950620544,0.0025546324734778553,0.002298683228923104,0.0020501210584230574,0.0028506878271876896,0.004263864934209592,0.0045130500325969375,0.0031598343754209455,0.003545878218797265,0.0020330111333539337,0.003540959430960611,0.005379898662586249,0.011599631329859951,0.0034314370102977916,0.0027329082308165413,0.003070697319175707,0.007337666933987918,0.003163435879453051,0.003312803244563012,0.0026547715552375354,0.0038522365273461197,0.002857464805542197,0.003421125740843005,0.0013324109945019075,0.003705128538614795,0.003268390064510306,0.009939858606057114,0.0018526688332003393,0.0030730302203308964,0.00851419100728424,0.00697255524564488,0.002183234828591334,0.0029172834521653027,0.0016515939907594983,0.0025319047636027715,0.00546232327438365,0.0037831525523705097
3539,0.004550401779595191,0.003638873513909915,0.005238060934246711,0.006022986617023775,0.002868029539988839,0.004752362956185602,0.005845433072927949,0.002705402439962631,0.0030695684428506285,0.0046457677376468215,0.0021961802470548356,0.0031773866029320883,0.006141263621301914,0.002482953667421393,0.0034298292508360903,0.0033089622386977048,0.0051155178988671335,0.0031660995618415376,0.0018180878158177215,0.004227311861616776,0.0027054678015761995,0.0024537129271247475,0.008071150960060114,0.0019426153920981345,0.001177453827632647,0.002739179496958128,0.005126858294005389,0.0019877055476153586,0.005686914920811891,0.0026522497590252495,0.008098065350963923,0.010920347554836906,0.013488215476927233,0.0018282087283380277,0.0025939046882918005,0.0007269298046875343,0.0031020739735844456,0.002068117947212046,0.0019994856968238105,0.0023986169339241252,0.0024479963250739357,0.0023990167406552024,0.0019871002548962334,0.004601542656237319,0.002775637518080751,0.004522040696022189,0.0029216063037598252,0.0034826487708122526,0.0030884185686812764,0.004004831531550624,0.0023210238313265863,0.0014991344859091574,0.002154685030638675,0.007322109615166428,0.009527351107911222,0.0017915448607513263,0.0051410710394563484,0.0026787257172263992,0.0025845818688262183,0.0029424985757924497,0.003802575234411737,0.005400894373886392,0.003565464162027418,0.004037487625814065,0.003437731491323825,0.003938400317835227,0.0023195067025170465,0.002655788275841461,0.0021331544376663185,0.0033226283485385216,0.005486897986797631,0.004155599478199493,0.0034991226718240377,0.0031105095529971685,0.0020737186120491136,0.003631281356915298,0.005252301680486744,0.012173996667999724,0.0037930041660144574,0.003221576633297687,0.0029510511457480335,0.006284251639674722,0.003496983667992406,0.0032265628117852285,0.0030558779919695528,0.003982226033291118,0.003121324888445709,0.0028634820557164255,0.0015044778781327,0.004171653663825337,0.0028423968185987787,0.00985291249251615,0.0024834764403210015,0.0035059451963403705,0.009964501522134439,0.007158208088526285,0.002224149250383813,0.0032924686442342547,0.0018200267702852282,0.0034350435337851073,0.005638559913548575,0.003119351793795687
3540,0.00413049075082642,0.0035623251755087567,0.0051398244156492055,0.008637325982150041,0.0028243902885856224,0.004554703278489912,0.006580038590632634,0.002483053655790821,0.0025827006150963444,0.00397634825311363,0.0019269577148371515,0.0025376461914691693,0.006036584945679036,0.002118556039095875,0.004278346236660152,0.0034369443897750342,0.002979536314575394,0.0031448029516673495,0.0017413851916792034,0.004233707242240772,0.002828913157175554,0.002412215168123519,0.006495035436867051,0.002267670955177728,0.00106707653601974,0.0025589027897739963,0.004283875197443629,0.0018331658805243926,0.004493386535468867,0.0024964403464923265,0.007726507338069155,0.010850466284524235,0.01303137516378746,0.001979678915258709,0.0026110482687204347,0.0007627869196250133,0.003230747366079843,0.0019092195654244147,0.0018687895176282185,0.0022161084644545664,0.00244876501077276,0.002321532155925564,0.0021688855059583704,0.004434267281655624,0.0027885484450158875,0.004100965024789263,0.003196579037167929,0.003182980742369105,0.003240990949121864,0.0038554828113028863,0.0028664996722840503,0.0017217777012357707,0.0023553717098559186,0.007347259177219232,0.00976724786735181,0.001904999150285229,0.004852337581798242,0.0028113183173481453,0.0025262692885256403,0.0030144905745448456,0.00333012566963286,0.005378888586346571,0.003639570354635033,0.004138267672101953,0.0027872128419093923,0.005005577785497042,0.002561000702600867,0.0027583171194558325,0.0022408261536308893,0.003072009888336816,0.005278539430092035,0.0037131638852514154,0.003680557423458514,0.00362143372020881,0.002061361874006964,0.0034819270364171706,0.004670353216428597,0.012506084272254062,0.003555568375367179,0.0029158737168232486,0.0032067883674617753,0.005590433204579291,0.0027802804349332665,0.002980722447262874,0.0027763019670820777,0.004121299751915965,0.002612610595503363,0.0032979810134917595,0.0010711453631244178,0.003816576373974675,0.0026698581329488817,0.010324047918909283,0.002300048796494753,0.0034412321434575325,0.008961263079033365,0.007207910370748751,0.001986481046412526,0.003114502414814109,0.0019158104477055742,0.0031687795327042063,0.005699847774093727,0.0026857121939905114
3541,0.004773975104652233,0.0034985397304937984,0.004996845344580907,0.008986660227580438,0.002965032798846196,0.00453595192106007,0.005680437428486501,0.0026768029607399375,0.0029573407978678735,0.0044916079165028995,0.002069122121720496,0.0026946033091523147,0.005918709695456334,0.0022836766823909668,0.004383878401853033,0.0036586435875853533,0.004422300562587055,0.003022027510482252,0.0019553391881680852,0.0046199128119840845,0.0033398005171850647,0.0024788790832356443,0.006714895844602174,0.0020031125903968183,0.0011391042459524775,0.003250485143497039,0.007838515448182072,0.0018575022792627646,0.005074782796248772,0.002776806672989918,0.007834326747673684,0.010810997454216814,0.01340920388666116,0.0018528426601414534,0.0028873120806242126,0.0007886287494279664,0.003153157109212965,0.001928991466481253,0.002209424047234023,0.002378057836971195,0.002499161155103376,0.002512839748391396,0.0018757380488540342,0.004459215335598921,0.003942106471416384,0.0058326690820133305,0.0030129885871589763,0.003261437378792602,0.0031842123345820457,0.004152562616343117,0.002838179068951169,0.0017173611078580232,0.0022793340762385585,0.007211051214792467,0.009748544451001354,0.00210963557948294,0.005415450793190345,0.002929239417520519,0.0033367934441411234,0.002429996193136259,0.0034040816920958934,0.005456397585509134,0.004585936547790079,0.0061377535986922496,0.003137997214140126,0.0052050042181575485,0.003599208801194846,0.0026219110865425593,0.0019966425377475993,0.0028723040243519146,0.005565790696192895,0.005619663395773197,0.00334920407334849,0.003469808731632923,0.002273905076091485,0.0034293331594606904,0.004910161853187818,0.012577888377757198,0.0035357527447954463,0.0026110164951987152,0.0036641516165234213,0.006597920466409412,0.0028951226088161936,0.002998020348968222,0.003000031641717689,0.004145131721122276,0.0031664377859562747,0.00346688494679643,0.0014782355493681582,0.004433707349436763,0.002916436625879048,0.009933838511644894,0.002160594418724202,0.003732517587892209,0.008679479264517063,0.007158754020651363,0.002204967827325062,0.0030138226989254407,0.0020756569382488575,0.002898421015590521,0.005782026274047311,0.004628214260984182
3542,0.0050179403811836405,0.0044663817918657155,0.005088429676878109,0.006822059494302169,0.0031000650691380273,0.00484452669222867,0.005765523475680166,0.002798557625228168,0.0036137685415237974,0.005000799871821156,0.0023747328326985573,0.0027976575799599592,0.0052152006325428225,0.002879497174935088,0.0042281831539379335,0.0036222580340767754,0.0030657305817075793,0.0036492006354331787,0.0018663736435012646,0.004883815333460937,0.003419094271338556,0.0023975514859218743,0.006666467526883392,0.002086269626400071,0.0012117451765563,0.0033839096203414918,0.004953449792086759,0.001967733975123052,0.004496169575941731,0.0027096688517166284,0.007971409743788963,0.0107177680836695,0.013591708033607453,0.0017776867288046587,0.0030518985489860293,0.0007673140987429264,0.002867914775856728,0.0019374256617932266,0.002418078492733525,0.0025212924505278083,0.0026076439259555416,0.002543331454543841,0.0018638189064195045,0.0035799732005427553,0.0038543416210424252,0.003166589180516405,0.0034222306049783878,0.0031807149686227942,0.0032744184061435752,0.004324552160238781,0.003590182861207727,0.0019405283045181695,0.0025127339385291503,0.007268514561918442,0.009806695346619456,0.0018653806451565057,0.0057443165706864046,0.003303062130029002,0.0027824087140136903,0.0024549493207769967,0.00389355315016054,0.005468576334446065,0.004214832694320393,0.005041519356711168,0.0033161570812090787,0.004800279389094373,0.0025703517296287322,0.0025302426195574464,0.0021793706702517264,0.0030418863868445344,0.005367933696461404,0.005588171489276544,0.0034018899842725805,0.004914437673992277,0.0022710683162541793,0.0035927566102109455,0.0052722759735154895,0.013801724349066078,0.003825083520050006,0.0026692409880968056,0.0038290226901348187,0.0064384427194271,0.00291821184441981,0.003462762901108383,0.0031993832089893008,0.004174899781948416,0.00294423475850355,0.003525244735487236,0.0015540598128354897,0.004372830874231502,0.0031256554292914346,0.00981855990629083,0.0023485547871684143,0.003472022062453789,0.008902517698483721,0.0075245028337853825,0.0025061747011510004,0.0032077777489852703,0.002198997987110417,0.0028145570106452886,0.005427551681979262,0.0045252735449563585
3543,0.00580186422400841,0.004520211177617348,0.005238973872975259,0.005422436649472835,0.003005237425191387,0.005204006563023358,0.006052265890817383,0.0027941250169347983,0.003523219712250106,0.0050145823342243835,0.002739331278485056,0.0037367914804025473,0.0049176934665051365,0.0030233666730217945,0.0038931703956888056,0.003202677069843495,0.003110479489800048,0.003469058995187974,0.002165591239752547,0.006286485736298963,0.003974934864237719,0.0025804608513807547,0.007145486930747061,0.002107864673569441,0.0011884724841600338,0.004443517056362053,0.004738486705466817,0.001984863975717514,0.0046967535347610025,0.002717386334831565,0.00884002955605437,0.010812346726531214,0.013658069918967154,0.0023009973889372556,0.0028861165904180176,0.0008461756693372485,0.003161059586547368,0.001781316806745073,0.0022014184781233175,0.0025160267207341457,0.0025519828392285915,0.0024768024728261694,0.0021331267152027,0.004311443458747804,0.0034231112383873016,0.0049119617060910436,0.0033660523262631784,0.0034366466304569954,0.003354853292660645,0.004033783166656671,0.003250738350670079,0.0018871083141236455,0.002752101098208497,0.007497275385586674,0.009399236813329364,0.0016214866343410793,0.005268115915146959,0.0036444052168882746,0.003226246612406744,0.0025478306978792336,0.003470049797348408,0.005522451219806731,0.004476057675269908,0.004592458236391205,0.0030177282082385786,0.0039062268931827266,0.002546295195593484,0.002370350126548949,0.0019961212973979166,0.00492348202120111,0.0053590804579047285,0.0054391115587179815,0.0033485873299056025,0.004406901916477777,0.0023908009121430956,0.003731995687970113,0.006442380852379638,0.013877420789768885,0.003820259503839906,0.0032721940669989493,0.0035324749810201313,0.007355626719450909,0.00329624738260347,0.003276350145947236,0.0029324664395368387,0.004095960557779761,0.0032776102170712857,0.0032169405064767513,0.0019399654482292706,0.0046878044139241305,0.003510620036439561,0.009546236492027599,0.0022715579922086776,0.003759312358961173,0.008088938846966603,0.007397099030488807,0.0023779519010698777,0.0028215479246167263,0.0019847361473380744,0.003441344937757584,0.005604578516425691,0.00422827856887682
3544,0.005313099189022079,0.004418361627840096,0.005178874405700441,0.005253835752027062,0.0032841984338518805,0.004533976433751028,0.005760395545742385,0.002731635351083052,0.003491892292359493,0.0058441938305607635,0.0020454329460349373,0.002872880781268272,0.005661707946215811,0.0028228883862566794,0.0030589452185247118,0.0030707677587159766,0.003319323063164035,0.0034114478642275473,0.0018907699711388799,0.004584756974041972,0.003351420060638166,0.0022706234268358933,0.0069750715155727635,0.002342401136687438,0.0011563502516603332,0.003325865019719543,0.005441456139662822,0.002117265378581179,0.004315710801996183,0.002488052795656581,0.008361087532265398,0.010897135186322909,0.013538315588696736,0.0020854632273131137,0.0029461568511574615,0.000650322924804081,0.0034516914731453443,0.001640159354907067,0.0025541297238180966,0.002606685155901899,0.0024957063714696084,0.0023829088442028096,0.0019324707733731925,0.003987072982400769,0.003132834005982609,0.0064090613917131565,0.002629187559979473,0.0038539308728335483,0.00329569929422086,0.0051271112793686464,0.003165606703030817,0.002553640834798962,0.0028120235736617213,0.007425609734097492,0.009388391787684941,0.001710415116439207,0.005300535383281404,0.0031233128974307296,0.002631547631045145,0.0030109035298304205,0.0033872690542141905,0.005455198160650012,0.004122508926483159,0.005041970523435411,0.0030691798706834615,0.004143291713780643,0.0025145615470983174,0.0024140713683850714,0.002045704043010255,0.004128879342480609,0.0050832178736526816,0.004406872011984171,0.003405894708321239,0.0044694208432698515,0.0022863484286273655,0.003260283536326081,0.006030028688258737,0.013507236403046375,0.003884432555700969,0.0025139343959786676,0.0030391795228756385,0.005642024015093139,0.002866085901267338,0.0032747391478452643,0.0026696443434801103,0.004217575933267162,0.0033638662625057243,0.0033933435073275797,0.0016176060036602593,0.004802218338724097,0.0032683707124107173,0.009660965519017366,0.002012844520533756,0.004126706675166018,0.008210026917405374,0.007553952268379392,0.0021888913801802424,0.0031385215895000764,0.0017821368228322842,0.0035855315788747375,0.005638209867825777,0.003607439834799813
3545,0.006351593172519341,0.005409155810683823,0.005511377424714747,0.005610572056620477,0.003675171282955137,0.004625029086899333,0.005769250275850105,0.002883512300088103,0.0032419645333136692,0.004421680024175369,0.002731731814708394,0.002821014569476871,0.005439857328287366,0.0026004208215977924,0.0038475963883946944,0.0031857427862913568,0.0034552934648740988,0.003243393428573477,0.0021331882463661023,0.004839959472427083,0.004272522688465082,0.0024735917362421257,0.007067897706259703,0.0022524515509494214,0.0011874533492512297,0.0037204672260096492,0.0069235028108403695,0.002175772565700598,0.0041481365610437845,0.002586647025401393,0.008122397322249945,0.010992275630640747,0.013164598629429225,0.0021467120134810993,0.0030521212689438495,0.0006754674144434123,0.0031231511712143415,0.0018536385382352575,0.0027325398200759164,0.002800855809184302,0.0027055972271487834,0.002376608878171653,0.0019598774466240685,0.004311610657492636,0.0038139210336285154,0.006217363011320567,0.002937459919393411,0.0035792110599752454,0.0032145431785072587,0.004682327065455917,0.0031961355554052167,0.0024388260393226778,0.003477853706756539,0.0075491985195882075,0.009568783512223785,0.0017444689136981782,0.005078321007292393,0.0033706754086755973,0.003091687094519989,0.002471872317942882,0.0037655674987298144,0.00535934704555597,0.004900163460954588,0.006242111275393253,0.002928273644162559,0.0041642446116573854,0.002424057472863352,0.0029498809462910366,0.0020030040510341284,0.004347879754856203,0.007125418117583339,0.00601611006821562,0.003479607607478354,0.004493158798203896,0.0022580814713532562,0.003271055336988557,0.006832456632106126,0.013998399802357873,0.0038987803827034775,0.003267985783762638,0.0038691645628302265,0.005359387657380207,0.003253539926036909,0.0033184150477423595,0.0033087334042632044,0.004368940426593553,0.0036053625860225772,0.003566243841658737,0.001808623421509716,0.005302672185124914,0.0032125076468641446,0.009624955269398935,0.0028493127668823464,0.0037892087501969905,0.008912139680969398,0.007632494795007713,0.0022589375071792516,0.003086269779659101,0.0019068643543389203,0.0037835975784917975,0.0059909746556909334,0.005019782434464138
3546,0.004740108267048894,0.004639384816397591,0.005495029061113173,0.0051838839613068755,0.003935564762499472,0.00461820885473904,0.006849763675313528,0.0028998545273051226,0.003055137770073426,0.004889910772888978,0.002434196491159382,0.002591071909138632,0.00558567835144384,0.002419741874387914,0.0042347734061607125,0.0031107690575304264,0.003487342153800761,0.0031375827662759176,0.0020170069284480103,0.004213437335979767,0.003648625110775042,0.002251721504685141,0.007431938001722851,0.00212512238475645,0.0011679335518939439,0.0031647998980709156,0.005990553438676704,0.001942226351698245,0.004316824661236104,0.002888357787001123,0.00896720567342162,0.011219209717840406,0.012820037958440287,0.001995294298729387,0.0030696306995122683,0.0007059665888708862,0.0037957813979898167,0.0018289544965991735,0.0026347721560104767,0.002569202806185733,0.0025520269954116956,0.0023994589108047213,0.002080325625945542,0.0034417451858609394,0.0036964540461041358,0.006520268190758831,0.0034225890151199016,0.0033509266844061573,0.0033497310626966694,0.004990418914426297,0.002844101208591942,0.0021515133469614065,0.0033077642417930512,0.007344009532531278,0.009671812191255463,0.002281065247159927,0.005113865548197298,0.0032088654206493747,0.0031158386280476414,0.0024764777187301257,0.003531354575289821,0.00541585753865489,0.004268347297253798,0.004508501209929939,0.0034901204223078534,0.004450684407052452,0.002459360725656818,0.002782783171442751,0.0020959110906434374,0.004531280081443374,0.006403748854219666,0.004963903473264548,0.0033203643650444366,0.004308709292990758,0.0024231514774853895,0.003531037570069769,0.007452988396730787,0.013686603969310249,0.003881240068644246,0.00395025485465066,0.00332601856132403,0.005700633808951462,0.003259443036986104,0.0031286465502491654,0.0028760930803076565,0.0042272074980410695,0.0033345598111189467,0.0031986522670494856,0.0015412316114032968,0.004392287923071086,0.0032255646449413033,0.010142531969479205,0.0024667121046484247,0.005065537172827299,0.008012556409760677,0.0077818549199076895,0.002451768582860787,0.0031489150574373127,0.0019765399708933703,0.003994139165771388,0.005820627836837937,0.004949956867697926
3547,0.004965802123813995,0.004557641271740562,0.005405659586567887,0.005027581516711189,0.0042035816576024,0.004917399403725978,0.006224693086712609,0.003634671270840602,0.0030878822112636087,0.004534777883859428,0.0021515637994590623,0.0026905664901309303,0.006114965040008794,0.002783906455224969,0.0040416692584895435,0.003338932120894364,0.0037820006897113867,0.003429630049006166,0.002029790653227853,0.00475331461871565,0.0031333818055321355,0.0020379666778093703,0.007388840822711761,0.0021923459624713024,0.0011412277697885197,0.0032021748421794164,0.005714929876057847,0.0020209187297033655,0.00454702071527847,0.002687967084050423,0.007728484643261512,0.010797216591141984,0.012856625795236299,0.0020961766039494898,0.0029402080221876277,0.0007434048651761608,0.003076240541871295,0.0019485736382028804,0.0027536807442455646,0.0025617696495666108,0.002570741173411575,0.0023080688697296376,0.0019079781469689236,0.004580330391874975,0.0030638221453621714,0.009119804408178238,0.0031160645354142502,0.003700388924603791,0.0033143350856651662,0.004102751898854912,0.0027542403802836295,0.0017041882531641259,0.0030689674902715934,0.007462765410621833,0.00942386504679949,0.0017999011835241783,0.005022881849053875,0.003371229901462409,0.0027469097450163174,0.0026662320155182067,0.0036038682973135003,0.0055295809425506375,0.004507497929600971,0.004410342347374162,0.0027781690660434763,0.004013851494272484,0.002410880901654771,0.0027919897226992836,0.0020012917558055268,0.004349934632286367,0.006604263316112755,0.0038009319028948167,0.003297347956786131,0.0050706772457224155,0.002298653783925592,0.0038215016862247404,0.005714240139751202,0.014175501301607229,0.003991360108897793,0.003408619261624262,0.003693966239242932,0.005381391905451806,0.0030467419262899947,0.0033907990463830527,0.0029709556734464136,0.004160229407090658,0.003428514877370973,0.0032422829747708265,0.0015136815321765064,0.004530463734424501,0.0030812190780151708,0.009622014480311534,0.00298413285901963,0.0039102005737824555,0.008054524404616147,0.007603479443038792,0.002441707935466768,0.0036469767983389307,0.0018494150107612834,0.003928611721696594,0.0056335930414838815,0.003472416093865667
3548,0.004955548017415041,0.004714732341316217,0.005634198009601935,0.005819422545931772,0.004020888580691885,0.0048591096964077565,0.006759005176816591,0.0033379331348740698,0.003664990667328069,0.00432720777624732,0.002101354537863727,0.0026619047854498385,0.006146757907015912,0.0029451025394020332,0.004067050039307417,0.0030685777414982116,0.00349429886204443,0.003755172103046301,0.0021131973679349375,0.004980724920181819,0.0038153121080152885,0.002034257439641881,0.009794927137026106,0.002412799613127837,0.001210055086460443,0.0029200331724526887,0.005497042299712602,0.0019383470628977688,0.004614292861658389,0.002659477703010692,0.008100261685941869,0.011096263547188259,0.013144372209528967,0.0020678339077540866,0.0031073643615258787,0.0007869792090023951,0.0033713765006231095,0.002039163390982912,0.0028694034839247882,0.002580132929166394,0.0021743602550823686,0.0025460591895757954,0.002183714946544373,0.005264213237980232,0.0034010229718264753,0.00782144156840956,0.002891528259588338,0.003425690896112881,0.003199323488979628,0.0050882883687314645,0.003162894630015255,0.001955596652977138,0.0030704176064953476,0.0071730529094077575,0.010020112886208627,0.0017842413767917532,0.005139199721303163,0.0031442071872889673,0.0026985436664666023,0.00266356904143747,0.0037244495358769217,0.005436573492218378,0.00453837324480068,0.0042163644727552544,0.0029296098611564262,0.004108055823196003,0.002652828958461538,0.0028490573419179205,0.0021551601120358616,0.003941237202163767,0.0049443275231622445,0.00482038544957541,0.0035012181861398283,0.004487744155745151,0.002452312664029784,0.003951373269479643,0.005728470139936783,0.014009459006572016,0.0036755648571417054,0.003010970581642407,0.003188549977084366,0.004827944293338994,0.0028302959422348913,0.0034229318315760794,0.0031218445373118586,0.004234738978893518,0.003670114566366319,0.002784626162721289,0.0015203574279962428,0.004206645058774652,0.003171930570623807,0.009855652578831491,0.002572574044012756,0.004267957320267198,0.008529345436541423,0.007499518737105612,0.0025950802168595616,0.003769802282412505,0.0019283567858172134,0.004006693239863321,0.005680774197779307,0.004010363423498199
3549,0.006895674143997187,0.004807793555606941,0.005340509584624034,0.005236421478932029,0.0053619650856165935,0.00530438024366052,0.006550562752849614,0.0037902256809495415,0.0029691265227405625,0.0058957352233387945,0.0026880198890535307,0.0031804897156614397,0.005159321272959277,0.0030932474898025227,0.005242206446050392,0.0038579526495424823,0.003876248428624142,0.00636946849240013,0.002535708257864004,0.0065179732308770395,0.0033663378390506103,0.0028080623247112714,0.009397351173539853,0.0028053646936882313,0.0012356689174874316,0.0033740947917796893,0.006902444385622374,0.0020710713801500103,0.003922419973501671,0.0027668785691079634,0.007655993810309682,0.009714260819578161,0.015339906795500966,0.0023286355800101292,0.003030213227798682,0.00106926176537736,0.0027587004478987335,0.0017868745797068595,0.007484597761750181,0.002578801158414473,0.002076003576601476,0.0020938555577668695,0.002340280774335039,0.0046721152613659386,0.003435869741096028,0.009473178174173211,0.003603389902616897,0.004327413261158761,0.003208283317288154,0.003742325888796587,0.002676336592353372,0.0021406739608533787,0.00297153839396655,0.006154983043864519,0.011157946792253622,0.0018810796917122343,0.004548400579337437,0.0027479180266320492,0.0033207755614790353,0.0024986912377603907,0.003442975433206,0.005595919835556305,0.004607248563855921,0.004273676409047277,0.003111656477964397,0.0037280883937470606,0.003926275892336143,0.0026286191023167935,0.0022715264087185016,0.004443465107647816,0.004386474507430145,0.0054837283243427395,0.002813140757845472,0.004929657193253402,0.002304346413777447,0.004336662810037537,0.005550250828502538,0.011347260319239882,0.003710876825683559,0.0036010752100708357,0.003756427461043741,0.005090516022965574,0.003008937619493627,0.00367497204501897,0.002652044818598729,0.003579097162165896,0.0036091919924111215,0.0035574296278404615,0.0017473767619104142,0.00414765908960318,0.003444335399397338,0.010005872943403493,0.002663827959998703,0.004047960612647266,0.007977659542422981,0.0075298160350923005,0.0046216918862485145,0.0033663389322053107,0.0018328230780983376,0.004099891295298666,0.004801231370580156,0.004028567787995567
3550,0.007744375051412213,0.0042845044542706955,0.006380439634921793,0.007398509941562926,0.006053898861868343,0.005403275611166119,0.006540823634109713,0.004001488747117369,0.003299039591381714,0.006093086874534362,0.002718970983871406,0.003970051182167187,0.006097016901122724,0.003988067934464602,0.004852149617437354,0.0038875866820581896,0.004599079982788054,0.005778460648214667,0.002526892026581851,0.006891584478409193,0.003559029778664477,0.0026275025341689654,0.009924428311612,0.003151863568907583,0.0012179654835731762,0.004250092671997942,0.007611229635095312,0.0022669167138744963,0.004370654824266026,0.003174453226591787,0.008127847115403009,0.010411205796551066,0.013351300114799715,0.002239710854876769,0.0029898062928936913,0.0010945729165179098,0.0033189170529630894,0.0016611420052581017,0.0050909086159078515,0.0031980781231998948,0.0022674124655671308,0.0018822666574627412,0.002137695569120435,0.005092542213467529,0.003366135924896418,0.010066345826700436,0.0032340713262390066,0.0041204140547537885,0.003390516317628368,0.00432118706631378,0.0027690019889015007,0.002377688614969175,0.003157018440386505,0.007495004103759048,0.009452622852947517,0.0018149045715288197,0.005902306158441355,0.0031328803585734793,0.0037606702172281866,0.002583312225072001,0.0037647630104831234,0.005498542010869217,0.004158253565562135,0.004790449526063937,0.003791388992341451,0.003715137443327287,0.002465402236597689,0.0026908410920724506,0.002706813533328891,0.004336714120841992,0.005311957158575144,0.005267959257018115,0.0033250117559081296,0.004848114758456866,0.0022191289731639014,0.004324733481061507,0.006073349400798227,0.010521868502224736,0.003418208230214971,0.003660761887104702,0.004058771749068902,0.0058564116527963115,0.003201880090534836,0.004192879654865731,0.002944287906388638,0.0046235141112369385,0.003634593986702322,0.003462886373582453,0.002096551485222219,0.004317097126716661,0.003461233277514159,0.009774697112804185,0.0029028281217119626,0.0043794500149881045,0.007402709378790524,0.0075184473276473955,0.006274433502117132,0.003359039127835719,0.0020536231576511375,0.0038428875416991254,0.00621923937104815,0.0041064243196194
3551,0.0071491209232495126,0.004400944915801224,0.005305961034048103,0.00594336554551845,0.004489172758714516,0.00655029515861751,0.006902357309386161,0.002558047581139114,0.0030872308312571185,0.005781012573256243,0.0018433576142952205,0.0032072655034986785,0.006229972783848654,0.003063254193054286,0.002907900095390151,0.003423198163261518,0.0037099169463053632,0.0036482489218213243,0.0019511645028370591,0.006176891248696188,0.003350219900988858,0.002638312636733144,0.010022841284563,0.003486725776723859,0.001095886475886066,0.003031877235462477,0.005046113333564923,0.002118465137479829,0.004867546196662855,0.0029186393148912097,0.007278780071288077,0.011011667297899224,0.012804433432683926,0.0024126696744326687,0.0032318321647891043,0.0010116456303648237,0.002698253653034393,0.0018703786966973099,0.002212260094375285,0.0023281241892990938,0.0020966654734555367,0.0020806121785507193,0.0019062927568490404,0.0038773864511894734,0.00341391963490838,0.0077744017374821875,0.0025362468575418893,0.0031599532329397682,0.002636627925533869,0.0032044551221269203,0.002738847625173852,0.0017396861172362223,0.003251695853611995,0.007444885448993484,0.00739492973583169,0.0018866849883589316,0.004725164885122383,0.0026649148288999404,0.00268850546344967,0.002616318484654209,0.0030408169295949336,0.005848177608648673,0.004645223783514039,0.0043561228406623735,0.003261651885880671,0.0037069110303529947,0.002911675954868664,0.002433704191486228,0.0025770672192661328,0.003626103401053529,0.0037205692179244983,0.005077350140780511,0.0032903318184283013,0.003804247215312892,0.002003773336813807,0.003122595790085776,0.0057825939856609,0.01125705344367133,0.003467465083449181,0.002748114157219298,0.0033167134191541187,0.005638330329086171,0.0030890187085293825,0.003066203918874891,0.0027278488456800396,0.0034255045882437118,0.003957390772091582,0.0031916399367639212,0.002063729044994874,0.004387080212837996,0.0034119004099329438,0.00917627279394019,0.002487961070684345,0.0033546378237114603,0.009014586675945398,0.007876040045249545,0.0022781459815368267,0.0035232660173534908,0.0017527222108608923,0.002629868764813159,0.006199086580009076,0.0028223666844104495
3552,0.006712887210438837,0.0033374893182496496,0.005124498315196584,0.005902125260402393,0.0035717896610429167,0.004200594232915642,0.006585825889115937,0.002471825481043895,0.002673595905476464,0.005151376104718369,0.001950720886710736,0.002730509671192601,0.005954864784901895,0.00197463146411009,0.004307846816852761,0.0032013080230821702,0.0036995466421461797,0.0034020784292741546,0.0018308495932711636,0.005336449320171177,0.0029958927822850757,0.0025171024403750114,0.01012416484910819,0.0019571600185217413,0.0010467827189330821,0.002607030280195386,0.00398607418776021,0.0019516014372331647,0.003908517713245209,0.002669505421728735,0.007241921700523292,0.010124299985649598,0.013566733520074899,0.0021086332719842038,0.0029474892340206047,0.0008776653429203944,0.002303864875015164,0.001956617753129769,0.0024068138011202967,0.002094078628386754,0.0018532887748831668,0.0018008690223195562,0.0019814460706735404,0.003965673587898928,0.003135922072463513,0.006500526458799301,0.002682607946869826,0.003325253601593723,0.003593507986672187,0.0032161725289578417,0.002190652241758799,0.0014896988537384664,0.0031155837264571925,0.007045620587155304,0.007425604001018425,0.0018042079286411774,0.004229189499952723,0.00248919599954878,0.0025008884804520915,0.0024944528397343965,0.0029005761514179842,0.0052762536512144026,0.003160924773669942,0.0036307304583805245,0.002438315898912473,0.004289985009133604,0.002450399263862999,0.002193116005240895,0.0020923361132402134,0.00290562876803506,0.0035217417106068504,0.004776171025456583,0.002903406646228959,0.0031822455730135552,0.002168151605613628,0.0032419329967081547,0.00593089584430865,0.010958160525911134,0.003286336093190568,0.002673550784865594,0.0036268390478238935,0.005051184781765701,0.003061163215326598,0.0030418868969055456,0.0029880803456314173,0.003611057010477102,0.0029649712596285373,0.002915718018451949,0.0021338271377783534,0.003848915052845363,0.002685393891296062,0.00898006526506083,0.0020189707491669873,0.0032479566357723607,0.00884098019351101,0.007240419949237704,0.0021363342297928763,0.0029694558732937617,0.0016709047776513905,0.002701478213415098,0.005934844592197148,0.0037654239523439016
3553,0.005793276215480544,0.0035531348698043634,0.005058891151423994,0.008289425327627923,0.003339712338022029,0.004130709878814592,0.00547698211853272,0.0025745819671039124,0.002787470868544511,0.005772268744730228,0.0017649990567541309,0.002347693580902847,0.005896764793704666,0.001943647824495473,0.0036825807761141625,0.003079633342730999,0.0031939702655697177,0.003558215514716341,0.0016361631880596659,0.004384288310217018,0.002751599698255703,0.001976928450881137,0.009757998019354383,0.0020080051616009295,0.0010691554602108007,0.002585824870145519,0.003829423644298743,0.0018384852191269004,0.004258427760213437,0.0031920382259026004,0.007452612755345978,0.010076891698480741,0.013735530392696364,0.0022073546795558824,0.0023462480955059894,0.0006714916504793327,0.0018878950610988464,0.0019232209973460014,0.0017649129189260435,0.0021587051681843327,0.0020051616923806594,0.002038446982643827,0.001797319864448896,0.004135993580492912,0.002910779248353306,0.005868646107410222,0.002502907130869341,0.0033791791089872723,0.002773971371742403,0.003099401403169138,0.0025924856200114834,0.0013642820733352665,0.0025382311799299747,0.0070546181997824045,0.007662436981920223,0.001950570657882789,0.004050787572047876,0.0024301154641101787,0.0024314324924336428,0.0024579802269734516,0.002795914510256521,0.005378680242294057,0.002876098129176088,0.004258882924872229,0.0024983961919591664,0.004512091859527132,0.0024183758165694322,0.00277232913554566,0.0020937966372683208,0.003088181237360138,0.0033175611783665153,0.005151148918372084,0.003300348219181866,0.0031954809320349073,0.0019980860506844727,0.003269397434836878,0.005802703093945119,0.0108707336271044,0.0032550253502538866,0.0025048058855409714,0.002905590898841732,0.004644557422326236,0.002969592015483952,0.0030719382757884404,0.0026207566575314305,0.003654916988643559,0.0025005465063618155,0.003218968691344399,0.0013791263531869663,0.002980302262818704,0.002735723633670482,0.00939867363254277,0.0019743115629912034,0.002575256757622146,0.00844475570253139,0.007159793544804565,0.0017721425380921268,0.002898179990224538,0.0017704232356257601,0.002618520326365726,0.0060267909598733654,0.003000604377396624
3554,0.004228396761399005,0.0034591545193654767,0.004725248643552966,0.008019500382260868,0.003627351954722254,0.003987253750005699,0.005650146204706698,0.0029542117227227814,0.0027847294112215396,0.004888570156526159,0.001977675961791962,0.002695667908527066,0.00553134647415738,0.002250559218575001,0.0036073691894652647,0.0034446387303075244,0.003954940963450693,0.0035251349468181465,0.0017087866121856113,0.0051306778424799445,0.002858809753981835,0.0019999235583906473,0.009312166515381153,0.0023129562886428337,0.0011259232216163807,0.002449409601531337,0.004370285223566663,0.0017126461934417905,0.0047993901583784524,0.0022117803812855903,0.006842730909756996,0.009212751476791488,0.013206401958983892,0.0018166153124813595,0.0028028252758126792,0.0007635625545077023,0.0021009289319427857,0.0021800803424247154,0.0023014565321887058,0.003075589042855477,0.0024346096214437622,0.00185053549633983,0.0019287751825637913,0.004723989178833035,0.0029950203301319983,0.0071845121061271935,0.0032056419279505107,0.0026495721048208705,0.0026638832483478424,0.0032816394024700437,0.0025927666615202997,0.001583817589304336,0.0021532988662128533,0.006666358260638534,0.007441734008574507,0.0019655264263192694,0.004561578574644143,0.002611496090145212,0.0027624317968460827,0.0029352931716204065,0.0028456010927436644,0.0053626210271336934,0.003452626676509385,0.004704156872751544,0.0024084225612637997,0.004081276504459487,0.0025505842664476025,0.0032940145239998956,0.0023894431276857814,0.0023985354307746623,0.003664358688955652,0.004923812032875216,0.0031337295442152493,0.0032874354833301723,0.002046461184898881,0.0034151552986252374,0.005460170137129645,0.0109919491831379,0.003414160583681611,0.002639305267580494,0.0029954851872840698,0.004790677280098087,0.003106633014884667,0.002984535942896907,0.0027347375505006404,0.00381825508675973,0.0027028019702747684,0.00315688891745436,0.0013912571568104497,0.0033000742892085044,0.0028900162511092614,0.01049231634782076,0.0024013296763971933,0.002690504777344283,0.00835990632294263,0.006789845628551073,0.001820506987438552,0.0029702740142547733,0.00190058594309449,0.002486550123892077,0.005873866028064625,0.0028886115790118863
3555,0.0045110920249814045,0.0037330215511467025,0.004768563721945101,0.006657858696374351,0.0031979960998029557,0.004249951717147855,0.005817804807039289,0.0028279358156266836,0.0026596963442177546,0.004876367650509612,0.002098992101268128,0.0025955396801017982,0.005529209481173638,0.0025416161129120833,0.0036996747975469053,0.004458247156554086,0.004046290962954613,0.0036199264093746235,0.0021681735858924776,0.006164990261523228,0.003139620070499242,0.002133838373351687,0.0074937575635859125,0.0022735433460400077,0.0011097576457717267,0.0033355313122883186,0.004254090368281912,0.0017706941289828743,0.004853547642233166,0.0026815840091448605,0.007682718075096764,0.009099588536126132,0.013367625227545792,0.001920397607454053,0.002913746687884241,0.0007981358314773268,0.002406609260845048,0.0021935377455899155,0.0021890666939656713,0.003082323002791185,0.0023573901381924106,0.001886928407899484,0.001989324430794207,0.0045624052849767265,0.003124846314833568,0.005747274311423159,0.0030221228658775744,0.002433429391144427,0.002723354724162292,0.003829690522188969,0.003385422212592362,0.0019298662866448137,0.002124036241122895,0.0067417611452485855,0.007599634342492623,0.0021128376691817133,0.0041479386932558905,0.002642099775791806,0.0030816472336553176,0.002372867633140412,0.0037718933877026453,0.0052360003618469216,0.003369268593084104,0.004988238500808767,0.004103914505799671,0.004719116403323125,0.0025610789982678486,0.003246258978795323,0.0021713613538494195,0.0023545650343608855,0.003657005634954719,0.0038334647714222208,0.004112579018659921,0.0038421987807993915,0.0023130881875957545,0.0040033096813637745,0.005700047871783218,0.011662952327259956,0.0032564961633253045,0.0025187374541982173,0.0037092027426650063,0.005084967246206767,0.0030288884727910944,0.00295517319506454,0.0028556621497009263,0.003803201438607879,0.0034750930445770108,0.0030233109226333013,0.001134338547229724,0.005137817621244233,0.0026449406514733715,0.010985309861009108,0.0022356533287110725,0.004113230198640559,0.00790571877466447,0.006845765708997108,0.00218063595795472,0.0032422661047849604,0.002137203724035238,0.0026780828392450615,0.005865578699963076,0.0036820048183043253
3556,0.004887189363098192,0.0032662247798373816,0.004768919821185501,0.008181814655929515,0.0025513763499173943,0.004285451533727477,0.00562579856731508,0.002927908856953569,0.003373571725078798,0.004750226406987585,0.001965446144646094,0.00275001083948926,0.004898715154513941,0.0027445749967043927,0.0030640144242788754,0.003525868565250885,0.003208995070826205,0.0034700512415509676,0.0023398524293307653,0.004957608508845998,0.003284767523982365,0.0018822172692663857,0.007390438648111761,0.002143046644870704,0.001254589898900146,0.0038547854699613883,0.004133588058724634,0.0019956128930198845,0.00487476019606112,0.002402071616682134,0.007632781440184519,0.00924493852721182,0.01329941920150492,0.0019110090384534743,0.0030067839228397762,0.0007559925486715072,0.0023448112995460794,0.001968852554716063,0.002336315017170502,0.002255197909141031,0.0023184281441488395,0.0018270298115206263,0.00196579904016228,0.004320927120143822,0.0032135271581969064,0.005726668456180425,0.00296591820730742,0.0030673728301655497,0.0028467603222788835,0.0040786510625323,0.0030093814186191873,0.0015841579253971017,0.0024383310283229045,0.006889042084403706,0.007723613963826438,0.0020910378075594486,0.004783554063973323,0.0029788225735525933,0.0029188207571452483,0.0024980204848284965,0.0035499520802728312,0.005342163682584865,0.003819841078916368,0.004576457632806504,0.0029391299196802473,0.004829107400846677,0.0037265561471035986,0.003100681318683026,0.00210537849960904,0.002867414716261564,0.0037680651704296666,0.00447873108776961,0.0033003695501116286,0.003497996033502884,0.0024045238756870715,0.0034281394735445,0.00510863090305973,0.011971033077882956,0.0036249360222518645,0.002825013453845289,0.003333350619602602,0.0053296713749987025,0.002825580258696347,0.003020836372876381,0.0029151878457235503,0.0038053548450037358,0.0028007273844239504,0.0033023211753185557,0.0014132468344835959,0.004167850546034179,0.0031055228455231787,0.009703419175482201,0.0022264174893222785,0.0030756116227358367,0.009588328222721912,0.0066706026984046565,0.0020069801050860976,0.0029974032464356176,0.001823579160052958,0.0026916858669625236,0.00571416561452804,0.003972783668765859
3557,0.004679327560023598,0.0037537909695727644,0.004823472308523313,0.00570538167976374,0.0029529512805014347,0.004328785002249017,0.00613061510881336,0.0027284298945530767,0.0032283235969545886,0.004513634259917275,0.002703246556681836,0.00279670132420522,0.005400608745081341,0.002981746081892955,0.00304179623237275,0.003361168271690066,0.002862809207749939,0.0035181147851775767,0.002255440078098283,0.004726410784815179,0.0029320436827411566,0.0021793464100722374,0.0058750838728732855,0.0020491344937832324,0.0011720370606106692,0.003957744726414401,0.0041564751367644814,0.0019046881190316132,0.004036270478447346,0.0027378570833704536,0.007618306853133739,0.00906465530810517,0.013373613806110383,0.001815866544481548,0.00282506242468567,0.0007967371782381991,0.0021901734254593727,0.001976981984697644,0.0020650140710557156,0.0021796825412591387,0.002254480583905477,0.002035975422286965,0.0018531613327313992,0.0037527078403745023,0.0032125960459236293,0.005754851226504097,0.0032660013195071847,0.002968817300741234,0.00301564916034368,0.0038254356800175703,0.0028339187819711336,0.001575377843824529,0.0026404476601862193,0.006950939373166973,0.0076880516614579375,0.001986081323304009,0.004649499941708776,0.00274960315777074,0.0029353936195423203,0.002560872197742979,0.0032804313698299847,0.005405915938699038,0.0040442043858750845,0.004381608923094562,0.0028767444291172557,0.00441715487338145,0.0023038759637744044,0.0027399000834876872,0.0018704672740126691,0.0031028144586020814,0.004038148482694012,0.0038269738620061496,0.003949761756756885,0.0041083848954809885,0.002274580137710866,0.003501644771824092,0.005108101854463374,0.011577237792691198,0.003470045416954878,0.0030087195770298007,0.003150729717319668,0.00527207336208385,0.0031198281691114244,0.003111000504834896,0.0026521668952612385,0.004021836256022006,0.0029442117602591212,0.003202299317147046,0.0015135186531464754,0.0038421489667840804,0.0029379740857762944,0.010068439907085844,0.002289969383332423,0.00323134917388125,0.008210328683387913,0.00700483354857551,0.0021883239094116057,0.0028713460663325778,0.0018224100266346645,0.0028918659909803303,0.005585236536421806,0.003871327065514517
3558,0.00490373722825156,0.003547106169921819,0.00475666507080897,0.005805922334460421,0.003129953185532024,0.004312186713324639,0.00586410730329329,0.0023860191261897536,0.0032036752651506523,0.005148899989614015,0.0019459252263106007,0.002454023905812038,0.005451473912152964,0.002646953729788926,0.0032842440485209706,0.0032618601423133244,0.0031566585463251736,0.003058877095078272,0.002021667069869205,0.004533535738436536,0.0025220699266601094,0.0022043813994944766,0.005726480793443395,0.002955369692007832,0.0012172416013145832,0.003098940354663642,0.0043525713452826145,0.001949139617751255,0.004072260906031154,0.002468576347667992,0.007500349895781685,0.00911483144057831,0.014207616644787046,0.0019638850369405984,0.002042446820552023,0.0007461995994610578,0.002200785080026507,0.002013016892821179,0.002586811575359083,0.0024560943325411654,0.002367114154395637,0.0019397650236761485,0.001863893531902215,0.0038067692424472734,0.003003862761835756,0.0037760506575986725,0.0026788099219133806,0.0034519854522351923,0.002222452657207551,0.004963346273895292,0.0028608090460935207,0.0017984733015510826,0.0025050897944252763,0.006920319986214515,0.007590667004597518,0.0020452494390500123,0.004605438654800389,0.002528155801967532,0.0029282073360704032,0.00282404085893783,0.0027331282520524653,0.005433516283485714,0.004582058522326129,0.0048718580594823485,0.0028505018840692536,0.003465588016631235,0.0026818913467884387,0.0024917680932653756,0.0019726434542426284,0.0023838132967589757,0.003881700959676137,0.0037848009045168183,0.0032907931929731914,0.004121130998202155,0.002171041059911898,0.0033106892412564383,0.005661017196427626,0.011859473567124718,0.003524382727301722,0.0028599603642192268,0.0033163615814631,0.004744748707314049,0.0029067046705014673,0.002913538356813372,0.002695550886361875,0.0036968361020787476,0.003133798244359369,0.003172286244394111,0.0013979134703848766,0.003949351375466293,0.0026939442112314752,0.01017936526497436,0.002016218172759289,0.002703677328302886,0.008315701928419504,0.006700655211470901,0.002176631981463649,0.002768202168104921,0.0017847108197461962,0.002554045358150545,0.005716524326312593,0.002747174187057462
3559,0.004628035560378057,0.0037783936989942914,0.005321735080525813,0.0059467705309958875,0.003143116031488592,0.004371142250551489,0.00635530995055741,0.003304603265106971,0.002967187894011035,0.004794676390468777,0.0023137978410121877,0.002966106419466688,0.0060731992639022955,0.0022813194442164843,0.004610618499869546,0.0036182483432278373,0.005307411308869294,0.003480881843965548,0.0018321831012009112,0.004754190685042324,0.0033261905350079413,0.0023286169632624294,0.0072638124274094105,0.0022657627749838316,0.0012576923795504273,0.0034809012045097626,0.00421406843255659,0.001976684342871661,0.004347813431245815,0.0028717784632367837,0.008191452570464348,0.010817107995610552,0.013693914182583347,0.0017153893510840333,0.002517906204605373,0.0007127651269288577,0.002649153296787976,0.0020063377131088562,0.0025759116273097148,0.0026342618532407213,0.0027168402018073004,0.0025521959857188366,0.0020894907977580773,0.004464771229496553,0.0037105423793819224,0.0032536821318457404,0.003549026350697773,0.0035704394314860547,0.003033004772559892,0.003906943938545229,0.0032537162069872917,0.0023703487878792896,0.0031965603564038793,0.007331449957549455,0.009110132447351621,0.001846061095822838,0.005018713486794553,0.0031444826493594066,0.0032511781988909952,0.002750825057182558,0.004130393750976501,0.00548806909178784,0.004676947853866856,0.004732368540097137,0.0028843761246915935,0.0042423608984833655,0.0026224620293180717,0.0025508425303643703,0.0020550547509711405,0.0032895920457102325,0.00447402870865289,0.004115811898002052,0.0031183802875873936,0.0039021157585276294,0.002509606142053644,0.003722441978580083,0.005607064184962775,0.014270140749586399,0.0037246891075448534,0.002826184072267396,0.0033952924090710273,0.005077011090731909,0.0029215566712218785,0.0030031631031767958,0.0032486576764528714,0.003977940628089101,0.0036186763863357476,0.0032300062268963035,0.0015877562941710502,0.004427751867622447,0.0030875813362708643,0.00965907735577516,0.002274641676569084,0.0038423860539269893,0.009097892151482566,0.0071397187619926415,0.0024027325041877964,0.0030522794369957627,0.001895159761301919,0.003595892292501446,0.005520559371701151,0.0040751606561630314
3560,0.004430797928797348,0.003872911851824197,0.005227252350370773,0.008087280283554718,0.003441098905335519,0.004643281094331686,0.00637048131656884,0.002695970206178608,0.0035796592771294797,0.0053644656300789505,0.0018261522391171045,0.0030764856259308574,0.005572232598636831,0.0022836787363975067,0.003874150870660105,0.0033590345698975375,0.0028945101453013164,0.0036149289213863824,0.0017012822159520784,0.004294187657410732,0.0034282134367274843,0.0020971867566369983,0.008099310454748432,0.0030503422765560165,0.0010496167687921896,0.0026302587414390117,0.003984449394867677,0.0019824326153423427,0.004368747059872446,0.002960897386052056,0.008462434449350792,0.01096672807582349,0.013796733806009823,0.0016664295183227678,0.0024415298615595763,0.0007030031108984941,0.0022557093640419687,0.00195861651771111,0.0023264925020102904,0.0026937725238015717,0.002551211413110091,0.0019593142258656545,0.001867523359918886,0.003697737898474355,0.0028594674657182986,0.0029350420159325943,0.00265609686250017,0.0029307966325687893,0.0022812644937718757,0.002958895622441634,0.0029733246340983843,0.00164208746919155,0.002871629924889834,0.007430290233757319,0.00950828038221881,0.001901766979946684,0.004417300752133615,0.0031015038079282528,0.0028535789131620406,0.0026981610057740107,0.0035185224970280767,0.005492976972649788,0.005173162520058065,0.005087034238200865,0.0030546316708667904,0.004457643475067426,0.0023550477004459004,0.0026743667801959513,0.001878130283306149,0.002547694785792805,0.004045509902725308,0.0038548445883733176,0.0033122370778436976,0.003357019741601149,0.0022984225355443663,0.0033635933114001754,0.004550011668057751,0.013995035659082677,0.0035211240038967788,0.0023559001036216214,0.002760817681623511,0.005764076861342456,0.0029862748254676297,0.002866344726627617,0.002725015976273939,0.004017030326089136,0.0026688967666918073,0.0026490573590161604,0.0015698605498603011,0.004065438781728769,0.0032357628103821894,0.010848942233928247,0.002058320354451595,0.002597037745630266,0.008321899061595701,0.007124173192791891,0.002296116914184476,0.002777679180395876,0.0016783617189196336,0.0023337195170129773,0.0055819604169102185,0.003354267795778747
3561,0.004848753572088552,0.003950119383899098,0.005186300110758157,0.005742084407009372,0.0034642902690731735,0.004393861604379767,0.006429043845661562,0.0025272035804080497,0.0032263205285837163,0.004749413719643913,0.0018569826462857338,0.0042221297204310245,0.00603462826720021,0.002299897650289887,0.004229143285629838,0.003946063279948181,0.004895143120186065,0.0034755873363942823,0.0018069759497406006,0.004412157799731647,0.0034881432653416375,0.001983524201546001,0.00591330485202785,0.002717280557704782,0.0010816988957821811,0.0029256807137152297,0.004331898671064303,0.0019582660131374297,0.005115304733316175,0.0026228596988268423,0.007868639405560296,0.010836008367855251,0.013809607180152672,0.0017291715737746017,0.002532196546142029,0.000716307006596125,0.0017539747796965878,0.001943819293684556,0.0023181055924421296,0.002723301261666091,0.0026748933366078764,0.002106903207298824,0.0017826864985725048,0.004350808207818506,0.002983965154736728,0.00305631987996952,0.0032298985320143685,0.003730335239462497,0.0032866016264376766,0.0036354342876113734,0.002326251636151182,0.0018479952862020766,0.002363987652535055,0.007418595100016291,0.009534783248219688,0.0019502802061179374,0.005184210150198579,0.002700792993187766,0.003459813072047447,0.0027820812777239056,0.003411897319837388,0.0054925683290194885,0.004600527953075445,0.004628756663916656,0.002858349167872338,0.005102591618751735,0.0024815672515299645,0.0029619042162945465,0.002415973581858938,0.003007855202937227,0.004263379836415291,0.004088429955907653,0.003141506304770464,0.0038445133544165013,0.0021897150851785583,0.0032716223144222535,0.005056435444371414,0.014552410639597514,0.0037718815849624274,0.0028047832299850396,0.00333510621120573,0.004982289351406787,0.0030153250241479533,0.0033185662322439283,0.0026190746156822585,0.004052213755964948,0.0037842119728834565,0.0031634837652726056,0.0015946684020360026,0.004836848743638538,0.002775129477309672,0.010507621954803715,0.002046108586876785,0.0034846629852870047,0.0080952728255534,0.0070880617219772025,0.0020913084500857994,0.0031162435041527346,0.001933401211585334,0.0026894799748102822,0.005550693336963268,0.0039511987795646086
3562,0.004552896951724585,0.0038826682062677977,0.0051139392061636665,0.008326390604811338,0.003481199905544967,0.004466928174908477,0.006023710859861931,0.0028753843938600656,0.003437640098664278,0.005846821901094488,0.0017672441746678681,0.0034006324494715323,0.00603462826720021,0.0023208684774490567,0.0036987124020019424,0.00369548156103111,0.003532650949579751,0.003560094234239835,0.0014871211553109933,0.0046363219236581705,0.0032720250217080707,0.0019125764741657486,0.00614883431417765,0.00231439417080979,0.0010183370428368751,0.002451297661350299,0.003840140559065952,0.0021562007324891627,0.00515424440344139,0.0030269703572550115,0.008065087571009868,0.01080638601193778,0.013576955187474956,0.0017680196473950432,0.0024425447571501543,0.0006589992343522355,0.0019297982745375948,0.0019372033777245205,0.0022663421043156644,0.002633481882045613,0.0026257002521323466,0.002271762525508984,0.001844949080577764,0.0042368800729483515,0.002906731520327283,0.0027642838893262196,0.0030290045464587043,0.0031949108264494783,0.0025047752963305607,0.003799169145456135,0.0036250827810641924,0.001674778308224849,0.0022441024353505603,0.00735110201961185,0.009516694739472661,0.0019765744831698796,0.004571420869626786,0.0027279089799216714,0.0026841551663991346,0.0024930667969209276,0.0050195572657546405,0.0054495640202474865,0.00397511369152647,0.005203945602139034,0.002929653435273461,0.0055096053722394804,0.002542731662668191,0.003510789266113043,0.0021264578432891126,0.0025391718855300133,0.004152155254190068,0.0044692673697452005,0.003181629870958919,0.0037790983774538375,0.002316243326179534,0.0037710418022414457,0.0046337234116289846,0.013832106672888892,0.003816953438178463,0.002421467340870104,0.0029040856923700223,0.003894421389388276,0.002892038619717558,0.0029188686720018125,0.0028242744904787916,0.004232550617041979,0.0030590145618280707,0.0032611678954924143,0.0016206481352375691,0.004220682247983636,0.002970975132449509,0.010518519484671068,0.0021244391214647203,0.002974146008726313,0.008674943846526326,0.007144182598224399,0.002183607361274681,0.003356703263958948,0.0019821084933544343,0.0027587058747226135,0.005502380479404328,0.0037450895585507175
3563,0.005053818406024783,0.0039974314184039045,0.005233246118200918,0.008266288410891538,0.002942238047964901,0.004557356183116918,0.006001562468950127,0.002692845917133872,0.003438023259525772,0.004454922415891579,0.0017033705803737706,0.0031355922957757186,0.00603462826720021,0.002203359176029595,0.0045871246279319475,0.0039129941233276904,0.003135077182783487,0.0035769793487365805,0.0022743478443872983,0.004396643902585225,0.00297322788237452,0.0019706773147548213,0.006527830860015229,0.0022081156782422294,0.0010759283274933632,0.003004012764269845,0.004589263490432199,0.0018396460993727929,0.006044178155124047,0.002882543653363106,0.007810535609715471,0.010894324735252574,0.013451429051709405,0.0017324113166724583,0.0027646668743442613,0.0007134848798652875,0.0020299821394851544,0.0019313483792601015,0.002649294119667249,0.002637902102879533,0.002318472963100671,0.0021047129406534474,0.001853837900825792,0.004078694873512864,0.0029666317873235227,0.0027480359192881315,0.0034602134100592446,0.004303336902401937,0.0033510988103239857,0.0035574097892377672,0.0035623214242297262,0.0017720217903191536,0.0024936895262702603,0.007396858896504743,0.009655213311681453,0.0019592576316512992,0.005097549185341562,0.0027384083799851648,0.002808550577624094,0.0025942511492872264,0.003961056087311766,0.005467797681142112,0.00469156812435787,0.004453231433255536,0.0037055293324107755,0.006720449442502994,0.002535405749016142,0.003246581461242192,0.0023377580856944065,0.0030905316831965676,0.004281559619572852,0.004698865575200607,0.003446432300547043,0.004186729648333496,0.0023438821777184795,0.0033229479802986362,0.004942174096175493,0.014350060602082411,0.003647921328599226,0.0033046871704578667,0.0034974017014220322,0.003954494599244731,0.002885802051545707,0.0027798938716932426,0.0027403766821707766,0.004037591036557341,0.003552235348318634,0.003033953713119838,0.0013581662736454167,0.0041515973491160615,0.003134684998366755,0.009988542864375559,0.002520822258664306,0.003149629981136653,0.009064053759582457,0.007144182598224399,0.002017040758765948,0.0036499499947284,0.001923036407416338,0.0029223331724544765,0.005596506868105811,0.0034010327311851042
3564,0.004862269009110783,0.0041798907084272885,0.0052960822981492186,0.005731471096336646,0.002940950101434551,0.00477278379800766,0.0069256808103336665,0.002777203515913814,0.0037514872635269906,0.004589474310766087,0.0016326355173186383,0.003581372209098726,0.005399178231854219,0.002625432226749403,0.0027797735590290792,0.0038991982493918956,0.0029833158163564246,0.002922048365900736,0.0020089049153557545,0.004633765606985875,0.0030179858210055916,0.0019449458144848507,0.006542281838895338,0.0022025626643383646,0.00116290957562643,0.0029605203011975646,0.004703370684222584,0.0021180877785117853,0.00407880905474869,0.003147430891252412,0.00791096725152018,0.011357372937994154,0.013390624999535174,0.0019719034188835907,0.002438173499801893,0.0006646972243741957,0.0024605105370214013,0.002224224538040363,0.0023553675185178837,0.002453069966956003,0.002122138005965568,0.0018167667641745598,0.0019333331276105235,0.003489665149614158,0.004320220675209615,0.0037754861393646424,0.003249900126061358,0.0027371451900415123,0.0025394793819929675,0.0042246037975078995,0.002891778280407912,0.0015449390795075001,0.0029729649573542547,0.007078386002064698,0.009628779765880916,0.002112257563909402,0.0044735839669175275,0.0028408586166811887,0.0034813940894307537,0.00270705001837774,0.0036128358811178553,0.005376835390546876,0.004381245007381898,0.00433976488118692,0.0033298819422478273,0.004486222036503387,0.0037187259502479363,0.0034522654861313083,0.0020955947309912594,0.0029392165157993066,0.004161775607095387,0.004890520892716557,0.002915975955551658,0.003654563476461631,0.002204959857803987,0.0036923569181272057,0.004580349834875943,0.011271883816997307,0.00376901651624201,0.0024900175991526582,0.0031385136829041606,0.004411907136575323,0.003028606358434671,0.0029539025911363083,0.002791551339123473,0.003892627249441484,0.0033844706155186136,0.002939151303806712,0.0014377697486018667,0.003958257371991675,0.0036399964496464376,0.009102804690259765,0.0021159352187482914,0.003743539617470172,0.008260650816335495,0.006866577100325463,0.0022399285276112645,0.0027525339602051772,0.0017321499440402974,0.0030511265824682628,0.005720101245563713,0.003890780965923966
3565,0.004843760079794115,0.0042097369297568925,0.005347787190234798,0.00643093155844023,0.003028174634237596,0.005397195952932977,0.0069158498622544475,0.0027811716435497615,0.0034250567696898987,0.00511867455428794,0.0019900205315135887,0.003608110524126545,0.005770484621540377,0.00291444505993075,0.0031957520748336532,0.0034841501988723067,0.0029413595551607027,0.003134381728715643,0.0019938947567982868,0.0048515211132862685,0.0037318059478684304,0.002143661905147928,0.0064883624873686005,0.002094275263314794,0.0011123722499550065,0.003038658377196428,0.0045353490359068055,0.002089368151000956,0.004289992832196922,0.0027251774862881934,0.008927391489382269,0.011026998963284053,0.012066430738139244,0.0017740177810454622,0.0025685705612271564,0.0006912108781771872,0.0023974874122994205,0.002003450637789016,0.0029631914527784397,0.0024703176534970396,0.002089111574567771,0.0016601767649470122,0.0017842367684000081,0.003978225579332211,0.003408634087763426,0.0038330675527254343,0.0027302827609971886,0.0030067151062385107,0.0024396435845869717,0.004281569891799435,0.003417718239153904,0.001748957170885494,0.0028823777296700733,0.006833410788276778,0.01010812087307428,0.0018761222202513523,0.004861205191220656,0.0028465557210564916,0.002388644252530465,0.0029610608370405104,0.003025995923302147,0.005336406071976285,0.003955382848235645,0.004395244173989089,0.0034513106288753728,0.004000140509103348,0.002578036036847883,0.0033335585326030024,0.0022132545417882835,0.0040491472019447035,0.004252141654850698,0.004609623461660817,0.0031493799409743582,0.0037775773144363167,0.002369253297086468,0.0038489507639524645,0.005515595173943478,0.010099131271245216,0.0034121996951111504,0.0024245157213537206,0.0034476481134583827,0.004999814081707461,0.0031149294629802967,0.003078569038940275,0.002659774860127541,0.004196142383610385,0.0031936634887581826,0.003033777896277924,0.0014694035051397256,0.004820835101224947,0.003498302199002515,0.009689346444957959,0.0023632509505416366,0.0030146296789709134,0.006820908591194439,0.0071437408842397665,0.00238180066332053,0.0028229904468246537,0.0016880838304574898,0.002609779855222513,0.0058034442125007865,0.0031459000594127547
3566,0.005467525649233818,0.004256330642067243,0.005235072961870059,0.004962192200840027,0.003328494962078871,0.004833071889210475,0.006543530227383829,0.002617336911975328,0.003123163737303673,0.00463611434973282,0.0019768626660718047,0.0034938097719858256,0.005790071025250149,0.002637900444182937,0.0036940184939770297,0.0036649337247479465,0.0033673876083250157,0.0032070622808170928,0.0019803584471182315,0.006123190270305287,0.00332296071076677,0.002009541141037457,0.006427312693548178,0.0019318555324968844,0.0011872282483689882,0.0030957818179951245,0.003693137221044586,0.0019686093504408617,0.004402516551319021,0.0026854046332315243,0.008319907557185511,0.01090437745104735,0.013302617569202714,0.0021191781471753433,0.002540620439772474,0.0007199175788055787,0.0025778353644874004,0.0016910117336217043,0.002625285022795989,0.0027028456325416416,0.0021205453413577473,0.0019285579707043145,0.001871396557894308,0.0042031578837588,0.0038912065899424186,0.00333944613695253,0.003867633084200776,0.0030563332064734695,0.0028334983323088816,0.004125436454433165,0.004079432473332746,0.0015835399768174333,0.0023010939041639305,0.006963735083171126,0.009893253268505786,0.0019421782020575455,0.004792147412385495,0.0027766110039778432,0.0035363197897217433,0.0025454373802675577,0.003646262388553177,0.005873268440647449,0.004439743992650629,0.004177699080204783,0.0029385375972094487,0.003721061368306013,0.003044068778188745,0.002767310158995449,0.0020050914117007474,0.0036174232121614154,0.004462936217819308,0.004992501395004166,0.0032431836320180717,0.003958466604202491,0.0022471081462664814,0.0037940633684354057,0.005563093663680241,0.011332644044891512,0.0034327214058377056,0.0030152641078399593,0.0033514401110639014,0.004639858618505811,0.003289622675958296,0.0032200092438102635,0.0024414762130487867,0.0032256948283041226,0.0029746731849708144,0.0028584262365396592,0.0015810663136338718,0.004457399682142485,0.003371042349592862,0.009329156566183095,0.0022193158236584573,0.003198698411576502,0.008446009342827117,0.007089695621887622,0.002185670718749955,0.003292787761671557,0.0017484154254942316,0.0027185942225793993,0.00572931324039836,0.003790642775226283
3567,0.004847522702278983,0.0037302448429978176,0.0052706293477083116,0.005432779707798387,0.002953549748981521,0.004530127363697253,0.005845451071042836,0.00282275023631675,0.002994401475706918,0.005963765783725542,0.0018786306197505053,0.002624344728351761,0.005548891472939685,0.0023049445124336816,0.004303158778495719,0.002927051334066322,0.003134680979999402,0.002958834076677434,0.001983776274466548,0.004364488768150763,0.003370121544490278,0.0023819990621477068,0.006484052203542696,0.0020798631734088966,0.0011907747223228867,0.003048047956524992,0.0037997795936205096,0.0018760983416472178,0.003920729086673318,0.0026384924324624865,0.007856715466433583,0.011015598594113577,0.012532274133562905,0.001881716805596853,0.0025954777630475736,0.0007523140838846054,0.0022554049315435527,0.002004037398045447,0.0021799842603579646,0.0023850982303558967,0.002221803532132698,0.001872051508247936,0.0018824632945558866,0.003817929298495232,0.003202107980453012,0.004282664338324028,0.002907268475211973,0.0029410748937393457,0.0029496904120890665,0.0034581315385361303,0.0027522232308459433,0.001500849768277878,0.0024815534583231052,0.006807827287430048,0.009873339550974901,0.0017116641939979927,0.004657421848651927,0.0031134929019374907,0.0024907484392709986,0.0025413878430533207,0.0029464261165433533,0.005334134453202111,0.004252633566749196,0.004191298347565498,0.002365593124103796,0.0042360202516279885,0.0025274674990807653,0.00319907967819102,0.0021683189927663247,0.003794945219499419,0.00438907064026765,0.0041371406559952695,0.0029512422867720212,0.003326657005842005,0.0021108052905609606,0.00316295874384015,0.005801493834987184,0.011063354286499247,0.003620256772161967,0.0025010290867057586,0.0028777434096121605,0.004598252281294289,0.003067457913770112,0.002805558667476324,0.0026218473288143734,0.003618724791613421,0.002985067390595887,0.002946734784586659,0.0014673757510821428,0.0036240311009617114,0.0033408131173893064,0.009363854777866849,0.00215563423807004,0.002472894480886561,0.007791426618274863,0.006961930977518809,0.002048549612735954,0.0029721696232238247,0.001694953476332827,0.0030579856794228405,0.005663238873146947,0.004299819034772357
3568,0.004740771057951976,0.003807244685291575,0.005247132019584523,0.005591559697361306,0.0029817152122198,0.005914442125148437,0.005754839616253374,0.002805628186353776,0.002936172588378463,0.005271455862409418,0.0024985973568931647,0.002794971111179016,0.005771166993740781,0.0022030356451608183,0.0038201167151608664,0.0034734500286411384,0.0032525187262412414,0.0029917678612111556,0.002205507310068204,0.004469863273652315,0.004357479684962548,0.00224749420117137,0.006528174032192753,0.002094337215267322,0.00120077475213107,0.0029024988315219644,0.0037995723110322596,0.002142008247936495,0.004086247394673755,0.0028346865243637563,0.008516259580757598,0.010718693840970019,0.01283226017821854,0.0020168621345048572,0.0027125393514009426,0.0007468878999409898,0.0021887867545687147,0.0017703651652548995,0.0024548255889802065,0.0024838898357441115,0.0021133156327942104,0.002078799179175205,0.001772474822964546,0.004023793391515781,0.003264076083626664,0.0044848270072499734,0.002505933748448982,0.003090712479843337,0.0026893830242844144,0.0035620777207478545,0.0024046479138938523,0.0015685993314209692,0.0023653244062590423,0.006855577481547008,0.010024832042160123,0.0017702611479449553,0.0045938620308988085,0.003266171022397225,0.002504999028454094,0.00310582441013095,0.0035129735861820295,0.005393105520118588,0.004279512322702508,0.004023543239754149,0.0025457158067971187,0.005690744320527328,0.0024685169688765554,0.0027206309219159367,0.0018812021430678356,0.003952070591065077,0.0058370832831171225,0.004980342059683049,0.0032410947583956474,0.0033884964604378107,0.002221649412259866,0.003467614712394347,0.005373575164898137,0.010848646265559534,0.003630043895175134,0.002311075824876057,0.0031874909731225524,0.0045368252668562484,0.003107586641014105,0.0029643648680413356,0.002779977605005032,0.003718742271744102,0.0032373388218943523,0.0027481856657653033,0.0015730075212090151,0.0038536904209483655,0.0032749888033743574,0.01019818388144701,0.002212331489109501,0.003004066396975911,0.00785347511165526,0.006961930977518809,0.0022068038998640693,0.002912936375226173,0.0016647356785287552,0.005260578854852471,0.005566252636133794,0.0033988788794794902
3569,0.004387460264523805,0.00408891016342365,0.005219354101539124,0.005730782172152351,0.002955058035380424,0.0042879362541881055,0.00583706911164605,0.003075010919233874,0.0025981791667830977,0.0050311686365983824,0.002289796773598308,0.0027712464292003612,0.005546304824866649,0.0022246488852050413,0.0037048615840340102,0.00324113545917229,0.002921871681427152,0.0032151962115008425,0.0021415363148016195,0.004919846248930833,0.0027720964772404615,0.0024241682930414704,0.006532154566634318,0.002130571597563303,0.0010666522915204694,0.0029045553144842477,0.0042443165494135075,0.0018740498175905853,0.005244501778998286,0.0024761606560800243,0.00816899532940773,0.010851950464107097,0.013123715391943848,0.0018908241213804128,0.0028405050586227227,0.0007095321881828715,0.0019273306342949467,0.0018137280257685714,0.002393244980497761,0.002262016041891195,0.002404473562949177,0.002084901435235473,0.0018098937434986708,0.003847570177393193,0.0031064302158127044,0.003090029889913585,0.003644115174703835,0.0033151671193591818,0.002986749292329828,0.0039006374912538416,0.003677253994759291,0.0017084654786555574,0.0021623702802080168,0.006888761080465619,0.009682992763119925,0.001999353663719778,0.004479307077950629,0.0025947694537902153,0.002440549748934786,0.0024315203040319567,0.0037767670776302914,0.005347431007839003,0.004808863236648379,0.0041432609455043555,0.0042769898787525466,0.00563334010198254,0.002768524367284492,0.0026023212360457193,0.002266791718735962,0.002817367173635235,0.0035641703533482796,0.004045929490011009,0.0032258273202352946,0.003939070017253239,0.002082595927868317,0.003138274912443988,0.005494428008076342,0.011366074656460607,0.00371544843057208,0.0020318934357371208,0.0030068712690585497,0.005257698863052756,0.002844036292392315,0.0029287045557476535,0.0028214527778152817,0.003997720802712743,0.003312766142535104,0.002749415026296661,0.0014212372939013253,0.0034968253780930667,0.003113704718119407,0.010867281997946922,0.002445746658863279,0.0030683706508320505,0.007725546199430827,0.00706716727581601,0.0021789656548534776,0.0030053587867449297,0.0017531057753739719,0.002676713171517785,0.005836418359674995,0.0032408158123181227
3570,0.004504734806788376,0.004223587670234246,0.004742400662335047,0.006986588913987414,0.0026285989313310533,0.005898831608331952,0.005624180141423854,0.003044884088002372,0.0035774625036621996,0.005230877685829278,0.0023652179935723864,0.0034378225430015596,0.005058101482990444,0.0023913448074729523,0.0030963804891222992,0.003915276406196731,0.0028585375247820563,0.002934096599110663,0.0021269025851517027,0.006342140997122327,0.0028060582788402622,0.002211440597919982,0.006547253214416686,0.0021427645379570757,0.001248295531102972,0.0030357070250061477,0.004058622122217008,0.002198226130286715,0.003878029357038862,0.0028399044235248015,0.007769475765681632,0.01075792742381089,0.013118777459624774,0.0024218872477291624,0.0024801653883009113,0.0009048650701724997,0.0021176770817292073,0.0019283617525428622,0.002440416411840145,0.0025058379134050243,0.0020382262161931426,0.001990805599143282,0.0021304782142939275,0.004587197099222587,0.004073869855892396,0.006018859280029816,0.002908468198444857,0.0033812238083054925,0.0029529753468636654,0.004410656916216135,0.003346532445905624,0.0016710781426845763,0.0021591903202883155,0.0062021304876139875,0.0072314563155664955,0.0020811131529332276,0.00406118889490891,0.0027552660572007517,0.0029008073029469007,0.0027438423347307768,0.0032119247449369074,0.00550762442571709,0.0042576727047631035,0.003732795726639287,0.002732367810762914,0.00462866525177754,0.0032121792754267213,0.003134772909136649,0.0020818427971090094,0.00380515151208505,0.004797302748801881,0.005257096433832721,0.0034926387215144634,0.0032683429547114553,0.002275461241279869,0.00298066968214092,0.005793310548845542,0.011972137528067807,0.0035883515446040516,0.0028437707882505406,0.003396943205232774,0.004624561797823341,0.003054689588024905,0.003133803626499773,0.002635104460464182,0.0037929476070571702,0.0027988827649359192,0.0027943872334359778,0.0014740247502083351,0.004084180983295659,0.00341437853552639,0.00961559395776211,0.002319569287642778,0.0032829633163880497,0.007672012311756071,0.006891078527074245,0.0022006881797950097,0.0033513735024906376,0.0017442684917555696,0.0028072507848664573,0.005753633092359518,0.0038920033369906487
3571,0.004540781100148281,0.004708843554077858,0.004956722098087261,0.006463762398937729,0.0031517803382792153,0.005460166159077712,0.006920174607825498,0.0028645162976724246,0.003522142978832141,0.004599587589972088,0.0019004699530166987,0.0038168837075067043,0.005333510327846222,0.0034174531812678753,0.00301258199975889,0.0030523156846591257,0.0027529593748724505,0.0032104395883457574,0.002193164468089553,0.005198387156672525,0.003015519080624195,0.0024405689237811325,0.006012779767502412,0.0020720594788188502,0.0011914208976904106,0.003383960100106562,0.004383240709538035,0.0020782173286161393,0.004291693902042733,0.002821718274781793,0.007841334033412865,0.010817253936318109,0.012362005388055425,0.00240503514788302,0.002246144144382018,0.0008174974996839079,0.0023864931728360566,0.002053551904787022,0.0026055858294942546,0.002316430754820769,0.0019447130103647547,0.0018488030549240354,0.001598161987884484,0.0037593891977534847,0.003162488430534193,0.006480092377880128,0.002650108998658081,0.003361573087522344,0.002300988556018601,0.0036596841777402555,0.0029808057750531506,0.0016301867446424242,0.002713141028872327,0.007784713131492893,0.007051747944225603,0.00198216649548075,0.0045709161930396515,0.003069282252646954,0.0026018981179011034,0.0027872069063123034,0.002509302448880567,0.005311902473080604,0.0034855864880977217,0.004522383963046642,0.003242129754569957,0.0037380272072001838,0.0026950303420500677,0.002428195678484878,0.0017928219363735505,0.0038428866073259823,0.0038768024421873613,0.004087102256194582,0.0034421514181084746,0.0033660528787214762,0.0023012841942436375,0.0029924467151631736,0.005332248951057521,0.011649476761625208,0.003250837533816401,0.002341150830993858,0.0032296017050353776,0.005170268300902475,0.0036067696015124333,0.0033024907191448656,0.0025916313908255074,0.0038776677881727168,0.0038390050730949567,0.0025552956345920815,0.001557197694745459,0.0038816348390705974,0.003364176744008029,0.009801469829407126,0.001980611780848633,0.0031159140510865937,0.007148501024402549,0.007347248168657628,0.0024036273883204767,0.0031290131564000526,0.001706252065856164,0.0034357682402131997,0.005869349962381124,0.002956123828561872
3572,0.00495395676071249,0.0038330265664692355,0.004938225413061426,0.005180056183842466,0.002751786389362364,0.005137799064331724,0.006668988737714753,0.002568360814713723,0.003300072842038813,0.005237912256084875,0.0017850533685373922,0.003343508756120069,0.005569326471813813,0.0023210904073805946,0.003268189422627402,0.0038862623012912868,0.0034211867299166546,0.002980181972726642,0.002155882404625805,0.005766561261726026,0.002428192196035613,0.001930946254842353,0.006392347074659368,0.0019847704209713817,0.0011865116235557013,0.003599225649622383,0.0038818927302527147,0.0020689340288335364,0.004267247950414173,0.0025843726660238963,0.007467088951489316,0.010897134804529727,0.012859223245503006,0.002510375387763111,0.002264218945902227,0.000841111542570684,0.0021902893792038977,0.001803438366791361,0.002201743049223153,0.0023386620102345507,0.0021599048285511112,0.0017901690741468012,0.0018530717274477006,0.004436627376279341,0.003369319404120333,0.008635067889124102,0.003228154703127808,0.0030693337106017515,0.0030108148565000208,0.0035206048685546593,0.0034150775399591567,0.0016465438466372719,0.0021484082757868756,0.007514221647020976,0.0073418560662506386,0.0017660441801486165,0.004388366038520602,0.0024309321829738464,0.0027745541013144714,0.002421066244010136,0.0026146332634196653,0.005688435055739723,0.00375159125662582,0.0032418502778717713,0.002999620975089501,0.004035318404195161,0.003380923416725723,0.0026946620350585832,0.0019884988459302534,0.00317963587072229,0.0036839975808688834,0.004851036205439023,0.0033816820549810423,0.0035499209104747484,0.0021754960690511535,0.0030302676758601137,0.0052911315428906674,0.011518227397022724,0.003425423880413535,0.002691094625454617,0.0031164004301506036,0.005372211521288035,0.0033476519722833446,0.0029799734601703015,0.0027697263927064716,0.003726290182389434,0.0027668840432432157,0.00287836181970587,0.0013757035585429925,0.00400792087720796,0.003121151909297022,0.009284923278158386,0.0018676869970682645,0.0030058949146448827,0.00834271835545822,0.007158996190835587,0.002189451842488111,0.002900364128276643,0.001775786209735888,0.0027103152297890893,0.0056258942071302324,0.0034899850153862363
3573,0.004599678021954624,0.0038050615044268664,0.004816395924175133,0.005955856749559863,0.002940965203740534,0.004971639445059684,0.006426048086982507,0.0026523960124773733,0.0035958657105429523,0.004312193716027282,0.0017971758463067465,0.003128516148962861,0.005054636374469001,0.0022074657911222706,0.0038872715673654488,0.0032312022069050177,0.003762440119216155,0.002869800732221203,0.0022525147624466112,0.004561156390058948,0.0029817534869670433,0.0020395791431691464,0.00645774894494388,0.0025347094603343175,0.0011316294237018172,0.0033442926059841435,0.004184572929564196,0.001906823951145918,0.004136557728594206,0.0028565146264785727,0.00779370524584115,0.010640209901334245,0.012532077146920966,0.002193373607629464,0.0022451356246701126,0.0007979983957497692,0.002400803972600668,0.0017223301341109207,0.001950317832702603,0.0022522350857587226,0.0020511942797511464,0.001853566796344153,0.0024146320860150873,0.004248785867642655,0.004211352162926049,0.006392829985742537,0.0036659144980979532,0.002977154667402202,0.0028549731943001214,0.004123827292373615,0.0029823756137241837,0.0016572053920755054,0.002333806537943762,0.007009998661835732,0.007394623476129662,0.002068223251105228,0.004423414597190243,0.0023810529942763516,0.0031834263594161527,0.002602516396800022,0.0030050204350758046,0.005381940655857908,0.00387308335988517,0.0035184921943632675,0.0028122081062090486,0.005030557082094487,0.0034784868069796834,0.002851226916518176,0.0021885093090341623,0.0028547132927607675,0.004257051648858963,0.005162896621201305,0.003912297782538172,0.003058031734482578,0.002237553640266369,0.003152653492664821,0.00536352613932273,0.011674685498613311,0.003508479739406522,0.0026474413382859573,0.002576014494533024,0.0051936969314536775,0.0033415285466812427,0.0029265767925730083,0.0032168388600251523,0.003851036621180605,0.002460582823044385,0.003315586412960266,0.0014080165270264557,0.0037000908584132897,0.0029885303196809424,0.00951032412680966,0.0020119103362700695,0.0033530220710326028,0.008440576754013909,0.006837282199095157,0.0019907352542033593,0.002945846392453138,0.0018021134277771001,0.003478441864985641,0.005853934009676846,0.0044381322304017845
3574,0.0045316858958305214,0.003749266437910637,0.0049739530956401014,0.006682340974059043,0.00287959387718953,0.005810871742273634,0.007007471078710686,0.0027103141594778607,0.0037921985986170055,0.005399890533849896,0.0017314245025720474,0.002713835014441866,0.005480918581932779,0.0025768403594077197,0.0035325824125829724,0.0030441486794491254,0.0029954344332102176,0.0030682251781953855,0.002015800338934796,0.004570878507283757,0.0027851756132319487,0.002128952969997843,0.005786291234835008,0.0023891740438317915,0.0010689738938934553,0.003063200575422463,0.0047212496618869206,0.001917061069590057,0.004230560341030093,0.0025054567804120914,0.00741610835970219,0.01088597651709365,0.012505868650274568,0.00238878726002949,0.002259182155551639,0.0007406725343545236,0.0032012367515225275,0.0018225179900862927,0.0018088078628548695,0.0020364540387056928,0.0018934958332624166,0.0018009802799899921,0.0023053467046547545,0.0037368721091546207,0.0029152823876166588,0.005916531701345634,0.002504437263918072,0.0035956149824761642,0.002135554501505518,0.0037354137258890792,0.0026920019664793365,0.0015785383138362708,0.0022860349171942643,0.006864494504506251,0.009194036478147294,0.0019591925432507385,0.005042998168435726,0.0028312655534932386,0.002293788805180949,0.0026132126693869766,0.002518806154557139,0.005353863052572639,0.003145769506805971,0.004838299514193384,0.0029482057728416325,0.003929630992599869,0.0024819291278912877,0.002929090253989432,0.0019394719225679022,0.0026410657083864707,0.0038764452161644124,0.004013867050969185,0.0033646282389733183,0.003362425201199633,0.002122853641262211,0.0031760648376451084,0.005654834956529593,0.012962452965528923,0.0034848700760942014,0.002449451884528222,0.0026266494409516324,0.005610269857716817,0.003081168595383349,0.0029815657502225233,0.0028481560291155695,0.004131543331990391,0.002677607642332033,0.0032595226188987594,0.0014531521685369974,0.0039201151042948055,0.0030196581616083627,0.009769607079381635,0.0020716810680839475,0.002960682186532502,0.0075697851671722586,0.007460925705174572,0.002164320081285557,0.0031639226213348334,0.0016371333636544068,0.002447034653156799,0.005526103391091613,0.002995091499587442
3575,0.00511077109986392,0.004206203394900549,0.0049621068530877575,0.005860246816704793,0.0030968838790660226,0.004242312038855166,0.006703619768887037,0.002704193733131111,0.0038022947778618052,0.0046942995995530095,0.002019536549837187,0.002498318461621995,0.005918709695456334,0.0023157517376314806,0.0035573484283367316,0.0035217190987531567,0.003922018968744795,0.003125162294595453,0.0019865563726514796,0.004962489026594133,0.0028476959644709635,0.002083985595731711,0.006164627448053886,0.001772620154861796,0.001191264819317401,0.003371354989561012,0.004193237711222513,0.0020744651645516737,0.005559858129520758,0.002288145832495241,0.0075238303126825825,0.010711884916326764,0.013823071385851234,0.0018524698947015108,0.002305958646679039,0.0007965675604037864,0.002821716438774064,0.0018789517252830398,0.0021693226590294716,0.0024582957253810474,0.002317506974009322,0.0020365158834514444,0.0020145848517468114,0.004958303365855569,0.003970166455754017,0.006163636585825024,0.0034986655885518867,0.0032525608336011888,0.002821448912047332,0.004134005994261354,0.0032661298057233674,0.0019451020962066399,0.002300183268722296,0.006960811344327671,0.00927553204946006,0.0020463363843211332,0.005158780332288915,0.003328144351137114,0.003572205611168678,0.0026448754030238483,0.0034186132561920208,0.005405864554479402,0.004212239134146121,0.004334017987554576,0.0026544192920670948,0.0038413065170493288,0.002388605347907929,0.002501941511797463,0.0022413113571259327,0.0025978207668898227,0.004053694887713565,0.004862066833988376,0.0032245937154024183,0.00396955616953349,0.0020816187938653458,0.00281757155102099,0.005572193210649907,0.013130255219394297,0.003585582374051577,0.003231957176363954,0.0034698440650069115,0.005360448645413314,0.002953570709148284,0.0028521479538227558,0.0026511982990609206,0.0044360666346643365,0.002717988714844157,0.0031944238014022376,0.0014301471702551454,0.004130327038543566,0.0031688914093734558,0.009356648271969123,0.001792404928366254,0.002857382852726405,0.008149290949141394,0.0070436427840124,0.0020932873239679415,0.003086126726998372,0.0017397307605811812,0.002888633344134263,0.005750458956374485,0.0032070028394684306
3576,0.004647906007906945,0.00432096622355573,0.004875674941126995,0.008334794967568528,0.0032164847746557175,0.004435483706859869,0.006947336726707199,0.0028470204056133125,0.003563603114425426,0.004703891168916599,0.00208293313903358,0.0026443807994435678,0.005538375154553584,0.00234527203415497,0.003474385109602754,0.0032797999979555076,0.0028895764253992215,0.003144599869759602,0.0018822622481131474,0.004529589577610542,0.002932243599441601,0.0024906039727911025,0.006566512071646332,0.0020638422469195757,0.0011401835738213024,0.0034424844859034668,0.0042555143494069575,0.002012315340279354,0.004711743249468093,0.0024868086285434513,0.007476797517269762,0.010794223222007519,0.013212002905800208,0.002022429314147327,0.002715680798927331,0.0007828159749255344,0.0028786828749338997,0.0018866040956968988,0.002120253411872992,0.002119065720598119,0.002316938263056535,0.001918295192834388,0.0018525261210071758,0.0034056547690165598,0.004173221143286687,0.0054782192431511055,0.0032181165031046847,0.0029723232983133673,0.0024564939848610873,0.004171173572856317,0.003135588200274677,0.0019349881777918146,0.0024312122354647036,0.006883653184069379,0.007571262061059406,0.002001880766523148,0.005067017488706429,0.003391169416468797,0.002653731298664452,0.0028397444849348062,0.003168049392461024,0.005287574798870997,0.0042210418038904456,0.0038917640286238557,0.0025189770670872285,0.003871121373390698,0.0035529407172459906,0.002595795664711406,0.0020305398050614464,0.0026489598507515033,0.003837589366888166,0.004860228298486945,0.0033347144518552497,0.0037067460570718424,0.0021168726792931574,0.0034549221790758796,0.005992254056581577,0.012986845520629129,0.0035900128699483916,0.002745372493504958,0.0034082531233940705,0.005079800994419585,0.002685078387228086,0.0028632489122861525,0.002546696891940982,0.004322635901855082,0.0030674580647605007,0.003230862122086068,0.0014094319520776956,0.0037136615729960742,0.0034191544407274734,0.010215609247424417,0.0022630896103701965,0.0032873022756286356,0.007940370064555224,0.007234624990529671,0.0023605271067556662,0.0033223228687426372,0.0017567109153587236,0.002619672852004169,0.005431984770060313,0.004176088180464278
3577,0.00493009321505685,0.004185925007052477,0.0049050167475056345,0.005814095574187064,0.003402562694124076,0.004295483275498731,0.006780230128666609,0.0027600442798340562,0.0033235031150178856,0.004809001683511147,0.001984854671793295,0.0024953004973475414,0.0059854705333140246,0.0024010603996040213,0.0033738273515820975,0.0036256470412611105,0.0029661278339230693,0.0032044362215784515,0.0019277371979266038,0.005128593307822842,0.002697123753527854,0.0023037361612038747,0.006350646965206426,0.0028199630039003644,0.0011340389450301893,0.0043831582851648915,0.00414664642661466,0.0020196565220644714,0.004645456084255106,0.002488888359463534,0.006767138767780163,0.010904793495224304,0.013457206095464221,0.0020383687884198065,0.0025886310178226198,0.0007567446995095124,0.002343878619748553,0.0018851333705491185,0.002218620360713879,0.0021142099496284793,0.002072100971058395,0.0018999452118885353,0.001813226165606688,0.003875520416769345,0.0032389799907701616,0.005478968539480491,0.0031587065088677876,0.0030734688336788722,0.0025247997432680806,0.003831739837701978,0.003005798554068835,0.001689682467314062,0.002970991670128101,0.007028608788141409,0.009600032354400939,0.0018328195007992199,0.004886426062259728,0.003137867614153174,0.0027072717251480217,0.00289658432287229,0.0030062265849674064,0.0052840416528657135,0.004490681715735425,0.004161068686022258,0.00236288988115733,0.003921402245262567,0.002561558299456622,0.002643698197242353,0.0019399282475816562,0.002847288981969792,0.004063321641329321,0.0034244598045600053,0.003243563993612813,0.004327538347484108,0.002186600309675349,0.0031230232767890933,0.005332435226713429,0.011909888094623651,0.0035510699909016567,0.0026679714222652452,0.003806694000713968,0.005630543985860842,0.0031666265508503897,0.0027987823168775503,0.0026117296757774684,0.004297909481683535,0.00330045380664445,0.003208929937391002,0.001456912080216247,0.00396191921724553,0.0031330951496397674,0.01024112918246326,0.002105847559079107,0.003083153904875722,0.007763921686449052,0.007366535913264053,0.002165029735020961,0.003422121587678271,0.0016685078972405597,0.0021986973276901687,0.005724709744715081,0.0039853804971789015
3578,0.004565254023063322,0.003693947066084266,0.0048235528924149285,0.005843594829934497,0.003091956457379859,0.0043499418123014505,0.006753183454222668,0.0027265656697831294,0.003048213442460867,0.004599723910528546,0.0019538977947870005,0.0026421054947123154,0.005987841975507705,0.0023052827696874545,0.0030906550809565495,0.0031356332150249246,0.0031672561805687507,0.0033714892546118586,0.0015716114604974283,0.004635623189550528,0.002747700870270876,0.002457763361415699,0.006338531669768431,0.0029030412752450675,0.001148678807286997,0.0033349416864275213,0.00444559442839013,0.002016832841534773,0.004937472616811226,0.0023895759896858733,0.007194127833716097,0.010839388382177503,0.013945375130173222,0.0017886493692374186,0.0019914226640645647,0.000747555366379104,0.002254217725207761,0.0020331758398134813,0.0020580369684328487,0.002422100348871771,0.00221792314995445,0.001906146284349373,0.001793566389422955,0.0036289741927185526,0.0031084168918294568,0.004811825311504914,0.002680619819353614,0.002955008294196832,0.0024207664688602336,0.003695261562346886,0.002546963804527771,0.0017845951188984006,0.0024089238520359603,0.007085343673046806,0.0073567307691105996,0.0019177383060128982,0.005108789311717244,0.002776653536411233,0.0028645125377087005,0.002960798272319752,0.002718470592259988,0.005414035934747412,0.004323656141170238,0.005194132350660905,0.003517012206479574,0.004132381553171023,0.002713944771771048,0.003706396872501774,0.0020513440483892597,0.0024270592754814823,0.003950662626663527,0.0042373292246797025,0.003345104297588129,0.003428302104073959,0.0020998498446587843,0.0031667666117191433,0.005482927602241407,0.012212134461597584,0.003533380136028783,0.0020804092707917368,0.0033507730265664453,0.005578807694165346,0.003034323313518802,0.0027744670874968393,0.0029610309187419076,0.004278034772720082,0.0030984083548663706,0.0030683875398335274,0.0015225292356996728,0.003835691723478773,0.003036351619828438,0.009913842249389434,0.002085932054983223,0.0030697578982917216,0.008624057965368276,0.0072520345754909735,0.0019352350624581443,0.002855794490126743,0.0017856133332831267,0.0026122365159327544,0.005563371834123115,0.003332313267576098
3579,0.0044298238780110565,0.003323686278101162,0.004809792354183681,0.006172029156128484,0.0038170893871654617,0.0041016616877956515,0.0068139906780163365,0.0032353289017338564,0.003061755245243456,0.005204885091749787,0.0021367045015450725,0.0024630739773909005,0.005987841975507705,0.0020634045998936695,0.0035641300989388614,0.0034601167067287567,0.0031138835854563787,0.003619923370445607,0.0017939489405230278,0.004162830051628662,0.002753310976769994,0.002534593122374397,0.006094234072477325,0.0032874089692405584,0.0011906585638857769,0.0034023043232842506,0.004007085358434458,0.0021986395323604037,0.0051271126755580475,0.002606554054950585,0.008189741865609118,0.0109957869489066,0.013986681711166475,0.0017460875738107462,0.0023472808844650786,0.0007765815024891594,0.002115026118449993,0.0020236133825676616,0.0020220973418751125,0.0021487947563640785,0.0021484569985737805,0.0018891630179681217,0.0019562193831515746,0.004250508632762659,0.0029684014276654524,0.0061667463320088794,0.0027745177835143153,0.00370434422147444,0.0028534866066630997,0.0034592133243418984,0.002543828673590352,0.0017340003115363495,0.002485228867153471,0.007028946522713884,0.007706770047917208,0.001701207365189447,0.005126248039269808,0.0027400100320091963,0.002572873069485635,0.0025825778439874003,0.00307295229018777,0.005306005201404682,0.0036574237595107194,0.004220794791553654,0.003471105706708819,0.004431647651383304,0.0028554106985254806,0.00387470046884504,0.002009416405840765,0.0026469796722521817,0.004506336064095427,0.0036845438248551384,0.0032168538673958184,0.003409773698060209,0.002107741333969602,0.0032558905436303304,0.005910332384449621,0.012087827661566627,0.0035385173967259114,0.002676945508488687,0.00326780112049825,0.004813559290282422,0.002901705113785905,0.002668298359677548,0.0028235329593676805,0.004213730800420284,0.003175028232527525,0.003104687475928436,0.0014903649302646785,0.0035795171540871583,0.0031199725696688585,0.010071464614286749,0.002006206680869884,0.003308525377975059,0.008696884267466613,0.007327244075986876,0.0019340880402477284,0.0029571004352973115,0.0016246369597935925,0.0029423209367153546,0.0056038528009843755,0.0041977299535147896
3580,0.004688880176802666,0.003860203170484841,0.005161006217150815,0.007929945374617857,0.0035147801099855943,0.0051209917517627945,0.006279648091843885,0.0027479783548835174,0.002522205776492496,0.005426299774635877,0.002210778500149514,0.0027106972020604627,0.006007951077186427,0.002225174616349851,0.004554083021408233,0.003798214375347418,0.004073098222105925,0.004162510642706009,0.0019759530547803577,0.0041814716209556116,0.0033919576161290867,0.0026784503671657143,0.005566551897837744,0.002248570069451912,0.0010579462947725197,0.0030639974146851024,0.004739810518422349,0.0025544445023218676,0.004987225061209583,0.0027987412765806867,0.008960096339730609,0.010769302859028234,0.013663269229260738,0.001799859803263714,0.0029748121477606642,0.0006839993816330953,0.0021957498372128844,0.002150839657604816,0.002444070532306629,0.002540603111715279,0.0024334972744451304,0.002135317838838486,0.0018461743272960148,0.004533107349673475,0.003065099119398693,0.004213139521032563,0.002621602458724316,0.0032437305598127185,0.003648909750375374,0.003652087034573854,0.0030165549280090423,0.0017223314578595746,0.00237934672916336,0.007238345601971337,0.009551525988965925,0.0018828552816598217,0.005215085904473758,0.0027071990832492395,0.003178339109557211,0.002669097829773768,0.003521015185250637,0.005406890974577947,0.003290771280930215,0.006179986103447676,0.003352250064487584,0.0046205177569633975,0.002518276675647184,0.003555289581510814,0.0024350879516156065,0.003217999916073468,0.005064369132345124,0.004909167069597311,0.003695058757911153,0.0037090664692202868,0.002585314623100655,0.0032712976246365363,0.007179615706368422,0.014050674734975151,0.0034336367965879574,0.0028595252330587497,0.0035131107289876054,0.005317034038218637,0.0031671695127911893,0.002736371356968854,0.0033049745867776413,0.004360182782666699,0.003304387588566991,0.0033745593915189055,0.0011314901765662607,0.004125361822328811,0.003051911022922692,0.00968662934859801,0.002254738220559832,0.0030431726099051136,0.00804836351290689,0.0075253306369597595,0.0021398094955796328,0.002987423534728717,0.0018588397578045723,0.003282765260533326,0.005645129373134937,0.004391024260934117
3581,0.00459165624708931,0.00502913343461748,0.005266410410797342,0.005745688981918948,0.003144313518839625,0.004857363661620467,0.005485008780065252,0.0027219948563185106,0.002739970754941309,0.005000709788707185,0.0020977059708279047,0.002863758409943662,0.005601984737266679,0.002334766311171578,0.003940386845841304,0.003745584234798999,0.003442693927138012,0.004214520416329501,0.0019434363469478797,0.004800865347934904,0.00437828764441425,0.00260706545243181,0.006429662104431226,0.0027582354594919986,0.0011712755060441654,0.003428481118445804,0.004891577706532129,0.0021985842113655695,0.0045445344794176395,0.0030452538239174073,0.008341154656187656,0.011376825143714341,0.013530931375756698,0.0018660753522222258,0.0022210273466856814,0.0007651964820548166,0.002227915524432746,0.0018983654859773085,0.0023252310838960174,0.0025842900501889567,0.0023727115834112997,0.0018769545319651554,0.0019248452520851979,0.004224525446991747,0.003389685507165412,0.005095748057043196,0.003340205645448869,0.002747685141314533,0.0029571554423004683,0.004284341266340484,0.00381849213779709,0.001699864522641368,0.002532652257457885,0.007274301420779138,0.009433757318879474,0.0018737325021853605,0.005109872748813833,0.0031236220545128113,0.003590223241091241,0.002540714861943519,0.003383242290271822,0.005430026168950511,0.004054601913528758,0.004501383361757686,0.0034397661981368376,0.005135915477947461,0.0036978393599184497,0.0034829610526446453,0.0023590300025148284,0.004150564833026526,0.004905170443860499,0.004956724816211511,0.00330169386864964,0.004691182521047339,0.002310721706104756,0.0032832302323262215,0.006654974917704647,0.0135515358513106,0.0036298551897614465,0.0032563512303835857,0.00355721239042749,0.005065391129869998,0.0030671892957299923,0.0028817181872676954,0.003369192601794765,0.004060271836017613,0.00348337694466041,0.003462925655556124,0.001606619103361674,0.004223520370156478,0.0034081582647566954,0.00977343994892143,0.0023577684914978347,0.0034449565215511047,0.007888778847443703,0.007581837396241668,0.002068226701917413,0.0033522266393176555,0.0017873234246501082,0.0030361699966060295,0.005991439192656997,0.003982904144380244
3582,0.005146463219446951,0.005539586630052003,0.005267871245705849,0.0053014160147636,0.003575615797300106,0.005135203616412798,0.007418153831407656,0.0026275988845642488,0.0034693375651869605,0.004958076124947806,0.002840093879993178,0.002571028326989316,0.0056573062294875106,0.0030783437273167445,0.0042340488142468555,0.003369854975883997,0.0034151026097460286,0.0038511801990362376,0.002043639004619307,0.00576391573607035,0.003985751195006182,0.0024956581980179107,0.006950975184307815,0.002178533216305236,0.001153396709227378,0.003241422606478897,0.004845583714388948,0.0025857945946514416,0.004565704895866883,0.003028556889844046,0.009488403835397514,0.01106759599954418,0.012498013475738558,0.0018844396081553914,0.00259647096272434,0.0007667760102885425,0.0021818281725918703,0.0017618529296446893,0.0022850132754639128,0.0021974404602633545,0.002229030660049394,0.002177140909303791,0.0021683588247025753,0.004348647525829099,0.0033438698818778175,0.006195942197924982,0.0031962843528762284,0.003359333416595645,0.0028678926479542917,0.0047632869265285295,0.003910179294681997,0.0019515274091322305,0.0031770024325699715,0.007175164574746376,0.010268658432975059,0.0018058081373760124,0.005171085561740543,0.0039714165001188025,0.0030447733510130903,0.002679332390880212,0.0034080315656345745,0.005466256383858397,0.004533475690481634,0.005721670799429013,0.0037393893178464,0.004132319299327347,0.0024354805419514514,0.0032395930387448097,0.002199493204622263,0.004278462346710584,0.005126000593506585,0.00529921282479595,0.0035130222643548013,0.004772724228597717,0.0023456869983763205,0.003714033073363928,0.007649416263983388,0.013229537462687103,0.0036946265781426326,0.004060370939730686,0.003621718595612185,0.005773063555589051,0.003296756184005554,0.00308309647001394,0.0031344238564888992,0.0043717990942533725,0.0036563099460066085,0.0028363399181538826,0.001747101422543009,0.0036685851789592092,0.003380565997774394,0.009724357937398818,0.002011527137670834,0.0032516995725907836,0.008769738994905954,0.0074365568964162776,0.0020868947832307786,0.003288632009301702,0.0017608905016066037,0.003038958522668321,0.0057375024652913074,0.004481910825534475
3583,0.005467343677898534,0.004684409837129846,0.005367969547499848,0.005299783616158782,0.003550720012052844,0.005226383229386581,0.007017523471141964,0.002679741408506762,0.0033367314551562867,0.00618888571226053,0.0027207962576853042,0.0032948208662558877,0.005709351152574617,0.0029324182842730222,0.00302863640807056,0.0036783006700500673,0.003176400207572179,0.00374216806044553,0.0020262970721437535,0.005982778478967818,0.004196277752966275,0.002590972489666373,0.0069794240303883825,0.0018712159252167176,0.001132119697209924,0.0032936240824398186,0.0053271275307739,0.0024529485570539407,0.00438514540430106,0.002998346496363233,0.008549881603854564,0.010818198407624406,0.01324234158440291,0.0024359106247870475,0.002562266965062497,0.0007204006199006818,0.003537315799395218,0.001981212333803497,0.002226071510947912,0.0028895813299228226,0.002137765728278975,0.0022512865941681083,0.0019856372524079736,0.0037204441306623636,0.0034181630576405196,0.005384687797399156,0.0030413935950364588,0.0041520927412469905,0.0034531211041414914,0.0049699510479491215,0.0034425963737253055,0.001861340281383156,0.0023191942465362403,0.0076153087468341036,0.01011472313716112,0.0017444778452724672,0.00523986744417033,0.0030815620869460033,0.0028459530636804208,0.002794866409681391,0.0033530617904122687,0.005482218020740694,0.004109532353998704,0.0055577983539767,0.0038898865766644197,0.003840881204587016,0.0023387196439527977,0.002805170798920224,0.00221356134570464,0.004611755071789287,0.0055072945917197524,0.004590476814724498,0.003547168669115762,0.004544925230547639,0.0025815964115394694,0.0035366444893116947,0.005820304317761783,0.013278175651635022,0.003660886017257963,0.00392366889683496,0.0033932294064090143,0.005028620827443794,0.0033362402474481087,0.003093806020836038,0.0031752972746577264,0.00412986036822325,0.003723257722655406,0.0026205233588275857,0.0017028489704901636,0.004006498607536156,0.003270418284816372,0.0100198414685893,0.002594788712967457,0.003163178229349356,0.007873236534787064,0.007403194683945117,0.0022502612447279848,0.003338673498191494,0.0019317954652012706,0.002907534924570664,0.005692697463209493,0.002970976426168049
3584,0.006138425394918213,0.005397136682835418,0.004949774417776543,0.0064659333539291,0.0052200888353557,0.007047217945863948,0.006499078196444375,0.0030377340595070085,0.0033105773711084303,0.005621640929274811,0.002732480331032518,0.0033463652651638765,0.005316530125152262,0.0028531911470375737,0.0032409476712803105,0.003857867000611839,0.003137063835719608,0.0036820732374640793,0.002427749001931145,0.005901918157936765,0.0038450670050834347,0.002113267693845764,0.012164179773145298,0.0030414300380813123,0.0011352721759743413,0.0032529470167684676,0.005033586600013195,0.0023661704322743005,0.0034685054751746056,0.002783963659754993,0.008692778971574507,0.00989658467681413,0.013235878545556648,0.002424559415381937,0.00222641578394098,0.0007359671126047088,0.0027391441029760285,0.0018960846429589883,0.0023705632281665148,0.002533816742118939,0.0020191591908633056,0.001723318825782289,0.0019833938583413073,0.0044492756765717205,0.0031687219648108577,0.006664695818129665,0.002822139185590736,0.004391033600564134,0.0029345403132102587,0.004703180518570925,0.003016988306143386,0.0019733335818807674,0.002785680550604163,0.00627766801042236,0.009933526833784706,0.0015351605172144454,0.005009751158732251,0.002696085570576428,0.0030582501504749543,0.0027126505444206375,0.0032687414446338756,0.005397944124349146,0.0044010581334616395,0.004347224477298999,0.003373125380595212,0.004263801596811899,0.0032386004130242614,0.003034478405851916,0.0020851346813345615,0.004654240543497878,0.005589391243073956,0.00613821819723797,0.003274648859002643,0.004053636273685124,0.002664442657886527,0.003514213452113042,0.006119985437593399,0.011920383908696883,0.0036298150702734184,0.003086363475588553,0.0035697966790640945,0.005548884828743454,0.003199776711794672,0.0029672578464701896,0.004003260158889767,0.00387759743436466,0.003630761252468015,0.002988673371601981,0.0015947256249138797,0.003946177407272981,0.0035443457483353064,0.009113341476777935,0.0022895348487310444,0.0038194858461643097,0.008275762287080962,0.006815463226677889,0.004993436277522994,0.0033331724323567486,0.0017965594964242727,0.002886639673474276,0.004624787495182574,0.004488606166716973
3585,0.006659969289356133,0.0053444265188621895,0.006524344335904383,0.005670030289432611,0.0034385746300534467,0.006040306691265306,0.007651495675440973,0.0034535797385486905,0.004194170229986591,0.00525298104474003,0.003783228244348034,0.004406787327761404,0.005712985622522707,0.0029034606006710156,0.0031598471563962643,0.003467584134579422,0.002918428185883298,0.004168628087793809,0.0023501633006396214,0.0063390306894829315,0.003473983534786159,0.002238928627890544,0.009215314202417222,0.0034011157546440752,0.0012605874351800138,0.0035266061047698315,0.004773967127573856,0.0023414776763653216,0.005065485235709406,0.0031865682690274968,0.00926326677265815,0.010955777670368195,0.011612274697239428,0.002486337547978983,0.002594222497525575,0.0008713321229814966,0.0032409524924070228,0.001818196990928127,0.0025370717342738575,0.0030218245822385384,0.0026380435947891776,0.0013648924331705467,0.001995185759440144,0.0039854356541890925,0.003820999737591551,0.0069069612687523785,0.0032441765684236537,0.00437878240159892,0.0026524089155929823,0.006248464506910472,0.002971260451790999,0.001965131029891181,0.0029186242718409984,0.007338415175793551,0.010160674185169213,0.0016928789078939296,0.00575175460795159,0.0026969560836861218,0.0028711113098562574,0.002428800328808198,0.003495156302191885,0.005521226994184398,0.0038993049606514825,0.0048220163479521716,0.0038593090047831756,0.004490281130206381,0.0025799526489639394,0.0031720875638977623,0.0020038077581978567,0.00452637223937097,0.006422207292190011,0.004748607960991093,0.004253147233248977,0.0039861637987471535,0.002616896534753972,0.003152922262582472,0.006112655216285379,0.012226512855509715,0.00347684915999233,0.002799796879772465,0.0032632315979373716,0.006262563957886695,0.003536887619196193,0.002968577027365771,0.0035955903068996846,0.004637523347468402,0.0033437198583061555,0.003334201146868587,0.0020049332007613828,0.0036141130307062205,0.003554756987622142,0.0096782765721012,0.0028620155913373995,0.004094306814551024,0.008015068585632739,0.007503411350000279,0.0025066201244204347,0.0031023215699560185,0.0017685694072587974,0.002995583213991739,0.00610321375295874,0.006078970459873379
3586,0.0068087004066412484,0.004978201103339576,0.005266223365858409,0.006931964575895408,0.0037993916883073157,0.007673512878094759,0.006140507595086202,0.003354589764224858,0.004539267596069076,0.004833679957198654,0.0036739257859345685,0.0037324582185416268,0.006185144910236966,0.002856345281230001,0.003937093329836204,0.0036047381519981807,0.003420657599461725,0.004090531186982977,0.0022442329314791578,0.005793629485614094,0.0029835381721773223,0.002603194516574148,0.011850661141430333,0.003612785668147133,0.0012568970632905374,0.00334320696702286,0.0063878400722875974,0.0020488982725128443,0.0049553740732061905,0.0027730356675677173,0.009308130690381576,0.010904630551327133,0.01338579249997704,0.0026768145981491713,0.002374741653029944,0.0008505905803335818,0.003071412848189137,0.0019614911781756276,0.002500208300146435,0.0030378681997824584,0.002201085070777944,0.0016752336985939476,0.001962193537712337,0.004144819710874804,0.004071379484936691,0.009626918344938552,0.0030934639889249682,0.003696810472670686,0.002869409934518595,0.005676792784022462,0.002698841712708961,0.0019397879119970385,0.0029310957771141338,0.007149564681184489,0.00976464440327893,0.0016555428746924848,0.005796617106518142,0.002829276695545273,0.0034965792938500178,0.0028745200882577576,0.003435296954972851,0.005892103480780276,0.004331075436664635,0.004222491245100251,0.0035152774031497126,0.004220719700721579,0.004085847696187335,0.0029953730607370026,0.0020839447638883596,0.004326653378556574,0.0068034798929551095,0.0058269398058462644,0.0035702082854039935,0.0037905713070042206,0.002530174427613566,0.0032087018449075567,0.005553695444933091,0.012058533746814348,0.00353058517326265,0.0029347907403579772,0.0034555349025108474,0.00807069557907019,0.003549115793558546,0.0035260074035046154,0.0035380809429051163,0.00335865457048216,0.0038796796906090444,0.002994125819249838,0.002051516319374309,0.0038404640559210204,0.0036273321884278237,0.009230014523437174,0.0025556370336561056,0.003815392174810581,0.008955152017271916,0.007355247716753647,0.002452346881365449,0.0034748277088718763,0.0018705019216716863,0.0028970941312610825,0.00576215227007434,0.006557624809495538
3587,0.006897753195545904,0.004424314796060772,0.0050354936203744075,0.005695103865915742,0.0033235537413159677,0.005690573188849257,0.006048828449354242,0.0025687986014017853,0.003056799076135748,0.005440517058096945,0.0025580082964214135,0.004517515329945614,0.005854894184927968,0.002774545804966392,0.00350377258330566,0.0027320608192083493,0.0032801255882778813,0.003606841993541096,0.004080349516292317,0.004978481394019393,0.003590467097074393,0.002411504005567303,0.008268627261183204,0.002598463344205967,0.0012340065895121261,0.0036148502120122174,0.0048213931115356394,0.0017503466962897223,0.004126336781465274,0.0027745143039138564,0.008835133829749424,0.009288323142568784,0.011290782107155907,0.0023548652446822222,0.002636314389159001,0.0009287270169619616,0.0023732992426764576,0.0018939937678490164,0.0020877302894626425,0.002087174667123207,0.0017943340732927337,0.0019492965493164158,0.0019589143106998387,0.004097336483574079,0.003219554521922034,0.006445365203705446,0.003183790689207921,0.003260388124156726,0.002683236562551807,0.005325019433167051,0.0026989129097615555,0.0019443053085338243,0.0029443319452754657,0.006789287392269851,0.009807236034936107,0.0018911047776675944,0.005693833620922079,0.002864773894855822,0.002687134908680643,0.0025106706244995983,0.0025019983091393114,0.005316013290160063,0.0038650345820528727,0.0038743821739920456,0.0033131176948334217,0.0043971893357545415,0.0023217654681002738,0.0023937063807415947,0.0019886354583245128,0.0036299951098205086,0.00748292351347174,0.004364651350888203,0.0032829233638082445,0.003431114341732241,0.0020177027148054172,0.003125597308295123,0.005353391768997569,0.013526319306470733,0.0037787344068998196,0.002776470966245574,0.0032330356616441787,0.006471610046770185,0.003116697690295444,0.003976442225997026,0.003252355763845445,0.004049296469544406,0.003072663455611445,0.0032674295286305565,0.0016716899241202877,0.00347707736468129,0.0033668978186438907,0.009085986131319411,0.0024869615322481546,0.0037935662450839184,0.007424347539937863,0.007134634259801693,0.0021100751978184694,0.002988434194327813,0.0016619774443191139,0.0029975363157036874,0.005886244193870868,0.0076745243495696825
3588,0.007548296457016648,0.004510145707170721,0.0051461083933278225,0.005816277855326218,0.003325499869103006,0.005454913536256929,0.006814117846618879,0.002681455170849553,0.0034887648570122087,0.005259029921188108,0.002671981489874365,0.00397385837327781,0.006048005246488344,0.003496351783177411,0.004176083946845163,0.0031712719351261022,0.0033814772308471586,0.0036621207340353902,0.007492134431749826,0.004814493747668069,0.0035260209752808525,0.0050624575208160615,0.011133693055843802,0.0021369980877646343,0.001301271125169279,0.003928780179592101,0.004601890373642528,0.0019869719938618987,0.0040831286994345755,0.0027787899971347995,0.007710185820045422,0.009362723518790864,0.012310796403856641,0.0022449333784029424,0.0027041711439413597,0.0008895262451138886,0.0022171318104687605,0.0017866619436729951,0.002316347105653561,0.0022386168836088112,0.0019067151498358716,0.0020162035928486025,0.0019508639624459868,0.003677380011875157,0.0033724810731491886,0.007787133793639252,0.002775529732111857,0.0031287465038484616,0.0028142019985057352,0.004873926366989622,0.002944390686061177,0.0018220100829908234,0.0025618471936910167,0.007162270163835761,0.009876359605199414,0.0017559492937961978,0.004819319779074117,0.003151065557920303,0.0028257618375705,0.0025029163719828148,0.0026453054330177247,0.0057381418404872705,0.004186397546112838,0.0038450168603473794,0.0027917265793055207,0.004267148692722987,0.0022254426248888687,0.002885993027223592,0.002212194524018991,0.0035740584945647916,0.011224684907398004,0.005411578687688023,0.003336709777186301,0.0036916483146180318,0.0019023086872262188,0.003195422568819205,0.005392496013936623,0.011340066650313334,0.003728256083266586,0.0029764918820251326,0.0034861752192134154,0.008934108009196747,0.0031226999119982383,0.003994023417017845,0.003224974622967068,0.004149836777005522,0.003605740902050063,0.0034201213080546984,0.0016212669053990946,0.003576671868838667,0.0030778158759593686,0.009642370105424469,0.002174089350362779,0.0038718098584383407,0.00840177414248975,0.007104877823631163,0.002226304000834321,0.0030713210854375413,0.0016083626155414504,0.002987914706001635,0.005686884358895254,0.006388923643046128
3589,0.007408123709404353,0.004274757000863567,0.005203433406318815,0.0053420779449661815,0.003182828154508309,0.0050923679741275716,0.005908312693843214,0.00257593931463517,0.003157591017544932,0.006164961768534223,0.0027852273225060474,0.004346566077299282,0.005903861967396027,0.0038828870762514936,0.004227573356090442,0.003142114316067915,0.003571522142638327,0.003457491590565824,0.004762473189339972,0.004396428558912076,0.0035056012492271364,0.004947117559253259,0.008296650763627744,0.0022630934670840614,0.0012550490842442841,0.0030317483983607297,0.005013930727455984,0.002064417248095068,0.004673967557859961,0.0028886587515941004,0.007426747287630936,0.01102881109612725,0.013283910936723124,0.0020425914847991334,0.002705279798766174,0.0008980016523130915,0.0022715708234190375,0.0019033488753855859,0.002222983530942502,0.0022811415915026316,0.0020268302291833297,0.0025576427380946017,0.0019878563041870693,0.004490245735069148,0.004438558692642865,0.00631441169351371,0.0027714719196660236,0.0030733124315148086,0.0032408875276731075,0.004624360926678315,0.0031843983405261383,0.0016751731010833555,0.0029809048421901986,0.0072015389763674265,0.009953794915646956,0.0016825486444070723,0.004822990033123923,0.0034977648030201955,0.003029525454015642,0.0034084347410534887,0.003366653799314998,0.00542791465616361,0.004130427878735435,0.003804476846953986,0.0027158762596200888,0.005231995396667115,0.0023918099732017826,0.0023822168041973324,0.001987468032483326,0.004034560318919634,0.006687550155210254,0.005503857776009707,0.0032339464382775277,0.002910318305336857,0.002135671010510005,0.003659367479860356,0.006101152584150583,0.012035776048531812,0.004151305149458009,0.0030898496547884647,0.0026405767242376403,0.008979026502715216,0.0029947182864521003,0.0033393276288124648,0.0026831163332116286,0.004294314366388739,0.003446599150837859,0.003446478269417249,0.0016335030173877808,0.003710907808810164,0.003400781566403508,0.009780477279010278,0.0018712281125176143,0.004169356964435941,0.00830810820492085,0.007287913505934446,0.0021490073538130722,0.0030010541827879206,0.001699149201161223,0.003083568390376082,0.00579709904592301,0.006389556178476858
3590,0.007637341096642232,0.004585446544185206,0.005429963264313925,0.005426021702747967,0.003525879061348139,0.005868938139148356,0.005484859766619573,0.002796462263489473,0.0034035599502702765,0.005801671969062699,0.0027661016000492507,0.004742775291325813,0.005462828880867653,0.003767439672037086,0.004271478773457177,0.003057170807622556,0.0036552910697878393,0.003775724047107852,0.0052025913029954485,0.0042945450175275734,0.0037789789946683586,0.0054990714621803395,0.01068771780187393,0.002385489239492377,0.001307474260153933,0.003571286931612542,0.007006591184931567,0.0023757033864169096,0.004004742903446661,0.0032083264214333488,0.007799244902056731,0.011035631955132847,0.013110105261669794,0.0023615115499071274,0.0026857441727914343,0.0013330877189788684,0.0026484250676745355,0.001981047424225862,0.0023198100577666958,0.002271930707387868,0.001830154650388203,0.0024079349421074546,0.0037097093630216274,0.003189550506678023,0.003269926942295693,0.006368213200596585,0.002776769718343286,0.0033783056564799766,0.0033134362162267096,0.004918604396139347,0.0034568588662140984,0.0018624892156018436,0.003301767217065902,0.007392345231245654,0.010000723839120575,0.0017174026359125935,0.005251054289962613,0.0034274162607450384,0.002865378237997771,0.0030445869927958396,0.0032792402280569888,0.005407902686385505,0.003942061271789602,0.004043353823714454,0.002976501082238865,0.00407476602500393,0.003226056722988184,0.0022855022889298566,0.00202309135754557,0.004344076047202091,0.007421395400488111,0.00629525543290325,0.003282518042318728,0.003530740399964687,0.002166730191190703,0.003730534677230321,0.006199291576757831,0.011652798657169486,0.003597893787834277,0.003302178203693447,0.0037584945042181107,0.00896675264946878,0.0032225614840298857,0.0062122434807992235,0.0032298363895406396,0.004357505671408578,0.0035165086489848817,0.0036493879852987662,0.0019094539258455079,0.003934817325011356,0.0034331985825990256,0.009997575650348239,0.0020635003771915022,0.00399045448558375,0.007733844773006158,0.0072942873494219965,0.002455423249655989,0.0029793427570535334,0.0017010497609531274,0.0032237124596799886,0.0055537300440802115,0.006079288696812319
3591,0.005644730176604088,0.0043538440304861275,0.005402193699459687,0.0061005900653279144,0.0032313115356593296,0.00461573800840005,0.005395329930912332,0.002576122772263103,0.003507590937049792,0.005263585989899447,0.00256810489029937,0.004174334591095756,0.005921625183121189,0.002996319147308812,0.002920409612007568,0.0028339805911283024,0.003358975611570072,0.0033781965760135476,0.0025814854101951436,0.005682644389637158,0.003843530502006221,0.004979484451573376,0.006921525630379789,0.0020655028948286694,0.0011178791983599329,0.0031887665725957434,0.004578911305985498,0.0020365338178063557,0.004124848414232444,0.0028784757185714126,0.009128661581082598,0.009239587939873978,0.013200267791463901,0.0021652211053941306,0.0025282204315871144,0.0007234677843381487,0.0023490189527390487,0.0017066422290248921,0.0026887141944532404,0.0024296915664254594,0.002006507870254552,0.002035856678217908,0.001973502328222307,0.003523235436057242,0.0030390821507838154,0.006297854479522663,0.002941346818395632,0.003130440737308264,0.0029844249139515306,0.0039845299877324545,0.0031652000506343088,0.0018085946705930335,0.0025424033917308075,0.006970769384603605,0.009415272456325072,0.0017442326489344102,0.005001173774899623,0.0031946039004684774,0.0028895688630760624,0.002892404582990181,0.0029002646333657306,0.005330896558775734,0.0040838438019524925,0.0035799858213709603,0.0035195057542394058,0.0039982155425707456,0.0024217555303808333,0.002214611094307578,0.0018338034013273194,0.004626261725192648,0.0060255441651864096,0.004853801911056093,0.0032031249297384025,0.004056365725320911,0.0020685776768834332,0.003503571929950788,0.005381872492777145,0.011294848449307358,0.003504719414898406,0.0029275798626905033,0.0029713315770517807,0.006822507620202281,0.003012591490628835,0.0030831862253706565,0.0025381201972575775,0.0042947746725575595,0.002725087541113427,0.0033860507548644997,0.0016635144770661121,0.003380206823633499,0.003382623403421764,0.009870086444068919,0.0023173328177264214,0.0027448992812862615,0.008084521264405883,0.007289447662098846,0.0021462516802041435,0.0028883946845835854,0.0017045572009275099,0.002395954962693432,0.005455966867883289,0.00704978668981568
3592,0.004927729238949063,0.004440410999483486,0.005435985219065033,0.006030734919918624,0.004064694016289153,0.00403862364090857,0.005644372493047443,0.0025242791549635814,0.0038188632713366012,0.003953693361366918,0.002635391016842089,0.004201783370508276,0.005614307316700284,0.002221286114239718,0.003768240733749929,0.0031204545911055594,0.0034510313279885584,0.0034439139842165683,0.0045144156245843624,0.004628076473010066,0.002730828420530442,0.004612659185557191,0.007167610275227564,0.0023371982810204872,0.0011482836386125367,0.0034015687525383344,0.004515160997046101,0.0020658438544464306,0.0041234796628969875,0.0025975227333682733,0.008434093861490974,0.008894951184478701,0.013879682852929752,0.0019137856593980792,0.0025761444413583924,0.0007415954585179993,0.0025707699057852347,0.0017251942640203214,0.0020879837613978305,0.0022838062864655017,0.0022124137156525185,0.0018702458892588293,0.0019359218310560785,0.0038308638727086327,0.0035093579709565602,0.006401223817117184,0.0025227776749883754,0.0030851192860061652,0.0031350219380655462,0.003768586956008237,0.0033952049694900266,0.0020411626821611084,0.002073852942994139,0.006845636353377937,0.009463790331553394,0.001664363969643088,0.004987426870312932,0.0025034001708723642,0.00318972796661779,0.0030637221497494295,0.0029036657893001367,0.005368425422614106,0.0035413074772838535,0.003606241997527169,0.0027703881099844234,0.005162675536617855,0.002273644968771133,0.0023080618843189693,0.002167774298483596,0.0044411276819299305,0.004243168197804072,0.004114265641456526,0.002865128235107094,0.003403084011703326,0.002521504107893878,0.0034524122616899928,0.005303828639849251,0.011068471083321152,0.0035466385535734457,0.0030396542929350414,0.002879583686218884,0.005606711457290546,0.0032486595297900297,0.0029705148932645167,0.00259910188790386,0.004075293302517725,0.0030291308432873996,0.0031221483145476296,0.0016554300154590132,0.0040985865991172215,0.0029370566813402316,0.009957649421008562,0.001970900025006181,0.0029494701606570025,0.00809901110871106,0.007124028925689989,0.0025455951708328855,0.002799739508143924,0.0017061603693103139,0.0026885456571016848,0.005589854912692752,0.004623959641972881
3593,0.0059858210283303655,0.0036336084077467612,0.005516984130440335,0.008553743422657934,0.0032179505912513693,0.004299332481467251,0.005320684051048759,0.0027305113250946167,0.0036191995775062703,0.004493743168009349,0.00265067625136973,0.003889415259387986,0.005527601578260836,0.0022841577500722996,0.003870977975817199,0.0026652716069108595,0.003126011532290572,0.003698108374728058,0.005183989405137908,0.0042543257575291,0.0028083855910891525,0.004938549481007652,0.007382949868823648,0.0028713544164499965,0.0012150557878136663,0.003874848993445321,0.004137737715857068,0.002125616596507413,0.003837336759552961,0.0029450902066170508,0.009912936545765704,0.009194918513760805,0.01376243764647619,0.0018458624691444065,0.0024631143413184815,0.0007822938576107763,0.0026528376807301783,0.0017635281524454984,0.0023026763576812458,0.0024478813604673433,0.0022389747369457435,0.0021560030736760567,0.0021178990806856686,0.003805960051740359,0.0030254034080245988,0.007130817468171742,0.0028065944725351173,0.00338867470727107,0.0034065190558901924,0.004019657984680629,0.0025649552881510528,0.0017859792801665324,0.0026881092609216816,0.006883630047452648,0.00941121370867797,0.0019219549770909642,0.004952141220958797,0.0026620484769816306,0.002750336426189878,0.0024049475077386646,0.00319085766830064,0.005230814871978072,0.004538493329000092,0.0042367924854285486,0.002823185513932417,0.005433653162704942,0.002493216635581184,0.0026764322470365152,0.002793879802777766,0.004322240221565532,0.004345954372714322,0.003991494411751745,0.002921405064943536,0.003096160062160815,0.002048990012925066,0.005760746048794278,0.005469170434782065,0.011364526013828799,0.0036138298987843692,0.0027989628026808214,0.0029306480525082765,0.005471042116101145,0.0030525354538816257,0.003098835513792526,0.0027539580031171033,0.004052632953222572,0.0029159671139340933,0.003473880364259939,0.0016660700668424998,0.0036923769250628634,0.0027208151729817454,0.010364343587240367,0.0023207578087629434,0.002651821119231272,0.007789469344428666,0.00721210868913989,0.0024148892182151984,0.002996945065537446,0.0016688901235065367,0.0027071750539970044,0.005565624780198656,0.005222842199587625
3594,0.006387245262071839,0.004455386738946577,0.00543841380605896,0.006021223341796449,0.003568814542512519,0.005043517645988639,0.006260717359905587,0.0026080664760316625,0.0038332439948729003,0.004365094556788826,0.0025058993196664355,0.004489240312316857,0.006064513921410049,0.00244998498694466,0.004375481453756303,0.0032223633412608787,0.0033866206443097465,0.0040067151481925425,0.002883645985512744,0.00458201236648854,0.003818515024378788,0.005807030891185285,0.00611608168668434,0.0026559922580388813,0.0012368191862053403,0.0037621388028616786,0.004412431675573232,0.0021675924183883442,0.004139203830535306,0.002719494940056091,0.008573083344558035,0.010958471754573292,0.01329722498831476,0.0019357258799824967,0.0027466989956883153,0.000807348010688236,0.0028357593752141898,0.0018185372001626237,0.0023381700992365045,0.0022204442894115115,0.002224087846357355,0.0029094860670091363,0.002244911270101481,0.00393228132922103,0.0036814642884179876,0.004462217733151583,0.0031781457289306154,0.0036446390537470826,0.00307839372256114,0.003952834210547492,0.002988841917695016,0.0016484477531891377,0.0022329452780230075,0.00681933850783839,0.009451451317023369,0.0017706494139132977,0.005475211343756308,0.0027974306239752326,0.0032319441099841572,0.0024273684840887956,0.0036761189641772974,0.005413899413114573,0.004761554752495811,0.005425473967272519,0.0026622939266472577,0.0043506961399264925,0.0023116371033781147,0.0022397813794831902,0.00241065526327026,0.004955074138175967,0.004978187321774845,0.003966943934361948,0.003502344640479438,0.003900458543193463,0.002243052972176978,0.005881161056733456,0.0061360120350045675,0.012135153971931255,0.003708857636790148,0.0029062807824847864,0.0028690050932264895,0.004632835485945669,0.003263790240235654,0.002885662074847934,0.0029563428276044613,0.004050902724580998,0.0031339508137740394,0.0035365418541971273,0.0016497067420719203,0.004445248978955565,0.0029311260938094416,0.00999227083824105,0.002198147752136766,0.0031640746475238997,0.008373149101911124,0.007367718144380623,0.002638032563174035,0.003022263854317147,0.0020602374843881753,0.0027793367754638033,0.0054575255990253115,0.006380277212784093
3595,0.005530720641141387,0.004210669021378412,0.005552533709751431,0.0059405955101153735,0.0037658654471401983,0.004378485450404285,0.0055064241778076065,0.0028560453393628414,0.003013753747961808,0.004268664868324244,0.0025953700982383394,0.0030920973015816765,0.006075605464200983,0.002443194375486371,0.004970860696253412,0.0030652450583942446,0.0029254133037924196,0.00426642400272282,0.003090220561141585,0.004399028978633762,0.0038354801833710046,0.002840279315186875,0.0068788104598304705,0.0020230318427600555,0.0012557661686449562,0.003860682513140764,0.004535731226134785,0.00222623739508728,0.0046160592918222335,0.002525707203274175,0.00950269494874923,0.01102799639268133,0.013196091942461127,0.0018444061025847784,0.0028206349009138204,0.0007872865355169257,0.0026994222649023686,0.002057449052832551,0.002079237914998269,0.002458276816122314,0.002390917226387955,0.002583769274532705,0.002052266929193965,0.003910767468644907,0.0034722516483520795,0.004870195452314551,0.003067153317262836,0.003579204742772075,0.0030285948876865284,0.004645296232772089,0.00294544755758986,0.00196982006014372,0.0020874695674957325,0.006814871238804153,0.009537896206781879,0.0018236531768343826,0.00499160615020457,0.0025002286761761443,0.0033235251000732066,0.002633114124243253,0.0035028555488495045,0.005297768032536471,0.004758612451955176,0.003998208772189728,0.003407417882441352,0.006948402265439446,0.0024765247021288172,0.0024305916452194475,0.0020054121134221634,0.004072257743547978,0.004713656196871107,0.004492955492121749,0.003728800696489301,0.004559026809745304,0.002500190964240923,0.003956266968365201,0.005964564694968171,0.012613828826628924,0.00348239867371355,0.002920006948398316,0.0032619679414454994,0.004590851850390196,0.003059747751975022,0.0030289180411281645,0.0027457597194106855,0.004277805594686874,0.003111919221415484,0.0032819851236093565,0.0014674435141677925,0.004333280132591819,0.002953690122555157,0.01018825621454235,0.002418452822922643,0.003313724362320702,0.009037419758079762,0.007344785794017665,0.0019657922305929667,0.0030471194132261343,0.0020099559267674244,0.002594199891016422,0.005727373592135856,0.003780171275345942
3596,0.004758776006784313,0.005168723876056416,0.005575250497956572,0.004711980492830156,0.003353360092888132,0.005039496215912947,0.005542821691622127,0.0028999260279230603,0.0032241400747109526,0.005012149327190501,0.0028493358004063984,0.0036618987732207355,0.005493845368450726,0.002715344230837288,0.004623960542686237,0.0038869875397666213,0.0032312884965549236,0.008898628014616876,0.00404892380326716,0.005938271727715773,0.0037969507325626645,0.002762456467436855,0.007623703718090698,0.0024552952513604495,0.0012564870511117129,0.003991626600988522,0.003926274033841986,0.0028084402535599458,0.004034647040143684,0.002814682561370888,0.010273610265938815,0.011012392222951747,0.014900556087482569,0.0021681652007617905,0.002388707406288291,0.0007454300039074659,0.0025608857841329788,0.0019734277658011137,0.0024466791345179985,0.002618052404722982,0.002248173667650099,0.002763832455131101,0.002307115912171587,0.004149623155979987,0.0034342088561023832,0.00493819508553458,0.003376606664968826,0.0035206335573078813,0.0034897407054844966,0.0045827347410847576,0.002561280225809036,0.002004192869619129,0.0029503757643385992,0.006765775161404954,0.009844621030000496,0.001849323053964488,0.005122316736591852,0.002947977791115983,0.0033230624124719606,0.0031473918769637636,0.0033852445994301972,0.0054163205499386975,0.0053352124578124075,0.004470636717123209,0.003062016184225273,0.0054292430863536,0.0035857962265361297,0.0028840179321404443,0.0020828169922141077,0.004454412961323433,0.0056709647458756994,0.00499463562686951,0.00344715851152729,0.004769708734598668,0.002342611540073181,0.004302161700105389,0.005886364815038251,0.011868973594884874,0.0038490617169686303,0.0026261127790910715,0.0035152023836786074,0.004958982425083936,0.003254859485864134,0.0032643477438342883,0.0028501596423961164,0.0041170675170213,0.0031036843343549224,0.0035310529626471263,0.0017379190844444936,0.004794370468050314,0.003363989731451227,0.009963588694504267,0.0027485445070151784,0.004255199785347142,0.008554708074320691,0.007535100173282323,0.002347314391981297,0.002840248952066233,0.0019528295055608054,0.0029451623634268093,0.00593134585622021,0.00406786618278613
3597,0.004428972159645216,0.005311552058558857,0.005225797530436395,0.005470994261040185,0.0034340722774466384,0.004966222936006384,0.006987107481944556,0.0028359022824813234,0.003039186280355732,0.005657340863531739,0.003104922708226736,0.004026952789194355,0.005742237589347695,0.0029512293765790658,0.00474783537403722,0.003691567268791326,0.0027682777669870828,0.008957609063265846,0.003476398785735448,0.00474994543215459,0.004096909569985657,0.0027040215466826883,0.008801958583808125,0.0022449643242251557,0.0011919621812472442,0.004089950089639377,0.004662785949426689,0.0029877921613056186,0.004119259321278965,0.002854231221648973,0.008707924702016312,0.010901790344093163,0.01344851495460422,0.002375873790511177,0.0022508191558995166,0.000958171701760149,0.0026824065207977687,0.002174606412349782,0.0028058082282118517,0.002273268568864135,0.002134506719938794,0.002515168954821069,0.002028422730489201,0.00378833207594258,0.003670644257894453,0.004830857641978807,0.0038293959349068895,0.004271810969714873,0.0033320670981486027,0.0047774172160985,0.002836933608428056,0.0019355920040243335,0.0029972317213269933,0.006878269624723695,0.00977159148029907,0.0017830996042040935,0.005350850301554008,0.0031656726625764265,0.0028127949245751616,0.0031799523724889626,0.003251327622204893,0.005476793440723741,0.0038774982896234897,0.00431103098196519,0.003476558477259565,0.00451919123691882,0.0024028359426386306,0.002818293070121416,0.002079263442900025,0.00485208627202068,0.005700122317686698,0.0037772397020073615,0.0035957158370439352,0.004509540640399057,0.002447401668242769,0.004623503643040818,0.00669349955178281,0.012021104155870849,0.00348982610689759,0.0037528244286774517,0.003333735254528208,0.005378201291557003,0.0036681480015501346,0.0033010271865582196,0.0027339072210670057,0.004187871514238285,0.0029851450783862357,0.003331869013300309,0.0016162961035736574,0.004887818080737929,0.003473800545367498,0.009982977744619823,0.002509853669792092,0.003576832902016423,0.007735839527324904,0.007779420752911336,0.0023448732510427638,0.0036073375511863105,0.002014608670024005,0.0026987829465773667,0.005958278693110143,0.005280669090988185
3598,0.004759351463335358,0.004680645371548314,0.00515249319859423,0.00552043630295367,0.003422136397005643,0.0044044953721663425,0.005882515063459713,0.002636119309833344,0.002971233915126306,0.00558899512503574,0.0017163980100393075,0.0030846383706940685,0.006323181219707014,0.002680943627089728,0.0030181542625678385,0.003607416875801015,0.003579897003128961,0.003755322846213206,0.00241748128656518,0.005061021905723641,0.002769927290011957,0.002450213282318965,0.006088146136073442,0.001918116368582419,0.0011992720762658451,0.003910909348623777,0.004225699973207327,0.0020811750379581746,0.0041046009424662334,0.0027409300552094784,0.00760782891517493,0.010680641987361123,0.012963001558402245,0.0019962830966193086,0.0023018922379884894,0.0008170697703152702,0.0024963350607570393,0.0022312477150634204,0.002600726207830129,0.0023095308068294533,0.0023474145001357804,0.002459405571676929,0.0019829569076951973,0.0046616847115916946,0.002990141434604266,0.00659944034701566,0.00253923601029835,0.0036259025529840356,0.0028328387185214943,0.003937356404430634,0.0032474429150950814,0.001470120863119911,0.0022382609145810755,0.006941510721366149,0.009456168329868262,0.0017075541795373837,0.0048156435571172955,0.002618447241499717,0.0030640228335438837,0.0030249653658108,0.0037488760438048638,0.005607208154931881,0.0045109444330164875,0.0054579938714846956,0.0028287881230250386,0.0035592502185281573,0.002376715827362636,0.0031492741468568657,0.002198633529569307,0.0034276822083119138,0.005139542863307657,0.004598863283448062,0.0034422211908348116,0.0042938708206444074,0.0023724576543915892,0.0032182020571059513,0.005519049993902985,0.01281215480418322,0.00346228408604393,0.0021615494099592398,0.00332565445865939,0.00501776677891931,0.003307285754507072,0.003369302960172733,0.0026808881303756315,0.003998713191025818,0.002907979262876514,0.003078618783793181,0.0015528771600821726,0.004605253188707501,0.0028745671428869967,0.008958500426298113,0.002044884652575102,0.0032376631615321522,0.0084857446235256,0.007160861290036984,0.0021325971081122817,0.002778499091170343,0.0017856178706968666,0.002571135687216323,0.005758104152837384,0.00285390207213683
3599,0.004452971890648346,0.0043283180114900505,0.0053193141598526774,0.00632998250833596,0.002982271402474404,0.004364092026337115,0.005903292163561136,0.0026950852777748464,0.0028785475325466504,0.004678826122336647,0.0017839026795458718,0.003004065030486904,0.006012335382322789,0.0022172482421565966,0.0027599903434443536,0.003570406908049774,0.0035856233136537306,0.0034259549361407775,0.0021654171432107516,0.004811735090430546,0.0025292336971474674,0.002149676744020409,0.00596529104709777,0.0021098942091224084,0.0010644282722414124,0.0036143496640648983,0.0042259556528366545,0.001997542842358975,0.004118336806105799,0.0029123638290027526,0.007785444600286561,0.01092409309262749,0.013662653891617312,0.0020249064616242878,0.0021953587816466048,0.0007655880410143258,0.0025044481231042753,0.0019669499040196794,0.002188880190621435,0.002324244932531684,0.002181009490494891,0.002504919096682256,0.0019113317128798104,0.004313752143573201,0.002621429444753201,0.004458954488527206,0.0027241351520082752,0.003946126329766966,0.0026343226843344625,0.0036948620478270042,0.0029914121410254493,0.001574059415930578,0.002248827725020028,0.0067746208579101104,0.009584637040127818,0.0017984348030097596,0.004763245428801048,0.002682388351764453,0.002591187616243714,0.002521217658885296,0.002965211169768259,0.005275548046960362,0.004206463889358355,0.004986045726859543,0.0033807070539903046,0.00409178381051191,0.002308835709374096,0.003673757269123795,0.0019767842506290888,0.0026530369650496267,0.005540165470168328,0.004481465015644551,0.0033328268740694237,0.003525736525357294,0.0022178070531655215,0.003330252218103127,0.005475705411983501,0.012908955757944346,0.003513793048434826,0.002986991002950513,0.0031181459096606755,0.004438122499709723,0.00277843090840566,0.002785509013959699,0.0026455612732792246,0.0041089111486348135,0.002988631574880986,0.0031619621652158223,0.001768870469827479,0.003826615626033924,0.0032063668103971005,0.009702832174204328,0.0023048247882550173,0.002595791839545234,0.008638472693150628,0.007124173192791891,0.0020454440541252217,0.0029318001483609442,0.0019275411012748425,0.0027544276386175033,0.005777673793085276,0.0035128985020720215
3600,0.0042794559334660785,0.0036637485509668547,0.0052821928019600815,0.005120171503587654,0.0031372493714226274,0.004358347961426834,0.005271233427595432,0.002891298458392589,0.0028180300986105546,0.004733477703268246,0.0016627804667053276,0.0021933089623217294,0.006090464849698353,0.0020430506344916344,0.00448204610502286,0.003745343955703429,0.0034141992738536153,0.003068235292181768,0.0020389301852765562,0.005027050651136233,0.0027162077180542753,0.002392863355768914,0.005809745967509975,0.0033994910681787475,0.0010184779413407177,0.0029892301906951886,0.003823351503158209,0.0016928130661917672,0.004149344106108292,0.0026432609656279727,0.0077285669225327,0.010966206775282653,0.012290416635087969,0.0018035675614062184,0.0022050673704855166,0.0008117526062295351,0.002295140403089725,0.002093952946182749,0.0022507689020193596,0.002323052521468478,0.002351647420408589,0.0022801723549048312,0.002130500684503421,0.004313752143573201,0.0028547176946914924,0.0035555680610158584,0.003252054870097432,0.0035803272537188874,0.0025056609954463164,0.003777346609858706,0.0022959180902936503,0.001651217219823853,0.002419273239136046,0.007143206448208083,0.009551561159615305,0.0019161700009310476,0.004502952054313281,0.002853725864345018,0.002470849643774111,0.0024713177996720133,0.0036442544227171343,0.0053282996631597536,0.003412925962126467,0.004503341075015849,0.002750084225249029,0.004356351790174231,0.002290103317557996,0.0038232902509158064,0.0020893687743433393,0.002333573942561438,0.005401468356101305,0.004035752723786696,0.0032424836058221078,0.003507916223925119,0.002272956348373133,0.0033575655228610768,0.0052545969717809945,0.013279339790862899,0.0035218578720195293,0.0022386372693782466,0.0032129308948967063,0.004314459634857272,0.002901800436695689,0.0028260053692390945,0.00278401537168818,0.004202931781957051,0.003346787211603637,0.0031988049951225507,0.001453437750574097,0.003582371347211848,0.0028015563204992775,0.0099851615715793,0.002489154654128691,0.0026788445454151433,0.008508132689319508,0.007124173192791891,0.0022768340944540055,0.002699232650440821,0.0019312420957234397,0.002771541811349952,0.005704522894336298,0.0036010677684701693
3601,0.004946156652630398,0.0037256732163725775,0.005254697886386714,0.005909943353699559,0.002997239375184243,0.004578895956468024,0.005693561757557812,0.002658441550258345,0.003215819013003009,0.0044398388714093386,0.001954577686525455,0.0025444609597273025,0.005721341420589021,0.0022286004301731513,0.003951869555064113,0.004133792760345127,0.0029978990611078454,0.0033113364999636063,0.001965009630247158,0.0063779015815975965,0.0034294073604788115,0.002176376065424302,0.006345029222879552,0.0028751568808388687,0.0012593662746471167,0.0029216278325819595,0.004296501801996231,0.0016375043839560294,0.005081359450381242,0.002611232084434424,0.00800730201679357,0.010985203969806573,0.013314201221373395,0.0018658765585150131,0.0028615730493511166,0.0008132976696982324,0.0023961056807160837,0.0019364345250133406,0.0022182572428541937,0.0023455689220402433,0.0025624341483374245,0.0023663394055512777,0.0021057113013785637,0.004722718809001082,0.0038951862044350498,0.003340186759115019,0.0033235534106137786,0.003449403681546029,0.0033330385403917947,0.0037012810744429586,0.0026467187665372162,0.001940978950543792,0.0023273403496768775,0.0071196321136194705,0.009556729101497189,0.0019507495941865128,0.005488489703230813,0.0030999401489652015,0.0027998542044657755,0.0025609906833019254,0.004090924975784756,0.005348082929090562,0.004470442058924419,0.005073757817730534,0.0033615747398573945,0.004566797204043449,0.002622187997492059,0.0031102633488511223,0.0021891397380666387,0.0021152332446691203,0.005447933068086727,0.004590762552760013,0.003933614284349513,0.003914977131990315,0.002666191042722559,0.003761018803029153,0.005916902348134864,0.013164193393488914,0.003630640279115567,0.0027337489249268233,0.0033450838424956626,0.0039488950821201865,0.003034082150868609,0.0027538966632324447,0.0030589667820058227,0.004238193663021683,0.0031374341782614344,0.003380647211675683,0.001605613049484711,0.004013619386222677,0.0029254580314100084,0.010920792628686489,0.002342275088915107,0.003984566729256176,0.008496820662439036,0.00725107721673908,0.002273310895252103,0.0029351287195008347,0.0020147167191553288,0.002769302465004619,0.005812504089834871,0.005066960558134558
3602,0.0044606164350487485,0.0038984878402273347,0.005238942932870166,0.005808327359195161,0.003048936252339888,0.004803502257623223,0.005655965608759885,0.0027378150604851145,0.003189486003286083,0.004219514961307983,0.002020284813532704,0.002822152806202958,0.005945755879335854,0.002423245762839579,0.003182646382365695,0.0037236651879657954,0.002825583458602699,0.003267161676666168,0.001857776520278856,0.0056475948172590015,0.0033765507889213934,0.0023639627869347923,0.00663533031914336,0.0025382158286339366,0.0011915152050400945,0.002942258197019307,0.0043859135235694725,0.00199347021885027,0.004994520515678614,0.0024448239922132227,0.008271571743794996,0.010918060835482466,0.013403258620366431,0.0018645557661142085,0.0028655110168006974,0.0007573662083520579,0.002432778919076467,0.0019797340762479987,0.0024384037065326054,0.00245275120786395,0.0024075372771114744,0.0025081837585008613,0.0019441127694651051,0.003932740830664891,0.0036683962007875853,0.003657542148754594,0.003314338565456176,0.0032379656861086913,0.0025193061336020593,0.003920981052922123,0.002687051924570879,0.0019700544006089745,0.002218278435448699,0.007347566695592527,0.009723635528241292,0.00193620268545096,0.005125465123070391,0.0031357168655396887,0.002441116364635629,0.0025514204422840405,0.00371151293530812,0.0053637328726580625,0.004103736752615421,0.004427879453378077,0.003625026473098173,0.004187271719989935,0.0023858561198861453,0.00285731892416395,0.0022213885991631123,0.0024277803538639256,0.005852094400892652,0.003970316291642403,0.003847335322394902,0.0038822725357739144,0.0025662886943429823,0.0033353396869231365,0.005603520243682979,0.012995543983603834,0.0035590660481739592,0.0035537699695769634,0.003380749915322285,0.004288607210223475,0.0028679459842455876,0.0027430800275150434,0.0027337991679526655,0.004372065526493198,0.0032175836766121808,0.003139503775613973,0.0015761003735621927,0.0041154694602260344,0.003024312733700456,0.010023478445966865,0.0025682055821795754,0.004001036585987485,0.007954269593366392,0.0072495988749835425,0.0020561608991921903,0.004147935068473552,0.0020561576489782577,0.002957587254443338,0.0056382546504439345,0.004846175944036035
3603,0.005206600653017847,0.004009221064847961,0.005243523232002388,0.005998259603487969,0.0029681164874053923,0.004411372073526102,0.005739750508618779,0.002822225342008284,0.003283981591628746,0.0048302567937060295,0.0019840209967808575,0.0026812411008375714,0.005988503633647837,0.0024955611204103,0.003012744625035158,0.003441059938113781,0.0033566599891047193,0.0034179076435859506,0.002236192453749898,0.005032463861283772,0.0033081767304281163,0.00249006376049702,0.006006092527717103,0.0022406743776654053,0.001158071723667193,0.003237205262928733,0.004372671615230928,0.0020376214138645918,0.005071315190571606,0.0028171135588505817,0.008145145343914969,0.01074689973557248,0.013455561412473203,0.001818267963084523,0.0025985745086229265,0.0008964231376796058,0.0021855780462192247,0.0018382084018656638,0.0022901436941252986,0.0028321774187099725,0.0024558212386359634,0.002429631038220536,0.001918324708646729,0.004646354783614057,0.00321972876662988,0.003060654383659551,0.0033971981019917477,0.003173171137884085,0.0026203202323862762,0.003869867341554082,0.0029517972101523247,0.001886766182591556,0.0022111215887030988,0.007320780578055799,0.009591510556365042,0.002077785689659442,0.004827921495711384,0.002565117650441493,0.0026697963189645747,0.003087358771790641,0.0036981620252392964,0.0053690668885534604,0.003700634376853205,0.003986864829568684,0.002837958121397686,0.004555696843160564,0.0023872414159449382,0.003263526901848024,0.0022911622290898584,0.002657740306266206,0.005316317722124014,0.003940499253934652,0.0036497997491342317,0.003843138769790799,0.0022805115817771857,0.0035111155156822655,0.005979655228961665,0.013696731232777856,0.003548257119550728,0.002095376553595844,0.003374449127235009,0.004524031546834167,0.002790758641966151,0.002624268637036076,0.0026669589475222647,0.004233999032374231,0.0031045240267691494,0.003026788825320983,0.0015020140801713198,0.004130353338391141,0.003142529462954574,0.01017647987593813,0.00209158600907952,0.003832056724182619,0.00816077895688031,0.007271596355876781,0.0019541125089688246,0.0033780393074956095,0.0019127342959175612,0.002874722096215979,0.0059265574055708085,0.003905277820185792
3604,0.00463227063919146,0.003372851583094055,0.005150690108018579,0.006387843855490275,0.003021174134996939,0.004418978549072778,0.006486583761759543,0.0028564412134389674,0.0025453454826541576,0.005011384880391187,0.0017607598145721012,0.002867471880390135,0.005972164774515624,0.002338995171578925,0.00400988945527452,0.0033162362984969413,0.004035707529685998,0.00311939947700937,0.002085980353482482,0.005176084020370539,0.002608020035576682,0.002467239357918873,0.00615264412427614,0.0019774127039501282,0.0011891974055769723,0.0028966144717115527,0.004395838959728505,0.002187813575717116,0.00504639308164122,0.0028783463106919396,0.008092000891205611,0.0109584475818287,0.013650413535279769,0.0018640079003504205,0.002898954570571327,0.0008431189024791941,0.0017905972561252084,0.001916952696475925,0.0024216771857891273,0.002576664224765331,0.0025802954892231197,0.0023422779455320843,0.0018610166881682208,0.004709559154799531,0.002986176253357141,0.002534158895575355,0.0027355921641741164,0.003438568431950695,0.0027826179534412923,0.0032282300415063985,0.0022571053561985703,0.0018235129466516765,0.002475174930729967,0.00707904692784879,0.009514307316439855,0.0019370883959615656,0.005039717253463283,0.0026593509648265294,0.002656114897198776,0.002882179945936141,0.003576161523194669,0.0053286081046518005,0.003835645745988623,0.003682977242042233,0.0031892747139693656,0.004683511012157571,0.002544037769241274,0.0038194774966553192,0.002245193567178098,0.0026940590606858313,0.005589402327929176,0.004128347562206924,0.0035683862175723883,0.0038871433458373956,0.0023933275225758383,0.0031259432484292073,0.005420797851367715,0.013682090830095757,0.0036596917840228753,0.0022751072418020907,0.0030685888021231883,0.00386116024828503,0.003045695154687382,0.002818676735672563,0.0028347745347508165,0.0041843653386808835,0.0029614002833198306,0.0029548671983197637,0.0012999971235428712,0.0040248727345732855,0.0030240840232013573,0.009305255835164901,0.002022016245793004,0.003574603461108234,0.007806108698121534,0.007271596355876781,0.002038231145085806,0.0035558427172322896,0.0019451136935273465,0.0028767366290484166,0.00571952967234998,0.0034282480714996812
3605,0.00458213011325931,0.0034707841036078087,0.005303040818262328,0.0066810901906152265,0.0028614942173871664,0.004812581843537516,0.005802842041241136,0.0027602996758587933,0.0029971086848489953,0.004452750557544668,0.0021454223288292357,0.002421992597165948,0.005906121349089616,0.0022396355136163116,0.00413158587443662,0.0033481676778846824,0.003461214161006338,0.002983392763244961,0.0022127831719539045,0.004767326914176861,0.003261248300086261,0.0021384561188460037,0.006202861120806575,0.002266927726920556,0.001168601426944739,0.0032406861130121947,0.0044927371478563774,0.0021169855927685504,0.0042760258100606,0.0029289548985986687,0.008039248602484941,0.010754568950097552,0.013963392883103738,0.001949246424446339,0.0029972518968617973,0.0009016627243026292,0.001941279632986568,0.0020167160080237557,0.002388395254280887,0.002624918298612913,0.0022108464737862904,0.0019028133617893836,0.001838005365639203,0.004642445311402597,0.003730874451403371,0.0030532158986432624,0.0032027651597885706,0.003351396512825785,0.0029785458060503033,0.004002711442034521,0.002955814762536024,0.001781324153573064,0.0027450890158699994,0.007152605908023834,0.009521939329917817,0.001910970655156106,0.005089078111269198,0.003200204981908675,0.0035169359754530782,0.0022826021697038125,0.003481026251200577,0.005531750041939693,0.005183000491836056,0.0042393186694262,0.0032276439478191475,0.00390940707790812,0.0038001127407847252,0.003861328665656033,0.002107506113681338,0.002692667277525251,0.005654854124412877,0.005700389944419926,0.0034042130991291707,0.0035497473874037426,0.002392736541046924,0.003617916819784295,0.005473193553472871,0.013108262254804583,0.003540014819877062,0.003183699672366078,0.0032524494357927054,0.004456334588624281,0.0030432643800404726,0.0028610014829595306,0.002606918510076916,0.00423421613196305,0.0030766903362830656,0.00300193458034667,0.0014630399530655663,0.00441306470472714,0.0029193127682516956,0.009996636933773114,0.002248625388993446,0.0034241870421295637,0.00879587841339494,0.0072172307858532694,0.0024638202824073738,0.003428099242975843,0.0018565320649097932,0.002453799095955806,0.0057036848935762665,0.003967196407125387
3606,0.004694505004561856,0.004505383183960675,0.005244159671005486,0.006105758625886702,0.0034661994581842407,0.005309782486889799,0.0054985433147516985,0.002551274152107505,0.002911585368970159,0.00633998058442979,0.0019568100414739504,0.0028959641057695563,0.0062218582233490695,0.0025347496555770763,0.003745200872850306,0.003273186097020847,0.0031233492200209044,0.0036036874191149467,0.002173621219237728,0.0052349254833440875,0.0026170528091909134,0.003058632380252091,0.007348062321335609,0.0021801696655953133,0.0013543703904158751,0.002631049668266975,0.00428548454224303,0.0020623080946161536,0.004317467951686882,0.0030648094418557763,0.007903388634604757,0.010785310510729092,0.01375901432410398,0.0018809222327138878,0.003310044107269137,0.0009811763512326038,0.002029830218089334,0.0018173825905029404,0.0022590256927294693,0.003936217848066805,0.002061032646698203,0.0023708095876663407,0.0018681687645632583,0.0038666960493306253,0.0031553276744633652,0.002887583371583983,0.002558667984674152,0.0031551686312808005,0.002825541900370386,0.003736309022054323,0.0033184078763419307,0.0016542287478898108,0.0028061680575339207,0.007533435230460714,0.009754178606953667,0.001960353812820042,0.004972099097648376,0.002738194932757521,0.002679712642050118,0.002637428441943031,0.0032531126908638087,0.0055508789072073236,0.004415877777712521,0.005156614695752461,0.003700075083859013,0.003872128824546924,0.002348422683783789,0.002966124134089172,0.0021462422574453485,0.0029732943266993833,0.005126244211967666,0.0041309230263665755,0.0036562795619880964,0.0038766013070072308,0.0028271820499942177,0.0033395043518323277,0.0048247013575217716,0.013558682414249583,0.0036978062231317783,0.0033178181654622365,0.003456052187884211,0.005135268196324807,0.002885106796196605,0.0030521145742852755,0.0026509670353130287,0.004141918472844817,0.003089029784771113,0.003311236176553296,0.001713648828525228,0.004264433892540481,0.0028302035951646275,0.00958092527961481,0.0023999215045106387,0.002785907977253736,0.007346303905491976,0.007304738176665023,0.0025515121671084518,0.0036852022795470308,0.0018993539142249227,0.0028178904270166746,0.005717101671016554,0.003249374785214739
3607,0.004646386817039641,0.004273503121978404,0.005212580229845748,0.005480214574824706,0.003554643347337453,0.004837520492351605,0.006479321370039014,0.002677568852957788,0.002851560040531244,0.005037056104077746,0.0024164333140059336,0.003824065247883682,0.005395707310077989,0.002248332752879824,0.004102013448630079,0.003949694351637788,0.0031563052585179357,0.0034266609774192564,0.00209427393663577,0.006396223524107928,0.00322571759833415,0.003022301710636673,0.006611133827923482,0.0021622253119828985,0.0012583820404995774,0.0031012879029538244,0.004478456228263256,0.0020687106077311264,0.004101551682108811,0.003113196927387561,0.008396805878578162,0.01103902877374425,0.013054957259681406,0.002210139971780568,0.002824941790183664,0.0007400069592449304,0.0022179474893357465,0.0019184299705272167,0.00249404963862949,0.0027863032625106694,0.002390396462600735,0.002200950267820905,0.0021978565027311477,0.004577999260225568,0.003791462928229709,0.0033816620527376312,0.0035721373860750382,0.0032878953834564384,0.003801056267077718,0.004507784865724501,0.003131000779337332,0.0016463671689554281,0.002685834207541935,0.00763954387493733,0.009683087024392458,0.0019792833252247665,0.005078598940012051,0.003116019870868247,0.0033868155496355927,0.0025885100571015718,0.0038788054612618594,0.0058056059181656305,0.004862122371908759,0.005767306357052649,0.002905452818886314,0.004933714107151971,0.0025685278978037807,0.0029794146400974274,0.0021865662489672037,0.0034787393883061383,0.006083621528310763,0.00522211670005404,0.0033627581336307323,0.003650539535717892,0.002421363097582973,0.003438994801938687,0.006350195733141616,0.013873877990172728,0.0036502132640399165,0.0032171221799687532,0.0032938866909256845,0.004447797848095126,0.0029563563021614728,0.003100889831990613,0.0029568243736016386,0.004099802719766443,0.0032158834273745282,0.0030876808554957287,0.001580929257770029,0.0044378455750747475,0.0031023267435674106,0.009234599004584655,0.0023167289112290645,0.004082195191562766,0.00867044559881612,0.007544162885550288,0.0021237730283882646,0.0031817583777437953,0.002021094139752606,0.002604825459862606,0.005572559244252804,0.003911957915330108
3608,0.005023346335918563,0.0042970118452587535,0.005270822837913968,0.004996493248298154,0.003245888655134261,0.005145219475600299,0.006805579980487016,0.0027419303431662125,0.002804806474259599,0.004914645933707347,0.0022064504674602944,0.0038499754096173906,0.0057193723954306105,0.0024199026040904376,0.004355473065996249,0.0037566150821515443,0.002756739981135455,0.003545221291440489,0.002044891436778468,0.004482554478870404,0.003337929114582673,0.0027589697544033827,0.006568714407126759,0.0024280297934517886,0.0011168341050014144,0.003508111098570417,0.004350284260909634,0.0020730886270391127,0.0038997770439649034,0.002883579205575993,0.0081304491345414,0.010951095610986004,0.013612624852366991,0.0021323257511455637,0.0027880663233916664,0.0008685346484509149,0.002424167890794569,0.0018854679013406758,0.00246340082385294,0.0025995803704603757,0.00200582538810632,0.0021980127761015425,0.0022841765871561893,0.00353869466391688,0.004159364834862758,0.0030922687622511992,0.0032474086297288483,0.0032898842977295176,0.0032986570014625315,0.005119558251109457,0.0030058699644340036,0.001876935415579929,0.0027173607101363753,0.007561795575995857,0.009539692520754532,0.0022837576964190188,0.005155982851450969,0.003272564011352906,0.002887597864839699,0.0024495728035452326,0.004289819573553049,0.005388652968686398,0.0042208960011988145,0.004503411650152378,0.0029762461686614855,0.0040255542645264274,0.002331023998617564,0.0026366247406504686,0.0021197721772132777,0.0031438863174134365,0.005557454552618921,0.00460111208005474,0.003571089262481662,0.003412292662406154,0.002698331074503031,0.0035503163900159774,0.005146222414504865,0.013616777569867074,0.0036767991800447184,0.002905418797980982,0.004135776960460906,0.004573664241276635,0.00296390825291735,0.004682517590891184,0.0030608182487314155,0.00411249381891691,0.003436602257340085,0.0028956431370288525,0.00181583506434011,0.0041828361647808215,0.0031839138933280175,0.009631464846465789,0.0026036767291837144,0.003525968378716091,0.008581866041138878,0.007557706377507837,0.0024157790555144787,0.0037445870248408496,0.0020167882359195775,0.0030053672304741442,0.005485018808944337,0.004204128660742242
3609,0.0052423112417193315,0.004205888383783722,0.005206683012237066,0.006555405575177907,0.0026723076084627763,0.007004973712064505,0.0065906994468682804,0.0034071093685392752,0.0029620062297719615,0.004287852822200439,0.0019649084215378546,0.0036789833367670047,0.005244467186373359,0.002832210136585776,0.0031406850474328825,0.003748549540812415,0.003553514761349437,0.003836461597372625,0.0028020670319138844,0.006769406967214705,0.0033531118013647846,0.002140661319197755,0.007414504941842822,0.002456658244011535,0.0011943174356440745,0.003386052085370747,0.005137086666666715,0.002171531342265052,0.005140965287907134,0.0026945773370587026,0.00802419983842903,0.009585206645724749,0.015019897068801939,0.0024689108158621347,0.0025464342621191235,0.0008966034005722301,0.0021095146439517164,0.0017715478226212943,0.002548841242496545,0.002556687402548766,0.0017084953377722839,0.0020121287849572903,0.0017300570968506461,0.005084772145117358,0.003083047221318946,0.005570872021996622,0.003068338433772861,0.0031149903727045428,0.0027965717796473322,0.004044179863754971,0.0029289937500460244,0.0016449667327511465,0.004415404629823609,0.0062359076626993535,0.009980901170807105,0.0016447961792587246,0.005287842934387399,0.0027268198398674747,0.003333403530509077,0.0025051798087471705,0.0033731791649706214,0.005433036300659814,0.004647155490347445,0.005840075616011212,0.0034100474494104375,0.0036748342808187867,0.002800714844690536,0.002953523424789631,0.002202790360966533,0.0035214143341005407,0.0036593230840349057,0.005087859088572224,0.0031712394561686863,0.004198272689391735,0.002110959339143938,0.003170904607199853,0.00582229053610364,0.011970159299884833,0.003784503310499451,0.003154478837636119,0.0033183787827814333,0.005148366708102071,0.00351484842513816,0.004165803007950162,0.0031496650563047446,0.00399640950873916,0.0032341827485201087,0.003025898077030698,0.0021812168245461316,0.003653054123317154,0.0031659104304129935,0.008400041079603442,0.0021910818032873196,0.003132780989207736,0.008047905550998198,0.00664558581320921,0.002432862029799928,0.003107778161880393,0.0020445664693885704,0.0032449116570898873,0.004619960240907037,0.0037755874045975217
3610,0.005798260333791939,0.004481869807626932,0.006141661069232437,0.005702334989001354,0.0030187269907913108,0.0058818764986080735,0.007573656988214983,0.0025235273991405143,0.0030550777788683173,0.004565422846458194,0.002214982143294256,0.003558553746526254,0.005849921084621934,0.0027325581769120904,0.00307275510613794,0.003853596156989672,0.0032680536064637854,0.00421939473780675,0.002812030805550237,0.006509097625574124,0.004640943641796721,0.0022219861326980787,0.009430236603815704,0.0022375783020265085,0.0011544371538630106,0.0037317716662544353,0.004852910464650949,0.0024305139461243018,0.004331724953322737,0.0026405557346134575,0.008787902782057024,0.010920002657636334,0.013296234384132513,0.0024166180602503123,0.0029639053847006877,0.0009583694404702558,0.0023451724097334837,0.0016773094087058904,0.0028307809468951298,0.002560854660157617,0.0018089575485562442,0.0019446246429805462,0.0017021027516597167,0.004264225541813065,0.0032136668260384993,0.005727962016539273,0.003136063514537348,0.0032850172154737438,0.0027688821445837684,0.0037290921484227366,0.00314848663593513,0.0015257569475042806,0.004330998322840992,0.007765646011522047,0.010500587930955412,0.001844045893223706,0.005597093971478156,0.0029827589177205257,0.002558435567912285,0.0024378566799422613,0.0033386513065454446,0.005397458164454497,0.004401210132333446,0.005623046736888088,0.0036575698112953532,0.0037396373790180917,0.002449068431939737,0.0028645505588520497,0.0021379219110334454,0.003909444129864247,0.004162850081285311,0.004061597823229057,0.003205217497034333,0.003954740362530326,0.002269375818102608,0.0033747356121503896,0.006261870170586994,0.013627167392854416,0.00337428160568692,0.002897188246172435,0.0033356916561186486,0.005503719142243369,0.0035570698501951113,0.00298501028754536,0.0031229028577772996,0.004382341618716387,0.003080762427852349,0.003188463121777491,0.001905314553700683,0.003803729945774835,0.003366815651368975,0.008992830160461632,0.002190387534142482,0.00408874586316297,0.007628126585131445,0.007261272463545177,0.0024909243058307672,0.003467218366169319,0.0017451229391851307,0.0029442299483186762,0.005776497179211225,0.0031452829137085087
3611,0.00586559643006351,0.0044743589997290854,0.005666594764908529,0.006647184935150517,0.0031320484891179208,0.007132356893404816,0.006458190013099747,0.002674490746951791,0.0038272139692432723,0.005253161899450355,0.0025326928561046637,0.004443771355689124,0.005608488449814649,0.003118544541001178,0.0033149923341590456,0.003912570859430008,0.0037951759101426162,0.006159974407193887,0.0028170422879033735,0.006025890741509734,0.0031925927485394593,0.004065782772723672,0.009948188456750018,0.002930303161943105,0.001227535012755624,0.004721800539017035,0.004680688572689485,0.002296964441537564,0.004144809400249026,0.0034565606246587527,0.009162177691731327,0.010063637770494339,0.014080961095482023,0.002990650248281801,0.0030758437566741435,0.0011065171241648752,0.002670650643297043,0.0020169257254705917,0.002594808428238215,0.002447467682023512,0.0020028434166951773,0.0019370347682444193,0.0018294321701541744,0.005185772765883838,0.004252404979434601,0.00828907969282646,0.0038115604662457706,0.004619348402221951,0.0031026367055826845,0.00377535912215361,0.0035511841002638456,0.0021774978548670847,0.005339819351237588,0.007425101683860196,0.010058189931706249,0.0018413473570200545,0.004985626415910897,0.002517612368698369,0.003372073812174676,0.002849656323331104,0.0035390439282102265,0.005712619426901573,0.00484533612662315,0.005871924512190418,0.0030525520636110874,0.0038793230666146366,0.0031855523305303773,0.0033009131818501295,0.0022204102165863863,0.0036143163222340825,0.003916499614908434,0.004942765100741702,0.0034105278199677803,0.003842185089503684,0.0027603272984198365,0.003269762445850007,0.005245719851728833,0.012204497401676812,0.0034619742788778987,0.0033697323933096755,0.003238064598439463,0.004606857965554395,0.0037409150869763463,0.002976926075175234,0.0031599045062592067,0.00360171228234401,0.0027381122781385482,0.0033473202573299364,0.0019579607182671674,0.00404686629269983,0.0033384374872053126,0.00976066490371738,0.002396899397754729,0.0037802127470008538,0.007652421508997507,0.006860833357466492,0.0024608401750123112,0.0030356794474414696,0.0018343082905023962,0.0031266981178450213,0.006117731841644726,0.0037309169093164467
3612,0.005706866705604262,0.004251040317959116,0.005630014843434508,0.005640655863610394,0.003252690800252544,0.007580792941329052,0.007928441253654711,0.0025249688739300484,0.00395728056025729,0.005091000377436259,0.0020519293305324565,0.0036575904931962708,0.005555936388909548,0.003275774744543065,0.0032253934093388966,0.0030548528957649195,0.0030950054506686787,0.00484100936957155,0.002914654440660789,0.0047018833235297226,0.004066100359703122,0.004377786727743666,0.009903927280254307,0.0022113211100172566,0.0011760049692697578,0.00320187090746003,0.004688332554801575,0.0021137843711774287,0.0036866391084013745,0.002780869177352184,0.008986460459988539,0.010285476066451039,0.01409208307435434,0.0024357491657058285,0.0026783584453451002,0.0007819864988515141,0.0031541902972051796,0.0019490556413667942,0.0024720919900682783,0.0022743463137545952,0.002054647353090875,0.0019163224377109279,0.0018491000974663586,0.004610584692591236,0.0030107363612615775,0.006662471368558283,0.0036491027985505967,0.00317376811123345,0.002578867884819343,0.0035420081441570562,0.004066718273134094,0.0019272791000566974,0.004726941985719617,0.0069211847608962,0.010146202307076444,0.001844225489808685,0.004798457381494489,0.002706060628090605,0.0030782978560925183,0.0023333759710166577,0.0029533052802953926,0.005431145110345081,0.004430680185611838,0.004422437019006991,0.0035057991017256335,0.004052282197186375,0.0029602629134281044,0.002935899804217902,0.002009845001299811,0.003612471784516229,0.0034260342181973657,0.0044877837286547515,0.0034069219535163525,0.0038585390861006126,0.002076370404055441,0.003181405035420909,0.005754226154676913,0.012436936612027666,0.00341917083843966,0.0026747276569725944,0.0033288105289466813,0.0055497422068296835,0.0033959904059075703,0.003003335000699596,0.0030640505150858676,0.003974426603882709,0.0028979752662196814,0.0028147446274887538,0.001732993920782796,0.0038444637752227022,0.003208869717197715,0.009285005220978455,0.0021617706510863176,0.004845233500590739,0.007888468940433128,0.007457732159431166,0.0027106712366776497,0.003085295013038634,0.0017247160182979984,0.0029107523738831783,0.005604729172881365,0.003727122402746338
3613,0.006468523947106413,0.004032254654511908,0.005685621777545782,0.0053157749490602615,0.004116288277123796,0.00612567466451573,0.006634610460491789,0.002860810396447216,0.004233308528366266,0.00469318541212847,0.0024466930527288957,0.003468574359307864,0.005803612293416575,0.0034473414114717677,0.0044383023034382215,0.003515414950406631,0.0032362012447878607,0.004823997102399015,0.00265213731037309,0.005923628363624826,0.00343053665179742,0.004368861498165241,0.00940009934796773,0.0027232134086146932,0.0012375502703359654,0.003587579323389709,0.006607248422361672,0.0020530249778452406,0.0037893187249139213,0.0028980188209454237,0.008418520598049104,0.010602900344318548,0.014021694623798703,0.0024152760314957895,0.0027523000235266416,0.0008151239518459672,0.002777732491947144,0.001897834314084245,0.002454432433334219,0.002447720757081978,0.002007511469455257,0.0021672746046552957,0.0019930930650091136,0.0038339899533565737,0.003311363532358396,0.00640553287436882,0.003441499142829724,0.003399486784076101,0.00277887802732371,0.003706648098203661,0.003619821821080628,0.001998662390849266,0.004123988752563177,0.007132311733520843,0.009860423746879163,0.0017164247924675684,0.004996560058760481,0.0028215392233430763,0.0030020886067754085,0.002670414889587696,0.0032876590018103753,0.005463220846391853,0.004726997212430103,0.0036156785534588545,0.004095709341337092,0.003927638658968527,0.0028035992500859185,0.0023606721322336254,0.0018874980972495865,0.004104573105151661,0.003602661703112368,0.004568937559810741,0.003095136977674005,0.0038803883792913854,0.002221498146395319,0.003181920704329359,0.005395883600675713,0.013085161205898985,0.0034725667318748635,0.0030846319412772077,0.003606901343692774,0.004901663980083362,0.003500736532294444,0.003210653128801699,0.0031631154315402846,0.004082140773256937,0.0027288625764927163,0.003261412527493362,0.0016469112280172674,0.004021983541105738,0.003047948013534461,0.00877674769847681,0.0022158006853281714,0.003614251280916367,0.007543892913269683,0.0072094111013012675,0.0021976400242533266,0.0028447804247993926,0.0017043602833134086,0.0032224852421929686,0.0057981252393887305,0.003850417923645425
3614,0.004611456030690646,0.0038731427408027173,0.005484427053699523,0.004948887531319982,0.004891840875571817,0.00671087857581053,0.00677460044875617,0.0027610176884790656,0.0035530399698110184,0.00487627949569061,0.002324511428435679,0.00368041044166859,0.005987841975507705,0.003999470121110714,0.004518918800455878,0.0029370173578370964,0.003400986389025536,0.0052831986676928795,0.00603831359360025,0.004115291609352338,0.003649474842245083,0.00485057806418168,0.008768570997210528,0.0029076798020541217,0.0011343786321058214,0.003550576214255187,0.00788009006988995,0.001895696337834303,0.003885854476531019,0.003067766856157807,0.008027291466868999,0.011191326541847221,0.013236430947886433,0.002065305332213624,0.002888468304139323,0.0007956696312606534,0.003315006363445275,0.001953700248646817,0.002502425936529677,0.0021686455922257787,0.0019385097074521146,0.0025040518417440917,0.001978652570519058,0.0035119825221575575,0.0033796614088514236,0.006462522542375845,0.003264626035097754,0.003685780270906823,0.0026775768233888103,0.00407638382759679,0.0033315400726370696,0.0022513513550719484,0.0034830455497920536,0.006942562188536468,0.009948868950884924,0.0018417063053714725,0.004917922094754909,0.003217137426328098,0.0024644960753759442,0.002810722665963148,0.003307740362633737,0.005434663398563126,0.004458412872036447,0.0034678847141356977,0.0033628067697554624,0.004157871230657172,0.002349311996206448,0.0023541593572823866,0.0020845338235000797,0.004672742184937842,0.0040818338779833,0.004604867472216109,0.0032347928815908236,0.003545970942688481,0.002534429015882677,0.0033072267254331783,0.006357222237671037,0.012876382404299606,0.003447295666440642,0.003012258482449359,0.003119542535807446,0.005353934909052052,0.0034582237159065453,0.00291821091583713,0.002813018740385691,0.004013852766266353,0.002736919836682182,0.0033564432974725156,0.0015211320283690284,0.00418082059978737,0.0026585735435667363,0.00970332839071809,0.0018995490472538694,0.0038657853734914657,0.007737536881456453,0.007340461541872285,0.0021177909320343542,0.003226717013096929,0.0016106091265286903,0.0036762957804083044,0.005690743018110331,0.0066474635890002975
3615,0.005386901700444577,0.004095741209853714,0.005380402534060409,0.006218106710624582,0.0044595879710705,0.006323823141077676,0.006278470238560106,0.003053436453431346,0.0038666734946254584,0.004564095306769312,0.0026110606360662484,0.00508417503634361,0.0059064671903743685,0.003617956180069076,0.004265521475788699,0.0035374541182631525,0.0038059605405890854,0.00513905052404218,0.007895002404816335,0.004501810067540675,0.003734450895705251,0.005112934067544087,0.009222615196358417,0.003913970928442696,0.0012490645859195705,0.004058557391194322,0.00698733484333564,0.0020669964719426492,0.004564501686767746,0.0030354242658433253,0.008839200061520456,0.010819204887041186,0.013396958446383599,0.002304481518575826,0.0029090134494902256,0.0007639362513147056,0.003357908540027189,0.0020790814291166424,0.0026076851283296197,0.002262227074366097,0.0022314917721111805,0.002686456892377736,0.002109753799776108,0.004415720792341661,0.003207414714165059,0.006618643152915701,0.0034029314776616256,0.005429342042090123,0.002886845312861383,0.004181704068118899,0.004198134822348742,0.002407896052317971,0.0038531585481113343,0.006753818181300083,0.009839504639133238,0.0018312666855065348,0.005132627146730387,0.0032313665716832895,0.0039031016951037783,0.0030298337133281617,0.0034557017489764245,0.005614533444683337,0.004406110213055415,0.004566015739302298,0.0030931213055488647,0.0063824758433565654,0.0025176478700506483,0.002346623714023769,0.002116862470972122,0.004829122618054221,0.005644253428609355,0.004966582992551617,0.003268059145088123,0.004269969880271513,0.002156076503315925,0.005382304869908399,0.005904793639282189,0.012654521996953745,0.0034833163236903993,0.0028567499202583474,0.003750383507101519,0.004851921563545575,0.0036158208898364797,0.003166379172363797,0.0032604565293172993,0.004375182832362993,0.0031250805791226063,0.003283197334665379,0.0019048851591388705,0.004642428973285421,0.0028866275828575085,0.009770733974188147,0.0021679455354502043,0.004109546299884862,0.008698247054137444,0.0071997005930057095,0.0023039511596059984,0.0034579735086045253,0.0017042021802673802,0.003316792777453196,0.005960422592788042,0.006551500809052875
3616,0.004766666265308522,0.004067577645639487,0.005115814025046361,0.005377200651750327,0.004475612924802168,0.005912138743310201,0.006367478463190834,0.0031478683363404605,0.0038132742954380375,0.004908151286052056,0.00278384100961897,0.0047434708219764215,0.005544168791450368,0.004336862304155932,0.004592460937563901,0.003603513725112596,0.003418107669076874,0.00503996002543409,0.0069326173477836555,0.006029561325925466,0.003793450157123658,0.007502375280747731,0.008529237355300884,0.0032798884573859693,0.0013347493178672756,0.00406746135100501,0.0072381963108529715,0.002071407030742618,0.004668976950487277,0.003079046680660765,0.008444140270336242,0.011220440330547771,0.01310907238867473,0.002243676342459496,0.003297121505487065,0.0008054829123776703,0.00382548370058278,0.0021927088434032455,0.003041636393618548,0.002610564459793356,0.0021435629724520715,0.0025689815358355527,0.0021774023319851695,0.0036330449816181776,0.0033540250538693886,0.006987228392090985,0.0033865935307002683,0.007261291139948779,0.003146019617848239,0.004125335178235208,0.004202426256304794,0.002748022601269879,0.007765564637614631,0.006797060476322399,0.009703703913572295,0.0018061599061868364,0.005436393572921056,0.0036590042244387124,0.003627734196236395,0.002869194935938799,0.0035406902243226585,0.005572169394484306,0.0044758977525674,0.0037134633166698364,0.003947228293822982,0.006673411913670084,0.00284029282309414,0.0024672401393734215,0.002512492787385052,0.005077995532331,0.005995919064592762,0.004856454143227248,0.003265430884804613,0.004730683908375941,0.0024188261237099522,0.005306922982520411,0.007238440927879983,0.013640567509761318,0.003505907602451302,0.0030772022432173775,0.003991275992836683,0.0054632462841816935,0.0037018848374838725,0.003295584981745499,0.0026496759030287666,0.004281977911856768,0.003440313128770702,0.0032551859382116653,0.0020800226138351073,0.0041960662857808174,0.003310320709423353,0.010287091268134171,0.0020295062724794487,0.004541103563967597,0.00795556009798432,0.007583193487226683,0.002255091105766039,0.0035656129114598665,0.0016720537114517547,0.0034196691317719265,0.005729386057869362,0.007154725085650858
3617,0.004778805244853538,0.004284591361579095,0.005674779962576078,0.005184013496886644,0.004914143842304551,0.004594374882028213,0.006249108994433626,0.0026454366976759146,0.0035293821287809275,0.00478219457882882,0.00242105243957584,0.004637757824840492,0.0055227002038570295,0.0031204725315440354,0.003292587045596909,0.002968531444524566,0.004505396981467125,0.0034371982600777213,0.005061110515433859,0.005831372480442748,0.0038419503322290067,0.005409933624409295,0.009766395592945782,0.00353487079243636,0.0013009234949304962,0.003840101719725004,0.007135387994110002,0.0022754379636775583,0.00400969447670054,0.002724355229446164,0.008036058071272952,0.010979403955748977,0.012819657492857217,0.002045717826356112,0.00271735359013427,0.0010618658235727646,0.0023931443043404494,0.001893637364080404,0.002709987707865066,0.0023677846452051354,0.001957842542145268,0.002002611022174787,0.002043569969869282,0.003595134026483981,0.003206363841942318,0.006753073219976952,0.00296861666994605,0.005818168425830898,0.002894021923362349,0.004091585415702258,0.0030892717488934327,0.0018919057069335964,0.006514191417423602,0.006938861438322731,0.010230240785848716,0.0017544658476628598,0.004836617066678249,0.003410740205945719,0.002444318840791164,0.002842936861297949,0.0031842931598308763,0.0055321201580868385,0.00444847519035486,0.0036002187610415523,0.0033468230216204624,0.006615255198673516,0.0027321965411946495,0.0025116447670345318,0.002131807116495019,0.004462420673994388,0.004153568005377621,0.004783345699784637,0.0031499042456390627,0.003547553690013695,0.00210909496018166,0.0033615802532165518,0.006097850505769172,0.012413834352688861,0.0036956012563780466,0.0022502724075957807,0.004080259959348772,0.005084244116507719,0.0036129683955007427,0.002956810015712592,0.0028183807074692495,0.004249706047428011,0.0028801811988250553,0.003045232949843659,0.00183849087449508,0.0037136032974060974,0.003239687175231854,0.009758747643245644,0.0019414825182475796,0.003829941895148635,0.008394315326171282,0.007282798803255959,0.002257170430667975,0.0033012445659275857,0.0016122743282750906,0.00421293725448126,0.005795576316496624,0.006859026986039929
3618,0.004435538896429061,0.003538069381454811,0.00551287114109954,0.005035369634964466,0.004200719303533249,0.0044524857535751285,0.005852110553705255,0.002784261509876226,0.003122695348598149,0.004334695957800381,0.0023053043921210056,0.0035002277663584913,0.005964292512335884,0.0029476919201249104,0.003943819204864735,0.0029354790030567666,0.0030711449583545364,0.0035031016250810423,0.004799988774444346,0.004327398187992037,0.003479874199278741,0.0050712266916842635,0.009334961630334919,0.0030563892187295246,0.001296131912634828,0.0037593456035119447,0.00644969452658517,0.0019287929819075352,0.003932733154668749,0.002918337306856667,0.008589486598900492,0.011055623409891751,0.012584516470421222,0.0021044568491065062,0.0028481272712008883,0.0009150936638562152,0.002102128093504177,0.0019456493582820137,0.0023379541016085776,0.0024941493777239595,0.0019618878119459877,0.001983399194277019,0.0021599641928132527,0.004123287115619745,0.0033056939218152007,0.0066295091723012145,0.002850818315549318,0.004547873120055732,0.003017262581716316,0.0038296859478734865,0.0031632005972194806,0.0018531643341448694,0.003747192067863508,0.00705334091569729,0.010169349311580873,0.001980860157158389,0.004780725196711337,0.003465235524140761,0.0027163772567965665,0.00258562137761807,0.0028311036199503534,0.005439685902826348,0.004591745292328484,0.004278451424468588,0.0026985850921292056,0.006976594347610191,0.002785805464759034,0.00264419678579112,0.0021173422795451977,0.0035481582579574926,0.004263424708800286,0.00497360809351877,0.00329134700823117,0.0030215141474831016,0.002082867229937076,0.003647432581803326,0.005804207552454263,0.013621394500278536,0.003730175231760752,0.0029517066086160726,0.0034758817867602786,0.005267630542297537,0.0036571967405229357,0.00306904871731131,0.0028718480788991574,0.004327116217499483,0.002873876129270648,0.0031604496555367586,0.001885889339650658,0.003289459784897597,0.0032321155269253938,0.010147931726776438,0.0020523878217745964,0.0032481334223800457,0.007669782171263441,0.007230158899688188,0.0024223798848460373,0.0029698922512023675,0.001595543465744895,0.0038703262448471385,0.005673711291300567,0.00582131552483868
3619,0.004782765126267446,0.004265151376781197,0.005253610027925569,0.006589245509415052,0.0032000658461589374,0.005039177350419943,0.005940098762074371,0.002806328966004354,0.0030108584519922725,0.004381306540437106,0.0021281922880951017,0.003331035066515797,0.006293231183244906,0.002572296849693189,0.004348156130992757,0.002973015054478275,0.0029969775926481684,0.003724671467289044,0.002630556568004393,0.004180295260659517,0.0042240253047229155,0.005133223779026385,0.008189658744433668,0.002754005257234635,0.0011257111939408893,0.004022389570777373,0.004327926351641616,0.002140314952140603,0.004172723344199646,0.002878901059480784,0.008125333791661655,0.01123633799372414,0.012736784920004839,0.0019871811912094374,0.0029411286177067736,0.0007643035945832619,0.002853641760043684,0.0019503616581880757,0.002879494582111958,0.0025211463330654838,0.002185873634850036,0.0022632887632769855,0.0019624483335787305,0.0032459015074449236,0.004988557936012147,0.004683631783651337,0.00317178135506125,0.003455687661055376,0.0031691825842464893,0.0040348042031700376,0.002651664980860277,0.002076221502192979,0.002763617837402278,0.007402809724192461,0.010149228705165934,0.0019257968856220067,0.005054873905509019,0.003513360295333749,0.0027377591143860395,0.003136231446573485,0.004387635029067752,0.005473066837053109,0.004133132376236839,0.0043005780436974955,0.0035026291200230928,0.006856925846324217,0.0027423979674011992,0.002635192270219901,0.002080274115659285,0.004005859235380237,0.004687258634534121,0.004814659671812128,0.0033509959653917976,0.003128802809916364,0.002704075414918977,0.00360813287293086,0.006982577238234164,0.013915009791356516,0.0036600756457394225,0.0029320419776756586,0.0026522579954880686,0.005396625984941604,0.0036787994271191243,0.002892635099671725,0.0028527337488233103,0.004052617874490152,0.0033445316146445687,0.0031985905928456296,0.0017590524920876767,0.004046802766824113,0.003199723784908615,0.010086614963934863,0.0020685478358478337,0.0037029810870227017,0.009060317393099487,0.007420829078857283,0.002199534641676085,0.002755132934432721,0.0018580028984536152,0.00282294210742301,0.005404058201559871,0.0031857563115802153
3620,0.005300124150875056,0.004525449745277801,0.005169317798644925,0.00576550650545033,0.003202149426090915,0.005052381529573627,0.005767760861021203,0.0026747293491657517,0.003043713810870917,0.004601372071286189,0.0023181470157536133,0.0031555534353606817,0.006268017910903386,0.0034781516996311495,0.004171374560180031,0.0035310093483153122,0.003235803799477572,0.0036715081407131794,0.002650269470079043,0.004561911528311216,0.004141795032330209,0.0053451230163326265,0.007391422006654262,0.0026307472761143928,0.001267026815940409,0.0032964816060920615,0.0046563829927646645,0.0021372054805514702,0.004012979344023643,0.0033619120061462917,0.007912110162470681,0.01117472633965862,0.012841372719262856,0.0021330827330686346,0.0029906216861117526,0.0007716718642058707,0.0025583053929238,0.002025349486782034,0.003230901755944618,0.002825673124034539,0.0023293644901871365,0.0023422477623679543,0.0022403993887928865,0.0038742662873993043,0.0031310292142869072,0.0049963250408021805,0.003179683575502649,0.0030778728511349045,0.00303692180516674,0.003907294097978946,0.003050120426098696,0.0017803233998867015,0.00270851695929808,0.007529644708860549,0.009839866550026189,0.0019382856710734944,0.005054682526792326,0.003069373792271927,0.003019314607205497,0.0025058615952582644,0.003982452003917398,0.005430415093466003,0.005457496449031338,0.005733252480430713,0.0027646661684413917,0.006653639516874026,0.0029692191516594124,0.002427994357719994,0.0019571698480651298,0.004317242498942341,0.00472858289259394,0.005518901725145968,0.0038995701527237843,0.004202824834723734,0.0026677432233894577,0.003739569204259095,0.007401086294540461,0.013892817273642643,0.003996145968541538,0.0026352248545631857,0.003108123637934752,0.005258865403489031,0.003419387375533396,0.003113088994920595,0.003089753626826759,0.0040145784180213254,0.0033009300827218334,0.003336180283473692,0.001648578691095062,0.004354459915417713,0.0028720837237991327,0.009908565741917444,0.0019146561823796323,0.0037941886072202016,0.008191465663558047,0.007434924057766146,0.0021823986070139928,0.0029960482760832733,0.0017636952585354465,0.0032745751241629604,0.005635797944362655,0.004059172914015265
3621,0.004358129169940238,0.00450014330330621,0.005270122263119346,0.005777969428522682,0.0041784396050388575,0.004990325814622688,0.005656676169552036,0.002657047553059362,0.0030623876435773383,0.004563862466589907,0.0022543019411939303,0.0038243117397545215,0.006213730175441268,0.0031852191076616296,0.004545644102676206,0.003940723360321394,0.003509672459988905,0.003595003942216509,0.0022605272049126732,0.004832630176530325,0.004254302275897776,0.006923631087850356,0.006709867894731912,0.0033913962714556016,0.0011904166604655563,0.0028425497174074704,0.003982689763652803,0.002248156450125274,0.004068640581759187,0.0029731581644778255,0.008137813226465009,0.011457430497044958,0.01300700405414051,0.0023731002758576856,0.002849905539247192,0.000906284112608624,0.0029458595372168304,0.0019318362453234047,0.002626607989142426,0.00246375764638261,0.0022900944463442275,0.002429133029541495,0.0018885631506705962,0.004807883324733052,0.003219914485909455,0.0033457790793739815,0.0030455122244565677,0.003453178193929451,0.00314254223269683,0.0044698819654357715,0.002750311182958362,0.0017453702534594054,0.0024765388144438547,0.007479166460162711,0.009470506775030856,0.0018529782379861173,0.004908655735258336,0.003370993951168512,0.0042941967876823075,0.0024323717470268943,0.003981764964263082,0.0052684817238170525,0.0051843381997170365,0.005070917225071198,0.0030098873052272768,0.006553496859933337,0.002663492502995517,0.002683010459963278,0.002069769916241868,0.004658674418333527,0.004873998877930844,0.005666391982208478,0.0039259242205141945,0.004124435787340508,0.0024525953922178976,0.003670473666898642,0.00721257774420145,0.01386780476620848,0.003889794439669331,0.002597721296711243,0.00372227905437436,0.004651478736390933,0.003476429890402824,0.002998174876400995,0.003325859662567133,0.004139949305228486,0.00304249400764,0.003176000533928809,0.0018197487117845024,0.004539190629775555,0.003549262325881662,0.00964599021033119,0.002025120364895596,0.0038140241107559396,0.007992933321794682,0.007434635032904314,0.0022562471067059655,0.003099071491519524,0.0020000338537031048,0.0032629935636130456,0.005521150166756743,0.003299946886111493
3622,0.0045721788135202664,0.0044734803210456,0.005373066184410461,0.005484169940832679,0.004538145877160499,0.005291700714457193,0.006834784189089358,0.0026354321798589854,0.0032050932089529322,0.005390358576294217,0.002604616202953844,0.0036896836866457854,0.0062218582233490695,0.0037150377947623506,0.004441216495912029,0.0032142055610015117,0.0036179072683665057,0.003745808681398756,0.0024824740015272763,0.004811032081599971,0.004281801693235971,0.006935514938391963,0.006704812155222529,0.0022288918502605622,0.0012505751475807812,0.0033007511541340976,0.0039977872145767245,0.0025795923315155723,0.004756581660641983,0.0031261091351295353,0.008379290983136552,0.011193106312368476,0.013043028394472942,0.0030414799601520253,0.003032603672553405,0.000854993026514204,0.002468757252507882,0.0019277028537301223,0.0023735251133179397,0.0027210633192283748,0.002314773993055556,0.002747888088547901,0.0021252995796056154,0.004291012622353261,0.004065278144048292,0.0031264151843264187,0.003449149701938502,0.004359135729365138,0.0031956495694673184,0.005054181838157888,0.002899719975442058,0.00199960740851083,0.002476569054376764,0.007407536575383571,0.009438439063121895,0.0018190680169244422,0.005021230206445846,0.0032977899888695815,0.0027184908994079297,0.002292338260096741,0.0038213794488227842,0.005315106999296043,0.00432504081977629,0.006302844671852295,0.0027839600630960564,0.007067789656152645,0.002735185974834103,0.002706778259405892,0.0017459695128958126,0.004827941977578825,0.004703193931505042,0.005573604661613978,0.003679603956418511,0.0038476225873125386,0.002703716136076316,0.0069483050443860505,0.006742082733278664,0.013880099036725243,0.003891444312413966,0.003232179313027375,0.003336851997157637,0.005147173193015102,0.003537849787442539,0.00335326685589914,0.003273370961694272,0.004156646288677191,0.0035738949343688165,0.003119092280066807,0.0018888188727435343,0.005199048913590598,0.0032979966314452404,0.009703320805496393,0.0018566864496756057,0.004171792178336853,0.009054290298340277,0.007314589114176082,0.0032750707659080073,0.003050080290770504,0.0020821762220868197,0.0029981464881703684,0.005572453886265392,0.003922533851355696
3623,0.005394665050259778,0.0048479717147436345,0.005521724752691672,0.006547286310891033,0.005261655081396993,0.0054716678467150535,0.006214226113289802,0.00269677607815858,0.003547520199594788,0.005329124444675023,0.0027782265712948786,0.003564132849408762,0.006166380710262734,0.0038476649476132077,0.004264386825894804,0.0038893033086066643,0.003575179379214548,0.0038142806687139954,0.0022287447197248795,0.005786570680575581,0.004043927284255709,0.006095021208819939,0.006272811709172361,0.0034586117336806756,0.0012328314111405552,0.0038230755517172977,0.0041171513845052275,0.00228663555499815,0.004717417934234415,0.0031312835254783977,0.008903016719042544,0.011291743581118103,0.014653434016093462,0.002530787224476773,0.0031788076559477103,0.0008708895318183704,0.0035585810290255644,0.0019619020403488503,0.0024412902263176253,0.00285959510852634,0.002057709839052932,0.0025927234803405958,0.0019761409509605073,0.0037868439173458913,0.003832344373731823,0.006395695615109519,0.0037080731552998347,0.004564166484903618,0.002926971083586938,0.004556552611298815,0.003028463835525592,0.0016565119365443213,0.002846977855273278,0.007266230060601959,0.009817826537234007,0.0019158523727146387,0.00500010391465696,0.0033647955416605817,0.0034593776643195868,0.0027835946819294425,0.004518815069397079,0.005417895472675799,0.005271605648011614,0.004483553421825625,0.0036576615351229,0.006821692471312523,0.002664980279149868,0.0024075204980368676,0.0019587266891423418,0.004811651898259909,0.004328581329731639,0.005594375437666172,0.0035612102740749147,0.004107464335804763,0.0027593812197322393,0.006324278138365165,0.007987419803970122,0.013956947968297688,0.00376661286980183,0.003212967253893077,0.0035411045077254548,0.005384010138287243,0.0036540607781521944,0.003223617217207045,0.0032926854741646906,0.0040825116936113,0.003667390536867418,0.0031011356416462466,0.0019216819168535943,0.005830301287211363,0.003281177441362569,0.00968199320758653,0.0025878890228770057,0.004725170244703987,0.00884467213927295,0.00740543604742529,0.0030553903881445333,0.002991535403736421,0.001765758565077598,0.0034401562317876652,0.005669630171245905,0.003975478661733097
3624,0.005352796131923178,0.004695190718282427,0.005490893715280165,0.006243203021751605,0.005615065017512206,0.004815825106313002,0.006968720330316673,0.0026503479054144443,0.0035958112166035784,0.005411281569851588,0.0027790354400725487,0.0038102364006778267,0.006316139266674698,0.003625821145665831,0.003769650019741424,0.004013578598532584,0.003410178417974481,0.004041305142640907,0.002152270745943276,0.005791317154902192,0.004424685860817174,0.008090649487376587,0.00736587634287086,0.003264043262803688,0.001512831097539356,0.004103532487511713,0.004579755568223463,0.0023844015392529565,0.004739418848189061,0.003867325506152977,0.008573796292364337,0.011258361215498553,0.012203279108918762,0.0023662949560640536,0.002907951072748952,0.0010096974496481249,0.0036507488345533913,0.0020134274520094554,0.0026807503324152993,0.0025345946507197635,0.002036823193730045,0.002418679130846294,0.00234321397034812,0.004594636495073706,0.003955995839020143,0.003478025543875772,0.0035611541064711648,0.004835307366008406,0.0029111337362617857,0.004189121116780959,0.0029561569602734035,0.0017857961058849257,0.002737796458895286,0.007310061325994402,0.0101157219048882,0.0018961189942426065,0.005005132314621933,0.0034565303231904494,0.002988999231447754,0.0027892896332347393,0.004006448006859498,0.005496793756441513,0.00498073448861893,0.004232121266402526,0.0035416375798546103,0.004741834277508729,0.003564992349349483,0.0024294071941727683,0.002033870205364854,0.005931490759424012,0.0045710520193542456,0.004528797601830886,0.003416278534287155,0.004700028730192062,0.0027759159215547035,0.00767813899685413,0.007340220707636714,0.012963540018711715,0.003931372207258056,0.003235088247010801,0.004613870164911647,0.00561684326655632,0.00337083816940583,0.0031879957457600157,0.0034566769015831663,0.004290310547079513,0.0039666350304479615,0.00320846582639223,0.0021788456861239892,0.004655264334302161,0.0033615008147615372,0.009722530400000732,0.00223152107796744,0.004190718894137588,0.009198346309666485,0.007311144576759979,0.003104475063505171,0.003154337768363229,0.0017222819573987228,0.003738658596081573,0.005703429838403043,0.0029330902037185713
3625,0.005600089739604729,0.004191113728034703,0.005367741734441471,0.006129693618172155,0.0035864376863859676,0.0047961110485339655,0.006437293607801259,0.002759188735537328,0.0033020493448848347,0.0053090546496421,0.00201374596399514,0.0032497091335281217,0.006268017910903386,0.002491012296194752,0.0035777085100847732,0.0038493437740440843,0.0033555202375735397,0.0033779509535011823,0.0017268876033152915,0.004634081182446178,0.004224311136129251,0.002964000498761902,0.0075328484143639095,0.003209839213656256,0.001190404253410203,0.003369883863748369,0.004477109968297868,0.0023786970231773085,0.004780253368967718,0.0029204197734519362,0.007991437686549275,0.010663733375072482,0.01261011163540749,0.0020617373469016048,0.0028425784715678504,0.001017611528074074,0.002401053829936379,0.002019969656318122,0.002176904524823882,0.0025004841301082084,0.002416900191811083,0.002460896943050481,0.002071377023130252,0.003950132319490202,0.0029146167689748613,0.0033243050145621736,0.002656212946206284,0.004286387122041136,0.0027585160732924597,0.0037219409033047626,0.002677552560179469,0.0015709450490984467,0.002922909102403835,0.007237914680497287,0.010084711365433237,0.0017572952743276635,0.004872301915869431,0.003048154821680753,0.0026886500165925168,0.002788919126402702,0.003858551795141928,0.005512705327258844,0.005028994511501377,0.005257531859651386,0.002839396155980946,0.005192498592192937,0.002858825930134611,0.0022714028659465806,0.0019151300892194176,0.0034586232428715988,0.003571125431432408,0.004491372199832196,0.0035091701745279587,0.004086927990894329,0.0024119895574459304,0.003337772627231549,0.006046973974591958,0.01453916261072669,0.0037192610466418993,0.002321274640841318,0.0036020341335289735,0.005393022022513328,0.003220716001322078,0.0031831382175933364,0.0030393278927729403,0.004256101295647844,0.0035697316369770874,0.0033363006235899695,0.0015579767245403825,0.004215383165517807,0.003297633798130602,0.010404853264050754,0.0018168351657142855,0.0028712116840450062,0.008333762445144716,0.007259735021128903,0.0022179231028795683,0.0034873654209231783,0.00178026526171774,0.0030540255163543487,0.005665690202264608,0.003532113106921024
3626,0.005417808234329602,0.004305393749588147,0.005384917423210223,0.005882807445636067,0.003675661248827108,0.004580382561607334,0.005700571548087456,0.002861559187133378,0.002777760905026565,0.004693194089580427,0.0021003486493028556,0.003030233739677976,0.006290274400593301,0.002481005332725237,0.0050543492151826925,0.003323457266265644,0.003914599526865269,0.0034343233914302307,0.0017433536915590414,0.004154023752983863,0.003523489022088652,0.0030666139505135344,0.007335287197526211,0.002231341702113066,0.0011318415104283866,0.0027061507483495694,0.004509818073295957,0.001964079055068822,0.004248536931724147,0.0029554985734363093,0.007975284717499129,0.010856459615700807,0.013425059035810616,0.0018510112125353008,0.002935852235226522,0.0007745331895439333,0.0024241306158663757,0.0019741821464743263,0.002079419132649618,0.0024331838020847213,0.0019644625008559333,0.0024230235604745746,0.0018016659312183755,0.00427956351440144,0.002691385998736931,0.003016230285728998,0.002948484552706523,0.003451771346036915,0.0025074507397869496,0.004279415328574657,0.0027409890771403727,0.0017285669471553675,0.0022525254572497416,0.007360245045250008,0.009808548517533601,0.001754674064720005,0.005226069397319496,0.003223063271585026,0.002873209264683076,0.0028190090185742853,0.003761706737784646,0.005415168915695341,0.0034214384666833506,0.004610664505281004,0.00333772482892664,0.004280760457060473,0.002729819529135033,0.0026068969614070057,0.0020698558166288685,0.003078924301137683,0.003865376605452271,0.004368859592631797,0.003220923067959705,0.0036887760746876224,0.0022138546417234508,0.00352281317949029,0.0068676850059675425,0.01426353461648022,0.0036743390898763746,0.003221358477177662,0.0026071612511090686,0.004897995504937841,0.002714499662972956,0.0029104338247257773,0.002778188920219372,0.0041789136684451935,0.003758501859278438,0.003366843965570527,0.0015794206118449547,0.0035832467483948014,0.003493109329523089,0.009842531230577944,0.002274362579739082,0.002743186299282252,0.009344966106602447,0.007349429110045767,0.002267567485587624,0.002626647288734299,0.0017947491102375877,0.0028265276147925442,0.005674547000739634,0.0043525481316113055
3627,0.005157685107351067,0.004064972416340163,0.005308387686013797,0.0051468924557423815,0.002931081135921332,0.005021709383619726,0.0060200920252368164,0.0031695564563470635,0.0031238138614050662,0.0051198303362262445,0.0020341867995323244,0.0039614491087500954,0.005336441756979666,0.0041409338612868355,0.0036292048848401005,0.003318964734901119,0.0031690398234070186,0.0030760506255410464,0.0020470977679885663,0.004525830646618869,0.004344014810166527,0.0027439371297107522,0.007051057685262763,0.0033915270070026303,0.0012942647595256967,0.003404407019202373,0.004146584038719459,0.0023937227981396937,0.003137523227204215,0.0029044118059876173,0.008363543121325376,0.011798458216089665,0.013797566134747823,0.0019741771236884554,0.002393833235953588,0.0008039245794707712,0.002309721422195433,0.0019721156708003337,0.002450208961887671,0.002655741935897174,0.0019431979234560855,0.0019074470799829556,0.002108642676985551,0.0039719565866204905,0.004312393783074497,0.0055750640076944755,0.0027606259185243972,0.003234968192846947,0.0034393958885105837,0.0038877264719384317,0.0028206732652361374,0.001710786091947962,0.003180800154760291,0.006214581915365028,0.009286810001355235,0.0015821461133578615,0.004058863403775154,0.00300869162860229,0.0028278514589287485,0.002682419028413601,0.0032516227275957363,0.00775514834933587,0.004552502542097936,0.003912814287368166,0.0029466680648487023,0.00399569332434548,0.003667953485283495,0.00396774325315828,0.0023614463152687873,0.0036944518256742326,0.0034628203226269917,0.00539069586116943,0.0027791336636910726,0.0035132405037625043,0.0019896107482530057,0.0035252741037965227,0.0057198487410910675,0.011615979689375777,0.003968802968590555,0.0029115340919264447,0.00341743258355887,0.005814271180186179,0.0032581173178402043,0.003187047564943792,0.0026707581203646467,0.0039955067584236965,0.002843946642401249,0.0031000923996435358,0.001589442687498841,0.0034574392066686202,0.0033703037759305575,0.009215291904479343,0.0017737115821856836,0.0034151211930238275,0.007648490878624564,0.00726258716970841,0.0025039137349547017,0.0029733404389560114,0.001979321995465144,0.002885927351714001,0.004530197376871293,0.003491914331826508
3628,0.00434632066126076,0.004514430278258438,0.005521629717425281,0.006411041292615458,0.004175796526467224,0.0052987476853377374,0.0076433514469732775,0.002758329376001631,0.0029119584107888522,0.00551706339693265,0.0019735144635296127,0.0041819281828084365,0.005823551544779723,0.00393188821377283,0.0035892248179816085,0.003135439086628171,0.0030476961747802293,0.003405998885589334,0.002101563553019655,0.005095865784687842,0.005311013045597796,0.0025301867077803385,0.0066828756516893704,0.003313024235658113,0.0011392196771893592,0.003602246112812232,0.004491383002877116,0.002324432036063403,0.0040502262271793175,0.002849377946386077,0.008811575526397771,0.010694058579202342,0.013335604455135278,0.002036243528153849,0.0027520277552798103,0.0007665086903948956,0.002580328989754743,0.001803974433672594,0.002678247529620024,0.002277038831750783,0.0022466419790838073,0.0015030017776295754,0.0017362293623879666,0.0037179450926196488,0.003329348310341619,0.005963101804524323,0.0028511858179912333,0.0036321456726809303,0.002568396337064826,0.0035743021448692643,0.0027941582737918886,0.0016437179728546656,0.0025069117715510484,0.007482152169239814,0.00898548984714857,0.0017742659787162653,0.004603459122127921,0.0032917923166596785,0.0029961088532008662,0.002506817759573558,0.002797476214659094,0.005281810834667244,0.003933286043346135,0.0037595220804980552,0.004042236209771969,0.004423685956262413,0.002430253667756758,0.002954474609721183,0.001880430375237862,0.00464358980005782,0.0038266085158645304,0.005582970341586988,0.0032350637149126675,0.003850520238353848,0.0022430438130582307,0.0031847354805969452,0.005975920523103244,0.009841199227481891,0.00395576361270301,0.0027515145051153268,0.003544088422570193,0.005359137533503909,0.0035793138594408633,0.0032484273270034095,0.0029078610112424257,0.0041253257391813715,0.0030302500752739563,0.0032179628123648447,0.0013952528521322476,0.0037249592815863227,0.003178870824456032,0.009614791740876863,0.002035428931863159,0.003298068837729922,0.007889902271990781,0.007476696360989491,0.002778884379980475,0.0028992152482519257,0.0018422192874753447,0.003137277250010479,0.0056948776084062005,0.005228184854882977
3629,0.0050969617277817,0.004116795277444347,0.0051366724798686285,0.005846475601896227,0.003358841211746904,0.004687459763523539,0.006732904993767502,0.002606826063127395,0.0029534261926401598,0.004516117936068385,0.0021095995124358682,0.003841823373324622,0.006546341072284847,0.0038316833252663484,0.0035873620486786377,0.003235850638110524,0.0036220941707738315,0.003272145264973406,0.0019040208508307763,0.00571541764003621,0.003961767803227898,0.002723393410530412,0.006802567820033969,0.0020605885835267594,0.0012859351772418171,0.0036879577314670293,0.004081197863293428,0.0020090013046439913,0.004541533534214537,0.0031051171906971357,0.008413874371821171,0.01052979710101585,0.012984722010896748,0.0019368411154467831,0.0029766891757544954,0.0007891544929176146,0.0024547801977505973,0.001792083137796402,0.002351459117234721,0.002541227875912682,0.0018858423546971599,0.0019737127550910312,0.001998764308624714,0.004257861050059846,0.002999463141807533,0.008183855066580939,0.00300822897997469,0.0032157578766929744,0.0026800915791369284,0.003488055863711174,0.0028159827428034666,0.0015903558964361602,0.0027139794767275845,0.007642747897022454,0.009124314631638264,0.0018446107963465217,0.004710953844988615,0.0026085982564144567,0.0026521001311916605,0.003032267580739807,0.0028540586996853704,0.005744481628742947,0.004784341448843499,0.004151575352198954,0.002970331531500001,0.004421851986352051,0.00264185399630235,0.002673336459719144,0.001964981263654108,0.004055473308207074,0.003917803529238035,0.004591065109410734,0.0031507728009960425,0.0038749782637879427,0.0022722703496843486,0.0032118618063819025,0.005163021680489321,0.011676272520880224,0.0037515669605833442,0.0028564616036112814,0.0033047620547689165,0.005422974550348128,0.0033201533254016155,0.003238519564795401,0.0028035289688317666,0.0034999132772684806,0.002732276651401788,0.0032141178606203804,0.0013598268441917048,0.0040314653448248906,0.0032695199523058226,0.009196182777832634,0.0019737610971557423,0.0029673065523842085,0.008279466606727504,0.007461920614727296,0.0026670428081420282,0.0032474279554254113,0.0016805879505552889,0.0026446321799611025,0.005773055045223272,0.004139009853301267
3630,0.004463821417045363,0.0036084127656163343,0.004853281706980275,0.00609833080101545,0.002843904764266363,0.004561286506063963,0.006553349032944231,0.0028648569339107203,0.0029328818023421506,0.004488244997135494,0.0019974636878398798,0.002671336429329597,0.005926821972103983,0.0032021557555998482,0.0039301321440722336,0.0027689040317918825,0.003870556892956317,0.0034341821615973983,0.0017899331861547542,0.004277439922153451,0.004287919075354599,0.0024630776262221823,0.006468413253734885,0.0020003527220209764,0.0012422789330158175,0.0027826575434399246,0.003934790351900427,0.0019618406510515567,0.0037223988363575037,0.002421435654793746,0.008207023375909306,0.010513572935187255,0.01444775908919887,0.0018393436558368657,0.002825107409208382,0.0007879663630733786,0.0024404558242944914,0.0017998257595359328,0.002271311240120539,0.002209283032235836,0.0018733484311641423,0.0019964864631360946,0.002063506614793859,0.003938709186934532,0.002893688668446206,0.006800352079968793,0.002683367671926383,0.0029316731005793106,0.0026263124972906657,0.003902628181395347,0.0025873206129760876,0.0015306105638136082,0.00278949793172333,0.006980236293846055,0.009113680066303902,0.001821867202892932,0.0042818247046858575,0.0028184070599707404,0.0024514920928281727,0.0024715926335528472,0.0032190135394654226,0.0054333447556792645,0.004133351718242225,0.003717784678985994,0.002492108147403343,0.0038144420730431786,0.0022993774687083924,0.0030135563299966395,0.00199983625098614,0.002664528148303879,0.003976640957847818,0.0051567216361677335,0.0030463701283788957,0.003203707991370006,0.0021275566729236865,0.003083868243883438,0.004984818797131692,0.010507008390293514,0.003752156861629517,0.0024707649181826656,0.0036681470204764587,0.005262264144681149,0.003043939338474948,0.0030814626490854586,0.0029015184285352364,0.0039284366548485265,0.0026258446762696067,0.0029472033379743484,0.0016272651052221345,0.003796866165791851,0.0033247366483382277,0.009174694385203835,0.0019629489767410014,0.0027617321461818477,0.007839709465931039,0.007150796991224647,0.0021713501186844597,0.0027359422266554734,0.0017148761901614503,0.0027084280109951455,0.00554923028913852,0.003965065777740547
3631,0.004983091431461214,0.003557068802939633,0.004932560201874408,0.0064269842635982215,0.0031912397261934207,0.00497029892793758,0.010253939422289238,0.0029258067660933905,0.00397904878982994,0.004816065437028952,0.0022519744071426533,0.0028355283413794715,0.0059224731408611475,0.0030707010866614,0.00402079646735518,0.0028932483989958678,0.0035950285611671094,0.004117664597154874,0.001853081579247753,0.0045374341173538306,0.004446692424972977,0.0025701617518028613,0.006163555465564885,0.0024983205158626023,0.001347927553234258,0.0030753581522730447,0.00481503751094225,0.0019508113711171882,0.003947760594128145,0.0029571062458343344,0.008114284243535379,0.010521018548743632,0.013134314737085002,0.001982866491798625,0.00302953846005318,0.0010092863401344522,0.002840856869433196,0.001892799913941567,0.00258777749061886,0.0021276897346443353,0.0018737176165106663,0.002054701779986761,0.0018074123427249103,0.003581574162496957,0.003406057036218951,0.007221487381641431,0.0030422630131052425,0.002895087036715956,0.0027250127851383287,0.004003605452124815,0.004215125614190887,0.0015607634409325844,0.0031411202310931766,0.006940406473829104,0.009084094351082447,0.0017765218371267738,0.004351189671055848,0.0026485311227166506,0.0026214890185356026,0.0030189368019562205,0.0030167444437292083,0.005336582755018184,0.0041672305876265785,0.003801892887944826,0.0027518828269580548,0.003781605105064128,0.002377428926205814,0.0030033963638575324,0.0023706108809126254,0.0028058526156741937,0.004295333429858049,0.0052800202654435845,0.0028323707347827124,0.0032793908090157217,0.002126470470867309,0.0031096134052308083,0.005039618237710119,0.011304224259325533,0.0037964643982217206,0.002732486651983814,0.0034490980484375012,0.004569825854388721,0.0033345036092478826,0.003091882455217663,0.003809500242485802,0.003876022650093911,0.0028808709562307714,0.0031278695897648066,0.0014892998272970806,0.003896076025536799,0.0034238439743332176,0.009485899645012556,0.0021670405299672323,0.0032779767066967703,0.008033779608540428,0.007207420630488832,0.0022572200650929812,0.003026844351230699,0.0017798125377157682,0.0028753296658972135,0.005653062400607681,0.0033952960371403003
3632,0.005440632346681935,0.004312334762014864,0.0048957179634691724,0.005286008822421255,0.0030686599416501355,0.004693445826075821,0.01041762106083397,0.002952399603731847,0.0037004596857886057,0.004806031358415586,0.002355477603295875,0.003789438649695123,0.004820212114530483,0.00336480025629139,0.003449722377267777,0.003219769204053639,0.003620600770463953,0.004104757305144366,0.002312090712743381,0.0058323815813846125,0.003871009545082206,0.002693383977873524,0.009513256392458059,0.0026464590458682123,0.0013591374787050312,0.0032321676392367145,0.0046366861737716335,0.00198768589538535,0.004436907307074774,0.0028824767657293143,0.0067214905479916365,0.010604208943350285,0.01301841249751404,0.002234574188972033,0.0030700711174811604,0.000953128894172006,0.003064464704530931,0.0018782260423080188,0.0025199825588292073,0.0021349875328049565,0.002150209460375506,0.0017659727638555068,0.0018039412834992938,0.004043857712559814,0.0032843975347832052,0.007576926825816667,0.003448172587201742,0.0034350316727397405,0.002897889079514465,0.0037783328466013885,0.003210507430380659,0.001690594844986135,0.0031183636093351226,0.0071503325115616885,0.009898517418457596,0.0016788182179965252,0.0049514224065982495,0.0031410951122963038,0.0027289774203180794,0.002549852389935158,0.0031117730755554867,0.005225155682288108,0.004302851366348929,0.004148684675961454,0.0033463475283891818,0.004471012233366461,0.003505016660942717,0.0028074162750020364,0.0024690987008232053,0.0036079360926973827,0.003849503324961869,0.005183744040797338,0.0032274046355602816,0.004039614157693427,0.00216488523592313,0.003491741191403517,0.006024678799379793,0.012305210117978829,0.003468149358524399,0.0028870236516108923,0.003334973879986435,0.005809812884057192,0.0031365747580735692,0.0030678528521930776,0.00332269364560338,0.0039530346263385915,0.0027840227724716883,0.0031197306065571004,0.0016735521771492352,0.004350505134677181,0.00348020371737487,0.009510184190663216,0.00271851301205447,0.0030059215333975427,0.007985518411908253,0.006963437908963127,0.0021552965264407097,0.003229548472427433,0.0016318805453741708,0.003008028056766313,0.005785926673167763,0.004319508328348813
3633,0.006709559841035795,0.004337877928504552,0.0050385702649179565,0.0062222938347433875,0.004278517735376511,0.005708724242269908,0.00938367075717913,0.002951312784404105,0.00395016411874121,0.004533108307802575,0.0023272602069475375,0.0044592257855779124,0.004758286936461976,0.003640805285018092,0.0036507167913827987,0.003424201130880162,0.005135782320904053,0.005188272997478806,0.00224733418655628,0.007271865909158018,0.0030083581606969965,0.00310903079484277,0.009240067310501188,0.002535428775301719,0.001330471642984845,0.003411009648732319,0.004560515285029741,0.0023873677872061926,0.00449931004738185,0.0033064021470502643,0.007721805905967914,0.009103157208255774,0.012361178944873997,0.0024422256146836427,0.002333641475215013,0.0010006061714269065,0.0029948355798920935,0.0019003978599443161,0.002382858848570112,0.0023469640471113036,0.002132953094216102,0.0018131755053945658,0.0018338305840686854,0.004336175041108663,0.003601746567445458,0.009830143897021115,0.006966999719170478,0.0033171369400901347,0.0029174493008516807,0.00367849452698409,0.0033317814752275863,0.0019024338098688825,0.00251920150612552,0.0068500272812066195,0.007428091092818571,0.0016545370306027044,0.004303670799038932,0.0028104514195698128,0.003502806421615231,0.0028504850122911727,0.0031245156912056873,0.005620875863789898,0.004537267428352222,0.003709695366711639,0.0030152406492811703,0.0038800461975999714,0.003258758523482092,0.0022701557983261242,0.0027827491226364433,0.0036743177883405355,0.0038558808038632853,0.0043171035812995945,0.0026728561288106288,0.003943524649180449,0.002613468807084551,0.005082586390595783,0.006474268894983794,0.012224939013482447,0.003935312724667956,0.002887338256380143,0.003480008868153715,0.006674548063349255,0.003466741105770914,0.0032455298675530208,0.0027768528095592705,0.0038138929130780335,0.00321087321196124,0.003193895096494453,0.002009484297368046,0.0043302500684661545,0.0038025703639045665,0.008167348873251518,0.002429353332733408,0.0031969417782270354,0.007871626846607443,0.007009372513446662,0.0021426489105382416,0.003113060397589198,0.002107939516623902,0.0033644064808699644,0.004378583029082796,0.004058226114970377
3634,0.006420049882022665,0.004857605700472597,0.005551297558926898,0.006592918608197878,0.005560864547367276,0.005588117651839382,0.007766798832741263,0.002799725195805778,0.0035395663073499745,0.004874698357307287,0.002505229942048733,0.004203502171001301,0.0052010756783226345,0.0037491154585233637,0.00264169208571651,0.0032418485682501486,0.004664624279528838,0.007790950158768144,0.0020789753495654467,0.006417555750861572,0.0031050733759855594,0.00293749729027268,0.010239029461566644,0.002011001238682308,0.0013416919336240996,0.003610560697662465,0.005045080120996057,0.002261277160323794,0.0050928322222664885,0.0026057871831828656,0.007465960931677449,0.009873349504747594,0.012047435227752886,0.0024962851496889396,0.003217819346194435,0.0012398802532588111,0.003081208588716283,0.001830723302590102,0.0028230203657793615,0.0030449440587635313,0.002471572126172769,0.0013606773793029701,0.002030943219032767,0.0044787633544329025,0.00323532120526374,0.008858864778855838,0.00649998246777095,0.003289924143237447,0.002631081445613663,0.0038352765983654257,0.003271344026544231,0.0018981184137056924,0.0027052561148952947,0.00790433841236772,0.007282616138582252,0.0018282302546993791,0.004518328075176879,0.0031573238659349293,0.003359212994738316,0.0026299819031630448,0.002555580584887204,0.005594970533478248,0.004394931754928427,0.004195001249267043,0.0031912629753476384,0.008375688482356907,0.0035295111339728566,0.002162721824830746,0.00353854675780937,0.003518655851582489,0.004047492662034296,0.004482024809981927,0.0032528091152731575,0.0038175441769547065,0.00221832522137388,0.004447164933206277,0.005900955029422559,0.011082587066792847,0.0038353730398694506,0.002685033355107535,0.0040852883862463095,0.005914238218580913,0.003440993126538565,0.003202749948026494,0.003132910918508153,0.004227957898043609,0.0036647503064324892,0.003167289287629787,0.002164274060432403,0.0041746798122708735,0.0038638792974417884,0.009090028735771801,0.002414516453303531,0.003811673742818011,0.00797157068438038,0.006863468404593852,0.0022874377128600633,0.0038737285781020744,0.001905476914489786,0.0029065613164907748,0.0057525462454041994,0.005028587023401946
3635,0.007250626453778377,0.004745861265512029,0.004953644601426701,0.005843480592082394,0.0060237716764644155,0.00803703046473218,0.007747640270396172,0.0031873337750477457,0.0038344980606645185,0.005914237768934158,0.0027365522358482487,0.004787204610797991,0.004936871213378621,0.0037072404275387072,0.004005870093799124,0.0038283102482259655,0.005976204038201086,0.008007470279650328,0.0046150154746453,0.0061283647273845145,0.003204296522567736,0.008265711944931855,0.008724621119582183,0.0028094571154902224,0.0013398193834587375,0.0038430416538266393,0.007049715951236516,0.0024377466511462877,0.004985387977981701,0.003996474827705647,0.008562612420210782,0.009273948508155855,0.01320919051271534,0.002502388229977518,0.0047617215934563865,0.0010724674464555536,0.002575071865154822,0.0018224074295716999,0.005146109483394433,0.0029090756931594458,0.002250021600022085,0.0020792653011030707,0.0020090160444399268,0.004142492221518329,0.003362032241742495,0.013662250744040575,0.010302410975414898,0.004925986006909433,0.0029202654083513545,0.004786181338230043,0.0037584361452363533,0.001966564635285746,0.0038339756261011426,0.007169302833430205,0.009855579901921213,0.0016386879270271469,0.004735071211081533,0.0034830590247150743,0.003235295007921716,0.00312310320913435,0.0030328482097794793,0.005639599395709929,0.004346963707496943,0.004088064774745684,0.0029540615816672305,0.00907565514188802,0.003555371233815996,0.0021693381070197917,0.002980946746485353,0.005191653285881694,0.007128394564172382,0.005222191266100299,0.0031460535764817146,0.0040436992296436726,0.0027556690818923905,0.004963580680659215,0.005787119226676754,0.012408696113362616,0.005250729500192615,0.0032522203028755264,0.0036387607455211205,0.006927131395479153,0.0032177120267383387,0.004037234394975601,0.0032473594032660534,0.003188905644314876,0.0033284212861824734,0.0031778903136487117,0.002205537106176977,0.007369961696787656,0.003864142960787772,0.009329793313811688,0.002371673175177586,0.0030300129138237583,0.008943062148717158,0.006817484379341041,0.002289435595314703,0.002768993321735963,0.0018768533332881668,0.002936085950825562,0.006043602031604649,0.0064723068824625845
3636,0.0061629895022697655,0.0049434569582090864,0.005054937440177212,0.005267812494988115,0.006645295153238188,0.00897364477944517,0.00794391364907804,0.003493391818018402,0.004201203888268219,0.0053642253361752025,0.003273595363542549,0.006312245107057748,0.004510198296329669,0.005508395091955617,0.0036513654269807448,0.005003494061362541,0.010772463966295897,0.009981744757206172,0.004776476097100412,0.007056198820179272,0.0037292812980012865,0.006330151366827557,0.008943051654904504,0.003493176202990828,0.0015859112747884496,0.0038881032560568953,0.00895141824756556,0.0030311814325316416,0.005232095416876519,0.003275403498766813,0.009862903189128355,0.00937979463648636,0.01157901632399895,0.0024900875792656604,0.003580799839282436,0.0012369501415890492,0.003949228994802917,0.0017778640164155797,0.006102107176124639,0.0027101651711811297,0.0018856138727793427,0.0037145151545398864,0.0022027428607125535,0.004644474360096188,0.0035576690942487068,0.009248235298326458,0.013371055195759977,0.006406856248167162,0.00300543620027786,0.004582744606309381,0.004664285838515518,0.002093439096075376,0.00520373973701658,0.007238885302484557,0.009492076395910445,0.0017199176388330581,0.005196066797929724,0.0055271317628768635,0.003000836286682347,0.0031981127693807604,0.003213813927394101,0.005390633082355692,0.00487437131544261,0.004706800162823395,0.0034729821907941347,0.00806482397577947,0.0029561054759418785,0.0025093053489602672,0.0031714471133067997,0.005667947666651228,0.009991519605323736,0.005625697246566741,0.0037938108139610434,0.0036960906378240223,0.002888226614509337,0.00580696739598669,0.005697156269966591,0.013323624766942316,0.004383317974539497,0.0029951021418552592,0.004134959848765996,0.007550576945438437,0.004019168208765654,0.004257361719643521,0.004592376743526038,0.0036120945835657844,0.003216568246061014,0.0034800288557664317,0.0022357126341756056,0.006965094113478826,0.004017356820301485,0.011061622319055178,0.0027944090266055713,0.003319580460704651,0.010131184629292921,0.007283482580572659,0.0019504021688290672,0.002697124792499578,0.0018461295919702946,0.0031931205343992608,0.005884033741094846,0.0068539897391550085
3637,0.007652455429233694,0.004039891680885056,0.0054176723787788894,0.005165164696231497,0.004303315688455744,0.007842419410423405,0.007374428158699477,0.002598299159008972,0.004299409304166114,0.005552148592840883,0.0025396162016940184,0.004443140930977852,0.005667890215395483,0.0037860682308414654,0.003304371921821408,0.0037984952910512754,0.0054510818927674416,0.009606221129598712,0.0060869795235051595,0.0066388828354038655,0.0030894471431914686,0.007067257180031228,0.008981092265653108,0.003070853759581205,0.0013639173654628983,0.003766774469208405,0.00901100146039912,0.002175356169890543,0.0043429021822687895,0.0030228238933354434,0.0084434355884161,0.010132235469594516,0.012889397533965927,0.0025730583093000405,0.006558867119527205,0.0012099320063541615,0.002788494207958635,0.0017385306165923614,0.003049694658444956,0.002867983224432063,0.0019874129656791686,0.002284970685858267,0.0019328727148602992,0.0038691064075161855,0.003082273783591474,0.008390582943574544,0.006268282180755168,0.005470791558293689,0.00303803771987179,0.004138335532183327,0.003250377982339348,0.0018425123807000723,0.0032033489461101177,0.007143269187737651,0.009298381309345937,0.0019589419126585404,0.004497914684741878,0.003447526258496599,0.0030369125929332664,0.0026725817234330928,0.0029163061866447834,0.0056596569875590145,0.0036086155238024805,0.004412540618842478,0.003722006600030252,0.00407227797453723,0.0029459131903476683,0.002100632891491255,0.0024614866006556144,0.004774701104853861,0.005806942853771921,0.005058439246048318,0.0035115038798169546,0.0037130077914436198,0.0025891282675599035,0.003462074402080706,0.005159765364868356,0.01099216179275335,0.003600336983055617,0.0027389696826952067,0.003761118105009067,0.007222033801935833,0.004005380764158336,0.0038766923780182037,0.00481367143268892,0.0037755504393791476,0.0034863893362959654,0.004032411048027809,0.002097707764428327,0.003797970339406382,0.003863703435130218,0.010588838465145065,0.00224013469152336,0.0032592360944429417,0.009591262604722092,0.007120333552352907,0.0021020874346631383,0.0034220231939123126,0.0017279236035817173,0.003520954430319687,0.005794950381111577,0.0071344551151335455
3638,0.006845003439602988,0.004148448894025933,0.005420637189267796,0.005124391185273481,0.004193313707443418,0.005591070003354548,0.00691661697588846,0.002925640947403549,0.004440868921450731,0.005465475283100513,0.002910821411197906,0.0044788049755265106,0.005811488314174736,0.0035774985279320866,0.004207895359353247,0.004152766919398734,0.00559724433077817,0.008502328874955209,0.004562330783691663,0.005731780874047185,0.0032538128013549082,0.00827594887685096,0.007593860490879569,0.003164468353083024,0.00128045681948993,0.004441604518416624,0.007458760991500975,0.002319726268895167,0.004103857869074122,0.0032228965243209615,0.008087992535841344,0.009362151828640758,0.014814871228657918,0.002318539677301001,0.004842827055502695,0.0011957838861755626,0.003055968594462479,0.001833131928823221,0.0029677521546493772,0.002389620964434679,0.0019617674999042917,0.002341462807435881,0.0020965568259462214,0.004413400696880262,0.0034222184552580278,0.00927104300670851,0.005455728554279445,0.004772594302941528,0.0031276552086443167,0.004842129700684994,0.0029932055974081634,0.0016350604046151958,0.003786310109188905,0.007378832029261582,0.010008472127555961,0.0018771874592282951,0.004507857215599115,0.003448232021612479,0.0032380792202154588,0.0026196480339733767,0.003500249472353235,0.00561637976654522,0.004444045362221633,0.0035991930644858013,0.0032104664367219537,0.004171179600436444,0.0030083647450323734,0.002288396112685555,0.0022957390232537255,0.005061441948038095,0.004121039250407903,0.005410635616335506,0.0035964607640044427,0.004207642502250145,0.002875091932697364,0.004014130168285537,0.0055039652246123,0.011286251302276071,0.003340191488069663,0.0030740144266780114,0.0036201154281997093,0.006597168305119655,0.0037990499064168492,0.003311359645068405,0.004083461158145426,0.004233834673693809,0.0029855940444510065,0.0031594931226462957,0.002194258724381373,0.006186317395664962,0.003570102484482354,0.00992002363957427,0.0025187547233775235,0.0032246720044896396,0.009205156516397438,0.007058769072323197,0.0022210933510966153,0.003035607760339071,0.0019161614744640579,0.0034894875223475115,0.005641901005610918,0.005955659905447023
3639,0.00658967033332049,0.003784872080168575,0.005610565229167342,0.004890528696004171,0.004340325316834795,0.0054370534893336386,0.007003841423720974,0.002857281684395749,0.00472362439126888,0.005034327358229366,0.0024743862280584917,0.0057458778358818454,0.005855729800891515,0.0034682436626626246,0.004511820366616092,0.002959507453351629,0.003921086178438817,0.00575776474591548,0.006400365488537165,0.0044727673380634495,0.003464230251204685,0.0036495660263435484,0.008993786401086886,0.002165867618354943,0.0013155856660034139,0.0036653851319845753,0.007820197981645032,0.0023027986718872646,0.004002404289118666,0.0027686776149524776,0.010545543641514209,0.009472665642146005,0.012994276036140007,0.0021154808866351107,0.004615718711910795,0.0012687385959317095,0.003284857744171538,0.0018330644617266978,0.0028989110027174887,0.0023207333529129117,0.001894574524132094,0.0021109552633301327,0.001902359966389049,0.0032336017103985256,0.0031621345206117235,0.008125710866381383,0.004714611225812827,0.0034174565598053927,0.002874773961271312,0.004432178073447203,0.003221444416361207,0.0018146229284916316,0.003180269971531632,0.007115620711471061,0.009741398467060878,0.0019667030818006927,0.004336372024750423,0.003349019916242105,0.0028951126202456535,0.00255479103800249,0.003169500630093093,0.005271266087322343,0.003060256351669928,0.0034140621121661057,0.0029492004244742556,0.004089117086174192,0.002676703927915623,0.002507099334404666,0.0021407571954976906,0.004595620124789836,0.004154913063616462,0.005372122298419468,0.003370367603699725,0.002906564736584509,0.0024995789143432232,0.0030804291335082,0.005577650815575203,0.011169879389195654,0.003183124666946408,0.0033268903586165153,0.003293809313950959,0.00797357603587025,0.0034063978099182295,0.0031928411663567618,0.003077635863143985,0.004249355045286242,0.0032418253327768554,0.0033794572097398338,0.00210106423987862,0.003514665176998775,0.003275203646532303,0.010812641399581688,0.0019859230590876065,0.003880483284977725,0.010217103349441948,0.007068885024613064,0.002999172136630056,0.00278815923648027,0.0016734206860622998,0.004644283112509725,0.0056260310898328045,0.006453018354621146
3640,0.006656384880185059,0.00439144681545315,0.005194146362799232,0.005202473897048956,0.003895600938146613,0.00486367182666386,0.006532870146791388,0.002704406459145975,0.0038668366364248787,0.005289153584301246,0.002731864305983819,0.0056280507012085165,0.005996885936552671,0.003522291884743758,0.004292604814393854,0.002562194592150404,0.004384705402086293,0.005366721332993626,0.00571354656174829,0.00449987091462167,0.003351482530917422,0.004810325154508079,0.008797771541483299,0.00187124177727299,0.0013132947480239434,0.0038872431434222943,0.0061155904456383125,0.002171080993613923,0.005920402612255268,0.0029290952808464213,0.009369611715347576,0.009514693567991618,0.012827004127615527,0.0020193986706616056,0.0037903313527115354,0.0011690649269096745,0.003509968315630875,0.0021416139188475615,0.0026156220104111335,0.0024821758144961403,0.0021075088280137844,0.002164277790539923,0.0019697026027467607,0.0039026639048788795,0.0033727562509427017,0.007906743682636472,0.004309731581227101,0.004013066777106855,0.0029420962674168182,0.003753097994979922,0.002966375909846865,0.0017684886636110907,0.0029511958210283523,0.0071405963194007905,0.0096445389575929,0.0018176129186391191,0.004505144023000393,0.003336677861943637,0.002809638588433144,0.0022012038877791836,0.0031205973859226486,0.005319412578497024,0.004496459138531779,0.0034932020888157733,0.0025434465639052324,0.00381352494473439,0.0027210340833543553,0.0023728066512119323,0.0018505971777889498,0.0044938690580140364,0.004287597066847004,0.005243714443816682,0.0034816889125791105,0.0030782096631013674,0.0026316098735363128,0.0036820713692044685,0.00562104385172709,0.01161881354330766,0.00326162043647619,0.003429562949366768,0.003810544355732933,0.006901789663402408,0.0032508372534482315,0.00326188977273801,0.0028471913742767214,0.004216629840394899,0.0030893804152502826,0.003405230341923141,0.002325606002923621,0.005927231384486205,0.0031007553089740275,0.010031641779984174,0.001864050637753327,0.0039194403127897825,0.010095279634607959,0.007180070956361668,0.0020012836783427548,0.002761240784397851,0.0016013307549920446,0.003305933026598696,0.005497401209137508,0.005838263140312777
3641,0.005530621675597844,0.003834043051162874,0.0054780085893702665,0.005752807072866626,0.003913033783793097,0.004309841013723136,0.005339222882586882,0.0027430126462447187,0.0036993557396710936,0.005223996021421623,0.002519043189470175,0.005790591013657362,0.00590540361498127,0.003451013478433321,0.004336636053198226,0.0027203376621404655,0.00341244166577385,0.005668069966192456,0.00510216092453261,0.005562423005704962,0.0034572519152912644,0.0038331103143843144,0.008889260985038073,0.0026944334514985035,0.0011845316368609916,0.003962090373738196,0.006252463422462076,0.0022101998031751734,0.004468685596117844,0.002817950762526099,0.009151753226913636,0.009537705584251127,0.013458401140118167,0.0020403595279382667,0.004358469571083106,0.0007230641493452251,0.0032830166817064545,0.002160546265988133,0.0025058900613106716,0.0031774158781391207,0.0021678580904032165,0.001803558713405745,0.0018479553335494108,0.003966929626829689,0.003174038178376403,0.006776421727019447,0.004330801266477289,0.004067075758914538,0.002874334780608252,0.003748087242066487,0.0026926715891398994,0.001886598162365117,0.00297804749665059,0.006944033547325727,0.009482483614913245,0.0018467913271470056,0.004281786745308654,0.003286970294192721,0.002641543942954935,0.002433247574762903,0.003130598405144834,0.0053107509038414795,0.003921811934277838,0.0032999207632814806,0.0027380432947276987,0.0038891687391452473,0.0030274953473316663,0.0023362245141228008,0.0020559076721929337,0.004097020908091222,0.00567994787137515,0.0038993141005852407,0.003425505200679341,0.0032282355717565335,0.002243133909391559,0.0033429913233272383,0.005669377617671924,0.01122586053503034,0.0035150239870509487,0.003235073251740172,0.003271200565148222,0.00600464615645854,0.0031949725706414494,0.0031215102003477177,0.0026488789030131537,0.0039022382049607295,0.002868595996020558,0.003163419264095857,0.0020558127153095878,0.003509163761732866,0.003146630950361393,0.010124423288206797,0.0018216217691466425,0.003672651111831632,0.00910351002049993,0.007177738004874162,0.002075521392635967,0.002894916500551109,0.0016643520788213089,0.0033494772313605414,0.0056792453014099,0.006363245366926422
3642,0.004703584188164897,0.0038942601125932404,0.005294990613963675,0.005439163835099322,0.0043352727516395625,0.004241804512140078,0.0059495329895487194,0.002875092701802985,0.0036644871579534066,0.005489491971228487,0.002341942055362059,0.005146840639506138,0.005735438973529892,0.003227611948350673,0.003967513984714112,0.002425793754127767,0.0037724330799569,0.0036566900986805153,0.005090238699061586,0.004888178368707847,0.0026200279425970478,0.002339380573219479,0.009113297569563998,0.0020298252208189663,0.0013032394456010267,0.004392649462824397,0.006419624387731657,0.001805655085330508,0.00447326239362101,0.002636943767988608,0.008047911767652375,0.009030891305292187,0.013740468847636678,0.00196660643908629,0.004034983709923601,0.0007395550130103403,0.003467677587217195,0.002195368121904881,0.00283733785934868,0.002986897399510843,0.0021374781269098636,0.0019252663845140728,0.0017842770345965942,0.004281149963995856,0.0030382478100665637,0.00644866654152879,0.002682293270146982,0.003648915778009274,0.0027477888563352663,0.0037073612841605555,0.002194701698186564,0.0014400491931779364,0.00298667446620484,0.0070868457400383245,0.007474419828966027,0.0021843993601142553,0.004514648408460733,0.0029507969231999023,0.0026853158762773915,0.002721069991540454,0.002924872397854603,0.005392388932784261,0.004250056957725406,0.0043276821490187455,0.002781642509423774,0.004192977977331131,0.002955402541601118,0.00220094143937804,0.001781257820746873,0.003406905803550924,0.00332078520685108,0.003996893552241198,0.0030560096978530737,0.0034961188181637614,0.0018982228179105262,0.0031099537237844078,0.005541810725088431,0.011696312668774588,0.0035203993080523493,0.0024926618018904887,0.003182506960541029,0.005749287148656266,0.002942829682884867,0.002944964385885949,0.002424313315538781,0.0038472706140270196,0.002884496219017025,0.0032163250955186315,0.0015741488592289983,0.00350847465275453,0.00341273431574876,0.010892918939889359,0.0025922376102155446,0.002829245120135859,0.008674115816545149,0.00706623432184673,0.001990439162238597,0.0030261924648034197,0.0017180366296675187,0.00266054934422507,0.00594972424038231,0.006714684387159192
3643,0.004177270700536013,0.0035169506352743813,0.005610352676434661,0.0063769560869852675,0.005061322464828005,0.004274952820197792,0.005493480851638996,0.0026787773889219747,0.002643558074160068,0.004966056699705888,0.002178187794888354,0.0035735809803462844,0.005975864348730856,0.0022808330401174947,0.003669893495360154,0.0032798822682563547,0.0033371296125494334,0.003946945399280653,0.002632033351160717,0.005921155461241091,0.0031582790842204704,0.0025926298945798286,0.009281625901167512,0.0020964654833276588,0.0010849806763675227,0.0037712968416310495,0.004268127683936809,0.0019390528046299075,0.005296088026818009,0.0025010822405491964,0.00791291623343146,0.010870138816054723,0.013501606365283575,0.0019989962215223064,0.0027290161033526653,0.000777715438531614,0.002860470711451682,0.001988101832991048,0.0029294713380446807,0.003158842736025481,0.002420359366948475,0.002151179509348266,0.002126497622824847,0.004582495951113197,0.002819937741129491,0.0049781593888500964,0.0029657563973414947,0.003233475007478685,0.002812963148902243,0.003826369664328677,0.003429698890610304,0.001737779933259284,0.002159067804693909,0.0069515323557303365,0.009553440453493205,0.001958853655156523,0.004941681199481456,0.0027290832562195965,0.0025456078170554355,0.0022209026996453424,0.003214486348747823,0.005345847530427329,0.0038754850385974487,0.005296490336239119,0.0026514572597166825,0.005188822062036923,0.002505416724824144,0.0037075048510563286,0.002139666247938629,0.003284259576634195,0.003553481296883134,0.0040667780043860124,0.0030760844115416495,0.004116412159915427,0.002219420187484535,0.0031817489759959345,0.005440217605928458,0.012072154887443806,0.00354497565330161,0.0028789335895761875,0.0030170505649899535,0.0047987273026576715,0.003106663098855891,0.002971017761351155,0.0027173249935172495,0.004230893600527991,0.0032527299468125942,0.0028244954765792767,0.0014043776453008324,0.004462356984361616,0.003394520998233887,0.009269653493245678,0.0022228602275596748,0.003262655127346083,0.008578886167019488,0.00741143617433164,0.002186582287802062,0.003100273198514691,0.0018745121953101364,0.0027733897020683312,0.0054604026828933925,0.00312863063262498
3644,0.004286981696335329,0.0034694850946426874,0.005276173152347533,0.0059801519315235765,0.005548162910395683,0.004558143185024407,0.006084995545960251,0.002670055140177598,0.003011286249408622,0.005824233936595673,0.0019286774487189573,0.004353851111347766,0.006047624468832318,0.002479757785347351,0.003957840394090549,0.0031203192988101514,0.00360416618384391,0.003630515843793131,0.0023242279979113823,0.005300809523593777,0.0027247796859618994,0.0024170223478673,0.008128331139104295,0.0019997588536248396,0.0011124100630502043,0.004459080269572675,0.0044037241551634545,0.0017033090490038592,0.005186864577392175,0.0025173706274117403,0.00772596105524933,0.010744874285870338,0.013656835001194046,0.0020088090043220634,0.0038099106193749447,0.00090220769538485,0.0024882838043311212,0.0019649229277925386,0.0027923403440756446,0.0031671216964485574,0.0024206580805006006,0.0020809721350690306,0.002032688637044298,0.004661031673244989,0.0030870136352275394,0.0029189660542909995,0.003074077814721924,0.0033434585652348057,0.003261937074511443,0.0036013239573012465,0.0032823883427457487,0.0019396753258188327,0.0022011127824275566,0.006925129935688757,0.007480749201439747,0.0019606133871852365,0.005071169534862135,0.002650523252950682,0.0025369096692263626,0.0027916507869828714,0.003903284816115238,0.005302907777769892,0.004457285215548695,0.004385239196751828,0.002933714989262487,0.004868818253608189,0.0024943889669837866,0.0036452954779402393,0.0021898669081495403,0.0028017401637226527,0.0035904403871400738,0.004479065293549298,0.003921651716720155,0.003955295110386284,0.0021828742786870973,0.0032396825961377358,0.006071433905208126,0.011781015334271444,0.003478728850720329,0.00215965612842094,0.0029891459436032232,0.00504649114990964,0.0030449087851245173,0.002906573969793902,0.002717078358541393,0.004188642925906165,0.0032944947768441474,0.002892909571351504,0.0011812441790882882,0.004150613111196809,0.003507215111030996,0.009477027571912459,0.0022247590259740387,0.002871819308220577,0.008686902308715577,0.007274039447037999,0.002183424856504306,0.0028525856615738403,0.0019709266043437556,0.0028271435829391378,0.0055227018015496536,0.0035941834475842374
3645,0.005434855560755094,0.0036326046698531484,0.005281122881699866,0.005871795278616523,0.004737492472204684,0.00505633360873938,0.0053700187261908,0.002850535941298559,0.002723151038590232,0.005615559206149055,0.002042946121911757,0.0030843224703262025,0.006263414535791532,0.002621988369274316,0.0044503085058650044,0.0034864124611091456,0.0031791295278595297,0.0037425842295681906,0.001843569635986118,0.006414232086972028,0.0038224399590778436,0.002456700501135884,0.007787917278207246,0.001919356716557455,0.0011321647180265733,0.003952455673793865,0.004182644542324876,0.0018374077050092644,0.004337378492142164,0.0024384196165162576,0.007550013138744519,0.010886660395224106,0.014100074975049167,0.001940168501476142,0.002827160235679305,0.0008337529939567631,0.002652462310702607,0.0019224303309667771,0.002509311976267136,0.0031501958665204424,0.0023454763328081044,0.0024555663044959837,0.002020790813508146,0.004595880103288398,0.0031233898737865608,0.002773627957596626,0.0032130977371164953,0.003432335024779836,0.0033352561188282693,0.004060987583931108,0.003577317450443247,0.0017315394438619561,0.0021577649762055517,0.007111957056771983,0.009426858599348751,0.002050363663592725,0.004857671120519272,0.0027533189556459316,0.002970589041116433,0.0025187436229628,0.00377283831486054,0.005413932458686252,0.005724324901585063,0.005825565188211239,0.0031223334556936145,0.005295922596903751,0.002502672196713647,0.003486477398771125,0.0023579205215267466,0.00320735233580967,0.0040196501144045575,0.004783822649638003,0.004278488638794954,0.004319662017670988,0.0025717045527439276,0.0035657555311919198,0.006178200392675377,0.011248150871384442,0.0038588703143583912,0.0030313628477816623,0.004266543219725934,0.004643815792047635,0.0031077419582571583,0.0030363984481799377,0.0026028793693820265,0.004180119731027401,0.003259987228480006,0.0030385022558894648,0.0013086578391046989,0.004087582933923686,0.003368986992618518,0.00974908448351002,0.00222561478884704,0.0035315783586012182,0.008578365450952351,0.007477535063165002,0.002062328968801764,0.0029796272601825186,0.0020514935733583627,0.0027584763801245795,0.005585448796701349,0.004449643004645393
3646,0.005311423411081091,0.004386757782757922,0.004954781446808688,0.0047789598597395835,0.00572563823414189,0.004828038614998067,0.007298966947816562,0.002923028548767071,0.003019781273688337,0.005741621673646198,0.0019764466146099534,0.0033571978062387543,0.005423988255333718,0.0029094399882014623,0.0034864350016000365,0.003709538383204541,0.0029114690524791394,0.0038255059710378824,0.0023163761722899997,0.005441297775028269,0.003134380495265125,0.0021153763125450202,0.008168315319400859,0.002558816894634702,0.001223133073422067,0.004312097016788882,0.004050994854054111,0.0019649850071326346,0.003347190751824573,0.002662972974878223,0.007692664461007207,0.009260321829478028,0.013311107511785322,0.0021339068550225208,0.0023542673801701256,0.0007818578647954046,0.0023904773204364827,0.0018488419149167768,0.002458490347041671,0.002505567714485942,0.002144432594209687,0.0018903012566144721,0.0017780263164518491,0.003231721580632579,0.003162006408386838,0.0028921714441627884,0.0034339609517250462,0.0031119445787649853,0.002759540372853955,0.003664599827202349,0.0034218285590410535,0.0018706446493924258,0.0025665535173371116,0.00718184889278569,0.008257144137450106,0.0018371171324252438,0.004405152643590919,0.0027856503432352733,0.0035851395074712133,0.0027626860481720452,0.0034962336740511513,0.005424147337301294,0.00452271861549012,0.003804356006530687,0.003541675727172914,0.004073883083972833,0.003767253714527453,0.002807550950115971,0.0022956529847833656,0.0038577986492532314,0.004011817716738338,0.004855202374426019,0.003203500185246111,0.004202073715315396,0.0021619609788547066,0.0032081176707921054,0.005658684824226254,0.011130157976788463,0.003742435641619052,0.002697205400866586,0.0034054548334609943,0.004862355005289461,0.003107801622569058,0.003071330621674422,0.0026701773356916556,0.0038634912439310855,0.0034002304981978954,0.002910921301687165,0.0015699366195736006,0.004241007336145283,0.003865850669752622,0.008845730762096979,0.002023177488177042,0.0031645213779951404,0.008326521479227193,0.00716388711938063,0.0023284729809956413,0.003122234912835654,0.0016415480991406096,0.0027760798745265986,0.004634438654507323,0.003928772536826768
3647,0.0052457667779138295,0.004633244308085837,0.005376989534211235,0.006452641581913674,0.005033317992727854,0.004717702538779544,0.007115875330831747,0.0028083613484120294,0.003031542554348275,0.0053993332049902636,0.002082972899362045,0.003895827334418275,0.005944245235686878,0.0034229155811145847,0.0034714817795036207,0.003213420608227835,0.0034226349633728805,0.0038475082423954227,0.002293223645740558,0.006027221861651372,0.003415721133319434,0.002101479770422751,0.007030494949016507,0.0029396238491742614,0.0012125122499605438,0.00431113950305476,0.003827229604044493,0.00226688439327626,0.004456624990063104,0.002683251560892129,0.009610377257296868,0.010428976109344401,0.013398207845940159,0.0019729109372552595,0.003636290175098153,0.000792297505907495,0.002724714078613192,0.0016752627042202267,0.0026905184880215384,0.0024131012836740625,0.002045031109139068,0.0015305736993320828,0.0017371660116846021,0.004114922643541955,0.0031133475328527474,0.0026923775347901346,0.002814748036281141,0.0032628772364266386,0.002508761638921736,0.0038007404944001674,0.0035721345178482736,0.0018850707328070542,0.0026915337961172675,0.006947983994543529,0.007499737049494841,0.0019617385647157605,0.0047680638335406865,0.0029914075849434337,0.002756619087410803,0.0028497468252394608,0.0026507944799019387,0.00552971749004228,0.003702269809511443,0.005089415159321972,0.0038085955434940763,0.004160965976297669,0.0025515162179509943,0.0029738871311783335,0.0021091276317322847,0.004265717702756324,0.003878554966319575,0.004075544612048491,0.003124159582973985,0.004468991981531896,0.0019023124059961301,0.0034035814754904145,0.0057446878638084,0.010467415290242164,0.003334776709168768,0.002691814403884384,0.0035378928465402675,0.005289167261060376,0.0030707259147905366,0.0032722399883599817,0.0027944715127484116,0.004060999644625408,0.003089130173499954,0.0029758846818963725,0.0014129254416500407,0.005678409416824933,0.00354618326339732,0.009090317338760397,0.002219378968010773,0.0037051035103728034,0.006920421187317785,0.007214207742781909,0.0025029683699123117,0.0037803308940627402,0.0017206815134630756,0.002871683712417545,0.0059330811035559605,0.002956050521076011
3648,0.005532199426954099,0.0038253857659912532,0.004822582989604194,0.005839751593969876,0.004319350165974787,0.004625468247262421,0.006701722322518771,0.002629411879390278,0.0026724194694442965,0.00570520516075542,0.0021369249531485485,0.0031226004132661562,0.006243243159378434,0.0026190639776745364,0.00358610175684541,0.003440484062013265,0.0038295553739545315,0.0034883884745785746,0.0019313205494330683,0.0057276466676091506,0.0028470583230537673,0.0020934647771006345,0.00778141068310541,0.0020580054985282464,0.001194995128491539,0.004065542966683636,0.003949677950180535,0.0020564313970417966,0.004549384811694585,0.0026191102662510546,0.008754276346263237,0.010167318254932594,0.012792242623178502,0.002266054097874394,0.0026368942883161486,0.0007658706285544511,0.0024641777797823473,0.0019429572958040296,0.002078530102071083,0.002250335488075338,0.00208287195825802,0.0020207211483686304,0.0017713543487340206,0.004099170788544229,0.0029092446539149288,0.0031073679138527537,0.0028699135687508853,0.0035246035756186156,0.0023680328667776227,0.0036253442731201983,0.0027503449431037314,0.0016851475999549244,0.0026654869575894738,0.007216665461521147,0.0073087406425171,0.0018600493807881657,0.00446481959316125,0.0028039391368334505,0.0024979923438646226,0.002915173105775787,0.0032278888506164804,0.005617090854989713,0.004090788486302077,0.004383260437391813,0.003594236513182091,0.004135864674901411,0.0025598627416772387,0.0027538014406725563,0.002097897768452009,0.0037719477237376344,0.004345271650220168,0.0038541242435958965,0.0030736376700646667,0.004235797772379201,0.0020941906051524977,0.0030371332252798495,0.006187934799444345,0.01121310783788461,0.0034622763438274615,0.0026814577311462173,0.003349171991953249,0.005135136458448327,0.0031325962044710764,0.0032967889591213628,0.002442750455545761,0.0034137607919388687,0.0033231094152054415,0.0030261501871205986,0.0014461188934541765,0.0032761508842910686,0.003153436126133871,0.009574222607133823,0.0023577099869500377,0.003465574949605846,0.008317481831577898,0.007096267051930567,0.00244935980946487,0.0032308580973909717,0.0017992909591586588,0.0028340809792925894,0.006063458852737698,0.003020681064183274
3649,0.005199650672567727,0.0035043209463666686,0.004935899853693782,0.008874875520156238,0.003531790585495441,0.004399323165317876,0.0072815716851557565,0.002779490471943665,0.0026038536503984093,0.005726465116793557,0.0024112216546256,0.002556130089732873,0.00578562942670105,0.0022159990830019185,0.004195381408400504,0.003372140377207995,0.0038817177231863726,0.003553432915160677,0.0018859327670628853,0.004444301835976368,0.0033284022115770908,0.0024449982923866608,0.007007037785271901,0.002319297193007238,0.0012091572820599945,0.004178900405099214,0.0046407412371387655,0.0021409715729798435,0.003995604163337985,0.002677298895400643,0.008912757568585818,0.009184313122819992,0.013827636314669003,0.002046809678973566,0.002631080757316838,0.0007342500503643873,0.0023334223352892316,0.001996330809894189,0.0017706980552898975,0.002427580289351564,0.001998538642829137,0.002075294572299728,0.00202615039121149,0.003572465281643857,0.0031460098666129086,0.0028873188746543843,0.0027265285974374864,0.003099291901712405,0.0033185380711002977,0.003848713703203316,0.0028730289369666806,0.0018316249520501885,0.0026861429932541043,0.006962833236674094,0.007112849660967925,0.0021538736604571397,0.004703053361272231,0.002609273633671815,0.003071886836787752,0.0025135721965398672,0.003305968104236147,0.005416750308372216,0.004260314191851593,0.0039519841109852336,0.0030839015029999126,0.004118871753112017,0.003406474509177889,0.003074806337072702,0.0021041431014635435,0.0028579324834620556,0.004012074395360348,0.005175916248832468,0.003960095262651437,0.0034827585183491525,0.0021077034122382503,0.0031882367904661033,0.005335849049950601,0.011262730723518785,0.0035738525864948013,0.0026625327551233835,0.003043209312548117,0.004924034229673454,0.0029296060084576464,0.003018941394636177,0.0029713219544612595,0.003975568507220803,0.0036449799165203145,0.0029353164667915033,0.0013390576958473793,0.003723812391220906,0.003119455895622808,0.009445506295785864,0.00227919905014485,0.0033874654562097476,0.009134717239633773,0.007091086355536917,0.002507395789867503,0.0032522185950490615,0.0017014895113190553,0.0030989743650341153,0.005871528489662614,0.0041424119166186425
3650,0.004947263424563946,0.004290816979993624,0.00504073177122474,0.0056878905811809264,0.0039244476117197245,0.0046984531823412,0.006869741139264272,0.002744906150074727,0.0027343385026392495,0.005671622734436054,0.0022664409383947263,0.00255741338289511,0.005687790229764422,0.0028582165420987585,0.003908746840055604,0.0030508263989447227,0.0033319296542167797,0.0037566964140298208,0.0017969577365860236,0.004348882871879152,0.003227692414622945,0.0024472118790563077,0.006520606093835249,0.002186699478984113,0.0011826108337715411,0.003558003847514183,0.004585063542668795,0.002308479599565548,0.00369987576660897,0.0026333431295177878,0.008787375115116226,0.00921338015654567,0.013612289284053159,0.002036902442469677,0.0024928474189178386,0.0007520332640027664,0.0023175025835461944,0.001972204112129813,0.0018690023452973131,0.00229920309624629,0.001906723190685149,0.0018752811910105176,0.0019409255473678399,0.003397340210041519,0.003145190267200743,0.002713643569473316,0.003063292003701943,0.003862420437286681,0.0026610250866240678,0.003791007415471131,0.0029924336398202095,0.0017360614584185062,0.0030684787230366357,0.006959007072137183,0.00705401873842057,0.002168111426313684,0.004552930912799319,0.00266812814094561,0.0029448213000622383,0.002729678315500928,0.003369278760427021,0.0053909413047066165,0.004043474825225337,0.003731705492716502,0.0035546124663314665,0.003942195947742692,0.0023277654654521563,0.002841497091200683,0.0020001756983193727,0.003194174756141759,0.0038933457354438255,0.004786877570530025,0.003116376077802166,0.0031458735793540842,0.0021083108411700546,0.003185428223381094,0.00582348945529302,0.01112044156362548,0.0034057847725300593,0.0024091199165783587,0.0036198249517639465,0.005024316028949569,0.0031545267139638294,0.0030303377538904164,0.003268879895045171,0.004006305260439408,0.0037473520766171603,0.0027834866432019487,0.001425514510724936,0.0034716614885739044,0.003434323081212152,0.009703828074254238,0.00235651299736802,0.0035004489990269824,0.0080413138358266,0.007132723168963733,0.002094029674416205,0.0031753729236883473,0.0016105096232573476,0.0029252623166133463,0.005752659076408388,0.00413062718030791
3651,0.004758311016702259,0.00435435773399026,0.005228840729559657,0.005395835943753626,0.003976845515497211,0.004504395928076548,0.006990664775497193,0.0029093587045082832,0.003077766937213439,0.005589153265039386,0.0023328014139734547,0.0034315795316746597,0.0055764585169200045,0.0028118653352274246,0.004137042793491415,0.0032985024264094768,0.003129865882852207,0.0038004692324573024,0.00197689753588913,0.005762423469419927,0.003227908076099196,0.002187394695778855,0.006825740819429234,0.002406779511899246,0.0011422825159958486,0.004078751330060631,0.004693044407678521,0.001994293467380112,0.00424107495606696,0.0026388826433916862,0.008829181370315903,0.009167747644945231,0.01494713709109508,0.0020614724133132777,0.002532047383749347,0.0006494566102775956,0.002259678667628588,0.002001293447988002,0.002422191495364616,0.002522013742106861,0.002233236342392448,0.0020450808032535643,0.002029538273119333,0.0046916976880029115,0.003324122875124129,0.002735658224261196,0.003665413171405195,0.003095426377845215,0.002688546378754664,0.0036600103638759576,0.003628361510676091,0.001834506643478206,0.0026179713624426186,0.007129063571561653,0.0072704848841185265,0.0016944816526318022,0.004477305501830571,0.0030276147511331428,0.002925137661352434,0.0027852512310299112,0.003099995566715249,0.005304424126401149,0.0050299214739786,0.004321821808027554,0.003149709233889579,0.00427709389577171,0.0023648538543437417,0.0026459439017291675,0.002620086824228157,0.0036361465860929427,0.004329692967874462,0.005030163308936638,0.003322776768769779,0.004090786430898088,0.0022903263943718382,0.003737251977737395,0.005634932911949735,0.01185056890691337,0.003587035708027518,0.0031506548310078174,0.0034816168843244543,0.005118256449070671,0.002965034774883765,0.0031249942673026465,0.0027611837714205914,0.004209682305907809,0.003758124839395198,0.0031031141553502567,0.0016658819047956595,0.003960828086161752,0.003318867947919915,0.009839942432460847,0.0026200072467840968,0.003088665351701459,0.007978297412267696,0.007044850292040949,0.001971963657428027,0.0031556060061038527,0.0017414677771094415,0.002852085367043474,0.0055964659654582265,0.004584638842922056
3652,0.004624163150687427,0.004073880466381085,0.005375581576103906,0.005384256861772862,0.004367727827990354,0.004606204518248474,0.0069915054209753035,0.0029580395561255727,0.0033827516805753468,0.005699500067264962,0.002466931903077144,0.0034035839093918465,0.005780848353948719,0.0031064434799153526,0.004152162980792658,0.0031195896602824965,0.00443571299268168,0.00391567186090506,0.0018329077530991,0.0042856585824879775,0.0038500703472089965,0.0021429443291268633,0.0058814476288212925,0.0034715792433702964,0.0013167544660739675,0.00368626606698007,0.0051832721412651455,0.0024013468109090204,0.004254706810705106,0.002486367394951885,0.009384710296476157,0.010686357021004267,0.013909207230405715,0.002055951596270312,0.0026275483645945676,0.0008311959553136951,0.002299680343093687,0.0018982576707665022,0.002235488474678878,0.002557681017194989,0.0019827574493272424,0.00219837771888398,0.0018857379363989388,0.003919141455571955,0.003211535158099229,0.0030179052482507546,0.003165137900243386,0.0031079668197112956,0.0028429945605070723,0.0035654197251800642,0.003017001744655503,0.0017095180873805133,0.00248367044088313,0.006781026440744949,0.007500710882923705,0.0017816696563548254,0.005044682690375394,0.0028437659547833,0.002987659533750296,0.0028588722880063568,0.0028269779743747728,0.00535207710383609,0.004164137069084769,0.0038085067649609537,0.002578177101247855,0.004001797740772802,0.0025537290697142125,0.0024751180534042035,0.0023673542755876667,0.0038896636872007813,0.004660150677976741,0.004516980908028293,0.003341517351317791,0.004003259822773398,0.002335396265671612,0.003458379357278923,0.00547276308047822,0.011732221063975857,0.003650553924076393,0.002832681886115381,0.0030500964030233703,0.005254287950717333,0.0029953812773918062,0.0030709254099436935,0.002536879818948264,0.0041671408161412385,0.0038604985436100367,0.002924414829368172,0.0015123440824054994,0.003881781751758414,0.003293473253017126,0.01020605979222439,0.002680800574523705,0.0032622513032561605,0.007813158855993367,0.0072452754072194585,0.0020773102855576294,0.002945955707573747,0.0017636004643780973,0.00333325179938248,0.005620917945491365,0.0030287633026057736
3653,0.005680173979767468,0.0050359681198478695,0.005310094041456936,0.005476782815122479,0.005348639148747271,0.006120549193712788,0.006522730012475956,0.0028500841692165662,0.003590433007793571,0.008780947648150478,0.0024772187906193562,0.0035053694678309887,0.005088208336108991,0.003751412095735195,0.003909738072444672,0.0039210780317597786,0.0054650236721976555,0.009423700047927674,0.0026694930644036263,0.005680460572783865,0.0034453365524646853,0.0026120194504585656,0.009723991009744009,0.0031287651682107526,0.0013605652371816977,0.0035010946818964926,0.0044408990226172135,0.002526984886473251,0.0039657317956500885,0.0028374948154421095,0.007951657135615596,0.008262941747978408,0.01300292480860816,0.002319550167073257,0.002325862708959242,0.0010061382537278893,0.0025488025647360346,0.002548057736171966,0.0025110800272536153,0.0027834466372386973,0.0022380145646243303,0.0020147023349019154,0.0022587724261239335,0.004303689272144058,0.0038051628265162885,0.005420310054006161,0.00413069378911695,0.0037104092140821453,0.002916800998197056,0.004754459221377478,0.0029742498150865976,0.0015200794218183228,0.00271938534325051,0.007152591585880491,0.007548134032479818,0.0016415430896411514,0.004187703101607845,0.0024851808203436524,0.003633268103377195,0.002766938246578517,0.0029156503177657045,0.005504305178333628,0.004861498518472927,0.0041502846557925415,0.0027450204423723674,0.007151516505448531,0.0036346461985434777,0.0024071586516433157,0.002142675699989199,0.004889643156457637,0.005500738401388219,0.004256543503367628,0.0028165399628076646,0.004267138550466859,0.0026262522807642096,0.004520944479791345,0.005332990128218374,0.010929548546452639,0.0036191687616276514,0.0029984543035885356,0.0034935416747046266,0.006948304109660217,0.0031717404345117466,0.0031910049100085415,0.0027774949115693414,0.0038563478993873168,0.0031141491668648,0.0034231554588931663,0.001973431953554371,0.004622284395158106,0.003291092327453785,0.008806805091178758,0.002252824947497522,0.004507234181437602,0.008028560822269673,0.006702584528022003,0.002182677123970556,0.003413341559095897,0.0016416665460651874,0.0030126878181548533,0.004825409626141368,0.003882563695167525
3654,0.005061565727418473,0.004393886657700968,0.00614018790752176,0.005644964880441215,0.005046581620980543,0.004483078303343017,0.007874275883907017,0.002648876960743473,0.003861153829539222,0.007958829278746981,0.0026069497710902805,0.004370099477671393,0.0055186048208036185,0.003931714432810456,0.0034786522152951077,0.003492290003201839,0.004234056894205456,0.004327202902914776,0.0023108107129264192,0.006556813080474547,0.0027178808282613777,0.0027311799321488276,0.010810269018106299,0.003464381170562731,0.0011540544229437682,0.003699504329278242,0.004351396161737821,0.0022255461501175717,0.004307301332883942,0.0028371606185424556,0.009403269211642256,0.010321788566742623,0.012341476755369628,0.0023626740083921576,0.0030515681173700214,0.0007166755119449084,0.002377376895020017,0.0022703441501105088,0.00238669618114957,0.0025301358498519212,0.0018600178765312662,0.001815553564923888,0.0017997404566338496,0.003981398826269293,0.0036724089401034754,0.005345252839359821,0.0034985628836777124,0.003591271155200495,0.0030273077198775524,0.004116783741222354,0.00397517794469457,0.0016038100393003206,0.0029874984246944965,0.0068704497305283885,0.007968675953966069,0.0017701713209237531,0.004566223722769444,0.003176439159632058,0.0027681435281649357,0.002666037473313928,0.002425942744950874,0.005504471188299967,0.0038838791027301593,0.004714803625912249,0.003040820126034178,0.004267315813983438,0.002606017100890438,0.0025510794528643406,0.002199542105795512,0.004591986682482385,0.0039409497987380184,0.0042181311623919445,0.003291634361221802,0.00393204452768634,0.0018330565010877575,0.0028406219900301674,0.005902113849038093,0.010705529414570956,0.0033020842898686628,0.00302829649392442,0.00409639740447512,0.008259190604421372,0.0034158790806548644,0.003473105622014486,0.0026784857981499086,0.003991411953170492,0.0028901786643273568,0.003034374435932016,0.0012960592553055564,0.0037751396252722062,0.0033907980866161682,0.009064478238519741,0.0023502287143940155,0.005288316103573989,0.0068053974195745656,0.007251765742847049,0.002160934912877852,0.0039987032884768675,0.0016049273319958025,0.0030435697875161307,0.005778818863264807,0.005162772426672073
3655,0.0070081331790484555,0.003904682629259134,0.006024684556510259,0.005982934506145444,0.006849588187005706,0.005828204359569123,0.006279129544554741,0.0040451271878067414,0.003942626641836943,0.011604730994121869,0.0028553644729987274,0.004156292418706472,0.005401944155135568,0.003968960593091703,0.004370586735936935,0.0041653938752186466,0.005127037654041262,0.0051713262518368565,0.0045911729302238425,0.006163161564549027,0.0030879855988392643,0.002930344977214886,0.01164460391369753,0.008266728788050048,0.0010522234067767329,0.004734143882585535,0.006343658063431778,0.002772268124784211,0.004498352863428274,0.003011870923266238,0.011344686214569001,0.008374556765051295,0.015480111688759398,0.002721720777687648,0.002533444090675004,0.0007670816056243733,0.0026761814407592747,0.0026076181393946602,0.002688933960313511,0.003836511407311958,0.0019200134481141785,0.0024950313878286546,0.0021212262934362886,0.003405975769809952,0.004169417322487647,0.008540129603147187,0.004144437079391966,0.004850062251594797,0.0033546673719506083,0.00475917946071785,0.005014457564567697,0.001694534942322434,0.002938021522255705,0.006391946179451259,0.007233231980621714,0.0018001578934779092,0.00438071266382216,0.0033256984742298227,0.0036169034136333683,0.0029999525614809413,0.0026636031512262477,0.005660311301508028,0.004255425457773375,0.00421340338485142,0.003049511512897476,0.004202708406438137,0.0028384164380633264,0.0027343542139392735,0.0024031929841655877,0.0056783378465936575,0.0071128353527439145,0.004740297531027647,0.0032184457849981775,0.0033377253556269425,0.0026181087693857557,0.003287496222337809,0.006198869992008723,0.011639880096328666,0.0033490974747372245,0.003241935003964444,0.003670749685154521,0.0075932426283558795,0.0038476587206869935,0.003731255506328344,0.0031123668197370075,0.0034679425514431927,0.0033511020315381106,0.003140723267818583,0.0013786240573559286,0.006833446918471061,0.003865474770883126,0.00922257644563101,0.0019470208868367013,0.004857285052342207,0.00916842735830792,0.006966416146117087,0.003107560878100719,0.0030730077550492944,0.002017895506571298,0.0030711450868965238,0.004857352741557578,0.006217626272120621
3656,0.006250723488241039,0.004320665861380699,0.005706448925443877,0.00619071365814004,0.005967042429379079,0.005497148641273942,0.007660579329743694,0.003359370799444989,0.0034303192608289798,0.005861848063804422,0.0026311062478644206,0.003732603621419851,0.0059907432073011855,0.004000600616019954,0.003482248996233051,0.0031428543391203633,0.004213300034556412,0.004702159059349202,0.0021051286933104155,0.007298196992303739,0.004183694782985079,0.002794215904206991,0.01177202399378583,0.005743429175490115,0.0012874606940406,0.007038809738498546,0.004249894403126244,0.0022889278461764684,0.004288124175492172,0.0036318691126297703,0.008604531722886296,0.010506846769593733,0.014572954535182724,0.0024813395036939454,0.0023240072166224586,0.0007404252643089229,0.002593260647019739,0.0027037172085643585,0.0021214035712372576,0.002776266365921974,0.0019747552255396394,0.0016110637168182853,0.0019034589905688726,0.003934362043791935,0.003780001687557626,0.006237826738478181,0.0039054798034895487,0.0036713740381942835,0.002847564458099468,0.003665688480362245,0.003853170492131798,0.0020104788816106933,0.002748885043386249,0.008095667070776672,0.006869358000916126,0.0020867249346333,0.004602003141351979,0.0028713879028175113,0.0030095878473962493,0.0028262881968542726,0.002728965849438027,0.005376952753353435,0.004651392371840075,0.0037281493201991285,0.003826020870371565,0.003937230207191745,0.002547948549461078,0.002475547038616277,0.0022592461232723597,0.004572280357362577,0.0058177950565647925,0.004771591458804844,0.004168111219238878,0.0038126188787756103,0.002093220250891791,0.003464935041094536,0.006545679770932111,0.012356394096819129,0.0037885447230624793,0.002915318873661829,0.0035373436735357247,0.008821980042183512,0.0037624548804969095,0.003989932970097707,0.002903012165571249,0.00468038577887499,0.0030787415803981253,0.0031413792732403953,0.0014073458046522135,0.0037964447437699995,0.004020366352629523,0.0095194189521256,0.0021912944428081876,0.004780855955412189,0.007468990179731479,0.007320824964426172,0.002359976326630731,0.0035620843350448756,0.0019935189546178935,0.0030085747713650334,0.005798528636531832,0.005626445009257807
3657,0.006348471212045916,0.0038525006711276058,0.005004258171636793,0.006569558304089769,0.004529142856642004,0.005280087943345943,0.006476843757085228,0.0024624385992755367,0.003509578216147557,0.005289530599358101,0.0025192870681574778,0.004085236614689326,0.006217182214541851,0.0038752208279637566,0.003285029980507704,0.003469756718318811,0.004499140941520706,0.004301699430865261,0.00211349330631777,0.005859594409806284,0.003185343502321091,0.0025202572871618305,0.012518324179104413,0.00237551327545783,0.001098199678702171,0.005118878562409034,0.004889283974053991,0.0020932025828102204,0.004794601657501617,0.0029716354184398646,0.008779609822685478,0.010395858933799063,0.013341194882187239,0.0025891001628819293,0.0023848354218527655,0.0007155046501442811,0.002109017213963576,0.0021051776963726637,0.001970223017088418,0.0027122217581110864,0.0019344109146333186,0.0020410930076864326,0.0017985707730203628,0.003843120052758498,0.003259371424175275,0.007672090672816451,0.006225352720117055,0.0030039875457947944,0.0028399284676676154,0.0033316887046284257,0.004387337558327747,0.0018367339669983493,0.0032464641072505853,0.0073004158504244064,0.0073532498013366985,0.0018932665332683576,0.004365444152345468,0.002502626204949225,0.002756943186872885,0.0028604618549924335,0.0025704142311184387,0.005842456870306589,0.004206725083502182,0.003876614389127101,0.00273045359991152,0.0045523979797850896,0.0034699425155926234,0.002230811116358033,0.0022918437870256604,0.0038715146132281253,0.005662420851045498,0.004355610434718871,0.003349605809407077,0.003949456197662686,0.0020662462877961765,0.003457849442496291,0.005368671433117793,0.011798705937072758,0.003393750267451063,0.0026620674961351544,0.003494414097731375,0.006694805762214089,0.0034686766008315815,0.0028560298278864334,0.002892318287095862,0.0033906313384222727,0.0031906495012685885,0.003329545114423886,0.0012908661303263928,0.003734013111527247,0.003771964064790152,0.009048718417832675,0.0018825140992208866,0.002765695659443226,0.008355023782422746,0.007135396550281726,0.0028257718179632825,0.0033392702697826004,0.0018563558203745518,0.002770259175643577,0.005943893600494154,0.00582806960564
3658,0.0047058941333299464,0.0034824933304654112,0.00498481109476565,0.005507752693493214,0.003632570300433299,0.0042040411146874535,0.006068741268152217,0.0025533199034426697,0.0034602726919942756,0.004720547528284456,0.002414460808796925,0.0035712297874378363,0.00548323516380587,0.0038189620085483144,0.004194548545110507,0.002498603380430056,0.004132242192318671,0.0037974276612450825,0.0016109089878746775,0.004813864724140931,0.0030264627975361913,0.002645506649721195,0.01038784062098721,0.0031588744628066588,0.001162722313208188,0.0036752623405701718,0.006134279246288038,0.0020012364209136676,0.0040856546873185365,0.0030301530796643422,0.008243643591095504,0.010020095526207124,0.013449228345823124,0.0021347967105640963,0.002558953726292646,0.0007451479240898922,0.0020434920994157023,0.002246050786039053,0.0020069102174074347,0.0025197214451927775,0.001954396375553075,0.001961359684194159,0.0017679369829711551,0.0032649685204421213,0.0032639886092780744,0.005765337225568646,0.004181660052330407,0.0033529522348774233,0.003493539373835403,0.003640710065969992,0.002682103289130459,0.001638022289109997,0.003022747685178509,0.007111111211933496,0.00718382617472181,0.0019267754264692659,0.004357739630675943,0.002625683557433287,0.002580450749896779,0.0027766101386213606,0.002321090858501526,0.00529451008067282,0.0037894405280348756,0.0035279366338645465,0.002573973957754079,0.004121329464588276,0.0026569282762767947,0.0025609715126961455,0.0020846909154362946,0.004108022041464625,0.0036336480137369805,0.004915212930785956,0.0029861043086820455,0.0029133588318527126,0.0021078840383234676,0.0033165372752624817,0.005505047940969478,0.010924220182955522,0.0033498251018148585,0.002740573551006374,0.0029727616587844337,0.005020422302276774,0.0032379960011820587,0.003033849702834221,0.002637226280089541,0.003692413270762892,0.003073484714115447,0.0033022358627559888,0.0013637660000970647,0.006945929106926612,0.0034442226122884017,0.009213709626409963,0.0018402112802409936,0.0030647563633988844,0.008512764655400554,0.007041208484394676,0.001928712587050358,0.0029976943647848464,0.0017553239676617119,0.0028427112499022954,0.005812646920845111,0.006622679470676774
3659,0.004600116224069305,0.003421492317841561,0.005017723776343875,0.005536249181140616,0.0038698567181939996,0.004235314134108937,0.006560083026066483,0.002669345993363892,0.004445160104125848,0.004971780100310077,0.002225048624022974,0.0040831724593814065,0.005404998224107928,0.004309851281435937,0.004308249482599198,0.0026571058781525323,0.0039469149158506646,0.004006722463377136,0.001910788705146943,0.004427925183793148,0.0028518889252282967,0.0023733293044557167,0.0099615780740304,0.0030618850337593533,0.0011381112089156548,0.0036885314800693654,0.0044326198903585756,0.0020381674405146556,0.003928964472832604,0.0028203336832968973,0.008308752134699523,0.010003968986656701,0.013575217971101054,0.0020056725996461526,0.0026422971753493956,0.000734105291806951,0.0022755694145696797,0.0020603869150416657,0.0026527360225260424,0.0022475319005991613,0.0018279358194920356,0.0018702009336210932,0.0015732179703203076,0.0032650696763191506,0.0030388026405858345,0.005472104512177409,0.002747060172095948,0.002931926678106277,0.0025051710962911786,0.0035877264223008816,0.00262010847924736,0.0013678418273350519,0.003106059207917057,0.006951652150116821,0.006983815571985864,0.002001389389724176,0.004405307899710409,0.0026636946793734757,0.0028956628702551616,0.0030576363755859593,0.0030129092065097163,0.005268337103993115,0.0037208694878424816,0.003411862087229178,0.002497814588201663,0.0041763093428622035,0.0028141670762084387,0.0026595571448643517,0.0019348375851842678,0.0037852629398326134,0.003589958029399265,0.00416924975205397,0.002965526643223584,0.002900637488123927,0.002082880394341247,0.0034390315438489606,0.005419516257158594,0.011440349436356414,0.0034481295866318593,0.0025621291238944873,0.002654945884315127,0.0047354359262244145,0.0032583405765098383,0.0029464053806378333,0.002718096379994675,0.00373805354559436,0.0026496724768833736,0.003383124796536284,0.0016339565847117356,0.006819301720848305,0.003085104848026992,0.009511214856447221,0.0020088543206962677,0.002619935336996265,0.008061008002016609,0.00721332373665234,0.0020325951458523236,0.003053250662209825,0.00159585093486205,0.003045010597656173,0.006144231085246132,0.006193962102473669
3660,0.004488148047773771,0.0033927864979657243,0.005480617345467259,0.006508474392723005,0.003937455175392276,0.00404422173263643,0.006478381140832811,0.0025797895889175123,0.003230983654953428,0.0046373678011835655,0.0024473732291694877,0.003799598188663545,0.00517917045021828,0.003391443530350091,0.0034098018666796044,0.002785717168714058,0.00332779440948149,0.003947652151597541,0.002035635840929723,0.0042491198058883595,0.0028371668506482627,0.0025541793368987448,0.009849133534022064,0.002942705943764616,0.0011401146362639307,0.003698514246151487,0.004321923319964845,0.0021331449385196847,0.003996996514662431,0.0027204662812161714,0.007720600428323973,0.009013083528955116,0.01279049974228531,0.0019226489393961972,0.002639782174156155,0.000724075049597127,0.002175240911345897,0.0017744579748878542,0.0021235068997657413,0.002263863576867481,0.0021310003186251892,0.0018618306793121387,0.0019127791593339075,0.004263949125533896,0.00324076534897633,0.006522932817736921,0.0024752941010627283,0.003143604053421098,0.00276656753547055,0.0035538893582244867,0.0029115410211630163,0.0014752124571523135,0.0028558237975051456,0.007009983853682961,0.008012391125754,0.002043205245423905,0.004357323178715691,0.00261425892354325,0.002402580796413121,0.002931390273231332,0.003139328521009125,0.005237423460098816,0.003391193498243781,0.004417050883137019,0.0028362285494016267,0.005159030604384316,0.002940370106014969,0.0026577834411262206,0.0019822573065359068,0.003817368508276994,0.0036875013878207236,0.004234825893228126,0.003459002076817215,0.0031473071070896182,0.002089483235754378,0.0029004428300931236,0.005704128420232076,0.010883544043064845,0.0033727496836444145,0.002483532894917627,0.0027260157876702637,0.00500176027742217,0.0030909274224439763,0.002938390769195564,0.002854939715118349,0.003942157207159897,0.0029277743737162725,0.0033451467941030158,0.0016067195830921153,0.004168119050428492,0.0027969651801479085,0.009707480482474728,0.001713868705234047,0.0028594280742348342,0.007810357054189558,0.007061531698307558,0.001975847669686242,0.0031561996279591536,0.0017020297016047937,0.0026001576247571493,0.005619362168375475,0.006394138243763706
3661,0.004841324639750042,0.00327830628209687,0.0052216959004794785,0.0057270145372294,0.004308475891354806,0.00430891302562724,0.006202957115940736,0.0027230845144111076,0.002843005368367665,0.0042869062277692185,0.002327739893318785,0.0036516263871635766,0.005144219229126073,0.0030444742909491295,0.004022656989767872,0.0027742726050602466,0.0034860819450484187,0.004050953366843004,0.002051595512479073,0.005229167801384774,0.0030554435771862837,0.0023000792347101363,0.008594181817625232,0.002150579401230202,0.001106825542112894,0.004499556198659811,0.0045109841812991935,0.0020822710119847818,0.0038166470278243937,0.0027676035242736796,0.007077424290076067,0.00885308758105762,0.013158446182903143,0.00185447746268549,0.002979197974983049,0.0007195304202475032,0.002104483784262353,0.0016929739016241922,0.0021694834664750576,0.003069736840045524,0.0023159902862800257,0.00206129392795981,0.0020791324732867666,0.004580005876342516,0.003400052559320603,0.006066032130404234,0.002885362377878932,0.0032246542974355727,0.0028034384201286113,0.003320874791373931,0.002870814910704426,0.001927617581022054,0.0032977269688025117,0.006946738273790928,0.007767638158599418,0.0022285182370809634,0.0046951046646635936,0.0027900366937650798,0.0026790046723237705,0.0024617770184260793,0.00323998128604257,0.005306451757583571,0.0033778948764998195,0.005028841500902501,0.0027844276549820594,0.004006845608212863,0.002840305345878464,0.0027278154508113975,0.0022136117781666066,0.0037353619435342173,0.00485064249140065,0.005375415524063639,0.003435284419946587,0.003718866487889594,0.0025317357470910503,0.003172042737716849,0.005520140446715418,0.011109302915173478,0.00362750578994096,0.002656907210287107,0.0030307163309535212,0.0044932771308608226,0.0034474379812884834,0.003022771618592273,0.0028338488764272987,0.003847309186833445,0.0029990334316298563,0.0032481654034843214,0.001633670722756698,0.003789873221095165,0.003398067405440259,0.009461751706637284,0.0021665468393314517,0.003089214572909623,0.008217147246218054,0.00713227005833518,0.0020597453981395382,0.0031435255357540695,0.001666492341222299,0.0026586584625599343,0.005587455840848141,0.00487482542560461
3662,0.004798694269394294,0.0032501109980595444,0.005422070659870391,0.005729375688254551,0.003758285068529874,0.004423230772285594,0.006485166620366219,0.0028479335077068618,0.003042701125159129,0.004742539204616358,0.0022255913933591897,0.002811021125125752,0.005111510473643345,0.002854938888698519,0.0038466415930748267,0.00294390015598663,0.0032791373320987527,0.00331397112659472,0.002217842618059101,0.004391911111913748,0.0035484576687832875,0.0023650002023026615,0.007884786276634645,0.0022483318245688356,0.0011592398666436098,0.003609870183409235,0.004729916296395025,0.002014912994807945,0.004389284191838798,0.0029356810663382945,0.0070872183699506345,0.009134055995765156,0.012898002638590275,0.001999572319272085,0.0028228186673067753,0.0006653736072276811,0.0021931380547796976,0.0017155028556589348,0.00204152482744476,0.0031166910932828884,0.002267194190529083,0.002149015732467112,0.0018914793657345962,0.0039730147224991555,0.003433907704190725,0.005978195086964597,0.0030171411327632484,0.002958924344439576,0.0027331368834523093,0.003742698173273258,0.002631285840861519,0.001714451664622408,0.0030313015093324635,0.006911704001630798,0.007856249222916311,0.0021227036673965457,0.004427325093115843,0.002870775659207692,0.00244129243824642,0.002489489556399567,0.0030611773769935926,0.005195328767737005,0.004262343898332556,0.0048164294561811065,0.0026731091279267915,0.004175428358568113,0.0028187743830108978,0.0026590607139821325,0.0024045970538749024,0.003629938504135136,0.0038946076413383093,0.004943880904624562,0.0031421269701361445,0.0029078383850745415,0.0022444591871870626,0.0030790661776026224,0.005345937513810697,0.011472870179160873,0.003454663622934644,0.0026646449549367376,0.003350764009371928,0.004517144725650847,0.0034072481138492537,0.002944723855143957,0.0028783846651537787,0.0038394561195852057,0.003171737984734983,0.003372163928110887,0.001600606608762729,0.0037377854054254697,0.0032528922794034603,0.009557562337642126,0.002414603024189864,0.0029126610536358137,0.007273832578962888,0.00713227005833518,0.0019596577553173114,0.003292975651611974,0.001707664645263135,0.002599310368295934,0.005533496673064644,0.005133535863699381
3663,0.004714909139577902,0.004161395374950238,0.004800881808350278,0.005634193127072309,0.0034769954218878255,0.004914072925280389,0.006672224552948035,0.0025637916579149995,0.003024708080707343,0.004522186649490465,0.0021622244870915077,0.0026451606465237474,0.005686123154430174,0.0023830926576350222,0.0037224542901584784,0.0029818547660285083,0.003271954830596657,0.0033603917960679333,0.0018672090432665064,0.004170517757522381,0.002521142148023116,0.0024489067359191076,0.006255799528695035,0.002412433473858567,0.0010664665315726482,0.00395656742647379,0.004786577037398829,0.001982105964588222,0.004949037703350853,0.0024168443796085464,0.008054202004189466,0.009199226084955268,0.013587262581310012,0.0018024034010434822,0.0025494972864597188,0.0006472910332601288,0.002309875155027609,0.0016942104502676075,0.0021808316703400147,0.0030745343902201052,0.002241681013202894,0.0022251024422552577,0.001808624790131013,0.004300773249242225,0.0031634958353666527,0.004372921251678573,0.00263687991047919,0.003148394722811485,0.002877409254126173,0.00470267002810736,0.002266323221184508,0.001680527201399058,0.0025536791898454854,0.00715275462220628,0.00770108057810348,0.001991822285473329,0.004267023633750541,0.0028524602158881305,0.002579852157425031,0.0024781222195241572,0.0034365923504608067,0.005438416970455507,0.0041650369187150186,0.0043654366484964825,0.0025314348367559657,0.00396472331794319,0.0029447317888253582,0.0027204810438578495,0.0020798747343136344,0.002858314372775519,0.0038170811440811376,0.004243424674229409,0.003166539100312002,0.003691687917923405,0.002155810843774518,0.002940642933248435,0.005537023881236547,0.011372435291499023,0.003422649021278908,0.0018771290306600292,0.0036698616150065214,0.004436726956541466,0.0030570472968745512,0.0028506308480875375,0.002742264511258998,0.0038678427864725965,0.0032528392152127088,0.002932042012787306,0.0016063349510878923,0.0041915732911202794,0.003184722678519231,0.009413338037935034,0.0019800245566486147,0.0036768368478893657,0.008506161185882448,0.007081596360926423,0.0021549599181203403,0.002809471747831402,0.0017143661234173594,0.0024480388183474723,0.005785179393275765,0.003028699193425044
3664,0.00469401933753506,0.0041402602216456166,0.00475328677828955,0.005320905570983078,0.0030458246195314226,0.004278075946183635,0.0065162348757588084,0.002651077792863443,0.0029500212133020415,0.004841459874077719,0.0020116032404332205,0.002534026413346469,0.00550773568347323,0.0023583298690327543,0.004544186319339528,0.0029842180636233937,0.0032788380193907404,0.0034527765549475266,0.0016383037479509545,0.0041988178212713665,0.0034333104756867545,0.002684924929877097,0.006226458040900583,0.003423618368979274,0.0011167169710725373,0.0035295388642996237,0.00425029257724546,0.0016684560250718214,0.005237953791409796,0.0025831647197444704,0.007881117454311812,0.008877117043051223,0.014112032087601476,0.0017986333617093565,0.0027598570156295355,0.000721558412345848,0.0024355653360037537,0.0018649507159232196,0.0022557395661365913,0.0030765814099339836,0.00260831714147373,0.002233481385987937,0.0019295772233989558,0.004840920989957688,0.002959926053826571,0.006566862061666179,0.002820019085893549,0.0036597692496939337,0.003469955222135019,0.0031649365397135414,0.0023839329275106547,0.0017964124841603171,0.001933118740709561,0.007078195088415636,0.009131202024944236,0.0019806237146142614,0.004509068316640507,0.0025345224800458173,0.00281136592913937,0.0026105443279559413,0.0036738582089214204,0.005377901294588321,0.004423134654721505,0.004400217558363323,0.0027827210932355544,0.0040939964730632265,0.002787164256698942,0.00277563902140932,0.0020692348327978325,0.002944300345858909,0.0038025595917416427,0.004462719865162003,0.0029956355037501882,0.0036409158352789786,0.0020456079536424433,0.003054214643781316,0.005855400721681945,0.01147335403333535,0.0033847721562817825,0.0026122932511311713,0.003915942366731147,0.004409014322209957,0.0028331792256915053,0.002720537586572742,0.002591524816686208,0.0037948530582797573,0.0032727118981985648,0.0031805974854839086,0.00154897004748934,0.004275306698235114,0.0032074968756626377,0.00953775772842604,0.0022540185446954784,0.003421646865042944,0.008057119464386142,0.007081596360926423,0.0023273844028606702,0.0028636211852875832,0.0016974853683045536,0.0027821123165663836,0.005796393085680785,0.003517527187948235
3665,0.004925146919192817,0.004883651929894758,0.005493531416154399,0.006442326560178678,0.003252794452460588,0.004507558390258032,0.006045128275965437,0.002564606510261145,0.002784950922472097,0.005240387732884369,0.002186967960389449,0.0027386475419918575,0.006213730175441268,0.0027393078491278868,0.005409583293638613,0.004228815155932879,0.003139855097028101,0.003642873996972785,0.0019085528315296344,0.004038164081551805,0.0034369334547215712,0.0026623843355722226,0.0064642750127693535,0.0035675736598581335,0.0011721512678386332,0.002661059287928789,0.005456702261762772,0.0018683354676477118,0.00523554837002805,0.002610092060371355,0.008195419130236165,0.010574255936691819,0.014026032507436975,0.0017730803978179238,0.002879966446762907,0.0007479152671835081,0.002526910080566669,0.002152400257465485,0.002260597344072415,0.0036106761923063732,0.0025189525871197886,0.002582462184180737,0.002102136519662574,0.004965046609349716,0.0030526039467312126,0.002814879961538293,0.0029036142486111335,0.003113141829986992,0.002967495775123396,0.003372092468899611,0.0029002404453076225,0.001725815341711373,0.002679657831621705,0.007253317500576881,0.00945544789307679,0.001921725573959204,0.0048416932648567956,0.002566747325641994,0.003609971757336105,0.002693413985396781,0.003887946575850936,0.005339756089328292,0.004260900723521278,0.004322403675452112,0.00278684163146425,0.004309553663668744,0.0026172762327802248,0.002714030384450245,0.0019089704453508888,0.0025059159054767223,0.002721865043065756,0.004725809208135849,0.0034388978117311005,0.0039984544019374,0.002516109993291607,0.0033415725663999978,0.007801491740886836,0.01203097742461693,0.003537953457936515,0.0030531147480503742,0.0032844491834496514,0.004439444992575039,0.002889607674918596,0.002734119500014895,0.002981006139362551,0.0043042006267226315,0.0036090955943002775,0.0031855818289482562,0.0012556154102960056,0.00413527536392756,0.003319073089576145,0.010292718583670814,0.0021812098004803447,0.004193961624443907,0.008012052014850578,0.007456097463882659,0.002324314794028709,0.002976770368382972,0.0020409779896237057,0.0026458610289372625,0.005437603720822399,0.00420329302918131
3666,0.005473683940654413,0.004967739959311331,0.0052837238902372925,0.0066788721502314755,0.0035507355263920018,0.004472111672773044,0.005973693208705674,0.0027116325787236934,0.002822997813919573,0.004788510291339293,0.0025162100949653633,0.002440432113810754,0.00599933604483245,0.0028945427104061904,0.005000893682018739,0.003828410614284895,0.003410161843321691,0.003860086231844251,0.0019466269746249278,0.004710223082318036,0.0033543210003837334,0.002570798249650105,0.00635433721311958,0.0024582363002060084,0.001172694330969682,0.0027142078662024238,0.005090788939717583,0.0023080078952577143,0.0044488503038667545,0.0028515920622761344,0.008675177618924468,0.010758406190358212,0.01516728084982101,0.0017755489223031534,0.0029204481817736534,0.0007344473983700878,0.002579806269715175,0.0018092830820182946,0.0027609174422303863,0.00274673202066023,0.002485986027713424,0.003039308229855619,0.00195694096768276,0.004315059647511379,0.004153590309936975,0.002993425008345055,0.002879106152321053,0.0032359261139081434,0.004035104194614977,0.0037301327183595022,0.0029905660371164792,0.0021701057108093,0.0025135546770127942,0.007430200604091635,0.009679188962167833,0.0020208600858218906,0.005440953320232379,0.003211432773993587,0.0036421224073953885,0.002765181107741968,0.0045087894129353335,0.005576066841810398,0.005332538240891059,0.005134470750280054,0.002847147485259197,0.004771823707169415,0.003552945038572115,0.0026896392949372766,0.0018308984521153069,0.0027286979344413056,0.004708695445084725,0.004620769296654778,0.003533847714866497,0.004732830079705928,0.002607585735569102,0.0032474543305901615,0.007055353504925855,0.011324461632574874,0.003914077327262512,0.0026805901493904866,0.004062411500800389,0.005492120149065925,0.0029296330788649494,0.003048208252517122,0.0036336087301567987,0.004263489559128867,0.0037400339092315844,0.0031347800804928582,0.001221471853402956,0.004214218974193143,0.0030574806227834333,0.009733064103567805,0.002323299038785318,0.004836179318976,0.008922093134142906,0.007538912061363627,0.0024284530927807697,0.003248799129323584,0.0019899266440909554,0.002772006110952172,0.005615403656564225,0.005071576096073512
3667,0.004640176694789074,0.004911459390839588,0.005333463191340064,0.005919078031802094,0.0035063111735484783,0.004592390486444311,0.007233792830588507,0.002881045021503066,0.0032319249258736756,0.004925302894306299,0.0021982803820671925,0.0026783459686075665,0.005795815009906027,0.002420981021525158,0.004466531592014793,0.003510124902689416,0.003449934212176043,0.003823284449333553,0.0018258457312313753,0.004194190054408444,0.0027797261156661127,0.0025431003092354827,0.007118146080966972,0.002713304460971194,0.001163991578304956,0.0033094783197752933,0.004347813243701317,0.0020624951548499347,0.00453619364250778,0.0026148349226926076,0.008360583559656914,0.011229501457124515,0.012958999260319721,0.001833517579035296,0.0031403353737184843,0.0007251549942004718,0.0029169624130395908,0.002226265098504768,0.002636061228845034,0.00260473626961097,0.00229503337426941,0.0025638395112382376,0.0019406938987691375,0.004236681620716188,0.003262474794097592,0.0028591782394052083,0.0027526150069737926,0.003205317179052445,0.00334642193766821,0.00379141439075683,0.002766813745014036,0.0018519321954666437,0.0027124694293922174,0.007387788424419749,0.00782124765025179,0.0018403499916831497,0.005868852747854889,0.003041831241587562,0.0031524731203954486,0.0024904504558606612,0.003275831559007254,0.00546942448275861,0.004500044880687084,0.004976538570184676,0.0031856951392304042,0.004118662306401877,0.002486373245149777,0.0025260842274672404,0.0018639148636554316,0.002715502723987927,0.004034551459218144,0.004245599225226366,0.003700181492021821,0.004203076229631926,0.0025152565611573268,0.0032540571889650175,0.0064342527487626705,0.010811043220975156,0.0033794222093374068,0.0020664511811343237,0.0028262267046250972,0.0049824681313030625,0.0030114039332115863,0.0030452071677333865,0.0032894971807756186,0.004266279948298092,0.0035422189659061977,0.0034046695693084822,0.0014931246666875448,0.0039967572756507514,0.0028841225724935194,0.009917030906595884,0.0022937596307911,0.004530396812464972,0.007795269691836338,0.007647490403842678,0.0025393730122976756,0.003033357232181354,0.0018734459953413374,0.0025659396543069573,0.005838302213414885,0.0034864146804892537
3668,0.005667506588578952,0.004347336066986783,0.005191878756339264,0.005292717544169041,0.002852816029188614,0.00484435554035861,0.006310839194967873,0.002399516642758005,0.0030976801659977223,0.0045221686829631964,0.0023956843096599274,0.0035157411207653697,0.005369524178725025,0.0030641754042287305,0.0033745425201454483,0.0035140778951780697,0.0031369646317565515,0.0038132410991286677,0.0022792269386611155,0.005979946935817422,0.003359120057051955,0.002604746048432116,0.0068629425628288524,0.0019237533248160114,0.0011877650901630918,0.004076919975044938,0.004938078816894493,0.0022075431154839993,0.0038027035041416518,0.002913063468556031,0.007990340738587136,0.00928888680974174,0.013038993339296012,0.0022822769442237094,0.0023763703411298193,0.0008745441279290484,0.0024160259658069193,0.0016483289744232306,0.0026551189054373372,0.0027891080443742146,0.0022213448920554444,0.002111010780336123,0.0021970704141038057,0.0035765554654930156,0.0034986268907508805,0.004462773908863377,0.0031728523683944407,0.003277909096270536,0.0029873508544163057,0.004301011126055575,0.002966782025506644,0.0016340356512444393,0.0027133868418413886,0.006273627147835851,0.008183647658701082,0.0019667573297324163,0.00515511833959229,0.0027830157399735423,0.003519192251260844,0.0030427986751069545,0.0034086544545732685,0.005609067851015673,0.004609243457680991,0.0038701278450957604,0.0033040472368694737,0.0037988921471512694,0.0029959994781993283,0.0029828261188807664,0.0020653751891011474,0.004465364304201489,0.004528386919425232,0.00487920026692586,0.0027199697198969754,0.004623914685909823,0.002023877940229915,0.003158056016457714,0.005542817889964039,0.010977714012984278,0.0038412784654808705,0.0028616771471486556,0.003600717862813667,0.0051415903812474795,0.0037841812194141745,0.0029076783770470736,0.003131640224279566,0.00407027804681537,0.0029736926047558535,0.002844558934171768,0.0016346271385773133,0.004270501966810901,0.0032795807827058197,0.008354444303097378,0.002839620571343033,0.003972998104375108,0.0093627009850991,0.007224144837111174,0.0023645421965219128,0.0033072058733180213,0.0016180443099016765,0.0026411832996378988,0.005057401173874904,0.0035657835796434217
3669,0.005585531271289209,0.00449337941318554,0.005525485071478725,0.007203225233061238,0.002987402280840928,0.0052633004939905675,0.007247747357743946,0.0024439189578850866,0.0030848588240199766,0.004836795794661574,0.0022991063233264407,0.003895746021037958,0.004975246179131029,0.003038454670313244,0.0029145410150678967,0.0036616270805916967,0.003049076986263542,0.004115652337767474,0.002283819138906905,0.006063671024542522,0.0042026313757708295,0.0025343233613239423,0.008242200620848066,0.0022389979133682204,0.001281707011071343,0.0037636374145665424,0.004336686766474244,0.002320056570987794,0.004780646154955306,0.0033384486230127897,0.010491396951849391,0.010344353360061074,0.012991610082648479,0.002338785635358853,0.0027059400002889963,0.0008547914852713493,0.0023223273951997743,0.001601802079385658,0.0031307989519096307,0.002338406272364016,0.0024773210049759513,0.0012136878847871556,0.0023759172100984516,0.003981892817659494,0.003483578800288787,0.0059451358097055785,0.003085000096435517,0.0026253415469465694,0.002800500644711763,0.004575184594840097,0.0028293671117876028,0.0016895710709348164,0.0026816099694856074,0.00679990974674734,0.00742721031598057,0.002482957158441083,0.005403021539896893,0.0030588069347799087,0.002887367665330857,0.002734405493406542,0.00393280260321733,0.005311937706501901,0.0041738817615131285,0.003863114961978467,0.004201367327275581,0.003915836216716156,0.003420675761545267,0.0023182953212268174,0.0025428208272266395,0.003605408118474837,0.004081961439515204,0.004601682545756101,0.004023498761678895,0.004219474860647723,0.002177122237453016,0.003435481412117261,0.006288690764334031,0.010695065798265008,0.0032859832874030446,0.0029618535903628554,0.003973145317562012,0.006103017179827208,0.0036073197120792357,0.002908271155316786,0.003047521011208588,0.004401776369969179,0.0030517269936084735,0.0029654037850419005,0.0017243308794837244,0.005884569978519368,0.0034792712869989454,0.008670887543835996,0.0026508257315541457,0.004212966717216119,0.007556974839735734,0.007205912205655932,0.0026064161151760044,0.0028504302224217925,0.0018981837711561677,0.0030240042993026285,0.0061588781383061595,0.003698768186629804
3670,0.005302575611960952,0.004114756588293287,0.005170443964605795,0.006900674416294139,0.0027259459869870286,0.006597862839955341,0.007308451215588003,0.003560996016003759,0.002777004700170231,0.004919538483155345,0.0020809278403835303,0.0028686610951606634,0.005836380305382095,0.003023917289263371,0.0033786648165828517,0.00359325024167094,0.0038020373812111116,0.0037399416667029998,0.0020711155570356456,0.0059263591663035005,0.003498280356565167,0.0024076251070408346,0.008873112510150907,0.0021591479645733944,0.0012408765431885429,0.0032477363197423643,0.004485602533941498,0.0021075414991444056,0.004698385558150695,0.003072686140344263,0.007891607292522895,0.01011706773416906,0.01154635008429403,0.002663323299338705,0.0026254260875289972,0.0008722039966216966,0.0020909819029940827,0.0017114542652864504,0.0023115479868150188,0.00223589062414711,0.002452222749494951,0.0018932723373951054,0.001640058861069209,0.004547601438368012,0.0031779117688728003,0.006978404332655458,0.00288003997327298,0.003019974071751573,0.002510550899168763,0.003515501633310071,0.00282792316606114,0.0014483360329863863,0.0023802972436274402,0.007531925953198485,0.007654246780312404,0.0019770270618894963,0.004939117443756433,0.0029972972177016756,0.00249453908017053,0.002903747590609231,0.003046451177875302,0.005769588513606239,0.004316621739034837,0.003773603884884401,0.0033896559728296806,0.0037307756478722367,0.002603554774425773,0.0022802451008645222,0.00213695525287296,0.003519870035440728,0.005847008521664124,0.004596364045275059,0.00428527793219947,0.004308110808621323,0.002198381195149771,0.0032007872021497376,0.006030498754132762,0.01137995836667549,0.00323091897862538,0.002704473671794055,0.003720451916758272,0.006178706836645123,0.0033063077839859166,0.0030894206194843118,0.002787099706591821,0.0037759969270333457,0.0033418280399047885,0.0030300564443122816,0.0015772505360381595,0.0050086666552774965,0.003156539926956812,0.009104034755228847,0.0022393014273613325,0.003635166993037635,0.007958880160895496,0.0076881597734761485,0.0023553825915423178,0.003733140365116386,0.0016789115368707318,0.00252520578245338,0.006313346251718757,0.002889984383003909
3671,0.004887856426925122,0.0032839134818069948,0.00486534456681984,0.0055727119326337265,0.0028723632268886517,0.004274030244017895,0.0067150649391812915,0.0025940327349725134,0.0029750388550916383,0.005594547994418877,0.002270876533934661,0.0026413144503883643,0.005444756424917205,0.002072710124362715,0.0038365345625451935,0.0034998245954290922,0.0036122028089308387,0.0034482729183288735,0.002452741039795537,0.005324672265655417,0.003237457175263682,0.002452549954880234,0.005704623123265906,0.0020457511422360334,0.0012537633111547814,0.0029613083331064085,0.003963876005098179,0.0020116405124579193,0.003829149030452897,0.002900115975837954,0.007903914344788638,0.009802506629668436,0.012427993835940647,0.0022017473335875937,0.0025128310168458213,0.0008296992467262338,0.001974096324129866,0.001858226491828242,0.002113217597885621,0.0021859822534718077,0.002000138557305826,0.0019458935950341383,0.0018068589709363543,0.003789321512040122,0.002715880266201968,0.004269554637017514,0.002588202838465371,0.003237628425921893,0.0025092531748401804,0.0028347095723606484,0.0023318297820748867,0.0014634767259105019,0.002559127553293577,0.007046146832487846,0.007215756052483321,0.001885632337778507,0.004869543386455247,0.0027879530117124406,0.002195114666899858,0.002578041281039165,0.002967649921764615,0.005428038003131126,0.004430439394874229,0.0036949790199168604,0.0026199488521239664,0.0037080725357316814,0.002608409167291737,0.0019952634723034847,0.0019890591153925736,0.0026650144167456175,0.003899071036867899,0.005216589849598537,0.0037608772477186474,0.0032799944419875005,0.0021509631873206326,0.0029765172934263,0.005907678068956348,0.010912958110422338,0.003361919130385823,0.002200141103383208,0.0029421074248932957,0.005781912115236121,0.003240812553004836,0.00290958853178484,0.002971881071681307,0.004152545647334945,0.0032528203964274664,0.0034162545430021754,0.0014730064561728163,0.003622882176775654,0.0027966803046106047,0.009123614457985528,0.0020661918404727727,0.0026283756459833454,0.008515954020174205,0.0070746289837454075,0.0022800305368676976,0.0030072708863674276,0.001745211746608758,0.0026877901670584467,0.005804377987150385,0.0031353691960823707
3672,0.005159674887637641,0.003383363586094668,0.004792017416229204,0.0053174298757542445,0.0026513369508780376,0.004358114740793165,0.006567951807446769,0.0023364593856631992,0.0027216350354309646,0.005442590924846069,0.0020686401209873083,0.002609504835452653,0.005400966459001253,0.002285795797955733,0.0035489507392795117,0.003236306023238782,0.0036306324005939655,0.0034166580218990992,0.0019578327794496438,0.004132942525709255,0.0032728278163020865,0.0028562778231670206,0.006572161099733448,0.002414389898489316,0.0011830084417294314,0.0025767529354838717,0.004025489145281872,0.001811552677340957,0.003729496011614136,0.0036989761548285403,0.008114695291261414,0.008887050622493006,0.013226351554896992,0.0023835412728172535,0.0025553531289675482,0.0008499097871546737,0.0020302083769373077,0.0018881021179331682,0.002461151210237353,0.0023522214822287424,0.002030629048953426,0.002057821909095823,0.0018515547081269044,0.0038899939434525904,0.004527637653907166,0.004238451159596391,0.002593723983896453,0.0034829830996465196,0.003047208665785994,0.004105700552030955,0.0028174871083405475,0.0016610425545940982,0.0026346184828103885,0.006968049735156246,0.007161231386030566,0.0018475518086208222,0.004674517851933381,0.002979162339124882,0.002240077964114128,0.0032343802579521052,0.003120550198303933,0.005292441354367139,0.0029860418023523404,0.0038000168675591346,0.0027544563341765083,0.003736181103495686,0.002647633997135744,0.002296207399096371,0.001936802997475059,0.0027701801880002,0.004297883141915287,0.00552242103728461,0.0037035845623501033,0.002946056051760725,0.0021127586157550235,0.0034734038865773973,0.005931789309542507,0.01135435735427459,0.0036406938138154083,0.0023854038115235913,0.0031339569679943325,0.005374172549439307,0.003321233835843416,0.0026900791080465784,0.0029864290920459577,0.0040712140562514584,0.003117794852542943,0.00338641695422232,0.0016157406884883185,0.003439821064921851,0.003095497853969308,0.00929551697794975,0.002533850727144218,0.0027457856528705486,0.007798184401980833,0.0071926202906506965,0.0019265065817530495,0.0028413049546962355,0.0017555740755788446,0.0027719620720589935,0.005775189160754167,0.004178483637228074
3673,0.004343025884808027,0.004436238951779669,0.004879267016692719,0.005103015653614464,0.0026796793763695314,0.004198083263978903,0.007326114400756391,0.0023862492563146297,0.0028071970119431873,0.0055823505155880165,0.001965701883877147,0.002309942494715465,0.005095430344468217,0.0023693515968780726,0.004199450658363986,0.0032327469398381564,0.003643409251440452,0.0033422586538059884,0.0017669580103583115,0.004664281796748541,0.002588316973060329,0.002195662662915713,0.00637780452183667,0.002209812482860137,0.001020608981241217,0.0026409649676354626,0.004144463364802103,0.0017282225699858933,0.004250922895024236,0.0027661502786191596,0.006049318547090368,0.010271051994094105,0.012416157540247367,0.0018945912348524532,0.0021537485366153646,0.0007736530524021849,0.002169544991051781,0.0016720861039488779,0.0022667553744488617,0.0022532143784729677,0.0020434566478021083,0.0020344090133648605,0.001850850310416641,0.003999692802565714,0.002844476420812785,0.005872364667332493,0.002448939361560584,0.003159110407057709,0.0023506447383716085,0.0029001041759298104,0.00258648347019504,0.0015448499561523683,0.0024200700566169857,0.006887213143897585,0.00745463300416066,0.0018395559738025949,0.0049930480054697895,0.0026345415093818048,0.00240936747510812,0.0026867832401902027,0.0024438514639380793,0.005301050852130153,0.003287564961043218,0.00448346618372113,0.0031576359659521275,0.004137295576747384,0.002479346514317149,0.002574634432463525,0.0017906755480580749,0.002304079183241934,0.004029553045736235,0.005611075436962927,0.003501404407499212,0.0037204505314364996,0.0022227481811345757,0.0033168396765713266,0.005588710148486049,0.011275715529959327,0.0037634471715641124,0.0024434371943429655,0.003244387681715937,0.004727825547524522,0.003011458779105733,0.002928948214224428,0.002621039410304639,0.00416386208913445,0.0029438209290705585,0.0033190751717972608,0.0015229337750610223,0.003507246189896426,0.003007665431464001,0.010673899322447581,0.0018455662811219659,0.0025456466059133815,0.008295264135108374,0.00706219410115998,0.0020173936862685404,0.0028410933185296704,0.001729227143293088,0.0024128230793309005,0.0056760807582057855,0.0026948131471294504
3674,0.004681349286098263,0.004037203982886674,0.004849723637095206,0.006247815985002377,0.0028541204276674274,0.004311641095498116,0.005667945616626514,0.0024922890385059163,0.002923426307593298,0.005713688169933752,0.0021193827523889263,0.004167100785622007,0.005456683063469458,0.0021453120489082077,0.0026640107402481415,0.004516134961808971,0.003415581522819375,0.003402384759373188,0.0017935778615224068,0.005397077921349971,0.0034521147369857685,0.0023521216867471236,0.005729771680663393,0.0019232026943552852,0.0011829276410426676,0.0031098205994330255,0.004538426562978281,0.0016634210985495526,0.005761514162708612,0.0023265709025713155,0.005422520742729585,0.010028275670590612,0.012653304288088472,0.001874823713800673,0.0023544386975096914,0.0007722774707955969,0.001981945698675972,0.0017136781163187044,0.002096803503218575,0.002389796356563622,0.002259407009859438,0.0018728416850176794,0.0023925169121143753,0.004680507757765612,0.003140530128350384,0.005701453644120368,0.003235174416997575,0.003453596504843438,0.0026330762526983954,0.004201674679027946,0.002471909679896905,0.00192940503828583,0.0025934412655563106,0.0067026772323995724,0.007005189210739662,0.0020258648568221194,0.005257728984674794,0.002628466799133923,0.00278869537790451,0.002312107260250091,0.002824308438258306,0.005382829416424799,0.004440584538120395,0.0042027698980872915,0.0027818674303850886,0.0045111561967142435,0.0028143772797936785,0.0030220720995845184,0.001874873664200404,0.002668216935496296,0.003948735108386782,0.005136096392411423,0.0030301986408427053,0.003861434288408811,0.002063235360202015,0.0029944780819646235,0.005719245906763267,0.011467029581847678,0.0036805419462603026,0.002720024087442148,0.002550046769790076,0.004602196932498396,0.0030001742964078032,0.003092463162029794,0.0027311683299429007,0.00413494719422707,0.0035923685695532764,0.0033499234896537224,0.0015027867792435415,0.0035750898149760828,0.003053052020948408,0.010576403830332108,0.0019875083514571,0.002848664106604542,0.009322333056817154,0.007131281264677942,0.002805945939564523,0.003540206388018377,0.0017991818815509852,0.002760718165052793,0.005710388031429245,0.0030777329279528653
3675,0.004588648445845062,0.003621210498505854,0.0048493217033905274,0.005969263373184952,0.0031688774363488217,0.0039205829883953375,0.0068689367463337534,0.002748276506332638,0.0032313259472760967,0.0057826773183325434,0.0023382256743273485,0.0022654213449281296,0.00485632558805049,0.002150480779565606,0.0038571909100375266,0.003494320028827596,0.0034934598164079824,0.003328118055987618,0.0027493216834174536,0.005338964832233945,0.0029017900124003937,0.00261188522177943,0.011717165763157613,0.0025637310111459254,0.0012409680464120962,0.003621428615367164,0.004391820605757325,0.0020786872935769324,0.0036754307783620184,0.003106571022602922,0.006705986293613734,0.010636560599177362,0.015217459173093988,0.00257553165215186,0.00207533161446095,0.000809156213525256,0.00235104639519582,0.001872574781410791,0.0020306525012055545,0.0022537780233369996,0.0018007370935939058,0.0017349192314492304,0.001926123154085221,0.004066957747619777,0.004591420756568457,0.006337625741489767,0.0029058331179856465,0.0028914725262217528,0.0027301278747017105,0.004397428570272948,0.002744922445620598,0.001789935500836325,0.0023063250586857972,0.006806769623424439,0.007753135443585816,0.0015311932347716554,0.004255748893087352,0.002995524084202505,0.0028861973649829432,0.0027637532725184946,0.002738043095934754,0.0052993944043275825,0.0043229330114174696,0.0039618916709428485,0.0028480260432228598,0.0034706770661474514,0.0034177628777324405,0.0024187349938827336,0.0021711182347658974,0.0037682791904342554,0.0038566973056480065,0.004907334617541531,0.003260504161872297,0.0033788760543677606,0.0024624553463160237,0.0028590147186027494,0.005191605699495373,0.01197427819580045,0.003652072961070585,0.002867021498930829,0.0033858779967874835,0.007127622387338953,0.0033778407447819544,0.0032079974963535323,0.0026995614189318554,0.004024801709051586,0.002598080057485573,0.00299613786846463,0.0014829777654616534,0.0038194787176623417,0.0032255458372171123,0.009663462751826798,0.0021927288199441565,0.0031087247107895823,0.008459875619528977,0.007002593109047685,0.0026633925565132115,0.0029941883866123832,0.0019689281291226045,0.0033632563681358285,0.0046553811234827875,0.004093363963260479
3676,0.005063906787004858,0.004624814716483759,0.004783033139175679,0.005534564593092389,0.003142901236675687,0.004623283911295351,0.00677042006839871,0.002453731719754702,0.003097537244251639,0.004904485254143523,0.0027316549408675523,0.003782034577408211,0.005269062773069626,0.0030580793327813893,0.0041236206129738814,0.003575992432762277,0.002951004822141146,0.0034261610212059004,0.0026064639215052786,0.0048346053202319925,0.003105817263751158,0.0023838980044866105,0.008354553366663417,0.0036844678314962398,0.001218050957262266,0.0035090509912291488,0.0046109068181679055,0.0020171655228857733,0.0039104975410433306,0.002782187096121269,0.007232800403434679,0.010375749849106717,0.011967117636844141,0.0023659394603979906,0.002696317003673722,0.0007535899291890919,0.0022910947805893722,0.0015395106903002033,0.0021151896144403974,0.0024468713660588605,0.0019219482812548336,0.0018076180038920802,0.0019044827853758768,0.0037294646231024863,0.0034109771404160776,0.0055349529642730625,0.003294238711888924,0.003068472454816401,0.0024392042651598562,0.004194583290828563,0.0029830358570640597,0.0017488416698154562,0.002581892043825561,0.0068213668770395215,0.007147383456039885,0.0018752187352904597,0.004939828685068103,0.002963405881675845,0.003021540655612655,0.002658558445708455,0.0022511140593654967,0.005433854947014614,0.004045959373693009,0.00407479421609499,0.0029377271250854544,0.00386001520316557,0.002621943407094105,0.002520659024475408,0.0018613730747814258,0.0037943140158665702,0.004086411614489087,0.003801590710706446,0.0032729406647106635,0.003120600418956397,0.002429346354565284,0.0029919370500902714,0.004958854192615284,0.01191968615892019,0.003308248728841879,0.0027720425639593824,0.0034802108437164804,0.0075061047056905,0.0036692124144353713,0.003349228446765438,0.0026600520413458052,0.004000696953467553,0.003194644253779076,0.0030597561631044994,0.0015709167009733984,0.003794523669300644,0.0032375652137162504,0.009282733087188402,0.0020059298367608525,0.004133471003234087,0.007617176331321894,0.006972315118105557,0.002403689833478972,0.003708138417981062,0.0018045147256141086,0.0029928883591299137,0.005551751734892239,0.0045715163936741274
3677,0.0046776414232764605,0.004293910145922799,0.0048345785824490065,0.005956651488620553,0.0030766248760279637,0.004180328928656987,0.00624203376249659,0.0024627717896383286,0.003489574200561688,0.004764422937188906,0.0026025868966722686,0.003513290057345483,0.005636420861996568,0.0026888243293174694,0.003425692998168883,0.003650919205227012,0.004076851708389716,0.00315303287689147,0.002548915462529671,0.005765208641996222,0.002799960471877297,0.002410140400063375,0.008998074489803743,0.0031083825284089995,0.0012076293708849365,0.0030186244455042617,0.006525794615327872,0.001942770533842315,0.0038767254648136946,0.0029510764833494242,0.006915477932398029,0.009360689417562233,0.013201421923519342,0.0027026242146914866,0.0028097903282120885,0.0006831895649475424,0.0022765505031490723,0.0016169816250326773,0.002085259345924638,0.0027180948185118437,0.002158946053440818,0.0019719985049151557,0.0016932964225916285,0.004696953200140972,0.002943366267844512,0.007884886073779058,0.0026106192580173594,0.0031423804488843114,0.0028708082897728397,0.003431657066821696,0.002753060468576343,0.0014536778194193163,0.002094666338328931,0.0070062709732170115,0.0072172253265739604,0.001712046967237785,0.004423293531597833,0.0026182689208721307,0.0030028787046046416,0.0024322717147085547,0.002234138788510318,0.005565008672148923,0.0038292830252392327,0.004156123224209899,0.0028469221479137004,0.00403566986751004,0.003360880154143729,0.002447787624714179,0.0020846168350747685,0.003926254179601254,0.004370283584897128,0.0037777836526427908,0.003130095619156032,0.0036482501198699573,0.002333250390367479,0.0030876067525461926,0.005329261265296977,0.010738300563917204,0.0034487289975347764,0.0025899727064118334,0.003440238967030015,0.006764568895709128,0.003212334487269679,0.003283920839901312,0.002676185686987978,0.003198689255081999,0.002830165867956432,0.0028645118502424708,0.0014421750659102653,0.003684952634727833,0.0028405151170949453,0.008980020858559166,0.0017569277820313669,0.0036205482418831384,0.008380795969634017,0.006975102951438091,0.0021882847144285406,0.0027173632109604154,0.0017612763934107523,0.002520457832311432,0.005740127367387841,0.002808320589403115
3678,0.004361256149980445,0.0037742183236652727,0.0051331605221463066,0.00583209062934781,0.003087144869267179,0.0040586759309871115,0.005986917999042643,0.0027326825720564796,0.002960821809105258,0.005147361917669504,0.002498532843976964,0.002665517588865422,0.005928710051777129,0.002650880798697073,0.0042293807802263154,0.003516718433496618,0.003845793952802869,0.0034689275156918613,0.0022531494620684194,0.00417214093427655,0.003342707895876129,0.0021609192281099882,0.0065004104514254,0.0026422034439414904,0.0011570462811901115,0.0028138735602055973,0.004579748645405149,0.0016890838943194218,0.0038926057618609983,0.002614596295781234,0.007702516877109717,0.009365511160614489,0.013580126836021236,0.0020323119891876127,0.0024372959820315333,0.0006816136584964303,0.0021813503140384258,0.0019329034713105122,0.0021766074411342,0.002702779483923652,0.0020550219469650122,0.0019541872042176155,0.001741776314553439,0.0034382719470232273,0.0030269918912544744,0.004523122560352799,0.002838109160467332,0.0030288978316363327,0.0027058216509762653,0.0036546964018455926,0.002726094218854709,0.0016663372578466522,0.0021482314667644834,0.0070140037480878195,0.007246223095036524,0.0017361408323629543,0.004814538933123171,0.0027808109453017074,0.002730792074966965,0.002774720531024551,0.002769856254193581,0.0053407295089837395,0.0035284084632811663,0.004000511285603174,0.0025331868537835913,0.003787886676638134,0.0027712999685168688,0.0033253329167344504,0.0019093899165307374,0.003897029125034314,0.00444016204794705,0.003991679299752924,0.0030625225956050005,0.0031361861104111724,0.002288184010691911,0.003115119257428461,0.005454291582466239,0.011390946541532596,0.0035578511559596843,0.002398776653811894,0.003874010513896171,0.0052874474943066605,0.0031949212965477576,0.002958104957726982,0.002750125415653489,0.0037008383385981856,0.0026997203189183324,0.0029659139218372443,0.0015150621188584565,0.0035671465257067405,0.0031570299275672244,0.00959527377082332,0.002236474405680553,0.003218018109162978,0.007964279975359714,0.007115029489153874,0.0021643244736798007,0.0029789664912588396,0.0016903162605580399,0.002944137841637083,0.0054507640113350495,0.003959297626939281
3679,0.00418895033334934,0.0040217309503996004,0.005102522823557788,0.007964320012687518,0.0030131898859898226,0.0038765030116970052,0.0053555312816479465,0.0025489425384730663,0.0029308766759328603,0.005475990957483995,0.001964069387765488,0.0026882523914908666,0.006055594615001545,0.0036588194622115535,0.003949029515054065,0.0026866097182022025,0.0034373044553807344,0.003660845142918818,0.0018331065907435501,0.004267378627002772,0.0033122473963492463,0.002387415722865646,0.006015276648859998,0.0030104612623951853,0.0010635624379193443,0.0023114046378907207,0.004656182571304771,0.0019234629241304708,0.004088288558812098,0.0026792730375514305,0.00757725396199624,0.00900419068897804,0.014573011199616891,0.001955251064061585,0.0024753497370862848,0.0007506170903119253,0.002430578892427211,0.0017265554204226713,0.0022501480135639932,0.0021908759873010527,0.002093708698204433,0.0018355631369221413,0.0017447587920398013,0.0037769444682733437,0.0030011380175802285,0.0029888406329957426,0.003019943425080624,0.003458293935559356,0.002537146828471397,0.003146262334270239,0.0027495101022913986,0.0015885177674542846,0.0024025390883405345,0.006996927506070842,0.007369850559904206,0.0017364160307143273,0.005456750354295378,0.0027933384456334596,0.0026135655174447958,0.0024827771306031175,0.002775083521574186,0.005459042068430995,0.004158857698230259,0.004225415981743585,0.00239614980283849,0.0037902245646718813,0.0028001046681389325,0.003041749120611705,0.0020849382374624748,0.003003471736384411,0.00420071777570433,0.004195249610486747,0.002967777908929462,0.0033515868563031817,0.0026700561781966797,0.0031891442033854167,0.005687251482781208,0.011447580788178965,0.0037656417074742594,0.002430683909913701,0.0037118959684664123,0.004844340264563142,0.0030723007890170726,0.002769829906256992,0.00254281488899662,0.0038727131050609468,0.0027674817345078317,0.0031541729389988767,0.0013068048063893405,0.0036770444902079636,0.0030929342808026635,0.009611279671226224,0.0019362636556997336,0.0033482837230177855,0.008041169413026485,0.007134631708270696,0.0023117979445989208,0.0030074852773125955,0.0017193476299962652,0.0027125330511864514,0.0057731231022026,0.0029587840975948444
3680,0.004922940261088534,0.003661705342192189,0.0051498163255928936,0.008222836337787759,0.0030240112377235033,0.004479077593536876,0.0055669646157314205,0.0026462169403008062,0.0034602101861982973,0.0051968105612268676,0.002223884584075119,0.002718793674432875,0.0058116893929768924,0.003234693801202605,0.003741323661704828,0.003673352520918447,0.0035733919558902476,0.004023535021543978,0.0018212208839077058,0.004992365596454549,0.0035545435883658776,0.0023069342367898924,0.006076641125926871,0.00182494073353273,0.0011454821291866188,0.0033581596814517916,0.0041863718790840785,0.0021918892325278098,0.004724317181878077,0.0026137408841048052,0.008120355881344776,0.008997783877544732,0.01423946482273852,0.0019008456921783801,0.004251271283589349,0.0007263167384241996,0.002332823016282123,0.0020005871346112313,0.0024235138197493482,0.002178524769692447,0.0022559290577254154,0.0020361984371983326,0.0018926582098349228,0.004561096383894265,0.0032419382416625925,0.0032073520682454337,0.0032339518660198683,0.0035806559174742358,0.002659655143821943,0.003372072757898515,0.003398425352364738,0.0016076778546689247,0.0021637483595123705,0.007168468417435035,0.007518677737128081,0.001833177619628411,0.005496934752190483,0.002537276691821107,0.003720247561280786,0.0022331783112018774,0.003670600115046682,0.005449899929874596,0.004452733941506205,0.005010406213452853,0.002911172612573615,0.003951729927525635,0.0032001623883399304,0.0027326275513042736,0.002130654758427118,0.0025659699714220417,0.004511154453784965,0.005412306960544137,0.003740656810102388,0.004034371458270352,0.002445127106028408,0.0033080793792316216,0.005562326853996485,0.012694258293998477,0.003720690104569712,0.0024658427168000397,0.002613546388232474,0.004423915642631922,0.0030532293031365993,0.002984240306260803,0.002812762369416682,0.003904404463104119,0.0033208783371304297,0.0034144268713820845,0.001295095651911013,0.0028776128609428807,0.003038392349730727,0.009850262289550731,0.002207165595992383,0.0033672934864754757,0.007622395514968464,0.007127103228805797,0.0024102553147659234,0.0042141380875944864,0.0019159525489057814,0.0026272119948606305,0.005720704398598272,0.0035780664758633977
3681,0.004626085595303889,0.004123599649733628,0.004881623975434452,0.005548966669171476,0.0033087015940010587,0.004418750664808766,0.005846936146731485,0.0030405191800770763,0.0032041133933126725,0.005658222158218687,0.0019953785753403217,0.0034990464922329497,0.004827867666490078,0.0033152001282264385,0.003507026932164506,0.003784005610195635,0.0034689741837112095,0.003350231434061558,0.0020027892286465245,0.005081632799108272,0.0033918847735992454,0.0026370603544034737,0.006472563470708161,0.0025433498726356372,0.001189405102550384,0.0032603698824948224,0.003858002168731967,0.0020682632112900136,0.005616410810639101,0.0028626406257381254,0.007532986346903977,0.00893800688312839,0.013720640515511511,0.002076518084299745,0.0023611289899110473,0.0006672146936139349,0.002421060875535559,0.0017995224827049355,0.0025159506486727343,0.0023255059089238475,0.0020193252409861995,0.0019215726691608089,0.001931948852750483,0.00420513430072316,0.0033520170716165613,0.00572460179236691,0.0037357038488743037,0.00269637557516178,0.002587998846882152,0.004075020808353094,0.002935533812588183,0.0017028789083214605,0.002177367940369087,0.006785696650212565,0.007656140725465088,0.0017075974891162617,0.00526622544387762,0.0028059066602295524,0.0031985921397030825,0.002896625157834289,0.0036481208200524183,0.005350910408787944,0.004158515787009377,0.004313218114483915,0.0024606775581086666,0.0035113640557818747,0.0037610633757463436,0.002747603063303569,0.0020647354777501735,0.002434356781402655,0.004179776953229919,0.0048365627872495,0.003377030725549161,0.0035217128631149564,0.0027886688121103427,0.003595753381717982,0.00569606638152649,0.011216877004706607,0.0036466233083445767,0.0025412373777570245,0.003209365183644437,0.00541186143149014,0.0030626023445995227,0.0029666007523055002,0.00250892518107355,0.0037713688428102528,0.0026654310664646474,0.0030556153471543307,0.0014901200724134157,0.0037768696864871137,0.0034718453036037297,0.009619173883482582,0.0020665809653827223,0.0033314183810735235,0.008261519452380996,0.00691643085205512,0.002330707372616468,0.002826054274184223,0.0016888139136048846,0.0031325777960103884,0.005569982269008725,0.003975019785308503
3682,0.0049022102816702155,0.00409186382722084,0.00504672488619739,0.005931732274129589,0.002967893619651813,0.005009255839528295,0.006742926451351075,0.0028049913562503315,0.0032896997786855974,0.005454389958477805,0.002774042053846587,0.0036677202002855904,0.005011582392413109,0.0035164892501316214,0.003713209931172072,0.003410537906176897,0.003546518045063248,0.0035925091118947272,0.0019711550147058533,0.004753813853623393,0.0032363506361604948,0.004523409184845266,0.006538729856666338,0.0023152445911089046,0.0011375856194082105,0.0037075279983206696,0.004085091022338195,0.0020638574887105474,0.004206880160425899,0.002878009706256598,0.008089922842697184,0.009506167018351441,0.012935015057481498,0.0024021921121760155,0.0025821771042099577,0.0007763213092771586,0.002719860297061212,0.0021301935301758926,0.002706374545098979,0.0022108919352074536,0.0020132689367234305,0.0017734631435086421,0.00191300830943753,0.0034950457350750633,0.003149139275980253,0.005804032814773123,0.0035788887841261565,0.0028244441097831498,0.002716365941120337,0.004107292440020258,0.0028943704934146232,0.0017435208319936816,0.002554566287199393,0.006978593369503929,0.007456034983561807,0.0016149935231218203,0.004901390389859043,0.0028652306097098124,0.0026018944600366147,0.002628981150900804,0.002989555055201144,0.0055087873535314014,0.003198497148231007,0.004781796032298872,0.003051128690026443,0.0036601694533305753,0.002540929759857815,0.002962706293496458,0.002131265896686215,0.0025428198852406937,0.004420157440223813,0.00450291079806559,0.0032276036548418005,0.00409498900142964,0.0022879104560015657,0.0034184291037549163,0.005904586474460104,0.011403732924896676,0.0034279585682405124,0.0032523379807144546,0.0031301807872463096,0.005307490511148634,0.0032231520864055368,0.003060558232020645,0.0031963100991355656,0.003818736428428409,0.002663691065705347,0.0029384396712563944,0.0014800715414303312,0.0036209378669562467,0.00304482226800749,0.009718780139151085,0.0019598188405837874,0.0031865563812289743,0.007586007886224408,0.007288661609611821,0.0022869288496503823,0.003472591823745164,0.0018481511460465268,0.00267837823595715,0.0056749516730963,0.003671824980025859
3683,0.004752100048930861,0.0035813063411586615,0.004871113133961994,0.0049395974650374855,0.003009899996585394,0.004308956706810063,0.007304916669206771,0.0024674768670691666,0.003349177529460932,0.005334199923742161,0.001925440929906957,0.003238896646600507,0.0055000198221163464,0.0030284536013709886,0.003263355745415952,0.0033178661009080745,0.003211885240552128,0.0034330785693438733,0.002169271350010264,0.005995351813040242,0.003377730310699683,0.002446351778477205,0.00679491052434125,0.001863671698069773,0.0011280904337762866,0.0029875257755104666,0.00389423052510723,0.0019621532827317017,0.0041568555707418115,0.0026007776892283357,0.008055746232208774,0.010526788634586984,0.012289943691737878,0.0025103873184702578,0.0029815464983082083,0.000828029674434284,0.0023683183513785793,0.002219190154183852,0.002024485869674367,0.0022566995160454664,0.001893091019384408,0.001887665850044885,0.0015479713177576823,0.0045546128295976965,0.0028459005319318564,0.008403443040562229,0.0025773301365045486,0.003113672167502317,0.0025596339724559096,0.0035699295293852955,0.003547659724989316,0.0015826090944886736,0.0020713247214852607,0.007121053540154394,0.007763244273518793,0.001781626641222331,0.00480113961745217,0.0026189382185677445,0.0026879253314252382,0.002688239173442299,0.0029617968678513334,0.0056336931088754975,0.004059059031159821,0.004088122772708529,0.0026957381193573066,0.004313040758425457,0.002608071860845052,0.0028988778988104404,0.0019446606207071254,0.0025235325748795925,0.003642935876552191,0.005189804886103401,0.0030772742701975176,0.003453704640884643,0.0021849444817745793,0.003206585087916734,0.005516377895654277,0.011236183794928516,0.003412605990704325,0.0028677336653034876,0.0032283636326928262,0.005166087313231279,0.0033306792882476116,0.002890891947535578,0.002839088696175288,0.0037268870251650874,0.0029099100359298905,0.002905141623047259,0.0014220899625857232,0.004095284640218995,0.002932008148705898,0.009279563357413605,0.0021826610146942617,0.004017707290634737,0.008129170518715083,0.007013763566891049,0.0021424850167903694,0.004126758007667737,0.001746024168878854,0.0025538675665890995,0.005631286933769751,0.0027958065632448
3684,0.005259529789614175,0.0035344223821778703,0.0047936315156333655,0.005277999177734685,0.003439981482346735,0.00452130248581304,0.006434255366592858,0.002552524575328262,0.003599431612858471,0.005717696690037551,0.002278679305212793,0.0032053443827326734,0.004823929420914731,0.003898278061064923,0.0037202256662860196,0.0032554555076802377,0.003496736244554196,0.00358259407650772,0.0034766724002521874,0.0045550350269968586,0.0035303134595611116,0.002623519108958834,0.005967163914675165,0.0035952536461807526,0.00118652141993891,0.003302129881408014,0.003861948863141486,0.002000452855854117,0.0038596019890569213,0.0031808156104450535,0.008103207277641793,0.010678091528975503,0.01301612406227688,0.0023671242770667835,0.002933047930452283,0.0008056226322154413,0.0023565310707997235,0.001934402826822415,0.0023899292781120645,0.0023547556521143855,0.0017966443877671233,0.0022683076329114886,0.0020562161861905404,0.004361057569254675,0.003959398911949305,0.007040452265063263,0.002723325987658752,0.0031728745985451887,0.0032269499618159015,0.004052293642592025,0.003107987612165336,0.0015138995842143685,0.002134874212729735,0.007000675962941596,0.0075700092370206504,0.001835454222314043,0.005047867351551791,0.0026168556482283377,0.00285509235431694,0.0024245060876519078,0.00331333604995024,0.005421901330946945,0.003407062714981089,0.0038354407812108498,0.002417554550884955,0.003671654890500997,0.0034000292976759006,0.0029570277591771553,0.0021850693436748455,0.0027912877750220413,0.003936023705872113,0.004915613104958961,0.00308861494693233,0.003345413814204971,0.0022198618996432102,0.0035099495656777707,0.005478039380886928,0.011667294141212096,0.003486073896932879,0.002773228059504323,0.003474993111432747,0.004734451020926085,0.0033623940074414727,0.0029328718546131807,0.003293981906908833,0.003775416299909507,0.0027618881598197513,0.0029783583398728295,0.0015736164062747035,0.0035422342392120378,0.0032447255882893243,0.009712417179796557,0.002268534083305321,0.004089382596770884,0.007943058145670123,0.007100958913021971,0.0021543852736015476,0.003067365173577985,0.0017141642911376203,0.002996481679104393,0.005770457879600233,0.004324587596186355
3685,0.005153778002094429,0.004814660261995176,0.0050703302797557165,0.005007049531121598,0.0026628101971713784,0.004890818887299601,0.006843041392585198,0.002524580883304812,0.0034884595195523367,0.005676599427794833,0.0022058080360696495,0.0024239410964354193,0.005321130530272604,0.0029037002675976003,0.00435548317503638,0.0034804310999266867,0.0035417783199472256,0.004400372331161398,0.0019607560978390027,0.00532108158496347,0.004174265195213826,0.0026474298601056713,0.00663654254687161,0.0024304456596766387,0.0012552331121211777,0.0032128630815062326,0.004099334935753954,0.002042312734092764,0.0042475974778950305,0.0028104057015930187,0.009441586775762229,0.011117710201147058,0.011947076827094826,0.0021802711472206793,0.00321415938448244,0.0008002433728256581,0.0024437803248276223,0.0018526893640200368,0.0021871624219091104,0.0022808861517754275,0.002002467179808332,0.0024595293873290558,0.001820328197969491,0.003774515623028859,0.0032644842739179797,0.005305414123090814,0.002888660866468969,0.0037360587266752044,0.0029785046260423324,0.0036974023197401365,0.0035489934356674096,0.0018685181539209667,0.002692586949622338,0.007299617536521566,0.010302388242716874,0.0020616615461370507,0.005477233342366179,0.002831432319758672,0.0026921034293724937,0.002453339372019727,0.0035233679197577395,0.005405550939397596,0.004392878085493623,0.004932765602339035,0.0032233089277789355,0.003661251921106468,0.0023705506538266767,0.002888111216906892,0.002076428883976847,0.003968438310685902,0.0037762190767752207,0.0049071339048451824,0.003523444657439064,0.004337766265448458,0.002285021146806624,0.004438110725194705,0.005811956303916171,0.013690415021241313,0.003560723848836595,0.0025763393298418053,0.0032400901167321896,0.0050546533040954755,0.003431219048981895,0.0030644175578341663,0.0032723787585309783,0.0040748512503582445,0.0031767037914327504,0.0030900716251746115,0.0018629172882496177,0.003670688121106824,0.003277480279605714,0.009622785158915756,0.002331928906836948,0.004263346349719744,0.008190124211279933,0.007509871193295505,0.0021684198989143184,0.003300239763263131,0.0019856569194013044,0.0030313224564982415,0.005778943616973781,0.004773352106576438
3686,0.005170925100469784,0.004366733055299243,0.005189962176444405,0.00485848229380439,0.003113324529224277,0.00446464846454674,0.006413273084527694,0.002695008514800924,0.003124063598168609,0.005261626261408954,0.0016256068489131316,0.0028840248350909367,0.005964292512335884,0.002697032712886655,0.0038171787152220297,0.0033598404540550347,0.003522981942984274,0.003625969495487985,0.001850795768339926,0.004624986582331839,0.003112544703448904,0.002378970437085263,0.007106230918086022,0.0026568962661425027,0.0012523088900678737,0.0030250443169904883,0.004053415901755948,0.00201586272545955,0.004091560100969075,0.0025933947160739273,0.007842516164127327,0.010487847954094189,0.012508367846327612,0.002088353068189456,0.002678888729291172,0.0007736293732705771,0.0023064403170434625,0.0018792863640929177,0.0021076482321605934,0.0022581432580861833,0.00202734180040914,0.0023436030142223053,0.0018260010161863151,0.0048310928659281265,0.002906887209928229,0.005965225911259724,0.0027016812848497363,0.0032748347489179822,0.0024425189675043664,0.005076517293365148,0.0032880781275602742,0.0017201922577701964,0.002595737780481665,0.007270612107406366,0.009687747775215066,0.0018335055254660323,0.005044574784035873,0.0026885179259062905,0.0027206438775746905,0.0028815825624936772,0.004138366463753864,0.00544998261598748,0.004705484585023003,0.0048618459450715185,0.002796568627211703,0.003962668150654042,0.002356059213483195,0.002482587899606754,0.0020566361302917784,0.002906121439028399,0.0037775593360042433,0.004127314500868271,0.00336538343209166,0.004022059930845281,0.0020548587123240276,0.0032110127189103653,0.005784600834831698,0.011773930561121108,0.0034622927437503973,0.002677280506338201,0.0030788807784438784,0.004140107599290903,0.002742421847876196,0.0030432311872787476,0.002934945608110484,0.004071974552577922,0.002978502975769121,0.003096346685639915,0.001665445992040006,0.00413769409619222,0.0033122241116713184,0.010011414315880988,0.002489190352116533,0.003352061518436967,0.008086589085739655,0.007545863748357639,0.002080116599785533,0.002933994078755085,0.0018015479839879217,0.002446163926559947,0.005786016412074177,0.0029306977241422695
3687,0.005079750366195572,0.004110936205694258,0.0052596256045196665,0.005035508181339683,0.0030622483572415207,0.00436531301025466,0.0057090526311996456,0.0026114776555450766,0.003045212565299709,0.004305315230789875,0.0018400069717127308,0.0023478938911964888,0.005964292512335884,0.002294064336149331,0.0044290338494417224,0.003727620764266759,0.0034303317055316396,0.003974944937162945,0.0018888958630968046,0.004420217732258083,0.0036094324156213382,0.00260968793930141,0.006366575018323796,0.002579968803767151,0.001207679343627159,0.00325695063945117,0.0037954269912851904,0.001993734353236231,0.004145094638747787,0.0027001014343173385,0.008097955299121757,0.010651079690449887,0.012238218718091096,0.0020927922819567292,0.0027432768562081103,0.000713547393965114,0.0024692193106746183,0.001763677698464941,0.0024596228020433448,0.002463018986004564,0.0021469282657556026,0.0024692928449541094,0.0020830720740086317,0.003860459896882848,0.0033958192653777445,0.006131758849032884,0.002907658668257669,0.0029458783029310703,0.0029979041278939116,0.0037418816196094487,0.0030854561824383052,0.0016006790115111465,0.002464633093273843,0.007080519243099027,0.009891545471010142,0.0018521612109901255,0.004998116518719715,0.0028010962621775838,0.0028921815525007367,0.002526653817219046,0.004156201837519143,0.005355408723596518,0.0037301455219093936,0.003862845556584518,0.0025270462887427574,0.0037882707524621185,0.0025183409067605013,0.0028129517884530617,0.001893945989997039,0.002955686158269865,0.003982592533033257,0.006315221608300615,0.003260176150072094,0.003861282606816096,0.0020756791659423215,0.003075896381827165,0.005751303260159879,0.01257846216651193,0.003354176448860211,0.002758463873223129,0.0035424623154929565,0.00458192488344008,0.002924841725978049,0.0031111368094501424,0.0032293918502802567,0.004252100096334717,0.0027252757594668875,0.0029944925659987818,0.0017031870098186371,0.003929434857644328,0.0030804262339140763,0.009956800691573136,0.0019017212334018054,0.0031614045173396004,0.008818518232525796,0.00758747175623917,0.0023556576885596973,0.0031253094408808454,0.0018000870254624474,0.002812314645047332,0.005490899220822064,0.0037628702605617286
3688,0.004925699240119555,0.004210709528659755,0.005176893407260698,0.004711156886287861,0.003389245144454237,0.004672626734568224,0.006343042518885602,0.003195310916883086,0.00313260805982137,0.004369160309099905,0.002148150723102651,0.0024621385824845784,0.005964292512335884,0.002731331858737508,0.004517768254959105,0.0037019512495315835,0.003275101613819942,0.004058658615038531,0.0021914409546747106,0.004157925601817819,0.003861909323317668,0.0026551723261152623,0.006768658670453187,0.002191876692186489,0.0012377694949603421,0.0029595548497274187,0.0042684357817649584,0.002107531782252169,0.0037792178509583555,0.0029582207925895753,0.008425098985097619,0.010451633699000101,0.012744587673691679,0.0020935455162431225,0.003143318803452917,0.0009783680155627094,0.002758136938014825,0.001880950532928123,0.0022074472115305027,0.002531787510489155,0.0021076858441751514,0.0025236357208816653,0.0019319930391058396,0.0036677730279495533,0.0032184156658301866,0.006062398478364701,0.0029015450003496645,0.0030121767266918687,0.0027486912753527186,0.004196832397177005,0.0029212802691622668,0.0016643700624381318,0.002564223496018043,0.007300907882353235,0.009909084632843429,0.0020712611765973444,0.004567768745811666,0.0028228354685369984,0.002652331606008524,0.0022809524725611575,0.003357882060148162,0.005355408723596518,0.0031804446258902235,0.004974523164651631,0.0029311921574149973,0.003954743717818585,0.0023759858603930573,0.002747949257002843,0.001981495606460574,0.0030173934151580947,0.004751208626275114,0.0041746857934617165,0.003493788259844369,0.003953728752606377,0.002325736930519227,0.003956705308073057,0.006030924302305865,0.013049292290017677,0.0034215097633739913,0.0024939755740459777,0.0029894451408162192,0.004842061587243314,0.002804687153852644,0.004210101205419457,0.0031578937595890845,0.004362216022014371,0.0024830661590256415,0.0028690543535071352,0.001636127619729526,0.0039671165858767175,0.0031144990360836016,0.00973578551525645,0.0022951409285735724,0.0028387730178187627,0.008086875086522005,0.007423335662105062,0.002009414063309198,0.0028430054761680915,0.001891561528370779,0.0028155612708974397,0.005844865504185136,0.0037830853306517016
3689,0.004728461786618035,0.0038177701615311425,0.005163599091857444,0.0053961284914175525,0.0032733408677621924,0.0046032287034685464,0.005880169276250437,0.0031109876200955473,0.003121542395555489,0.004446888731796909,0.0024281149917743743,0.0029450961091784596,0.005975864348730856,0.002841183596608381,0.0038649672875019857,0.0034105606474601566,0.00344142361132852,0.0039000006598037726,0.0022253949418187973,0.004291301887733639,0.0036670190847409175,0.0026462389790558732,0.006452230990062372,0.0022844424060067593,0.0013183060158330298,0.00297355019881048,0.004044138289063863,0.0021976066442593424,0.005122863867223811,0.0023619924846787245,0.007965580752870776,0.011095890338375585,0.013376598214015491,0.0024653057298317,0.0029177485215014986,0.0009840721325535618,0.002694922583209319,0.0018144067681107796,0.0022399059592270675,0.0033527779063325766,0.002134252891444643,0.0023489709839618,0.0019339917771435987,0.004623913287284611,0.0032037005448529157,0.006134712701917121,0.0028733406600467528,0.003256277605886759,0.0030013884137882105,0.004212834399272193,0.0029277773674274716,0.0017490398902460973,0.0024440851507209677,0.007328381982138526,0.009266987733123662,0.001685298007357501,0.004525795998436183,0.0026977080907494757,0.0027888163312487463,0.00244174060163484,0.003839206804877052,0.0054117650844035395,0.004202353671086828,0.004464463784521451,0.002676074110565195,0.004095291596789162,0.0028634599258816388,0.0036765602123606743,0.002026001397529111,0.002972941311087482,0.0044904505128831205,0.004579816161916603,0.0033938151251630233,0.0039889954315924,0.002266115437421602,0.003396024779372557,0.006084554176791873,0.013277745586962817,0.003644990592355827,0.002565236038456637,0.0030772090157622123,0.00411845302128778,0.0029365102013114413,0.004276967869539914,0.0030717850974667713,0.004330398244267279,0.0031193651290079226,0.003040440844077453,0.0016698709294057793,0.004130323534477154,0.003485275455240262,0.009857882184397393,0.002289851325034121,0.0032000304969103605,0.008489917984188368,0.007311416969774869,0.0020635270067962033,0.003145531284608907,0.001821920820960633,0.002750592545343777,0.005832422250651482,0.0035766223403216634
3690,0.0051935009524776265,0.004047349723669101,0.005255201215672872,0.004923092647638089,0.0031905007226225085,0.004794592502896862,0.006570379369873955,0.0033781421728985924,0.003198427252483571,0.004279452784295577,0.0023857521270093936,0.0036261022054748394,0.006016555412745419,0.0029983006723166236,0.003954057320779303,0.003181585377045941,0.002982426857938089,0.0038130446459231906,0.0022711800401872015,0.004386616653793303,0.003390244196002629,0.002808061928989649,0.008940428099646307,0.0025750477679510803,0.0013907314451268157,0.0031018284845194667,0.004376686892888557,0.002316384231245337,0.004391599424574375,0.0025769795359923352,0.008209804869908225,0.010876443438234906,0.013085330780164176,0.0025790601055709615,0.0030592736218150902,0.0010517949112287036,0.002768463188403613,0.001711834417207998,0.00251254245301596,0.003475520495666734,0.0020734656787442262,0.0024034854487827253,0.0021484252698600642,0.0034499630234567542,0.0033726422126617874,0.0058624648501002805,0.002901554919894781,0.0032321964434361156,0.0030039373492085097,0.004773799015151042,0.0028352183671578194,0.001711026209121694,0.002368102736598444,0.007325052245230288,0.009847681051525881,0.001725348141608235,0.005134712395216586,0.0030595410024906304,0.003039423909072684,0.0026138128451591823,0.0035387302214706013,0.005417289978831341,0.003376340381125719,0.004973014924692285,0.0031818188083332405,0.004153720905062309,0.002947871683847759,0.0034276918508231655,0.002454728559747847,0.0031435468417670706,0.0047968639797825305,0.0047939342113890865,0.0032338363306264606,0.00393650668690608,0.00235746688005985,0.003408568895544718,0.006026421629736233,0.01302135329632223,0.0038060728918870596,0.002768575131004343,0.002996527695543897,0.004344044016392018,0.0030009009782750867,0.004088877759896674,0.0032524372798261843,0.004308695626780786,0.0028933025703175926,0.0031594638712232883,0.0016407022376836318,0.004480477703806134,0.0034524705668536946,0.010142206387251653,0.002324057545249992,0.003569265612330512,0.00801491081828359,0.007318549620207165,0.0021592076528310594,0.0031725342935283473,0.001880812619228503,0.00285978564075635,0.0060016024300746365,0.004058937979386064
3691,0.005372611177216609,0.004295645683621323,0.005276945557523368,0.005326201278277536,0.0033417924374157314,0.004963037692815013,0.006790494203489037,0.0027531252606210334,0.0031057994748943884,0.004905900807383405,0.003831291498402923,0.0031889788618836602,0.006300998039793321,0.003410566611953317,0.0047354410039853415,0.00319967661275099,0.003557134672804611,0.0037154804050240223,0.0030072413022889156,0.004158661206176167,0.0042133239201200354,0.0025773319658984506,0.00738297663842151,0.0020384600332864883,0.0012541397065407877,0.003294931237412033,0.004338513083724183,0.0024565340122130225,0.005267740687390754,0.002680281060427225,0.00809389557351359,0.011176563097361394,0.013655935584045514,0.0026001169667134406,0.003181874230046715,0.000996026236264347,0.003012151739772891,0.0021819492594086155,0.002228119128441114,0.0035293808303031612,0.002092280727968248,0.0023532672542077903,0.0024904705409345275,0.0037021464352734847,0.0028210099908560307,0.0036248240990585344,0.0036215004872177468,0.0031724485564065346,0.00301154588105252,0.004211372845826333,0.0030310358334752854,0.0019336858091968333,0.0030388459581772724,0.007487053004160943,0.009598063369272145,0.002125554089297857,0.004817223361401837,0.0030867671502814637,0.003038872254057119,0.003058781393891839,0.0028806226586553002,0.005461375425591499,0.0038851533999708933,0.004226245385848576,0.0033716387859942507,0.0047582998311829425,0.0033700223749253927,0.003814899607596284,0.0021369444001579896,0.0037738090572776435,0.005543306671800909,0.004326512464836565,0.0036097970975402403,0.0039306799484453685,0.002499291684769527,0.0036046927782255513,0.00563871201315132,0.01374125834202735,0.0034752419384984873,0.0026480785158158357,0.002912615742188926,0.004650371499290089,0.0037547818600153003,0.003978304920437804,0.0032267920595269615,0.004236365413799096,0.0030045366039559494,0.003118381722473504,0.0019088853495219593,0.004158913697360694,0.0034874828720055195,0.009688295193930213,0.0027515817843632817,0.0029526560781810676,0.008454074426560848,0.007806230497262798,0.002425628944039297,0.0034544419732922102,0.001820047653295035,0.0026413119635560595,0.00601989779575995,0.004483625116777818
3692,0.0051623027558385945,0.004131380927611862,0.005186673585221783,0.00479636502431134,0.0033900597594000406,0.004594641824487928,0.006711399799931232,0.002605801362894524,0.003094030639184511,0.005447796982424155,0.0031212581265371445,0.0034095985590640436,0.006268017910903386,0.0034102388549307012,0.004560971635647047,0.003406696496969818,0.0028850047454782755,0.0036875096436036602,0.0023832770104269003,0.005913641905784962,0.004096874458243744,0.0025322271469389065,0.007435928382855657,0.0030421547500185174,0.0014244922700777395,0.003251567928878491,0.005403603656179641,0.002234749134502928,0.005391608594425119,0.0024011558361253017,0.007826104187843545,0.010922512844505365,0.014117585822263396,0.0026296827486806946,0.0030404233238473933,0.001020921557480428,0.0025786905745649414,0.0018179381219660627,0.00219524031538912,0.002886132625939791,0.0022597773837272515,0.0024603470972764255,0.0020951182232444468,0.004747890722935392,0.004032833204724901,0.006257858556964062,0.003547943579850625,0.0032606736765219816,0.0032126671635798023,0.004335816893114246,0.0027416904168240733,0.002075197649524719,0.0027983085484409244,0.007445838728979307,0.009687260479047917,0.00206861611382199,0.0055944504609347565,0.002962224495480554,0.0030082434062558066,0.0025197647084910547,0.0032109724544377868,0.0055118835975996065,0.004252107629491765,0.00437724677910896,0.0029686671240463157,0.004879677392245242,0.003258605897135868,0.003653685169028983,0.00240289877958211,0.003925626980289171,0.005845627841967929,0.004454698564379526,0.0033592714440820706,0.004703089338768131,0.0024125164907249854,0.003394735975187725,0.007274646403256572,0.013937687289013975,0.0035891766227081957,0.0027254811157932453,0.003194140696215655,0.004611468363815037,0.003477511022689541,0.00350971000944934,0.0032614181665241593,0.004227572595051925,0.0034437146168067186,0.0030143896951185275,0.0016590528639288252,0.00418553084465396,0.0033425301761066625,0.009986157285072806,0.0026907362319129736,0.0035245566963480377,0.00869122630482612,0.007889903734839837,0.002214906476030025,0.0030436455009695824,0.0018772982724246697,0.002631478782558253,0.0058563693193977836,0.004516769764556866
3693,0.005236924639418302,0.0043956976643439016,0.0053516069823326,0.004864355348625504,0.005317019621621986,0.004773112896886867,0.0071463453741669345,0.0029042470815849033,0.003286530281767795,0.004862334669421939,0.003324296537599108,0.003732977021068615,0.006300998039793321,0.003927034733756833,0.004641372749491904,0.0035744028462594973,0.0031335254044653786,0.003672741683842602,0.0031270662979636845,0.004760881738183801,0.004143708360487631,0.0025210709895175055,0.007110036567499561,0.003280815154703164,0.001430821326719325,0.0034149527583377595,0.004824128412863922,0.0027166621720254767,0.005195913542563385,0.0025151709717581203,0.00924043727438715,0.011093258599986099,0.013068110662382665,0.002270057400386007,0.003226526441484578,0.0011243630282642557,0.0026227515592669765,0.0020682291702878255,0.0027322214268703775,0.0023911077097929414,0.002309938790847349,0.002282444376499614,0.002122164968051962,0.004497572465957682,0.0040244243679355115,0.004836092718745242,0.0036512190224753226,0.003470233600636068,0.003418811230887193,0.004132081203053723,0.002842274708483118,0.00206772666013756,0.0028364082153976293,0.007497142219504216,0.009978176971477766,0.0022065601571480955,0.005643246076533843,0.0030298708198419843,0.003177114698040406,0.002481869837423835,0.0035785686978494846,0.005329837649946027,0.004332545516378459,0.004247994525116824,0.0030953435227030236,0.004721687723594169,0.0035064123645556404,0.003809817116488098,0.0022697179675362543,0.004515088211572693,0.0062791933150250605,0.004269601237474952,0.0034419353947558956,0.004212210000866847,0.0024842010224487,0.0034494804778403315,0.006417301463101264,0.013432956231269865,0.0039036248895850173,0.0031464272001812594,0.0031916168855419184,0.005393185559524202,0.0032367138560025852,0.003700949442566642,0.0033173080916835164,0.004308464806219032,0.003357935620590078,0.003600973374522126,0.001796347037878829,0.004360345428108415,0.003328348445081572,0.010537444258123205,0.00304384569041765,0.0034742617259483585,0.007989619893231489,0.00785207231171624,0.0026339377069298617,0.0027162615267437933,0.0019631621178757604,0.00305562295159116,0.005779904153808355,0.0050525883649963224
3694,0.005252661221504062,0.004537818200233367,0.005318638221400358,0.005819905468811667,0.0054519456717265075,0.0045146415214242395,0.007610284592051329,0.002743782066296564,0.004022820773129302,0.005364109805607893,0.0033887599624458043,0.003269078435856577,0.006300998039793321,0.003991654437972749,0.004353964153029717,0.0032761921207988967,0.0032932272984121267,0.0037045707747412476,0.005295821857445421,0.00426155780021812,0.004045130555261236,0.002940233002026726,0.007394738410385224,0.003184557911428623,0.0013470849150349073,0.003414813716566336,0.005210019418016259,0.0023280166084595,0.004895312190469525,0.0026976786510620326,0.008263979467580949,0.010665848668465585,0.013186969527432556,0.002580757463059261,0.0032852398425141766,0.0009804355534378643,0.002865444271527452,0.0022633615356976596,0.002284438566346603,0.002353401098200099,0.002197464556867739,0.0021769798013737125,0.0019943873880047883,0.003669514989226168,0.003298036997912293,0.0034725291878021664,0.0032264407887610913,0.0037138468804903567,0.003064921523724163,0.003980669966873276,0.002775821285927077,0.002114323135803333,0.002918413498901803,0.007614870417240498,0.010115939142695467,0.0018488787354684069,0.0054958443238636865,0.0028899678578653094,0.0031005133479686084,0.002796991640217396,0.003370086313285835,0.005582640699023608,0.004572789085172461,0.0044665141894042895,0.0033884749032741988,0.004887445341450189,0.0026580859639916163,0.002930626745910253,0.0021163620933284345,0.004901368637449698,0.00522056583805982,0.0040823838177667425,0.0034779493447484925,0.004581713100837672,0.0022855137552212365,0.0032992886528656912,0.005792789074807328,0.013342729013921358,0.003540894247038426,0.0032360375260238367,0.00317981830560833,0.006127303888096805,0.003277724232216789,0.003584721073859965,0.0028823235128988905,0.004193317505324854,0.003487434457079701,0.003148378573962504,0.001833654780656325,0.0043034071740792375,0.0034731112231041455,0.010682343676495317,0.0024350619968048913,0.0034669636704906235,0.007907989477733359,0.007869396569856461,0.0026080331033833644,0.0029514520052628572,0.0018892729085405262,0.0023246920896014276,0.005379771593481758,0.00476753566448031
3695,0.004765599149698527,0.004506516485420992,0.005303480761858514,0.005442406604937486,0.006310901774864833,0.004748355017362646,0.006161219902113233,0.0031130893239374384,0.0037436939414800105,0.005357757472370908,0.003454694477648389,0.0028628500377797044,0.006292766606016478,0.004147586258556669,0.004157705758691079,0.003754652531921925,0.003301082950185689,0.003663597418306538,0.005628430142368987,0.004505317231528282,0.0042138657708249054,0.0024802404585569653,0.006973499884627715,0.0033701435624575817,0.0014424563666473624,0.003404764198180537,0.004919577976703273,0.0022471631621605735,0.004892188859877953,0.002512637635010455,0.008243929796502849,0.010649657262366594,0.013635645530303981,0.002153142101363554,0.0030512344937643644,0.0009262640246900818,0.002536190994318759,0.0019284008707832609,0.0024218129609208583,0.002415764181425956,0.0024658002765718615,0.002271999770828234,0.0020544277932909387,0.004633599636793318,0.0034233280877417884,0.006057750081087039,0.003480888978754854,0.003931585440460529,0.0031743108237307833,0.003833051497650561,0.0037793161963735455,0.0019315266000968813,0.0024573154978928353,0.007631984068253855,0.01006039835967333,0.0018575172284410768,0.004919911545373097,0.003210507164259563,0.0037991420924882815,0.0026342294058691595,0.00353431368881069,0.005596083717523631,0.0041999697815378505,0.004505914511288325,0.0028198163495435245,0.004749993511791181,0.002628283435041984,0.0029256800812948354,0.0022626668682552797,0.004758880201372656,0.005214032405911624,0.004093321340806376,0.0033648912637684446,0.004153916476994293,0.0024700705794772865,0.0035560047296875883,0.005996833288080992,0.0135933424930901,0.003574823684412652,0.002839349111393192,0.003107063089124868,0.004354614067822085,0.003280087386763795,0.003371226221261686,0.0031284329483996162,0.00411728377118118,0.0036718772408410043,0.003186834796328051,0.0017653179189189576,0.0043116261805379325,0.0028012863248031115,0.010055515913578826,0.0022429443513875924,0.003535310036329588,0.008499420609046232,0.007716782614414492,0.0030462801369190227,0.0031300976013086956,0.0018747238852902654,0.002807336486427277,0.005482039789813593,0.005029767804249618
3696,0.005498806064938626,0.004557164556072873,0.0050526825573037944,0.0059834849326163815,0.0058058410409035045,0.0048961751596181,0.0067121848339684,0.0027327174503520703,0.004638904509604368,0.005681375305722194,0.00398278003930261,0.0032854412322777292,0.0063248712362454175,0.004446769948505153,0.0044485837897471165,0.004465705469404619,0.0036940200668286217,0.003956942319057142,0.005781615547568687,0.003968279168874036,0.004275086158689078,0.0026956209033024018,0.00828955130989806,0.003696428525918216,0.0013150312539408143,0.003715708804938724,0.0062166790632257095,0.0025930860871201363,0.004097367986276821,0.0027727784496289674,0.00963008496107724,0.011204853545169088,0.014373756846995123,0.003432811961493036,0.00336495917619448,0.0008205359141110941,0.0036582508573259707,0.001869721758244118,0.002353368289236592,0.0022699091202941397,0.0018446813708136297,0.0021711023483429997,0.0021871298417812275,0.0035842576509584516,0.003724421825153254,0.0073895366408125406,0.004059922662124523,0.003422386352855986,0.0032052602409386056,0.005702474635955913,0.0032759115845793388,0.002210366256910086,0.0033709534335830374,0.007438631694648818,0.010074045245717375,0.001974509800182716,0.0054678108164747255,0.003178561751134172,0.003946031451760471,0.0028430618881567817,0.0036099595996261467,0.005327098706383558,0.004801510208531089,0.004913934292098091,0.0033417330143702562,0.005203079614906436,0.0042786097955896975,0.0029498093902944897,0.0022255256517106844,0.005147456479501154,0.0037568258536693523,0.00530490237754535,0.002655771127271051,0.004151650926583428,0.002527380639311568,0.0041958367960529845,0.007855223926510075,0.01317991360863341,0.003658948587349958,0.002812618156372127,0.0038817699794002607,0.0047528442009758315,0.00329051405325702,0.0048334591941912915,0.0037610759443704503,0.0040863847402960365,0.003440456387977537,0.003315236773854256,0.0017966507226709364,0.004547971268083264,0.0032590711156523576,0.011212855902992046,0.001982080471559495,0.003790773491511826,0.007676807736705842,0.007822862722344764,0.0027067083878917226,0.0034842892949769407,0.0018585149726953677,0.0033332827287137694,0.005851502248468312,0.005226697267147247
3697,0.005064154837300187,0.00432989637473658,0.005025276457965511,0.005347339152805135,0.006202571463953753,0.0049071373787526445,0.005752012695913196,0.0025600107647474387,0.004248196265793894,0.0058933662474530465,0.003366094930785199,0.0033424176759763186,0.0057930987994316676,0.003453568225445655,0.004860387863843305,0.003301422961681062,0.0031587110050905454,0.0037354636075275665,0.00530302267200383,0.003990296712785122,0.003298489416774446,0.002748112087461761,0.006746966415163398,0.0030739838079352176,0.001239119845233835,0.003434073404401115,0.004369090140034379,0.002243396010782833,0.004299447516100077,0.002852717622253735,0.007995660433779023,0.011170101607113977,0.012361328246036703,0.0034188564579533303,0.003088338284051596,0.0007831596507438976,0.0026229341322753287,0.001880528832079374,0.0025025758287181817,0.0021638790861112996,0.002008286888032508,0.001877562716242373,0.001947841071462534,0.003487305673034087,0.0030957106253575646,0.007816779187215333,0.003904681276590725,0.003448385381034155,0.003094641619976909,0.004197905155063868,0.0034343294262161807,0.002084276160775089,0.0026956395820146935,0.0075205530771700465,0.010285590866986464,0.001831831495658695,0.0052460801383246315,0.003168678567880487,0.0026767652550072967,0.0029046226400436807,0.003832081705688063,0.005400257820612396,0.004118891556661569,0.004346515573555141,0.003417375979860404,0.005458486182594584,0.002563484199614804,0.002814412831840523,0.002075115951027603,0.005216783514024021,0.0038814360790402594,0.004783765036863902,0.003409849421847368,0.004607112452739978,0.0023114265537774615,0.004036005197364638,0.0066845412596820185,0.012675027993488845,0.003520680335117493,0.0029179380458079778,0.003246880801651259,0.00514130128255517,0.0034543209851406378,0.0038225166710590835,0.003039820683351371,0.004072445907555281,0.003568378572430162,0.0030790654289463205,0.0016412855191977945,0.004149831471898678,0.003304160206507321,0.010579876212336498,0.0019614534434369045,0.0033910275612892213,0.007956492207239495,0.007459422237938876,0.002471938355976973,0.004348965084490257,0.0018703375376595698,0.002530102334420219,0.005562006231384416,0.006409481875863528
3698,0.005932982628638629,0.003985902907314647,0.005068769816032278,0.005733917469046146,0.004837847323466437,0.004667202127644728,0.0061123491827959195,0.002893364038615025,0.003851095294428988,0.006333673598525196,0.0021947650970950035,0.0030843963977037754,0.006215357530125624,0.0026974286736277946,0.0033533280535933832,0.0035666157017509945,0.003283288858305098,0.0033267321005866234,0.002265446039419529,0.005640024545616587,0.0038202794689648685,0.002544304008999293,0.008029699802197207,0.002453372812866927,0.0013239082234064918,0.003511468792510113,0.0043465725256540775,0.0023967605926152767,0.0043447865946339035,0.0028216202210253932,0.008314297524083194,0.010670458268115055,0.012478705742200327,0.002112708075732758,0.0031595178060794763,0.000765260097122493,0.0022677991556939478,0.001828906315458611,0.0027988847610517452,0.002406093027701896,0.002079195044365258,0.00197180362516991,0.0018720863795735065,0.003835957986816787,0.0028263556420776285,0.0070810428494213935,0.00406308034586732,0.0035006043422205523,0.0029840931372758553,0.0036524504196969896,0.003124096419674654,0.0014980180502419218,0.00272815312741103,0.00755932805138217,0.009768017744057438,0.001834298269430575,0.005245863906886804,0.00328284310848058,0.0029161129950250543,0.002742989583540722,0.003861829380211646,0.005545212138728467,0.005208380978099691,0.004150485225215477,0.002775490260101148,0.004458717360368472,0.002422043326668529,0.0029265636010233874,0.0021082665742379156,0.004858697441272184,0.004242558705364988,0.004676056186298374,0.003430521069749734,0.004560260485022017,0.00241498534112748,0.0036599043001575983,0.0060412010806816276,0.013130435561501876,0.0035385155352961944,0.0029588925230930496,0.002984137794110695,0.004447820966138491,0.0037791223362856163,0.003528397987870247,0.0035008060646293825,0.0042373996312060815,0.003252866758781556,0.00324946260577715,0.0017182659168318917,0.004096016575366813,0.0030784034206327994,0.010273929947499656,0.0020476297398273825,0.00323168861202569,0.007850553303917644,0.007472166614516257,0.002496169176234381,0.0029621318055152155,0.0017389718892654974,0.002688174914320668,0.005444218855810711,0.003982223129075953
3699,0.00548994982209769,0.004781537273665708,0.005343928836954215,0.006148545479788154,0.0035805736833596936,0.006884829540127494,0.005981465918153897,0.0032695997267791197,0.004402977060500187,0.008715771930835956,0.002726805002567676,0.004045237218573659,0.005240413727616403,0.003455784848156215,0.004330708231907989,0.003989037093019079,0.003907430312786729,0.003803935240226185,0.003979594315342476,0.006345070003332561,0.0034342920881811853,0.005216649969294448,0.008936217493914274,0.0026504567289347934,0.0012659348670265573,0.0043562247182713535,0.007182455443279621,0.002098895214372835,0.0030983626184269528,0.0030429643435949338,0.008063165570986523,0.009444394726937522,0.013812099284316138,0.0023419349349283205,0.003262060779667957,0.0008273953318364978,0.002371360000450047,0.001947034657640785,0.002383567127186703,0.002699843611951463,0.0020865121262097345,0.001910025355274566,0.0020093134937918798,0.004135384133955757,0.0031459532755360323,0.007121098784844052,0.0039577958978175625,0.0030961560334313966,0.003061980315793035,0.0043856447594676695,0.0032028273815690226,0.0015127319621802873,0.0030339601221948125,0.006913532037708055,0.010117698721465571,0.0020638385347678512,0.004072381863960419,0.002732523251984116,0.0031351889455746556,0.0026475231285796753,0.003624571725040524,0.006487868319723218,0.004705491314124118,0.0038675209521024916,0.002911650263814601,0.004440372717328621,0.0035812332192413135,0.0029625666229286646,0.002219201109829573,0.005721059235716211,0.003434683924039084,0.00458736206329531,0.0030060783215499656,0.004458113856301506,0.0022122822056071783,0.003078995006225693,0.0061467375888095074,0.011296158090576052,0.0036518577503547654,0.0028678819998363505,0.0035098760889673234,0.004648837539261148,0.0034031538197608203,0.0031129573183522777,0.003223867309238256,0.003536412250671402,0.0038070178419669595,0.0030571970849578318,0.0015630623324848093,0.004986779733845146,0.003246597159019249,0.00927010949944248,0.001961522517150839,0.0034042577746352084,0.008737571795763451,0.007177900362998456,0.002165257306863794,0.0029333135650554997,0.001835991069987587,0.003144022514818844,0.00417335921650139,0.003993433633771882
3700,0.006408630244368266,0.004947802523415008,0.00587141284081675,0.010187838228897348,0.003854179224700457,0.007773585807199545,0.007029153306427076,0.003461236197974222,0.004479715143754667,0.008992772611948719,0.002971673424366822,0.004489951049353178,0.005229862143684082,0.0036868848515118646,0.004457706364685366,0.003388191446540625,0.00394402155375135,0.0037936523549583234,0.0023161093109352526,0.006418050428540217,0.0034182862645877423,0.005939665674076936,0.008445913018141417,0.0030901130086126868,0.0012789155246883395,0.004097191522835787,0.006824392909367911,0.0025390859878688947,0.004697273015780027,0.0029357386789883757,0.008868659127782012,0.010538266838907568,0.013548398800648826,0.002191142405201792,0.004562872304288138,0.0008048079868278355,0.0023920838258085315,0.0017700743187747693,0.0024363501384491717,0.0027258734855299476,0.002477674305365036,0.0016554138858279766,0.0025713249726791836,0.003715815786755292,0.003243340226444313,0.007281127800864557,0.003959911902045743,0.003089338312196285,0.0027721867683774097,0.004382314958735916,0.003535648074097642,0.001797066088291864,0.0031507715845192226,0.006817987484261291,0.009189502617301322,0.0019061178451934622,0.004675317811759882,0.0025304249967053535,0.003158462758581828,0.002916472397206906,0.003681891920883181,0.005257523336106281,0.004189824434005201,0.004504134833997321,0.0039205803654639125,0.004931917831820639,0.002566868957466254,0.002853395021723118,0.0021339594556026064,0.005767662360006564,0.003547234057645073,0.004648936759732412,0.0034320871310280473,0.004595094789684719,0.0023193106934192107,0.0032984296403278076,0.0073150367460125465,0.012059123177645906,0.003895687168644498,0.0029852650833408845,0.004085701135398939,0.005262058642630968,0.0032481323886546527,0.003303545884868446,0.002933150088469426,0.004632455574494099,0.0038375738244148185,0.0027323199233520922,0.0015998636460366547,0.005433468374926402,0.0034088694986237,0.009608879131783866,0.0019597588519137065,0.0032058548854574116,0.0076550410922017675,0.007228227664113552,0.0024855830663951498,0.00333327317888894,0.0019480877884538355,0.0029755128889272456,0.005404946978050859,0.004585964482297569
3701,0.006528982104442687,0.004993066497620348,0.0054189064084546115,0.007691431396404389,0.0041702056360231575,0.007848593118655427,0.005924259369686354,0.003241375843708048,0.004625832594206765,0.010823324395176637,0.002978394383850665,0.0034898279878320315,0.0053026498452638906,0.0034557789115790324,0.005422590707546155,0.003914286349340649,0.004319853104431764,0.003646933540818498,0.00236166746186983,0.006232927135293,0.0033832463998457575,0.006333721330256048,0.01040822834228476,0.003494170742270831,0.0013044694967170953,0.004033671604569719,0.0072258506050510585,0.002378829805856658,0.004971232393467198,0.003190382027512266,0.007979154598743597,0.012212470574039227,0.013633584910323678,0.002516717528325566,0.004175470376409183,0.0007095143581862314,0.002275098089671543,0.002173328379960438,0.0021957315246686274,0.0025260875017560497,0.0023988678630224554,0.0024538948577668405,0.001814333442305186,0.0041863109041273576,0.0031087820434370994,0.009401312484294684,0.005314417028603084,0.0032062483261619387,0.003287383857131795,0.0045166057005159715,0.0031460034266404956,0.0016509575534033097,0.003051278489116115,0.007039702911865285,0.009550800755718286,0.0016874559497740374,0.004240616017182579,0.0028518340948491174,0.0032183871516660626,0.002931254801107263,0.003769969750700239,0.005592509265916318,0.00472153184622996,0.004364647746764526,0.003107074128538724,0.004614291176419112,0.0032481096697336417,0.0024909548877830464,0.0021617822137874583,0.006001560529438989,0.003673342511194013,0.005002099099445864,0.003891584031682783,0.0043392043396840675,0.002193924959560919,0.003518347806709515,0.007121680319474773,0.010280364752876163,0.004040048003251677,0.003232618800716749,0.003656804457377013,0.006457008964602574,0.003036315039818407,0.003222870136669178,0.002721422216743189,0.003486625111169594,0.0037179983327110277,0.0029025897443214817,0.0018672731482388305,0.004998206706815582,0.003297824775941479,0.009902522714903161,0.0019456050624154775,0.003101624358378412,0.009095672152979817,0.006811264583047769,0.002207196155587126,0.00338513283944627,0.00201974033224715,0.0029298251692216077,0.004724985966289315,0.007136014725501728
3702,0.006586364327672971,0.0050103423563175225,0.005279917880311436,0.006660458125368085,0.004904157345922756,0.009369866208851947,0.006805509466605197,0.0035007667006279933,0.0043257554462120505,0.011303571464038405,0.0028962131564030367,0.004330676918700735,0.004797554442022123,0.003655246742497344,0.0049502315768848466,0.003937749875020746,0.005229373580764754,0.005886558567186432,0.004371253684381613,0.006977194657555063,0.0034766280319727207,0.005589306322063104,0.009208442283972775,0.0030234487421931903,0.0011936841656131263,0.003518179270647827,0.010086092812617098,0.0023935249405050074,0.0038634282107341445,0.004205049705335417,0.00981235120485236,0.009497293115376077,0.0137688711298272,0.0023064304662982586,0.0024701612430435382,0.0010225747176477633,0.0023482911897970806,0.0027551473620193853,0.003068551153753622,0.0030525064775718917,0.0020341936528374444,0.003588340201906343,0.0019251110293926031,0.004435819557971957,0.003710145349157133,0.007283492457672126,0.008206786072866056,0.004744283081932202,0.0027767863081801544,0.005053573142499853,0.0032657640572963374,0.0016783245599294684,0.005204819500025016,0.006852915268396487,0.010374631659873408,0.0018141051434260513,0.005097266893986587,0.003364288036019652,0.003202867010989715,0.002692173332197893,0.004192655190497087,0.0055391943501056345,0.00526261014002569,0.004148628032711813,0.003711152606532218,0.004934657404095798,0.00381296725862032,0.0023053086510856696,0.002859905433834619,0.007888299756620663,0.006874587441200234,0.004973352648395357,0.003743951379993142,0.003244513439830536,0.0034499909906916364,0.004785126965208034,0.007263123434231368,0.011242447298053014,0.004247496409073056,0.003539640039798876,0.003947726411680556,0.008391489237368316,0.0040610254652560405,0.004090237444331655,0.004676114945366629,0.003534579039494156,0.0038903094624490593,0.0030541969938590726,0.0021605988553443,0.004606851790061009,0.0036689748578958795,0.010757250798357284,0.0019124649456692797,0.0032946674882434967,0.00879050795506944,0.007225712226164368,0.0019976894014294855,0.0031714078812540873,0.0020926361323657236,0.003390258976473081,0.004212941204254113,0.007333775123725604
3703,0.007245622832259657,0.00409673504716665,0.005597598252518707,0.007431140441938348,0.006736225841905097,0.008625804612431866,0.0075082631286362035,0.002715302461890488,0.003891923367324285,0.009760226637840534,0.003539997533133465,0.0039784714982031,0.004984712046607799,0.003460974021141588,0.004386517959978165,0.004999279973578684,0.0051215913291230986,0.0048471585737717236,0.00551792834135444,0.006094609145872868,0.004440630741692191,0.006170936229451103,0.010357471351411372,0.003999041006844627,0.0012185229085901969,0.006623710845505605,0.010819820237380538,0.002294706984442825,0.004704001661372181,0.003491399460863438,0.007229986670230483,0.009315901683913141,0.01068253590586802,0.00246153447036366,0.0030391996870754927,0.0008351630135433025,0.0031720819726684824,0.0064803556770127784,0.0028711525198492575,0.002931071672530759,0.0019304488392900725,0.0039544718128289025,0.0020904016874709907,0.0044397821968446445,0.0037747582684965653,0.011193145516855817,0.007141103639236675,0.004036579347422991,0.0028923697543228612,0.005456097550908865,0.0031905363573851413,0.001952837140432405,0.004742229356844843,0.007843682182658756,0.007194616457724548,0.002018748163103025,0.004424547956865913,0.0034899204416145623,0.0032783364038708527,0.0028552025164004916,0.0035760991870904296,0.005362214282062375,0.004841043660973686,0.004728998170180343,0.003526560642847996,0.004314852090752497,0.002637970732155916,0.0021595215813158247,0.00249432533988975,0.006474037131217149,0.006934104496106371,0.0056578202554259886,0.004232142515464528,0.003120240470848534,0.00222950261390686,0.0038197434364398925,0.009274901943179757,0.01214464256974072,0.0035518512183822684,0.003582371876278314,0.00374739116028003,0.008732553524007597,0.004052765111842649,0.005107754698047205,0.004507499148775397,0.004504964397909511,0.002811980606352867,0.003062861098230971,0.0026844818578608985,0.004747922912483621,0.00343742679689887,0.010105040164769914,0.0018938249630564951,0.0033505490850517976,0.009505379396854847,0.0073699943903265805,0.006400373538434291,0.0028521553526297786,0.0019225445222283565,0.0032005324355010617,0.005204848541987684,0.006801706542690383
3704,0.007152859149659681,0.003831147089417179,0.005577419269520364,0.006196533053898926,0.006031353704735055,0.004786713852779797,0.0060513474089400115,0.0027296890880275596,0.0038347607517180754,0.005841934526186583,0.0025759596103156197,0.003817562163996074,0.005639957792801079,0.003100771119160215,0.0036465613430261275,0.0031625772368413705,0.00512065050420334,0.003934643159525062,0.002219828308904621,0.00541101675038794,0.0028917695097648486,0.003066587593838977,0.010561899255908364,0.0028443115209546713,0.0011266103183319963,0.003317118119417892,0.006364868011317316,0.002266285045372108,0.004012231472918125,0.002828974574067136,0.0072696656227132506,0.009548615098098933,0.01311195197356111,0.0024850081749299914,0.0030198784934803236,0.0007586561431661371,0.0028588988646782113,0.003096513368180563,0.0025962564408359002,0.002211795890431677,0.0018365787804627577,0.0028480832979504247,0.002041901757895838,0.0039470061217940725,0.0037513734727776357,0.00967787987462656,0.0045721614968461805,0.0031823114967446525,0.0024028963398164665,0.003437527564101397,0.002885280241345076,0.0017225997865782845,0.00368040612032323,0.007060086143487956,0.008480359394255794,0.001872509155409998,0.006628585339958412,0.003084714239471026,0.002669718619015868,0.0028249153462178234,0.002510354796130049,0.005797472646301352,0.005048190493721595,0.0038834277965541686,0.003090608722268136,0.004143867775151426,0.003437935684709872,0.0020030032319399,0.0023339361872228904,0.004925630617268014,0.003808117191899956,0.007238393281074528,0.004519997485140395,0.0036035935685112173,0.002400101452725136,0.004096626629182007,0.007140206949317357,0.012677895637551563,0.0032419264841515257,0.002985927231511393,0.0035655815937614245,0.007285643273365816,0.0034294021395885697,0.0031736429083526322,0.002957621226438802,0.0033356587394582555,0.0025597185976501528,0.003151190463894039,0.0013379473349231273,0.003151317496588692,0.0030130433937748543,0.01045316668560936,0.001773041916307761,0.0028226761810478344,0.010199870782289679,0.007326863820352336,0.0022126108583482725,0.0033297649976820423,0.0018161437164266254,0.0025437228515809815,0.006028043414347436,0.005354755441396157
3705,0.007559060277723151,0.003398572683905545,0.005404210781173677,0.0061884704331065035,0.0065943334273792596,0.004053014662303198,0.005935933100879891,0.0029302244795192385,0.004343953708542754,0.006486377295013639,0.003036493181758448,0.0041826830692529085,0.0052508375080096556,0.002856082891736382,0.004525608197728229,0.0037637057246101766,0.005970589800081854,0.004722395880148566,0.0022261644612887196,0.006481557176602634,0.003567992708458095,0.0034278147937447127,0.0098107941081726,0.002601951893734741,0.0011705124292622966,0.003543511981702098,0.01250007038402414,0.002267601341391388,0.0043554916557610795,0.004499155650631731,0.007163909700302275,0.009144897561569098,0.014703742412106955,0.002531472843800965,0.0024281777191729192,0.0007205412550131083,0.0024818979255499998,0.002870446905409567,0.0030147143362333844,0.0035110173785315203,0.0017814349440444536,0.0028375109930537414,0.002362628478371632,0.005177030189394991,0.005091324900249909,0.007411658392647047,0.009677251165650312,0.004007471041624041,0.0034143298708063196,0.004443390574190742,0.0028517128301537276,0.002174221131026289,0.003219559833233364,0.0065431195120849925,0.008384604442872538,0.0020426062756630997,0.006158936530357126,0.0041129534300854585,0.003908413609290135,0.002625968430464282,0.0027219604817289474,0.005437553015175508,0.006620813020480162,0.004011969742684084,0.002936692337108709,0.005008175060894554,0.0030892220805328547,0.002521452554472935,0.002290533491023039,0.0056568061020140495,0.00665075681585008,0.007018806438733119,0.0037726013777019084,0.0030763542781035696,0.0024098354177157126,0.004379113872905602,0.010195822086495627,0.012245662740773496,0.003520188815050204,0.0032904410167549367,0.003529937847996168,0.007433206818223285,0.003650648904814844,0.0037360214433003764,0.003538990007350882,0.003604687564828741,0.002449843187188791,0.0031925495449986294,0.001320642074737074,0.0035308552649863357,0.0034288593378882667,0.011481725809627663,0.0024150804136900315,0.003362607248991315,0.010671169936473459,0.007059018862959664,0.0029406056948204575,0.003026666922524222,0.0019012169317001897,0.003835334845999275,0.004290342099376051,0.006271202157941187
3706,0.006536693253934704,0.0037392391288062275,0.005393036398982845,0.008727066495188531,0.006187520908999567,0.004823073624543602,0.007912799317509146,0.0028008712928678844,0.003934809573188315,0.00568900711680614,0.0023733053224016002,0.004176557654605044,0.0052097143640794045,0.003372678492051423,0.003473565669082655,0.0034688487990028032,0.00418996611443288,0.0038886761933229637,0.002469045681926992,0.006757498093195215,0.003668750571989717,0.002531162033997433,0.01101144234456879,0.002806031471928175,0.0012096022707438398,0.003653254134171499,0.005886482927757393,0.002317974667400992,0.0037778169674262067,0.0028994019068344142,0.007925203174753719,0.010498364108271449,0.012662652818890244,0.0023605732881837476,0.0026521173510781326,0.0006808359104307731,0.002482097068916298,0.0023972970880235646,0.002991109464947847,0.0023355127562635436,0.0016304261785968215,0.0025048402357952682,0.002012291270764315,0.00417308721659449,0.003509441580848499,0.007175445627625888,0.004490844047278803,0.0034714727547566064,0.002747355344049332,0.00455448549620778,0.00294132167257512,0.0017926789487116232,0.0033303143680133173,0.00784282536519941,0.007959487884072044,0.002113243987641283,0.005478911250395314,0.0032435615011274,0.0037436615405527715,0.0026057054174740903,0.0025232915888092214,0.005292767034730993,0.004758048606780494,0.004335334487779165,0.0029977487844036364,0.0037735851600725627,0.002665241454623336,0.001979040688200496,0.0019975012701278954,0.004784612298575558,0.0035348211302109237,0.00669581359678132,0.004258241181771725,0.0031276434999720918,0.002839577066386496,0.004055008733735904,0.0074013913370110105,0.011583110346217168,0.0032681057468499897,0.003150837570182414,0.0039118117802117705,0.00786862563884718,0.0035782532637109363,0.004292110460883535,0.0028454395314841023,0.004747439542328891,0.002768902010162622,0.002962219590551679,0.0015126091981801021,0.0032265890941763752,0.0034663891450810755,0.011737131910099634,0.0021991945815088678,0.002814767333538196,0.00913513722750814,0.007042594297571178,0.0020215223841185607,0.0031078389207358503,0.002139560103232658,0.003122180153786637,0.005266627268773588,0.004918056310693527
3707,0.006167022692064065,0.0046573646278528814,0.00499396942329165,0.005893434824790095,0.0042556705087376644,0.004022686405018007,0.006605294923815383,0.002473232483296776,0.003675701612234436,0.005455469207394334,0.0023506740074181734,0.004053919406494216,0.005907568137058949,0.00333563881850304,0.0032386163196111446,0.003539641495255691,0.003509511098713776,0.003253150516196443,0.0023039046428524525,0.005526792903308317,0.0033705853174787618,0.002650176006867645,0.009037616676117478,0.0018902971674868696,0.001341646153768656,0.00346005370100246,0.006818138329275922,0.0020876782056485324,0.0038243016737997794,0.002706658534776897,0.006978305109103556,0.010249282947393242,0.013178920420962897,0.002350136694348431,0.002852208595586451,0.0007285589258252701,0.001967154392017704,0.0023728203782767136,0.002799805181020784,0.002261844352986648,0.001921464247321042,0.0022936671260011397,0.0017882583555101587,0.0041519496715505776,0.0032026094048427265,0.008413442245498802,0.004379753514678252,0.0038354003620380507,0.0023525454277322365,0.00430286873965556,0.0035148637228667474,0.0016423967913971568,0.0032336737864785297,0.007405839724367598,0.007231567306034137,0.0022694364425289667,0.004873906246005433,0.003131742244156472,0.0030952483015410383,0.0023245464748574488,0.002390864309576715,0.005792024801333121,0.004200711748516735,0.004342297121627829,0.0031424420775222456,0.004146259088659457,0.0031539602554484583,0.002522871539066506,0.0023829378245791943,0.0037385243057687523,0.003409775949337239,0.005614645759664053,0.003284439515927753,0.0029885016078954156,0.0022686836855822737,0.004680634536863574,0.00652856880039334,0.011313406977721418,0.003431730687217083,0.0030986727087667356,0.0035724659399599596,0.005631121936857592,0.003181629277655084,0.0034130245976958878,0.002534309623136282,0.0034938397038493806,0.002703517644714374,0.0033716452658795366,0.00158947953365987,0.003929186415726456,0.002876608777968122,0.01084632565390867,0.0021060166350162,0.0033039784192283646,0.009397271456986444,0.00721136148999092,0.0020505181552422317,0.003454243477202438,0.001686228709192009,0.0026351127718175363,0.004945710961235918,0.004699396286508236
3708,0.005661596433446723,0.0037244592457122343,0.00514630045130265,0.005717046882255567,0.0034010135038772126,0.0038432008957040124,0.006979543261340965,0.0024226553575953545,0.003407539646913754,0.0058920587314712355,0.0022845289658303732,0.0037862069018096333,0.00536027622274394,0.0027566487496636653,0.0034826353028753775,0.0032554670277268626,0.003464877380833401,0.0038422057403985034,0.0026761766534371964,0.004625130399114164,0.0030135832516811124,0.0021208890246328044,0.01010148655871765,0.0027067782591798702,0.001285653482398489,0.0038127579661106263,0.013016932244854043,0.002176427477995029,0.0037327347978151704,0.002429921438119577,0.007300225768723503,0.009859270660741664,0.012422991114478485,0.002040526221533953,0.0026542645894079755,0.0006841067732668199,0.0021943038986702483,0.002467267389421895,0.0029589633690481633,0.0023943852809796898,0.0018487067877274144,0.0021885984481145684,0.001872483720996489,0.003358229144725658,0.0030376157499246354,0.006782085166462155,0.004041364594189359,0.004055408880476842,0.0032515671995542953,0.004522132424536312,0.003067223397674211,0.0017689943013352678,0.003503261280386356,0.007128272845714324,0.007573513926999086,0.0020950757411110394,0.005183378659726121,0.003197508322010143,0.0033649125761594143,0.0023162207457579484,0.00299865715699257,0.005425050677309159,0.0040418485592554985,0.0035051289805464827,0.002681712304544392,0.0037656671873610675,0.0029247005411135014,0.0024787905161032303,0.0021805163375237246,0.003262213967625057,0.004039039880852711,0.00543595391860955,0.003067619751560003,0.002507508588811288,0.002032293662602378,0.006045062206699482,0.006199572144337205,0.011975021668407602,0.0035775637389657464,0.0029892595418874474,0.0027770298444044226,0.004916720214656574,0.003182541815635378,0.0030965418670109274,0.0026024810242409246,0.003966619526386867,0.0026188087093564406,0.0030499641069531877,0.0014250420984570215,0.0032831617962908286,0.0030822407022150335,0.011109264910192504,0.0023829371984207945,0.002449184993850804,0.00979516621948516,0.0069172726065638394,0.002384563188642628,0.0028448520734614346,0.0016401914269215017,0.0026301844241717323,0.00414288872718378,0.004544516138050981
3709,0.004575798474783747,0.003635898750653926,0.0054332628569653,0.0052977969195069485,0.0036224138990413905,0.004381115025352598,0.006413075648490894,0.002620382016816348,0.003998543857818792,0.005628106915788357,0.0017027492254773357,0.0026501668677084526,0.005347514428480255,0.0022765024061622984,0.00380897069726827,0.002957014504236075,0.004126374938322582,0.003494830390587021,0.002290574118357508,0.004337603631100609,0.003103611764594706,0.0022215759683118157,0.01004360721617492,0.003060769590941365,0.001076859763764174,0.0032911253366586894,0.005788991587625627,0.0021904020537660634,0.0037328227987702624,0.0028369157824126756,0.006182497698874232,0.010309061857306808,0.012641044682910153,0.002027456283366792,0.0026166347967905607,0.0007073471504012816,0.0021825228670725315,0.002359022692790255,0.0019368705312775764,0.0022894503813641787,0.0018505910794768853,0.0018871536651207876,0.002224097331769537,0.0033474848265853596,0.0028105919878763127,0.0059124766776860165,0.0029924325678508962,0.0034410867845751,0.0026293893099259822,0.0036588641353615084,0.002152543616778767,0.0015660338375479373,0.0030480611712250215,0.007006026833991848,0.007151765159261277,0.002150624291532394,0.004436487229752077,0.0033249663883863235,0.0022503584121207807,0.0024014138512259055,0.002998246393588502,0.005270505912767796,0.003704675338056753,0.003549539790950931,0.0028804715801085167,0.004185266187237189,0.0025740752416464788,0.002505695331699607,0.002194413900661493,0.0030074955912463195,0.0038580920243704324,0.004776596783833237,0.003006626945345881,0.0028997067477562295,0.002400859024908584,0.004533562558929052,0.006333719076010793,0.010972355937466162,0.003468013466829284,0.0026210367681075934,0.002946515956406366,0.0048797448489438485,0.0031090095015918473,0.002935815180684452,0.0026142362545241524,0.003980801999710163,0.002809809064107162,0.0031190198119709885,0.0012846334690370185,0.003628463376110014,0.0030114575912532104,0.010974295980602866,0.002186768581896365,0.0030197597294096923,0.00780111361327821,0.007231163455088145,0.0019571311057149385,0.0028157361837874177,0.0017458614506876146,0.00276054696527732,0.005518843360558718,0.002711263366788949
3710,0.004603966054883648,0.004348345804425714,0.005011193309143103,0.0054394859126471445,0.004140845490714883,0.0040408244723877515,0.006627696469731981,0.002795180988006468,0.0036647826947107365,0.005792670592826283,0.0019434110317050328,0.003247848393702169,0.005163784199070816,0.0023009098476840855,0.0035049384618929115,0.0030325288419122977,0.004075104014532614,0.0034145599455260513,0.002275155376647496,0.0044755334518569515,0.0027917057154357113,0.00204969243266686,0.008256797106730404,0.0018533438670580795,0.0013593686264875185,0.003315647882857995,0.0058588681670352066,0.0017362010948056405,0.00449814653771611,0.002606106490316855,0.006911100463458671,0.009262848902784698,0.013645527237781044,0.0018706976826141813,0.003171071314540115,0.0007889866641440652,0.0022685472271093896,0.0020593311427404884,0.0023550813434107267,0.0030046002023599353,0.002256250314567165,0.0020361129236677127,0.0019905022780384958,0.004106174393033183,0.003105593899120941,0.006297965893151413,0.002927168467745074,0.0031201817850824887,0.00266000036549566,0.0037099270978709783,0.0038118086882615847,0.0017554187912713086,0.002788233582760671,0.006733810014718532,0.007513937979177576,0.001862943597353351,0.004624105086905735,0.0026543812865319175,0.002617276227681101,0.002597288537180876,0.002950950478790195,0.005158119650125993,0.004565095753283492,0.004075657590205487,0.002600072162192107,0.004936117817362174,0.002795850592634042,0.0029149654484025758,0.0020391897833534154,0.002648547360609205,0.003679402550151283,0.004775276785905693,0.0033926206416505203,0.0036724145025116084,0.0023382782776509353,0.00475235130385465,0.005661657407175636,0.01145705939256729,0.0035815148655645203,0.002525347473215071,0.003353367870421253,0.005055075995438472,0.0032675186626523298,0.0032113781637816714,0.002842301353224875,0.003945124870300136,0.0034268551783828735,0.0032995659526661686,0.0014015487666249468,0.0037266862954524267,0.003166705260038392,0.010278709420511184,0.0019849785874921214,0.003069325725950803,0.007791197877869712,0.006822671981287138,0.001844299758177027,0.0029854612135810955,0.0017504819057862534,0.003529688242128384,0.00552934927188177,0.004068720207843971
3711,0.0044827691928327985,0.004015100694143394,0.004823072589508965,0.005995848954529807,0.0032997026537025854,0.004255763413802219,0.006257769525226493,0.0026851631537563466,0.003328210072203417,0.00530333656365596,0.0019226024268763292,0.0029636838508178037,0.00505239454538204,0.002270878959514736,0.0032093761658653383,0.003095481843659431,0.004040193398424186,0.003142870041557201,0.0017416971755455494,0.004172331034324444,0.0031040130330965052,0.0021998520952345563,0.006653400212158069,0.0022292094216742053,0.001119375511453508,0.0026117505502347743,0.0038517390035939106,0.0019860401774414423,0.004318104462755513,0.0025361021878543147,0.006097488892073397,0.00901810894096262,0.013254980362244189,0.001858372966928025,0.002834157993017039,0.0006848546565633439,0.0020999807780719597,0.0018393425326487965,0.002077588587150123,0.0028760275221065635,0.0019905341966540233,0.0025182253472249955,0.0019852536702091267,0.004048844059923408,0.003300159995166135,0.006228915125995273,0.002901424809776521,0.0033474184996446312,0.0024701283923638604,0.0036208328697530916,0.002925649585587396,0.0016167568535695317,0.002390838807843229,0.006741949679984151,0.007429009681045151,0.001914473012250573,0.004844466346166349,0.00250601015028283,0.002943751143678375,0.0025881681868524975,0.0028081769608169936,0.005278782844872734,0.003508421356206827,0.003273904789725738,0.0027294218254552086,0.004123335447315365,0.0028620104114216254,0.003447774617556483,0.0019842305920057452,0.0026939663613671284,0.0036976421741282363,0.004575237351728142,0.00319386605624843,0.0036186926830703635,0.0023148614812133323,0.004463118939672484,0.006177937514650551,0.012434918156728668,0.0035495475477080414,0.002574583554434146,0.0033001872061286337,0.0041687225748069275,0.003102988330575549,0.0033269350817242264,0.0026573812891682713,0.003873866621039202,0.0033117586886277383,0.0031569670824621735,0.001539444402320028,0.0036608593241627477,0.003426125915961879,0.0097988141839443,0.002424799601315283,0.003314583499734096,0.007878215785556027,0.0067558960992372685,0.002099832125772843,0.0031265904523200493,0.0017417181326396716,0.0032373489260001435,0.005318855310125073,0.0028022991314167224
3712,0.005551120392445229,0.004542783604590201,0.005002341515109977,0.00505820240981737,0.0035230158127337505,0.004187189340100468,0.0061640471273047,0.0029224672673642204,0.0033027060737294616,0.006016576683907553,0.001794111457235565,0.0037583981452664326,0.004821412185823156,0.002147376268657927,0.004473406785053933,0.0032270911488486314,0.00561724399392803,0.003937227980627798,0.0019716183041826162,0.004706570298825674,0.0034266764095878637,0.0025959624915568406,0.0068034269760580135,0.002627793078310592,0.0012014805601506106,0.0031945444426722297,0.004217543845966359,0.002265211101413409,0.0040414812060263145,0.0026992600856570593,0.0065910960138599265,0.009359986927400163,0.014376952236334601,0.0021340145224956206,0.002635027289236723,0.0007089448755912428,0.00269157285712743,0.0019564494471308474,0.0025913606673546447,0.0024099210754648,0.002343040277103406,0.0018500036200073328,0.0020438568889770982,0.0043539315001740716,0.004183494117224619,0.004074272730496068,0.0036552616714468065,0.0032610324250467886,0.0026611765118992998,0.0042712356808221,0.0030559547650687567,0.0017249485454778868,0.0027951507839830574,0.0069720717041646205,0.007730384026440251,0.0017058534072054534,0.004913502037273187,0.002897293466825343,0.003239724414541191,0.0026620554969694304,0.0033370580023739153,0.00539579716177486,0.005082685868155068,0.004631993547308984,0.0028100048176492314,0.00491786126011469,0.003405510896790403,0.0037420851662936967,0.0024032667561721573,0.003037402522009317,0.004426300922253137,0.004406107381763302,0.004179255369843603,0.0036892653939668055,0.002399893026126099,0.0032607811122730137,0.006672643625377729,0.011955786383822057,0.003663446290253597,0.0026349862728406756,0.0037052406263440433,0.004514347765991263,0.0030883185576800996,0.0027454997844294764,0.0028096934252189285,0.003811955803144654,0.0034134840275790593,0.0035928803103849514,0.0016040569425213361,0.004312595158719067,0.00322145556554329,0.00980954035177378,0.0024642943335167907,0.0036087608729790796,0.0076301238877381225,0.006958398654167627,0.002585928693036259,0.0032870387958165914,0.0017809999165598006,0.0027701442815859577,0.005688564427511935,0.004172475774566527
3713,0.004643220964387333,0.003874823946769132,0.005144971394972634,0.00515388180165853,0.003440711585599496,0.004269695078026618,0.0077190386706647175,0.0028571729820341197,0.003054989759470433,0.007462441453402723,0.0018737345019756353,0.002782685580732748,0.004859458291514255,0.0023875048103977987,0.004219242090344519,0.002894312049578199,0.004289819776406899,0.003510842102271024,0.0019824667657214507,0.004678156981752118,0.0027654439375849075,0.002955337415627853,0.006651919103872469,0.0032710227360703437,0.0011504364381668148,0.0025653745374677327,0.0036866107908693872,0.002067691718631574,0.0041903619931025525,0.0025897423206145023,0.006133623436787591,0.009224111610030132,0.012418421207657907,0.0022736332867123762,0.0026521476325428272,0.0007106514774033644,0.0026114002251246956,0.002151980444082231,0.003010085760255753,0.0022320108590494422,0.002155317379300573,0.0018235838823216675,0.0021607178108863146,0.003769150071234596,0.0033145229723082342,0.003362738220378151,0.0031953679150416633,0.0032513736701233306,0.0026377243428118372,0.0043916458808797324,0.0027574775210241573,0.001697956907274697,0.0024562834600522906,0.006943469873672555,0.007895067908146852,0.0018083185045076596,0.004750590145188206,0.002530947721164733,0.002709693429931665,0.002287303294684775,0.0027695282786615594,0.005409535562723952,0.0036474324060049826,0.003769149440769507,0.002822295912501359,0.004268831631085116,0.0023246187604072637,0.0034870056434054804,0.0021472548645951797,0.0029792155950309493,0.004860963665943401,0.004150119253885644,0.003408529295822831,0.0037619745037473216,0.002214512234315779,0.003148420289154411,0.004705580838170954,0.012207430202074848,0.003604606265184828,0.003382932875264066,0.0029560560970266865,0.0050055227128423,0.0031825324610922096,0.002924028902521762,0.002864303728938146,0.003827183831938331,0.0029536905799817685,0.0032601493725602014,0.0015222586702788618,0.004051517667848206,0.003045179327390121,0.009783504339633221,0.002162472824398362,0.003655369239840314,0.008315401395579201,0.007320654700259711,0.0022591336587919836,0.0030842199446190223,0.0016614645813721692,0.002927400799468017,0.005676559067806272,0.002804461705576303
3714,0.004663897438850413,0.0037161109115218865,0.004893978355877685,0.005171297560231098,0.0031619371875450516,0.0042875173958160625,0.0067984306166453505,0.0027787488617506966,0.0031922733100026414,0.005206016751501936,0.0016667399032137251,0.002805041660554258,0.00521918163715553,0.0022010959509803614,0.0039003736991001783,0.0034738081261617842,0.004305244629706349,0.0033868471498856405,0.0019538242334950127,0.004538473910681837,0.0031129265152912726,0.002629348558896931,0.006152419628506847,0.0020584039239553275,0.001124943383278299,0.002613453757017684,0.004740140254238746,0.002053172844339624,0.004139898715436579,0.002557195128171655,0.0069415338681547084,0.009027274891109927,0.013050366481909019,0.0019911524381410993,0.002406396082934757,0.0006762075293621415,0.002043100972636193,0.002237585059939204,0.002754343700364794,0.0023654767176385086,0.002270926155428463,0.0019501719161474265,0.0019663953009901674,0.004388180877727302,0.002839931032979297,0.0033440533609338384,0.0027939923922371108,0.005534647297114533,0.0025266740084113315,0.0038200965433730755,0.003086126721039044,0.0015618151782628342,0.0023754093246497474,0.007027574620942259,0.007908114117974242,0.0018203955156504417,0.004868495625328735,0.00253057043720767,0.002562359423189131,0.002647781263226193,0.002959180490181843,0.005565804935707566,0.004204626227927076,0.004011838718465559,0.0024731835659393994,0.004521918919462312,0.0023152685825144534,0.0031343650655325486,0.001924203010013195,0.002866842521390475,0.0036022580223665094,0.004313214126069176,0.003334571000261614,0.003947866638689308,0.0022689747793391696,0.003099902250114299,0.005206897630023226,0.011563026093488143,0.0036258292067391064,0.0025890736600323316,0.003037174792800622,0.004747017116954936,0.003040924249741452,0.003001322498667882,0.002481695687048096,0.0038099745703787193,0.003021468653047463,0.00343733447356068,0.0014963994898890256,0.003500091011245381,0.0028838541931378112,0.009045525639707926,0.002314107654237777,0.0034514935653388937,0.008305392971609107,0.007148579407668601,0.0019971868893600125,0.0029044859780104674,0.0017900757078336963,0.002576981821898209,0.005622943330869802,0.0035432799397113676
3715,0.0051218138548059615,0.00418229843059667,0.0050499942141363835,0.0053058513850714265,0.0028907950574244713,0.0049850771630131265,0.006007372988753194,0.0028542399012351644,0.0030314644019361235,0.005176366421553388,0.0018317589782787147,0.002781940916334598,0.00629073879382923,0.002342884905771178,0.005506513762247943,0.0033937971092079357,0.005351731383390635,0.003537041172126451,0.002200043490001452,0.004445267948190122,0.003544033495799482,0.003182373310981005,0.007149561896749396,0.002809898527122678,0.0012802612212126183,0.002632788317274953,0.004357718758703088,0.002128326107206387,0.004006940581403122,0.002985687929019777,0.0069368421979785575,0.01093590078597367,0.01354678450180258,0.0020483830308325106,0.0030131377018555693,0.000801330981469369,0.0023008566469678617,0.001986470169333879,0.002812293644712756,0.002671206882493433,0.0023523686952131974,0.0020933152682123643,0.0020168774698143188,0.004317649533340798,0.003794145668520314,0.002850992823588665,0.0030544839836673956,0.0035559017648138873,0.0034272812462481012,0.004161518347716548,0.0035405828505298003,0.001711311584726617,0.0032153165772375006,0.007572234366107614,0.009912432869430929,0.0019509461210110324,0.004834594925594518,0.003270071083301242,0.002879298964544965,0.0023443027209734267,0.004409723001144034,0.005388869598326414,0.003440848689254504,0.004556843021004938,0.002838870150974472,0.00571023458828278,0.0035293443168897282,0.0034752290456956645,0.0021247369131827273,0.003290209982212361,0.005236315601271361,0.00465929622056487,0.003490963025096539,0.004198868095231631,0.0026122121304132874,0.0034116640339865575,0.005940571828355587,0.012159630930679875,0.003575782212062707,0.0028405342663733995,0.0031657337942056028,0.005523081112760204,0.003323842058297286,0.003109277675183086,0.0028013723852537004,0.003930663525139945,0.003246832817906717,0.0034496718071755487,0.001557685933653557,0.0034151774587891513,0.0030086757551731898,0.008933340006214666,0.0023646814650689655,0.003969071816340322,0.008636511992475004,0.007350094546091675,0.002467396805949396,0.002644110892803993,0.0017101363390797468,0.002831023446560386,0.005450999761181392,0.004871680023367175
3716,0.004723204176012855,0.004601019319193074,0.00481844342034567,0.006179179096181976,0.003252979749583029,0.004872939388821994,0.006861497081865716,0.0029774252362828745,0.003117912823317945,0.004876856588849509,0.002072217193550206,0.0032286650546351245,0.006315881647861396,0.002604321053660215,0.005466477374853852,0.003242883045642798,0.0042484966988145115,0.0041287404060672515,0.002323579154213476,0.0046189992393695966,0.004419076450785467,0.0033191654612897263,0.006505430550305935,0.0017512327745720388,0.001199875887981334,0.0027975024815261244,0.005130648849669607,0.0022315486662898717,0.004572900354716296,0.002900679503642448,0.006888746433990802,0.010964036659804709,0.013733550175061792,0.0021774776843611725,0.003028861296339251,0.000750305984513144,0.0023940098808192924,0.001729353621138488,0.002856003580997559,0.002527024334348344,0.002180397044318559,0.0018823978646214288,0.002445920231837878,0.004139496660433372,0.003814306653317386,0.0030990677246522944,0.003338376883678456,0.0029941594746399425,0.0028971988030270014,0.004970444086461432,0.0035344970674991167,0.001772514186043536,0.0029784476467414156,0.007163343370110561,0.010040946817983567,0.0017088960512372095,0.005031629271464379,0.0030539236393702708,0.0028974209656066063,0.002504403871249,0.003578799497585243,0.005419155529979503,0.003940810061624457,0.005462363251832256,0.003144638980726611,0.0039050584820359544,0.0024193552086210993,0.002827962093533332,0.0021215208299726162,0.0038347365587179457,0.004715356529813893,0.0036811665400949987,0.003609337737892612,0.003994229341714133,0.0024568240944612884,0.003342161119493826,0.005096357720443521,0.011629698299214251,0.0035899578017187265,0.003001386270683192,0.0032596055377901384,0.005077604875731394,0.00350995046783969,0.0032113190843735353,0.0030376214749661917,0.004128320419756716,0.0030977605495072984,0.002985790822133142,0.001529469047046412,0.003343361208693815,0.0028899826669232824,0.009352548082655942,0.002397081773785431,0.0038411578048951093,0.008313488478181787,0.007350094546091675,0.002697390753515469,0.0030857776529244667,0.0017558521897778523,0.0032692535595625545,0.005561206986038623,0.004623639745612523
3717,0.005496779089703916,0.005102658991230473,0.004792961368420942,0.005296830916748786,0.0035188691837154695,0.0047545512225443155,0.006144775192263103,0.00328871805683546,0.003319292497162728,0.005374819819697168,0.00230142828593757,0.004047526128502095,0.005341444134493908,0.002789020334381071,0.004947057904144204,0.00340774563660629,0.0046070038492845725,0.0041971251311706806,0.00206862718497063,0.005944431115832829,0.003953707698642694,0.002425602611657749,0.006411646803233512,0.002090071967750719,0.0012302804584629534,0.004069194607653435,0.005471449703197886,0.00202360698825245,0.0042140134007856165,0.0028852079322517054,0.007121245549176825,0.011127259701812227,0.013585570410957174,0.002577966103607715,0.00335226387244081,0.0007754601025426422,0.0029969100247596043,0.0015866855619471282,0.0025257776900845593,0.00255523852138818,0.0021397894258581066,0.001991680495067674,0.0019027793390395478,0.004327867045881469,0.003571752350444997,0.0048863389600201914,0.0034306580499708973,0.0029109297431378256,0.003344858931543748,0.00494231462461963,0.0030750687480802404,0.0016478689866860135,0.0025051350712808956,0.00726668692074962,0.009474255783382197,0.0016122175047205123,0.005190759378854006,0.0032741414283192997,0.0029482533013655866,0.0027059546112896665,0.003392434870561217,0.005541841350306136,0.004226797267633231,0.004404511458154829,0.004007040938447503,0.004143262158527777,0.0028906508649420917,0.002851085784561327,0.0022958754262708218,0.004502755117053695,0.0050068022927095305,0.004912302096831852,0.0033105964785429404,0.004868704484458006,0.002508678091523413,0.0036469074325769994,0.006112193201066997,0.011626420060206095,0.0038904260081772416,0.0032728489030067415,0.003083382733848724,0.004984097722811715,0.0034456130854882945,0.0035656511820200943,0.003618061684229687,0.0038205012256494995,0.003453139200036987,0.002716774891895697,0.001690396644096214,0.0038303539181191943,0.0032784373262343906,0.00897872393593398,0.002466594450765519,0.003742284645283113,0.008355252322395304,0.00699933142000936,0.0023318746862987937,0.0029379198925182336,0.00175567920658219,0.0032796167400269307,0.005792700634660985,0.0043514193429976126
3718,0.004504164237569166,0.005331832824090462,0.004944622581274429,0.006229692085834926,0.003205758888342692,0.004797312883424219,0.0063102179176817595,0.0029631891424551416,0.0033836865045126477,0.005907816144384545,0.002216862732831002,0.0035954399607245873,0.005767239482301786,0.0028132965397710723,0.004566095473394376,0.0031798841294813944,0.004182723687504301,0.004419152385216382,0.0020050065496546683,0.0040844922440846955,0.0043602579005072644,0.002576315425591863,0.006057792426148624,0.0023609540824732103,0.001171853940424891,0.003151259874059799,0.004708702963297641,0.0020854459192319484,0.004551891767495964,0.002637803652794367,0.006776106609845175,0.010901610254470551,0.0129767700476054,0.0021750259711689006,0.0025045966376044905,0.0008056383969967417,0.0026870271658033474,0.0017700003302055648,0.0025030445280661683,0.002549492541057429,0.0020827312296583704,0.001874089444702578,0.0019351936090791794,0.0037789513581233396,0.0032563160482180606,0.004781054907199562,0.003403893109978617,0.0031128611464401675,0.003105627831912826,0.004233576578177941,0.003137528074745526,0.0016831216024673825,0.0024558260618426763,0.007153457971355915,0.009794843026589145,0.0017822742036342736,0.0050080798589174445,0.0030315241951065137,0.003065574010506991,0.0027691433358424185,0.003735808360548,0.005292564286923282,0.004353619962355147,0.004554519865698841,0.003758679790257075,0.003765804275554458,0.0025019917935876885,0.0028336176101403567,0.0020859406044741696,0.0038189530453915507,0.00501918652741994,0.005028864610343753,0.003391004487746104,0.004328459806550808,0.002460107757998843,0.0031530594714820376,0.005157537794512989,0.01101246311189495,0.003956933244267507,0.0035118955222196006,0.0030762882461206646,0.005421976051949766,0.0032331385916847632,0.0031657140325541165,0.002979073267750495,0.004035478766106471,0.0033113528311136575,0.003058688691110628,0.0015568039463669725,0.003647505460991164,0.00322993824453174,0.009410606867309101,0.002010966863403858,0.003525493684375926,0.008914133003408013,0.007317688843800144,0.0022573470280926743,0.002930351023582799,0.001641548409375424,0.002465003366411165,0.0056783484389229325,0.0038451817863577363
3719,0.005197916679467566,0.004606628500047991,0.0054954826543962085,0.005714635560449528,0.003210896520216727,0.0046282838477340995,0.006511021238860587,0.0033880683095839155,0.003520459293558333,0.0061325244030494865,0.002548852930764955,0.0027886046050438662,0.006332457733787575,0.0026586002628116658,0.0038875136038492145,0.0030973310234076157,0.004066144533905847,0.004154658530542257,0.0019421755024902631,0.004881859905772063,0.004228050426949856,0.0025450284590914003,0.0065144124809972895,0.0019274756417081487,0.0012015742809231792,0.0037450819871883718,0.005317569019407568,0.002164317050488321,0.00453061527700462,0.0028077304384315238,0.007267081352836081,0.01080563847100428,0.013257927745340263,0.0022246249098781487,0.0026949057123679893,0.0009158523665751439,0.003230604665739211,0.0018429779520958002,0.0022516132603082727,0.0027166796690530595,0.0024204243031853774,0.0022234550290047986,0.0018452954794313157,0.003743322877479539,0.0033045468704645197,0.006095095060054698,0.003253708529900876,0.0035078556688280423,0.0031493214221464585,0.004942286234581269,0.0037105281053287816,0.0016101503060363146,0.002556410895183322,0.006909742009119639,0.009774476389611575,0.0018283100222458394,0.005090606546931653,0.002888202290649488,0.002934728797852745,0.002751300352759587,0.0034905568225007426,0.0057797842073554415,0.003926229944386237,0.005736770128634255,0.0032382066281005204,0.004264012460027898,0.0022548998027764784,0.0029140488767075293,0.001987087424972652,0.004119385911096402,0.006540313778346972,0.006772279537480166,0.0033325972151364344,0.003950293749244341,0.0027037714249169434,0.003549575989992439,0.005392441727540038,0.010878166984396259,0.0039208288500814075,0.003477556554270255,0.003304877146919487,0.005344562187636948,0.00334164862749064,0.003292401910555083,0.0032636412508706167,0.0033772400253921204,0.003066618717776896,0.002817188087284477,0.0017340520192134308,0.0038085726459743596,0.003010129101245113,0.00948432323240064,0.0021119945033670376,0.0038316374210388515,0.008830439891527223,0.006975980637763114,0.002269409612537595,0.0031525734728739853,0.0016730335850236497,0.0031814750305390552,0.005671343890939384,0.0054128799875918475
3720,0.004275678749346766,0.004239776247755931,0.00504782723055957,0.006471416473093257,0.0028584751097706492,0.0045194831638720135,0.005493499919142177,0.0027850461533822507,0.003191944985930506,0.006291506701752331,0.0022298262707266133,0.002568575653043897,0.005817145156483609,0.0022968606607648347,0.004432309132729566,0.0041310670017645455,0.0035760324596414146,0.0036895005080638684,0.0016623504590493605,0.004010226888222757,0.0038600216249881107,0.00248602948514305,0.006933339484889435,0.0017202048001795894,0.0010480738239289505,0.0038057513985205213,0.005678029528752649,0.0018670647059833598,0.004651398967787891,0.0027209779730388525,0.0065695726482537875,0.010985024525455403,0.013037778614728882,0.0020398601412280524,0.0019324893502413534,0.0007486329876090326,0.002525096866919467,0.001847200879795264,0.002516247290131443,0.002405154132710567,0.0018981081291270894,0.001942587493846863,0.0021249033210117376,0.004037742093096438,0.0026781786918559074,0.006861583978647466,0.002585205505702272,0.0033212827683791342,0.0032842583855023574,0.0039634917197605,0.002593035970642294,0.00178320658725296,0.002323986514265805,0.0070124071772516075,0.00968857651528341,0.0016497631388872585,0.004983320404342569,0.002596348820783985,0.002666719188957948,0.002728237069364255,0.004866303260087557,0.005288586563704695,0.0037502079186430034,0.004366388380476536,0.0029351165437496033,0.004349529957122572,0.0024485564748593135,0.0026770798553450957,0.0017808689839627645,0.0032075094913735615,0.004822708817721871,0.00386068660594611,0.003324328232437353,0.003426659797246515,0.0023261792563268463,0.003182942127230998,0.004911692254962342,0.010769579558347637,0.0034684936496691336,0.0033917168469259416,0.0030541722179218724,0.004774668194551091,0.0030080800585341344,0.0028735551705311242,0.0024662107806544325,0.003901091873499821,0.002575941305654918,0.0031208130134272984,0.0018362863196941372,0.003717340186473375,0.0031672423125286052,0.00946674020422937,0.0024415664858820412,0.002792013215176703,0.00922267422396045,0.0073055257691036005,0.002061375549612724,0.0028109183643597138,0.0017697312035913585,0.002383264104660705,0.005678336140167386,0.003717966032593968
3721,0.004583118906885213,0.0033442539340424477,0.004906731101751618,0.006048813401717867,0.0031270440634719398,0.004436880504635714,0.005669786858623827,0.00293362380345238,0.0029972229544491173,0.005518747675133357,0.0019088597292050342,0.0027698039240959295,0.006051432915701119,0.0021686547401724354,0.004113232371823211,0.0034026145303934006,0.0033174507363834455,0.003601638590974444,0.0014540372816201732,0.0039774790280965805,0.003377978462786362,0.00201125213227525,0.006159513031196929,0.0021430300009681155,0.0010277291872131569,0.0026100277670771306,0.004692048182444425,0.001820843323927942,0.0041422653765696635,0.0023256303105638155,0.007782181917595869,0.010929734535961362,0.013276574731734532,0.001807969254307429,0.0019636181601542847,0.0007598771769417851,0.0020681037238534147,0.0018835705780692828,0.0028807615519608667,0.0024840353290092377,0.0021389593752953635,0.002213943829283526,0.0018686506164547355,0.004593946697114843,0.002768060569061457,0.006799254093792387,0.0028008007533084607,0.003550363269918545,0.00239377673807815,0.0030631193414230743,0.0022055344646796705,0.0015601623637939957,0.001887791779149463,0.006868739244729747,0.009566980357464122,0.001982800047903564,0.004799491983619561,0.002524334565823641,0.0025299160420000242,0.0030530298723174683,0.005705132178046084,0.00529451008067282,0.004421566940183198,0.006179421595151464,0.002918520620065037,0.0038118960907441886,0.002550688450547513,0.002887025481622814,0.002046194943959513,0.0031119567008858376,0.0033758790026705413,0.0059076189368369985,0.0033761000497883093,0.003330066502215698,0.002065443493163837,0.0043152623775927325,0.004928544359236915,0.0128235461544938,0.003528258789685536,0.002860849630215405,0.003135631497249205,0.004899761240765013,0.002591247304285135,0.003061636276212308,0.0023951611749667076,0.0038631334819371767,0.0028335162376129015,0.0032175521040549216,0.001487183901209624,0.003409108008951368,0.003242079644417438,0.009799338390479338,0.00242704958158808,0.0029100247523099936,0.010296996725170942,0.006982098417285253,0.002314211603239399,0.003012084320354872,0.0018160454198813307,0.0026620623972621995,0.005741935109840915,0.00400985487394264
3722,0.004690878227049437,0.003822364393387711,0.005097749488210117,0.0057093678454651214,0.0028474473237661783,0.0038635260334324317,0.005843494639151862,0.0028154687310742257,0.002944833089757127,0.005367929034288458,0.0020171292989251237,0.002513314982538258,0.005881832527011931,0.0024873588194469884,0.004958306832123893,0.003813260560696131,0.003419200970480275,0.003949143271716054,0.0015245410129665611,0.0055729583098737415,0.003095471147424703,0.0015973513766186658,0.00698904203407235,0.0021406203847436837,0.0011242861451916256,0.002658597735519479,0.004525455910880935,0.001699388315815828,0.005222167804333789,0.002613462153030125,0.007733151675436996,0.010889927156834305,0.013268272933159755,0.00189417480510806,0.0027623055497252636,0.0008397135230856784,0.001929439016684328,0.0018020396289471748,0.002673432955525188,0.0036357877508116057,0.00225360986314116,0.002489918181679262,0.002062939483296603,0.004608323769323981,0.002857021367261679,0.0066257042469767555,0.0029438059657453425,0.006036249298852653,0.0032252472756247744,0.0037692805536111923,0.003033447533809546,0.0014977864465792706,0.0024137269255003605,0.0069462927705022486,0.009768646908521084,0.00198962299361994,0.005026630876931409,0.003700703602084676,0.002848273740645331,0.002462947720739783,0.004839753149753658,0.005326430473045466,0.004639745758767491,0.005820417208727262,0.0032979527293778444,0.004087281400641391,0.002570753064069993,0.002709690685621679,0.0025222889117357703,0.0024298781930450594,0.003753583998016142,0.004198941204307803,0.004092054796150411,0.00404934232386106,0.0022377051950888765,0.003737892595327276,0.005751993797563257,0.012446957898726517,0.00361913218170889,0.0027818440470265015,0.00318691933117628,0.004509695821128946,0.0032806948117410574,0.0028698612211054543,0.0030756132260317767,0.0039907824423235545,0.003319461894921589,0.0030298293660371194,0.001053475570071496,0.0046858441327002585,0.0034964944233140676,0.010053650512603894,0.0022695248148880444,0.003956587352516146,0.008750680685561233,0.007114808671459972,0.0031300357688864235,0.003792754111951102,0.0021368264918338606,0.002837213644442997,0.005827156629086531,0.0033342350040776207
3723,0.00457532356809768,0.003899714133273351,0.004949449676456913,0.006678757902465816,0.002851263991519683,0.004116894484104474,0.005541700945609881,0.002945383666535072,0.002941313947656582,0.005264516030314568,0.0019388352555194952,0.0023025570231628404,0.005741680096802044,0.00246715786495129,0.004644292278320785,0.0035204614935857178,0.0034348918207237383,0.0038247722500293767,0.0014924708738740747,0.004959757788441111,0.003354378899032437,0.002021792987000442,0.0066451115016229155,0.002190105571603776,0.0010798395356292154,0.0030516959796343104,0.004261519678001936,0.0019514342007519744,0.005129737913407197,0.002803127010313807,0.007776662485496814,0.010942819581887041,0.013292356661081802,0.0020450303922337665,0.002785107146522375,0.0007780312471915736,0.0018601093269776537,0.0018585562907661379,0.0023636648862366276,0.003607170875373878,0.0023032915099389308,0.002370485939426021,0.0022047813662867846,0.004657485525482639,0.0028615883102811675,0.007002295628182127,0.0029780782137892874,0.004899865038829604,0.003186629470776513,0.0036391122230681086,0.0029320811736022463,0.001524112684560734,0.0022402931820795337,0.00692117803877848,0.009893482662253221,0.0019802498934187564,0.004629653256505244,0.0028606525157557545,0.003071339397616475,0.0024611406321575443,0.004680100943868546,0.005308914437525691,0.004223204057558204,0.00506978511138573,0.0030267297954585616,0.003945291422996947,0.00254827920148144,0.0027179429434036114,0.0024160512955435083,0.0027703600090427704,0.003933544509651902,0.003766748471255107,0.004128844502874851,0.004032530352460064,0.0020639783585778247,0.0035870278735583502,0.005992643406698756,0.012437805475926446,0.0036518515850663094,0.0029436010675282713,0.002929020101265282,0.004289048360422489,0.003339183011278323,0.0027139176849147076,0.0028156538682082444,0.004001564543798887,0.003122634037745005,0.0035404283109505144,0.0011261083838838301,0.004652228168553193,0.0034790679930940525,0.010037409972135525,0.00235275088392747,0.0034654656136759087,0.009098753883351825,0.0071397187619926415,0.0023299890492755777,0.003975905235881029,0.0021959157075191983,0.002834163344479667,0.00587173249814458,0.003680790648111936
3724,0.004481096429904021,0.004202714662323506,0.005458442307264256,0.004879339936324948,0.003572934715669752,0.004018313634676861,0.005910939997792016,0.003164671872389282,0.0032746260882453738,0.005913823879187838,0.002051060030570859,0.0032768519891347575,0.0051689079034586355,0.002819337303941588,0.0036394318193683196,0.0037053745648049845,0.004081631816450038,0.0034923056847844776,0.0017217076490664875,0.005948181594411638,0.0036496494491487616,0.0022658557530078564,0.007299890675079319,0.0023125150765909773,0.0011896928896460428,0.003222376068635653,0.004476836351676615,0.0019828915945537444,0.0031340863136315273,0.002810268368173334,0.007367876962177649,0.010235357969075723,0.01380081198858537,0.0022388293687533303,0.0020161852740602612,0.0007634873934197459,0.002533335223292593,0.0018043639535851577,0.0025883441266915832,0.0026383658523966226,0.0021496976282023685,0.0018510283931447373,0.0019208339630891592,0.0045602247959106,0.0041578311042777686,0.0076605172068078525,0.0027894240304085463,0.002780763624350028,0.0023226499512056494,0.004834640065085431,0.0028740908705880666,0.0019351685594683255,0.002600840598577551,0.006401937206128304,0.00848805226885278,0.001798607810793787,0.004501660810044782,0.002508839127047106,0.003464850749518134,0.002513541049791873,0.003077011594634771,0.005128568837845955,0.004448995994617957,0.003677892574273354,0.00320193460941843,0.003787083990728573,0.00372105777827986,0.0030501129446975322,0.0018661595346206447,0.004368052796271929,0.0037747451989278025,0.005194080307532773,0.0031370489752660163,0.003466515303896787,0.002112556668003753,0.0033495189983153532,0.0060106823525988146,0.011136356982866129,0.003625921503361855,0.00317632734072958,0.0033130615475612636,0.005063429269420433,0.002883352753626472,0.0030477134169638784,0.0028112442979828295,0.0038689009950091,0.0030479997759696024,0.0032879291537183477,0.001488304457555478,0.004790290188434603,0.0033808684316703813,0.008748419362743771,0.001958790279798592,0.003292912237669964,0.008481102658244524,0.006790866681817233,0.0020440271083438104,0.0028322983848229235,0.0016946829048381505,0.0028711926680985134,0.004502763443966085,0.004020405049444677
3725,0.004442784406245654,0.004374848125762731,0.006071712145503674,0.005412125120542181,0.0044467478358878165,0.004569992303714809,0.007066113539423051,0.0026161535492543225,0.0033048122562453377,0.005924713518252558,0.0018895502694168,0.0026504042458772472,0.005638245922403951,0.0031036341707617113,0.0031460469510858637,0.0035787318719569423,0.003590901841183197,0.0033612536678239227,0.0018342913518453671,0.005878515929592276,0.0030129505191778395,0.002161703264121734,0.0070678281400124035,0.0020986080042505197,0.0011009495310205927,0.0029757348343875424,0.0040948158493294765,0.0021940756592774184,0.004400904610933965,0.003076185140986806,0.008447027593960753,0.010400473212309557,0.012805558720175768,0.0020862818835941693,0.0022426692549742657,0.0007072783083330068,0.0022611537888952917,0.0018255887916531635,0.0023308520784435355,0.0024651089146033975,0.0020217759358633247,0.0016949584675915708,0.002122681389087057,0.0038508820656753605,0.0033410777194395926,0.006841929405143186,0.003256545575397683,0.002925579918842881,0.0023617529252914072,0.0032079102568141503,0.003177586685927739,0.0016642137029342797,0.0027136640107255166,0.007898434122893748,0.007255633957807465,0.002044564748149057,0.005164739600163372,0.002933929202682989,0.002477652919060735,0.0024209689056940613,0.0028502706989845155,0.0053954036373560854,0.003509738139053462,0.0035193661911681376,0.0033149205788495693,0.0038666595514844078,0.0022630464532593774,0.002836909033373912,0.001869802566264253,0.0026275676124596055,0.0039401113535630266,0.004837832003775022,0.0037117263611766487,0.003373876256126315,0.002078001193497428,0.005125348713906774,0.005198401942345012,0.010856255521746289,0.003240001986336774,0.0025134666461743174,0.00372573346218258,0.005586380111960611,0.0030315661617867358,0.003277645273447612,0.0024720450133799404,0.0038727183309995193,0.0028519043955393076,0.003113672472202195,0.001536170299494539,0.003771646845722744,0.003323097090144693,0.009036474313722898,0.0020807709269025547,0.002968328199258659,0.007284361204711203,0.00724467944681211,0.0024190551165126496,0.003850661965006342,0.0018041739778836855,0.0030278670846578333,0.005655519580174928,0.003197191969995577
3726,0.005086111349441424,0.0035115348752192263,0.005286577472471733,0.005898144999813489,0.002965645610269662,0.0035966363176327732,0.005734501563637279,0.0025076939252643036,0.0031378306374793895,0.004920150299574116,0.001982677087776096,0.002835492835376756,0.0059477157447651975,0.0021613855975047723,0.0028614102328165915,0.003881277949648004,0.0032802303081273733,0.003303899468084232,0.0018017384086606053,0.0056952830185277295,0.0027704414242077187,0.002584388810190274,0.006022760632779112,0.002027368054189521,0.0011036885285606712,0.0029907168626387122,0.0038534760995010873,0.002188797852588579,0.004485752359188285,0.0028709362023416987,0.007528156865931938,0.010393063719172538,0.013216012108805325,0.0016808191286790191,0.002209330563786301,0.0007711613170269659,0.002052182451274538,0.0019646851513979184,0.0022903104648542044,0.0022115829568883595,0.001990260753752719,0.0021952743816868554,0.0018513085402129315,0.0037892484264431055,0.0033944801960132938,0.007421478560624936,0.002742624340680063,0.003225491932962618,0.002406058634165992,0.0031469675496676925,0.0035252410164639154,0.0015672123801543807,0.002376831481652419,0.0073416497265022885,0.0066509387709256735,0.0017847473104765086,0.004627323602280758,0.0024843645803170286,0.0024227244359506547,0.0028488731584688253,0.003685029654667265,0.005840389442192396,0.004197603923639291,0.004054746154402276,0.0030206433378364593,0.004652479823520899,0.0024130710436571744,0.003025674341787876,0.0022263383150470926,0.0030863148484604488,0.0049116235251154905,0.0043852952869710875,0.00349771079853143,0.0034805951446204705,0.0021326557022471088,0.006969605910626922,0.005702209386889811,0.012427540146610662,0.003295177607581155,0.0022696823642306655,0.0037495672530862834,0.005561840250263972,0.003195608523112554,0.0029446218061908434,0.0024004599162921973,0.0035688715199804675,0.002760979501976948,0.00323830300800787,0.0019527710182864,0.003942104091609769,0.0030563951484205666,0.009407451787588004,0.0020347462932660187,0.0034978183772329382,0.007912703003537427,0.006985703145026821,0.0020540725749173825,0.0034738231845822575,0.0018024861366433263,0.0027147132359308856,0.005921059252956343,0.003957901028851792
3727,0.004307451518232289,0.0036997333454506717,0.005096724684023134,0.005938630913727043,0.002875087282303698,0.00412712134148335,0.00580304265939119,0.0028091754648467354,0.002914005981703481,0.005060704917603275,0.0018934645812507484,0.0025106850794101776,0.006013381986422768,0.002283593755852557,0.004352034239278055,0.003409348944687836,0.0036789356746470023,0.00356173369041976,0.0016259293966051826,0.004353755954814486,0.003049578642194034,0.002442581087374647,0.006593283398628239,0.0025176295512023953,0.0011037542313490527,0.003669819171367296,0.003916916192833711,0.0018944087949535927,0.005250069937649512,0.0029541353996718977,0.007770921760806465,0.011870518013927878,0.01289573412252049,0.002123036978817903,0.0022331340752134283,0.0007979914454161616,0.0019459478114847739,0.001829148778938285,0.002391221327718949,0.0024666156072714216,0.001972727975247819,0.001860554266418657,0.001770904034522394,0.003916736966096222,0.0038972413604210377,0.005687583527315333,0.002684823937832981,0.0032590250429514137,0.00399681721901885,0.0037109507813421943,0.0029281130169030362,0.0017549384583841116,0.0024714643342227966,0.007151563102288651,0.006821860114036419,0.0019411846518503123,0.0047133365513039125,0.0027343710407536958,0.003065610173752326,0.0023887720845062995,0.0034540384898106326,0.005302829527774253,0.003241543136167792,0.0036447872266318513,0.0029150029580747904,0.003759606035818113,0.003311787261320948,0.0030826972968436336,0.0021112589632360846,0.002524272454532429,0.004619939979724506,0.003993034263409222,0.003920935650915721,0.003104171956374383,0.002120564238710321,0.006603880449458732,0.004887220373399833,0.011597850874906737,0.0034569660266840123,0.0024545672598923593,0.003616078631883526,0.005387265607525183,0.002914146250935639,0.0025523909606251635,0.002744663882270503,0.003964370670114757,0.0030771169223429862,0.0032594978613948345,0.0008728875449147953,0.003363463285112877,0.0032128976157453585,0.009213729170829882,0.0021011609447433447,0.0028854377183311747,0.00873165390397907,0.007066289491909849,0.0023482012077396747,0.003035627491833744,0.0017929251609534412,0.002900774207456698,0.005683375280446579,0.004696022989962772
3728,0.0043152150086752,0.003834778857140823,0.004984565302568344,0.008647802332253299,0.003059205791018154,0.0042065268206620335,0.00571565927795328,0.0026855619292093773,0.002738859358789732,0.005316802346130794,0.0019829079054220025,0.002593364416891191,0.005549182628811844,0.002420191662742599,0.004134135685299235,0.003156037825306469,0.003412066721277517,0.0032337107621346613,0.0016760447332242138,0.004346137340100078,0.003174846864966835,0.002518234657675702,0.0065426566485763055,0.002645023133617776,0.0011377475611103046,0.0034364502549958063,0.004130576472553731,0.0018864694135308701,0.003684948327232981,0.0028873790942763344,0.0074256706784492305,0.010746690508040266,0.013073647860383295,0.002086720069998246,0.002342292569061335,0.0008016681066357692,0.0021423070373984025,0.0018981438696710814,0.0018516445731059804,0.002235403021782239,0.0019191304394778604,0.0019640314585118324,0.0018558520834186178,0.0035746695537306923,0.00335616455133544,0.005700433111590079,0.0028116365122135886,0.0030163850638741043,0.003067116908873722,0.004013518012375897,0.00387544804998623,0.0014952141205393733,0.0027213451787892282,0.006931990425454791,0.006942777175579163,0.001970660112928801,0.004429042202551449,0.002920457970374152,0.002433010473897363,0.002302030135673246,0.0026932222993018653,0.005308238883102118,0.0038908210830944784,0.0040212742580826724,0.0033263348828965205,0.003957286765835155,0.00222854395106284,0.002914582268203182,0.0022584319258961215,0.00251892883472177,0.004125152821950385,0.004481788008789326,0.004124185211028492,0.0032166306254469957,0.002153441032922861,0.004282073843316954,0.005572060286258652,0.011518350597059605,0.003414077446381417,0.002570025666186837,0.003613533001374588,0.0054699786934845895,0.0030547222153683683,0.002889048612513277,0.0027437872673958205,0.004039989449046005,0.003178731113885623,0.003145152868423347,0.0011719586952434297,0.00396741179414158,0.0035560573553528973,0.009145588917696134,0.0023827069456156596,0.0027375063814816243,0.009178811518074792,0.0069725640709600144,0.0021743344478508428,0.003080254278720161,0.0016649732332081515,0.0032941704691614106,0.0055662362708784,0.004041496495354504
3729,0.004624589271711098,0.004514747988918706,0.005178036248554426,0.00522264408742689,0.0030371713798608376,0.0039844859052054335,0.006162874929729097,0.002624903742048586,0.0031847315177985064,0.004674737454020232,0.0021084296173172774,0.0032105083597047906,0.005921625183121189,0.002796692175151598,0.003207900368393183,0.003908445918805292,0.0035098740326354916,0.003200691597447057,0.0017452305794529695,0.005377340213793362,0.0030853971057072686,0.002329068918520626,0.006404751337830152,0.0023579515336038083,0.0011780676936562076,0.003185461525564637,0.004518260968487178,0.0020403060559784736,0.003961744420752768,0.0026403024222418285,0.007906713258716506,0.010749111353987175,0.012988355478023949,0.0021045353123064527,0.0023242534581239672,0.0007775466920546864,0.0020428791178406787,0.001726888120947328,0.0019407439473754918,0.002378634665643995,0.0020683926673624913,0.00187696832392339,0.0019120007064986598,0.003816601634357894,0.0032091374485555646,0.006333973216014871,0.002854587067014664,0.0032183846238900823,0.0029149121094224724,0.0036994685845361222,0.003382000570519841,0.0017452527854061122,0.0023622141365652397,0.007088828350022727,0.007328092896917386,0.0020651291748142457,0.004779817300266869,0.0026593657686782104,0.0035432974696596505,0.002524576121219858,0.0036406836664579427,0.00554891681827835,0.00437676226529364,0.004405427541647345,0.0037364082126266156,0.004155298602689422,0.0022528612973877274,0.002554351858618605,0.0023318532496596693,0.00234811515735168,0.0038962382219979706,0.003961602793853389,0.0032033237558378213,0.0036238138215939396,0.002121236062458215,0.004658928689701829,0.00590694982751771,0.011311241265686677,0.0034899358090253623,0.002424888662756856,0.003176933385074352,0.005409448867730364,0.00302899265302801,0.0029209325502303966,0.002535342453353649,0.0040222759429311755,0.002878349139814457,0.00353286877350223,0.0018236645515257144,0.004306723701744894,0.003293842731302829,0.00950761820010563,0.0018173824466040044,0.003951498235272773,0.00829173331051136,0.00715659537679176,0.0022799099980455187,0.003179580687754563,0.0018022255663576613,0.002818564378729373,0.005649693401221593,0.0039110190327809845
3730,0.004844409773803157,0.004053834385652858,0.004951739558842624,0.005742501119046798,0.0029855797601562864,0.004287130567624845,0.007201530852810856,0.0025393012722512904,0.0028240090744824906,0.0053216567543935694,0.002174527525511185,0.0032916671500447313,0.00507179141969605,0.0027902321053305326,0.003246543185205017,0.0038047816071138,0.0032463582502426187,0.0035787579030090375,0.0019562470515240996,0.005692142193487241,0.003224818478172744,0.0021290765715018655,0.006868654328869897,0.0022222874000807392,0.0012050924022246519,0.0036927531102764746,0.004279934355070945,0.0020332085655871412,0.003948152392770619,0.0028343544922141105,0.0080764757197424,0.009170706144323268,0.013360509012542177,0.0026796077933360016,0.0024169634847172475,0.0007372621392114897,0.002154251643964496,0.0016890766933362262,0.001954293740825933,0.002310553982627593,0.0019985947014696482,0.001873639120731757,0.001871876118248542,0.00405123090251883,0.0034002201752601625,0.005994965778542437,0.0031377503175810603,0.003070809332865344,0.002880600162155136,0.004425435232107239,0.0031342560447929014,0.0016953415803782404,0.002419277028585957,0.0070032619386087985,0.0076751022482446,0.002092882877331421,0.004765702871410396,0.0030161592142775293,0.0029249522495161276,0.0024667912601751317,0.003527067455279706,0.005602483006019726,0.0045852567554620065,0.004612520315041254,0.00447612165942711,0.003972259575654696,0.003745168370722847,0.002603990589765235,0.0020087926784479807,0.004170496935243556,0.003898801634688525,0.004763109549365426,0.0031112167350324724,0.003999227364223333,0.0022759577810499104,0.00429320542385925,0.00607212061402056,0.011601618784794373,0.0037626263658549768,0.00252502706629277,0.003040089592871012,0.005155997331926974,0.0030615225954986193,0.0029792446586166268,0.0027588780394159716,0.003560516825972421,0.003090580007438534,0.003240656917784738,0.0014780741955387657,0.004088354728828885,0.003174219004589995,0.00937497906141032,0.002064367055652024,0.003724481140145172,0.007937579157767247,0.006788910524594898,0.002257089598486145,0.0028906033185533207,0.0017411940026292529,0.0030080348782779696,0.005448429205506617,0.004161781211140478
3731,0.004941102752991974,0.003977429879676218,0.005385949796556539,0.005726106878940836,0.0046382640820405935,0.006123220555885857,0.007162878133825833,0.0026233124819413697,0.0035587730072427146,0.005612582417783809,0.003090028098350277,0.004586269446452953,0.00565091392175457,0.003172564275746102,0.003590549410471601,0.004038177505017172,0.004680925794649906,0.004092609977050612,0.0026442978559905006,0.007161383917066343,0.0033756316749425823,0.005176212726328672,0.006723936801996998,0.0022348734879211072,0.0012563574856875993,0.003664094760839955,0.004824534264482185,0.0021678914163360255,0.00474493976319318,0.003136962635729217,0.00857029925649576,0.009334133196804964,0.013232339726391729,0.003481201965799561,0.002820191324548028,0.0008257788899747724,0.003067504127106982,0.0019418602602906767,0.0025830077159784415,0.0026494184690079962,0.001992537011404004,0.0024904818796605203,0.0019304550979740449,0.004158031930367371,0.0034444500048343984,0.006369908158629862,0.003784799397814757,0.003841761831362447,0.0030927954736772317,0.004285503226382503,0.0035114583021831256,0.001528175909661808,0.003228743958065798,0.006963417291281028,0.00791903167998932,0.0017677012445239998,0.004902431038186216,0.003576193044274222,0.0029479402374277745,0.0026066422063863864,0.003309850608786193,0.005786333693481796,0.005136463141039195,0.004110664082427444,0.004484028633607323,0.004043871735598333,0.003421669534715909,0.003096782486856072,0.002230827784111556,0.004141185492932126,0.006622535394951461,0.004812084252119459,0.0032623047289012086,0.003983524189925885,0.0026185746280336175,0.003427336348006657,0.009111578175468125,0.011794194036287536,0.003959617908485383,0.0031086347846576647,0.003389622247325693,0.004931754403457735,0.003330172870192153,0.003944168078878637,0.003468099760418858,0.004623976036730958,0.0029703594566851082,0.0031287188152077164,0.0019112971579554117,0.004290978603353807,0.0033353982372750107,0.009451459009618255,0.0020408458905053955,0.003801970794445286,0.007704214708354298,0.007105136181586145,0.005328631186462078,0.003018649933385558,0.0017154188571751993,0.0032276412239570194,0.005565156353675058,0.004276048821904793
3732,0.0059752079197423905,0.004136181478380462,0.0058027530889008146,0.005838485055667524,0.004338217982268854,0.006300129473523614,0.007036523259789747,0.002659858438573392,0.003683476880257928,0.005643231154825497,0.003083302911096797,0.004566053624997222,0.005213248872687697,0.003189830560455025,0.003506224920360011,0.003311359929860017,0.004057204901080345,0.0042553325621537685,0.0028660982476575517,0.007172363108176829,0.0035916487458376107,0.005889390056012968,0.006375312991874388,0.0022425246189846206,0.0012041010231241033,0.00408782673209856,0.005146012111149998,0.002182380506955584,0.004959968266106127,0.0032895315322613206,0.008912595963963118,0.009131343339282092,0.013290708224260171,0.003430761357429532,0.0027559225350795202,0.0008027231243295456,0.0031468695016673084,0.001894766717453737,0.0027330801642494874,0.0025989747828184537,0.002043701917352657,0.0024635682073230265,0.001847505778497641,0.0038469538695030743,0.003027337149962418,0.007188572863940445,0.0034562750068106163,0.004253012190307402,0.002818449325712843,0.004139094877287098,0.0033386815304013375,0.001878256266282696,0.003122878801443618,0.0070228437856808415,0.007965915365214026,0.0017779100487440183,0.004909599936581255,0.0036132239535272346,0.0034124611677390313,0.0028513556219261224,0.0029232739003288333,0.005791891998975226,0.004239056755647606,0.0046359708417152605,0.004253364658056908,0.004271124159508275,0.0028633969195973074,0.0027085421652129817,0.0023849808183607065,0.0045398079044643895,0.006178906279225312,0.005248400814832884,0.003293610209178669,0.0035995974184742704,0.0023683664324076832,0.0034805892080894017,0.009056262737251445,0.011755729861590715,0.003863425261933279,0.003361725700428065,0.003083253172915218,0.004863446915960299,0.003619392822615851,0.004040756807419898,0.003369152207527387,0.003558786894688431,0.003251608849609258,0.0027520836496432973,0.002378569254935065,0.004679416800885194,0.003457689280358183,0.00974969346240682,0.0018992711831946798,0.0035729672059187927,0.00795796678495467,0.007237010820255751,0.006497678602498352,0.0032307242105942026,0.0018070400034518785,0.0032183073827437,0.0055494724442354095,0.00420036267316892
3733,0.005628429814308666,0.004119762903002574,0.005743497111809813,0.005763206860889587,0.004206455339780346,0.006135185503266236,0.006797390490107569,0.0026258576422767284,0.004365728090631584,0.005448609053236008,0.0025017185363794265,0.003954566867042801,0.005477046288228593,0.0027023501306976463,0.0032109801753193875,0.003214352254364297,0.004492159012232723,0.004272498794080955,0.002021111415926615,0.0042847496508673566,0.003459849857271422,0.002441944377891562,0.006453436640953716,0.0024982611697016016,0.0010835506154870554,0.004196553190546378,0.004368365109444461,0.0022913832845057784,0.00413412421588918,0.002579586125885213,0.008463361943019457,0.010689631287489674,0.013547478706786974,0.00269124440778359,0.0027985108383790872,0.0008663912884367346,0.002251304883150431,0.001986607856533243,0.0021193394169870183,0.0026983759381847,0.001971252930263545,0.002227100544114316,0.0019159929313568146,0.0037614394157788255,0.0029322619686115124,0.007235133537732538,0.002422258323990448,0.004595048206712462,0.0027702685829746267,0.0034632725366978484,0.0036499760641842964,0.0017436456088553303,0.002772740871469328,0.007130209039681668,0.007793018085701908,0.001916693282578581,0.004538016809727239,0.002975255550004126,0.0028795386797264674,0.0028327760860420077,0.003006629644823774,0.005366540851215602,0.004203549588870034,0.004068062432099747,0.003910944903413154,0.0045236460061231255,0.002371437249490474,0.0024552907805105656,0.0019498567109649167,0.004313660506927504,0.005967579512758685,0.005306258512272424,0.003081884138815055,0.003781170588257241,0.002405712346560336,0.003368539651756298,0.0064376037015692255,0.011028925018640365,0.004045648912098712,0.0035558383341769387,0.002939108532579346,0.005461573158559654,0.002913189091820311,0.004297182565538682,0.0031181409258144066,0.003923462059410088,0.003262867096860403,0.0025935341221555446,0.002076388479274268,0.0040985499591525585,0.00338637488596302,0.009664254033509683,0.0018331353179508144,0.0038610199980792697,0.007714501068557551,0.007131181900868406,0.00689968971685643,0.002689797045579479,0.001736011544049548,0.003111330537330954,0.005463056510651289,0.004208912842218205
3734,0.00546548282632768,0.003666408589504918,0.0052800884638914474,0.0056973674607316595,0.0032279083721298354,0.005813243938748041,0.005677428282077262,0.0025554216741090125,0.0036687629844239424,0.004675522124442447,0.0019191045363791076,0.0030962558508556754,0.006097087569172138,0.0022232348382507576,0.004115025273587415,0.003208648547403137,0.003065852893816469,0.004336693465213349,0.00206090013606758,0.0044020423367997314,0.003618161454933823,0.0022061108755922773,0.006769787794609384,0.0029039863080187727,0.0011604376469861377,0.003134943196221374,0.0042645278637888934,0.0021947247792707143,0.003966592904176848,0.002680789317665544,0.008558302393780063,0.010842598907439887,0.01280647899883742,0.0020378316379110447,0.0025870069922938528,0.0007956493650790041,0.0023691341351455716,0.0018153889656880606,0.00207065408610286,0.0025604000702576972,0.001964841136243206,0.002581811997839792,0.0019263399398304882,0.004471779353762872,0.0028517365873962468,0.006901594298770467,0.003404909021016543,0.004567110344073367,0.002483059457837909,0.003522669391762648,0.0036019437018181165,0.0015923808299723625,0.0021520181952186007,0.007415633727791672,0.00946232891234689,0.0017319857387723479,0.004953257917761855,0.003155094779593537,0.0025666014068487252,0.0027174503626158798,0.0032243845645539737,0.0052938168064470955,0.004093798042625371,0.004180480512781314,0.003985604731692154,0.0037532460570785285,0.002296291047637411,0.003018505028364387,0.002004930581529857,0.003006286235405001,0.004653755991724523,0.004660963666900668,0.003149404155631548,0.004170021321100963,0.002135852031007176,0.00310468737555481,0.0059882118704379,0.011523321358330424,0.0035371643299162447,0.0035815040172772743,0.002696991895122122,0.005099014892665868,0.002958120188003111,0.0034332068219970068,0.0026540518882839483,0.0036383253478891233,0.0034135514117333583,0.002729636678890421,0.001999090683356952,0.0046788991565587116,0.003128302511522352,0.009837789415577062,0.002309363038162526,0.003928059618590988,0.009128428620114919,0.007152118003165252,0.0028778173135106575,0.003068069176188569,0.0017285202808159335,0.0027163737777213502,0.00584289581789751,0.00299011004592455
3735,0.005027829769181243,0.004160692994534485,0.005714452355715465,0.006016528484606047,0.003035065092359779,0.004000981231036351,0.0058636663547894175,0.0026349405924536444,0.0036016341635797546,0.004893412385693863,0.0017224633467843396,0.0027101099573535203,0.005987841975507705,0.002186594110503827,0.0039741680884102844,0.004166481459582339,0.00428608582303863,0.0043731491899968436,0.002371800914707205,0.0040190799080016765,0.003990971743855581,0.001999706022253703,0.00595427704117065,0.0022133569018029688,0.0010858292424454658,0.0026679049414724625,0.00453148800619529,0.002031008625021908,0.004219250333793513,0.002570188550304238,0.008245586948088298,0.01085070419699956,0.01279699351384408,0.0020621001670577664,0.0027521410304403816,0.0009031325128971453,0.0025986016789965568,0.0019042388281701325,0.0021213032443608967,0.0023887359405535143,0.0023220616233037726,0.0025012742244195454,0.0018147808728412752,0.004722456898759496,0.002739636654763265,0.006289750981362881,0.002862121058593252,0.0035073191211278535,0.0026152224020842287,0.004042456207695088,0.0034608451933104342,0.0015021412885878234,0.0021258335490225945,0.007088159912738456,0.00974308744286865,0.0019132228191261712,0.004709457232388184,0.003341420725756932,0.0029652851764198286,0.002565877614493518,0.0038082039713410506,0.005443210429034464,0.0044414620062044495,0.0040811046921912465,0.0033110256042776006,0.004986372637288376,0.002408245654226948,0.002812885926954608,0.002243577047915165,0.002795401680903785,0.003923930829647013,0.0051985883562117845,0.003182769696195679,0.0038486824092046215,0.002435989949084639,0.003219334779050187,0.006387708269880421,0.011495504836619557,0.003522542483557133,0.0035967714624247065,0.003079991316393693,0.004734074951145046,0.002847105477004937,0.0032742244790986324,0.0029888542096719343,0.00370197961167109,0.003249005561609276,0.0029589719184225536,0.0015146230874454017,0.005208267347940119,0.002978178846822337,0.010650046613605354,0.002086033389047118,0.003958905841756796,0.008981727998220033,0.0071848692866233275,0.002310073907186717,0.003064168816556874,0.0017068291286475108,0.0028224594490544367,0.005844309615637417,0.0031428481524422578
3736,0.004400677540563011,0.004245540858633972,0.005943334892503157,0.008213506292105585,0.003039058441145919,0.00419185269310507,0.005596490236336549,0.002780674255175428,0.002769547055052556,0.0045858610744459165,0.0019080744985295497,0.004131706792052075,0.005621676917049958,0.002327922138594086,0.004023149182532737,0.0035801074625412366,0.0032974478531494706,0.003572056992411602,0.002184863411038224,0.0041429456023622845,0.003092977962629438,0.0020187677125477906,0.008326384674542981,0.003330004152158054,0.001112306071169995,0.0024268923790058804,0.004277056465541753,0.001763804715173215,0.004158801644358734,0.002511970520784871,0.007803934002004023,0.010759715465212361,0.013433833350544551,0.0018887379992761676,0.0026580181482247917,0.0009832905396590544,0.002373581847347477,0.002289200127516074,0.002430325660207845,0.0024016975487901318,0.002431695570665764,0.0023752076632041234,0.0019609067621163007,0.0050330134478889545,0.0028941988936079482,0.006519624248026171,0.0030862521937287564,0.004005788489987678,0.0025787365810734813,0.0046692885207261,0.0033270299143003217,0.0016712187902933444,0.002152431953008521,0.007171261305450894,0.009815262239910895,0.0019354530773617205,0.004853166208555168,0.0024875317498390943,0.0028241533235044206,0.002790431541997163,0.005183422451524592,0.005484397937537718,0.0037569261041336386,0.004678645899751323,0.002650799037840294,0.005134488395390905,0.0024960622430052065,0.0029416893867979053,0.0022291025680390435,0.0026848640961254786,0.0049665339573185495,0.005104187639505716,0.0032859363901221158,0.003974993154966368,0.002429161752521816,0.0031885258392622307,0.006010696586558276,0.011561261757298087,0.0036885231342109167,0.002891965905079873,0.0033200423226842288,0.005039828980535851,0.002791444218778598,0.0033714774052287307,0.002773686111793311,0.003831261788674015,0.0031135066815275564,0.0029734247412080664,0.0015332938655036959,0.004170302768360026,0.0029643539717588065,0.010705834570683219,0.0023427315362777364,0.0035167306928667176,0.00848863947164946,0.007158579248302365,0.0021466397000563277,0.003209970548032688,0.001976408369294511,0.00263092431672511,0.005696665411654737,0.003083463619944881
3737,0.004588249567952013,0.003935009319520652,0.005956406019828736,0.005861176888130039,0.003209045012385091,0.004259733086741953,0.005707294726762165,0.0029041406147777057,0.002677246071855901,0.00430968219101192,0.002424071805870452,0.002838871442574632,0.005638981033109679,0.002561612129819889,0.0032271848555767697,0.003771450380215008,0.0038331573710559826,0.0038053441778639575,0.0015286571922468952,0.005543598459607789,0.0026554360397489985,0.001985680115671147,0.006945067500242587,0.0022146537011895322,0.0013045185237850955,0.0033260726294589587,0.0043809235929605445,0.0018754728308652267,0.004382247761891103,0.002395650206742363,0.00824489092329523,0.010962092785794778,0.013013279385605871,0.0018427629508548228,0.0029084424956764463,0.0009731173630680188,0.0020025168688407647,0.008024591549049638,0.0023376420428023337,0.0035033037702012137,0.002392569080432727,0.002460534204675705,0.002000470959006756,0.00518339073721195,0.00305739622372077,0.006222185948077703,0.0032413255551530747,0.004036350673777318,0.002813444229299636,0.004371546033395647,0.002302549376874209,0.001962177755742277,0.0023301679244075485,0.007383606376634928,0.009314228464099787,0.0019736465568067282,0.004875296677524491,0.003143829247152359,0.0031422197655805433,0.002668308470266704,0.004767193385550282,0.005427393226320719,0.0042241568766779175,0.004282104648484673,0.00272601520392839,0.005400829328568927,0.002529018504052335,0.0026347804800722074,0.002201377027314929,0.0027723285493926535,0.00461038794147624,0.004550007806378906,0.0036609689619948563,0.003912472828620306,0.0027137024417623816,0.003298630460535219,0.006507808127980973,0.011841902600171499,0.0035717149749953016,0.0023693239982351833,0.003340054451751679,0.0044827167203019425,0.003007376705096265,0.003303471744594146,0.003120382915906399,0.0037952233339490745,0.003125334509402698,0.0033424418239500387,0.0015434826199687446,0.004065000968630467,0.0028233735704804234,0.010587239725340411,0.0023133650490385553,0.003882357552549677,0.008730224897837445,0.007219650183899585,0.002208820371424434,0.0030455650881166477,0.0022921394399742366,0.0030769855371633975,0.006009766941077476,0.0034379980220701645
3738,0.0046297288003488615,0.004113377430794768,0.005595590046883016,0.007991078136239053,0.0034961078336443892,0.004589007480669747,0.005950411086721865,0.00328891247187041,0.0031894762171029226,0.005370206854999038,0.001859869965038543,0.003442809638610823,0.005181028338016446,0.002789805759835553,0.004122898564080219,0.0037633344549696103,0.003553178267618059,0.0039548384552822585,0.0019369720840793623,0.00496114058252619,0.0033023840561199795,0.0029145822767835897,0.009216344113196575,0.0024281584911466027,0.0012032546818652931,0.003018284971523904,0.0040450207124781415,0.002286969483476873,0.004016984007315858,0.00268898794806297,0.008018640819683346,0.010749666984798196,0.01454728834049532,0.002233972971134608,0.002305980078726198,0.0009417225070654406,0.0019385430383493853,0.006095034344881602,0.00209842579572608,0.0025716899440335938,0.002067833404771244,0.002251910583328868,0.0017293564800058049,0.003672370297434735,0.004058321071874944,0.005970696593679912,0.00366035539527403,0.003460616719970971,0.002840419048080477,0.004178932711497582,0.0029543988497231937,0.0016171328304735945,0.002223918690132215,0.0060349475371144976,0.007279780202574967,0.002089464577615495,0.004978436195602527,0.0024835525121121227,0.003642406597090003,0.002921422603833857,0.003507788248012008,0.005416719225322178,0.004262222108040638,0.003951795319586732,0.0028961087253832427,0.004397122800236347,0.0037208335067101133,0.003070304074244932,0.0021681283290667405,0.004535522652243783,0.004101046291905236,0.004666285957213565,0.0026764666634605796,0.003550528358678003,0.0024801236475823626,0.003106371849741282,0.005581961496482241,0.011452779285336947,0.0034636619840977723,0.0030418976911526278,0.0032856191008892224,0.00563443328803472,0.003018195562807612,0.003221568485996292,0.002519602833553265,0.0038489772213396276,0.002892811237733087,0.0029241918033993054,0.0016202808692438865,0.003889422005696252,0.0031077662281951855,0.009703193401714662,0.002232997379950154,0.003426258134411888,0.008410049163171871,0.006768378538771696,0.002667120992154871,0.0033288974667627555,0.0017771169120045585,0.0029419051762589097,0.005585434948785197,0.0035700298430018213
3739,0.004626966268401077,0.004204561914354287,0.006383165056617292,0.00640211449894714,0.00416157249891713,0.004718506827100146,0.006478971335233648,0.002740406920538855,0.003666228056952236,0.006729275591330101,0.0018287084565426165,0.0025412591727216123,0.005663479561186428,0.0031842200232244707,0.0039190185089404694,0.0034616706811025516,0.00274776750782293,0.0035742976290044828,0.0016643706603350018,0.005030719872448694,0.0035882295159802655,0.002424750681020146,0.009019754668670787,0.002336246453523191,0.0011154337008655456,0.003277229795433236,0.004326398781955971,0.002102312557215749,0.0041230805701752676,0.0027971805276631764,0.008510668390050026,0.011195817244951861,0.013208111080003904,0.0021052467390591184,0.0026764107167326326,0.0007126360614810171,0.0020012334361801574,0.002729872061770014,0.0027539942085708408,0.0023334603999844044,0.00240254884492939,0.0021751746109895873,0.001876052479945051,0.004181639805735698,0.0031523743338256844,0.00642545260748175,0.003611435550833607,0.0025736386700753477,0.002695740867839605,0.004294488750551945,0.0029605320466074407,0.001597892713902661,0.002708777749453365,0.006788098392662771,0.0073138538199593,0.001980593115031664,0.005085349198081358,0.0032092545582224977,0.0029982490919921076,0.0027179653535652506,0.003678089978818873,0.005473245685703681,0.004180826252958812,0.004610983820363219,0.003844969623605429,0.004593237007740946,0.002521806795292237,0.002798109790458692,0.0018047677655190053,0.0046135573580013455,0.0036986630964353433,0.006899041290611438,0.0033190191301976295,0.0039826350683330606,0.0021241644087822186,0.0032478599561869535,0.004960334412754684,0.010638543678943247,0.003458359095638542,0.0027652222385079264,0.0037233463508831517,0.005034608714135561,0.0028766064270367314,0.0032902222098183907,0.0025512404114348907,0.003838171094736581,0.002748021634357678,0.00293510052349861,0.001930378531268791,0.0033097902295055235,0.003182463118098174,0.009785161690397148,0.00200841169950728,0.002968803651045366,0.007539275289873299,0.0072742958259030335,0.002634393290075921,0.003975216810114638,0.0016771671648882504,0.0030138017543598584,0.005925212477298539,0.002732494437875759
3740,0.005022214259495309,0.003739208688572369,0.005569857681469899,0.0057544128894687135,0.0031373949498357616,0.00428076464503303,0.005690882994598024,0.0024325078178650313,0.002994626786449949,0.005337843596394357,0.0017446310460529797,0.0028294498592292125,0.006212762201522553,0.0024949048347726564,0.003780314542065174,0.004015872067698153,0.0033189957925149676,0.003543379150144715,0.0016367705625865779,0.005778846801088225,0.0029234093174914915,0.002060081250769399,0.007757927782557554,0.00190876066443541,0.0012226460286451914,0.0028707260171561243,0.004279499900583396,0.0020967407173739265,0.004302598347926055,0.002572035888572292,0.007925017851531917,0.011102110204467656,0.012942917889854999,0.0022289338882025924,0.0026122311642913527,0.0007709015225896103,0.0017665073194696682,0.0028490466173426367,0.002269495136294777,0.0022909676322899323,0.0019676954867006375,0.0020839221845587105,0.001733947597527788,0.004238219275140119,0.0033290202425018175,0.006925379407210144,0.0030164278260435932,0.003591874538700185,0.0024326353422632384,0.0038578285824687484,0.002724687209112337,0.0014547210266214084,0.0021841773512769965,0.007257077459341605,0.007459984803735676,0.0018874325918262816,0.004602741062706265,0.002710243890156133,0.003383757749008983,0.0024968782780888784,0.0028909029579502732,0.005645180538160953,0.004319014728480676,0.004664375704270764,0.0030052505092345817,0.0038214211645284015,0.0029433764040401765,0.0031039624019595017,0.002181873656859427,0.0038107658100819033,0.003761194759322763,0.0050345517013517214,0.0031198051505663873,0.0038968340087466237,0.002111830271013478,0.0030026033436854316,0.005864196326456795,0.011915289109359784,0.0034700719266660958,0.002788871959393557,0.003974080136775407,0.005190446326473744,0.0032233051983143186,0.003205012015401499,0.0024487798049713464,0.003852171427418395,0.0032324414273704857,0.002940434220177656,0.0017510360544042182,0.0037661738759704163,0.0030240961268527974,0.00926564773050741,0.0018250816465348028,0.00334044740150126,0.009048854874267846,0.007182465102499453,0.0020569588551455397,0.003717639441493659,0.0017462740184156624,0.0027184017492694387,0.005831487875816377,0.0028618393068451688
3741,0.004712603120588873,0.003372665895441392,0.004969020304446546,0.005370724202214698,0.0028922135868976215,0.0038375904335147125,0.005809197962635729,0.0029840026263485025,0.002762437500077915,0.0045159127189597715,0.0017244581375111946,0.002215326263041913,0.00571733750495169,0.0021835666966489656,0.003677539281182137,0.003510095707351737,0.0031281563236692602,0.003377908195613037,0.0015591080496974304,0.004320440015529671,0.0027458856447001964,0.002359028261552926,0.007366001284068634,0.0020718914729550655,0.0011215934607405743,0.0024968149619042207,0.004093767447792186,0.001864703668104057,0.005559574373275505,0.0027069292269952926,0.008014304155696622,0.01121744587225306,0.013036857529923397,0.002024593762469606,0.002364751110945128,0.0007417974613855414,0.0018477042205335096,0.002530222824269931,0.0020414785839723533,0.00224960006060818,0.0019879435268948444,0.0026293790280966112,0.0019203790733906283,0.0036579386273689197,0.0030659650883519958,0.0058512992540599,0.002803773801479604,0.004201027276482348,0.003241460903599345,0.0031700969629113555,0.0025135412613705894,0.0016462214737919922,0.0023220305062963222,0.0070739953945778995,0.007137462662747371,0.0019301009241123972,0.004694712417720066,0.0027533637629818535,0.0028145202411369386,0.0026610028313560573,0.0039621870514315975,0.005362979680352853,0.002859411046262821,0.004011890088797951,0.0026151723055063514,0.004860717641615553,0.0026402534519929647,0.0036156828797255045,0.0021476703095181546,0.002423243240384953,0.003957169197143752,0.00425046508484141,0.003174054793575599,0.003297481595239492,0.0024588602265916562,0.003090696869619061,0.0050213572494290796,0.011702553666318831,0.0033477059997253623,0.002473183595038084,0.0031471557095341827,0.004686969173960757,0.0028437301436138964,0.002967056550330387,0.0025627968981467935,0.003954635682646113,0.002503960134375686,0.002985345001896277,0.0018414827238793085,0.0036332517643567585,0.0030204437739423102,0.01008368318894695,0.0019516748218573103,0.002517596196832174,0.009122983176416308,0.007072657253137765,0.0022811388021927886,0.0029319885029364403,0.0017700999014069177,0.002703650555612285,0.005638250022955808,0.003465293288787478
3742,0.004601068313471151,0.0036835211223533414,0.004989280727165538,0.005516142075360415,0.002876800238612291,0.0038959350012099554,0.006308863799797818,0.0025886851952142344,0.002915044241789866,0.00470420757084392,0.0017803283060167608,0.0024702910089195815,0.005961896042970308,0.0020181650458931345,0.005240834470506543,0.0031355743469671776,0.0032878285979315042,0.0035744696690861383,0.0017544110386423137,0.004258294540229473,0.0032508525564781863,0.0025765978688298526,0.007618645617152026,0.0022118209568750824,0.0012398133279659129,0.002487851803824502,0.004222396963861083,0.0020255762757291473,0.004315170420172955,0.0026951934723379017,0.008348989832164044,0.010849260152745538,0.012676630744645931,0.0020027693900554876,0.0023811905773378538,0.0007810567618100596,0.002267213034009954,0.0025063906509412677,0.0017305899194039898,0.0025746902835170984,0.001997756950104765,0.002356814442498512,0.001920808090003654,0.0036804220229951835,0.00310600058730711,0.003007203496805476,0.002801081889584645,0.0038575846771606234,0.002859522392148729,0.0035479199364828818,0.002581233395977051,0.0015444309446183116,0.002477191161405623,0.007208710083768211,0.007188216338940691,0.0018298426645505259,0.004791791126298619,0.002686124742121812,0.0027464218077716544,0.0025220431710786502,0.003834075966466537,0.0053004524588200685,0.0028652900910691695,0.004207576303750852,0.002683349091114579,0.0050845609877880685,0.0024959745040242665,0.003638218698198297,0.0020724058565382173,0.002875354433565655,0.004172952025162441,0.004217938156232003,0.002929499547120872,0.003450050993903088,0.002212591223156538,0.0031512525116500884,0.005485397522385916,0.011513431923577786,0.0034799278173739305,0.0023855448257634696,0.002966411550939082,0.004829124740617742,0.002819490859325003,0.0029396134603789756,0.0026110351563446853,0.004150768819061541,0.002744582773636988,0.0036125817787612743,0.0017760905359695402,0.0033277428210138145,0.003019400690361634,0.009941633264303515,0.002023871331046544,0.0027287725696208917,0.008807769106740804,0.007117289685399772,0.0024625807262809336,0.002963049927266923,0.0017157599427093367,0.002572080929939788,0.005660264101091961,0.0031635227523862915
3743,0.00510522251433832,0.004189951934694382,0.004872656061677467,0.005912590930751054,0.0026661338013573813,0.006197077225953925,0.006477645301682816,0.002896523236204962,0.003173255122309285,0.004524135678803756,0.0019439961213118234,0.0026102243538905223,0.005938983895847322,0.0021709379049286645,0.00437384119818501,0.004214814022463678,0.0030395973449368076,0.003743920643495856,0.0019289478183516144,0.006511167947019701,0.002896020102678598,0.0022836207466443575,0.0062733437591935386,0.0020340783949967557,0.0013538198614046297,0.00351435696451774,0.004375510041481635,0.002087254911397191,0.006022438059292689,0.0024358060100991854,0.00805529496407558,0.010898761414950648,0.012981249293606677,0.0018485619906869043,0.0025810117020989556,0.0007661133901855109,0.0018879731403642127,0.0023340174512038758,0.002121253341040374,0.0037313315353917414,0.0022837183109927365,0.0025705004761550016,0.002398170644219451,0.004588531589609057,0.0029818483735639524,0.0029582358935251562,0.003120792758036962,0.005871480373639898,0.003057411679758164,0.00383092073291494,0.0027635750035213597,0.0017631459692753243,0.0024678852091640016,0.006927179501500766,0.007285835612325354,0.0019335815355385182,0.005126451802893329,0.0026170966217955527,0.003146151233256716,0.0021756081386507062,0.0033391864141702637,0.005542202567058605,0.0035563003372125293,0.00457474566078573,0.004265946914226169,0.004282304304072672,0.002952143702612823,0.0035554570383012993,0.0022335941560195074,0.0024663667318876987,0.004200921877509476,0.004029413243988147,0.003533707457869644,0.0038856234981110784,0.002056174961991828,0.003673186723021073,0.005097132547454953,0.01188410004718242,0.0036194643871585827,0.0023603222783739695,0.0031297051944325725,0.004168159407157197,0.0033625519209434843,0.002994412268169027,0.002780225620094821,0.004346912146390159,0.002872256260194455,0.0034344566396238216,0.0015075618736141525,0.003936921274934637,0.0034563548727458426,0.010763422985361929,0.002181779102229467,0.003904732599779735,0.008699297624768048,0.007183829453976622,0.0019644197771804283,0.0033330974352494456,0.0020709013897063835,0.003177327795338682,0.005725159788095245,0.00435880853302911
3744,0.005643073886412812,0.0037786611898943958,0.004817634271498181,0.005882466548685914,0.002720127718297023,0.006156266941116823,0.005843291375229268,0.0030062174742427716,0.0027926108292661567,0.004472950093308001,0.0022002077541544113,0.003038943459612994,0.005972164774515624,0.0021820332798999685,0.004504241696922985,0.0035550960667658,0.0029853458246700557,0.003724310666940098,0.0016659006071584731,0.006024111794281817,0.0030689442941143116,0.002166472090578754,0.0066361329913453265,0.0019000880326184488,0.0013724688800492333,0.002954254238866195,0.004265386000646559,0.002115781385885939,0.005155904919457658,0.0027939708594171813,0.008008659544918622,0.01120469483174245,0.012991570582493318,0.00196977608560651,0.0030785536374979714,0.0009307239129594709,0.0023184910210442555,0.002393894827478079,0.0020485753481316936,0.0036209537559855178,0.0023599506744715107,0.002552266356449522,0.001822458159890839,0.004846650075428004,0.003753733946467803,0.003471083767938984,0.003413019868655772,0.003721017308307653,0.0036331231376352884,0.003386953044274794,0.0029822802856875673,0.0017360714425350913,0.002561803852122099,0.0070699654041609565,0.006908568040449601,0.0019285492309784092,0.0054729588376587835,0.002940194947953841,0.0042479019711562805,0.0028895199566244794,0.004673933767408511,0.005393830751780906,0.0037005216785941145,0.005137194512336014,0.0039109150585750225,0.003862630712092322,0.002905891800533431,0.0034874873802319944,0.00241211887290176,0.0025409964270079926,0.0040203872626006385,0.004046551207492263,0.0036384657712608295,0.004006726324425454,0.0022135235772080784,0.0029917280143405495,0.005653570302336176,0.011273149342417334,0.004022424018686725,0.0025808188843347156,0.0032963136213279357,0.004961933695808152,0.003251160055718837,0.0029981373561131946,0.0028311281481514373,0.00431278975101429,0.003357875456054668,0.0029055682863324407,0.0014211092228720175,0.0039167609060247605,0.0031696167300835844,0.011043796249642406,0.0021060221515769423,0.004228839883539302,0.00838160300444424,0.007215523937433982,0.0018991856294665367,0.0031501819953450487,0.0017754763258706755,0.003408574521873325,0.005888466512407727,0.0038479779424846843
3745,0.005540765096241504,0.0034884649362420597,0.004802549515694059,0.005447617789307601,0.0027921419817353616,0.006157439935065457,0.005421706095621397,0.0026542521262915286,0.00273035332164542,0.004660979340786337,0.002108043398391681,0.0026783812603241993,0.005977353968495245,0.0023740734028686204,0.0039023521927096516,0.003447062707259516,0.0029281262303804453,0.0038373019536819897,0.0017682582739411833,0.006362402370476821,0.0028493374991567246,0.002233014473683339,0.006664485083325566,0.002195380368759498,0.0014084888182699015,0.003263943204528566,0.004391904870287087,0.0027146479195214656,0.005156022387264725,0.002595843766859575,0.008106425987671792,0.011138732749826453,0.013036506007787331,0.001872122957023485,0.0028335587026704656,0.0009718940096165704,0.0027626970040409804,0.0023425429606348264,0.0022445371384571555,0.0037556231460402116,0.002340559963163099,0.0025056613149870453,0.0017677301137041055,0.00449407293585444,0.003049315992363665,0.004192716012734134,0.0034197020695024105,0.003500372428416162,0.0035059392958515095,0.0034462037175426283,0.003032888677852366,0.0019329833356693418,0.0026410008837180056,0.007122675129193527,0.009524254382494367,0.0019505494625290504,0.005275826626550284,0.0031454872649906334,0.0033453038510707356,0.0026900749884028797,0.004732166351948736,0.005459693120417427,0.003716222864020957,0.004744702514084017,0.00384900629986672,0.00369915463572628,0.0028652942524926396,0.0030447308661221374,0.002182764373021218,0.0023643962679010125,0.003892035526431099,0.004351492552640323,0.003964010713273282,0.004142318022771242,0.0025088535881379204,0.0032580078551171327,0.005466426906333888,0.011973727313079899,0.003901789838695452,0.0026973411941357667,0.0031255388466209146,0.0050663242119142055,0.003159306680201535,0.0030331160704722506,0.0028200933303909018,0.004204921720391885,0.003274854666612565,0.0030289701182246082,0.0015141972308599504,0.004031470394229681,0.0036012751371874365,0.010806295673379368,0.001952216856398646,0.003815794653318248,0.00805938645309274,0.007219650183899585,0.001845704667326969,0.0029795628262879034,0.001799044822208684,0.0030332183938225044,0.005611170931772107,0.0039502191977388
3746,0.0063810185593266965,0.003286295155103417,0.004801050706543745,0.0056240395898026875,0.002830495483638672,0.006228379355652036,0.005878722684722097,0.002782147308628519,0.00260979793711249,0.005054709889974378,0.0020765775417653605,0.002768734769331432,0.005981056757258128,0.0023342930149182627,0.003744198508923322,0.004239195559471772,0.002872569320537577,0.004272431410587919,0.0017434839425851249,0.004668356344547847,0.003285411176829595,0.002347389110914606,0.006534636832809866,0.002258603102106046,0.0013998066910708318,0.003282180204847827,0.0044167976253141165,0.002602867849132053,0.0051707768888195164,0.0024386663072364237,0.008422901842140543,0.011109883788606218,0.013520679521237474,0.0017991780359358958,0.0026425871931058187,0.0009736228466833792,0.0022988179091179266,0.0020009421233816945,0.002302324808294012,0.00333102843977825,0.00228184616698538,0.002460536197804743,0.0018352593625950643,0.004417171481766818,0.0030501279866716326,0.0032618887371725575,0.0035464669337749856,0.0029664743088133184,0.0035078579925464965,0.0032121641580381464,0.0026568128148175196,0.0017729522624204553,0.002342441319463647,0.007170650294033748,0.0074276531959826106,0.001977343880441089,0.005114755806809946,0.0026340275327697573,0.0031640983839028632,0.002362955605658843,0.004814689858986637,0.005553818274296547,0.004343240832814628,0.003944623080753742,0.0027845439983482665,0.003779555821161157,0.0028052689931926684,0.0032496826726708663,0.002158693899537782,0.0024774538406390923,0.004452010201786167,0.0035360538245704245,0.00397189125674173,0.003697286616890527,0.002255746491724539,0.0035139563021151796,0.00575688055951157,0.010977963922837354,0.003822006496490876,0.00246066153395202,0.003184827219092905,0.004733371382940749,0.0031172599256429614,0.0031326618264899747,0.0028837201834376967,0.004184330704779237,0.003190417061322043,0.0030643177126618037,0.0014366360847264856,0.0041051185867063515,0.0034914356026222552,0.010727895880991434,0.0021161160084813982,0.003734810886854244,0.008942003213608643,0.007233601917665758,0.002197293830147908,0.002944400758459685,0.001740340508062195,0.0032559761391111794,0.005449280391094403,0.003468699092085078
3747,0.004611037028509767,0.003547092109259545,0.004746977014587961,0.005306915618834892,0.0029997698663374274,0.005991937322853555,0.005631564481947748,0.0027350094493241925,0.002957398566833106,0.0049676426972059635,0.0019451648806180714,0.0027147536936713737,0.005972164774515624,0.0023623252999435797,0.0030014360485979066,0.0040834928784155185,0.002742022448688414,0.003480520600325051,0.0018520228204288644,0.005124852706479988,0.0033990200208156482,0.002528118293505297,0.0065155812568043914,0.0032192091888686926,0.0011808323571879397,0.002588010587452764,0.0042158000771234565,0.00204853786372773,0.004858262207182565,0.0028119527149893546,0.008198629876933207,0.011176571793040647,0.012960132956950976,0.0018192688262009822,0.002853842056902025,0.0006795492486113378,0.0024499561022497825,0.0019400027062328577,0.00202110161239451,0.0030847606823607293,0.0022803160574439083,0.002473231377504384,0.0019180356602421106,0.004832620724371637,0.003145153779588235,0.002855393810099202,0.0030489199562590244,0.0035307879006705994,0.002829235840291583,0.003103276789767661,0.0025893603136047474,0.001699707796158859,0.002218031090004082,0.006855448068819762,0.009083870722273723,0.0019596766176191373,0.004616989860273386,0.0025268684468244037,0.0032551243178173895,0.002489918447994848,0.005253328437579795,0.005443075647098292,0.0035698929888829407,0.004155660539037565,0.003165305538958729,0.0038991647335617024,0.00258424406533816,0.003830909642545759,0.002309792606310476,0.0026616443629978175,0.003961096202085193,0.003463749416103298,0.004049564656917649,0.004095744132742044,0.002297893012048549,0.003208797360370054,0.0060053144849964695,0.011353255568657697,0.003718423722818094,0.002191095180250113,0.0033313155231914993,0.004741571819000685,0.003277338834868628,0.002925037814386699,0.0024588568818490193,0.004200330806826436,0.0033296647002177267,0.0030459577691236885,0.001465686468228265,0.003938634204607657,0.0026739912864783702,0.010558219571857054,0.0024076823853769478,0.003557480971831641,0.008838263942517455,0.007138444529822944,0.0023479729067091178,0.0029616186346517813,0.0016880048472121022,0.003537071188216508,0.005690686728216361,0.004109361959601196
3748,0.004909808974951341,0.004792229549340195,0.0054767585772906024,0.006375988689006741,0.00322978564879541,0.006025996255585163,0.006890640066263774,0.0028378586254357335,0.0037050364959137962,0.004347112041830037,0.002088589535494722,0.002961870745688002,0.006213730175441268,0.0022641098308937785,0.004574117118547731,0.004716009466580596,0.004982571648360756,0.0036063631039524044,0.0016697640075994432,0.006477699730763534,0.004373372624093439,0.002560804951339326,0.007116270564539518,0.0022910365139541702,0.0012822507885931088,0.002727114112468374,0.004658694644748921,0.0018746419895293545,0.006004285808199804,0.0026988239256910767,0.00830672321341141,0.011247696744928438,0.012893373184448581,0.0020189504569319405,0.0038268582228227995,0.0007657740338138328,0.002955803886117088,0.0018742135374936496,0.002256355212223426,0.0036551366449914446,0.00257881844067141,0.002823699612468468,0.0022796821071323563,0.005236750758297485,0.0033964122549772894,0.002975385624899497,0.00381878376335045,0.004457404085238704,0.0041756932741212225,0.0037102005728756066,0.0030688487969788027,0.001519069158141043,0.002353462087020541,0.007597502326091358,0.009900521968991974,0.002010642738424078,0.005123860551586424,0.0024726817439898346,0.0037973580764783356,0.002958156588070722,0.004663714384829847,0.005443035765032223,0.004211333679653209,0.0044374873370453954,0.0029167356022948856,0.0054318263083716145,0.0027693409689630378,0.003024385153207033,0.002216009289237891,0.002440618822622315,0.006189412769494866,0.003965446975176721,0.004266298890076978,0.004053126136863828,0.0028335260880888763,0.003696408690283158,0.00629388727783076,0.013448963978913668,0.003859018789585007,0.0032341053949628776,0.0037663724002668843,0.004884739098299339,0.0033506170019628008,0.0035306335525787684,0.003292986086914765,0.004181388899015501,0.003620347903613346,0.0032510159389046054,0.001924359495741784,0.0038307465109159895,0.0029187877032684217,0.011309888098444488,0.0023782821919402365,0.004061680285531881,0.009154627508394969,0.007318256109592975,0.0028837482652696272,0.003255594929959256,0.0021485791231782517,0.002927445639644559,0.00566572379756303,0.004182792396851272
3749,0.004971002215471782,0.004724807720130332,0.005283727496169064,0.005703105288495475,0.003216547738178182,0.006059571015926437,0.006140307278349119,0.002901261533444725,0.003419073680846328,0.005253904420589943,0.002291260689193862,0.00275326423593199,0.00616552949474968,0.002369657003070885,0.003755131782657429,0.004401162530092632,0.003653226091270095,0.0038133136229191746,0.0017114284812214154,0.004969638196551414,0.004419401524824614,0.0020323474072997546,0.007188557212657731,0.002810406976992861,0.0013191023316588139,0.0027245421251057716,0.0058379977150815636,0.0019224371604072373,0.005718853149387473,0.003226568310699027,0.0071770651737735796,0.010893596790021422,0.013117619521965846,0.001924986788107507,0.0034417272392908457,0.0007581033149299392,0.002791984788708214,0.0022274323478781613,0.0022788000651471755,0.003696103997265228,0.0026853577179294305,0.0024155824569613497,0.00215057026151409,0.004916823308366939,0.0032138004306018634,0.002993575670822686,0.003693274506904281,0.004033722680907258,0.003118544683120738,0.0037629798002573257,0.0035701591790386444,0.0017285705107281239,0.0026120821296216185,0.007517470951364355,0.009815761426721682,0.001944592597217588,0.004508652993185329,0.00249111513047143,0.003183170466949585,0.003032885910705549,0.005310566356865626,0.005411048032063335,0.004637617603386883,0.0041333727965683275,0.0028247897349564875,0.005903859972850232,0.0028838228204109864,0.002881531556034953,0.0022289121371770336,0.0027119157159782308,0.005012880988599623,0.004503099620405462,0.004120200808486976,0.004000107082530554,0.0027745196910140277,0.003546660794578543,0.005864865108641252,0.013852044119900665,0.003959325059343818,0.0029916418490813757,0.003462212624858109,0.004432033333777972,0.003058310340869584,0.002827150305024813,0.0031025782838787477,0.004271986973740421,0.0031416069167372524,0.0031009723967570964,0.00197029034739362,0.003999916498459442,0.0031484372640459887,0.010642774180861838,0.00254974897986692,0.003545747644134461,0.009550357660820233,0.007197010436196887,0.0027742067980817083,0.0030013716467516913,0.0020525147698875765,0.002907963214006896,0.005775404984635737,0.004147120296312893
3750,0.0046742951949289395,0.005029876349885695,0.005225744927800675,0.006225898113516402,0.0032339850421885994,0.005843076658979511,0.006222219901278089,0.0028412923028599685,0.0033815527724484376,0.004928801738919719,0.002227692436082118,0.0029798857780142674,0.006192938124357916,0.0024486458833936743,0.005234757888175148,0.004532212788740194,0.003774377135655388,0.0037729012534183834,0.0016753924988715245,0.005577109569358688,0.004511658341494195,0.002083733358034517,0.008275429344089102,0.0024765299277649095,0.0013104209844069317,0.002644910533618475,0.005398382800278063,0.0021172603829579355,0.006022956749556848,0.0029647555772705763,0.006666116761278756,0.01093152627382395,0.013041353071126131,0.002017447205000298,0.003822192953995689,0.0009463556610000546,0.0023442980353055257,0.0020287346987716824,0.002622862292329535,0.0037017323582816367,0.00253739155121006,0.002350404847204111,0.0026544581581114538,0.005079669278177173,0.003006940845941316,0.0030822527199008245,0.0035745704971951366,0.006709319666651481,0.0038020912225634265,0.0038567320958346257,0.003438115652587231,0.001463163042792018,0.00257884750577869,0.007441460026982093,0.00984304681717345,0.0019847995932868847,0.004847207048201191,0.00289398270880685,0.003616220620057761,0.0027872275646647028,0.005108418503068831,0.0053705945755618545,0.003978180055913,0.004988000623835073,0.003066998206789137,0.007053726392276577,0.0028838228204109864,0.002896196606173942,0.002189774038841878,0.0026897820400088378,0.005449461202789228,0.004746339318898747,0.003994691146614849,0.0041964480465560405,0.0028763264450840553,0.003433925171748267,0.005831721939470278,0.013704382971798325,0.0039809208808322845,0.002241395957350241,0.0033087959735494223,0.00534569594090093,0.0031451409502959837,0.0028226077947208082,0.0033679255793727238,0.004261397411273064,0.00313553781976186,0.0029536160068271418,0.0018968230339544312,0.0039102728647625535,0.003311538771535673,0.010642774180861838,0.002020074094786962,0.004115246127289776,0.008853615814077188,0.00720503188179664,0.0026994531449513566,0.0036773169288394063,0.002111496004930579,0.0037665764802464635,0.005914278067678411,0.004109074052030693
3751,0.00535844995826082,0.00504615075868066,0.005324624704475847,0.006554934826671229,0.0029124564069673365,0.005709374128824876,0.005657752257358784,0.002881790302170345,0.003178905901989333,0.005579873221274125,0.002028660617495406,0.002826949803708362,0.006316608615244837,0.0023537369067542836,0.004496492607797898,0.004472121798609768,0.004875147488211222,0.0037941394570438066,0.001938791077234252,0.0065146959017720356,0.004174923028204062,0.002070442073121653,0.008983854815957646,0.002811208493443146,0.0014404906127890873,0.0029137143078953633,0.005142808769747208,0.0022382313033405925,0.005910913045478483,0.0028590877890872788,0.007115627162269187,0.01090690543173203,0.012913668333624029,0.0020762643613217798,0.0038255365008725254,0.0008738216713729974,0.00196454221704528,0.0019507883430293956,0.002356382488516774,0.003663677838826086,0.0026141924633034607,0.0025531180756673518,0.002234104307410428,0.005108786200689637,0.0034081258941137346,0.00262876377905769,0.0037716470677784954,0.004226692522780333,0.0030692117554760746,0.0034964281019125823,0.0037008161519492913,0.0018931788263022895,0.002432966800559185,0.007423486996008191,0.009905740189895826,0.001922966851359936,0.005412930137374353,0.0033131114637117735,0.0033592149342726993,0.0024388947505579544,0.005269657274240303,0.005402750785252275,0.00482854804081922,0.005106605224375316,0.0031460001829820526,0.006790880098514674,0.0027120009689497204,0.0034349212084112597,0.0021898222078371855,0.002721047503027168,0.005214175885457145,0.004526528274134742,0.00409193421844594,0.004210925218320423,0.002838323341575166,0.0030687795497502425,0.0056600884276115145,0.01386175999143545,0.003780793293775823,0.0032225559888252393,0.0031827910909933647,0.00434636484608711,0.0033550727728882857,0.0028937284808714025,0.0028920967431064395,0.004152471279258449,0.00345961210414604,0.0028300062624143623,0.0016958404929037383,0.0041436818916820075,0.003231206086406401,0.01102432495113983,0.0023240910139711145,0.003976079482401965,0.008885415626521936,0.007456097463882659,0.0024321224358931216,0.0034066518933998013,0.002249478619473867,0.0032760381367186947,0.005579549113532439,0.004003260927494884
3752,0.004634570108212618,0.004810534206524028,0.005179315272536889,0.006329846092298026,0.003095318849874253,0.004672554794452885,0.0059086998026579235,0.003019115579087637,0.0028308202280337546,0.006028369913683104,0.0022302840253675435,0.002739200476018312,0.006069056059603533,0.0027572810389327983,0.005286896524509942,0.003929364766507232,0.004791599239066717,0.0038835510894001815,0.0017610264370883926,0.006393789896696247,0.004250529323490097,0.002023597326445067,0.0088511858237791,0.0021220011528773684,0.001369845806994022,0.0033092104127216276,0.00446129433786054,0.0022640504682255916,0.0046101601444869765,0.0028848390934118843,0.006788784423215264,0.010659331416305878,0.012927081988475083,0.002007571203532151,0.0038006099407803646,0.0008154318893245276,0.0020628677357175424,0.0018522663988211935,0.0023639508183906127,0.003705348870312033,0.002412447916234972,0.0025413449833009134,0.001965005872306471,0.0045448615718523535,0.0030687302875052227,0.0030454390544353066,0.003220243113296407,0.003200895249930953,0.0037538352573144515,0.0037116027292931966,0.00303247274033557,0.0019844456616003735,0.002837662411559938,0.007694315999290198,0.009364809009006173,0.0019242456790707566,0.0054274120537652374,0.0029744617866888303,0.003675292281596816,0.0025477031234650577,0.004521970405194962,0.005508007007711895,0.0048913303238883885,0.004779194455426452,0.004027973759468418,0.005585536718760521,0.0027774536304444554,0.0028786863905104604,0.002227521202314225,0.002434069172191203,0.005131763800228993,0.004174530162450188,0.0038518223854709563,0.004239818773223273,0.002886630547148573,0.0034464770354529152,0.006534029665299505,0.013467097577502763,0.003499083975387276,0.0029315138320175115,0.003069742034970061,0.004898294599793908,0.003447786283437622,0.0031132320192174445,0.0029705167597929,0.0040975498874256736,0.0032700919536537503,0.003087631996934469,0.0014225368967236082,0.004202423085174929,0.003202519220487849,0.009744555597697387,0.0020887468578611856,0.0035842945055646327,0.009022312390868552,0.007313080415067147,0.0024663098681948956,0.0032319493761338385,0.002186660264536674,0.003112803077300744,0.0056222201737187675,0.004187818222784999
3753,0.004573571114050469,0.004878074811729036,0.0053418234446620475,0.006224670961230722,0.0032640688563458546,0.004908828257764568,0.005645440455067668,0.002910299849826382,0.003524302247515367,0.004679070163717942,0.002087879000986879,0.0025554741233577254,0.006069056059603533,0.0025074402431901686,0.004061603891576933,0.0035930669388418383,0.003309250756358066,0.0035977686737674367,0.002077665604629033,0.005459340761048261,0.004707840159420827,0.0021031913397716265,0.007734159807234218,0.0022311649120697243,0.0014361810212896535,0.003333779825178991,0.004547486447762998,0.0021488526236772263,0.004450724186056895,0.00254676116233435,0.007738890434864997,0.010673199295509979,0.012758296335820974,0.001952983328269671,0.0037878655669921946,0.0007428672829591784,0.002185807103632057,0.0020578481563192728,0.002312032252934028,0.0036049393623693057,0.0022091860948549066,0.00245459976999344,0.0018682777850144272,0.003971084771967021,0.0031494494151646612,0.002981969212656973,0.0032464238325057406,0.0032146181652179186,0.0036353334885333025,0.00406425176704513,0.0027975185773683833,0.0018085726409546293,0.002617494414906546,0.007543377596339469,0.009451055628106124,0.0019353501561906678,0.005028886039007399,0.0033359623752333197,0.0031522501134810745,0.002867844042457703,0.0043186344099648034,0.005470756062488695,0.003930722532503807,0.004104279284739166,0.003770982933564396,0.005299060215680583,0.00274890829367141,0.0028250741253414845,0.00228170752929155,0.0026930011848850604,0.005739516555694804,0.003942112673957893,0.003685295342907452,0.0043974650625581875,0.002815236171324498,0.0033319170811807073,0.005872253788681701,0.01376310278158531,0.0037111537864642375,0.0027121749949556503,0.002976521588001648,0.005637716262741544,0.003218647966449086,0.0032884499711368603,0.002890031087688918,0.004172079556513901,0.0037047914937410964,0.0030664110040354233,0.0016780332518958963,0.003969573635914559,0.0032004430385018166,0.009802585240371852,0.0020688993417254525,0.003306992155453261,0.00823418643096631,0.0073360261579485785,0.0025303691198103303,0.0031242850972176654,0.0021956529312456338,0.0031570703064415333,0.00568208220610681,0.003627444659551015
3754,0.004891806094938797,0.00475066220627781,0.005285216532170794,0.0066214297242545885,0.0033261031421301253,0.0045936016916411915,0.005803833301334867,0.0030373707895721166,0.0029000259876564762,0.005760455966311074,0.0021112789726748815,0.0027045402381063893,0.00629073879382923,0.002597881755234578,0.004220318531683181,0.004533832830640482,0.005394284278161735,0.0033784493149585145,0.0017510031629163116,0.005618680439304792,0.004707299330170611,0.0018761803240366997,0.009063491194525226,0.0024341789384911905,0.0013700780576267303,0.002755928553547884,0.004587797533158558,0.0019291112576132685,0.00462168423720899,0.0025266865461731867,0.007470935699497571,0.01067016055930478,0.012618193784750594,0.001887668509544272,0.0045409921481933185,0.0007173269423536555,0.00217126048365134,0.0020664899054173595,0.0023759565525009125,0.0036221651962311326,0.0023402242729129246,0.0024370095978594147,0.0017873350012942615,0.004252512094867848,0.0030899080641749147,0.003195782845305172,0.003061451753926876,0.004515748368597166,0.003118127698705725,0.00411851834845678,0.0023960937148973195,0.0018849574521220191,0.002660715714785605,0.0072702502615918626,0.009490545317152285,0.0019620727352904787,0.004938903828653986,0.0026853411352033337,0.003703894123456327,0.003108079108907777,0.0054289265649177165,0.005382014270065202,0.004368202303611819,0.004589314597158857,0.002934774441116649,0.0042391949796062355,0.0027222028025447663,0.002585119093825303,0.0022812927044455443,0.0030744218966054764,0.004457978652129603,0.00510502696121843,0.0038540336845866953,0.004293693704629197,0.0026703003223030285,0.003423288064802715,0.0057184446302181785,0.013988676996599314,0.00403987677797672,0.002908578092466156,0.0037140507306423994,0.00544586764497959,0.0032850567857100254,0.00312648648601006,0.0027615666027027454,0.0040689927205855726,0.0036337586034563122,0.002740389969455148,0.0016292738326303545,0.00459010579828036,0.0030934179510944794,0.00988258058723553,0.0025547326340032844,0.0033543232395295665,0.008988716568547788,0.007479059885779743,0.002202610017237292,0.003020650336228731,0.0020859234658082786,0.0029661244694467403,0.005822623385004436,0.004009234610158537
3755,0.004380243364037841,0.004816766959629572,0.005303437609436982,0.00609916614876655,0.0032378626374007153,0.004251334822311069,0.006446848149826592,0.0029447177769326483,0.0030456521731560275,0.0055388747364163325,0.0021554008792524287,0.0028497453514922558,0.006268480661005385,0.0022500561921193116,0.004959035145834528,0.003517280455981079,0.003692997207304556,0.003832806212842062,0.0016066185116918783,0.0066327706977326395,0.0046080261343513715,0.0019074481594873714,0.007379427762094962,0.0023911623830287073,0.0013764427287963764,0.002754400265442596,0.004369169368067033,0.0019130535523767269,0.005648047915531818,0.0024548294541178553,0.00819954392198908,0.010731400405210836,0.01278480053124788,0.001804638800310497,0.0042497650205355,0.0008716471156640711,0.002347714498291402,0.0019518048927282506,0.0023103442535231476,0.0036283593294978785,0.002384012176365295,0.002659916558095946,0.0018632029021870284,0.0042818891071128885,0.003117226554930766,0.0030211014952372835,0.0028324654102472847,0.004332794749264193,0.003221596212686171,0.0036114616416633096,0.0029121942871271804,0.0014845191293526795,0.0028691722277773024,0.007543924323175815,0.009786899310868097,0.0020565815274155414,0.004448907596129108,0.00282598925960146,0.0032542245288359564,0.002608575255933547,0.004522337302994107,0.005368745302338598,0.004271314274733008,0.004234801050464854,0.0033603513199096224,0.0046941619307120114,0.0026435176898151223,0.002792353779566978,0.0023162742218536037,0.0033845983853605602,0.00422261300968591,0.004836740677647744,0.00410792517491543,0.004185246861490396,0.0027832382360247535,0.003412636334365009,0.006022529687226547,0.013788639027975638,0.003931918667161539,0.0031972212540017507,0.003789256270621142,0.004725966560170794,0.0035894357850723016,0.0027763508255697756,0.0029225107328949523,0.004196065668065241,0.003482795460335498,0.0030024438382732707,0.0015461746244211855,0.003794234462932235,0.0029199438952517624,0.009733274937831752,0.002204989763092297,0.003906572568247521,0.00934946372595456,0.007133034141653541,0.0023596626028012514,0.003276479159867756,0.002074208046171928,0.002827975756154842,0.005836700277948958,0.00391109053696736
3756,0.00445290672783494,0.004733268807506088,0.005266109797333778,0.006105563550301841,0.0033894583123138203,0.004688836493820241,0.005664178034820029,0.00294153950436893,0.0031667183115235684,0.00537976951643586,0.0021545744250308385,0.0030218358754766235,0.006115796765809995,0.002701246773480222,0.004714965650537553,0.003362835964917753,0.0048248913934820755,0.003905372558340047,0.0016528299211213734,0.006729296464857014,0.004310609721952651,0.0019514558889320286,0.007384293378745422,0.002468195090744544,0.0013223056367729427,0.0028046829992892527,0.004292003879813672,0.0019490376349961265,0.005206067779031761,0.002684879108610487,0.007776404723785289,0.010610886919797247,0.012978026785258511,0.001795190136917915,0.004988571924319123,0.000817766291693184,0.0025047742375153095,0.0019240286780259942,0.0023674746657408306,0.0036604908998281024,0.002378383755163526,0.0024272330959787362,0.001998860581809563,0.0041850478999315354,0.0031968897864399393,0.0031655602153209737,0.003489757083575881,0.003287891291576412,0.0037394026495342356,0.0034782583895395687,0.0031467607735061044,0.0017858790070856153,0.002656970355770737,0.00713319709181447,0.009726101888281194,0.0020054628152863414,0.005263103592372704,0.0030174002969726734,0.00338288330888561,0.0030459727330120383,0.0037229422057942483,0.005445596478897107,0.004203747191452552,0.005395091343400991,0.0037143689937225006,0.0056896350874032125,0.0026859111687021035,0.002972249713253033,0.002209765262292343,0.0032714433576226058,0.004517548320052722,0.004560958100787048,0.0038324758722449114,0.004333960609313656,0.0031791343737138473,0.003389419367717957,0.007171223300163011,0.014229278330221078,0.0038491443276119646,0.0029808393253644124,0.00387519208213638,0.005369990649147328,0.0028719639535527484,0.0028069584088973665,0.0028443589338350487,0.004086948401911021,0.0033517200346103965,0.003347999678448395,0.001174250474943989,0.003657102273071877,0.003081143815520305,0.009883315948761334,0.0023175747357318116,0.0032632921671610217,0.008716117051734721,0.007423335662105062,0.0025515858257149004,0.0031564650614784597,0.002331447764954288,0.0027118877556950227,0.0056669330549429355,0.0044681322043495205
3757,0.0070064686475525195,0.004951964064991758,0.005291215199261841,0.006809055095229048,0.003293490313324885,0.004814678940941171,0.006338625465882946,0.0028423369411797153,0.0032861419204575676,0.004750333664715405,0.002123335921253203,0.002814418020676031,0.006002287885339139,0.0027293915348729574,0.004686585604363949,0.0041205072181512755,0.003031677578231828,0.004075893567313235,0.0017079441636838376,0.005414432542702094,0.0037388705926636704,0.001990869066035708,0.006828540923329352,0.0021370468813303586,0.0013747923310514936,0.003269794808881526,0.004612843670174626,0.0021207060392873923,0.00432698665486986,0.002671362838989751,0.007825413076583142,0.010585491795686344,0.013627907333806002,0.0017702915111379616,0.005006538716315391,0.0007478135235612539,0.0025333787402966566,0.0019516621926736893,0.002385839389832359,0.003702826356437683,0.0024696616996530123,0.002216317945411134,0.00218733758607313,0.004042092477715609,0.0029449063140850203,0.003340405052156089,0.0034652969286562405,0.003916485061239167,0.003617845818096819,0.0035767489332848403,0.002958549431961366,0.0021245250108628683,0.0024385394219736956,0.007316174644928375,0.009676614114661915,0.0019741353359502005,0.0045770380954429325,0.0028102842433254905,0.0032737666185717437,0.0024602390300981687,0.004110633062324489,0.0054896659694140615,0.004030266106910657,0.004688138894542924,0.003336121361586542,0.004358333472264212,0.002528699082906989,0.0029479871019745785,0.0022537186713944826,0.003273424084698259,0.004466621241426023,0.0038884984187685665,0.004049424210981024,0.004359553551106083,0.0029908494597146135,0.00348373507026826,0.0054929090229101345,0.01350495436056429,0.0037343535931975633,0.003116110883208462,0.0033352445798407967,0.005064385827560325,0.0030479705975138753,0.0032534370766475447,0.002777879608311742,0.004137087322863047,0.00341788347945254,0.0031059908606763794,0.0018296236371662675,0.005082892976024188,0.003175557463313608,0.0100329646157954,0.0024451440710892844,0.002998556299077805,0.008628892996359619,0.007133034141653541,0.002528284224857868,0.003089195707490159,0.0023858791029186264,0.002729528044483439,0.005835030039714793,0.004527234178697169
3758,0.004345764044815972,0.004970005713024282,0.004951971273579757,0.004716516800936407,0.002861523007602374,0.004971497669299064,0.006158597087036388,0.0031630300280479674,0.002897712939575748,0.004851406877581276,0.0022301026694076494,0.003933632705880224,0.0052572156632600476,0.00284054419260129,0.003658074011172943,0.003946218598803213,0.0031830663507607174,0.0036130030990139876,0.001750209943661352,0.006120896674757055,0.0034926757908890663,0.0018269456145810358,0.008094466311796746,0.0021114573749009442,0.0012149942576961201,0.004036226916337804,0.004871451050399597,0.0019969319124420056,0.004077467234258099,0.002654422901534579,0.007324582608402733,0.010038398613171032,0.013396581057653761,0.0021353899759018057,0.002555213527764048,0.0007435547351171488,0.0024920307538010395,0.0017516896909497315,0.0026260629890967747,0.0024226017459569897,0.002053221760173602,0.0019500407833199869,0.0018770559359312835,0.0031567085637915914,0.004345523787487871,0.0038268309220249944,0.0035389361441504406,0.0028859706527305565,0.003116435462521094,0.003793646594470002,0.0035792902213365634,0.002071608105383446,0.0031877422718094716,0.006258122354768643,0.009310422944023677,0.002129169256690548,0.0052240103010956565,0.0029293137574161743,0.003747859987204177,0.0026365902086582446,0.003811662711386879,0.00537666436015563,0.004351848549244108,0.004919658893072279,0.0035379711482771818,0.004077833028289508,0.003107663045572131,0.002860470969869906,0.0022413123034301973,0.004057267861340905,0.0042339154977138775,0.0058582835783304145,0.0034475464484454888,0.0037956509997895778,0.0024059898386745203,0.0030224072234735426,0.005998055893729505,0.010509262243520456,0.003878092067486403,0.0030493294689362344,0.003929170731903315,0.005543962677077916,0.0031018101082704594,0.003271790117141031,0.0027327083943847375,0.0038694763496164046,0.0031453936349938004,0.0034502339894320173,0.0014116798250718946,0.004089769446115322,0.003272492236121588,0.009657271594743983,0.0026962967345678024,0.0033431903198014217,0.008806159426065923,0.006919044592855337,0.00228959912786028,0.002992835570338132,0.0016344658686253935,0.0027463280791780874,0.0059296100259138874,0.004249306883703682
3759,0.0049307637574957375,0.005258271348310262,0.004925406201473213,0.005602566365509536,0.0033878163885411343,0.0050170752589288594,0.007928926172593907,0.003171566135839462,0.0027304286032010616,0.005483061117154446,0.002626774492980617,0.004091927063489668,0.005842501629598219,0.0029358545235475837,0.0032551707475923348,0.003187658709860034,0.0027095592600129216,0.0038186820196417564,0.0016921155298463212,0.005418469045465284,0.004062730125313426,0.002550240419548662,0.007403286888001714,0.002199280586483046,0.0012486047429400113,0.003792580848765225,0.0052354388669836605,0.0020878573618772233,0.004198279992109994,0.0026059136988523584,0.007093981280484474,0.011211960806560478,0.012430638905394935,0.002043918694174802,0.0028502382245016848,0.0006610129189633792,0.0023335940903387213,0.001862364854457054,0.0030538190013875994,0.0023724970912801465,0.002137263381498534,0.0017191236231326515,0.001785353076348324,0.0039912751482175214,0.003366072029391071,0.0056432003368008365,0.0037341822738080517,0.003555821187090105,0.0027795643324503784,0.0037214130518628515,0.003256343680589876,0.0018066094029065675,0.0030304294177885623,0.007540549022585021,0.009972676352665697,0.0020016910058969456,0.005418723525120683,0.0032475332769409857,0.0027698780918789545,0.002864365660832094,0.0042328088476681,0.0052346837412325965,0.0038787154475094948,0.005337089025751509,0.00408247116814825,0.003792957835132643,0.002500213933951599,0.0028021630939170116,0.0018512842512520666,0.0041148680623006905,0.004264314712135882,0.005163608142892352,0.0035484657178478716,0.0038745201090832756,0.0026182837437518443,0.002920730812133591,0.004756961980005566,0.010176346706088604,0.003804190849289844,0.0032015706437459285,0.0036114675807588704,0.00717240621116134,0.003587797126953419,0.003266781939229265,0.002529267947892689,0.004293660285333169,0.003709407161843245,0.0034652866960948386,0.0014588840914159615,0.004304305551772996,0.003726818572725654,0.009643573935488947,0.0023372231059521106,0.003933838273961845,0.007485528081059512,0.007345383239750523,0.0026199494947401567,0.00379821519328471,0.001701755198766768,0.0025765055162071553,0.006003241147308705,0.00321320403964899
3760,0.005433476807023415,0.004586369963259272,0.005616882179775715,0.005242256615366749,0.0035622321805278937,0.004342596781814784,0.005947291144317151,0.0030142851896301326,0.0028542002617775774,0.005810759298458318,0.002268171235886107,0.003373990955776463,0.006300634649607773,0.0026250766956375433,0.0037180725079828583,0.00355577866480492,0.003483590604636403,0.0037484318930730014,0.0017824240575835878,0.005655730538762419,0.0036629031033547036,0.00224275908139632,0.007283857979768967,0.003291903562902907,0.0013971347101730794,0.0034839474242216533,0.004639177068408681,0.0019318874942702716,0.003985712117832504,0.002727288796861059,0.007790862799273064,0.010549400073880406,0.012602768179871507,0.0021755961637586006,0.002827923050391814,0.0007430389504424042,0.002200250102446459,0.001868524909887403,0.0026051196259814662,0.0022278726965519777,0.0020985066429031847,0.0017560922413709051,0.001806184114470877,0.003951429346467338,0.0033710128563475407,0.0036926902579959542,0.0029182857765854336,0.0029800968806338595,0.002907656827792312,0.0039710235557292636,0.0027986558152417354,0.0015028229660029953,0.0024545489903162318,0.007552071482510337,0.009737828106448847,0.0018068469633421593,0.00503716972201605,0.002676795252381858,0.003163846496868615,0.0027172334856924688,0.0051204750593518734,0.005845846689166946,0.004391829760510722,0.003932357507880604,0.00354168121177406,0.004192501301517671,0.002957498027107257,0.002519723288410747,0.002231856951353681,0.0036044641683455896,0.00395964854806905,0.005426411264872919,0.00326225702863336,0.003900840916691198,0.0024789588186111774,0.003457003170669858,0.005518656053838424,0.011352262595381,0.003740711157636982,0.0031328229637923454,0.003939189981033398,0.008594302533769834,0.0033054073987724064,0.0030126753465498624,0.002495675963245967,0.0037022448748222666,0.003521431902582323,0.003086095346923716,0.0015501653402500545,0.004062769112390862,0.003026812093876174,0.009391860370351779,0.002659862616224688,0.0037188516676620524,0.008379202126181031,0.007175577431253797,0.002817627252444267,0.0032402097629082474,0.0017593167660409558,0.003403211097656217,0.005740811936969681,0.00409821930792092
3761,0.0049927755721010806,0.004597503857270101,0.005092751731308966,0.005889678687601934,0.0034127889277964707,0.004134916735896657,0.006096934211439624,0.0024637121445040106,0.0028306841447214345,0.004944371063387914,0.0022169838004212263,0.0027780918633502827,0.0060378205836271424,0.002266884171572589,0.004426214812670836,0.0034873148849475957,0.0032961309242535665,0.003564974133243302,0.001725847207491387,0.004238275320045411,0.003077124824513666,0.002504822530846036,0.007457425267003981,0.0021154656699388773,0.0011994269727382478,0.0033086687779846236,0.003975227777333198,0.0019490825841121857,0.004113782846156822,0.0025816534622094657,0.007569092696704148,0.01062370279377721,0.012220966954777878,0.002061032802487625,0.0023681186050346055,0.0007456096194611309,0.0025734868625018406,0.0018522111787093298,0.0022514581006773463,0.002274189429913556,0.0018883997698951164,0.0021891986683465568,0.0018708500962930975,0.0038614334590455096,0.002683575951664504,0.0048984506299320895,0.0029542265940256476,0.0037374650592187702,0.0025751092009751436,0.003498442454086811,0.002304795283482431,0.001629575519056066,0.0022984451763485817,0.007152312093347576,0.00958877479059713,0.0017486871888891852,0.004802896117133053,0.0027694834258291763,0.002842183557919958,0.002735250875975868,0.0036071774194403757,0.0054745177504508065,0.004788974381674812,0.0035347353024352064,0.002444465443476672,0.005230681756720954,0.002517490163040604,0.0025495999473609103,0.0024495464249913927,0.0032030503825894938,0.004329215419467405,0.005174652873327889,0.0031986332278492687,0.003204769937159243,0.002305424330050576,0.0038967327631019002,0.005012446543984669,0.011370470872331393,0.0036871906539010266,0.002156875363007572,0.0024882262015180684,0.005222897523848143,0.0031974976311952255,0.0030381577135051266,0.002537345597754965,0.004117793324076384,0.003605001134345006,0.0031707351314387384,0.001560178734188454,0.003388173166035325,0.003188541592059543,0.009734686349979366,0.002309252520307778,0.0035964840330849094,0.008556310093307925,0.007244759197508241,0.0022647816812212743,0.0029481910642235034,0.001702780708347692,0.0027679270978026443,0.005749962446387433,0.002812880640951305
3762,0.005119799514528999,0.004569570525835644,0.005103073795013137,0.00558274689430591,0.004441828042524814,0.004464171659152195,0.0059805151765288545,0.0029776896691914487,0.00287470917966446,0.004652435596942583,0.002522439161200222,0.0026635547906860143,0.0060378205836271424,0.00228781708637518,0.004121134833236498,0.0034875873293228428,0.0031836262614142823,0.004100381289961604,0.0017190433115416403,0.004029263859181285,0.0032386571051937897,0.0044790231737498075,0.006500278539987575,0.0020514730976843227,0.0012302266351114186,0.0037388712198120457,0.004133474343852934,0.0019014461099428964,0.004200692077625065,0.002501884002774372,0.008030854567078003,0.010739970539156056,0.012215871184875587,0.0020876005976479682,0.0027777184570661113,0.000705974774108888,0.0026834091590933304,0.001911201550526435,0.0024690277332020264,0.002170624430965888,0.0019483942675892743,0.00224687678037631,0.001803782887812673,0.0035078875358167676,0.002796518630723508,0.0046012295998376085,0.002838882498499097,0.003603644799808052,0.0034338645037473173,0.0035581796347597433,0.0032178805213017884,0.0016773594574582891,0.00233727405962926,0.0068132556752870084,0.009530626629800672,0.0017294744546350394,0.005080439832682595,0.003168499760763586,0.002622082282350486,0.002279857352777966,0.004431144022102665,0.005457481622882902,0.004804556485997174,0.004029001548407505,0.0024565432956100523,0.004696356563344267,0.0024939218990795782,0.0025168920597068547,0.001930767095199603,0.003267499509181155,0.0043638632997121864,0.0048912465574978215,0.003366940177010422,0.0033603756041718095,0.0022335764963131,0.003369908186881293,0.005732026668433935,0.011221560525975862,0.003624958872705558,0.002572077577721194,0.002567625494539095,0.004755137772417165,0.0031168178774184335,0.004007754865997925,0.0026459977971650638,0.004102757764401583,0.0034674215355847264,0.003625001459457864,0.0015516857537510626,0.0034028464757446283,0.002943111930122911,0.00976050692301067,0.002354462050055826,0.0034086437336383404,0.009008810343843902,0.007291465624673671,0.002309379706401831,0.0027872006542963433,0.0017724615244001948,0.002768351294319266,0.005682005804994603,0.004111227782537672
3763,0.004626910425754301,0.004279941652043346,0.005156222953438106,0.008110003796233929,0.0030981972241547113,0.004501890919518473,0.005585699608844374,0.002707846445159907,0.0032135591820606,0.004190265065719017,0.0025221041261570426,0.002554591360064297,0.005921625183121189,0.0023373162819440773,0.0034759555243568966,0.0036582282952041783,0.0034274560140589716,0.003904641218636067,0.0018745735410745767,0.00447354799081058,0.003510312447148921,0.0024273614766092354,0.005953456854101746,0.0020754705454954134,0.0014784429298787174,0.0032160965076533377,0.004168719001249201,0.002130211256180356,0.004970321943119505,0.0024927333962511014,0.007454899839589296,0.010941374177102186,0.012656326768786709,0.0019503862382705872,0.003032185701652352,0.0007062093587450465,0.002832154409393655,0.0017078896672488297,0.0027807150869611093,0.0023483391360634887,0.002069418833210132,0.002058557559912355,0.0018509500696351675,0.00339908138485432,0.002996304977923547,0.005758419466207495,0.0035983839485184644,0.0030979800221407907,0.0030926709235718636,0.004351162373975685,0.0028130194263614834,0.0016004392225176796,0.002292225908344952,0.006837481237927217,0.009650259901880622,0.001926079471132266,0.005420098462743926,0.002938777461152546,0.0028421096035600225,0.002485910683646414,0.004089501345046804,0.005464555617946969,0.003965979176817482,0.004458464769560809,0.0025897212170887117,0.004157423874459765,0.003001773351145563,0.0025372109380828642,0.0021661498910387385,0.003064257923125535,0.004194151730205647,0.005423930630520462,0.003318860282283478,0.0037074626391543587,0.0024187924726215633,0.003303423066590602,0.006449254191421071,0.011591222343633887,0.0037874074307994113,0.0029112654032206263,0.002909733164861024,0.004594783521127997,0.003015912500840279,0.003758319587752607,0.0027604184948612355,0.004489170334819814,0.003532192066237901,0.003576940540105636,0.0015182411554066724,0.003910873855843267,0.00293631639837709,0.009581666977201695,0.0023670109083553568,0.003546230732641818,0.007871130352831077,0.00710621405862137,0.0020563538366414917,0.0031757861006368,0.002087894274311039,0.0028793748991928054,0.005621954748125935,0.0041054762968248575
3764,0.00444147173136065,0.0039184539978576165,0.005233253746420852,0.0057323058859432814,0.0038383680107706257,0.004542980596088502,0.006184252746144382,0.002651167223347339,0.0036867905411991585,0.004681150035812418,0.002312271149450321,0.0028923413709970418,0.005977353968495245,0.0024104650317118255,0.0034684351182664576,0.0031893229090457858,0.0034551088445248903,0.0034386061546742676,0.0021355057845744855,0.004350860123989976,0.003990383430208533,0.0026699551266068846,0.006762800515876855,0.002162019844522978,0.001362810280822618,0.003742961293354784,0.007412975695818398,0.0021257893388983255,0.0049672193611814556,0.00278935263503157,0.007504331950052416,0.01074201985711397,0.013197112293639113,0.001975980234672326,0.003154907692073196,0.0008394677293358472,0.002829872639606006,0.001624963524119743,0.002603974809316866,0.002467158061842507,0.0020309415473831116,0.0023820169778868295,0.0018584569737865053,0.004180765612514972,0.002728739320401605,0.005931314126483649,0.0034670566026814946,0.0029897468823776602,0.002821155615940333,0.0037198503517304883,0.0028221804517562067,0.001668935306682239,0.002767234398041579,0.006764004664712298,0.009763694968887201,0.0019402624932401903,0.0054221934405608374,0.003191323949248251,0.003066208928642328,0.0025506449247316315,0.003753622434428401,0.005508283397196498,0.004777491723189259,0.00474798962586728,0.003035628190770385,0.003446077219273018,0.0030621869961188495,0.0023680429767104784,0.0020380708148161563,0.003135811489701288,0.004128548791971193,0.004908576986952124,0.0031378690651524257,0.00417219570521577,0.0023174093588572944,0.002996772496137261,0.005956986075402901,0.011681013299069272,0.0039565669123709174,0.0027139257574098964,0.0032356904403555383,0.0060282601977214205,0.002839241999500709,0.0037905186781489924,0.00267702909056167,0.0043533475661050565,0.003905494833494421,0.0035703159868304152,0.001521032588609726,0.0038901572776876988,0.0031915242745885757,0.009662354407931485,0.001861046299709768,0.0037199900162891673,0.007612241615056845,0.007164858130219267,0.0020440527452378933,0.003442333874100208,0.0018590615441593723,0.0031612647416444906,0.005786034905775832,0.0030922729180382085
3765,0.004598673763929595,0.004253133845393636,0.0052372467114273095,0.006213068394584461,0.003505042829559754,0.004369501847679472,0.005766105352423396,0.0026364108372706704,0.0033012267382849865,0.005257108104114109,0.0019770803079033838,0.0025674461165921324,0.005977353968495245,0.0023440665863483003,0.0038183972162959714,0.003410927433118851,0.003527840496476012,0.0033058514029535146,0.0018642821046497818,0.004716212878675735,0.0030917091857426597,0.0023383364540541574,0.007067272721739187,0.0034064548348494163,0.0012986741042672527,0.003125118787015405,0.005347484430463582,0.002233795347407346,0.004594524206435348,0.0024245136077463503,0.007057639734629706,0.010679616424519821,0.012990958509436419,0.0018292067793017376,0.002187465345328813,0.000677095989068936,0.0025968145501023016,0.0018158631236401164,0.0028056137494577678,0.0022148797729587464,0.0020603779743824267,0.0020191998127106463,0.0017764099237583834,0.004571221566449155,0.0028268698959993867,0.006227546418056464,0.003000042078057799,0.004375078668825313,0.002769872551420185,0.0036491141261255932,0.002825604905795758,0.001597901626640295,0.0025450746221274303,0.006890696119747065,0.009185333993956872,0.0019813456394184867,0.005084033433113603,0.0027489893021309425,0.0030179560134810522,0.0029492831100144884,0.0031957066594598656,0.005473066643306442,0.0030699229163804126,0.00442689295276524,0.002838330505559211,0.004043852212878361,0.002428217245995902,0.002383451471808427,0.001883904815402672,0.0026972885816605122,0.0038782564214955594,0.004103746034447275,0.0034675170574940692,0.00407074470713283,0.002153704365406525,0.0035197798319185998,0.005420366814805291,0.011370296719122376,0.003956044416400742,0.002098691265927684,0.0029836509858991275,0.0065763308278783,0.002919656102748472,0.0028875487454762955,0.0028241224487332186,0.004258959430935186,0.0031652420796418807,0.003048520078379721,0.001598790859766286,0.0044977972610375175,0.0029887863387245903,0.009755755751854693,0.0025545506364392707,0.0028429926812197064,0.008849494466501677,0.007084067833168171,0.00219421827622355,0.003021717596654659,0.001925456790349028,0.0031379097510423346,0.005715379446835292,0.004153948436300847
3766,0.004627149718452543,0.004138815079015139,0.0054914611159975904,0.00543111434286381,0.0038038946622256636,0.005008642334307637,0.0054439916691258194,0.0023840802147010406,0.003118904078907588,0.004537135326725067,0.0020773016447584074,0.002554224083789629,0.005977353968495245,0.0024108038032727426,0.0035974098995722155,0.003912460498853998,0.003378119533913927,0.0035500024673964887,0.00227157672920273,0.0040773463952712054,0.003295485552837076,0.002116411332173907,0.007226396032086644,0.0022090466979756925,0.0013562229022277526,0.0033544074746619484,0.004656892296804785,0.002120293072303839,0.005661176161356142,0.0023756137534955684,0.007423838941961433,0.01096591253465969,0.013351396366668168,0.0020992508779992783,0.0025858483794551582,0.0007804894432420259,0.002597331425392986,0.001615278172652875,0.0029767311919337183,0.003193485059698635,0.0021617813909533138,0.0020121596340145235,0.0018441433402612971,0.004024564597770201,0.003790094621691427,0.006490414428314221,0.003815650281757873,0.004084615684789842,0.0036027536904652082,0.0038470834090025144,0.0031801364065671784,0.0016194956699940282,0.0027520773034356147,0.007042005086445218,0.009586322054232859,0.0019567898613430308,0.0053614928195878705,0.0029730151414841936,0.003134184311622614,0.0023858767694773858,0.0037860109975076392,0.005264077753212184,0.003720662837846762,0.004707950678149556,0.0030065011000809843,0.004575414403866129,0.0024246616074876325,0.0024808436587391803,0.0018960612794288313,0.0023937319164590914,0.004359376004007036,0.005212803369515299,0.003530218444990303,0.004086930058054739,0.0022961394896585103,0.003136159250678214,0.005424879722038129,0.011804553811422409,0.004042617508254626,0.0025493703152516247,0.003781211161906833,0.006222309675196714,0.0028262228140627514,0.0029343885465093335,0.002821090199049381,0.004231817412961731,0.0030990827510720687,0.0033413511879793667,0.0012845008085223058,0.0038852677439196563,0.002662938109427031,0.009421214903118657,0.002096895773731896,0.003355658711513216,0.010230736241844927,0.007070323744426242,0.002472123881265115,0.0032452275173919837,0.0017862755903756396,0.002954464058632026,0.005752088342055554,0.004769850618636086
3767,0.00445060382736902,0.004489646522981255,0.0055809594376914455,0.005046031551038414,0.004588923991611869,0.005324886965006332,0.005841066287068547,0.002641634051211593,0.0034417486517264273,0.004577231997382847,0.0023199586503652907,0.0024138303022872773,0.005754257268641073,0.002894439369386091,0.0037657054523190475,0.0035395013240309124,0.0036735920730182107,0.0038089062606597355,0.0021569706779218244,0.004484322579005108,0.0033339791236948126,0.001984735206990935,0.006935043098392811,0.002640398711905382,0.0012370634410087866,0.0034528075046311958,0.004856662993415783,0.0021438727643008845,0.004298194001930145,0.0026979596054257015,0.007513139329948856,0.011065456563205336,0.013199627630012407,0.0021004882897394037,0.002491607747900022,0.0007614362725017889,0.002849896622046387,0.0016366961863461644,0.002188509391991765,0.002300255295217233,0.002003929164305316,0.0019716519055879285,0.00195965707858284,0.0035957840185874288,0.004486318602904915,0.006361228289155574,0.0031411574425983728,0.0034897934135598194,0.0025302328720374677,0.0040264866033461735,0.002913897679905736,0.0017239694310714094,0.003222259503570811,0.006807908283891119,0.009440789474652938,0.0019634424273380726,0.004746749607821463,0.0030512274312029975,0.0034604687322054148,0.002288903007797357,0.0041616616722982775,0.005506688467405762,0.005416712202370695,0.004346997874124977,0.0030600573122731597,0.004318197400067225,0.0025891901826668234,0.00263753227171157,0.0022287774698496166,0.002607538181864983,0.0038619556427028716,0.004848890271684339,0.0032879073792434436,0.004165848843022041,0.002651183112142197,0.003400482998462262,0.005531514565889772,0.012002633876130483,0.0037320119067529604,0.0025791920929432673,0.003673262384798393,0.005899081286220773,0.003003904279334817,0.0030692634800234585,0.0027348723752740126,0.00439011755055628,0.0031200189964266743,0.0035838179656458853,0.0014802841352991498,0.0041256356354799255,0.002906442421981137,0.009665671743064817,0.0023535385435555244,0.0031858538498264347,0.008588318527225282,0.007166491518553738,0.002508957832428655,0.0032926506802382328,0.001898310301184882,0.0026558352524942443,0.005768442599316302,0.005224028698616432
3768,0.004957491789818507,0.005455256688795366,0.005298116784761888,0.0066407794106524195,0.0046891974437205915,0.006730851074309171,0.007493298017746143,0.0028309725739425755,0.003562933596015116,0.005478779771614531,0.0018459535688293424,0.0036328559652460245,0.004790285281588849,0.002848774382084865,0.0032946880519291355,0.0038819533954853277,0.0038942945689227283,0.004735279023933964,0.0020748729783052486,0.006029043754017855,0.00350383149022146,0.0021134992920415177,0.008394027494920854,0.002022624760052006,0.0012033263728654286,0.0036797481338035633,0.005026380793315866,0.0020430189373454688,0.004145709663655324,0.002813098111435222,0.007679961495323077,0.009441090121416031,0.014222722899362812,0.0023374457165976285,0.0026880558016152056,0.0007717731500655563,0.002540940660645132,0.001755295527726847,0.0025131178136703026,0.0025476705292125728,0.0019727921669471745,0.002383968601751053,0.0018338235635546006,0.00537264124609311,0.0034574305847387657,0.006212900060319914,0.003610162716034265,0.0028234591370376702,0.0024832952671455257,0.0037560098946645567,0.002983044323116711,0.0018486949927849247,0.003476048626464072,0.00730830413428666,0.009973668329963032,0.0018163926401883325,0.005578171481896601,0.0033129863934214143,0.0031497681217239983,0.002590485582748118,0.0038572298815025986,0.005666417847411827,0.005197533393997888,0.005280535932753989,0.003677943481729303,0.0038355289152131253,0.00320477385143399,0.0030122441789882633,0.0019304049966222146,0.004209120881375169,0.003958869223001764,0.006369433462859581,0.002848257565935225,0.004951434768455168,0.0022413233990028376,0.00345278508366053,0.005830589308324075,0.010723310744359315,0.0038355445138369814,0.0029170093598136554,0.0037511213163643926,0.00595603740985743,0.003090219692171517,0.0030218909628736356,0.0032418542369399618,0.004134535568821214,0.0035729568517920175,0.0029939628106432537,0.0018013981286747408,0.004634613974119206,0.0032254467211367457,0.009803308634305528,0.001983828739907964,0.003488474756632698,0.00800494190876848,0.0067592557292610374,0.0025472309323627805,0.003471981754468268,0.0017558730734531561,0.002862857903289392,0.004755575771875737,0.004241462596313843
3769,0.004940324901865581,0.005403179897873605,0.006437285902579669,0.006664129971384331,0.003876208623681191,0.005387550523732406,0.007482317712286537,0.002654205027868555,0.0038517951516979284,0.005673352096653787,0.0019594459212245855,0.002993709006877847,0.0058837783039679325,0.0026966931417385623,0.0033056317188825545,0.003319080573124639,0.0034996013568194995,0.004887395514332451,0.0022718944195721366,0.0063020409533007605,0.00369778138298983,0.00225662462612989,0.008620458054235279,0.0019215559228831622,0.0011367704020670683,0.0037205017344466547,0.005288359492523268,0.002188828162554701,0.004383911116132475,0.002612136461452985,0.008341064637201828,0.010765915057092063,0.012944464871974027,0.0024199300667961656,0.002408379003506786,0.0006951352979437199,0.0025722650304248317,0.001576347796561012,0.002770265963745725,0.0026949921244667084,0.0023504512038065436,0.00202418099101754,0.001788823535849012,0.003905961278421277,0.003337709581310023,0.006060003375472096,0.00325659954986113,0.0028093007384045153,0.0022726414223789263,0.0035649122728884856,0.002813334970512204,0.0017933648298905677,0.002828320208230656,0.007313823880505334,0.01071224166631423,0.0018776943409347818,0.005816490943342592,0.0027731187915459145,0.0026197565400116565,0.0029101291637249577,0.003134550867621255,0.005605931158247486,0.0043087200598287715,0.00544661358229087,0.0035906549589182625,0.0038982563576412366,0.002505008866201582,0.0034820858038274146,0.0018354532765988624,0.0027630854833799066,0.004170298497117548,0.005594280780816096,0.00320788342345179,0.004807795782839839,0.0024843979532561023,0.0031641589521967835,0.006397684202120221,0.01018568752900461,0.0039768218933652144,0.0029449685518168948,0.003694613819316362,0.006491701052643403,0.003358318254441859,0.00330663992241582,0.00342705597139572,0.0042184659579086615,0.0033015424300780727,0.002923793658623675,0.001780285403178767,0.004595801134608437,0.0035172104031448302,0.010041097886783097,0.002292946799170979,0.0031600095739492437,0.008286121105511439,0.007111325450071968,0.002718001993289942,0.003921258752919992,0.0017298250677096364,0.0026059710980679248,0.005898737992435441,0.0033438392768882154
3770,0.005924667922004271,0.004600435111940188,0.0054469307645733,0.00651103717067573,0.004145786027472046,0.00534637050650542,0.007264795892809354,0.0026293937859350703,0.0047790745704968385,0.004873840541800478,0.0025068594764945267,0.0035572741993596703,0.0062902991625221425,0.0028960375887222335,0.003384338466923855,0.003867934923828456,0.0035150774530180035,0.005213906262382466,0.002921707887819458,0.00616615567275806,0.003666302315806596,0.002421757464148779,0.009041904018446126,0.002356474178408466,0.001198699293858611,0.0039536658138045865,0.006387922709145068,0.0019395181258981228,0.0050851478523669695,0.0027352992423242666,0.008084265904356853,0.009319263272673973,0.013677463604227898,0.0024299502220733226,0.0030530471294401354,0.0007748000590368521,0.003501603345639188,0.001974617951192161,0.002743113713470538,0.002683804795815549,0.0021832427460134357,0.0024953203445082614,0.001961078164267715,0.004572574901465533,0.0036999137244197,0.007442524608307086,0.0031417887317694185,0.003159457073640253,0.0027821280044353883,0.003795640259178084,0.0034814733453752155,0.0017488110743606067,0.003183683971191271,0.007405664775126766,0.010086128640722296,0.0017686344511689308,0.005573931123354093,0.0029444694293129584,0.0030740384699093973,0.0026390300174541823,0.004362430858303436,0.00585179561701958,0.0045732285908114635,0.005261771951457451,0.003157826585572166,0.005224326549615899,0.002614945147602681,0.0031576877866344257,0.002013924881877738,0.002549699537991669,0.004218954711817015,0.005647267605188495,0.003352303299759174,0.004346695001057964,0.0028003293555481884,0.004069220147339208,0.009229716971420455,0.011707240374951765,0.00367136301125812,0.003285818602579633,0.003773909838690495,0.006860280531541454,0.0030456438740421986,0.007411566044518624,0.0034602923766897027,0.004116913622978897,0.0037509763159685526,0.00309892717918097,0.001994812241872182,0.004510661311811575,0.0031341311462572685,0.009036499086713006,0.002346662561335401,0.004359128891409408,0.008304395989680444,0.007063231545065877,0.0027289530615363274,0.00330691343242948,0.0017056476301349566,0.003497742705886748,0.0065566227469694505,0.0037099578533289802
3771,0.00454371853716967,0.004197296185168743,0.005260077195284893,0.005592841148761301,0.003161954375304248,0.004799715173155449,0.005623513471088118,0.002619105091240718,0.0032398728573282713,0.004354550113311821,0.0026530407536357577,0.0024996464564311536,0.005755218739708568,0.0022653716005912876,0.003414791807992405,0.003286179421646616,0.0030534098314892065,0.0047868559317797614,0.002521921947935087,0.004346835260839379,0.0028194615676412006,0.002470770800456669,0.009181578971450716,0.0024080436123661074,0.0011013657113823397,0.0035143290461657132,0.00578864791538865,0.0019257450989414316,0.004167022026016368,0.0025802365623539074,0.00789142292485182,0.010584775756853118,0.013325886259882474,0.002116086564566674,0.002397143979727445,0.0007245793032041609,0.002381701332718458,0.001997108681584126,0.0020692573201434045,0.0022536168270160545,0.001950622987970849,0.002060530825239169,0.0018644860278745864,0.003534988437593492,0.0028425443923303386,0.0058909060863045785,0.003127855276818834,0.003640895332033508,0.002412923118785289,0.0038739544714576635,0.0030520370027513283,0.0017787477721892644,0.0039044997831959127,0.006764993196750417,0.010071593809202754,0.001957864920502604,0.004322516482202963,0.003119984316566482,0.002656094002113394,0.0023729971771136687,0.0032307767414151757,0.005530228965573187,0.003793952994007513,0.0038939365217434143,0.003992693174955904,0.00480085509821248,0.002362753330815984,0.0037051203141579164,0.001677173100483278,0.0026719549501329296,0.003697856112427063,0.004453699707459138,0.002995530890824441,0.003439035024963524,0.0023636297327825025,0.003576104511617158,0.00827411402202613,0.010887065206043276,0.0036999134915343844,0.0028764307450677338,0.0031972849477552336,0.006673560819921566,0.0029514449884472335,0.005590761932512002,0.0025904815065831755,0.004156760509380412,0.0034238654808874938,0.0029389094326986273,0.0014607458828078347,0.00384439729811009,0.0030917570671871925,0.00938285198295932,0.0020141078197430775,0.002751767274480015,0.008078277214597345,0.007150173443794808,0.002175195893564354,0.003204755121760657,0.0016876631187609382,0.002465118767275838,0.0058937940969988455,0.002827446205719606
3772,0.004882724613536944,0.003976822496036176,0.005111413682932608,0.00505365206671757,0.002885613729198092,0.005891704096093767,0.006275812268343217,0.0028672141074523494,0.0029692187517169847,0.004486981294470322,0.0023460905421983295,0.0024038393811019075,0.005969293785103598,0.0020354211023912417,0.0043687068709223915,0.0038348690529555647,0.0036329780857221276,0.003863624985002639,0.0027415076166662842,0.004215701042953331,0.0033228453984232315,0.002425528483440463,0.007995925163854343,0.0019696788641740473,0.001149409880046608,0.003728545171812666,0.006703466883886076,0.0020732029933378626,0.004305788502561395,0.00283170947513479,0.008148235979357174,0.010090511576851226,0.013681875616645613,0.002281124587288833,0.0024951802311618592,0.0008070469891780739,0.0023741025267099204,0.0016315429546323017,0.0020563485659452797,0.0023853123298043957,0.002008193779793625,0.0018989885646111578,0.002040603173892905,0.004642526384731151,0.0037875523716980526,0.006083871221231091,0.002912841201660326,0.0031849464466809385,0.003417042059350565,0.0034667905739189154,0.002798980714768879,0.0017171320889488439,0.0038040032456497655,0.0068142514544787215,0.009900681778830236,0.001910700859651193,0.004767006820291257,0.0030935106570569673,0.0027904977481567083,0.002638000288855036,0.0034889088766154263,0.005525189579331301,0.00425497664432797,0.00377808683881984,0.003225753927052293,0.004429549312900243,0.0023340705987212156,0.003480553674223945,0.0020033328997618245,0.0023834409100086146,0.004956876254850008,0.005456182765290109,0.0030664962253915394,0.003542404986830303,0.0024071676711388754,0.004420086381340691,0.007400714364828298,0.011248697785409366,0.003690587286001561,0.0031405530834603883,0.0032392821537276717,0.007728854165462067,0.002965134570081187,0.0052049068549319686,0.003014135582382772,0.004174599994149012,0.0030277175512811016,0.003128708539614079,0.0016923314432630819,0.0036720434117446304,0.0029222945017269787,0.009610852319641287,0.0017725545773513544,0.0030345426825964593,0.008397468873983094,0.006977534088959209,0.0022807930820734033,0.0031639940478774397,0.001925338622606684,0.002766785405424439,0.005867049314244229,0.004003496054628169
3773,0.004288279142745483,0.003947356460212151,0.005257807896154306,0.005005590994161222,0.0027833771783964427,0.0045610830910970705,0.006603074126527522,0.0029958013832527873,0.003101908266124343,0.003890879549044013,0.0021818559099535486,0.0024381815864732395,0.005480158882658925,0.0023188204774099996,0.00370986476109119,0.0036285356186875417,0.0035612197249872495,0.0034278552506779446,0.0028263276148939717,0.004889179687241683,0.0032613793486304453,0.0022663784528367246,0.006311442682725749,0.0021307794339117114,0.0011534035119113105,0.0034984009242334363,0.007096481800715694,0.0019636436546446832,0.003965524070928869,0.0027589532013639947,0.008129780610291027,0.009341905541114245,0.013365814228091542,0.0020084623835813402,0.002587771078991307,0.0008425382902524274,0.002475975207369247,0.0017212291632008366,0.0020124223469662112,0.002297109200487045,0.0022075480944199707,0.001822822438617299,0.0020767890141051887,0.004405072801850057,0.0034420410741356515,0.00586361631076719,0.002946675772041557,0.0031350890030390093,0.0029681891011674117,0.00381206549482039,0.0027369872737537126,0.00179590177965263,0.002889104498677196,0.006885525932842817,0.00983805430274903,0.0019731446521231654,0.004723242275415231,0.0028039436349184565,0.0035945131721451043,0.002382950036584854,0.004654141859407541,0.0053895422957539775,0.004130982938616926,0.003665674104279111,0.0028432805890453413,0.004645907334780519,0.0025695499717189882,0.003129200233778268,0.0021409341089531145,0.0022625518888509,0.003570437512048804,0.005373901638925359,0.003201045961357265,0.003999845031643121,0.002393214541297179,0.003412614767847459,0.005680150990652076,0.011187415716309114,0.003730173696659846,0.0031592244032034454,0.0033179855497516416,0.007916866506978036,0.0029726068676107606,0.0046003190375182275,0.002570403451060343,0.004039980276435977,0.003777435469448526,0.003022547349965096,0.0015892342179304765,0.0033802340291870583,0.0032077394015249698,0.009319200187466539,0.002230348136582156,0.0028263576809613895,0.008177416539965586,0.0069629216933986375,0.0023303016243262373,0.0032079687871350844,0.0018834509197700852,0.0027643615615660496,0.005799112397380679,0.0039497538871687285
3774,0.004741504517496021,0.0049197095316535055,0.005020458439701497,0.004717299672262883,0.002857223012732894,0.00558041931745704,0.007019160771770937,0.00258612614464795,0.0032886619151634234,0.004340602342270207,0.0025094787216687433,0.0036145649056637122,0.004649519469174111,0.0027226450323019477,0.0031212915046496302,0.0036655443527434267,0.0031771260303042515,0.003629784031568085,0.0027403181080927533,0.004540942013990899,0.0037073691262128907,0.0021701716089375434,0.008002139255480139,0.0024402143285960918,0.0011818269920639095,0.0038343312421124007,0.00742527195519131,0.0020578146552797613,0.004123056291962015,0.002818527314225449,0.008325309115185836,0.009341557284676321,0.01371368502935442,0.002432824517090414,0.002667794815917544,0.0007376265775469014,0.0025249269717259014,0.0019106617424659237,0.0024873219747101913,0.002205283477817585,0.0019320439653304929,0.0018126327269181346,0.001984376825816437,0.004634525606119445,0.0033709100332169543,0.006477865984590794,0.0037708941471202816,0.0031348814216863204,0.002552165656265049,0.0043668700176882295,0.003184354162152232,0.0019538550017712507,0.003284383854022495,0.006892448577614411,0.007903050361355326,0.0019393836681316327,0.004880017498313501,0.003079773622323348,0.0029269364464610784,0.0026219145018598726,0.004196408916033472,0.005533983935242037,0.00407993398389678,0.004152115901067683,0.0033099046329049075,0.004780639433379792,0.003041268094029252,0.0027381845610059425,0.0020445716434086443,0.0027209095694292716,0.00383129169572608,0.004652373909840587,0.003031369372492943,0.003882016346554822,0.00235859713718507,0.003740037324270679,0.005864213737821708,0.01132326397023537,0.003930123550647099,0.003009995319642207,0.003173609361174789,0.008297060565518393,0.0030783688623617247,0.004722990712495637,0.0031528625111962604,0.0042355704665105725,0.0036335055272841577,0.00255188445405235,0.0017666208117435766,0.004187219029535776,0.003106128302095949,0.009305606089274478,0.0021884796867943164,0.0030728394793480157,0.007946504440615345,0.006783399263350033,0.002410223250265201,0.003112297831124921,0.0016448055111101313,0.003470841818988135,0.005843719597591423,0.004205697574731108
3775,0.0044961542329084924,0.00479540293307482,0.005082411966647792,0.005300113413880424,0.0033081695857851774,0.005164977328642407,0.006538668755409551,0.002677513035156597,0.00341278870577334,0.004655747426434453,0.002563043982084248,0.0031842372519129167,0.005437105060053481,0.0024030543567845064,0.003288120210777582,0.003018309555665743,0.0028274283904275678,0.0034531970308276107,0.0025586622343886497,0.00453804695159809,0.002870381606715427,0.0025355143955153366,0.00960293613453583,0.002244052505454526,0.0010879714071583254,0.0035143883870827875,0.006577883866510004,0.0020533157973171125,0.004204422375719497,0.0029345214203601476,0.007973737296524848,0.009473329162161793,0.012809894564949123,0.0019071644736252374,0.0024941579727927386,0.000720819293145217,0.0025432617678914442,0.0018304940002961314,0.0021615378669723037,0.0021832307128180997,0.0020239299109658052,0.001958943893809027,0.001868196551325367,0.0038333224342777983,0.0029712991658400047,0.006510099966846583,0.0028126808649442375,0.003017325016284631,0.002562074642846895,0.0036836545483409132,0.0030340195895540967,0.0018118008512731753,0.00322157829720942,0.007224496266877071,0.01023107073310447,0.0020791892892549806,0.004501025110561852,0.003067007047324762,0.0026072192084697667,0.002304748720662754,0.0047567106431768355,0.005631257761016164,0.003939281752139676,0.00355127183867733,0.003314984528197609,0.0042183047478499954,0.002595661063421913,0.0026296907531865466,0.0017840617143682525,0.002720402275976114,0.003473275466905592,0.003738589365215451,0.002916172797893903,0.004383140724084509,0.0020545167089941045,0.0035179422610555336,0.005684193332422612,0.011278873233893073,0.0038857278242842037,0.002882836614042194,0.0033320503592782786,0.008070990500131938,0.003058558895709425,0.004369718107585561,0.0025155555823030843,0.004451084189190126,0.003722805338170623,0.0026398671933661956,0.0015112622629894993,0.00450547617841622,0.003359331165383945,0.009405602540446822,0.0019471281724395793,0.0031435133655758835,0.0075523173460772764,0.007103663174457248,0.002083568859709824,0.0029516805161280994,0.0018223321319066367,0.002391651378069205,0.005879813786680173,0.0029438079859377634
3776,0.004842262277087882,0.004158944592495356,0.0051623811532568965,0.005348552781447028,0.0030457058872531916,0.004447671925242284,0.006406298242419984,0.0028550727006571744,0.003246740135217722,0.004838298898505768,0.002131745588662366,0.002809768616701752,0.005701607074905399,0.002399911545683014,0.0037368864801575197,0.003660279069400343,0.003380065376773494,0.0033303384660406145,0.0033835604868955606,0.004934494324576405,0.003701215337481918,0.002330004721427673,0.008774121885339261,0.0018853911508397796,0.0011627825926957172,0.0033821031714714104,0.006938433054576485,0.0017891358712131445,0.004261098247268636,0.002743796159642624,0.008006686663292385,0.00919971305206915,0.012904143167542122,0.001843230711622844,0.002524156575730201,0.0007495883851651715,0.002204850107002476,0.0019147068190557373,0.0024050887875604926,0.0023504906570662528,0.0023029486106923183,0.0018541289344680934,0.0019835529054847492,0.003730658219787646,0.0032713748304961233,0.007029191412192211,0.003063551960198554,0.003459999178182035,0.0028204123233914764,0.003677803265282049,0.0025009892720233556,0.0016422645209597582,0.0026508114499263174,0.007197462311408175,0.01013273423290497,0.0019952222724003692,0.004571834290125716,0.0031031225174079774,0.002924864164020826,0.0030702193195378657,0.00476000526494592,0.005643993955351234,0.0034921179891679146,0.0033293754935095747,0.0025438568939971265,0.005450812250005718,0.002683290430662202,0.002607939795513683,0.0019377157578234076,0.0027418898814210654,0.004816609249775134,0.005144797239387349,0.003077805530669367,0.004180576205025447,0.0020464549329586353,0.0033154823963699193,0.006046369514046753,0.011325707990420871,0.003889069073208822,0.0036960206071019676,0.003002804601429046,0.0073497686956373485,0.0030876794312151516,0.0033152025795315115,0.0024879840770633387,0.00428764972611599,0.0027903608714184036,0.0028173941912143915,0.0014210827243396284,0.004307985649791044,0.0029094829552460556,0.009140844820895996,0.0018830281328027566,0.0037686577297611555,0.007725727681874703,0.007050198537924877,0.0024470534343498593,0.002848120546241367,0.0016754976136380813,0.003179383188158479,0.005689303500543675,0.0031782877347280502
3777,0.00474515273902824,0.00369937174028109,0.004745474105369983,0.005346016840817976,0.0030212192604579017,0.004040958312272481,0.005406528907406335,0.002594556918441936,0.0028552907049702323,0.004194098977093281,0.001973461475645416,0.0026426842167099622,0.005509267576480964,0.0022288762820289083,0.003225830958052427,0.003355479605371747,0.0031314006401210303,0.003399310139683614,0.0019118455831662752,0.00484064019960844,0.0024551655086842363,0.0021093811954314913,0.008777076650243139,0.0023148379277077636,0.0010718613588543136,0.00359678704191891,0.006381576260690634,0.001875214808441137,0.004430527339645971,0.0029401804446946905,0.008283809336384227,0.008955924968458935,0.013293203272377596,0.0017680423135601636,0.0022943187683782426,0.000764668234358201,0.002234569745635602,0.002016332796180286,0.002185004320660858,0.002313900243835571,0.002272604678160351,0.0018026612122151982,0.0018194816528293173,0.004264796297296595,0.002886005564108109,0.005441124875646299,0.002746857027544435,0.003241892784490084,0.0028607654038803427,0.004155229155766775,0.0027921610984524515,0.0014871355483250222,0.0022287061263175758,0.0069438732317831904,0.009654062883680458,0.0019899459790482304,0.0041232109985734535,0.003057215564053485,0.002376013825011243,0.002748392853096364,0.003925557629562301,0.005316612682927855,0.004749901086135204,0.0033966707273738244,0.0028414767728959602,0.0036277310925515614,0.002888212931707344,0.0030174633263805105,0.001864424424667189,0.0025504334963468546,0.004481606008410821,0.0038746496042187765,0.0030235451862493405,0.003729915162378873,0.0023888979566023716,0.0031641911088990627,0.005613164885803561,0.011617505283654473,0.0036536649442859216,0.002241236836216839,0.0025527682623454344,0.005409538605477534,0.0028147500609039893,0.0031019085469339105,0.0024380381187319423,0.004155146107653498,0.0027627602828806056,0.002936185108508646,0.0013035013417472523,0.004354379063464435,0.003142802623186469,0.009168790958785708,0.0019618830844651317,0.0029029897543004293,0.007768111009337234,0.007023557823486428,0.002390378266131522,0.0025241445535742393,0.0018845840015591579,0.0027300132868176277,0.005575715107506996,0.0029913643516053003
3778,0.005798860431835871,0.004132047099029359,0.0048575792432173585,0.005198665253771008,0.0026314239791819217,0.004230781986240294,0.006849497820142651,0.0025564505219523733,0.0028464241732387703,0.004379298598135859,0.0018501473969331935,0.0024602069643446934,0.005263840122833342,0.0026657888958236905,0.004795862070230419,0.00413090724405152,0.002985410714586301,0.003609256322929298,0.0020762900020279626,0.005606417260707331,0.0027270864890135906,0.0021717542630367345,0.009208591894433625,0.0020186863507564894,0.0011478314246419605,0.003773619048689288,0.005941242615872424,0.002057645904268826,0.005477883641468078,0.0031938253251580125,0.00800184528412516,0.010839135502418844,0.014333423277062558,0.0020041750170746416,0.002301463125510259,0.0007657593446628557,0.0021249809342262934,0.0018359707763906245,0.0026037215860659777,0.002722433406513906,0.0022507765043717222,0.0018506786344141836,0.0019544247965717757,0.003691572748377827,0.0037093386224410115,0.0060110549109909685,0.0032054212609139592,0.003179753832505812,0.002919935279299415,0.0039173956537538355,0.002857285479322244,0.001476238696048524,0.002799703093528015,0.0063255114731249765,0.009770691682098058,0.001972701899076889,0.004305031857764011,0.002690477131620642,0.003039346259335847,0.0029689900465682596,0.0035740322726502453,0.005474911616993562,0.004941003533632504,0.003912782502188037,0.0027590045709434442,0.004386243895449291,0.003691181876312509,0.003351070458254511,0.001996018759331844,0.002501745285905972,0.0039786012363016285,0.00549687576361325,0.002784009151406647,0.003683277840001066,0.0024593540210668904,0.002803476591110296,0.006329011713347921,0.011706376379536466,0.0038251909891919367,0.0032261724809362334,0.0034750326784356127,0.00691974295776739,0.0035470141458803133,0.003219799920629166,0.0026007402869293967,0.003939266784113867,0.002698197166637437,0.0033627866879902247,0.0014690033076698852,0.0044953517333269,0.0030637416223340606,0.009475829123932685,0.0020485512435569164,0.0035588318516259253,0.008464865245487238,0.0066556737108102995,0.002374385479616983,0.0027058704867720653,0.0016997736680471713,0.003163811418811843,0.004950163266228496,0.003792694753486584
3779,0.006494828950541935,0.0040523685457634975,0.004915668552432806,0.0066056816111951504,0.0034857865515304544,0.004089928051869082,0.0069505124961790265,0.0029058090437100426,0.002946324739549446,0.005341431859073233,0.001769187120332495,0.002459943165006924,0.005609277935664639,0.0030985873437077665,0.004278583542936593,0.0031261355291334306,0.0026152375913063644,0.0033974471925062636,0.0020794306411744145,0.005028429154833487,0.0025506181340669526,0.0022028930542880797,0.009403391806743088,0.0028398238136115284,0.0010925468827588073,0.004246220899480642,0.005826915038977552,0.002100273056300284,0.004390593340257941,0.003092074494606183,0.00853828391894039,0.011209024071232266,0.01240530049611791,0.001967003905082988,0.0023044082071975486,0.0008252782147977273,0.002183886442503023,0.001619357382825328,0.0028420723983003065,0.0023492271107246015,0.002066167728647432,0.002126564314201249,0.0020757983500527327,0.004156000684979991,0.0031916030484050555,0.005877738684404623,0.0023728335283081247,0.002586822223272717,0.0025638280627821664,0.00379221439541312,0.0030181792581815002,0.0016686447445295168,0.002701628781286732,0.00674132446387681,0.0076984879352761364,0.0020157513294565307,0.004964294256189112,0.002848227521159344,0.002414662512861753,0.0031521295094712612,0.0028968254106468525,0.005390727469376834,0.004086920368414026,0.0050955365273670445,0.0030746447960032478,0.0038352386595011277,0.0025460135977020365,0.0027620560169293678,0.0018381486144107139,0.003055146834550609,0.003728491255622393,0.004209177872648954,0.003203872674746371,0.0038980837874794797,0.0024059641903061988,0.002797392816880816,0.005533505967801003,0.011104658266747931,0.003424842097659013,0.0024612132195811405,0.0029402043428052712,0.0057323871860589905,0.003173660647232361,0.003488982217119344,0.002492525329076201,0.004609074481908219,0.003455457988694835,0.0030540276060473928,0.0014483916438766343,0.004324266513462564,0.003092746941171582,0.009328713444001104,0.0026238745809608307,0.00238691933834883,0.007746936731826786,0.007138252343038295,0.002520471356158631,0.002926377266466372,0.0018998035226714897,0.0025016039721502065,0.0057310918188397736,0.0029865181540701656
3780,0.0064046721552472475,0.004111907470434626,0.004678484335400761,0.005799037156052502,0.003017296394682304,0.004310299833742987,0.006262552116344849,0.0026193653493582626,0.0032870547670368934,0.004874900930303767,0.0019389852576611746,0.0029210376890851167,0.005629473238241285,0.0024921434738949724,0.0037595586628425244,0.0038781620291234438,0.0031360352340310846,0.0031318343426028077,0.002094547447981602,0.006218099948067592,0.002690724811895956,0.001548444145092913,0.008630628730850054,0.0021875101266149873,0.0011236878310074048,0.004362421934885436,0.005488400364137831,0.0019817182785990296,0.005568735970828821,0.0031650170721145557,0.008170595409693235,0.010821152627317735,0.012915947011016862,0.002120341527695868,0.0023030976153147384,0.0008030071299891295,0.0023561431828779404,0.0018831686501430151,0.002698799575225997,0.002483559308460832,0.0021087430433728736,0.0018540226610197692,0.002029039825194702,0.0038701373669586822,0.003918997674954686,0.007058053561412612,0.003338381217444544,0.0032156726082659833,0.002998923887209406,0.004071488747062303,0.002964088597031035,0.0016121488678254873,0.002318357596688747,0.007260738743184969,0.007457250918342917,0.0018786850241740293,0.005332265228656505,0.0025429275461874424,0.0035779147583821992,0.002999557195344828,0.0031787378470439897,0.005908498650495803,0.00440913883224464,0.005714856426857572,0.002959642624924044,0.003820351329281761,0.0027623804074558217,0.0030081582634682684,0.0019160503928791904,0.0038345273553439794,0.003982984069326983,0.005209473270442301,0.0032605162866669916,0.003868949473155123,0.002261383273105458,0.0034534060725108355,0.005562128736316727,0.011207102706666408,0.0035532432931923703,0.00310010948100397,0.0034646832395275823,0.0065176541421016,0.003160719973182885,0.003204768626334996,0.0027053759813975764,0.003588436765601327,0.0030718499283692567,0.0035169807500228367,0.0018315874438441146,0.004796634574961166,0.0032708740011540716,0.009224906502758283,0.002093883131546983,0.0034877203879733957,0.008375465903053108,0.007116739170954559,0.002497321077174455,0.0027550032134406243,0.0017521601149698006,0.0033041979246320645,0.005484328140932939,0.0038048865722781766
3781,0.005361146767338988,0.0035866154329671014,0.004991160556610524,0.005416939413105702,0.003027562531127978,0.00386812725661877,0.006219130449153081,0.002957390449028044,0.0030187557577402804,0.005018238343840861,0.0019368645555628587,0.002317892150983751,0.005737456448831558,0.002356737461856233,0.003324019114387273,0.0031108295697319303,0.0032042164258138613,0.0034265356338399845,0.0020711372784259917,0.004727382729104629,0.0022791152844145682,0.0021578311788750955,0.010449915584241767,0.0032023994039925667,0.0010616560919919974,0.0034587417793536805,0.00412727392800248,0.002039515962114842,0.004337485920515763,0.0026076589939292003,0.008618121473251753,0.010989832303010318,0.012714392435722902,0.0019034190374656367,0.0022195277964712624,0.0007458125119102078,0.0019023462599583507,0.0018451208432268625,0.0026318906213782696,0.002249594120437983,0.002028263917271349,0.0020606605919483312,0.002224846915797581,0.0037084551670352774,0.00280315999306213,0.0043156414105975805,0.0025351128391327415,0.002829032428080444,0.0025643697590317723,0.003719819700985689,0.002513251730641197,0.0014867669598186994,0.0024351199976682184,0.0068552998475448585,0.00797145210049063,0.002023744984169516,0.004246831664438949,0.002644375621319689,0.0021876151168089297,0.0027949931087777433,0.0030041117255645085,0.005551346054268291,0.003635490652459686,0.004335828975420442,0.0033078833531364343,0.0037464699304361813,0.0026545001468816954,0.0030734254991409793,0.0018891448968370965,0.0025451793273212077,0.003365736113985552,0.004061296490775669,0.002918269234040641,0.0033172133138524035,0.002236303642059565,0.003443785792727951,0.005265173771996379,0.011410137669264183,0.0035118009221939204,0.002510722591205543,0.0033853022961476725,0.005305736055370622,0.0030565519996381876,0.0030761709910209203,0.0025490411599811786,0.003922712073358333,0.0025984485416379664,0.00335781405387705,0.0014264765282792082,0.003723516783771298,0.003008730397701669,0.009112528709347072,0.0019762416263120605,0.0024359619067761324,0.008566120115047508,0.007130605729211545,0.0022223962705221452,0.0025734213001840107,0.0018745129164023462,0.002604941300640928,0.005629932925710412,0.002782388280676475
3782,0.006068936197584414,0.003354526814243618,0.0048283111960331715,0.005952961116468855,0.0027045218378201796,0.004252924550617792,0.006018085757493916,0.0029127055871067753,0.0026789221946423554,0.004670837687882955,0.0019145270774294416,0.002408367872638668,0.005991977522395934,0.0021708088363936425,0.003956483431746791,0.003881370657880368,0.003405030472846348,0.0032080355882972704,0.0025196134624484645,0.0058202555692780985,0.0034956281768003827,0.0016489688156926612,0.00891836826139347,0.0023016732042956344,0.0011236432742870019,0.0035363699488708826,0.003913551310514612,0.0020973200595970367,0.0042778946138897845,0.0033375797239626414,0.007940562795876264,0.01049131348012738,0.013616806682756694,0.0021197427861581984,0.002281171930239823,0.0007909391265681621,0.0019941277039965716,0.001689910218658281,0.0025880778778866608,0.0024359512154822987,0.0021967139171084125,0.0018347260025580255,0.0017006502382141543,0.004578868301932599,0.0031987961304487493,0.003689767848626469,0.003493955820447892,0.0030773239366716013,0.0029199214794350475,0.003639162535748395,0.0024839012973225365,0.0015253392363142409,0.002360933450352143,0.006848009503152828,0.00740940970989638,0.00204091694461958,0.0045953358181345105,0.0025029912232141203,0.0024100625337688314,0.002879468135002414,0.003207563263205796,0.005686194337353241,0.003952448557257985,0.004097774237455816,0.0026685538653442886,0.0039196365773799344,0.002999575815097443,0.003004201637774546,0.0017717055026609636,0.0027040448560595697,0.005032600327128522,0.0037548047927977338,0.003086551802580744,0.0036361823721357766,0.00217378333799685,0.003081299151262991,0.005393951506175169,0.011510906786338312,0.003505488434268875,0.0027805360305111788,0.0031426673363925536,0.005164127712559549,0.00318873430601458,0.0031793442013149675,0.0029782853519776747,0.0038878247498515227,0.003098604231458099,0.0036048532060630853,0.0013461799727660796,0.0038635331359373336,0.0026885634338110263,0.0092081430440302,0.0022685740574302188,0.0032604134585949326,0.00823413665950792,0.00698515605787053,0.002313627326355602,0.002890965490887798,0.0019988435908090325,0.003109438914508987,0.005647912380653576,0.003856848197677889
3783,0.0040230565382471046,0.003735586784430238,0.004871520034253829,0.004873685090322216,0.0027748281139408754,0.004219887259127656,0.005955929755020636,0.0028434837993502704,0.003092089892525428,0.004051935504995919,0.0017717051003325465,0.0024562694305987967,0.0058042668750769265,0.0022884367432375414,0.004266187317762407,0.0029942720991103693,0.0029939632768484696,0.003185201472948054,0.002058810429755603,0.004865317645723564,0.002870151976166186,0.0019084608542941518,0.009641690281180079,0.0021447845477473183,0.0011201615123322285,0.002926166157629526,0.004083917024533151,0.0018298591156521186,0.004271769962849743,0.0025290448759408405,0.008037236826423962,0.010687946920630876,0.013682896175078806,0.001919702804846952,0.002224623128966388,0.0007606839350220529,0.0021225948731139633,0.0017187517514917197,0.0027009527907108886,0.0023229163372114575,0.0021770898189195464,0.0017533661201398552,0.0019232289345518898,0.003948661413848818,0.0028888950405664884,0.0030921130790591573,0.0028889095138945955,0.003186898179576782,0.0027248267172308646,0.0038418560078927557,0.002850508683107837,0.001544974970568929,0.002239143144049024,0.006813054549918828,0.007545556870535384,0.002016743895152486,0.004310553915393101,0.002843046358411788,0.0022912551512388963,0.0028202693918571286,0.0028643830678122375,0.00542118785134427,0.003666333913998579,0.004541966809180307,0.003048855526233281,0.003683748270577097,0.0026894942321311795,0.0028196844020629205,0.0021055328096965358,0.0024351921444033873,0.0035428769861412914,0.005013871000518921,0.003222683024156397,0.0034502379745398612,0.002270056493050852,0.0032695884276684626,0.006096345247999991,0.012045921572164501,0.003482419817127414,0.002492165504802985,0.0027292436579554337,0.004920801386976651,0.0028206903974262627,0.0030479992214636348,0.002480796775274997,0.00377935037982629,0.002935040786701826,0.003588646636138212,0.0013229458207955629,0.004566623636715909,0.0030676501463263433,0.010017381689455337,0.00180071650760606,0.0031588170297785247,0.007826496437739404,0.007135761398198696,0.001940376905171547,0.0029220244011297332,0.0020394830022595627,0.0029114902377922218,0.005470607449570997,0.0027732231876847944
3784,0.004697933328800374,0.003662497456447687,0.004938244543958441,0.004794327433523899,0.0027588431702683268,0.004141705009294355,0.005565145807449563,0.002781510281796791,0.003218544141091494,0.004868213289333634,0.0016737018535690406,0.0027921806773872973,0.005754772625224605,0.0022386651868073894,0.0027954039605602226,0.0037768029502628308,0.0031396132511640256,0.003264228102931957,0.0018892015377270875,0.005054369892210239,0.0027965299061343185,0.0018476373047147836,0.009299582294305862,0.003435305358981315,0.0011111858390801135,0.002753727172594696,0.004916815302935482,0.0020596825339777684,0.004679852857871964,0.002325486867914591,0.008428165515931495,0.010491302317619536,0.014046143308315457,0.0018580861258778295,0.0024861983495252323,0.0006597600050156369,0.0018605102077812175,0.0017012180285022876,0.0024069205443174504,0.00244300124806829,0.002170780892103128,0.0020021869006171624,0.0018290895543797434,0.004406108796026277,0.0028212973834495854,0.0028370554343034402,0.003051404967785607,0.0029083004331441694,0.0027367066053772446,0.0037702283796070663,0.003194060681393815,0.001516908505912569,0.00222192995145687,0.007013968691456952,0.007745638149314011,0.0019716502485242694,0.00432259519988333,0.0027595967640687545,0.0026130322555480796,0.0028995183756261563,0.0035479370477707107,0.005498017163096032,0.0037642407935274294,0.00450353649897828,0.0028835049846152494,0.0037450379615920426,0.002793923964907476,0.0026267963537610567,0.0020850224406930525,0.0025027114380203773,0.003824171128299725,0.0036888731564765926,0.003245253101113793,0.003851507226342986,0.002209196750826552,0.0034277073095007253,0.005807464755570992,0.011811524714570941,0.003426909158870919,0.0023428433618607543,0.002912948191401854,0.00506049798447418,0.002583886387371212,0.0031687954742025937,0.002544631149212478,0.003894761592103539,0.0030398165394706967,0.003505719894187132,0.0014217447852500472,0.004191159907447067,0.0027938148569683473,0.010647603093536902,0.0018570340789096876,0.003188086390241232,0.008910153101949446,0.007084067833168171,0.0022208971591564665,0.003103430994449405,0.0017456381372480101,0.0032617364168731292,0.0057218661967090734,0.003927899161355594
3785,0.004448585358972488,0.003656375776403094,0.004920916797882907,0.004986893554696722,0.002656919697853507,0.004078916813949178,0.005613649778480323,0.0028016679751889824,0.0031329845008629185,0.00498794985521907,0.0017796754286440847,0.002651739745427781,0.005730168137992749,0.0020572761710755173,0.0035898269568518616,0.003986321478963503,0.004102088579247304,0.003502334780259121,0.0018934880323665743,0.004499533736653831,0.00195468020617069,0.001933232817002853,0.00793821077416377,0.0033928290249465114,0.0011362533150757932,0.002666038411701101,0.00447512442935,0.001957849498029616,0.005122614642835168,0.0029988691380361046,0.008028352779443576,0.009102161811289478,0.013019913226803162,0.0019100478044835729,0.0036826383223661995,0.0007163740632617485,0.0018724135071471733,0.0019125268702403306,0.002336710620323809,0.0022787660229641863,0.0022719184622097964,0.0020047002047953403,0.001786740827885795,0.005086179353926228,0.003054660365415652,0.0030344113185910323,0.0033813965946098033,0.0037723131970118905,0.003169995345475588,0.0036939028884405535,0.0023679682612080654,0.0015497989580883877,0.0022820537812558014,0.006946916015415165,0.007405995314038622,0.0019569867283115517,0.004135583635853857,0.002591489644461015,0.0023279291130282056,0.002343642759742109,0.003725727646243847,0.0052294040721046755,0.003561394512923928,0.003949496703650808,0.0027249628289493207,0.003936211120174963,0.0028674345857332417,0.0029337718265032785,0.002178170641607046,0.002503458556545168,0.003954524459791474,0.003589076345058188,0.0030962729469331393,0.003992544182648219,0.002345804058972274,0.0038011380063524246,0.005293146317726854,0.0116532473230775,0.003409310453532584,0.002388036422745531,0.0036117513692111914,0.00519349957883949,0.0029815424234366176,0.0030274580313602753,0.002793924900648335,0.003995200903216421,0.002983587039491672,0.003025757805679118,0.0013760598849349066,0.0045309423066355655,0.003109295161716597,0.010711410694490955,0.0018814877461057764,0.0033132382346801642,0.00880627390231702,0.0071359051289063705,0.0019383773191511398,0.003676739468873976,0.002127557581741367,0.0024556293857554866,0.005822248633598184,0.0035336919266363977
3786,0.004674753080771174,0.0035795253671028833,0.00491142330463897,0.0050264219689364585,0.0031884970167018606,0.004446813430416967,0.006456817521977617,0.002964623908837014,0.003425681016636358,0.00410356713567262,0.002153702430772579,0.002763436456661443,0.005748763438533251,0.0022354321958028885,0.00392598568190056,0.003728715094688853,0.0034029970096842426,0.0033963334826150743,0.001988767721148836,0.004568827251170946,0.0027139603699908427,0.002293387136421413,0.009558518925708677,0.0026496167772360807,0.0011159311753248925,0.0030494837945389997,0.0048178858619636064,0.002115286302799649,0.005153136670610488,0.002537553133818745,0.00920251162675738,0.010306124770398238,0.013095997601745218,0.001937685161191927,0.0036808151085673596,0.0007800777554506843,0.0022284095496606536,0.0018489171777144795,0.002311336533290915,0.0024213136483190643,0.0023699774201940164,0.0020073968433788466,0.0018942217853893644,0.004993348679820437,0.003333573872141334,0.002813548464860208,0.0033922993823937014,0.0038123721721299592,0.003599309472077269,0.004067424085435502,0.003092419634856279,0.001705799309951021,0.0022814315811484497,0.006960019437837583,0.007260346821605647,0.0019523557012089915,0.004064321093492183,0.0030142803078443492,0.002460925338179509,0.0024391091219382044,0.0034233448570409443,0.005314257216690029,0.002984042040680311,0.003804252843124036,0.002810349015510271,0.004456417293304789,0.0029069302622941728,0.0028748847647250973,0.0024045768564106783,0.0025972107258437206,0.0042467359491346855,0.005015973012298882,0.0031120851884353425,0.0039214464388133115,0.0024263325859653906,0.003352308281812097,0.005542378081502204,0.011526451601170457,0.003470539087039418,0.0026945622497765963,0.003105487378010967,0.00483049401793402,0.0029315231880178085,0.0029234746554204732,0.0028439296320676793,0.00393534571694595,0.002823338892316085,0.002932866855210541,0.0015590560028447876,0.004213823000384887,0.003048457105955106,0.01034475038484113,0.0020719471350900786,0.0035272292452915755,0.008631496912871099,0.007136847281502957,0.0021138938641057383,0.003367572143622346,0.00226855399717918,0.003095398677881575,0.005752969539511074,0.004589182493207996
3787,0.004215261117251726,0.004071141330709214,0.005005443408087533,0.005818880814148859,0.002715506753504267,0.004018334842603655,0.005723330343117147,0.0028299914294450212,0.0029741080858126517,0.00495370252665383,0.0019539426005434108,0.0026433655629569722,0.005933343145226612,0.0023369219897817423,0.0031781137994966193,0.0046885171473577646,0.002847108774257324,0.00317345461816533,0.001643066369382918,0.005153621255656052,0.0023530304084099377,0.001921404272505255,0.006892116841041443,0.0030886937445510788,0.0011011272776328181,0.002765386523252523,0.004263461781199221,0.002014586394702479,0.005053391736430887,0.0026381994345841923,0.007829917211490173,0.009990396362123897,0.013056994975795594,0.00203646394764906,0.0035971642636745444,0.0008506077640066167,0.0020595053540887016,0.0019058921899967438,0.002271362552371664,0.002281960817615685,0.0021757247218423723,0.002468267704889855,0.0022260203140930515,0.004475555386946519,0.0029069257704448116,0.002688946410724492,0.0031354226902812732,0.005331159459588667,0.0027849384801093362,0.003965783769747167,0.0027474673801568153,0.0015245539056868906,0.0021214740972172645,0.006744052267604501,0.009530653653228596,0.00199091155916988,0.004450502092062326,0.0025038485313785574,0.0025464965323474162,0.0024788885871480006,0.0036830856643238264,0.005317330375131735,0.0031455844341529778,0.0038515092595222305,0.0025614951941638694,0.003809088839370451,0.0029728342343580956,0.0027585426061299398,0.0021660507343448676,0.0026677486730335718,0.004331592079440691,0.0036440144010550846,0.0034534793150314755,0.0036745593469976415,0.0023104343259024024,0.005260133051659376,0.005593975112134943,0.01132734623952307,0.0037839367004033706,0.0025829671380512313,0.0025422706214892053,0.00515345882045369,0.0027857071345920737,0.003129734397518511,0.0025170955022377492,0.00404263196765402,0.002959289119311348,0.0029589130654676075,0.0015396336641453968,0.004737922792606966,0.003446429436788246,0.010518790980981569,0.001836067016878273,0.0034265388934922826,0.008138644853924265,0.007081596360926423,0.0023108948449773606,0.0033679988717005187,0.002031640683807137,0.002557228019475083,0.0057461134676452955,0.003349931787215718
3788,0.004659323135227567,0.0042650680756606526,0.004950765427597126,0.005206312598417585,0.003259874233271781,0.004269362886733027,0.00576147826276861,0.002867275513105084,0.0028219528832641285,0.004390458017468246,0.0019791818244117142,0.0034096062335691652,0.005399908724157934,0.0025382713781919542,0.003384742446439815,0.0037576594757668023,0.0027930482856717074,0.003094241982493612,0.001792812828912276,0.005771807406867644,0.0030599238013949257,0.0018803732399894474,0.009063417659084895,0.002481056730703746,0.001132701249851149,0.0038435563576851212,0.004568540030154288,0.0023697493650089627,0.005328876082805997,0.00258958196504338,0.008194934434579419,0.009937706832292987,0.014602234043409993,0.0022935947751427633,0.0022852453348833524,0.00086105396628341,0.002157311149492078,0.0018870388040525602,0.0026868650092708554,0.0028201929304352727,0.002182474956573708,0.0017690155103565574,0.0018732738178805477,0.004757848122764406,0.004074465248287226,0.0031355393640150504,0.0037984371643576586,0.003613672283597562,0.0033544546975988816,0.0042392616718529156,0.0030572211207171504,0.0017555473508426335,0.0025411151897893587,0.006181242000657907,0.009279656045646399,0.0021146467184952112,0.005103890392213893,0.002601767798551091,0.0032797408738055147,0.002717933203787582,0.003335166441344039,0.005209826042070266,0.004635865691782313,0.004207984317118791,0.0028928494716903928,0.003884882376852277,0.0037510085427933213,0.0029960779895002666,0.00209057412571919,0.0038761411015293245,0.004041835622673224,0.005163364972030655,0.0028561378718331056,0.0034600219323374344,0.0023558188957687287,0.007540835317421195,0.006142028175100998,0.010744483600939974,0.003968457186306848,0.002858080520176643,0.003358724641803306,0.005137418641333357,0.003254986580475066,0.0030573933437637577,0.002954658785032508,0.003828898520731665,0.0029527885565452327,0.003137733348259924,0.0014299921766910766,0.004450775881769965,0.0032270151946686477,0.009090778396308412,0.0017697801689977187,0.0038754965228199,0.00839835510914218,0.007180854297916276,0.0024717106815946967,0.0032648318551261246,0.0021638709986386622,0.003148806335059675,0.00441248514141581,0.00403043758934443
3789,0.004171133133641682,0.004445572390075894,0.005930550285587961,0.008895016026385124,0.004848701801619161,0.004052292064603295,0.006082634551397609,0.002799128676833673,0.002988160487612895,0.004986001667595757,0.0018499349041137694,0.002660249602563909,0.005761890523747028,0.0024373704828436933,0.003348511254072708,0.003293817723365912,0.0027384472001717054,0.0038797492053821,0.001506070335950167,0.004953353848863397,0.003223098754388905,0.0020752420328975616,0.006313510346702002,0.0020614124116337287,0.0010926906388251546,0.003465918414226313,0.004366622888006301,0.0022250263715583706,0.004390794759207961,0.0027308649917076456,0.008408538304320924,0.010251604394899468,0.01235834119539931,0.002305049996574612,0.002309610695131402,0.0008873316680551526,0.0026486366824161815,0.0016781711586484392,0.0024183423777931153,0.0023477415181373134,0.002091219230549594,0.0013840484068574186,0.0016928743157346496,0.0037873476887969842,0.00301116820422376,0.0029718245547519988,0.0031623080922542745,0.0031944491120485283,0.002429281873640665,0.0037053003589769254,0.003118823222992184,0.0016536529381818922,0.0024787459288057004,0.00739389186380344,0.009494878087527326,0.0020243885961538,0.004975469543102015,0.0028772223042872695,0.002411987320264608,0.0026515406834499264,0.002838177019538165,0.005208257676274238,0.004634915240175509,0.0042145535143722004,0.0030435034961944656,0.0037008372856194307,0.002560464570499179,0.0031371018548263024,0.0018116766317575414,0.0035701555122673724,0.004431286612013562,0.0040981533992135175,0.003159972184845112,0.0034399184765855563,0.002786698695553643,0.004375036760445546,0.005193744447908945,0.010453667644691895,0.0035205794627112355,0.002681974646917538,0.0033228832006138745,0.006692732459546964,0.003262585347300908,0.0033700975700789843,0.0024560113869715855,0.004694824274311406,0.003422252283163259,0.002791837251607723,0.001593458577760385,0.0037622106181071325,0.0032066967710281994,0.00966536926428033,0.0020205724680545534,0.0024377621160162175,0.007965744471018566,0.007413917290658848,0.0024271544451211127,0.003738604421526703,0.002040762516702194,0.0026579264193915602,0.005708305255525552,0.0032129831762178107
3790,0.004841588247061151,0.004210099766724588,0.005120996791717746,0.005837966817946106,0.003288768673233223,0.004382052945983223,0.005546200179356241,0.0027231756264964745,0.00292474250573446,0.005826156942079439,0.0017826528399582672,0.0032036384111349633,0.005963058363981342,0.0021295971430548843,0.0038609785002530097,0.0039014855823686586,0.004056240634376666,0.0038994734445745786,0.0015745323727592313,0.005353484761879757,0.0026784236474346997,0.0020129226838249597,0.0056523843491292376,0.003295926483841895,0.001043242580896434,0.0029303856181902227,0.004169796194764277,0.0020672296119182243,0.0043444098550453015,0.002861064398675256,0.008055755867508238,0.008981159690148469,0.012744418269349763,0.0022799554012853836,0.0023393714250414793,0.0007681276538408134,0.0022799449606556903,0.001954949691446348,0.002270630328450809,0.0023441863559573194,0.0020537434862795143,0.002140048984325856,0.0017826190928072049,0.0043295697536220494,0.0032256959794774837,0.003036637667317099,0.0027551451057528753,0.003479520699807232,0.0023501587455959454,0.0043582610846842245,0.0031668647416594627,0.0015865312820321571,0.002594632632569199,0.007589366553649958,0.009799843331896811,0.0018718122967871635,0.005194419676287586,0.0024921273283372166,0.002737634133816335,0.002504162578801944,0.003389136917083753,0.005666868167621023,0.004101506934681225,0.004090635360974808,0.00277601161578719,0.0043867111427006895,0.002902291606130445,0.002589131964879804,0.002053556055022897,0.003122736666452093,0.0038438191617213395,0.003911909505625674,0.003398664651790078,0.003422061542247414,0.0026759143623797882,0.004397639298286164,0.0057057351151417555,0.011642642017290527,0.0034396701848086017,0.002916399613629416,0.0034496669819655537,0.005242873891207097,0.0035313022897919665,0.003415479360785085,0.002491894046471816,0.0034623170195847643,0.0034790839009761778,0.0029605208558119065,0.0015445675562280646,0.00432055630728486,0.002771562512357699,0.009830534588583073,0.001965929932746532,0.003355609659744613,0.007928725934996207,0.0075570517242371255,0.002257970623545682,0.0030035012439495125,0.0020304158952296303,0.002747803269635043,0.0058806436336366645,0.003748081288563593
3791,0.004319641852005682,0.003414861182686536,0.0047369345858158576,0.008268322078769217,0.003046482011667255,0.005097688262776592,0.005429660088413325,0.002798282573951939,0.002862327200774147,0.004379078695052058,0.0017325435780412074,0.0024749089732061867,0.005757874055370593,0.0019536035311753007,0.0033379261065839628,0.0033942082065550067,0.0037113156117648993,0.0036584448879456864,0.0014863342095377979,0.004517590846626736,0.0028403448625535324,0.001906152038727343,0.006335784554626703,0.002207835756985737,0.00107879652493737,0.0027218716521116198,0.00395368005869665,0.0018700929422719385,0.0043265050092942264,0.0026607964704979227,0.007945799787461181,0.008948430837980076,0.01275031528939501,0.002113512419673024,0.0022439691173667727,0.0008313739814111878,0.001972606190804673,0.0019353253347337619,0.0017309869710830342,0.0023566635287616653,0.002058436246144686,0.0018506476480147163,0.001781051806917232,0.00426575136148795,0.003175228055894136,0.0031683906867620497,0.00300812398125674,0.0035344324201089967,0.0028131326264885965,0.0041114600420890995,0.0027401377636669983,0.0014730041275441543,0.0022893124013518896,0.006980062531623617,0.009514001033970003,0.001961134986796285,0.004620945245640623,0.0025576574644596626,0.002253638055577747,0.002525065681958757,0.0026172339700569758,0.0053395709987171395,0.0034295154265242753,0.00430483662750058,0.002929939202058174,0.00403112371734422,0.0027090594923337243,0.002850444533357046,0.0021746755906309058,0.0033236822912243048,0.004068675068320151,0.004330077180522113,0.003088257312236682,0.003044166979115269,0.0022564750183704033,0.004633341156166405,0.004968450113549575,0.011107016432965917,0.003551311794302521,0.002504041277508025,0.002885179461139252,0.004979204213659562,0.0031882623565798627,0.0031038942158226053,0.002559764474922935,0.0038894766869896065,0.003358212874698722,0.0030278046991826266,0.0014656250887827135,0.004468756843318583,0.002990952497350015,0.009986476384518682,0.0019617052040131746,0.002953448403684559,0.008508263684336506,0.007262320998808323,0.002354350560241539,0.0028398292496038843,0.0021129368061352243,0.002942212603129946,0.005812110215098384,0.004371567927384238
3792,0.004242760016946828,0.003310581269907305,0.004889680221126729,0.005684504899204406,0.0032596629435001374,0.004219360633119573,0.006837594462786485,0.003115569147164307,0.002841401418265451,0.004223241435004038,0.0019691447918124285,0.002647890999629246,0.00500622123788031,0.0019754200278487557,0.003994198659902659,0.0033645790028091023,0.003016725027571022,0.0036052839481035075,0.0016013459561842296,0.004111114102570217,0.0033479108552643693,0.0019204546542717948,0.0063094142822894776,0.0020568508109488496,0.0011480122366187017,0.003149495622284357,0.004044119174596713,0.0019455168760570453,0.004155146716468299,0.002771882042456737,0.008548067288017798,0.008936293982261801,0.013601460687240541,0.0020149603015645096,0.002190910868492004,0.0008919395872124723,0.0023415306392249886,0.0018267318252686254,0.0018918092635400198,0.002230038725476269,0.002019585528968793,0.0018488525087901632,0.0017843111361661443,0.004129695011259757,0.0032409808523863465,0.00324985139978394,0.002931675269186574,0.0032760118809343373,0.003501395064241601,0.004361538886342629,0.0030522254748511285,0.0016327086068113478,0.002651324223404244,0.006986848161008053,0.009574569570291574,0.0019689866590990907,0.004989433417828249,0.00286613051407038,0.002320067219867415,0.0023970664413652115,0.0033574759408794073,0.005389134870334308,0.0030422050848553186,0.0043233793971006315,0.002842653812693346,0.003886381769334508,0.0025465944597355262,0.002761460646473471,0.0023919542829570956,0.0031113595692929016,0.003079127538232845,0.005201945066811513,0.0042026065744290965,0.002941310279166688,0.002398569772656773,0.0032307333328729583,0.005790921220298224,0.01120408185180605,0.0037232793273152495,0.002437831188965577,0.0025172973623232998,0.005820752392241204,0.0029566559564976444,0.0030927838453379294,0.002557658211227227,0.0038314160440922835,0.002754043252644213,0.003091005620516212,0.0014999311510603317,0.003650806927958035,0.0029143043852537832,0.010015434593931446,0.0018158730441196354,0.003164813296530287,0.008061863663415506,0.007241931938355425,0.002453177876632079,0.0029765251696570708,0.0018908624007764128,0.0027798195281145406,0.0055517152280922,0.004115221100414324
3793,0.005316897218669187,0.0034223153134887076,0.004770785743088102,0.007993632978972376,0.002920416194186031,0.004289529423431554,0.006223914683815625,0.0029796713662152913,0.0031242922431062403,0.004248746376189664,0.0021977074195494994,0.0035842013368274713,0.004386359861232646,0.0024179073309315443,0.0037378620178365844,0.0038744402100618345,0.0031161160871092685,0.0032737655016616117,0.0016678208250307037,0.004992569976894982,0.003746028085813979,0.002013670741379927,0.006551025057575385,0.0020932799194552133,0.0013300617751695748,0.0033189697229014554,0.004126641081813583,0.0020963538380941575,0.004938868933738845,0.00241796391712411,0.00769960223597133,0.008805425645751864,0.013875658197682864,0.0019021697240189147,0.0027269708379725095,0.0007478181625109661,0.002398737205564548,0.0019563583983098027,0.0022997721285709922,0.0021776756280348693,0.002002711017668429,0.0020268785497884957,0.0023617753244671636,0.004540607496917402,0.003770036545617632,0.0062787830138869615,0.003363898692782587,0.0032734554502371763,0.0028755325402130983,0.003969048054958166,0.0029458452344733473,0.0015845251877924032,0.0023831303386981128,0.006857733381661247,0.009692180197788272,0.0019216698310966843,0.005452803585891845,0.0027262501774267837,0.003147835127010451,0.002511191410521824,0.0036272847726872373,0.0052051427671370495,0.00413434464409096,0.00515760273964898,0.002717142239157048,0.0037763453179482055,0.0025190461026606504,0.00253279815857132,0.0021867870144106644,0.002877521527177167,0.0039003125634902865,0.005093337213232563,0.0038440655488975422,0.003579428357001744,0.0024979911040428036,0.00329095200663782,0.006106114524033562,0.011806007203846752,0.003668424838495733,0.0023644139689763086,0.0034441506955188864,0.005196885151163284,0.0032730944564818305,0.003165223398787338,0.002506529159115893,0.00358522282786401,0.0030045797389590266,0.003204812921699518,0.0014533167749528181,0.005337868485730377,0.0029974300317281233,0.010079307080822232,0.0019795761214094418,0.0035658697194384673,0.008066422576128692,0.006980500749124246,0.002219782344171978,0.003151851206605824,0.0019928274705815195,0.0026643545439700785,0.005884105983950589,0.0034251231483612165
3794,0.004330137890154541,0.003632019496839357,0.004762774843886799,0.005810942235450347,0.003139713574072086,0.004650308642002296,0.005541272301601836,0.0028698914861896184,0.003982358367677344,0.004007491227097382,0.001959350300932475,0.0036208805011031316,0.0050595283852601074,0.0026159255596556377,0.0038736560416326496,0.004279739591414638,0.0027840124516330545,0.003645977764995842,0.0016395858949212162,0.005268955389038308,0.002605773407388855,0.0019064513217276694,0.005750199945720701,0.003295292994132448,0.0011326500959743236,0.0030040759411920975,0.004175969011715009,0.00210680277422763,0.004687126407394275,0.002384199522743271,0.007891100578985333,0.008915238704652438,0.01292823751769273,0.0018559387867301501,0.0021065203393856547,0.000812581368617361,0.00230813705568363,0.0019626399066893386,0.0023463768378449144,0.0024591619473560387,0.001976415405689251,0.002135812099474957,0.002048937419625072,0.004199028475068417,0.00331573293982025,0.005877862707424966,0.0029856776571752066,0.0060337425517624785,0.0024486391043648486,0.00480540103158262,0.0031028507822902234,0.0016351974859209624,0.0025025337688710913,0.0069706932027007815,0.009786242688860166,0.0018926796781537551,0.004987859105899939,0.00250397075067883,0.0025054694103196387,0.0025859834903061278,0.00411895255388526,0.005238040744922624,0.004253698864139233,0.00442835135102197,0.0029735953569387584,0.004083013285345011,0.002943681496522847,0.0026508532637800632,0.0022632054325753045,0.0030725050644094896,0.003926065380792165,0.003943679362216715,0.0035926904041325906,0.0037646012221000443,0.0026561488626335177,0.005035513580585994,0.005376041989644848,0.011758143030335063,0.003443628625803157,0.0021966624441514936,0.0028126984034023933,0.005688726611029196,0.0031225812823806012,0.0033373840464029922,0.0025601720655643945,0.004558147907459917,0.00323316639699228,0.002994888371567643,0.0014914912395443249,0.004347750137891536,0.002760520455660846,0.009877102915793846,0.001955371371827185,0.0028076913529100573,0.008054761610831193,0.007189207565343227,0.001761054447625382,0.0034491809341460574,0.0020004690418218857,0.0026797523167984122,0.005924570071418164,0.0033798350452220387
3795,0.004537242016435585,0.003701028940577169,0.004816525901829452,0.0060486306164231965,0.0033056826053893904,0.004270148245597535,0.005910915554853503,0.002726860083378328,0.0026014813432143763,0.00534488201297482,0.0019085882628355184,0.002985918725200128,0.00525850757599886,0.0024373340952577724,0.004057371551130224,0.004381028628790565,0.00340344103678277,0.0035396693150475107,0.001788042259193127,0.005382622452864524,0.002000594272895549,0.0017141969226387552,0.006584612308027738,0.0023345632499179275,0.0011388067860555393,0.0029758968657785344,0.004115285325378396,0.0019317472228817714,0.00620692215506059,0.002215600364703817,0.008147881116152873,0.010697497166390676,0.01394001563564393,0.0018922131042905493,0.0024002361077127958,0.0008470204200964146,0.002254763435171052,0.0019051213001842063,0.0023254175462494695,0.002447242534836095,0.0022615822037821234,0.0021693332791823117,0.0021672505746066456,0.0046266778900135586,0.0030075452849239372,0.00673854775066354,0.0032156156154242404,0.0067223130292441416,0.0024242789718494965,0.004080830629170968,0.003034437748662282,0.0015194128953445385,0.0024134503332928986,0.006681690146132815,0.009636425195823861,0.0019719380576081785,0.0052102304622575505,0.002553500532507631,0.0024114057890005725,0.0027821166764458918,0.00470199698204858,0.005391286502277403,0.0035443549048133766,0.004067467723423617,0.0025622066856405517,0.0041793996973714005,0.002650616068069011,0.0038081676185718156,0.0022946928793495594,0.003138941799773348,0.003484940435965522,0.003899278174062073,0.0033990649044420896,0.0037182714803956868,0.002280031580754047,0.006231025597809366,0.005474846150312296,0.011621608222550001,0.0035238220782229444,0.002211757163886816,0.003560048184906751,0.005114434790586161,0.003334243158119158,0.003176343552271947,0.002532165658901324,0.0033175585752362306,0.003269347309305639,0.003153853831866411,0.0012439898272562414,0.0038410275505115434,0.0030774389516064937,0.010788188268706585,0.0019327431881098812,0.002916250642080243,0.008258018657432708,0.007065435261151896,0.002148208364999452,0.003621928223497577,0.0018167398652790088,0.002801955239773492,0.0055875656062536255,0.0036553439207978656
3796,0.004316290328970575,0.0039696149893594405,0.004533592987576612,0.008021357778252426,0.0028419351730070625,0.0041276143946557655,0.0058816450544785,0.0028574860639451758,0.002523390992448716,0.004554528136234869,0.0019314013513581025,0.002850247617570454,0.00518037821231747,0.002647091348970318,0.003933110138902737,0.0042417373635151735,0.0028737442189459284,0.0035649927252014877,0.0016064987116005496,0.005775906983499984,0.002674836985814296,0.0017108161285033334,0.006406897569553639,0.0022431617293023768,0.0011248876504710839,0.00258610083898548,0.004264340680325327,0.0017873745696473742,0.005716183370906868,0.0025203670152376956,0.00831480590445493,0.010904055522519045,0.013628521853169491,0.0018430374528108232,0.002059982218052397,0.0008789161676464772,0.0019834407284524437,0.002221147851126089,0.0022343376580466023,0.002313546378202331,0.002247708383343966,0.001988790254212315,0.0020052404646513514,0.004760407382649253,0.003020829497931767,0.0056252307192628925,0.003210166563677617,0.005415066037276255,0.0030596299027040126,0.004028965499543767,0.0031467007119592534,0.0015811193034602656,0.0024332268061466157,0.006745352674798912,0.009538877310024126,0.0019533493252696923,0.0046045931676905625,0.0024781781080058,0.0022373392278212997,0.0026851640809046513,0.0037850222350280277,0.0053069448550510595,0.003804552506905765,0.005244325258232366,0.0027691431535445017,0.003716966075497385,0.0027388901856075093,0.0037856197996712004,0.0024174117511561737,0.002963136719714208,0.003223524886787613,0.00434507745637668,0.003974878815152586,0.003512786185128165,0.003211675536008431,0.004852665935969904,0.005543286563616947,0.011910948634151885,0.003735801401924608,0.0033417198071565347,0.003295865637877382,0.004541732705068307,0.0030280261230163264,0.006112125317188645,0.0025287677114117666,0.003789059678801142,0.0025852829883408566,0.0032066495259327724,0.0011431249429679042,0.0036903663437566347,0.003152833243555869,0.010897132470244946,0.002172324386348768,0.0026841781443957408,0.008007964491044094,0.0071171172341439925,0.0020211579101308587,0.003476112127559452,0.0020417877810179883,0.003040604000699656,0.005657539231749934,0.003686158864850441
3797,0.0042652876945190295,0.003891788826296882,0.0050660606065913005,0.00613367201126968,0.002822013180521351,0.00401946310096608,0.005964485208128012,0.0027593683203967047,0.0027142473881587837,0.004871563782903587,0.0018172691675250928,0.003425417603292453,0.005069791425907874,0.0022942764932224542,0.004353214465486099,0.004472767290240509,0.003061106067971512,0.00347307122040843,0.001806274466925435,0.005468037618306502,0.003376203654266567,0.0017715952161082972,0.006275768175298003,0.0022387574474537464,0.001102829432285865,0.0026086893701452963,0.00437352573119448,0.0017814729100682596,0.005891862581027607,0.002637142997649828,0.007861402031496288,0.010849077961090837,0.013258732223260458,0.0020542675251777817,0.0025502540231191716,0.0008845818194550531,0.0019547777007587947,0.0020102529565698933,0.0021987556609986206,0.002440586986680337,0.0022733892777685896,0.0020600644374930157,0.0020995575493940604,0.0045982111010624055,0.002956897161318055,0.006008518400057984,0.002996406505042534,0.0039268845813383805,0.0024683726537956872,0.003770120969595244,0.00375553601600394,0.001625597662619225,0.0023742020852590313,0.006731298546488851,0.009755823283786252,0.0019085250362689337,0.004956609836616196,0.0025298776578350883,0.002181715548135765,0.0023713186549203917,0.003396428060837562,0.005316304164265915,0.0038672938093789497,0.0053043532447166674,0.002513371321305331,0.0037568971453161904,0.00255710871103266,0.0038925431934394485,0.0021608453787586783,0.002409706811419543,0.004115728958132444,0.004082556894462941,0.0035588439700496794,0.0033417061443490504,0.002515014840737089,0.0057916740007539404,0.005943321611865304,0.011740542709477907,0.003606206927269267,0.0030908660131745403,0.0030685632919085536,0.005101162638517551,0.0030280261230163264,0.005665751586698262,0.0024952186891545034,0.0037045536191891017,0.0026531230626615585,0.003224674990064965,0.0013336321543902865,0.003786408571028295,0.0031040267766428995,0.010181076481392786,0.0021546823329531804,0.0028856111578761915,0.008520487168448426,0.007123159066350598,0.0019526119715116213,0.0040724267362972745,0.0018390345869977766,0.0028322570636325007,0.005737313511422003,0.004245805516378209
3798,0.00486162015341574,0.004549672304778267,0.005092699585991921,0.008550917693209769,0.0029745149725652507,0.004252552806795855,0.006332114326696892,0.003267030876407803,0.00253923137025278,0.004647318007573966,0.002024841486110419,0.00287591869485885,0.005107569435024926,0.0021531190769308703,0.0052251189378693975,0.004183702337625612,0.0033175752874048605,0.00401670311919135,0.002022584346686616,0.0049739547967899405,0.0038444027209614076,0.001837851345962499,0.006073056149951255,0.002490528772541488,0.0012205347597098895,0.003127085890211717,0.004801568489424083,0.002151536022541449,0.004313035367924346,0.0028591536829230754,0.008597810239847545,0.011249365114017662,0.014165028183015066,0.0019362251227500907,0.0020366427811992173,0.0006610998818243885,0.002267004671109947,0.001811767522107659,0.0024850352294396943,0.002638541174339142,0.002176671685391124,0.001976525528269434,0.0020665392442632234,0.004413565025500432,0.004688547669408041,0.00589222946522683,0.0034575921314737024,0.00325903849703124,0.003849506129009537,0.0039367574793864,0.0033497515505944058,0.00209710164665807,0.0024348888281641263,0.00737349167574588,0.009629846434258274,0.0021687361708687884,0.005616962102062581,0.0029284204494474243,0.0033944916113293855,0.002429631043894785,0.004575118729237685,0.005429639797666938,0.004194096743382376,0.005211579027013812,0.0028646694974830407,0.005389597569903107,0.0038508076291480023,0.0037427609424785274,0.0020271068281308346,0.0031809084424827662,0.004166817818639085,0.004607551601656056,0.003718796088713363,0.003760857158115981,0.002233167007920752,0.007591319039903863,0.006341740324720347,0.012862443668785348,0.0037379405171344723,0.0027728712317367696,0.004013479326338226,0.004241263005533076,0.0031809656725002894,0.007163154036941718,0.002671010069638802,0.003901064145344184,0.0031514728988585685,0.001893253296302733,0.0015112588435840432,0.0040676928838110785,0.00311542696966217,0.009925948578142678,0.0023913438310734776,0.0036311110437350492,0.00910208901273681,0.006895847139774347,0.0028406986016684794,0.0030998364684238873,0.0019371682248654966,0.0028589496193007482,0.005076378047281567,0.00568356155973702
3799,0.00519595984672494,0.005088937640145329,0.005012426730119208,0.00791917379566653,0.003072710304778299,0.004741882956796945,0.006132374216411798,0.003148175019185669,0.002889805762870554,0.005440587560054706,0.002154008108165472,0.003435428361794565,0.005432391243505292,0.0029542394903700085,0.003483925886117434,0.0038862467289539743,0.003149132314612482,0.00408165377283194,0.0021181399855430797,0.005442947518768656,0.0029538812817035453,0.00188704593477892,0.005961502325099303,0.0024135581691765136,0.0013074136136768818,0.0036474691004207676,0.0050435430569114115,0.0020967851380883267,0.004167449118717177,0.0028762174050863277,0.009061879320170827,0.011148888850756163,0.013461290373406489,0.0022713349477712264,0.0024524155695299357,0.0007185684137877841,0.0027324145515766245,0.0018960911960152404,0.0023102379041837584,0.002406969849609636,0.00213714773467071,0.001837567630754913,0.0019345485535075051,0.004593596166519885,0.0039793244708645785,0.00676528674964869,0.0033357322532354653,0.003269579885398115,0.0028598449640844584,0.00465744196755067,0.0036290215172812934,0.0020373711630277294,0.003181919094613004,0.006379538728338518,0.009978574427691433,0.00198344769634113,0.006349549935962459,0.0036823280773525804,0.003271052701632236,0.002690201639962758,0.004174185264111045,0.005524494732989655,0.005326661624208195,0.0046476341622062965,0.003425283885693012,0.00394815929096872,0.0034475238497795216,0.0033272299320015373,0.002064366422607987,0.0038620212859415185,0.004328036878534266,0.004842172892737165,0.003293158976072228,0.004294546296981276,0.0028735655925814754,0.0044340936701528924,0.0069896128990422695,0.011498800521529209,0.003615472357032286,0.0030904825756916544,0.0038717517528482643,0.004995857687289444,0.003363708787454345,0.00857769242876407,0.0029184586633558738,0.003925133470244923,0.0034141124582463553,0.00259837101227244,0.00172923588921699,0.003838846870819435,0.0032265691426842168,0.009870474080729885,0.0029077767213869544,0.0035604908245565198,0.008091073749826906,0.0072603121998118,0.003030022627936306,0.003763816403090441,0.0018991538977534224,0.002927538563140299,0.005491917111579273,0.004317077511624296
3800,0.0054905352133421455,0.004965591516479935,0.005078812239630304,0.0057211393283418096,0.003546901513236521,0.004918109079879295,0.006321927623353428,0.002508870165334964,0.0029751793691846487,0.005636818027599158,0.0024023102962806926,0.0034301970507612644,0.005912019428753027,0.0025693184890720985,0.0028399824139642587,0.0034143699850021237,0.00394469804357957,0.003702237150557622,0.0022287062903391763,0.006523204226300383,0.002893316633285348,0.0017956816857609805,0.006246318193778359,0.0019536352844751713,0.0010994534640609787,0.004383992225119807,0.0046528370345440785,0.002347140933189011,0.004220833155542368,0.00271980598070946,0.00850305744405634,0.010551446078955617,0.013571819115396776,0.0027467631989653556,0.002700552368927077,0.0005792925029409692,0.0027033154410141358,0.0019322564572943864,0.0023522288900398474,0.0022985083725017754,0.002439362274665285,0.0019515804734841363,0.0019443077916452757,0.005004465875200799,0.0036137076630547243,0.007017774812871271,0.003878907952248837,0.0033915117895779246,0.0027062223678150947,0.004341920994818452,0.004716025782319452,0.001781860233678256,0.00341960080749014,0.007333656819926989,0.009796003724552957,0.0018476910151028888,0.005755875915541703,0.0033469920023727487,0.002669306232803287,0.002841093382934696,0.00361785597302205,0.005707563553712495,0.005501233077337952,0.0062519444443366835,0.0032559387397681707,0.004223332449867666,0.0024890795434008225,0.0030161282894082047,0.002157304545743768,0.004150567235293792,0.004441817853137361,0.004853603785348687,0.0032129513491884086,0.00464033363661799,0.0022787548363708424,0.0042070894264974465,0.0076675151397521,0.011690324790181152,0.003638113775482793,0.0031029067926280096,0.0033962816159676754,0.004982505427333498,0.0035357074463909805,0.0072754449469781424,0.0032040855145340046,0.0033613614355982647,0.0038998876525301405,0.0026819187028055613,0.0016988107879002184,0.00463981669819686,0.003391724545969405,0.010139177819890996,0.0029829854579551973,0.0031799930445369456,0.008387086793674326,0.00720368610059124,0.002591514107431138,0.004432127652914913,0.001766663576527682,0.0028521202511429962,0.005604229894052412,0.0041071094935135255
3801,0.005735900742817861,0.004454156426407857,0.005291308861922879,0.005319223851042604,0.004849653975541285,0.005935524481647171,0.006160091511250147,0.0027650693417082695,0.00263597500348222,0.004598439142864138,0.0020728390182145773,0.0029536364681065027,0.004886641675431301,0.002750524600867745,0.004324344840963333,0.0039373540207586375,0.003325853795528904,0.0037113058564366835,0.0028265762380945258,0.005772862568489093,0.0027434476684972814,0.0017988471323686483,0.010597173838573299,0.0024607048733151448,0.0012173756215628079,0.0034211823200000716,0.0065613937914872035,0.0022110019484502265,0.0039926507965813655,0.003259321818719958,0.008915004607946172,0.01097620406343246,0.014365697012476142,0.002456373999026109,0.0027165904988292982,0.0006219991220889066,0.002231120001615768,0.001733479035308711,0.002259185336413334,0.0028700794167581443,0.0023228510552811494,0.0020876484084432967,0.001760890876137804,0.00432633499695458,0.0034831337017680523,0.007944913431027338,0.003312180012018,0.0032210614935601865,0.0027126224019097004,0.0035871246704654086,0.005462668858520913,0.0018601378243077317,0.0028564396154852852,0.005841490876642224,0.00820750400051844,0.001874959344491787,0.004618725092670946,0.002535118779383622,0.0031246024123349077,0.0027973780912938432,0.003478891431480131,0.005440733988445876,0.005286470308875302,0.003753099414135649,0.0031611042472096404,0.0039295078636423005,0.002900117716152128,0.002822407538827372,0.002028965741551594,0.0032235601326845616,0.006735989075244385,0.004579137541326173,0.0030890978413423745,0.004530003237709077,0.002095903714904144,0.0047474380397040964,0.005409214271397186,0.011065835494941112,0.0038694700825366826,0.002809577065883688,0.0034587807174135134,0.004739240563517616,0.003301220267710725,0.006715614569839163,0.0030906572755927033,0.0037812865180460852,0.0032276637843454766,0.002596216721942971,0.0014173064041420236,0.0037468992321579575,0.003256960391169421,0.008101366480262441,0.0023295309643677426,0.0030002161180796576,0.00873925629211854,0.007306048045819304,0.0020166212409934397,0.0032601223254285277,0.0018411442725280458,0.0033947225570850155,0.005860299256692339,0.003758114814194255
3802,0.011109773348675741,0.004921213966237594,0.005664979786838486,0.005767791388692379,0.005805747544893427,0.00671689254488756,0.006559900991030143,0.00272219377826372,0.003280869551611332,0.00630125239099208,0.0036549944036648363,0.005051077349449365,0.004996152294661383,0.0034230323133349304,0.008553631706012135,0.0033032201153099542,0.0037048876258227365,0.004238162207082606,0.002961685355547874,0.006135278591076462,0.0031848213270614057,0.0056747559546459535,0.007969430475027276,0.0020982615332857117,0.0011704202201411028,0.0037320237553062586,0.00807159616779616,0.002450239679605432,0.004592729326589754,0.007366224066769612,0.01019066783383674,0.010472859670635363,0.013531120443322215,0.0036994315996297287,0.003021396140243081,0.0007122150631506393,0.0035635045381184243,0.008338188986752267,0.003975395628765948,0.0024338586894990604,0.002660320128137771,0.0020919470627473497,0.0019876587294263173,0.005030494991753038,0.004131409296524461,0.0071487600098692535,0.0035206576734975134,0.0031547324305716074,0.002823744728560401,0.0038444811858508073,0.004036350176804343,0.0023067932962435285,0.005017330082104404,0.007999301380383444,0.007313111367569771,0.001970617397838866,0.004797196013003136,0.003104645831795076,0.003629689520788073,0.0033432586062744213,0.0024657777326063065,0.005435884918235448,0.004705605951416103,0.004549461858947033,0.004074776457165404,0.007787824861906793,0.002822890284574442,0.0031155693456270945,0.0022203874015887595,0.00422163130044794,0.009919998201211686,0.004401442572466782,0.0036608912946252364,0.003991119825554505,0.002378418639220997,0.0035668788958598007,0.008066547752562015,0.011544807852901223,0.0034200885008649653,0.003588724472976219,0.003853994487063364,0.005170634896444849,0.0039278774714885875,0.006008932746893245,0.003580880568051125,0.00414304193636028,0.004851122559668514,0.0028048541425018995,0.002231787502496948,0.00490730947384269,0.0034246962066690396,0.009456653098121298,0.0027387694890640265,0.004179079158530195,0.008861210908981353,0.007412494864374179,0.006575266311992759,0.003390451719398668,0.001858356349577837,0.005239226091418584,0.00588239743316696,0.005779812042036547
3803,0.005836723128405855,0.004201705052243146,0.0052267787711672035,0.005266645870303776,0.004855402338688057,0.0051944603021523315,0.006749718167479222,0.002690278767106752,0.0029359478860593665,0.005811859434177878,0.003426054878640546,0.002669549586873307,0.0059016028228621896,0.003681219770941741,0.009181950230318392,0.003896401404878982,0.003966016777594769,0.003521100900847727,0.002111344832087655,0.005215553664253086,0.0026688011343383613,0.005213703476995104,0.006721887553697421,0.0018611290031359416,0.0011493622194974696,0.00348366338178604,0.007150890803845434,0.0022330201568261376,0.004380746386833813,0.009417156584341366,0.008689060709311804,0.010873910621142619,0.013595591792734944,0.0025200908877004336,0.00283009007134476,0.0006086279784090436,0.00304080258004627,0.009616462647001769,0.0028604621575370618,0.0022434771569142162,0.0023373286267237806,0.0022601959517662617,0.001718007519097063,0.004143957931388307,0.003754256875287902,0.0071844270998461645,0.003261839337325842,0.0031481975762709035,0.0024049317368397775,0.003688827699680974,0.003958393501817655,0.002233388503287808,0.004127392126301413,0.007448857783187161,0.007306483730249769,0.001845909527037929,0.004701598650310272,0.0027685814392375955,0.0029417949739260264,0.002428479970610895,0.0029162181884057766,0.005783645974136024,0.004048986811024933,0.003942613215222165,0.003187787708329634,0.00835120160899877,0.003769281945517758,0.0025509253249224708,0.002315797802852569,0.003791499419154404,0.009619407983079718,0.004533980192178462,0.0033132165756456985,0.003829876085404392,0.002365549825949289,0.002972963215299722,0.00780673132461849,0.01151949964601479,0.003551882011781965,0.0028972619054183006,0.003521123112322901,0.004772557226773777,0.003010899669322648,0.006692801590559935,0.003184730865096105,0.003166959790632465,0.0036843694217858027,0.003111571320357695,0.0017943019540460731,0.0048149541146591205,0.002679841057944314,0.009109891199146975,0.002237961322441604,0.003343935955752347,0.008758118530105757,0.007630354164531498,0.003384255821931817,0.0033087482699881124,0.0018451128093681722,0.0027457072649277815,0.005679871324410373,0.005632546901424509
3804,0.004817125916032011,0.003440851036495151,0.004837069987533829,0.005427467563844366,0.004510646992457116,0.004320457678921968,0.005766021935202894,0.002596706154544109,0.002842094507665042,0.005046119238226779,0.0019308739840581232,0.0025208472068323825,0.005794248455598889,0.0023675400353696243,0.0036839688368398246,0.003906595916577434,0.003593088209218297,0.0033808325963831172,0.0020340432268306386,0.004221913782857663,0.0027233232527527442,0.002076215740370892,0.008779879440348994,0.0020466321032770116,0.0010565703421889633,0.0034643049576039988,0.006015832573968805,0.001972857380049265,0.0040472252008522435,0.003411671131250936,0.007805875489869266,0.01092689868441121,0.0134975351062676,0.002021269885924575,0.002590069923313795,0.0006941845737322055,0.002362386206503745,0.0023659312807599578,0.0019786492309829097,0.0023167288215622897,0.0019170220924027174,0.0018359485410254105,0.0017612686717130234,0.003945415166767726,0.002781467881603302,0.006749472734634818,0.002383044142478314,0.0038725024543278283,0.0025932486626766473,0.0030439391172694596,0.0029050919814411083,0.0020293517769228793,0.0028788769614641677,0.007571082118007172,0.007534233726265625,0.0018422232521133754,0.0041873501264635205,0.0025709678867194036,0.002506071579433662,0.0025793450305660257,0.0028978054828084072,0.005278472680961992,0.0031680010509344716,0.0036301460000246555,0.0027013041166685445,0.0038009841619348005,0.002614293068241784,0.003835053280380512,0.0017645478332361166,0.002600053084874225,0.0033105934942731607,0.003950619555892007,0.0031029753109106267,0.0033427346444722507,0.0022072137002400673,0.0037819888521858133,0.00539170141875179,0.01113613922966944,0.0035877019652627877,0.0027498309898840597,0.0029001659042167897,0.004529660099488767,0.003104843113877645,0.006973110012424765,0.0027189364721526047,0.003740378299412019,0.0025847303991439843,0.00294289117511134,0.0015892585439831613,0.0036193232578124834,0.0029502686394553067,0.01007295741156188,0.001962986622508153,0.0026986310893661893,0.008564995532365725,0.007207711246203061,0.0020704562099259603,0.002596298687414849,0.001849611688611894,0.0028933635292615356,0.005444300572829534,0.0028801174768075914
3805,0.004342728440822009,0.0031595068090699485,0.004879263733914499,0.004993832679444658,0.0038935686007568375,0.004107715063711013,0.005587007610062893,0.0024037058295362174,0.0029055612614909375,0.005164417411369435,0.002129712361493112,0.0023953947804506246,0.005907679599201776,0.0021007364272780846,0.003956724083256734,0.0030090531310374108,0.003187931993233339,0.0032997886710015786,0.0017756890859061767,0.004257081941140483,0.0027516099070251,0.002377159520779823,0.007036018467183639,0.0023057177379985617,0.0010459489043547563,0.0033746248064368423,0.0040183320807627735,0.0018301404429749404,0.004313739582155214,0.003076470638025283,0.008313120029990479,0.010974348550584443,0.012712872348228052,0.0020189003529985576,0.002502494169097528,0.0007511159075994048,0.0021770735793213572,0.001747298695525344,0.0017312696473819897,0.0023035703289136277,0.002069285282189774,0.0019121670956999428,0.001829411800077153,0.004206083299986238,0.002941821383978608,0.006426425852044152,0.003242783439444719,0.003468481666914838,0.002458125572603421,0.003731293764948784,0.002612638515935285,0.0018733249606317185,0.00257901242757898,0.007356686234069104,0.007464795487953949,0.0018692248745120121,0.0043658006046797555,0.0024747559749373144,0.0022897696452447575,0.0025157819844714934,0.00281453499378868,0.005316454050343244,0.0028112202802591537,0.003961840726835589,0.0027736771336630043,0.0038788924536232033,0.0024327067142793446,0.003717976507465211,0.0019016289723187358,0.0027494780208322214,0.0037061422280568984,0.0040109244395353065,0.0029040224426917075,0.0032737027007442984,0.0021225975229304146,0.003386742508645154,0.0057375319064255454,0.010701148554085792,0.0036489151605542404,0.0024905234335048008,0.00293502110630257,0.00453319940871457,0.0032479236091474237,0.0045443348353214055,0.002792668745030688,0.0036597789339544596,0.002456144268595032,0.0030511137177831904,0.0014531107405148034,0.0036441343063973526,0.0031194294063568184,0.009582611504687536,0.002061282689541675,0.002915002612772337,0.008157349850378318,0.007115029489153874,0.00213262829179077,0.002743312425923816,0.001736033925258324,0.0027076719541108134,0.005598138607607841,0.0041222044791404035
3806,0.0042971754524860325,0.0033664020620247097,0.004871528062612868,0.005987820115731779,0.003551866239832045,0.004101438315744732,0.006089863015778776,0.002983769305520485,0.0030708623761988205,0.004833467162330214,0.002006836073454645,0.0023267107387874492,0.005816094441846111,0.0021958726177698827,0.004094132924193822,0.003292282848052012,0.004300362827379666,0.003453867787922255,0.0016606187004612918,0.006268750247755017,0.0032179256124791633,0.0024605590005844055,0.005955578482681845,0.002782231305909477,0.0011027104626494786,0.003684915312049269,0.005253567064003988,0.0016409513951482334,0.005065520607926535,0.0022384740313596834,0.007744111149682478,0.011171704102119635,0.013227392694524371,0.0018569296958974048,0.0028493803240320944,0.0008172133588031054,0.002210522555947768,0.001663869346363484,0.002054992484643016,0.0024671820329332456,0.0023102959793217504,0.0021102046012605644,0.002193487719527392,0.0046249307224727945,0.0031461941303340033,0.006842469251098516,0.0030448345041822734,0.00584007988983828,0.0027866213575551734,0.003664065829296905,0.0030450801471623014,0.001777034638671145,0.0028360165568903422,0.007353076496764176,0.0076383655244583485,0.0019750715941533894,0.004722715097762458,0.002535482227868613,0.0030061098330853644,0.0026054488678978593,0.003603323509918329,0.005376330162892724,0.003658224917647105,0.0033741185917644,0.0033532818194677823,0.0039099376175119015,0.0027618981327987764,0.0036871493512733214,0.002216481099997142,0.002568524966927921,0.004073060287483155,0.004413311096583082,0.0034931385493543986,0.0035769551794278083,0.002341756250973428,0.004126076147896386,0.005472348162295925,0.010726974412315203,0.003451748551397256,0.002491328041548614,0.004237171440054572,0.004408232495553761,0.0030598461445547655,0.0035776122713134986,0.0027795576887604217,0.00375637455733683,0.002920621177428007,0.0032828640036365853,0.0009176790958635968,0.0032281241831657983,0.0029119671148486155,0.010659060589137893,0.0021717278366260363,0.002946245015745785,0.008043360661832375,0.00706716727581601,0.0018088531682494693,0.002904336876356216,0.0020864720422782645,0.002598042352090538,0.005650171823736992,0.003481763073469585
3807,0.004563211393410863,0.003684863605959243,0.004864031980100568,0.0062291625515668945,0.0037548126747276003,0.003943496258116282,0.006641347005795848,0.002854060215269348,0.003373607252189212,0.004818938554298238,0.002291947590890347,0.0027805136922761805,0.0059712006851612215,0.0024325684543420284,0.004893475576701649,0.002715889972817965,0.0031727519583494,0.003295451287809839,0.0020474195213784087,0.005023833151173554,0.003435037105853301,0.0024737994685586186,0.006036344902413555,0.002148280777529009,0.0011920375528556226,0.003936331197906694,0.00574375413112955,0.0016918337030138143,0.004042290429613759,0.002925206356849587,0.008159976699207977,0.011224198434077945,0.013253370973325438,0.0020404093644196936,0.0028155473825335333,0.0007576486537506879,0.0023034640955489683,0.001674894706938669,0.0024158836455584667,0.0023567541770297806,0.002280617588984681,0.0020898334728875804,0.0018256092309554487,0.00405958176692188,0.0033553776143838182,0.006666422431373078,0.002981298327677648,0.0031470575528828914,0.003705788107895036,0.0037974024544436135,0.0031577812282485027,0.0018643792643043564,0.0028437856691652047,0.007183305138009901,0.007730109502356939,0.0022820669566484663,0.004631831163437746,0.0028867677821347447,0.0034256475334354677,0.002562261906917969,0.0037155207189549905,0.005543832845248728,0.0028997496254602427,0.004308275815465509,0.002912066634783421,0.003843259992137604,0.002589160340768784,0.002976848887635016,0.002096101063830413,0.002855177732130336,0.0035046447890498705,0.004644675152533267,0.003935383319792264,0.003778458348499801,0.002537496973429431,0.0037628131774594563,0.005799954337302941,0.011750696370530916,0.0035438060170807297,0.002617681974488279,0.0033867022739777746,0.004670382952626277,0.0029733680326631227,0.0035523151708699483,0.0029392999982971136,0.0037549222627182525,0.002727157112636593,0.0031773489668634226,0.0014575308537344983,0.004398258562365194,0.003419493956231491,0.009700337944045812,0.0025728895433448644,0.0031013415483387937,0.007779695258823596,0.007117571668279908,0.0020270127357721944,0.002939299582998718,0.002108150606354433,0.0027750253565311006,0.006031717576407556,0.00471229035784141
3808,0.004773447529667519,0.004679215655975861,0.004852654157587568,0.0085304250198995,0.004116387276928382,0.0045199733634896195,0.006562623723436732,0.002842446907809055,0.003740264474666607,0.004838339060954233,0.0023910649914817275,0.002765255995101293,0.0056848789487904845,0.002733406161293605,0.004215702654751457,0.0030985318729723752,0.003598747649941053,0.003407435912438398,0.002311249459522026,0.006129725187695397,0.0036281631108283333,0.0025722827737190844,0.007371144716400495,0.0020770416673747765,0.0011719902335973656,0.004132258005723317,0.006742421216387606,0.00203696101878459,0.00415336456405248,0.00301217228463695,0.0080172978321488,0.011068555424707596,0.013645218035911408,0.0019006623173916436,0.0027382664050105807,0.0007742521574761386,0.002606821124594871,0.001803841951764695,0.0022595406675851005,0.002422120236869387,0.002145871113714947,0.002183664734150345,0.0020718353387679743,0.003776212606120619,0.0030078463547086013,0.006480547471692102,0.0031901366331540757,0.002778781378039245,0.0028490958491981266,0.003926118883349858,0.0029518697467287597,0.0018298931528338887,0.003155387889846484,0.0070841858382484375,0.00764797385345902,0.0018920163873846422,0.005457736361556238,0.0027588496193079117,0.0028673425186599463,0.0027549964106569715,0.003316300321526998,0.005331321876989769,0.0038639983517173696,0.0043194915450692276,0.0037297748790858,0.004382172803807934,0.003476250256406377,0.0030406036490155572,0.001984848219567614,0.004265691051811204,0.003497897482410568,0.005625133207581019,0.0030846318923690506,0.0036573655428044196,0.002225227967648916,0.003431534028373538,0.006505140987906261,0.011868483078605732,0.003728189588828491,0.0029551139742919953,0.003972003110224167,0.005519402721311292,0.002921702206307909,0.0037397476737334252,0.00249105846648333,0.003901480361242599,0.002812199103980936,0.002927270023516425,0.001692787555279453,0.0042294416753602265,0.0032166045877643993,0.00953740130328883,0.0027672255196904308,0.003372006073059792,0.008020673205961218,0.007194295390120186,0.0020903192537851055,0.0029594270065626846,0.0018109982950070748,0.0030191850279546067,0.005709750770495134,0.0050117574033442195
3809,0.005457140113299627,0.004541658252654558,0.005251434596392434,0.005713743274726654,0.0036573305700632252,0.004985639273704778,0.005672544630247623,0.0029712007336693816,0.0038680074328869144,0.004154406455929718,0.0026413785134516933,0.0029668341158375134,0.005480392262397958,0.002778884798976337,0.0030103492634069385,0.0027331233005422617,0.0032574892752304423,0.0034774461638426416,0.002168043511665908,0.006125519121880363,0.003227729176558542,0.002547065701989556,0.0060342809633291885,0.0021318073212210622,0.001199948524573022,0.004409424666386309,0.006255655455612711,0.0020785283201435636,0.0043026900629273895,0.0028741798510873305,0.00795906871578951,0.011084325998812452,0.013293782425676874,0.0017619665225083688,0.0033679563799424725,0.0007034058606886778,0.002635594792757568,0.0018704250480512665,0.002534722372790111,0.0025997629712458115,0.0020960924609859746,0.0024918208518364426,0.0017628029803192623,0.004195988844634816,0.003067117276594349,0.0065193242279100805,0.003360176952350824,0.0032986995254622883,0.0026788258071719015,0.004055083667649057,0.0031623109989446035,0.0017913907270585084,0.0030138990191312222,0.007282814992403303,0.007423973852894449,0.0018196830402264716,0.004924524015700895,0.0032805032879306374,0.0028187573113689153,0.0027371865901014217,0.0025955630638583903,0.005306238749446674,0.0040203452727594026,0.005202932517030284,0.00400316940682776,0.00442308633287659,0.002394797121249652,0.002810635658575371,0.0020132761264119734,0.004839547764931277,0.0039018676839800317,0.0052351740694764224,0.0032666862314137055,0.004422897848396953,0.002291480127801356,0.003134196319883366,0.006749129145017648,0.012044777093870905,0.0037750041061552987,0.003113988602553161,0.0037555237856315565,0.0054543531073169196,0.0032092494760922355,0.003929688406552356,0.002927741970641362,0.004049363437475847,0.0032461616580125594,0.0031503168961408536,0.0015258324163990775,0.0044585191579459916,0.003247575824428404,0.009472787036087503,0.0018574481356265307,0.00427503628143118,0.00806792450255244,0.007167743241542493,0.0024300897761047125,0.0033788167356917248,0.0018051889471478973,0.0033956221613633164,0.005603817355514848,0.0050486214774031575
3810,0.005234214312034001,0.0046246736621904936,0.005447302831173429,0.00731735032459051,0.004503166750414348,0.005381425153969196,0.00700226052831563,0.0030070683149934015,0.004914989831845325,0.004807166480057847,0.0025655196929489843,0.0035191323046653246,0.005366783855646607,0.0028842938561254,0.004399255695895737,0.0038025557320126918,0.0037588721247182066,0.0038296065732649483,0.0019970143171888755,0.0059911126500099,0.0030047930487535957,0.002668838850029628,0.008788129349432655,0.0021803900299278557,0.0014235427361222646,0.004487430261993247,0.006842107296107319,0.0020305722846501732,0.004181126171861842,0.002955058333065249,0.008928885720314673,0.010038204835071767,0.014742032206566598,0.002462579444912796,0.0024901486075373166,0.0008377780014018603,0.002338634072251024,0.0016131746496728051,0.0023210297748947097,0.00240963502470596,0.002123140422227718,0.0017263845285563633,0.0020322168050373496,0.004168270983571551,0.0033810521089093553,0.006836436551833888,0.0041032477560939695,0.003000234159315628,0.0026625165545668106,0.0050320622348451905,0.0034224317803585513,0.0019073841014321288,0.002881864994557677,0.007628572650507771,0.007793474100158581,0.0019648711413487088,0.004952576425152679,0.003120067898481139,0.003225209232446824,0.0027646077992664747,0.003367489541230045,0.005536200097707046,0.004374784672695655,0.004048910134161123,0.003614967533184507,0.0039585450064389864,0.0031519506004800803,0.0027710776115782605,0.0021892314783994583,0.004057958410129065,0.005806336388955546,0.004879108351510757,0.0027477088058121403,0.0044377849851118464,0.0027534849477613746,0.0036049515067831496,0.009334081961044452,0.011306621391781983,0.0038578748343780656,0.0029925860682750356,0.0035816711718094744,0.006838784273362349,0.003933579588930079,0.003838668938148141,0.0031416506817683715,0.00397031958553413,0.002910084554734934,0.0034415384751525055,0.0020577505619647236,0.0038043346676807487,0.003626627478187139,0.008467520294893605,0.0024007700539408327,0.0037586859418861805,0.00851639954588091,0.006837207221819335,0.002009303180766663,0.002937024733760786,0.0017382350801603524,0.0034811793971571917,0.0042777766766538645,0.004907389133351611
3811,0.0057461233823521305,0.0044256793383556595,0.006561495936995059,0.00630662977990033,0.004147074036503728,0.005621803513941444,0.006314833995520515,0.0024860385085022675,0.0041786354271039486,0.006343890191776299,0.0019274421293563149,0.003552534078095537,0.005997263924609134,0.003289080226947191,0.0027380558313978075,0.0032314032361660775,0.0031561562679026066,0.0035714919247319095,0.0020529954211278793,0.006510889398326342,0.003359391345371264,0.0026441701846711663,0.006228530068018675,0.003095053126417183,0.0011266336971289539,0.0031890776000738376,0.00672465333060747,0.002033935608900824,0.004751006347756256,0.002870287119614743,0.008910332340839822,0.011390681097432917,0.012586446631086233,0.0019283016163964062,0.0029918699240024265,0.000688685807171065,0.0026035610658846735,0.0016497720822266973,0.0026288531647616397,0.0024483668702256368,0.002028807717128017,0.0016103585076665526,0.001565100898056728,0.0037054047066485906,0.003265285566391602,0.006650648245487335,0.002328576145759847,0.004519662492031595,0.0028227286790225453,0.0037320536766490757,0.004985305361911136,0.0016911170065546193,0.0032036566625182217,0.007180856810518405,0.009389036613496198,0.0018871355640282907,0.005287969941164883,0.0027184120667364184,0.0027381818082599287,0.0028200646561023345,0.0028957016647415796,0.005471672110325039,0.004402475994675454,0.004489337833531753,0.004346309917427413,0.003509933871766878,0.0023926896740080906,0.0027348643511015433,0.0017413595140093774,0.004239653852980251,0.003768685888188168,0.004522888514124746,0.003089470792267013,0.004008770123578196,0.00225009064669782,0.0038506841004089395,0.005336012691569885,0.012931840977762106,0.003455509662599325,0.002660390894232677,0.0035339134754022597,0.005628509515459521,0.0031586162066703054,0.003442855445244986,0.003430509717185455,0.004130159038115551,0.0034450327981237214,0.003033407818253541,0.001941815088444354,0.004513623939765451,0.0033495978423901964,0.00896723162354502,0.002368877583565846,0.0033540119791832432,0.006759372860957647,0.00781356028511769,0.0023588573776701684,0.0038992101797844614,0.0017639738053705863,0.005263312597674879,0.005836130893085091,0.006475337921969589
3812,0.005463764812719977,0.004106303950719351,0.005053492457204918,0.005943046478855403,0.0030805214471086436,0.004176234359983427,0.006000808530399395,0.0024878886178368374,0.0028961419300886737,0.005611144993787975,0.0019235416572367828,0.002934679268142665,0.006167310605833566,0.0020334537984239274,0.0037129804109525097,0.0038053711140796707,0.003685823741198176,0.00326332871441303,0.0019982265406070206,0.005185955080985851,0.0029607702845020566,0.001970426273293442,0.0069579954154617655,0.0033262637709249704,0.00101815715997898,0.0029296460518387192,0.004197875492553633,0.0019303085384501791,0.004154416239444674,0.0029451739826764443,0.00798178892823569,0.010883292638478582,0.012262493449655097,0.0019151663239481823,0.002830531765884365,0.000778491962068298,0.0019801867989872424,0.0016692388155825951,0.0021861613350051975,0.002220363119513757,0.0020932993054305644,0.002128248971436534,0.001775743139642543,0.004179708384131172,0.002975529849741763,0.005388806349735535,0.00304835160376088,0.0033434602087046585,0.0024390177321537095,0.00342106907930072,0.0033156373752056857,0.0014009867740206164,0.002532836102381459,0.007174159076544311,0.007311177647451145,0.0019172396000916691,0.004751456239290989,0.0026159372233628742,0.0027898614205516467,0.002705444509188375,0.003784659994785908,0.005641699541610746,0.004542546286001655,0.004415184698466156,0.0037550212094026006,0.0037325161878689343,0.0024604211436197094,0.0025636633671549816,0.0022324980494076566,0.0034620610476452183,0.0039902977385866,0.003930764040823721,0.0033546149434461906,0.003340726724041214,0.0021428585363083043,0.0034763553041624777,0.004729882780089687,0.01131670848818407,0.0034020294453143665,0.0023019253093365284,0.003555376992379915,0.005278898254716711,0.003156651254096587,0.0031279069210361243,0.0030492002766945767,0.003795183004998712,0.0032087566476812807,0.003410005660334347,0.0014701485180179932,0.003440263494457423,0.002741862877551986,0.009624951140279359,0.002242207090205976,0.003280644023456528,0.008936044571979232,0.0073243336284568505,0.002500577774974524,0.0033213333100629646,0.0016837863496369301,0.0026193365144259535,0.006361612929142382,0.003694565126753685
3813,0.0047210357760767135,0.0030342517974561076,0.004923541510881187,0.00806842940441237,0.0030012863249276865,0.004333681610268676,0.0059740144885848485,0.002937011916579468,0.0028349376144960487,0.0048256184812799285,0.0017295867399134757,0.002506112487581876,0.0060378205836271424,0.001871473541706373,0.0027812702123385857,0.0031163780823990866,0.0031631057397770936,0.0031781524197370134,0.0016742325728459201,0.005037827827268711,0.002873704635302082,0.0018123932155467571,0.005821648756310693,0.0032589642706319834,0.001026541572248375,0.0026395450832711097,0.0040047120111809005,0.001985811035975167,0.005534520590179902,0.002517357590448849,0.008018285935516853,0.011960893925716923,0.013129765405708689,0.0017902914453253548,0.0020141845332061798,0.0007535024086801841,0.001792788423516261,0.0018914191147425743,0.0022737974652557017,0.0022922751862829416,0.002268838147971063,0.0019428331371124583,0.0017332491673504793,0.004360418092707002,0.002828187479779632,0.002693761779093508,0.0028719756594740896,0.0035680476606537214,0.0028837578824529946,0.0028637495340528805,0.0022278925810735495,0.0016664600137339045,0.002000884385917246,0.006923080579278128,0.00732820889220812,0.0020001986992706504,0.004627660038716725,0.002387816132039784,0.002311625285900559,0.0028382709618731097,0.0029869241539028407,0.005316691294882922,0.004056814395339236,0.0037125862776150303,0.002505242880693941,0.0046273798019319965,0.0024517926987425095,0.0027985964237634687,0.002022508539589809,0.0026096870378556195,0.0029179334360964495,0.004656687967688288,0.003376857957523774,0.003185101240499748,0.0020848876095678867,0.0037078045399064944,0.00519436078457412,0.011887380201472281,0.003479909339424161,0.0023065474565060174,0.0027965027444587674,0.005544217177759745,0.0028353626585479966,0.002869429677126757,0.002609833262321923,0.0038596242743251757,0.002441639128773781,0.0029606001020207433,0.0010489423555690787,0.0034731743009198054,0.0031239890692151204,0.009716800238176192,0.0021723651511986342,0.0027457642735005307,0.008103179578955082,0.007254282670237547,0.00290559022419449,0.0028535110937506995,0.0017811776992462764,0.0032552967980518143,0.005751792604058965,0.0032893580845318104
3814,0.004424977043943376,0.0034166192591903676,0.005170406718307274,0.005772467779841496,0.0031815028759636394,0.003997031399872508,0.006133278699063308,0.002749549611362595,0.002781316616718378,0.004402025694840521,0.001614418949837938,0.0025061603757801747,0.0059723302861476625,0.0018555398632379495,0.003270288482258938,0.0035556296470255354,0.003199121159486262,0.0032561881777828186,0.0016504285349842173,0.0046766651197225105,0.002687610661099631,0.0019814375503443013,0.006682401491843143,0.003222153158527727,0.0010300553311199997,0.00255971198297951,0.003960332295849132,0.0018188384174895298,0.004346032412317286,0.0031902694329104856,0.007818005146578903,0.010207944451984072,0.012530022103923648,0.0017477623439343874,0.002223741541134434,0.0007878229129326176,0.0017748515433523078,0.001862880802688488,0.0022529752066051795,0.0022916396850867363,0.0023069252722417305,0.0019304825351743294,0.001910796065031375,0.0042960656999006626,0.0029109708575867014,0.002613446481916763,0.003358017983675246,0.0027864477153721466,0.002662529778579119,0.0033283284302974988,0.002995150161327977,0.0015646331167531525,0.0023353655343971284,0.007039082302915975,0.007341239494023408,0.0020001986992706504,0.004504840732645556,0.0023454084184928708,0.0023128732977044657,0.002709102890029789,0.003090764222475849,0.005316691294882922,0.0028942507331418065,0.003998694395315593,0.002756172045489598,0.004837845283187257,0.0024959745040242665,0.002293544212327894,0.0020769124166314804,0.0026385416725590335,0.003351763642121579,0.0050051814927026305,0.0037208293249055852,0.003260792784102029,0.0019494067649925143,0.0034861808534368322,0.005577037408285536,0.0118858750715294,0.003571578832338203,0.0024188569536564395,0.0029228360609159553,0.005277072211444945,0.0029628152728115513,0.002504092979223712,0.0025541769194209986,0.004031373787005425,0.002696296538024113,0.003053378688625138,0.0009142797440250807,0.003303141268950626,0.0032352029248890707,0.009726821599216154,0.0019376878077951108,0.0026854499372403647,0.010542540236869022,0.0072016078290888606,0.0024071160884310302,0.002904490208393887,0.0018758427805998165,0.002789607796248177,0.0056626240211963205,0.0031305112549005914
3815,0.0042808233166291,0.0037292239942058087,0.004935818612500394,0.008602949338830294,0.0027281675473662653,0.006757336401910844,0.006176269520160847,0.0029547790381805003,0.003155681637593093,0.0047569823710703245,0.002963120585127688,0.0034899307002393956,0.0056572866516876215,0.0024798855749507006,0.004030069294491408,0.004706189323886402,0.003144665036909571,0.0039808821620379905,0.001741477126983083,0.005795764868928171,0.0034067162729732757,0.0017741705469654337,0.006020293650553679,0.002242934684472934,0.0011482654531083,0.003323819130630572,0.0038552566900645338,0.0017985119415429554,0.004746466567595535,0.0024905089430266817,0.008230173310801484,0.009444192967654448,0.013121148098841361,0.0017721187819309757,0.0027727062914125206,0.0008983075035867903,0.0025029077945440087,0.0018839783346475205,0.0026407058428540935,0.003195316234964052,0.002273413394859195,0.002330678610709695,0.0020370341708005465,0.0048428961767449505,0.0030710822035655227,0.0024251037719869714,0.0032251762632635964,0.003296175221789657,0.00266649770891992,0.00400933684981896,0.003145958149139982,0.001970405690134473,0.002023881126055881,0.006778335471196798,0.007390210589272848,0.002016627472149187,0.004920278170932952,0.002867223006220522,0.0027226313971854734,0.002337549217324648,0.0041892631247606865,0.005210116623167155,0.0038270811360048918,0.0044040713169807896,0.0031753781868125172,0.004276559317761984,0.002664632832380275,0.002277190251294182,0.0021386823640153017,0.002050153661524529,0.0037560112486773466,0.004218576564251555,0.004445603877212672,0.0037255392939089167,0.002296033223476606,0.00430838808269807,0.005624264723646236,0.011896080402793476,0.003703842667678087,0.0024798905539618293,0.0035963155687896687,0.0051185760220708665,0.003020057632857677,0.0028178693528866073,0.002753227712914439,0.004307503690801785,0.0028745809852302262,0.003266487303308085,0.001355373191976937,0.004740302597903738,0.003602688359670748,0.010700922406546543,0.00235639611660749,0.003780196436900237,0.008611063740308775,0.0072011467385097935,0.00201690899470445,0.0035419878723387693,0.001945658886589732,0.002859452939221442,0.005692703026382166,0.004027909780490384
3816,0.0044083738665389735,0.0034268220346091484,0.004775255475769663,0.0069714729897466885,0.0027894534316874574,0.006485721227467956,0.005690264118062,0.00279909699428621,0.0030156437524273805,0.005356171539336281,0.0033008427022695724,0.003350554195127761,0.0056572866516876215,0.002493141544416275,0.0031508491880474195,0.004848952384463978,0.0032434910338352933,0.003778554700285497,0.00171391424828414,0.006331902919380227,0.0024764785394116246,0.0018013442614727903,0.005314813844054746,0.0032087642854883155,0.0011202104274536267,0.0032342642618920217,0.003984975054209651,0.001701854173346228,0.004831949317742484,0.0030731811888764643,0.007985826686170481,0.009444192967654448,0.013021335019370894,0.0017851983675509424,0.002562027481228852,0.0009012365392749359,0.003675041184882896,0.001965156932144151,0.002552111257612739,0.003175075876751346,0.0023765609161979016,0.0025114667209697682,0.0020439130168404666,0.004789213036426431,0.0029867897998560673,0.002975023066067009,0.003543344815092653,0.005872727833479934,0.0028672808436181556,0.003409320494112842,0.0031654616723706674,0.0019773046552008,0.0024902084181396555,0.0068761824610382195,0.007130140082610241,0.0019642412608705862,0.004956616798160832,0.0026131843673390795,0.0028133214412378337,0.002477169323012553,0.004314808563546695,0.00515926641272811,0.004013580747294864,0.004809910389161804,0.004475467569381627,0.004593719883900481,0.002717906823134331,0.002173355859122795,0.0021734926465092354,0.003051373317648548,0.0038148128781401343,0.004453602692462704,0.0035359259494180876,0.00371510241138567,0.002324694370840532,0.006107027855831788,0.005776168946420549,0.011454715861049696,0.0037642670002255526,0.0025413254522422828,0.003748971920607888,0.005259191089381517,0.00310242131737433,0.00286099808656926,0.002705285906008985,0.00429851781389363,0.0030880233271644306,0.0028936536892977,0.0013980744200642564,0.004297832420553184,0.003363343366909224,0.010847303612324874,0.001985514092729276,0.0036050332930070562,0.008036565600876455,0.007292845110145379,0.002385727337616409,0.00364505399619443,0.002142169478526707,0.0034180997194113607,0.005549742455288262,0.004771249536249565
3817,0.004468601752743716,0.003602941227305675,0.004770520110054062,0.0065324419922235385,0.002684580552129218,0.004540114666774156,0.005613981267992384,0.003047294515297584,0.0033243204468938687,0.005176689989251089,0.003089979370076582,0.0034958598061364332,0.0056572866516876215,0.002228306693909028,0.003703876438449933,0.004830773134991282,0.0028781736766060866,0.0038310373551949492,0.0018171230405140686,0.006393906482657538,0.002444409908753381,0.0022810696024602147,0.0059498649583464725,0.0029614470289840013,0.001135787734603971,0.0035150032531104628,0.003935285737772659,0.0019227555496415557,0.005031362717382826,0.002870485889319248,0.007902834889179736,0.009337546246878756,0.01294916967687366,0.001687589894802135,0.0022688133241881396,0.0008955311909634123,0.003020435912982819,0.0019096305732004251,0.002628770730844403,0.0031486960892911386,0.00221132084288731,0.002297237181981043,0.002186633186127981,0.004747938539475827,0.0030901508518633054,0.0026572093983927726,0.00354780624980737,0.004099228583965369,0.0030781540881660617,0.004573909959635497,0.002759522811557257,0.0017551660603618486,0.002342011425898724,0.006853396406318486,0.007493054534851114,0.0019688242786524385,0.005143556240600413,0.002673153383561871,0.0028742746519706615,0.002523186465633385,0.004554044292541213,0.005245916868737217,0.004117596720659552,0.004746281691757361,0.004662429470149984,0.004716020537638927,0.0028766344215913663,0.0023573266577944204,0.002201561165875853,0.0035376725862487734,0.004547740790361105,0.004413667779845508,0.0036116866287089025,0.003910253218504557,0.0022890560061703275,0.006683937005150671,0.005705698837960154,0.011586260774594046,0.0037390783227756468,0.0026778370214613633,0.003969153181624902,0.0045967567899649715,0.00292646072262364,0.0028893921976403812,0.0031931145271528764,0.004328962004433609,0.0033897707850906425,0.0035465672772979377,0.0011908397749240832,0.004261347504578915,0.003261353263361881,0.010884300259595178,0.00216649627686635,0.003893535137238242,0.009983201766817749,0.007274039447037999,0.002306799336318282,0.003706118225077384,0.0022066514354470994,0.003211106190093743,0.005712148002877864,0.0037148471536501784
3818,0.004931991387505744,0.0038945075991051376,0.004800570656025946,0.008462539024735094,0.00295419499476491,0.004480397150491644,0.005665672020544202,0.0029194454333484926,0.0034397481928933864,0.005514494579948681,0.00319836971153022,0.0027910555338343736,0.0057009448812962975,0.0024662463136097394,0.0034386222360401927,0.004300387153132647,0.0027675319376036286,0.0038566205138585445,0.0018756146027584587,0.00577149638900925,0.0026462733467804904,0.002373971997612893,0.006394745536707436,0.0023042794271406456,0.0011440820665672283,0.003049760677956398,0.004003947220818801,0.002065254185511633,0.005036582324576116,0.003007038731992734,0.007902458833397477,0.009361808029455809,0.01314340746487863,0.0017458128741351987,0.0026589216607456915,0.0008749357066551613,0.0026189218064977147,0.0020665880121378227,0.0020284483550632843,0.003177211269455028,0.002115787609197329,0.002306150238287368,0.0018413996303201035,0.0047805556620803685,0.003163782699367473,0.002742334818032291,0.0035020745879456657,0.003616665783979571,0.003117281459423854,0.0037939489888849627,0.0029249650316023174,0.001697894460343386,0.0021576462253800814,0.006864204589292862,0.0074858478881303465,0.0020291420969710213,0.005052797232151517,0.002615784936014439,0.002697816025307137,0.0025254108382139493,0.00468089041812865,0.005479102995672027,0.0043057855525539925,0.00486891462765063,0.004717412700835257,0.0038260031595210874,0.0026401675025379155,0.0025366572348727297,0.0022538993597010894,0.003732689775048967,0.004044173097436215,0.004596073838689298,0.004573739176105258,0.00401235472014493,0.0022657111292280156,0.005597035877224378,0.0053988591601841825,0.013253653544634845,0.003731061225152078,0.0027152144121532175,0.0035447346784410138,0.004419756776611782,0.0030870482569762526,0.002605979931859416,0.0028791185205327132,0.004399592831197843,0.003115353064703919,0.003560371127854991,0.0012414390144818964,0.00438463776198255,0.002766738478935802,0.010142288372695454,0.0019978055494610973,0.0036747011337675494,0.008027767000362106,0.0072520345754909735,0.002279530011726497,0.0037424782620457107,0.0020759554077320907,0.0028727391419913523,0.005530174483442172,0.004137750946028719
3819,0.004516756278469469,0.004022089713967619,0.004997111649471158,0.007029467506367866,0.002965162890619558,0.00466348287969921,0.0060830006534409835,0.0026428397765981115,0.0031806746823835677,0.004856613000384746,0.002136736643269478,0.002624995617143338,0.0057009448812962975,0.0023590166187414463,0.003809986168138805,0.0036564035429456033,0.0032512483331888055,0.003695540167371045,0.0016607147522091966,0.005088512121354731,0.0039546058225790786,0.0022004171007931075,0.006346041678884141,0.002321714604444115,0.0012012200301752408,0.003760131864228857,0.004173909638978645,0.0019155507539666227,0.004730035161357793,0.002713670634341438,0.007305291753535848,0.009489925779416188,0.01339856096729572,0.0018280320975572382,0.0026385192436358725,0.0008084786082322408,0.0025980184517866004,0.0019941254648785526,0.002271516391805815,0.003305372348213706,0.002149803647606227,0.002242215669413618,0.0017755956179409662,0.004747911727228959,0.0031182931054591916,0.002728886850443688,0.0033223860985542035,0.003041116367320822,0.0035449554748978496,0.004348056053774827,0.0024308837302749117,0.0019567585224966144,0.0022895852587587213,0.006847503845933737,0.007551631116206583,0.001991698230788587,0.00512538285978604,0.0029240164374714807,0.002592971352991078,0.0025465366917661577,0.004672712668036973,0.005325514951324974,0.003216609604283158,0.005356164111492071,0.004727184357926874,0.0037808717625368964,0.0026146813336773564,0.002741482801999788,0.0022389747905976827,0.0022452561601267297,0.0038026844619442244,0.004509569811907767,0.0038517957802268934,0.003801767235878121,0.002368171598393695,0.0053839721260252865,0.006323929221540518,0.013168686021310654,0.0037590602932339756,0.0026735988789012306,0.0040597982911745965,0.004853604785705802,0.002884272641560295,0.0027307265285059917,0.003216253077647223,0.004334614213975427,0.0033799009649409786,0.003545541007205378,0.0018098427167477895,0.004487399895993196,0.002883419816655317,0.009989917330101487,0.002166341758029981,0.003938662716240226,0.007888080787433745,0.007327244075986876,0.002182494200472786,0.003506278286813191,0.001961838638515251,0.0025316117255723444,0.005644736935729082,0.004433430952366137
3820,0.004610185635074008,0.004485755406260478,0.005174382088658279,0.005593988398291307,0.0034463863575267613,0.004559833715649265,0.005679355531674631,0.0028692127275132574,0.0033242807933681843,0.005844502089476286,0.0023580178917334818,0.0037981617129031215,0.006245915526948125,0.002996088001399805,0.0038279726693518494,0.0035263770755050113,0.003222561340060828,0.004123335726558818,0.0017364481399304262,0.0045858130086831985,0.0035927341346201325,0.0019180374674596338,0.007423504962339376,0.003038512382044633,0.0013066828296854733,0.003121896668820454,0.004227657132531754,0.002037377276005134,0.0043861577219619415,0.002904878159607331,0.008201413701166987,0.01067950176849154,0.013139205647860546,0.0017940494745376837,0.0032350345930543148,0.000995125996595355,0.0025636555207054225,0.001994001105867162,0.0023421578858834496,0.00384499025401459,0.002136639892789947,0.002568486204902683,0.001896966380247683,0.005337626749449565,0.002976556815768522,0.0037538161115282702,0.003134019636101013,0.0029329078534830527,0.002571535794481947,0.0042130033042938825,0.0031588237420920144,0.001605017011409925,0.002542654934167289,0.007459359008632219,0.00961578602019865,0.002034834995673771,0.004592488916299778,0.002827854222809495,0.003334358011463797,0.002994427024158556,0.005255213477531589,0.0054936304836252815,0.004135902686919297,0.004031568865134948,0.005099374926372821,0.0040035250877978506,0.002808544254005779,0.0025112615461278884,0.0021463272435974993,0.0025578898302412363,0.005053819356181204,0.004707482559169343,0.003687953406220343,0.004841444982691234,0.0028981575779660077,0.00564567511061888,0.005262921583378824,0.01337891356001308,0.003758125564191898,0.003257356258258342,0.0033648181088645514,0.0053922653952241115,0.00305941381367562,0.0030261165757058013,0.0031239917273458134,0.004201811907613182,0.003494322428880311,0.0032651242168792822,0.0016632635929394223,0.005071001378244057,0.003053978423522308,0.010096068049786048,0.0024683072774103567,0.0037026673440264794,0.00820191254266488,0.007477059290659229,0.002176837407427956,0.003654097384387801,0.0021985438170487367,0.0026191885285122094,0.00578566199290867,0.00459735972670728
3821,0.004755782118583177,0.004839797775942534,0.005122784891586254,0.005730777204135073,0.003129744592845678,0.0041723719618210545,0.005857111290477972,0.002973288824515946,0.0037277621926587613,0.006066189024479793,0.0020310569301631286,0.003813100417706749,0.006245915526948125,0.00243392069209968,0.005219023137988081,0.004296999287821557,0.003542028290915254,0.004370557393676644,0.00196186385760096,0.00442719496895368,0.004994587239057355,0.0019599854359480828,0.006911617521862183,0.0022275138451064895,0.0013146210525851725,0.003070864024241729,0.005164853815346196,0.0020879482836220556,0.004584940603367168,0.0029534136769334683,0.008407258015240289,0.01066657831501299,0.01312387122157395,0.0018096712000064904,0.0028336106600655867,0.0010679895337165303,0.0022213064287986786,0.0020496514056294645,0.00203334303575208,0.003680934443691914,0.0022899194684902952,0.002325806745005128,0.0021252982730352956,0.004892762861939093,0.0029835058104532184,0.00382059937597738,0.003200466215878998,0.002963354016876084,0.002881853950197173,0.003627130412726547,0.002913342733575517,0.0017264278178665978,0.0029808875098405823,0.007534315485429672,0.009574067332214758,0.0020139821875930393,0.005000835871800725,0.002754803769255927,0.0031901589660651196,0.003036833951951036,0.0049234994459110846,0.005430757391838236,0.004413182255372329,0.0036903843464274524,0.0037424070900786907,0.004791616075148862,0.0030104902381262815,0.0025429555128790486,0.002188007262888041,0.0026077783803623526,0.005519815811080581,0.0039012886026106473,0.003661296186227982,0.004552505080868743,0.0027633330363732323,0.0041020339260655955,0.005665930791535923,0.014040872097451883,0.0037976109473999405,0.0023196759359301036,0.0034366920878180535,0.004608168729633951,0.003211168898077566,0.002610410942746891,0.0031190626652354675,0.004231926469213139,0.0035246251801354083,0.00359322628291385,0.0015852169851285503,0.00489779947046048,0.0029275221047456975,0.010362289111178985,0.002456853388318188,0.004311035326126548,0.00864729530688087,0.007478584016254213,0.0023816327621793807,0.003060580073999524,0.00216276060522018,0.0027682200235496215,0.005820573307420741,0.004163014909443216
3822,0.0049233035344354486,0.004678232891191553,0.005112684157683052,0.005774594051058125,0.003186668100664838,0.004829814586250278,0.00570428425837112,0.0028419019040372153,0.003699757909030218,0.005474889060753989,0.0019880693536410052,0.002984621888970656,0.006245915526948125,0.0026321856293503006,0.0033140313556775784,0.0041577830204365136,0.0033588422506481454,0.004242097328457402,0.0017149024832387953,0.005077572818968837,0.004271638741701758,0.0018013402544575397,0.007047682936159754,0.0029955578110921837,0.0013143353907440506,0.0031273536573403495,0.005188617600293199,0.003548565431185926,0.004385212086445198,0.003035499997301398,0.008235237943195278,0.010712571183073534,0.013566488454869277,0.0020002857213672863,0.003405985810946359,0.0009772161106395589,0.002338263102061087,0.0019128219543068333,0.0027217837432131956,0.003681548824697169,0.0023907707893444535,0.0025084456337664033,0.0019248554015805577,0.00474498808397051,0.0029454856914322126,0.003706385474838341,0.002984724132782695,0.0038346200718039477,0.002857618330799249,0.0036603155573799832,0.00300067357404599,0.001541543795581262,0.002526619868692417,0.007519165291082687,0.009479202564008074,0.0020009729629058546,0.004427217327141619,0.002780477058474763,0.002984747036128806,0.00299767400746259,0.005229210525398858,0.005459046860934231,0.003788743263429607,0.004696293707439307,0.004263928914019694,0.003971310265657668,0.003073863588299182,0.0025152605379339063,0.0021469508762635902,0.0023984434460886206,0.005016069665809162,0.004628405183052092,0.003865148298219612,0.003906759384559458,0.00301642953317482,0.005587632021775031,0.005046955646324573,0.013494305251413541,0.00362702298971594,0.002519212890047952,0.0031217521229859775,0.004450203348805908,0.003058463519841824,0.003014291172185732,0.0030621615402586823,0.004261397411273064,0.003426718619651283,0.003661285304534199,0.0013046404773658779,0.004631632837967006,0.003413046518846442,0.010123153374578338,0.002775944683706019,0.003722088826574662,0.008442381381596422,0.00740041858208773,0.0022253035944288795,0.0031969847960501944,0.002326982608527326,0.002856831958508057,0.0058475034381736775,0.004372778599094915
3823,0.004451743338318004,0.00503567801609741,0.005061220979085915,0.008372234918970893,0.003122373330292002,0.0044637291679775854,0.005200769948457831,0.0028580821670709305,0.002877711426941021,0.005107426864853075,0.0018713063789352878,0.002977350941239556,0.006245915526948125,0.002475284172118159,0.0045771127574798,0.004045013228159742,0.004953522898609283,0.004470464936663999,0.0017498079603073518,0.004288292675671098,0.004488536118860214,0.0019330711737138141,0.007049868207477313,0.003130678138318691,0.0012829439343529114,0.0031404038803207347,0.0051390439125430995,0.0034359604197642065,0.004644242361276802,0.002826425161620008,0.008220695796371276,0.01053359346456226,0.01311303996500619,0.0019421639204495178,0.0032009807291384193,0.0010855486527500803,0.0023585147587172023,0.002079105945172912,0.002527540992341684,0.003683213555582676,0.002329345130190979,0.0025193455709965114,0.0021906525068986784,0.0049446093527121746,0.0029771104804844272,0.003274811087236972,0.003338717048359767,0.0037135410142552193,0.002825073388206651,0.0037175725551976085,0.002763374674044761,0.0017578768332729604,0.0030758567061413803,0.007490307834642442,0.00968333478264834,0.0020625042373578575,0.004628422972597099,0.0028592838457455606,0.003215943330220429,0.0029979788850264004,0.0055784654282258804,0.005522261767079073,0.003869982452341242,0.003721605523099052,0.003633120827616676,0.004886715151587702,0.003073863588299182,0.0030646870171200263,0.0021821003602437695,0.003017392974939108,0.004646353446252406,0.005438811982509062,0.0038834515007479357,0.004501181854499289,0.0029625168250687786,0.00662068700420487,0.005454645599021087,0.013859769695480981,0.0038037941193589287,0.0033870504179778983,0.0029614838207580743,0.005417365008544381,0.0031018440221973202,0.002926748106859084,0.0030065203956308835,0.004181388899015501,0.003312165583605307,0.003600748977869199,0.001226226152744694,0.004714227471424499,0.0030362040986166077,0.010664448189522226,0.002261979332810125,0.0038226375469225015,0.009461479853317687,0.0074685796298512176,0.002104082074166484,0.0030498477265737695,0.0021181095389368756,0.0030118552638022105,0.005842250033261305,0.004000139358227064
3824,0.005427607360915591,0.0049735981186813105,0.005267860281131862,0.006624179114590055,0.003314364959148556,0.005145022526938397,0.00560433341190331,0.002939450415929336,0.002758953012270185,0.006111669441730433,0.00218578673071624,0.0035425072752897735,0.006219129264789073,0.002455953523165973,0.00508194502704557,0.00415358985600486,0.0033200902862776122,0.004130967408555789,0.0018559282699555722,0.006689523244300971,0.004806791636666853,0.002289863374384942,0.0066627803490548,0.002361746643865915,0.0012982572100752497,0.0028375670511785658,0.004531631949375677,0.0023609370815149706,0.005021118559532705,0.003256667982972107,0.008072591848538892,0.010757767879738544,0.01305367173649825,0.0018560150472808337,0.0034985329508004106,0.0010779280638054426,0.002291141658562942,0.0022025798482885888,0.002225004871524351,0.003794898645731655,0.0024939684131000295,0.002570444942342904,0.002032312160023148,0.004779969280732457,0.0032120834838963363,0.003694960833445956,0.003694713821645537,0.0037325162591065435,0.0038461619587219905,0.003748049856625267,0.0035462665450542823,0.00171594926943761,0.0028005937234198823,0.0075034560760543455,0.009825419201517442,0.002013549400712348,0.004985170446012116,0.002887069628763329,0.002998968564470728,0.0025183443177501435,0.005039762006494964,0.005474323473152231,0.0043845926218528996,0.004611628959229124,0.003461940408945737,0.003846833337241747,0.0028143408944520565,0.002736582804417049,0.0025474786151405988,0.0031045958703098606,0.005995717036217859,0.004846163501190585,0.0038914647880374394,0.003932573907796559,0.002920175228975499,0.005917671534270245,0.005333586277304442,0.013681310493481938,0.0037706071987054193,0.0025554463978018373,0.003977744092787532,0.004730887002519462,0.003028208774107001,0.0030386324685895572,0.0036311441153768745,0.004261397411273064,0.0033211547573488483,0.0033925572864337374,0.001297102712858067,0.0049655199170063275,0.0033336040556762323,0.010217091385155084,0.002371991851257229,0.004043246238917715,0.008318756985462571,0.007163167451474753,0.00229753838786423,0.003078765809571597,0.0021580156680862375,0.0028035632121349405,0.0058325108868750785,0.004191807110161281
3825,0.005143756913907533,0.00491646424662655,0.005409066366271871,0.0059112767331785665,0.0034127047014181782,0.005552650793108115,0.005521713604863357,0.002942938855891206,0.0024250884378671173,0.005379685102570755,0.002043130580868191,0.003029147106537919,0.0062404931833123746,0.0024931143812544822,0.004373712270323328,0.0039988870369703465,0.002953336572197839,0.004062623553827417,0.0016002994747656184,0.005649097075772074,0.003424136917333081,0.002226537361032536,0.006961099004936311,0.002327965142638764,0.0012643364661980069,0.0027127194703722136,0.004707226819163482,0.0024132558251699354,0.005022559700286299,0.0033138096540284287,0.00759682997833957,0.010601167812370993,0.013005547528291006,0.0018544025011544504,0.003091362169794219,0.001001869348823232,0.0023937204867362973,0.0019950910823123467,0.0022247884973577237,0.003822499631621213,0.0023978545444172626,0.0025687510343930246,0.002139440127352927,0.004635510695810536,0.002772113267078968,0.003671612200278602,0.00327950853060972,0.002914970946827308,0.0023461887468318554,0.00312698734769361,0.002776253995661638,0.0015026664860517958,0.002497978377933378,0.007474159560266656,0.00967201682674801,0.0020299954561184136,0.004632098960559301,0.0029813233947263247,0.002925736683164196,0.002681190272802398,0.004787944839411124,0.005491772654261858,0.004452320979498296,0.0040536395037454615,0.002502547239710316,0.004184647498978385,0.002777797738010854,0.002920387513608996,0.002196613253926203,0.002669064656254154,0.005115092573026719,0.004214502070219974,0.0036275363732059442,0.0038627937560653585,0.0027981466924179984,0.005408553906669664,0.005698930109800918,0.014069010311090585,0.0036661387359254814,0.0024825364659601702,0.0033917365205692737,0.005674768775711047,0.003155853331264749,0.003148702264091822,0.0028755000897983823,0.004044040074896541,0.003012423724449205,0.0035537832894811266,0.001585511887313392,0.004690428270320584,0.003114744419886577,0.010346945689468654,0.0022568669694557975,0.003702505275777851,0.008650501752829675,0.00706723881890711,0.002341940426516371,0.0028065289997753827,0.0022453950724951053,0.002782072873581738,0.0058004691901729485,0.004393675485861227
3826,0.005813970350111449,0.0049392167011087125,0.005327451230760812,0.006239853382899099,0.003265338020083366,0.007163483943074612,0.006398557279214668,0.0029835214684523965,0.0024776399363370355,0.005420747408074848,0.0021145209945549652,0.002994865540952827,0.0062404931833123746,0.002430836688737147,0.004358549116530333,0.004413153820368771,0.004516879011533808,0.0040906217554487175,0.0016816121908255297,0.005975578397382537,0.004446610621973606,0.0023772611675174646,0.0070962477652990715,0.0023362133102098445,0.001311853315776657,0.0032675768677429863,0.004309448814149632,0.002348738760164385,0.005034112209525605,0.003155558849940761,0.008128276368144538,0.01077401521442611,0.013086435395169039,0.0019684116643044177,0.003613187310939007,0.0010617276269040284,0.0022373974968487816,0.001954386963003885,0.0024607321136964526,0.003681682760393402,0.0025092231932231164,0.002478920721383102,0.0020433658852879264,0.005044978296329972,0.002841364820276409,0.0028112608903232846,0.004046332814223948,0.0033359074285682355,0.0026759131456052,0.004340707063004773,0.002683103971063916,0.0023300124918824005,0.0023975629807169194,0.007510753854352503,0.009590138465696623,0.00203596141756847,0.005039209541469934,0.0028595439000898273,0.0033288603345512074,0.002617713425663916,0.006539565563170453,0.005439468465262446,0.004270940410624749,0.004283525884454575,0.003914758407354448,0.004720826614876948,0.002714187669026838,0.0026842806997134767,0.0022079774380637427,0.003140691017923983,0.00531775602959024,0.00433468427958195,0.0036469238923171484,0.004276289067738571,0.002729491113947386,0.006341354940027526,0.006118494477223633,0.014238272494323714,0.003717852158696685,0.003430701852762941,0.0037520778555468213,0.004467324827289706,0.0029208405407713314,0.003004538197669357,0.0031496644235889976,0.004037243222666103,0.003096241188748824,0.0036031164139494554,0.0015819390337914127,0.004566728922242181,0.003199457171789672,0.010532022500768375,0.002038350842297418,0.003991256771922181,0.009304946205098872,0.007182910788453563,0.0025690916432189103,0.003165819471035724,0.0022107281358636024,0.0028035540040423014,0.0056875701295159295,0.004437472278402498
3827,0.0054232562055338066,0.00491646424662655,0.00527736289450135,0.006160986162070605,0.00346353817515923,0.006647075196522798,0.005641444608943278,0.0030833381344953182,0.002516516887591523,0.005705117487816539,0.0020944280637726583,0.0028421361208116874,0.0062404931833123746,0.00252101898025401,0.0045103346256496965,0.004154985240625509,0.003114933249604573,0.00432066344588648,0.0017140111283055306,0.005881130653532259,0.003311439158798908,0.002058867984155112,0.006555141711957914,0.002260832723086039,0.0012914241793472827,0.003066903358890838,0.004576803992931056,0.0023023497782052845,0.005166510541283249,0.0028549811087272385,0.008156154194813256,0.010801800343228106,0.013587220675870497,0.0020005580459336557,0.003599904233833567,0.0011176733110324585,0.0021478339313113753,0.0018011686614879737,0.0023588664822857563,0.003785572703766277,0.0024686710224495374,0.0026048762880008913,0.002482812296483491,0.004824452232506865,0.0029666030089592504,0.002786028366104551,0.003704008904308256,0.0032848135999642165,0.0034007974003111116,0.003487999815909489,0.003317833315555421,0.0017167932236847637,0.002449521808527383,0.007031938436588781,0.009638630411028387,0.0019479058050604103,0.00501147825116065,0.002854599041000011,0.003365293691997416,0.0025459323198020983,0.0047423877026535385,0.005472422626659022,0.004057291224402235,0.004444456747269801,0.003047197798233104,0.005194958490479098,0.00271762697427944,0.0029439084942178384,0.0023372107273263855,0.002991180612542217,0.005098173747566117,0.005262107455351274,0.00406063589369333,0.0040683722623134095,0.002952465955155856,0.0055202666247319895,0.005618104457138729,0.014161181512304418,0.0037421703137161177,0.0026595730223010613,0.003724303603427694,0.004516541630479043,0.0029646558697732734,0.0034203804367772092,0.0030736177814776845,0.004114351923294123,0.003353926833212887,0.0035378156576043726,0.0011962484574066985,0.004799256272859536,0.0032144780565427087,0.010818918321683253,0.0021478358221055567,0.0037243719853424636,0.008207110052850753,0.007438515161530696,0.002935077117052002,0.0033893103038202207,0.002238190981058815,0.00266894017031186,0.005641491334333892,0.0043861116703065375
3828,0.005729547114601705,0.005048686849788488,0.00523616467714866,0.005687035943098279,0.0031411451884603876,0.005294664883043544,0.0060879288471038595,0.0027839309614890316,0.0026442613965260574,0.005837440459565183,0.002092579089415414,0.002969980961276359,0.0062404931833123746,0.002606822029205239,0.00413836465357443,0.004357000310506962,0.0036039669069985922,0.004316945668463229,0.0019750481154778383,0.005248981533555792,0.0041208780336949484,0.0019118869974012209,0.006609895426093162,0.0029780102079484654,0.0012243450075037075,0.0025046494033203544,0.005123208069529549,0.002367233158869461,0.005020120653682538,0.002574342924288088,0.007762246547115879,0.01093152627382395,0.013334540065188909,0.0019362305035593177,0.003338401776104807,0.000995451855764429,0.0027653407539113386,0.0019120400599797074,0.00223587433522404,0.0038510080703883934,0.0023503936795138685,0.0025519296923626113,0.00219521670609341,0.004757183999239873,0.002930459016496765,0.0031417727805029302,0.0031808525641171563,0.003369988348563161,0.002627835209501413,0.0035816226788531382,0.0032273346962579646,0.0016844974974322528,0.0024630854480041887,0.007152509415437543,0.009558319452044238,0.0019397070376556708,0.004620079733975279,0.0028539098758104263,0.0028423022364787707,0.0027102498402572406,0.004567009656712775,0.005530408244511196,0.0039980730612242605,0.004269418622915362,0.0027301590602867775,0.003838230445837017,0.002774357583919118,0.002520911195730881,0.0023530386333017648,0.0031294813490721487,0.005531858111367496,0.005067725060267065,0.003598578451242729,0.004235297290852709,0.002956705091685235,0.004411723232778388,0.005554935013936834,0.014662571013405469,0.0037644875638449676,0.0032332944874493346,0.0038532744819848867,0.004883799497782808,0.002986899816539661,0.0032236657975736934,0.0028700324155218806,0.004233777877708033,0.003972977435684135,0.003912130373073399,0.0014370598444006734,0.005046040473023676,0.0032720927966554524,0.010113108001979062,0.002398914486290653,0.004031368547218676,0.008471254857536688,0.007110307737710796,0.0024105047476118443,0.0036318374815531114,0.0021510211063341055,0.0029414648806547665,0.005780878506790014,0.0038918381721820385
3829,0.005633254175399279,0.004917530110115896,0.005322252789946924,0.006491791241298078,0.0031971410829396644,0.005460856534348843,0.00710304910762175,0.0027883356290974203,0.002825409725633195,0.004767791713941976,0.0019385340744504994,0.0032638305725025494,0.00616552949474968,0.002544109000487987,0.003879580076189254,0.004483153132968999,0.0035071656518306875,0.004299277093389242,0.0021480478933909846,0.00552986973451573,0.004997321414509665,0.0020183861905097287,0.007148325259783569,0.0030911671090050386,0.001274683233847034,0.00275225473966528,0.0060007413672937965,0.0035789598887557826,0.004969808028356366,0.0028017149541666457,0.008182394319096353,0.010862598875528004,0.013741208011165063,0.0017319187881031921,0.0033535208885684285,0.0010867756272945398,0.0027599593574400595,0.0019596280876658465,0.002336490054618617,0.0038342912990730104,0.002452999288516932,0.0025817581054312583,0.0022592777090662984,0.004810570347152097,0.0028476482466353262,0.0031177023279641857,0.003665463967041954,0.004588339713595781,0.003376709112259851,0.0036674343002294253,0.003268456634009052,0.0014770684868603038,0.002561169869474432,0.007291063336616444,0.009621109757724577,0.002020376813955903,0.004857277561426152,0.0031882449920492585,0.0028239348732740375,0.0026563696341908713,0.005358933771434301,0.00559577344597691,0.0040313994785890605,0.004159852842938714,0.0030355938358555554,0.003713955502595872,0.0027585247990617396,0.002578502695617509,0.0022536236580325978,0.003243369275398217,0.005914988852158052,0.0052571780266846046,0.004107923233222813,0.004088617299991225,0.0026822939075341543,0.004180482894160722,0.005769289002369493,0.014196954029730235,0.0038196651442251026,0.0029515392529325776,0.003174666528897432,0.004161246217210758,0.0029779618037288993,0.003080999626963902,0.002881122234001853,0.004050139977897779,0.00394789434362005,0.003420083088615773,0.0013804752987188547,0.004592159004984449,0.0029658696262229466,0.009953372003563329,0.002276789071340536,0.0036847183544388784,0.008648032632160442,0.007315285652162821,0.002341777199147489,0.0038794632960979635,0.0022634757890389275,0.003911342978136461,0.005650036222625956,0.0036797312996477275
